county_fips,pct_baplus1940,pct_baplus2024,state,county,rank_1940,rank_2024,rank_change
48301,6.329113924,0,Texas,Loving,2934,1,-2933
48389,6.112531969,7.397991611,Texas,Reeves,2920,8,-2912
32027,5.995343423,6.148800984,Nevada,Pershing,2910,2,-2908
48103,5.985205111,12.60744986,Texas,Crane,2908,157,-2751
48461,5.197594502,8.705457826,Texas,Upton,2765,17,-2748
48383,6.402164112,13.59223301,Texas,Reagan,2942,238,-2704
48117,5.266477452,11.43443387,Texas,Deaf Smith,2780,82,-2698
48341,5.527406725,12.29559748,Texas,Moore,2829,135,-2694
32033,5.476051402,12.35884567,Nevada,White Pine,2822,139,-2683
48105,5.126452495,10.6763285,Texas,Crockett,2738,58,-2680
48495,5.045440301,10.62553556,Texas,Winkler,2720,55,-2665
42023,5.226293103,12.58823529,Pennsylvania,Cameron,2773,156,-2617
32023,5.550811272,13.34889093,Nevada,Nye,2833,219,-2614
16079,5.10607405,12.67774885,Idaho,Shoshone,2732,162,-2570
48475,4.906832298,12.40845654,Texas,Ward,2685,144,-2541
48371,5.17372559,14.06537977,Texas,Pecos,2755,289,-2466
35029,5.283259071,14.58762262,New Mexico,Luna,2786,341,-2445
51670,4.904862579,13.72783423,Virginia,Hopewell city,2684,252,-2432
4015,5.690721649,15.21983759,Arizona,Mohave,2857,426,-2431
20175,4.384724187,11.37121092,Kansas,Seward,2505,79,-2426
6021,5.287994448,15.12134073,California,Glenn,2787,407,-2380
35025,5.141137952,15.53771345,New Mexico,Lea,2744,474,-2270
41055,5.410958904,16.03563474,Oregon,Sherman,2809,543,-2266
48189,4.949792068,15.31437126,Texas,Hale,2700,444,-2256
32021,4.258150366,13.22043969,Nevada,Mineral,2437,210,-2227
45069,3.87172182,8.956257659,South Carolina,Marlboro,2242,23,-2219
6011,5.366666667,16.38843504,California,Colusa,2801,601,-2200
48233,5.704045059,16.77148847,Texas,Hutchinson,2859,665,-2194
48111,3.990812518,11.92810458,Texas,Dallam,2297,108,-2189
6031,4.215406178,13.64481516,California,Kings,2419,244,-2175
4009,4.341289231,14.5789578,Arizona,Graham,2488,340,-2148
45039,4.470232089,15.21910778,South Carolina,Fairfield,2542,425,-2117
6035,4.033633926,13.0857015,California,Lassen,2319,203,-2116
45067,4.218713175,14.46188896,South Carolina,Marion,2420,321,-2099
8025,3.873370577,12.43769823,Colorado,Crowley,2243,146,-2097
48135,5.877352763,17.6312084,Texas,Ector,2891,795,-2096
31105,4.341801386,15.02463054,Nebraska,Kimball,2490,399,-2091
48179,4.823226411,16.22741233,Texas,Gray,2664,577,-2087
48437,4.484173505,15.46901893,Texas,Swisher,2546,465,-2081
12027,3.683716565,10.8029754,Florida,DeSoto,2121,63,-2058
45023,4.065208419,13.98834675,South Carolina,Chester,2335,280,-2055
48375,7.049249975,18.56599616,Texas,Potter,2988,950,-2038
4027,4.91868702,16.77879596,Arizona,Yuma,2690,669,-2021
48165,3.646086534,11.71881625,Texas,Gaines,2091,97,-1994
12051,3.677758319,12.18040687,Florida,Hendry,2117,124,-1993
48003,5.319148936,17.68363087,Texas,Andrews,2794,802,-1992
35005,5.507514063,17.9036179,New Mexico,Chaves,2827,836,-1991
45061,3.611082287,11.57784195,South Carolina,Lee,2068,92,-1976
48353,4.402928002,16.04990484,Texas,Nolan,2512,547,-1965
32007,5.254877281,17.77904005,Nevada,Elko,2778,817,-1961
53001,4.273972603,15.70938517,Washington,Adams,2448,492,-1956
49009,5.118110236,17.61565836,Utah,Daggett,2736,791,-1945
30035,4.469273743,16.46000486,Montana,Glacier,2541,606,-1935
6033,5.138862649,17.82996481,California,Lake,2742,825,-1917
6025,4.290593189,16.06727757,California,Imperial,2463,549,-1914
45005,3.828869315,14.25788169,South Carolina,Allendale,2213,301,-1912
48227,4.178119846,15.68769203,Texas,Howard,2389,488,-1901
16047,4.311454311,16.23898518,Idaho,Gooding,2470,580,-1890
51135,3.755197505,14.07079646,Virginia,Nottoway,2164,290,-1874
45033,3.7109375,13.79217128,South Carolina,Dillon,2133,259,-1874
48323,3.748928877,14.27091657,Texas,Maverick,2161,303,-1858
48229,3.355215171,9.585958596,Texas,Hudspeth,1882,31,-1851
32001,4.782042941,17.69399337,Nevada,Churchill,2653,805,-1848
48025,3.673015088,13.96923945,Texas,Bee,2114,278,-1836
48075,3.427950985,11.84486373,Texas,Childress,1936,103,-1833
40071,5.804387569,19.23755492,Oklahoma,Kay,2882,1053,-1829
35011,3.316749585,9.269893355,New Mexico,De Baca,1853,27,-1826
45059,4.616772771,17.59365543,South Carolina,Laurens,2604,786,-1818
6047,3.892781233,15.33191291,California,Merced,2253,447,-1806
41045,3.83160828,15.18262115,Oregon,Malheur,2216,419,-1797
16063,3.325526932,11.09550562,Idaho,Lincoln,1862,70,-1792
29111,4.316546763,16.84193754,Missouri,Lewis,2472,681,-1791
8011,3.947368421,15.71461879,Colorado,Bent,2278,493,-1785
48095,3.616813294,14.05607477,Texas,Concho,2070,287,-1783
32015,5.642923219,19.27840603,Nevada,Lander,2846,1064,-1782
8087,4.607566347,17.82097603,Colorado,Morgan,2600,822,-1778
40009,3.441156228,12.94564009,Oklahoma,Beckham,1945,185,-1760
20055,5.195297687,18.98806641,Kansas,Finney,2763,1008,-1755
46071,3.369763206,12.43370654,South Dakota,Jackson,1888,145,-1743
16075,4.355400697,17.29809748,Idaho,Payette,2496,754,-1742
45011,3.527768075,13.88829598,South Carolina,Barnwell,2000,266,-1734
12055,7.258702532,20.45971697,Florida,Highlands,3000,1267,-1733
16053,3.537785221,13.98646471,Idaho,Jerome,2012,279,-1733
6029,4.947159662,18.77143704,California,Kern,2699,974,-1725
41025,4.604636393,18.26748822,Oregon,Harney,2597,885,-1712
35031,3.416363099,13.29940892,New Mexico,McKinley,1927,216,-1711
45087,3.652199371,14.97729149,South Carolina,Union,2099,390,-1709
48363,4.436565734,17.81290259,Texas,Palo Pinto,2526,819,-1707
41049,3.178963893,10.11365087,Oregon,Morrow,1751,45,-1706
4007,4.858367656,18.73235949,Arizona,Gila,2669,970,-1699
40133,3.83243607,15.88641596,Oklahoma,Seminole,2218,519,-1699
32019,4.188481675,16.97279137,Nevada,Lyon,2402,706,-1696
12107,3.54754289,14.48697008,Florida,Putnam,2018,325,-1693
48489,3.498985801,14.04946023,Texas,Willacy,1979,286,-1693
51036,4.23991727,17.26111005,Virginia,Charles City,2430,751,-1679
32017,6.041565974,20.36185219,Nevada,Lincoln,2914,1249,-1665
45075,5.143513203,19.37983122,South Carolina,Orangeburg,2745,1085,-1660
40101,4.695358939,18.81858827,Oklahoma,Muskogee,2635,985,-1650
8081,5.108194395,19.37916712,Colorado,Moffat,2734,1084,-1650
48049,5.70823079,20.16896628,Texas,Brown,2862,1219,-1643
6107,3.958777541,16.64221906,California,Tulare,2282,643,-1639
37155,3.507930417,14.68008704,North Carolina,Robeson,1983,347,-1636
48415,3.277027027,12.9991813,Texas,Scurry,1824,192,-1632
53019,3.585500394,15.1925444,Washington,Ferry,2049,421,-1628
48393,5.982905983,20.50816697,Texas,Roberts,2907,1280,-1627
51057,3.89385636,16.58163265,Virginia,Essex,2255,633,-1622
6103,4.917088899,19.29065938,California,Tehama,2688,1067,-1621
16033,5.860805861,20.47713718,Idaho,Clark,2890,1270,-1620
35015,4.895045466,19.30277437,New Mexico,Eddy,2681,1068,-1613
8099,4.84100617,19.25253323,Colorado,Prowers,2667,1058,-1609
41059,4.372294372,18.31412293,Oregon,Umatilla,2502,896,-1606
51017,3.88084176,16.68777707,Virginia,Bath,2246,649,-1597
35023,4.326494202,18.30175913,New Mexico,Hidalgo,2477,892,-1585
35051,3.985507246,17.0212766,New Mexico,Sierra,2295,714,-1581
46017,3.03030303,9.905660377,South Dakota,Buffalo,1617,38,-1579
6039,4.207714143,17.90818237,California,Madera,2414,837,-1577
6115,4.16378202,17.74187551,California,Yuba,2382,811,-1571
37107,3.757504288,16.34849556,North Carolina,Lenoir,2167,597,-1570
48271,3.088235294,11.81533646,Texas,Kinney,1669,101,-1568
22119,3.217653948,13.28251049,Louisiana,Webster Parish,1772,214,-1558
45031,5.016863406,19.86285502,South Carolina,Darlington,2714,1165,-1549
48153,3.416149068,14.9103139,Texas,Floyd,1926,380,-1546
48205,5.705705706,20.72185765,Texas,Hartley,2861,1318,-1543
48413,4.278416347,18.37209302,Texas,Schleicher,2452,911,-1541
16067,3.573721378,15.74583661,Idaho,Minidoka,2038,498,-1540
16029,3.81613183,16.75481278,Idaho,Caribou,2200,661,-1539
45009,4.144874477,17.93761794,South Carolina,Bamberg,2371,839,-1532
40057,3.175578775,13.37772397,Oklahoma,Harmon,1748,220,-1528
13299,3.300551334,14.41017383,Georgia,Ware,1840,317,-1523
18133,5.130241423,20.22242308,Indiana,Putnam,2740,1230,-1510
48001,3.471057047,15.39279888,Texas,Anderson,1963,453,-1510
6099,4.68004263,19.64996741,California,Stanislaus,2631,1129,-1502
48245,4.72659409,19.73465417,Texas,Jefferson,2644,1146,-1498
39027,4.535229664,19.33438986,Ohio,Clinton,2568,1070,-1498
48391,3.22070737,14.01444788,Texas,Refugio,1778,282,-1496
53015,3.963121559,17.61963874,Washington,Cowlitz,2283,792,-1491
48237,3.257207039,14.49886474,Texas,Jack,1815,327,-1488
40019,4.820832406,19.92360769,Oklahoma,Carter,2663,1175,-1488
4011,5.48046203,20.8660182,Arizona,Greenlee,2825,1338,-1487
53017,6.23875225,21.49231698,Washington,Douglas,2930,1448,-1482
37007,2.915937682,9.908961417,North Carolina,Anson,1518,39,-1479
8089,4.075286416,18.16734336,Colorado,Otero,2342,866,-1476
32013,4.446778711,19.25295005,Nevada,Humboldt,2531,1059,-1472
40111,3.935981031,17.68647078,Oklahoma,Okmulgee,2274,803,-1471
53077,4.401098002,19.15087533,Washington,Yakima,2511,1040,-1471
48357,5.267897344,20.69720445,Texas,Ochiltree,2782,1313,-1469
54097,4.068339562,18.16964829,West Virginia,Upshur,2337,869,-1468
46121,3.646237393,16.55643269,South Dakota,Todd,2092,624,-1468
18007,4.678173899,19.84086677,Indiana,Benton,2630,1162,-1468
40055,3.173311635,14.02610699,Oklahoma,Greer,1747,283,-1464
51590,4.585724634,19.63781588,Virginia,Danville city,2591,1127,-1464
49047,3.682170543,16.76878717,Utah,Uintah,2120,664,-1456
37153,3.52740144,16.04168831,North Carolina,Richmond,1998,545,-1453
48163,2.9624446,11.94776562,Texas,Frio,1557,109,-1448
28113,3.374861087,15.34267913,Mississippi,Pike,1893,448,-1445
48169,2.893309222,10.21856372,Texas,Garza,1492,47,-1445
53021,5.470223659,21.08983089,Washington,Franklin,2820,1378,-1442
42053,2.98792117,12.29202037,Pennsylvania,Forest,1576,134,-1442
20033,4.728033473,20.078125,Kansas,Comanche,2645,1203,-1442
32009,5.400372439,21.11731844,Nevada,Esmeralda,2806,1381,-1425
39139,3.900989179,17.89083019,Ohio,Richland,2256,834,-1422
45049,2.941176471,12.065553,South Carolina,Hampton,1540,118,-1422
37091,3.590047393,16.58131987,North Carolina,Hertford,2052,632,-1420
45025,3.074589825,13.61562031,South Carolina,Chesterfield,1659,241,-1418
29007,3.644832175,16.80465034,Missouri,Audrain,2090,674,-1416
37181,3.731957221,17.19472873,North Carolina,Vance,2148,740,-1408
48109,3.393939394,15.76086957,Texas,Culberson,1908,501,-1407
48335,2.888430408,11.49917628,Texas,Mitchell,1484,88,-1396
39101,3.183670361,14.74483451,Ohio,Marion,1753,359,-1394
46041,4.148557882,18.79781421,South Dakota,Dewey,2373,979,-1394
40075,3.579891672,16.7041328,Oklahoma,Kiowa,2044,654,-1390
41037,5.213141461,21.12406195,Oregon,Lake,2770,1385,-1385
20155,4.708718088,20.39952001,Kansas,Reno,2639,1255,-1384
40003,4.570690768,20.10461678,Oklahoma,Alfalfa,2584,1208,-1376
20057,4.88753416,20.67739706,Kansas,Ford,2679,1308,-1371
8075,4.568251199,20.12049788,Colorado,Logan,2582,1212,-1370
20129,3.644444444,17.05979155,Kansas,Morton,2088,720,-1368
45001,4.633131619,20.35024853,South Carolina,Abbeville,2615,1247,-1368
41031,5.18134715,21.16642959,Oregon,Jefferson,2758,1391,-1367
37165,3.536811714,16.64533781,North Carolina,Scotland,2010,644,-1366
40103,3.857967809,18.18544102,Oklahoma,Noble,2236,872,-1364
48409,3.723675581,17.53243935,Texas,San Patricio,2140,778,-1362
48127,2.784940691,9.794007491,Texas,Dimmit,1394,32,-1362
42105,3.837911553,18.15356183,Pennsylvania,Potter,2224,863,-1361
48253,2.877816149,11.99384245,Texas,Jones,1472,113,-1359
48079,2.753368483,8.233815211,Texas,Cochran,1363,11,-1352
48359,5.278174037,21.41732283,Texas,Oldham,2785,1434,-1351
48129,3.491655969,16.55904059,Texas,Donley,1976,626,-1350
54073,3.051851852,14.06449262,West Virginia,Pleasants,1635,288,-1347
37065,3.669168726,17.51225563,North Carolina,Edgecombe,2112,770,-1342
48197,3.536647873,16.80395387,Texas,Hardeman,2009,673,-1336
16077,3.213049926,15.29159352,Idaho,Power,1770,437,-1333
18087,2.803020607,11.5303024,Indiana,LaGrange,1411,90,-1321
27165,3.595824204,17.19745223,Minnesota,Watonwan,2057,743,-1314
19067,3.82884795,18.31967599,Iowa,Floyd,2212,899,-1313
18111,3.172255095,15.2660368,Indiana,Newton,1745,433,-1312
51111,2.790843525,11.60359132,Virginia,Lunenburg,1399,93,-1306
40063,3.292507205,16.0229202,Oklahoma,Hughes,1832,538,-1294
28025,3.585205355,17.30356717,Mississippi,Clay,2048,755,-1293
46035,5.928945836,22.62370032,South Dakota,Davison,2900,1613,-1287
48291,2.778004073,11.85280478,Texas,Liberty,1389,104,-1285
4023,6.734079174,23.14218382,Arizona,Santa Cruz,2971,1687,-1284
19145,4.058800572,19.24167257,Iowa,Page,2332,1054,-1278
48487,3.562030075,17.24925748,Texas,Wilbarger,2027,749,-1278
31013,3.849983405,18.57857046,Nebraska,Box Butte,2229,951,-1278
48083,3.455019557,16.82472778,Texas,Coleman,1954,678,-1276
48369,3.484320557,16.94723211,Texas,Parmer,1974,700,-1274
53025,3.814876824,18.42796557,Washington,Grant,2197,924,-1273
31047,3.605645411,17.60672704,Nebraska,Dawson,2062,789,-1273
18161,3.790005615,18.39471577,Indiana,Union,2185,914,-1271
48005,3.665391055,17.9441267,Texas,Angelina,2110,841,-1269
20047,4.501250347,20.54933876,Kansas,Edwards,2552,1285,-1267
18135,3.0780734,15.05445603,Indiana,Randolph,1664,401,-1263
4017,3.978166343,19.10455565,Arizona,Navajo,2291,1030,-1261
4001,3.36982185,16.56434475,Arizona,Apache,1889,630,-1259
48483,3.481624758,17.01940035,Texas,Wheeler,1971,713,-1258
40107,2.973853479,14.30200152,Oklahoma,Okfuskee,1564,307,-1257
17095,4.631914296,20.97127023,Illinois,Knox,2614,1361,-1253
48247,3.03030303,14.8092745,Texas,Jim Hogg,1617,368,-1249
51005,3.000362582,14.64870241,Virginia,Alleghany,1587,345,-1242
51690,5.248886306,22.05567452,Virginia,Martinsville city,2776,1536,-1240
48279,2.954679223,14.32259651,Texas,Lamb,1549,310,-1239
18121,3.115172956,15.41385865,Indiana,Parke,1694,457,-1237
30003,3.596127248,17.81993054,Montana,Big Horn,2058,821,-1237
39065,4.060849087,19.5186302,Ohio,Hardin,2333,1106,-1227
39077,3.343523118,16.68424224,Ohio,Huron,1874,648,-1226
1131,2.802749868,12.9477773,Alabama,Wilcox,1410,186,-1224
48249,3.251689189,16.31961259,Texas,Jim Wells,1810,591,-1219
30073,4.234338747,20.11065672,Montana,Pondera,2425,1209,-1216
37187,2.993793355,14.82841585,North Carolina,Washington,1579,370,-1209
19063,3.426124197,17.0865781,Iowa,Emmet,1935,726,-1209
48125,3.594351733,18.00158604,Texas,Dickens,2054.5,846,-1208.5
28021,3.610503282,18.13944455,Mississippi,Claiborne,2067,860,-1207
40015,3.144685283,15.81132702,Oklahoma,Caddo,1716,512,-1204
45071,5.792163543,23.08895331,South Carolina,Newberry,2878,1675,-1203
48463,4.107330235,19.7866461,Texas,Uvalde,2355,1154,-1201
28017,2.700767263,12.02442046,Mississippi,Chickasaw,1316,115,-1201
30077,3.91550747,19.25322952,Montana,Powell,2260,1060,-1200
48315,3.09390266,15.59557921,Texas,Marion,1677,478,-1199
18107,4.282009529,20.41832669,Indiana,Montgomery,2455,1257,-1198
49007,3.76744186,18.79333235,Utah,Carbon,2174,978,-1196
48471,4.796942188,21.57004428,Texas,Walker,2658,1464,-1194
35037,3.996655518,19.58877909,New Mexico,Quay,2301,1113,-1188
48435,3.641025641,18.3123097,Texas,Sutton,2082,895,-1187
21019,4.152008686,20.03445658,Kentucky,Boyd,2377,1192,-1185
36017,3.981807643,19.55887606,New York,Chenango,2293,1111,-1182
48273,5.743807932,23.21773203,Texas,Kleberg,2871,1693,-1178
41019,3.882755995,19.30520913,Oregon,Douglas,2247,1069,-1178
19115,3.311359804,16.79267807,Iowa,Louisa,1848,672,-1176
49013,3.650442478,18.47059799,Utah,Duchesne,2098,931,-1167
6071,5.743667438,23.29676792,California,San Bernardino,2870,1704,-1166
40125,4.226657163,20.43938161,Oklahoma,Pottawatomie,2422,1260,-1162
41033,3.994476773,19.69413944,Oregon,Josephine,2299,1137,-1162
39067,2.637149409,11.54069767,Ohio,Harrison,1251,91,-1160
26149,3.308113749,16.92827004,Michigan,St. Joseph,1846,697,-1149
20005,4.736642668,21.82612228,Kansas,Atchison,2646,1501,-1145
18023,3.193898224,16.50458069,Indiana,Clinton,1759,617,-1142
6105,5.068078669,22.40590643,California,Trinity,2724,1582,-1142
20145,3.502984606,17.95994994,Kansas,Pawnee,1981,842,-1139
38085,3.150461706,16.25891947,North Dakota,Sioux,1720,582,-1138
17187,4.7905126,21.97464106,Illinois,Warren,2655,1520,-1135
6101,4.332771851,20.91489231,California,Sutter,2481,1350,-1131
48449,3.139286803,16.30640298,Texas,Titus,1713,589,-1124
39023,4.080846968,20.20744187,Ohio,Clark,2346,1224,-1122
36121,3.512438825,18.15733665,New York,Wyoming,1986,865,-1121
16073,2.64786795,12.38106565,Idaho,Owyhee,1260,141,-1119
40047,5.444779349,23.26617494,Oklahoma,Garfield,2816,1699,-1117
40141,3.238148563,16.83848797,Oklahoma,Tillman,1797,680,-1117
26091,5.09887863,22.66931754,Michigan,Lenawee,2731,1622,-1109
13081,2.960874163,15.32629701,Georgia,Crisp,1554,446,-1108
39141,3.327810484,17.39823106,Ohio,Ross,1864,759,-1105
22045,2.883421736,14.83545531,Louisiana,Iberia Parish,1475,371,-1104
1105,3.021760197,15.76550939,Alabama,Perry,1608,504,-1104
21181,2.52346194,9.81867284,Kentucky,Nicholas,1137,33,-1104
37157,3.249652895,16.96942446,North Carolina,Rockingham,1805,705,-1100
46019,3.911154032,19.85659129,South Dakota,Butte,2259,1164,-1095
29005,4.750069042,22.16956293,Missouri,Atchison,2647,1553,-1094
48275,2.702149437,13.50637923,Texas,Knox,1321,230,-1091
40099,3.830388693,19.62646407,Oklahoma,Murray,2214,1124,-1090
6015,4.416722859,21.3918046,California,Del Norte,2519,1430,-1089
18177,4.101866252,20.45073653,Indiana,Wayne,2351,1264,-1087
39147,4.151787325,20.59369702,Ohio,Seneca,2376,1292,-1084
48445,2.506170496,9.841141626,Texas,Terry,1116,35,-1081
19021,4.703120925,22.22818175,Iowa,Buena Vista,2637,1562,-1075
20013,3.814950744,19.62515489,Kansas,Brown,2198,1123,-1075
46137,2.897473997,15.22773623,South Dakota,Ziebach,1501,428,-1073
42087,2.858422939,14.93181958,Pennsylvania,Mifflin,1455,382,-1073
29117,3.304088109,17.51445653,Missouri,Livingston,1843,771,-1072
37167,3.868054192,19.8905995,North Carolina,Stanly,2241,1171,-1070
28123,2.678916828,13.532136,Mississippi,Scott,1299,232,-1067
21049,5.060483871,22.92001531,Kentucky,Clark,2723,1657,-1066
20009,4.475966485,21.67528195,Kansas,Barton,2544,1479,-1065
54083,3.832923833,19.78894423,West Virginia,Randolph,2220,1155,-1065
19083,4.555198285,21.93965165,Iowa,Hardin,2579,1515,-1064
51520,6.581942337,24.82865535,Virginia,Bristol city,2958,1895,-1063
42039,4.252437048,21.07246377,Pennsylvania,Crawford,2436,1374,-1062
48431,6.088082902,24.49223417,Texas,Sterling,2917,1858,-1059
13257,2.868714141,15.13525118,Georgia,Stephens,1466,412,-1054
48183,4.992894975,22.91101465,Texas,Gregg,2708,1656,-1052
40011,3.388385722,18.0962164,Oklahoma,Blaine,1903,852,-1051
40139,4.583020285,22.10927573,Oklahoma,Texas,2589,1542,-1047
6063,4.759190653,22.54940711,California,Plumas,2649,1602,-1047
45089,3.246753247,17.40348974,South Carolina,Williamsburg,1802,761,-1041
26135,2.920284136,15.63734007,Michigan,Oscoda,1521,482,-1039
40115,2.822797038,14.99567188,Oklahoma,Ottawa,1430,393,-1037
20167,3.770739065,19.72274732,Kansas,Russell,2178,1145,-1033
28091,2.666055886,13.73193167,Mississippi,Marion,1282,253,-1029
45047,5.956375839,24.67002487,South Carolina,Greenwood,2903,1880,-1023
48131,2.416918429,6.843639712,Texas,Duval,1028,5,-1023
56041,4.870384918,22.89532294,Wyoming,Uinta,2674,1654,-1020
54055,4.85993405,22.85226261,West Virginia,Mercer,2670,1650,-1020
45029,3.221570516,17.42424242,South Carolina,Colleton,1781,763,-1018
39007,2.981227507,16.08039468,Ohio,Ashtabula,1570,553,-1017
19043,2.723957961,14.47800394,Iowa,Clayton,1339,323,-1016
18009,2.735523456,14.53184411,Indiana,Blackford,1350,334,-1016
29049,4.518182931,22.14247384,Missouri,Clinton,2563,1549,-1014
40067,2.96176629,16.03514552,Oklahoma,Jefferson,1556,542,-1014
20003,2.668829254,13.9624089,Kansas,Anderson,1289,276,-1013
30107,4.944178628,23.18150918,Montana,Wheatland,2697,1688,-1009
28109,3.139112237,16.96199314,Mississippi,Pearl River,1712,703,-1009
48231,4.647094615,22.61929729,Texas,Hunt,2618,1611,-1007
48355,5.211982252,23.80786026,Texas,Nueces,2769,1763,-1006
41023,3.249866809,17.68270945,Oregon,Grant,1806,801,-1005
19147,3.551357168,19.01140684,Iowa,Palo Alto,2022,1018,-1004
18045,2.739597943,14.69230769,Indiana,Fountain,1352,349,-1003
21041,2.460202605,11.35984427,Kentucky,Carroll,1074,77,-997
19091,3.618199001,19.35338346,Iowa,Humboldt,2071,1076,-995
39047,2.692182939,14.40861297,Ohio,Fayette,1308,316,-992
48429,3.168492745,17.21885208,Texas,Stephens,1739,747,-992
40077,2.433090024,10.59237716,Oklahoma,Latimer,1046,54,-992
35045,3.350441973,18.26301928,New Mexico,San Juan,1876,884,-992
28077,2.582426506,13.19294685,Mississippi,Lawrence,1194,208,-986
53027,3.305989021,18.15084213,Washington,Grays Harbor,1844,862,-982
48107,2.826352176,15.38694992,Texas,Crosby,1432,452,-980
18143,2.531137003,12.68775402,Indiana,Scott,1144,164,-980
40051,4.666794699,22.83870633,Oklahoma,Grady,2627,1647,-980
17053,3.473080814,18.85510996,Illinois,Ford,1965,986,-979
36005,4.506547267,22.38846546,New York,Bronx,2556,1578,-978
41065,4.507077229,22.44962716,Oregon,Wasco,2557,1586,-971
37083,2.929011564,16.12552842,North Carolina,Halifax,1529,560,-969
5091,2.745924503,14.97951816,Arkansas,Miller,1355,391,-964
45021,3.351610692,18.40810121,South Carolina,Cherokee,1878,916,-962
51173,3.053206615,16.8052476,Virginia,Smyth,1637,675,-962
41021,4.042806183,20.96128171,Oregon,Gilliam,2321,1360,-961
18117,2.911313717,16.08168011,Indiana,Orange,1515,554,-961
48343,2.890295359,15.95497369,Texas,Morris,1489,529,-960
35035,4.599056604,22.74046118,New Mexico,Otero,2594,1634,-960
48373,2.928058949,16.17025716,Texas,Polk,1527,570,-957
47089,3.971678283,20.8454669,Tennessee,Jefferson,2288,1333,-955
6065,6.381712699,25.56789012,California,Riverside,2939,1984,-955
20075,3.854389722,20.5,Kansas,Hamilton,2232,1278,-954
42061,3.529467277,19.22265268,Pennsylvania,Huntingdon,2003,1051,-952
18103,2.895349531,16.06880388,Indiana,Miami,1498,551,-947
21021,7.4090028,26.21187494,Kentucky,Boyle,3003,2059,-944
17137,4.503317077,22.59275426,Illinois,Morgan,2554,1610,-944
37185,3.42351717,18.89841225,North Carolina,Warren,1933,991,-942
30053,3.434852301,18.94743299,Montana,Lincoln,1941,1001,-940
42035,4.181222121,21.5049047,Pennsylvania,Clinton,2391,1451,-940
40153,3.916250814,20.74725275,Oklahoma,Woodward,2261,1322,-939
18073,3.504703002,19.16818933,Indiana,Jasper,1982,1043,-939
29159,3.319502075,18.41485382,Missouri,Pettis,1855,917,-938
18131,2.623504142,14.10958904,Indiana,Pulaski,1230,295,-935
48457,2.464065708,12.4083664,Texas,Tyler,1077,143,-934
12105,4.806217834,23.45513763,Florida,Polk,2659,1727,-932
6019,5.187819471,24.27275571,California,Fresno,2761,1830,-931
16027,4.661401598,23.24076268,Idaho,Canyon,2624,1694,-930
40037,3.380686927,18.72441542,Oklahoma,Creek,1897,969,-928
28161,2.797202797,15.57042413,Mississippi,Yalobusha,1403,477,-926
17103,3.533797217,19.36711396,Illinois,Lee,2006,1080,-926
40031,5.153231516,24.25698636,Oklahoma,Comanche,2750,1825,-925
19137,3.767777542,20.38243037,Iowa,Montgomery,2175,1251,-924
18049,3.04211324,16.93211581,Indiana,Fulton,1622,698,-924
48115,2.476060192,12.72704016,Texas,Dawson,1087,166,-921
35059,3.293010753,18.38260279,New Mexico,Union,1833,913,-920
42121,3.437191597,19.06944145,Pennsylvania,Venango,1942,1022,-920
19151,3.354080221,18.65901169,Iowa,Pocahontas,1881,962,-919
39005,4.438069524,22.58861409,Ohio,Ashland,2527,1608,-919
16031,4.047037263,21.27009433,Idaho,Cassia,2324,1408,-916
35041,4.007577966,21.18430526,New Mexico,Roosevelt,2309,1394,-915
49023,3.660565724,20,Utah,Juab,2103,1189,-914
22021,2.380952381,11.19303937,Louisiana,Caldwell Parish,986,72,-914
19107,3.037533266,16.97570792,Iowa,Keokuk,1621,707,-914
56045,3.674242424,20.07500987,Wyoming,Weston,2115,1202,-913
22001,2.572990919,13.93858833,Louisiana,Acadia Parish,1183,273,-910
48451,5.856210361,25.46680234,Texas,Tom Green,2889,1979,-910
18139,3.325501536,18.58271731,Indiana,Rush,1861,952,-909
20029,3.864592506,20.82422204,Kansas,Cloud,2238,1331,-907
54001,2.441276028,12.51415629,West Virginia,Barbour,1056,149,-907
31079,4.106115886,21.49034268,Nebraska,Hall,2352,1447,-905
41043,4.143051462,21.56922408,Oregon,Linn,2368,1463,-905
24011,2.886536157,16.22549659,Maryland,Caroline,1481,576,-905
48215,3.818670926,20.63348714,Texas,Hidalgo,2202,1301,-901
20111,6.713848508,26.27874955,Kansas,Lyon,2969,2070,-899
51071,3.109041754,17.62809917,Virginia,Giles,1689,793,-896
30027,4.901471689,23.98067405,Montana,Fergus,2683,1787,-896
48211,4.198113208,21.93985599,Texas,Hemphill,2408,1516,-892
53043,4.992503748,24.17863227,Washington,Lincoln,2706,1814,-892
22117,2.44862803,12.81120332,Louisiana,Washington Parish,1066,175,-891
37073,2.338923213,10.91507571,North Carolina,Gates,955,64,-891
28157,2.293202293,8.82852292,Mississippi,Wilkinson,906,18,-888
54047,2.284232923,6.773234201,West Virginia,McDowell,891,3,-888
48401,3.07863649,17.53078953,Texas,Rusk,1665,777,-888
6089,4.717630854,23.76548717,California,Shasta,2642,1759,-883
19193,5.019027908,24.30257826,Iowa,Woodbury,2716,1833,-883
17015,3.115377649,17.7515303,Illinois,Carroll,1695,812,-883
37047,2.617021277,14.59640436,North Carolina,Columbus,1224,342,-882
40035,2.704945237,15.30499447,Oklahoma,Craig,1324,442,-882
19087,4.472507235,22.95152914,Iowa,Henry,2543,1662,-881
56003,4.444444444,22.84942938,Wyoming,Big Horn,2530,1649,-881
42123,3.590678196,19.92061789,Pennsylvania,Warren,2053,1174,-879
39073,2.487648435,13.46687522,Ohio,Hocking,1101,226,-875
1011,2.276140959,8.116659788,Alabama,Bullock,883,9,-874
39003,3.630127526,20.10394554,Ohio,Allen,2078,1207,-871
45081,3.688304721,20.42594385,South Carolina,Saluda,2125,1258,-867
1121,2.888433178,16.53112804,Alabama,Talladega,1485,619,-866
22009,2.33592881,11.4641721,Louisiana,Avoyelles Parish,950,85,-865
36073,3.125904486,17.92414217,New York,Orleans,1702,838,-864
20159,5.78817734,25.86064899,Kansas,Rice,2877,2015,-862
18099,3.830713751,20.93704717,Indiana,Marshall,2215,1356,-859
32011,2.995391705,17.07317073,Nevada,Eureka,1581,723,-858
21173,3.828125,20.93119077,Kentucky,Montgomery,2211,1353,-858
48177,2.346795571,11.92304768,Texas,Gonzales,961,107,-854
19179,3.48283542,19.60931317,Iowa,Wapello,1973,1119,-854
48061,4.181427943,22.07763444,Texas,Cameron,2393,1541,-852
18017,2.863359443,16.48419193,Indiana,Cass,1460,612,-848
45027,3.16232706,18.22018994,South Carolina,Clarendon,1729,881,-848
48283,2.335279399,11.80734159,Texas,La Salle,947,100,-847
45085,4.573949385,23.54857692,South Carolina,Sumter,2586,1739,-847
48069,3.248259861,18.59892569,Texas,Castro,1804,957,-847
39033,3.007204276,17.23892486,Ohio,Crawford,1594,748,-846
18153,2.569080437,14.55331412,Indiana,Sullivan,1181,335,-846
56007,4.896042924,24.3502052,Wyoming,Carbon,2682,1837,-845
49045,4.375292466,22.94443739,Utah,Tooele,2503,1661,-842
6009,4.630671166,23.87170421,California,Calaveras,2613,1772,-841
30089,3.964421855,21.48317284,Montana,Sanders,2285,1446,-839
17075,3.137088655,18.19786096,Illinois,Iroquois,1711,873,-838
19187,4.13661434,22.02090311,Iowa,Webster,2366,1529,-837
26057,3.245274425,18.70591522,Michigan,Gratiot,1801,965,-836
48225,2.58722844,14.80323648,Texas,Houston,1198,366,-832
39171,2.465412104,13.67015099,Ohio,Williams,1079,248,-831
31043,2.549846626,14.55764488,Nebraska,Dakota,1167,336,-831
19099,3.549564729,20.01796004,Iowa,Jasper,2020,1190,-830
28103,2.276691453,10.63063063,Mississippi,Noxubee,885,57,-828
26025,4.331323164,22.90945884,Michigan,Calhoun,2479,1655,-824
39091,3.232516303,18.70795747,Ohio,Logan,1790,966,-824
40137,3.67788154,20.61607467,Oklahoma,Stephens,2118,1295,-823
19071,3.730255164,20.78032231,Iowa,Fremont,2147,1324,-823
20189,3.595784253,20.2661827,Kansas,Stevens,2056,1234,-822
48141,5.643313455,25.9489406,Texas,El Paso,2848,2027,-821
45017,4.863174355,24.45135161,South Carolina,Calhoun,2671,1853,-818
42083,3.734050538,20.84312419,Pennsylvania,McKean,2150,1332,-818
4021,4.193072955,22.46742455,Arizona,Pinal,2406,1589,-817
42117,4.155619009,22.27060865,Pennsylvania,Tioga,2380,1564,-816
13225,4.282868526,22.77152748,Georgia,Peach,2456,1640,-816
40049,3.136555732,18.31951163,Oklahoma,Garvin,1710,898,-812
6005,4.18236624,22.42129278,California,Amador,2394,1584,-810
40081,2.758990156,16.14048434,Oklahoma,Lincoln,1370,561,-809
16087,3.664813671,20.63026282,Idaho,Washington,2108,1299,-809
39075,2.269061189,11.05893843,Ohio,Holmes,876,68,-808
6093,4.419471294,23.32763178,California,Siskiyou,2521,1713,-808
22053,2.646251881,15.37956888,Louisiana,Jefferson Davis Parish,1258,451,-807
51183,2.811173975,16.49864765,Virginia,Sussex,1421,614,-807
30087,3.732866725,20.88546679,Montana,Rosebud,2149,1344,-805
51650,9.015293802,28.52693098,Virginia,Hampton city,3051,2247,-804
21155,2.589796981,15.0580285,Kentucky,Marion,1204,402,-802
37195,3.974192392,21.7384896,North Carolina,Wilson,2290,1488,-802
30021,3.980960623,21.76594709,Montana,Dawson,2292,1493,-799
22111,2.547703921,14.80446927,Louisiana,Union Parish,1165,367,-798
20059,4.815334268,24.56949916,Kansas,Franklin,2662,1866,-796
36003,4.9387025,24.85700828,New York,Allegany,2694,1901,-793
13141,2.232142857,10.26519666,Georgia,Hancock,841,48,-793
37027,3.208868145,18.79065162,North Carolina,Caldwell,1768,977,-791
16039,4.11686587,22.35394638,Idaho,Elmore,2360,1570,-790
39021,3.23495644,18.96589418,Ohio,Champaign,1792,1005,-787
39029,2.905564339,17.06809437,Ohio,Columbiana,1508,722,-786
56043,4.412786657,23.50909091,Wyoming,Washakie,2516,1732,-784
31121,3.095458758,18.30651061,Nebraska,Merrick,1678,894,-784
12053,3.74668435,21.08455089,Florida,Hernando,2159,1376,-783
18075,2.393980848,13.32835263,Indiana,Jay,1001,218,-783
30101,4.152340651,22.50696379,Montana,Toole,2378,1596,-782
28127,2.834974634,16.73910557,Mississippi,Simpson,1436,656,-780
18169,4.284695663,23.10246242,Indiana,Wabash,2458,1679,-779
22027,2.229180646,10.6920078,Louisiana,Claiborne Parish,838,59,-779
48119,2.545454545,14.92153332,Texas,Delta,1159,381,-778
22059,2.366753634,13.07974973,Louisiana,La Salle Parish,978,201,-777
51147,6.195426195,27.27131301,Virginia,Prince Edward,2929,2153,-776
39119,3.61044662,20.5811138,Ohio,Muskingum,2066,1290,-776
41047,5.412781938,26.03952717,Oregon,Marion,2810,2037,-773
48239,2.793199167,16.592099,Texas,Jackson,1401,637,-764
46029,3.79937574,21.37470702,South Dakota,Codington,2189,1425,-764
53047,4.763655076,24.71453702,Washington,Okanogan,2650,1886,-764
18069,3.757734007,21.25875777,Indiana,Huntington,2168,1406,-762
39071,2.732543795,16.25950873,Ohio,Highland,1344,583,-761
20099,3.514061729,20.21591245,Kansas,Labette,1987,1226,-761
39169,4.969137943,25.09666537,Ohio,Wayne,2701,1941,-760
18083,3.223197315,19.07024793,Indiana,Knox,1782,1023,-759
48501,3.470953599,20.09205984,Texas,Yoakum,1962,1204,-758
18113,3.168389956,18.79814139,Indiana,Noble,1738,980,-758
42073,4.321198331,23.3787617,Pennsylvania,Lawrence,2476,1718,-758
20035,4.645281512,24.52439669,Kansas,Cowley,2617,1860,-757
48485,4.942691688,25.06939337,Texas,Wichita,2695,1938,-757
30041,4.613431151,24.40244024,Montana,Hill,2603,1847,-756
48345,3.267446551,19.26910299,Texas,Motley,1818,1062,-756
54059,2.184408855,9.528284157,West Virginia,Mingo,786,30,-756
32003,6.427141502,27.80968072,Nevada,Clark,2944,2191,-753
37105,3.755868545,21.30634857,North Carolina,Lee,2165,1413,-752
20117,3.220064725,19.08579466,Kansas,Marshall,1777,1027,-750
18051,3.104949588,18.51606346,Indiana,Gibson,1687,937,-750
19127,4.106431007,22.56141278,Iowa,Marshall,2353,1604,-749
6091,5.174129353,25.8110687,California,Sierra,2756,2008,-748
31123,3.297895422,19.4068343,Nebraska,Morrill,1837,1090,-747
1015,3.586365882,20.64954259,Alabama,Calhoun,2050,1305,-745
56027,3.286821705,19.37250996,Wyoming,Niobrara,1827,1082,-745
22017,5.254872027,25.99686685,Louisiana,Caddo Parish,2777,2032,-745
19143,2.794411178,16.74039581,Iowa,Osceola,1402,657,-745
29195,4.132560255,22.66468683,Missouri,Saline,2365,1621,-744
18039,3.465052806,20.12398047,Indiana,Elkhart,1958,1215,-743
13053,10.93527457,29.61738309,Georgia,Chattahoochee,3069,2326,-743
28061,2.263473054,12.22363175,Mississippi,Jasper,872,130,-742
28051,2.409705604,13.94551343,Mississippi,Holmes,1016,274,-742
48311,3.428571429,20.05141388,Texas,McMullen,1937,1196,-741
21137,2.648501362,15.93727641,Kentucky,Lincoln,1262,525,-737
41035,4.124679761,22.68484848,Oregon,Klamath,2363,1626,-737
20153,3.413068845,19.97834326,Kansas,Rawlins,1921,1185,-736
27105,2.976137278,17.86944098,Minnesota,Nobles,1566,830,-736
22085,2.365491651,13.62916006,Louisiana,Sabine Parish,977,242,-735
41015,3.927608779,22.06702455,Oregon,Curry,2272,1538,-734
17105,3.17310289,18.99419114,Illinois,Livingston,1746,1012,-734
37095,2.470811838,14.7107438,North Carolina,Hyde,1083,352,-731
28085,3.235362906,19.27900335,Mississippi,Lincoln,1793,1065,-728
45083,4.813791949,25.05368313,South Carolina,Spartanburg,2661,1935,-726
13095,4.118767654,22.75291739,Georgia,Dougherty,2361,1636,-725
17101,2.494134005,14.94723435,Illinois,Lawrence,1109,385,-724
20187,4.454022989,24.18300654,Kansas,Stanton,2536,1815,-721
12127,6.524665689,28.36485678,Florida,Volusia,2954,2234,-720
40001,2.245652472,12.31708271,Oklahoma,Adair,858,138,-720
31111,4.069015097,22.65777627,Nebraska,Lincoln,2339,1620,-719
46009,3.294573643,19.59953793,South Dakota,Bon Homme,1835,1117,-718
56031,3.569739953,20.74152864,Wyoming,Platte,2035,1321,-714
56025,5.892793752,27.66314254,Wyoming,Natrona,2894,2180,-714
22003,2.212806026,11.88967812,Louisiana,Allen Parish,820,106,-714
28131,2.855245684,17.19065708,Mississippi,Stone,1451,738,-713
17047,2.369757382,13.94755164,Illinois,Edwards,982,275,-707
19033,4.350448313,23.97744679,Iowa,Cerro Gordo,2492,1786,-706
29123,2.678211841,16.320776,Missouri,Madison,1298,592,-706
42047,3.526164592,20.59342988,Pennsylvania,Elk,1994,1291,-703
18065,2.869804664,17.45265609,Indiana,Henry,1467,764,-703
31053,3.840752703,21.98656197,Nebraska,Dodge,2225,1523,-702
13199,2.420220552,14.50904737,Georgia,Meriwether,1032,330,-702
19117,2.592592593,15.79206297,Iowa,Lucas,1209,508,-701
42067,2.48004911,14.99513145,Pennsylvania,Juniata,1093,392,-701
12069,5.911644535,27.84808481,Florida,Lake,2897,2197,-700
42109,3.527384839,20.62738353,Pennsylvania,Snyder,1997,1297,-700
37123,3.171417102,19.182639,North Carolina,Montgomery,1744,1045,-699
16023,2.884615385,17.54859611,Idaho,Butte,1479,781,-698
36009,3.642961497,21.12780103,New York,Cattaraugus,2085,1387,-698
45041,4.465769218,24.38493922,South Carolina,Florence,2540,1842,-698
31037,2.442918729,14.76664116,Nebraska,Colfax,1059,362,-697
40053,4.1593989,23.12218761,Oklahoma,Grant,2381,1684,-697
40113,4.052713618,22.73128289,Oklahoma,Osage,2328,1631,-697
16083,4.24050304,23.52033108,Idaho,Twin Falls,2432,1736,-696
22107,2.421185372,14.56790123,Louisiana,Tensas Parish,1035,339,-696
17123,2.944565357,18.01738313,Illinois,Marshall,1542,847,-695
26023,2.849504434,17.28517818,Michigan,Branch,1448,753,-695
29187,2.846054334,17.24926425,Missouri,St. Francois,1444,750,-694
37079,2.212754261,12.18633118,North Carolina,Greene,819,125,-694
21225,2.287946429,13.09347964,Kentucky,Union,896,204,-692
39161,2.807152471,17.09188758,Ohio,Van Wert,1418,728,-690
29079,2.715870219,16.6893424,Missouri,Grundy,1333,650,-683
1047,2.849389417,17.48490626,Alabama,Dallas,1447,765,-682
28041,2.124542125,10.53933696,Mississippi,Greene,733,53,-680
49041,4.027468448,22.76318599,Utah,Sevier,2315,1638,-677
19073,3.625091941,21.19538736,Iowa,Greene,2075,1398,-677
40147,8.246634926,30.06387744,Oklahoma,Washington,3031,2355,-676
48361,2.888167469,17.70989142,Texas,Orange,1482,807,-675
48441,6.8405094,29.2774054,Texas,Taylor,2977,2302,-675
19055,3.95519429,22.56192267,Iowa,Delaware,2280,1605,-675
31101,4.003702847,22.72951224,Nebraska,Keith,2305,1630,-675
54019,2.57651596,15.8429272,West Virginia,Fayette,1191,516,-675
28047,5.599942931,27.45645283,Mississippi,Harrison,2842,2168,-674
5139,3.12051789,19.08069932,Arkansas,Union,1700,1026,-674
13243,2.658539748,16.36673152,Georgia,Randolph,1273,599,-674
26059,3.606062366,21.16862175,Michigan,Hillsdale,2063,1392,-671
51155,3.527204503,20.80063104,Virginia,Pulaski,1996,1325,-671
17041,3.534594973,20.86147381,Illinois,Douglas,2007,1336,-671
21011,2.198198198,12.2665733,Kentucky,Bath,801,131,-670
17121,2.714064459,16.7639505,Illinois,Marion,1332,663,-669
22101,2.302025783,13.64824553,Louisiana,St. Mary Parish,911,245,-666
30023,4.320454265,24.14694731,Montana,Deer Lodge,2475,1811,-664
6053,5.810801729,28.21422225,California,Monterey,2884,2223,-661
39039,3.092558984,19.0068558,Ohio,Defiance,1675,1014,-661
39143,2.973151046,18.35040664,Ohio,Sandusky,1563,905,-658
4003,5.753055961,28.0948562,Arizona,Cochise,2873,2216,-657
40105,2.706012,16.77626548,Oklahoma,Nowata,1325,668,-657
20151,4.84804631,25.83094314,Kansas,Pratt,2668,2013,-655
29217,2.666917671,16.56955028,Missouri,Vernon,1284,631,-653
31143,3.296917675,19.97825496,Nebraska,Polk,1836,1184,-652
13301,2.187567685,12.30442853,Georgia,Warren,788,137,-651
1087,3.572003218,21.12442074,Alabama,Macon,2036,1386,-650
42059,3.68867083,21.67045591,Pennsylvania,Greene,2126,1478,-648
39167,3.746580502,21.89458252,Ohio,Washington,2157,1509,-648
53045,3.745829542,21.90189672,Washington,Mason,2156,1510,-646
53051,3.527462121,20.93358999,Washington,Pend Oreille,1999,1355,-644
35009,4.095968875,23.30421291,New Mexico,Curry,2349,1706,-643
48329,10.03824092,31.03448276,Texas,Midland,3061,2418,-643
48469,3.25655282,19.89560997,Texas,Victoria,1814,1172,-642
18041,2.575488455,16.04719403,Indiana,Fayette,1188,546,-642
30017,5.220476432,27.01892017,Montana,Custer,2772,2130,-642
6049,4.447882421,24.81683554,California,Modoc,2532,1891,-641
20093,3.158705701,19.38694268,Kansas,Kearny,1728,1087,-641
30025,2.608695652,16.23655914,Montana,Fallon,1217,578,-639
19157,5.340417867,27.32853167,Iowa,Poweshiek,2797,2159,-638
48507,2.103174603,11.0880829,Texas,Zavala,706,69,-637
16069,5.22696011,27.14682367,Idaho,Nez Perce,2774,2138,-636
21017,4.985841424,26.25686218,Kentucky,Bourbon,2704,2068,-636
35053,3.057375422,18.96227349,New Mexico,Socorro,1639,1003,-636
13017,2.214285714,12.95612604,Georgia,Ben Hill,821,187,-634
37159,4.073350368,23.31553693,North Carolina,Rowan,2341,1709,-632
18015,2.762552072,17.19631311,Indiana,Carroll,1374,742,-632
18181,3.097253768,19.20475746,Indiana,White,1681,1050,-631
37131,2.864385298,17.88105247,North Carolina,Northampton,1461,831,-630
42057,2.837147721,17.7271021,Pennsylvania,Fulton,1437,809,-628
30097,4.309133489,24.37037037,Montana,Sweet Grass,2468,1840,-628
20125,3.856663554,22.58869845,Kansas,Montgomery,2235,1609,-626
26035,2.200335289,12.88195492,Michigan,Clare,805,180,-625
20169,6.120575919,29.14734603,Kansas,Saline,2921,2296,-625
29197,2.118334551,11.82303585,Missouri,Schuyler,727,102,-625
13071,2.484639795,15.53671381,Georgia,Colquitt,1097,473,-624
20061,4.916305747,26.23366096,Kansas,Geary,2687,2063,-624
53071,6.632972072,29.76574827,Washington,Walla Walla,2962,2340,-622
29163,2.649414664,16.63705379,Missouri,Pike,1264,642,-622
13193,2.08592347,10.97407788,Georgia,Macon,686,66,-620
29101,6.00122007,29.12756236,Missouri,Johnson,2911,2293,-618
41013,3.562340967,21.30210725,Oregon,Crook,2028,1411,-617
30013,5.68781994,28.42428716,Montana,Cascade,2856,2240,-616
48181,4.181202414,23.88044308,Texas,Grayson,2390,1774,-616
18149,2.159008023,12.52662974,Indiana,Starke,767,151,-616
48455,2.668057833,16.7897396,Texas,Trinity,1286,671,-615
13165,2.058545798,10.27739882,Georgia,Jenkins,665,50,-615
19173,2.534230123,16.01267365,Iowa,Taylor,1148,534,-614
42089,5.257194652,27.39321184,Pennsylvania,Monroe,2779,2165,-614
48399,3.066544005,19.13336261,Texas,Runnels,1649,1035,-614
56037,3.467222433,20.90274242,Wyoming,Sweetwater,1959,1347,-612
30033,3.488372093,20.98445596,Montana,Garfield,1975,1364,-611
39155,3.449501162,20.8795321,Ohio,Trumbull,1950,1340,-610
28093,2.33463035,14.56282084,Mississippi,Marshall,945,338,-607
46005,5.144487392,27.16465863,South Dakota,Beadle,2747,2142,-605
19065,3.404511278,20.68965517,Iowa,Fayette,1915,1311,-604
29177,2.563644484,16.22172785,Missouri,Ray,1178,574,-604
8043,3.684210526,21.97444832,Colorado,Fremont,2122,1519,-603
19123,4.202379429,24.12921732,Iowa,Mahaska,2411,1808,-603
49039,3.918183026,22.93608338,Utah,Sanpete,2262,1660,-602
30065,3.764270287,22.35570645,Montana,Musselshell,2172,1571,-601
6069,4.190815872,24.08848001,California,San Benito,2404,1804,-600
48255,2.292849035,14.30042115,Texas,Karnes,905,305,-600
28031,2.750898535,17.40089906,Mississippi,Covington,1359,760,-599
56015,3.924221922,23.02351624,Wyoming,Goshen,2270,1672,-598
19149,3.627662859,21.68399406,Iowa,Plymouth,2077,1480,-597
48349,2.884113126,18.22907691,Texas,Navarro,1478,882,-596
39115,2.295605205,14.35265356,Ohio,Morgan,907,312,-595
26143,3.276283619,20.2183794,Michigan,Roscommon,1823,1229,-594
51530,3.992303992,23.29977903,Virginia,Buena Vista city,2298,1705,-593
37117,2.633573323,16.71515305,North Carolina,Martin,1247,655,-592
36049,2.936880141,18.55437238,New York,Lewis,1536,945,-591
22079,3.934640523,23.11658113,Louisiana,Rapides Parish,2273,1682,-591
42015,3.351761065,20.56296924,Pennsylvania,Bradford,1879,1288,-591
12043,2.209550962,13.43797468,Florida,Glades,811,223,-588
36037,4.106847311,23.82334597,New York,Genesee,2354,1767,-587
51139,2.405267401,15.24509241,Virginia,Page,1013,429,-584
21103,2.440467386,15.51881622,Kentucky,Henry,1054,472,-582
28049,7.579084187,31.17139727,Mississippi,Hinds,3010,2430,-580
18001,2.53219631,16.16115055,Indiana,Adams,1146,567,-579
28147,2.143950995,12.94354412,Mississippi,Walthall,754,184,-570
12023,2.633451957,16.81035341,Florida,Columbia,1246,676,-570
37111,2.814313346,18.10226962,North Carolina,McDowell,1422,853,-569
12019,5.319735391,28.26042996,Florida,Clay,2795,2227,-568
51185,2.59032796,16.59700453,Virginia,Tazewell,1206,638,-568
49027,4.186489058,24.32399062,Utah,Millard,2399,1835,-564
48203,3.795709908,22.67252006,Texas,Harrison,2187,1623,-564
48473,5.195989061,27.90252687,Texas,Waller,2764,2200,-564
51175,3.219213081,20.12058955,Virginia,Southampton,1774,1213,-561
19039,2.479338843,15.97848442,Iowa,Clarke,1090,532,-558
53013,4.310077519,24.91824722,Washington,Columbia,2469,1914,-555
21013,2.442356027,15.76351717,Kentucky,Bell,1058,503,-555
1005,1.994421199,10.62730627,Alabama,Barbour,610,56,-554
28005,2.014205449,11.21218764,Mississippi,Amite,628,74,-554
29081,2.427781192,15.68417292,Missouri,Harrison,1039,487,-552
55105,4.514935456,25.81263463,Wisconsin,Rock,2561,2009,-552
41069,2.9342723,18.8054883,Oregon,Wheeler,1534,983,-551
48055,3.044115253,19.34276334,Texas,Caldwell,1624,1073,-551
28065,2.10589651,12.67183204,Mississippi,Jefferson Davis,711,161,-550
20205,3.14613349,19.87839892,Kansas,Wilson,1717,1167,-550
54095,2.455722578,15.90909091,West Virginia,Tyler,1072,522,-550
12049,2.067918801,12.09595202,Florida,Hardee,671,121,-550
13317,2.630834512,16.9122807,Georgia,Wilkes,1241,692,-549
37191,3.574303066,21.74363641,North Carolina,Wayne,2039,1490,-549
19069,3.05260879,19.39598299,Iowa,Franklin,1636,1089,-547
54021,2.889447236,18.52891634,West Virginia,Gilmer,1487,941,-546
39031,2.586543286,16.69697928,Ohio,Coshocton,1197,652,-545
39163,2.160760588,13.44139376,Ohio,Vinton,769,224,-545
39079,2.447357412,15.90136054,Ohio,Jackson,1064,521,-543
4025,6.012636728,30.25407885,Arizona,Yavapai,2913,2371,-542
8071,3.019744483,19.28791702,Colorado,Las Animas,1606,1066,-540
17177,3.318238288,20.70501522,Illinois,Stephenson,1854,1314,-540
40013,4.664818137,26.49821733,Oklahoma,Bryan,2626,2087,-539
13271,1.953584019,10.109384,Georgia,Telfair,581,44,-537
46073,3.460342146,21.34746404,South Dakota,Jerauld,1956,1420,-536
26069,3.022562793,19.34478176,Michigan,Iosco,1609,1074,-535
48297,2.440662785,15.92453715,Texas,Live Oak,1055,524,-531
22013,2.126113029,13.17609706,Louisiana,Bienville Parish,735,206,-529
21121,2.16011149,13.60259753,Kentucky,Knox,768,240,-528
37177,2.111849824,13.02919708,North Carolina,Tyrrell,720,195,-525
20041,3.942075623,23.70341913,Kansas,Dickinson,2276,1753,-523
29175,2.841307256,18.41718152,Missouri,Randolph,1441,919,-522
18053,3.204566734,20.32722543,Indiana,Grant,1766,1245,-521
48481,3.300719748,20.73242116,Texas,Wharton,1841,1320,-521
17125,2.626989318,17.05174097,Illinois,Mason,1237,718,-519
51197,3.028009084,19.4314623,Virginia,Wythe,1612,1093,-519
29109,2.590709659,16.89013252,Missouri,Lawrence,1207,688,-519
31001,5.584642234,29.55048988,Nebraska,Adams,2840,2321,-519
29083,2.490521151,16.30620917,Missouri,Henry,1104,588,-516
13255,2.848841329,18.47001922,Georgia,Spalding,1446,930,-516
26075,3.855964255,23.40650176,Michigan,Jackson,2234,1720,-514
20209,3.403283167,21.19738513,Kansas,Wyandotte,1913,1400,-513
28029,3.063771372,19.67493584,Mississippi,Copiah,1645,1133,-512
5133,1.900428266,9.347826087,Arkansas,Sevier,539,28,-511
42025,2.963749431,19.19709235,Pennsylvania,Carbon,1558,1048,-510
48235,5.128205128,28.31858407,Texas,Irion,2739,2230,-509
42055,4.185096972,24.73017784,Pennsylvania,Franklin,2397,1888,-509
37035,4.514559033,26.14253364,North Carolina,Catawba,2559,2050,-509
17045,3.194997939,20.38587849,Illinois,Edgar,1760,1252,-508
18167,4.547246034,26.25502375,Indiana,Vigo,2575,2067,-508
13021,4.555679312,26.29239969,Georgia,Bibb,2580,2072,-508
1099,1.987075929,11.6715019,Alabama,Monroe,601,94,-507
20173,7.200476296,32.06529732,Kansas,Sedgwick,2995,2488,-507
20089,2.772277228,18.21544152,Kansas,Jewell,1384,879,-505
31119,3.910269603,23.70421265,Nebraska,Madison,2258,1754,-504
27155,2.523090786,16.5855816,Minnesota,Traverse,1136,634,-502
13049,2.021505376,12.29726458,Georgia,Charlton,636,136,-500
21179,3.918423465,23.8125588,Kentucky,Nelson,2263,1764,-499
51081,2.239850677,14.69256435,Virginia,Greensville,849,350,-499
39105,2.009862522,12.19171116,Ohio,Meigs,623,126,-497
49031,3.03030303,19.61970614,Utah,Piute,1617,1122,-495
48017,2.303988996,15.20150837,Texas,Bailey,916,422,-494
18095,3.199891068,20.48221301,Indiana,Madison,1763,1271,-492
6027,6.464518846,31.49600581,California,Inyo,2947,2456,-491
22043,2.334681101,15.40513081,Louisiana,Grant Parish,946,455,-491
28039,2.645228216,17.49984814,Mississippi,George,1257,767,-490
47139,2.512330456,16.56377052,Tennessee,Polk,1119,629,-490
29089,5.006919109,28.18895215,Missouri,Howard,2711,2221,-490
53041,3.447560571,21.54430755,Washington,Lewis,1947,1458,-489
6077,3.684284444,22.74954114,California,San Joaquin,2123,1635,-488
39059,2.350088183,15.6014689,Ohio,Guernsey,967,479,-488
28075,3.843633266,23.56586294,Mississippi,Lauderdale,2227,1740,-487
28095,2.478399272,16.40744518,Mississippi,Monroe,1089,602,-487
20177,6.979956088,32.23450454,Kansas,Shawnee,2984,2498,-486
48381,10.0308642,33.68366768,Texas,Randall,3060,2574,-486
40073,4.029832792,24.29277943,Oklahoma,Kingfisher,2318,1832,-486
19089,3.00692901,19.52494062,Iowa,Howard,1593,1108,-485
13105,2.45398773,16.27808393,Georgia,Elbert,1069,585,-484
40121,3.129798039,20.2006909,Oklahoma,Pittsburg,1706,1222,-484
36053,5.422137278,29.63824009,New York,Madison,2812,2328,-484
33007,3.101319113,20.07468505,New Hampshire,Coos,1684,1201,-483
48217,2.706426533,17.99079994,Texas,Hill,1326,844,-482
18033,3.128180769,20.20097136,Indiana,DeKalb,1705,1223,-482
12111,4.566420664,26.66081933,Florida,St. Lucie,2581,2100,-481
49021,6.459267071,31.63551664,Utah,Iron,2946,2467,-479
48465,3.63611787,22.53303055,Texas,Val Verde,2080,1601,-479
17115,4.041963579,24.3912511,Illinois,Macon,2320,1844,-476
8063,3.167305236,20.44547174,Colorado,Kit Carson,1737,1262,-475
28035,5.712409718,30.57129019,Mississippi,Forrest,2864,2390,-474
27047,2.735100456,18.20062523,Minnesota,Freeborn,1349,875,-474
49057,5.017229497,28.49054626,Utah,Weber,2715,2244,-471
6043,6.435506241,31.81205036,California,Mariposa,2945,2474,-471
20109,4.292527822,25.70239334,Kansas,Logan,2464,1995,-469
21161,3.066391598,19.953189,Kentucky,Mason,1648,1182,-466
42085,4.284251051,25.62501593,Pennsylvania,Mercer,2457,1991,-466
51770,5.461946466,30.03474494,Virginia,Roanoke city,2819,2354,-465
49001,3.811563169,23.48017621,Utah,Beaver,2194,1730,-464
18077,3.030058177,19.76133035,Indiana,Jefferson,1614,1150,-464
18109,3.307392996,21.12070658,Indiana,Morgan,1845,1382,-463
48433,2.532123961,16.86320755,Texas,Stonewall,1145,682,-463
54039,5.3531393,29.69211928,West Virginia,Kanawha,2799,2337,-462
29013,2.215947981,14.77242481,Missouri,Bates,825,364,-461
6109,4.057313094,24.6094781,California,Tuolumne,2330,1870,-460
41061,4.370834967,26.08992213,Oregon,Union,2501,2042,-459
29135,2.349795976,15.79255787,Missouri,Moniteau,966,509,-457
31185,4.277456647,25.68036146,Nebraska,York,2451,1994,-457
13163,2.085013247,13.49464422,Georgia,Jefferson,684,228,-456
42065,2.756102799,18.38029067,Pennsylvania,Jefferson,1365,912,-453
42009,2.401082178,16.07989941,Pennsylvania,Bedford,1005,552,-453
30007,4.61928934,27.30125523,Montana,Broadwater,2608,2158,-450
28133,2.383918068,16.02883749,Mississippi,Sunflower,989,540,-449
35017,5.640050697,30.66044613,New Mexico,Grant,2845,2396,-449
27131,5.418691693,30.16881011,Minnesota,Rice,2811,2363,-448
20137,3.569571998,22.45001266,Kansas,Norton,2034,1587,-447
1033,3.413284133,21.655293,Alabama,Colbert,1922,1476,-446
1053,2.07442708,13.52732379,Alabama,Escambia,675,231,-444
54017,2.107598447,13.91319266,West Virginia,Doddridge,715,272,-443
37057,3.415750181,21.69412534,North Carolina,Davidson,1924,1483,-441
40123,5.427838422,30.28478631,Oklahoma,Pontotoc,2814,2373,-441
51840,5.839416058,31.31334572,Virginia,Winchester city,2888,2447,-441
21075,2.392749245,16.10377992,Kentucky,Fulton,998,558,-440
40023,2.254175092,15.22342065,Oklahoma,Choctaw,867,427,-440
32031,8.518570297,34.22049439,Nevada,Washoe,3036,2597,-439
54049,4.57033312,27.19599391,West Virginia,Marion,2583,2144,-439
36075,3.403848452,21.63831925,New York,Oswego,1914,1475,-439
13109,2.153110048,14.47963801,Georgia,Evans,763,324,-439
48065,4.409171076,26.36271014,Texas,Carson,2514,2076,-438
46123,2.63367917,17.73263105,South Dakota,Tripp,1248,810,-438
22067,2.094048494,13.77791009,Louisiana,Morehouse Parish,695,257,-438
37145,2.907421576,19.3385311,North Carolina,Person,1510,1072,-438
13277,3.239230683,20.97496513,Georgia,Tift,1798,1362,-436
55039,3.528900005,22.31215451,Wisconsin,Fond du Lac,2002,1566,-436
48133,3.422518827,21.82230869,Texas,Eastland,1932,1500,-432
54085,2.14159738,14.42875903,West Virginia,Ritchie,749,318,-431
48303,7.041156841,33.44182432,Texas,Lubbock,2987,2558,-429
29199,2.239641657,15.18342391,Missouri,Scotland,848,420,-428
13263,1.919912233,12.10308329,Georgia,Talbot,550,122,-428
47029,1.83511877,10.98679794,Tennessee,Cocke,494,67,-427
39127,2.386717399,16.15057681,Ohio,Perry,992,565,-427
48327,3.826745164,23.97622193,Texas,Menard,2210,1785,-425
19133,2.955665025,19.62938668,Iowa,Monona,1550,1125,-425
30099,4.451682953,26.77997244,Montana,Teton,2533,2109,-424
8003,6.343713956,32.44196297,Colorado,Alamosa,2935,2512,-423
55141,3.324383071,21.42870585,Wisconsin,Wood,1860,1437,-423
28111,1.991840653,12.94014085,Mississippi,Perry,605,183,-422
36043,3.584828153,22.68235842,New York,Herkimer,2047,1625,-422
17131,3.204387991,20.88465342,Illinois,Mercer,1765,1343,-422
26095,2.562929062,17.3452078,Michigan,Luce,1176,756,-420
19093,3.366524419,21.58487359,Iowa,Ida,1886,1467,-419
28163,2.245938197,15.30469297,Mississippi,Yazoo,859,440,-419
1007,1.856326889,11.72564986,Alabama,Bibb,516,98,-418
28067,3.154533844,20.65057809,Mississippi,Jones,1724,1306,-418
48241,2.099105299,14.02758803,Texas,Jasper,703,285,-418
26153,3.237704918,21.09324759,Michigan,Schoolcraft,1796,1379,-417
53007,5.660472125,31.17543797,Washington,Chelan,2849,2433,-416
13009,3.89182058,24.36197401,Georgia,Baldwin,2252,1838,-414
19171,3.114930183,20.50549641,Iowa,Tama,1693,1279,-414
19177,2.78825431,18.80206267,Iowa,Van Buren,1396,982,-414
40151,6.254608012,32.52455228,Oklahoma,Woods,2931,2517,-414
18067,3.169825344,20.82040676,Indiana,Howard,1741,1328,-413
36015,4.51730583,27.22214613,New York,Chemung,2562,2149,-413
16005,5.382616229,30.64075048,Idaho,Bannock,2805,2394,-411
54041,2.790917692,18.87314497,West Virginia,Lewis,1400,989,-411
47163,4.431358553,26.83773713,Tennessee,Sullivan,2524,2113,-411
19047,2.609383237,17.71579344,Iowa,Crawford,1218,808,-410
56021,6.505212858,33.06443481,Wyoming,Laramie,2950,2540,-410
32005,5.766312595,31.61495544,Nevada,Douglas,2875,2466,-409
47059,2.762401247,18.70428824,Tennessee,Greene,1373,964,-409
18027,2.405983208,16.4563014,Indiana,Daviess,1014,605,-409
22049,2.150537634,14.69271081,Louisiana,Jackson Parish,758,351,-407
39019,2.347178283,16.10077238,Ohio,Carroll,963,556,-407
41011,3.558179633,22.64763538,Oregon,Coos,2024,1619,-405
39135,2.719361856,18.4900007,Ohio,Preble,1336,933,-403
21093,3.995363742,24.84744903,Kentucky,Hardin,2300,1897,-403
40143,7.533587541,34.35753691,Oklahoma,Tulsa,3007,2605,-402
28013,1.861108157,12.0604123,Mississippi,Calhoun,519,117,-402
17183,2.855973973,19.22853305,Illinois,Vermilion,1452,1052,-400
12071,5.574257426,31.20474273,Florida,Lee,2837,2437,-400
28083,3.230839486,21.15914824,Mississippi,Leflore,1789,1390,-399
19161,3.475449586,22.33612475,Iowa,Sac,1966,1568,-398
30093,4.624947951,27.98947155,Montana,Silver Bow,2609,2212,-397
48013,2.286118313,15.74964143,Texas,Atascosa,893,499,-394
54023,2.0657277,13.96723734,West Virginia,Grant,670,277,-393
17021,2.514991497,17.1395909,Illinois,Christian,1124,731,-393
48147,2.8932675,19.48424069,Texas,Fannin,1491,1100,-391
13065,1.744966443,9.053408597,Georgia,Clinch,416,25,-391
37139,4.524271845,27.55109307,North Carolina,Pasquotank,2566,2175,-391
6051,5.799055968,32.15229519,California,Mono,2881,2491,-390
39175,2.901925661,19.59020162,Ohio,Wyandot,1504,1115,-389
46069,3.045066991,20.28199566,South Dakota,Hyde,1625,1237,-388
56013,4.326980702,26.50258873,Wyoming,Fremont,2478,2090,-388
41071,5.01642089,29.58649272,Oregon,Yamhill,2712,2325,-387
21073,5.722091523,31.8568294,Kentucky,Franklin,2865,2478,-387
49033,3.85026738,24.3902439,Utah,Rich,2230,1843,-387
17069,1.984024736,13.28044153,Illinois,Hardin,599,213,-386
13037,1.943353318,12.99664911,Georgia,Calhoun,576,190,-386
46031,2.785058978,18.98854962,South Dakota,Corson,1395,1009,-386
56023,4.231082181,26.04084558,Wyoming,Lincoln,2424,2038,-386
19013,5.183460766,30.29247911,Iowa,Black Hawk,2759,2374,-385
51011,2.828054299,19.19802486,Virginia,Appomattox,1433,1049,-384
16035,2.543822146,17.51987725,Idaho,Clearwater,1156,773,-383
48219,2.766393443,18.91891892,Texas,Hockley,1378,995,-383
19109,3.561088593,22.81665703,Iowa,Kossuth,2026,1643,-383
20019,2.710440924,18.55840928,Kansas,Chautauqua,1330,947,-383
17099,3.074307327,20.49031555,Illinois,LaSalle,1658,1276,-382
28043,3.351146738,21.79585572,Mississippi,Grenada,1877,1495,-382
22011,2.4868934,17.05189352,Louisiana,Beauregard Parish,1100,719,-381
1055,2.624731951,18.08611912,Alabama,Etowah,1232,851,-381
40027,10.14232594,36.21989934,Oklahoma,Cleveland,3062,2682,-380
26117,2.305839856,16.02188193,Michigan,Montcalm,917,537,-380
39083,3.901295102,24.65487489,Ohio,Knox,2257,1877,-380
54063,2.228739003,15.41471049,West Virginia,Monroe,837,458,-379
40097,2.622361072,18.04412249,Oklahoma,Mayes,1229,850,-379
31157,4.388170498,27.01092761,Nebraska,Scotts Bluff,2507,2129,-378
20095,4.068322981,25.28324389,Kansas,Kingman,2336,1959,-377
27023,2.837415039,19.26190476,Minnesota,Chippewa,1438,1061,-377
20025,5.348531346,31.0880829,Kansas,Clark,2798,2422,-376
17009,1.878317681,12.58071235,Illinois,Brown,531,155,-376
31049,4.046242775,25.18089725,Nebraska,Deuel,2323,1948,-375
42081,3.920464863,24.78659223,Pennsylvania,Lycoming,2265,1890,-375
37163,2.336986438,16.23712635,North Carolina,Sampson,953,579,-374
26039,3.022915651,20.28887166,Michigan,Crawford,1610,1239,-371
40091,2.278602202,15.85030658,Oklahoma,McIntosh,887,517,-370
13265,1.822079314,12,Georgia,Taliaferro,484,114,-370
49003,4.316803425,26.69839896,Utah,Box Elder,2473,2104,-369
38101,4.93158834,29.58225425,North Dakota,Ward,2693,2324,-369
20079,5.077334197,30.08787958,Kansas,Harvey,2725,2357,-368
55067,2.462517799,16.98374265,Wisconsin,Langlade,1076,708,-368
31097,2.559967748,17.70448549,Nebraska,Johnson,1174,806,-368
41039,6.514457416,34.0324887,Oregon,Lane,2952,2585,-367
37041,3.973758201,24.99760468,North Carolina,Chowan,2289,1925,-364
21141,2.30738523,16.09272897,Kentucky,Logan,918,555,-363
21105,2.164762477,15.12253437,Kentucky,Hickman,771,408,-363
37023,3.162675938,21.0145708,North Carolina,Burke,1730,1368,-362
5001,1.977003888,13.56154789,Arkansas,Arkansas,597,235,-362
18155,1.683291771,8.856142399,Indiana,Switzerland,381,20,-361
18025,1.779876498,11.42289874,Indiana,Crawford,441,81,-360
17003,1.853030625,12.55361739,Illinois,Alexander,513,153,-360
22035,1.821052632,12.16800494,Louisiana,East Carroll Parish,483,123,-360
13191,2.961275626,20.04427227,Georgia,McIntosh,1555,1195,-360
13289,1.740760578,10.50864529,Georgia,Twiggs,412,52,-360
8073,4.187657431,26.07552581,Colorado,Lincoln,2400,2041,-359
30105,4.116504854,25.74036133,Montana,Valley,2359,2001,-358
48029,5.567650292,31.84453269,Texas,Bexar,2835,2477,-358
45007,4.262741217,26.48460966,South Carolina,Anderson,2440,2083,-357
54011,5.767032143,32.5648415,West Virginia,Cabell,2876,2519,-357
48073,2.746784771,18.93941578,Texas,Cherokee,1356,999,-357
48265,5.380959681,31.32258799,Texas,Kerr,2804,2450,-354
38033,3.469501959,22.56198347,North Dakota,Golden Valley,1960,1606,-354
29147,4.501756945,27.90006427,Missouri,Nodaway,2553,2199,-354
40109,7.893298579,35.85675319,Oklahoma,Oklahoma,3020,2667,-353
48151,2.473050095,17.14391967,Texas,Fisher,1084,732,-352
18035,4.188852579,26.18905896,Indiana,Delaware,2403,2054,-349
5039,1.759364359,11.34955752,Arkansas,Dallas,425,76,-349
48309,4.625311218,28.68549658,Texas,McLennan,2610,2262,-348
19141,3.356139053,22.04708078,Iowa,O'Brien,1883,1535,-348
12083,3.606302043,23.37394025,Florida,Marion,2064,1717,-347
26159,3.54453022,22.99422731,Michigan,Van Buren,2014,1668,-346
48035,3.007952057,20.37243119,Texas,Bosque,1596,1250,-346
53063,5.833780366,33.09084151,Washington,Spokane,2887,2541,-346
29045,2.110860458,14.87762988,Missouri,Clark,719,374,-345
28001,3.048656005,20.55771406,Mississippi,Adams,1631,1287,-344
8029,4.260939474,26.63932675,Colorado,Delta,2438,2097,-341
4019,9.227527733,36.79420391,Arizona,Pima,3054,2713,-341
17025,1.912646303,13.09510598,Illinois,Clay,546,205,-341
36063,4.478265046,27.95640363,New York,Niagara,2545,2206,-339
51800,5.906040268,33.34367337,Virginia,Suffolk city,2895,2556,-339
13259,1.845342707,12.7304875,Georgia,Stewart,504,167,-337
17185,2.669507457,18.585209,Illinois,Wabash,1290,953,-337
48201,6.363158557,34.24016352,Texas,Harris,2936,2599,-337
26147,2.989455886,20.31131097,Michigan,St. Clair,1577,1241,-336
5103,2.312367865,16.28654031,Arkansas,Ouachita,921,586,-335
48321,3.364776816,22.15529334,Texas,Matagorda,1885,1551,-334
36123,4.018728053,25.49240626,New York,Yates,2314,1980,-334
29105,2.31457669,16.32305885,Missouri,Laclede,925,593,-332
6037,7.249280415,36.01258665,California,Los Angeles,2999,2671,-328
17141,3.746620317,24.28460515,Illinois,Ogle,2158,1831,-327
55023,2.62125903,18.32713126,Wisconsin,Crawford,1228,902,-326
16041,3.660754889,23.94149346,Idaho,Franklin,2105,1780,-325
30037,3.075170843,20.85798817,Montana,Golden Valley,1660,1335,-325
35013,5.315019409,31.67524136,New Mexico,Dona Ana,2792,2468,-324
39037,2.326710817,16.48618161,Ohio,Darke,936,613,-323
48459,2.58782936,18.21168258,Texas,Upshur,1199,876,-323
34011,2.701491869,18.93017297,New Jersey,Cumberland,1318,996,-322
29063,2.310505319,16.35220126,Missouri,DeKalb,920,598,-322
26163,4.367355843,27.58261714,Michigan,Wayne,2499,2177,-322
48351,1.570845115,6.805633803,Texas,Newton,323,4,-319
20135,3.884320953,25.01359434,Kansas,Ness,2248,1929,-319
42005,2.709962108,18.98973136,Pennsylvania,Armstrong,1329,1010,-319
21151,6.295835063,34.43228318,Kentucky,Madison,2932,2613,-319
13245,3.788146838,24.5483715,Georgia,Richmond,2182,1864,-318
39081,2.965927367,20.3131483,Ohio,Jefferson,1560,1242,-318
19185,2.444556452,17.19890511,Iowa,Wayne,1062,744,-318
16043,3.470437018,22.82516892,Idaho,Fremont,1961,1644,-317
20073,3.225112879,21.59406858,Kansas,Greenwood,1785,1469,-316
45077,4.523794789,28.53986181,South Carolina,Pickens,2565,2249,-316
20053,3.443379482,22.74,Kansas,Ellsworth,1946,1633,-313
22081,1.968394788,13.99800598,Louisiana,Red River Parish,594,281,-313
48113,6.825782407,35.7357721,Texas,Dallas,2976,2664,-312
20185,4.273801251,27.13714078,Kansas,Stafford,2447,2135,-312
53003,3.801478353,24.66650497,Washington,Asotin,2191,1879,-312
48137,4.108681246,26.11731844,Texas,Edwards,2356,2045,-311
31011,2.857589007,19.74144896,Nebraska,Boone,1454,1147,-307
19079,3.439891941,22.75848728,Iowa,Hamilton,1943,1637,-306
35007,3.9497307,25.39597026,New Mexico,Colfax,2279,1974,-305
6083,7.867533128,36.81115374,California,Santa Barbara,3019,2715,-304
6095,4.551209014,28.75703727,California,Solano,2576,2273,-303
54103,2.417723846,17.08766716,West Virginia,Wetzel,1030,727,-303
17057,2.624393204,18.46906618,Illinois,Fulton,1231,929,-302
28135,1.709883502,11.70264966,Mississippi,Tallahatchie,397,95,-302
6007,5.269023828,31.92443116,California,Butte,2783,2482,-301
48101,3.091624508,21.0640608,Texas,Cottle,1673,1373,-300
39085,5.194235378,31.56846051,Ohio,Lake,2762,2462,-300
46103,6.12616716,34.63665985,South Dakota,Pennington,2923,2623,-300
51015,3.865181007,25.07828313,Virginia,Augusta,2239,1940,-299
18127,5.043065785,31.06739003,Indiana,Porter,2719,2420,-299
35019,2.288204849,16.38436482,New Mexico,Guadalupe,898,600,-298
31151,3.235930736,21.80120813,Nebraska,Saline,1794,1496,-298
40069,2.984873042,20.48723217,Oklahoma,Johnston,1572,1274,-298
17161,3.789943377,24.71947935,Illinois,Rock Island,2184,1887,-297
26119,2.170542636,15.55847569,Michigan,Montmorency,773,476,-297
51660,8.179678305,37.45142235,Virginia,Harrisonburg city,3029,2733,-296
48293,2.627314815,18.53289223,Texas,Limestone,1238,942,-296
13069,1.929401447,13.90433815,Georgia,Coffee,563,269,-294
20133,3.531684699,23.31636084,Kansas,Neosho,2004,1710,-294
31127,4.617899469,29.41176471,Nebraska,Nemaha,2605,2311,-294
8123,5.599283884,33.17271763,Colorado,Weld,2841,2547,-294
17005,3.201769705,21.62067455,Illinois,Bond,1764,1472,-292
22007,1.921049549,13.80696138,Louisiana,Assumption Parish,552,260,-292
22019,3.80002086,24.85253723,Louisiana,Calcasieu Parish,2190,1898,-292
37045,3.251397085,21.95233928,North Carolina,Cleveland,1809,1518,-291
5003,1.797858204,12.78933832,Arkansas,Ashley,463,172,-291
12103,7.305831963,36.759309,Florida,Pinellas,3001,2711,-290
54033,4.249591607,27.20285893,West Virginia,Harrison,2435,2147,-288
17201,3.865902765,25.22421815,Illinois,Winnebago,2240,1952,-288
19113,6.101927876,34.74170655,Iowa,Linn,2919,2631,-288
39133,5.378720896,32.50461255,Ohio,Portage,2803,2516,-287
20001,3.336695243,22.43718297,Kansas,Allen,1871,1585,-286
40039,5.170562485,31.69739047,Oklahoma,Custer,2754,2469,-285
29095,5.736426631,33.95679299,Missouri,Jackson,2869,2584,-285
36093,6.59012308,36.1026549,New York,Schenectady,2959,2675,-284
31161,3.661498225,24.24073558,Nebraska,Sheridan,2106,1822,-284
13285,3.574448098,23.7585117,Georgia,Troup,2040,1758,-282
55043,3.92233686,25.58793847,Wisconsin,Grant,2268,1986,-282
42131,3.287908285,22.13992647,Pennsylvania,Wyoming,1830,1548,-282
36041,5.533279872,33.22179732,New York,Hamilton,2830,2549,-281
20119,4.147627417,26.52499016,Kansas,Meade,2372,2091,-281
29119,1.740955674,12.28993595,Missouri,McDonald,413,133,-280
28125,2.221011037,16.06858054,Mississippi,Sharkey,830,550,-280
48191,3.152789006,21.44578313,Texas,Hall,1721,1441,-280
20081,2.84629981,19.87012987,Kansas,Haskell,1445,1166,-279
21095,1.811982465,13.04710992,Kentucky,Harlan,476,197,-279
30083,3.244426752,21.98619225,Montana,Richland,1800,1522,-278
12133,1.64874552,11.48164008,Florida,Washington,364,86,-278
54105,2.132921175,15.45302946,West Virginia,Wirt,740,462,-278
31033,3.48,23.2116355,Nebraska,Cheyenne,1969,1691,-278
19025,3.219315895,21.81973759,Iowa,Calhoun,1775,1499,-276
51195,2.180331592,15.76655391,Virginia,Wise,781,506,-275
42111,2.502822732,17.94054034,Pennsylvania,Somerset,1114,840,-274
26121,3.110020102,21.34616642,Michigan,Muskegon,1691,1419,-272
17175,3.132161956,21.42857143,Illinois,Stark,1708,1436,-272
20181,3.620040544,24.07013815,Kansas,Sherman,2072,1800,-272
22061,6.510219531,36.17591544,Louisiana,Lincoln Parish,2951,2681,-270
21167,3.78250591,24.90507314,Kentucky,Mercer,2181,1911,-270
20199,3.706823926,24.54361055,Kansas,Wallace,2132,1862,-270
1025,2.046898282,14.97410635,Alabama,Clarke,656,388,-268
38089,4.653154439,30.00741152,North Dakota,Stark,2621,2353,-268
37051,4.287387149,27.82058338,North Carolina,Cumberland,2460,2192,-268
40127,2.141961946,15.64599483,Oklahoma,Pushmataha,750,483,-267
22083,2.434966727,17.58528229,Louisiana,Richland Parish,1049,784,-265
51163,5.300289436,32.76650639,Virginia,Rockbridge,2790,2526,-264
55041,2.216216216,16.14110871,Wisconsin,Forest,827,563,-264
6067,5.684216347,34.1324617,California,Sacramento,2855,2592,-263
30043,5.178837556,32.1663484,Montana,Jefferson,2757,2494,-263
56019,4.713114754,30.32429061,Wyoming,Johnson,2640,2378,-262
26053,3.394405835,22.84005712,Michigan,Gogebic,1909,1648,-261
48047,2.348623853,16.96212732,Texas,Brooks,965,704,-261
22127,1.936958614,14.35046873,Louisiana,Winn Parish,571,311,-260
18055,2.214976389,16.1456451,Indiana,Greene,824,564,-260
39121,2.141119221,15.70240463,Ohio,Noble,747,489,-258
53053,4.832004184,30.8909972,Washington,Pierce,2666,2408,-258
46097,2.297592998,16.6968053,South Dakota,Miner,908,651,-257
51187,3.780241935,24.98209474,Virginia,Warren,2180,1923,-257
30111,5.662953014,34.14406468,Montana,Yellowstone,2850,2593,-257
40083,4.992732558,31.40488854,Oklahoma,Logan,2707,2451,-256
5131,3.478106299,23.32053189,Arkansas,Sebastian,1967,1711,-256
20165,3.071593533,21.20786517,Kansas,Rush,1656,1401,-255
21077,2.040816327,15.01000667,Kentucky,Gallatin,653,398,-255
13001,1.584918252,11.19402985,Georgia,Appling,327,73,-254
6045,3.817377533,25.15324228,California,Mendocino,2201,1947,-254
19041,4.236610711,27.54977297,Iowa,Clay,2428,2174,-254
41009,2.806729586,19.84862091,Oregon,Columbia,1417,1163,-254
40117,2.329988852,16.86769006,Oklahoma,Pawnee,937,684,-253
54091,2.928953097,20.48792631,West Virginia,Taylor,1528,1275,-253
12015,4.164780444,27.04577887,Florida,Charlotte,2383,2131,-252
39093,4.36967645,28.53597569,Ohio,Lorain,2500,2248,-252
46065,8.586132178,39.04777381,South Dakota,Hughes,3040,2789,-251
21081,2.088960922,15.29925414,Kentucky,Grant,689,438,-251
37171,2.899876258,20.39096797,North Carolina,Surry,1503,1253,-250
22033,7.926040319,38.53417393,Louisiana,East Baton Rouge Parish,3021,2772,-249
21227,5.170270942,32.33429195,Kentucky,Warren,2753,2504,-249
35001,7.515151515,38.1529262,New Mexico,Bernalillo,3006,2758,-248
36089,3.823818803,25.310871,New York,St. Lawrence,2208,1961,-247
24033,6.534054332,36.68148462,Maryland,Prince George's,2956,2709,-247
20007,4.186228482,27.25306417,Kansas,Barber,2398,2152,-246
29219,2.868107453,20.16897915,Missouri,Warren,1465,1220,-245
16061,3.069153069,21.27184827,Idaho,Lewis,1653,1409,-244
19027,3.569348531,23.9903127,Iowa,Carroll,2032,1789,-243
51159,2.322700526,16.9032445,Virginia,Richmond,932,690,-242
26013,1.990656104,14.77109587,Michigan,Baraga,603,363,-240
40119,8.841174613,39.70272721,Oklahoma,Payne,3048,2808,-240
40089,2.228531633,16.33682961,Oklahoma,McCurtain,836,596,-240
48307,3.547639734,23.92843832,Texas,McCulloch,2019,1779,-240
29035,1.5008726,10.05053341,Missouri,Carter,276,41,-235
4013,6.420624318,36.68029378,Arizona,Maricopa,2943,2708,-235
18097,5.726008037,34.75844131,Indiana,Marion,2866,2632,-234
18175,1.923076923,14.46429475,Indiana,Washington,555.5,322,-233.5
29221,1.588095536,11.71447878,Missouri,Washington,329,96,-233
19045,3.252092474,22.38889233,Iowa,Clinton,1811,1579,-232
35057,2.245108136,16.55759749,New Mexico,Torrance,856,625,-231
29021,3.52888177,23.85319495,Missouri,Buchanan,2001,1770,-231
46007,2.509147935,18.28143022,South Dakota,Bennett,1117,886,-231
21229,2.733040508,19.58907308,Kentucky,Washington,1345,1114,-231
1027,1.957831325,14.71421593,Alabama,Clay,584,353,-231
48057,2.822299652,20.05633396,Texas,Calhoun,1429,1198,-231
31045,6.07322575,36.23216352,Nebraska,Dawes,2916,2686,-230
27099,3.535121328,23.91613096,Minnesota,Mower,2008,1778,-230
13273,1.767151767,13.07094266,Georgia,Terrell,429,200,-229
12093,2.13592233,15.82341783,Florida,Okeechobee,743,514,-229
20077,3.335750544,22.79878554,Kansas,Harper,1870,1641,-229
55031,4.293768975,28.39383081,Wisconsin,Douglas,2465,2237,-228
26085,1.709401709,12.73102736,Michigan,Lake,396,168,-228
19081,2.891217926,20.45005922,Iowa,Hancock,1490,1263,-227
51045,2.650727651,19.1507799,Virginia,Craig,1266,1039,-227
40095,2.479480164,18.15601538,Oklahoma,Marshall,1091,864,-227
26067,2.552567237,18.53738948,Michigan,Ionia,1169,943,-226
13137,3.657448707,24.64877108,Georgia,Habersham,2101,1875,-226
51790,6.695536309,37.71749703,Virginia,Staunton city,2967,2742,-225
48337,2.596101293,18.86640221,Texas,Montague,1211,987,-224
37127,3.1984008,22.07533718,North Carolina,Nash,1762,1539,-223
17017,2.94991511,20.75776828,Illinois,Cass,1546,1323,-223
31171,4.337050805,28.69022869,Nebraska,Thomas,2486,2263,-223
26133,2.251381215,16.59990289,Michigan,Osceola,862,639,-223
19057,3.523402026,23.82572675,Iowa,Des Moines,1991,1768,-223
19197,3.701707098,24.88328665,Iowa,Wright,2130,1908,-222
28087,4.261264408,28.09835981,Mississippi,Lowndes,2439,2217,-222
41029,4.9211442,31.70650051,Oregon,Jackson,2691,2470,-221
29009,1.929725818,14.61099796,Missouri,Barry,564,343,-221
19029,3.205531113,22.12705984,Iowa,Cass,1767,1547,-220
12063,2.018170019,15.13074025,Florida,Jackson,630,411,-219
54031,2.098309695,15.6592099,West Virginia,Hardy,702,484,-218
45079,9.201761925,40.71362914,South Carolina,Richland,3053,2835,-218
28129,2.096538274,15.6131931,Mississippi,Smith,698,480,-218
49035,7.848305541,39.35006269,Utah,Salt Lake,3018,2800,-218
48439,5.663107437,34.77146186,Texas,Tarrant,2851,2633,-218
13233,2.079177536,15.42925414,Georgia,Polk,679,461,-218
34039,7.243246532,38.86053388,New Jersey,Union,2998,2780,-218
20113,5.448577681,34.2682381,Kansas,McPherson,2817,2600,-217
15003,6.966485785,38.46308127,Hawaii,Honolulu,2983,2767,-216
12011,6.150410171,36.71688828,Florida,Broward,2925,2710,-215
1125,4.982822308,32.09722482,Alabama,Tuscaloosa,2703,2489,-214
49015,2.48853962,18.28908555,Utah,Emery,1102,888,-214
31087,2.97691373,20.93150685,Nebraska,Hitchcock,1568,1354,-214
48443,4.053109713,26.86567164,Texas,Terrell,2329,2115,-214
39145,2.468495683,18.16817706,Ohio,Scioto,1081,867,-214
51029,1.905235255,14.50809465,Virginia,Buckingham,542,328,-214
21233,1.68612192,12.75597758,Kentucky,Webster,383,169,-214
48387,2.069672131,15.41627469,Texas,Red River,673,459,-214
31179,4.595851216,30.37348956,Nebraska,Wayne,2593,2380,-213
13205,1.854759568,14.26183844,Georgia,Mitchell,515,302,-213
47097,1.58002456,11.97833893,Tennessee,Lauderdale,325,112,-213
17011,3.109106187,21.66192277,Illinois,Bureau,1690,1477,-213
27113,2.992375198,20.99367286,Minnesota,Pennington,1578,1365,-213
51710,5.217885832,33.46569921,Virginia,Norfolk city,2771,2560,-211
56009,3.677472078,24.88218662,Wyoming,Converse,2116,1907,-209
56005,3.411513859,23.33022778,Wyoming,Campbell,1920,1714,-206
39095,4.410880424,29.36732573,Ohio,Lucas,2515,2310,-205
29025,2.771587744,19.93517018,Missouri,Caldwell,1381,1176,-205
18157,8.388841258,40.51826903,Indiana,Tippecanoe,3033,2829,-204
29139,2.39699404,17.6820208,Missouri,Montgomery,1003,800,-203
46081,5.124588622,32.93174715,South Dakota,Lawrence,2737,2534,-203
22065,1.837243097,14.10788382,Louisiana,Madison Parish,496,294,-202
13055,1.55651341,11.97298984,Georgia,Chattooga,311,111,-200
18151,3.803350862,25.63974535,Indiana,Steuben,2192,1992,-200
17139,2.588235294,18.96037056,Illinois,Moultrie,1201,1002,-199
17107,2.950023137,20.908632,Illinois,Logan,1547,1349,-198
28027,2.687472909,19.50713957,Mississippi,Coahoma,1303,1105,-198
48405,1.790462684,13.76975169,Texas,San Augustine,453,255,-198
55019,1.698092993,12.9955028,Wisconsin,Clark,386,189,-197
51730,3.760437662,25.39514815,Virginia,Petersburg city,2170,1973,-197
56033,4.649499285,31.0985743,Wyoming,Sheridan,2619,2423,-196
8009,3.633440514,24.70119522,Colorado,Baca,2079,1883,-196
12033,4.439813227,29.67895822,Florida,Escambia,2528,2334,-194
38097,4.607283896,30.85799367,North Dakota,Traill,2599,2405,-194
21113,5.187586846,33.53239529,Kentucky,Jessamine,2760,2566,-194
29055,1.827242525,14.12485306,Missouri,Crawford,489,296,-193
31109,9.778773182,41.8690607,Nebraska,Lancaster,3058,2865,-193
28003,2.52408334,18.55674411,Mississippi,Alcorn,1138,946,-192
46047,4.377451993,29.4198895,South Dakota,Fall River,2504,2312,-192
13107,1.746724891,13.46917518,Georgia,Emanuel,419,227,-192
38079,2.4204947,17.96033994,North Dakota,Rolette,1034,843,-191
48195,5.807365439,36.42743222,Texas,Hansford,2883,2693,-190
16049,3.236245955,22.56863658,Idaho,Idaho,1795,1607,-188
48377,4.187678141,28.02043423,Texas,Presidio,2401,2215,-186
40079,2.035876993,15.42081613,Oklahoma,Le Flore,646,460,-186
31067,3.334313437,23.13059505,Nebraska,Gage,1869,1685,-184
30001,6.129834879,37.67123288,Montana,Beaverhead,2924,2740,-184
12095,6.956192101,39.31703965,Florida,Orange,2982,2798,-184
48295,3.183425973,22.3522854,Texas,Lipscomb,1752,1569,-183
6111,5.704090863,36.1341919,California,Ventura,2860,2678,-182
46099,5.478048634,35.15761334,South Dakota,Minnehaha,2824,2644,-180
41007,4.275165177,28.73508201,Oregon,Clatsop,2449,2270,-179
47143,2.525579588,18.6209222,Tennessee,Rhea,1139,960,-179
47063,2.758908977,20.02988203,Tennessee,Hamblen,1369,1191,-178
18031,2.751070919,19.96577611,Indiana,Decatur,1361,1183,-178
1037,1.78066234,13.85935699,Alabama,Coosa,442,264,-178
1035,1.719275903,13.4184116,Alabama,Conecuh,400,222,-178
36023,4.316440778,29.13667838,New York,Cortland,2471,2294,-177
31091,3.576751118,24.59770115,Nebraska,Hooker,2043,1868,-175
5095,1.604696673,12.71388347,Arkansas,Monroe,339,165,-174
8077,4.876046626,32.31207917,Colorado,Mesa,2676,2503,-173
16003,3.06345733,21.60680011,Idaho,Adams,1644,1471,-173
40061,2.032198469,15.49190535,Oklahoma,Haskell,641,469,-172
13287,1.376052578,9.835509581,Georgia,Turner,206,34,-172
39111,1.518863302,12.06968496,Ohio,Monroe,289,119,-170
47069,1.535907015,12.20149051,Tennessee,Hardeman,297,127,-170
21131,1.458990536,11.46294248,Kentucky,Leslie,254,84,-170
19175,3.357338472,23.34554335,Iowa,Union,1884,1715,-169
26111,5.752014324,36.55293234,Michigan,Midland,2872,2703,-169
13261,3.011847155,21.41507907,Georgia,Sumter,1601,1433,-168
54109,1.64973588,13.05738852,West Virginia,Wyoming,366,198,-168
18101,1.696222051,13.32461494,Indiana,Martin,385,217,-168
21237,1.313755796,8.687943262,Kentucky,Wolfe,184,16,-168
38003,4.521829522,30.67729084,North Dakota,Barnes,2564,2397,-167
26123,2.413173086,18.12515582,Michigan,Newaygo,1024,857,-167
38015,6.568544996,39.11508071,North Dakota,Burleigh,2957,2790,-167
42045,8.4425215,41.93994119,Pennsylvania,Delaware,3034,2867,-167
5051,3.712296984,25.32957716,Arkansas,Garland,2134,1968,-166
21047,2.673267327,19.63522165,Kentucky,Christian,1291,1126,-165
26027,3.076692181,21.81935553,Michigan,Cass,1662,1498,-164
48041,9.076648841,43.00888658,Texas,Brazos,3052,2888,-164
16011,3.073190457,21.77161501,Idaho,Bingham,1657,1494,-163
48423,4.21214704,28.58934208,Texas,Smith,2416,2253,-163
12101,4.289308176,29.20299525,Florida,Pasco,2461,2299,-162
5123,1.796825028,14.24803768,Arkansas,St. Francis,461,300,-161
8017,3.822055138,26.12826603,Colorado,Cheyenne,2207,2047,-160
18089,3.756626653,25.80357247,Indiana,Lake,2166,2006,-160
13167,1.277208131,8.407792588,Georgia,Johnson,172,12,-160
48067,2.540503057,18.90876742,Texas,Cass,1153,993,-160
1013,1.705697309,13.53888422,Alabama,Butler,393,233,-160
12067,1.343283582,9.886817577,Florida,Lafayette,196,37,-159
47169,1.800064288,14.31537663,Tennessee,Trousdale,467,308,-159
48261,1.639344262,13.00813008,Texas,Kenedy,353,194,-159
22097,1.88781379,14.88793622,Louisiana,St. Landry Parish,536,377,-159
34013,6.499327311,39.14585615,New Jersey,Essex,2949,2791,-158
13283,1.475694444,11.86480186,Georgia,Treutlen,263,105,-158
48145,2.648406995,19.49929769,Texas,Falls,1261,1104,-157
20149,6.070171179,38.19269898,Kansas,Pottawatomie,2915,2759,-156
12115,7.186795161,40.81339247,Florida,Sarasota,2994,2838,-156
16057,8.64162398,42.99212598,Idaho,Latah,3042,2887,-155
16009,2.675253901,19.70580072,Idaho,Benewah,1294,1139,-155
54005,1.42748543,11.52012712,West Virginia,Boone,244,89,-155
21129,1.292810161,9.248133989,Kentucky,Lee,179,26,-153
20051,6.376262626,38.9144699,Kansas,Ellis,2938,2785,-153
40065,3.581244274,24.82434128,Oklahoma,Jackson,2045,1892,-153
37081,6.396169355,39.02816397,North Carolina,Guilford,2940,2787,-153
1107,1.644077312,13.08079313,Alabama,Pickens,355,202,-153
29057,1.923076923,15.08690199,Missouri,Dade,555.5,403,-152.5
20043,3.054770556,21.72864322,Kansas,Doniphan,1638,1487,-151
48161,2.170032879,16.53648582,Texas,Freestone,772,621,-151
29161,4.794665538,32.35170383,Missouri,Phelps,2657,2506,-151
19153,6.782106782,40.2554201,Iowa,Polk,2974,2823,-151
39035,5.666793494,36.54939194,Ohio,Cuyahoga,2852,2702,-150
47009,4.193330212,28.63276122,Tennessee,Blount,2407,2257,-150
38035,5.964026507,37.99715257,North Dakota,Grand Forks,2904,2754,-150
13309,1.321585903,10.0385274,Georgia,Wheeler,188,40,-148
46003,2.986647927,21.3836478,South Dakota,Aurora,1575,1428,-147
51750,5.910633484,37.93379605,Virginia,Radford city,2896,2749,-147
22031,2.089430341,16.04076961,Louisiana,De Soto Parish,690,544,-146
49005,7.808637487,42.23102654,Utah,Cache,3017,2872,-145
40149,2.77204629,20.28244788,Oklahoma,Washita,1383,1238,-145
13003,1.270053476,8.948306595,Georgia,Atkinson,166,22,-144
39001,1.865382962,14.88692127,Ohio,Adams,520,376,-144
17153,1.597405717,12.99796452,Illinois,Pulaski,335,191,-144
42099,2.760540971,20.21702738,Pennsylvania,Perry,1371,1228,-143
27061,3.751465416,25.89904223,Minnesota,Itasca,2162,2019,-143
48123,2.21648702,16.86937747,Texas,DeWitt,828,685,-143
13027,2.041040272,15.8013544,Georgia,Brooks,654,511,-143
37149,5.513100437,36.22291022,North Carolina,Polk,2828,2685,-143
8109,4.575619979,31.30966018,Colorado,Saguache,2587,2445,-142
48447,3.154574132,22.42114237,Texas,Throckmorton,1725,1583,-142
21065,1.493906434,12.20282135,Kentucky,Estill,270,128,-142
29001,5.361169102,35.53338993,Missouri,Adair,2800,2659,-141
29133,1.839526715,14.73594549,Missouri,Mississippi,498,358,-140
36035,2.889560298,20.90720458,New York,Fulton,1488,1348,-140
25013,4.270731005,29.31751685,Massachusetts,Hampden,2445,2305,-140
56017,3.87390809,26.69932639,Wyoming,Hot Springs,2244,2105,-139
29227,2.909689816,21.08303249,Missouri,Worth,1514,1375,-139
48011,3.957597173,27.17474981,Texas,Armstrong,2281,2143,-138
8101,3.691454696,25.60508048,Colorado,Pueblo,2127,1989,-138
18079,1.841359773,14.77391668,Indiana,Jennings,503,365,-138
19119,2.789191881,20.42651593,Iowa,Lyon,1397,1259,-138
51830,11.35430917,45.80073031,Virginia,Williamsburg city,3071,2933,-138
48185,2.661361627,19.71220367,Texas,Grimes,1278,1142,-136
30059,4.33869839,29.97465146,Montana,Meagher,2487,2352,-135
29069,1.617316525,13.21387347,Missouri,Dunklin,343,209,-134
29051,6.096114616,38.91133959,Missouri,Cole,2918,2784,-134
26003,2.895752896,21.01098901,Michigan,Alger,1500,1367,-133
13275,3.198015925,22.70474241,Georgia,Thomas,1761,1628,-133
47095,1.260504202,9.411993014,Tennessee,Lake,161,29,-132
22105,2.861914865,20.80937096,Louisiana,Tangipahoa Parish,1458,1326,-132
29015,1.859084518,14.96333788,Missouri,Benton,518,387,-131
26065,6.891902715,41.19912741,Michigan,Ingham,2978,2848,-130
1061,1.606333103,13.24485942,Alabama,Geneva,341,211,-130
48503,3.409649209,23.98788652,Texas,Young,1918,1788,-130
18091,3.188055942,22.67885282,Indiana,LaPorte,1754,1624,-130
24001,2.903976311,21.08802212,Maryland,Allegany,1506,1377,-129
21193,1.828285635,14.75248039,Kentucky,Perry,490,361,-129
5073,1.251251251,9.012016021,Arkansas,Lafayette,153,24,-129
17019,10.57346336,46.18081044,Illinois,Champaign,3066,2939,-127
19035,3.31317381,23.42266555,Iowa,Cherokee,1850,1724,-126
29033,2.572197976,19.25016812,Missouri,Carroll,1182,1056,-126
17145,1.667563206,13.66809882,Illinois,Perry,372,246,-126
28063,1.636636637,13.44763479,Mississippi,Jefferson,351,225,-126
12081,5.27693857,35.43041192,Florida,Manatee,2784,2658,-126
37077,3.623704407,25.19533045,North Carolina,Granville,2074,1949,-125
36051,4.405208563,30.55369128,New York,Livingston,2513,2388,-125
38017,7.462886184,42.64927698,North Dakota,Cass,3004,2879,-125
8041,7.068434762,41.87802709,Colorado,El Paso,2990,2866,-124
29113,2.420439265,18.36303444,Missouri,Lincoln,1033,910,-123
5077,1.185522494,7.238288517,Arkansas,Lee,129,7,-122
45055,3.409513884,24.03360283,South Carolina,Kershaw,1917,1795,-122
39117,2.591512796,19.38495769,Ohio,Morrow,1208,1086,-122
39049,7.069199907,42.10153496,Ohio,Franklin,2991,2869,-122
30049,7.588296143,43.03814376,Montana,Lewis and Clark,3011,2890,-121
46013,4.946887352,33.79750391,South Dakota,Brown,2698,2578,-120
47003,2.244267361,17.17277183,Tennessee,Bedford,855,736,-119
51167,1.563920713,13.06320566,Virginia,Russell,318,199,-119
28099,2.313581891,17.68876861,Mississippi,Neshoba,923,804,-119
48277,2.999383952,21.57482599,Texas,Lamar,1584,1465,-119
36011,3.514556467,24.61518868,New York,Cayuga,1988,1871,-117
54045,1.810473642,14.72330269,West Virginia,Logan,471,355,-116
28045,3.836677226,26.76374077,Mississippi,Hancock,2223,2107,-116
26165,2.931263405,21.30914563,Michigan,Wexford,1530,1414,-116
10003,6.123525818,39.68263424,Delaware,New Castle,2922,2807,-115
13319,1.434466496,12.26771913,Georgia,Wilkinson,247,132,-115
51171,2.999645012,21.59427059,Virginia,Shenandoah,1585,1470,-115
4005,6.398049234,40.34083178,Arizona,Coconino,2941,2827,-114
20067,3.597122302,25.12227657,Kansas,Grant,2059,1945,-114
5041,1.495103536,12.62742966,Arkansas,Desha,272,159,-113
36031,4.714539457,32.79606846,New York,Essex,2641,2529,-112
41057,3.758765778,26.19614945,Oregon,Tillamook,2169,2057,-112
42075,3.429754102,24.26874774,Pennsylvania,Lebanon,1939,1828,-111
39057,6.715874326,41.67013095,Ohio,Greene,2970,2859,-111
49025,4.166666667,28.75784605,Utah,Kane,2384.5,2274,-110.5
13005,1.259519625,10.3970528,Georgia,Bacon,160,51,-109
21133,1.460558487,12.48239319,Kentucky,Letcher,256,147,-109
37013,2.909241119,21.24023438,North Carolina,Beaufort,1513,1405,-108
51025,2.135316699,16.58681645,Virginia,Brunswick,742,635,-107
1075,1.392505378,12.05476632,Alabama,Lamar,223,116,-107
29115,2.546260896,19.24432025,Missouri,Linn,1161,1055,-106
28139,2.324801609,17.85164451,Mississippi,Tippah,934,828,-106
51630,8.649207443,46.13359281,Virginia,Fredericksburg city,3043,2938,-105
6073,7.216386497,43.15979109,California,San Diego,2996,2892,-104
46011,6.954489819,42.50807544,South Dakota,Brookings,2980,2876,-104
19139,3.220973783,23.08943652,Iowa,Muscatine,1780,1676,-104
36101,3.774068308,26.34250561,New York,Steuben,2179,2075,-104
54009,3.275559288,23.39669679,West Virginia,Brooke,1822,1719,-103
21061,1.268671987,10.72656922,Kentucky,Edmonson,164,61,-103
47177,1.707609347,14.10754166,Tennessee,Warren,395,293,-102
48043,8.11509861,45.46714721,Texas,Brewster,3025,2923,-102
1017,1.818639798,14.90798304,Alabama,Chambers,481,379,-102
17037,4.703183252,32.95017893,Illinois,DeKalb,2638,2537,-101
47013,1.470476768,12.66602103,Tennessee,Campbell,261,160,-101
20161,12.87928222,48.90682994,Kansas,Riley,3076,2975,-101
18171,2.260111023,17.50410509,Indiana,Warren,869,769,-100
30085,2.894295302,21.18854494,Montana,Roosevelt,1496,1396,-100
29155,1.466248185,12.62096774,Missouri,Pemiscot,258,158,-100
21209,5.095619988,34.73072138,Kentucky,Scott,2730,2630,-100
37015,2.495219015,18.99043977,North Carolina,Bertie,1110,1011,-99
39099,3.833785326,26.96684596,Ohio,Mahoning,2222,2123,-99
26071,3.116096866,22.51082251,Michigan,Iron,1696,1597,-99
29061,2.412413626,18.43810191,Missouri,Daviess,1022,925,-97
55127,4.618512781,32.40138466,Wisconsin,Walworth,2607,2510,-97
13087,1.850959221,15.14701363,Georgia,Decatur,509,413,-96
31147,3.328388652,23.83951062,Nebraska,Richardson,1865,1769,-96
30057,4.644481685,32.58270781,Montana,Madison,2616,2520,-96
48027,3.858906244,27.16285519,Texas,Bell,2237,2141,-96
54037,4.886142579,33.87100651,West Virginia,Jefferson,2678,2583,-95
46027,7.738528769,45.37792994,South Dakota,Clay,3014,2919,-95
19105,3.047602319,22.03960396,Iowa,Jones,1629,1534,-95
26007,2.389430285,18.32549995,Michigan,Alpena,995,901,-94
31057,2.696456086,20.16326531,Nebraska,Dundy,1311,1218,-93
8105,5,34.48107448,Colorado,Rio Grande,2709,2616,-93
21079,2.444026662,18.71606515,Kentucky,Garrard,1061,968,-93
5019,3.727073868,26.18739903,Arkansas,Clark,2143,2052,-91
36085,5.157657003,35.70382266,New York,Richmond,2752,2662,-90
48347,4.015230183,28.19026131,Texas,Nacogdoches,2312,2222,-90
13059,8.664331505,47.39727129,Georgia,Clarke,3044,2954,-90
40005,2.187575538,16.93839695,Oklahoma,Atoka,789,699,-90
45035,4.236782432,29.80608786,South Carolina,Dorchester,2429,2343,-86
8115,3.853211009,27.2,Colorado,Sedgwick,2231,2145,-86
28055,1.123234917,8.582089552,Mississippi,Issaquena,100,14,-86
20071,4.236200257,29.79737783,Kansas,Greeley,2427,2342,-85
47007,1.393728223,12.36314637,Tennessee,Bledsoe,225,140,-85
13235,1.739508589,14.49522064,Georgia,Pulaski,411,326,-85
51680,5.683969707,38.48702622,Virginia,Lynchburg city,2854,2770,-84
30063,8.553682343,47.41750186,Montana,Missoula,3039,2955,-84
13089,8.60670769,47.428084,Georgia,DeKalb,3041,2957,-84
34033,3.533083645,24.96299521,New Jersey,Salem,2005,1922,-83
22123,1.854510648,15.2481203,Louisiana,West Carroll Parish,514,431,-83
26109,2.40990823,18.51237779,Michigan,Menominee,1018,936,-82
27173,2.604222484,19.67410984,Minnesota,Yellow Medicine,1214,1132,-82
45091,5.797101449,39.30049359,South Carolina,York,2879,2797,-82
30015,3.178776291,22.9983369,Montana,Chouteau,1750,1669,-81
53037,5.377350464,36.99634926,Washington,Kittitas,2802,2721,-81
29189,8.529502235,47.41969549,Missouri,St. Louis,3037,2956,-81
17029,3.815630184,26.90403907,Illinois,Coles,2199,2118,-81
48243,5.144995323,35.9058208,Texas,Jeff Davis,2748,2668,-80
27129,2.330241187,18.13089623,Minnesota,Renville,938,858,-80
51051,1.17026749,10.07053292,Virginia,Dickenson,121,42,-79
48071,3.005394297,21.93433787,Texas,Chambers,1592,1514,-78
20097,4.014466546,28.34257548,Kansas,Kiowa,2311,2233,-78
28059,3.768624014,26.65633321,Mississippi,Jackson,2176,2099,-77
20101,3.415941058,24.40870388,Kansas,Lane,1925,1849,-76
28101,2.533019721,19.33636764,Mississippi,Newton,1147,1071,-76
42027,7.777499014,46.22252677,Pennsylvania,Centre,3015,2940,-75
12029,1.192088865,10.72545341,Florida,Dixie,132,60,-72
27095,2.333804809,18.17749101,Minnesota,Mille Lacs,943,871,-72
1101,4.915334344,34.46268677,Alabama,Montgomery,2686,2615,-71
20203,2.653247941,20.05730659,Kansas,Wichita,1269,1199,-70
16001,6.956166621,44.59749039,Idaho,Ada,2981,2912,-69
29211,1.907151819,15.53872465,Missouri,Sullivan,544,475,-69
40085,2.105263158,16.62348877,Oklahoma,Love,709,641,-68
37193,2.144451097,16.87384899,North Carolina,Wilkes,755,687,-68
42007,4.064719338,28.71471663,Pennsylvania,Beaver,2334,2267,-67
29181,1.391419579,12.56764069,Missouri,Ripley,221,154,-67
21033,2.190051967,17.08446251,Kentucky,Caldwell,791,725,-66
39113,4.395107728,31.30313574,Ohio,Montgomery,2509,2443,-66
39107,2.99683433,21.94370685,Ohio,Mercer,1582,1517,-65
18119,2.119736465,16.77279674,Indiana,Owen,730,666,-64
12085,5.291005291,37.13531217,Florida,Martin,2788,2725,-63
51087,7.550606449,46.50941199,Virginia,Henrico,3009,2946,-63
49053,5.005081301,35.22003408,Utah,Washington,2710,2648,-62
21067,8.140088124,48.29331934,Kentucky,Fayette,3027,2965,-62
55079,4.917832946,34.68774461,Wisconsin,Milwaukee,2689,2627,-62
1063,1.81081993,15.12735757,Alabama,Greene,472,410,-62
55003,3.41442953,24.52796738,Wisconsin,Ashland,1923,1861,-62
21147,1.012906388,8.480268682,Kentucky,McCreary,74,13,-61
21213,2.422198375,18.78894509,Kentucky,Simpson,1037,976,-61
16059,3.327645051,24.07558234,Idaho,Lemhi,1863,1802,-61
21189,1,7.121160985,Kentucky,Owsley,67,6,-61
29019,10.51679832,51.53581832,Missouri,Boone,3065,3004,-61
6003,5.970149254,41.0971223,California,Alpine,2905,2844,-61
36067,5.675609918,39.21619286,New York,Onondaga,2853,2793,-60
49019,5.325443787,37.48925193,Utah,Grand,2796,2736,-60
38105,3.390025282,24.3999837,North Dakota,Williams,1905,1846,-59
21205,3.641190973,25.92823929,Kentucky,Rowan,2083,2025,-58
30039,4.793863854,34.22222222,Montana,Granite,2656,2598,-58
53075,8.681569923,49.776168,Washington,Whitman,3045,2987,-58
29077,4.677035479,33.5944152,Missouri,Greene,2629,2571,-58
37061,2.241144817,17.62927939,North Carolina,Duplin,851,794,-57
13279,2.368180034,18.4184873,Georgia,Toombs,979,922,-57
20157,2.904929577,21.50338879,Kansas,Republic,1507,1450,-57
36045,3.721068839,26.45276244,New York,Jefferson,2138,2081,-57
48419,1.796825841,15.09374607,Texas,Shelby,462,405,-57
36115,3.051307703,22.37207457,New York,Washington,1634,1577,-57
37161,2.895603331,21.46621236,North Carolina,Rutherford,1499,1443,-56
12009,4.768392371,34.21234668,Florida,Brevard,2652,2596,-56
53023,4.43324937,31.77623991,Washington,Garfield,2525,2471,-54
54069,4.696145441,33.87030856,West Virginia,Ohio,2636,2582,-54
29065,2.053354891,16.46852465,Missouri,Dent,662,608,-54
56029,5.059920107,35.98720293,Wyoming,Park,2722,2670,-52
20045,12.04456682,53.19409977,Kansas,Douglas,3074,3022,-52
40135,1.799159089,15.15118035,Oklahoma,Sequoyah,466,414,-52
42041,5.728984799,40.00471236,Pennsylvania,Cumberland,2867,2817,-50
29205,2.383922384,18.52211959,Missouri,Shelby,990,940,-50
41003,13.32724783,54.19852392,Oregon,Benton,3078,3028,-50
41001,3.649499815,26.14140774,Oregon,Baker,2097,2048,-49
17043,9.761001394,51.84367663,Illinois,DuPage,3057,3008,-49
21099,1.290776813,12.22330607,Kentucky,Hart,177,129,-48
36119,10.7772938,53.11677948,New York,Westchester,3068,3020,-48
53067,5.455598112,38.49867404,Washington,Thurston,2818,2771,-47
17067,3.520821731,25.10801728,Illinois,Hancock,1990,1943,-47
12121,2.09050664,16.64796809,Florida,Suwannee,692,645,-47
51153,6.611666279,44.92403042,Virginia,Prince William,2961,2915,-46
16045,2.753593845,20.73104201,Idaho,Gem,1364,1319,-45
54107,3.314054367,24.11483413,West Virginia,Wood,1851,1807,-44
19103,12.90030211,55.15804506,Iowa,Johnson,3077,3033,-44
54015,1.164360445,11.33123496,West Virginia,Clay,119,75,-44
29223,1.377410468,12.68638171,Missouri,Wayne,207,163,-44
19031,3.241650295,23.73317199,Iowa,Cedar,1799,1756,-43
8093,5.924781041,41.61507586,Colorado,Park,2899,2857,-42
19169,11.85212033,54.84835942,Iowa,Story,3072,3030,-42
19061,4.604756138,33.36864881,Iowa,Dubuque,2598,2557,-41
13307,0.980872977,8.862876254,Georgia,Webster,60,21,-39
54007,1.637852593,14.38416102,West Virginia,Braxton,352,314,-38
36059,8.112704504,49.67532667,New York,Nassau,3024,2986,-38
12073,7.670489579,48.90519118,Florida,Leon,3012,2974,-38
13127,4.487502097,32.44286672,Georgia,Glynn,2550,2513,-37
54029,2.590069355,19.88221437,West Virginia,Hancock,1205,1168,-37
6013,6.529948772,45.2310354,California,Contra Costa,2955,2918,-37
54025,3.005035465,22.17117079,West Virginia,Greenbrier,1591,1554,-37
17195,2.685661838,20.4535464,Illinois,Whiteside,1301,1265,-36
29137,2.413381123,18.87582541,Missouri,Monroe,1025,990,-35
12125,1.141967298,11.10315827,Florida,Union,106,71,-35
18081,4.811918063,34.68381203,Indiana,Johnson,2660,2626,-34
37001,3.997253244,28.71510433,North Carolina,Alamance,2302,2268,-34
36095,3.644629373,26.19475552,New York,Schoharie,2089,2055,-34
13321,1.192282679,11.74072282,Georgia,Worth,133,99,-34
6001,8.711184067,52.24594675,California,Alameda,3047,3013,-34
17097,7.182102505,47.70559783,Illinois,Lake,2993,2960,-33
44007,4.45240952,32.26304708,Rhode Island,Providence,2534,2501,-33
54013,1.016566265,10.10822511,West Virginia,Calhoun,75,43,-32
6059,6.366359534,44.07734825,California,Orange,2937,2905,-32
56001,10.51212938,55.01733303,Wyoming,Albany,3064,3032,-32
17109,4.334251607,31.40932265,Illinois,McDonough,2484,2452,-32
39089,4.07053135,29.34568309,Ohio,Licking,2340,2308,-32
48427,1.487631898,13.578322,Texas,Starr,267,236,-31
21063,0.905373832,8.671889233,Kentucky,Elliott,44,15,-29
55025,10.33249864,55.32002944,Wisconsin,Dane,3063,3035,-28
28105,6.945572705,46.97278142,Mississippi,Oktibbeha,2979,2951,-28
19155,3.219573335,23.64033718,Iowa,Pottawattamie,1776,1748,-28
42115,2.514206068,19.45223734,Pennsylvania,Susquehanna,1122,1095,-27
31061,2.837837838,21.3037317,Nebraska,Franklin,1439,1412,-27
35049,6.651915364,46.06763108,New Mexico,Santa Fe,2963,2937,-26
27065,1.865955826,15.72745902,Minnesota,Kanabec,521,495,-26
29097,3.509454349,25.27043672,Missouri,Jasper,1984,1958,-26
48121,7.545141874,49.44349334,Texas,Denton,3008,2982,-26
17157,1.793545208,15.24534841,Illinois,Randolph,455,430,-25
21031,0.981253661,9.872281671,Kentucky,Butler,61,36,-25
6079,5.583781143,39.84145163,California,San Luis Obispo,2839,2814,-25
20141,3.225806452,23.79421222,Kansas,Osborne,1786,1761,-25
1049,1.562018292,14.08141491,Alabama,DeKalb,316,292,-24
13035,1.6,14.40090919,Georgia,Butts,338,315,-23
51121,7.152444871,48.83542997,Virginia,Montgomery,2992,2969,-23
30081,3.963414634,28.68190703,Montana,Ravalli,2284,2261,-23
36081,4.977296648,36.13528897,New York,Queens,2702,2679,-23
5111,1.126031192,11.37175905,Arkansas,Poinsett,102,80,-22
8085,3.967652262,28.71094973,Colorado,Montrose,2287,2266,-21
36033,3.223599485,23.80711866,New York,Franklin,1783,1762,-21
36109,12.56908198,58.75970259,New York,Tompkins,3075,3055,-20
21109,0.888673453,8.838439497,Kentucky,Jackson,39,19,-20
21191,1.80660702,15.36499215,Kentucky,Pendleton,470,450,-20
23001,3.165474142,23.35565533,Maine,Androscoggin,1736,1716,-20
5119,5.205401126,37.93155524,Arkansas,Pulaski,2767,2748,-19
29103,1.876917524,15.79596874,Missouri,Knox,529,510,-19
45045,5.729260527,41.26143335,South Carolina,Greenville,2868,2849,-19
1081,5.891148325,42.37504544,Alabama,Lee,2893,2874,-19
31095,2.631872421,20.21149242,Nebraska,Jefferson,1244,1225,-19
26161,12.01455098,58.71340446,Michigan,Washtenaw,3073,3054,-19
37119,7.21948899,49.22188506,North Carolina,Mecklenburg,2997,2979,-18
24031,17.85619959,60.61219884,Maryland,Montgomery,3079,3061,-18
22037,2.460286711,19.2508166,Louisiana,East Feliciana Parish,1075,1057,-18
31145,3.3959429,24.82815507,Nebraska,Red Willow,1910,1894,-16
8103,3.374233129,24.65105808,Colorado,Rio Blanco,1892,1876,-16
12007,1.767554479,15.16552341,Florida,Bradford,430,415,-15
54077,2.196083764,17.54868182,West Virginia,Preston,797,782,-15
17073,3.38875397,24.73841555,Illinois,Henry,1904,1889,-15
5067,1.653092493,14.72392638,Arkansas,Jackson,370,356,-14
48453,9.238532704,56.56094907,Texas,Travis,3055,3042,-13
17159,2.427381678,19.07641561,Illinois,Richland,1038,1025,-13
37003,2.0483546,16.66168783,North Carolina,Alexander,659,646,-13
17033,2.688561539,20.59768397,Illinois,Crawford,1305,1293,-12
8049,5.885214008,42.67910268,Colorado,Grand,2892,2880,-12
31077,2.818906606,21.31882202,Nebraska,Greeley,1427,1415,-12
51141,1.745566262,15.11619274,Virginia,Patrick,418,406,-12
48209,5.93919093,43.15441705,Texas,Hays,2902,2891,-11
55077,1.956802658,16.21780845,Wisconsin,Marquette,583,572,-11
39153,4.879624815,35.76952248,Ohio,Summit,2677,2666,-11
38071,3.53776472,25.71537098,North Dakota,Ramsey,2011,2000,-11
54043,0.786807502,8.14441049,West Virginia,Lincoln,20,10,-10
56035,4.394904459,32.25261217,Wyoming,Sublette,2508,2499,-9
21183,1.498691618,13.86199667,Kentucky,Ohio,274,265,-9
55075,2.545933087,19.77069174,Wisconsin,Marinette,1160,1151,-9
18141,4.545744817,33.51365866,Indiana,St. Joseph,2573,2565,-8
36025,3.792088918,27.59139914,New York,Delaware,2186,2178,-8
39097,3.285947332,24.21930722,Ohio,Madison,1826,1818,-8
48173,4.006410256,29.24648787,Texas,Glasscock,2308,2300,-8
22091,1.040406484,11.36480246,Louisiana,St. Helena Parish,85,78,-7
30031,8.452460904,54.27647814,Montana,Gallatin,3035,3029,-6
42063,3.70530712,26.98909104,Pennsylvania,Indiana,2131,2125,-6
17059,1.431186554,13.59661495,Illinois,Gallatin,245,239,-6
31035,2.982954545,22.28078582,Nebraska,Clay,1571,1565,-6
18159,3.169995355,23.5443038,Indiana,Tipton,1743,1738,-5
24019,2.469517856,19.35525138,Maryland,Dorchester,1082,1077,-5
42091,8.038856496,53.0234111,Pennsylvania,Montgomery,3023,3019,-4
21201,1.468274777,13.77777778,Kentucky,Robertson,260,256,-4
27125,2.348066298,18.64468864,Minnesota,Red Lake,964,961,-3
47075,1.568932039,14.45264952,Tennessee,Haywood,322,319,-3
48099,2.46434462,19.34920489,Texas,Coryell,1078,1075,-3
29203,1.285998913,12.80943026,Missouri,Shannon,176,174,-2
12099,5.546563745,40.52770747,Florida,Palm Beach,2832,2830,-2
39015,1.834143283,15.708937,Ohio,Brown,493,491,-2
37135,10.61096137,61.75701291,North Carolina,Orange,3067,3065,-2
36079,6.165573138,45.49310562,New York,Putnam,2926,2924,-2
37151,2.226265141,17.88594753,North Carolina,Randolph,833,832,-1
8069,7.801842171,52.95435192,Colorado,Larimer,3016,3016,0
51013,18.91058291,77.07945268,Virginia,Arlington,3080,3080,0
12013,1.409229069,13.58524972,Florida,Calhoun,237,237,0
26155,2.574863388,19.9979445,Michigan,Shiawassee,1187,1188,1
6081,7.957610265,53.67268172,California,San Mateo,3022,3023,1
29085,1.273712737,12.78928136,Missouri,Hickory,169,171,2
51027,1.030834614,11.45616742,Virginia,Buchanan,81,83,2
37021,6.324485607,45.91026191,North Carolina,Buncombe,2933,2935,2
6085,8.53692885,56.4964157,California,Santa Clara,3038,3040,2
29087,2.517936916,19.64227642,Missouri,Holt,1126,1128,2
27137,4.526084605,33.59099578,Minnesota,St. Louis,2567,2570,3
20031,2.519619992,19.68120805,Kansas,Coffey,1131,1134,3
5093,1.434187339,13.69937908,Arkansas,Mississippi,246,249,3
11001,10.96988227,64.2466339,District of Columbia,District of Columbia,3070,3073,3
41051,6.68825789,48.86493751,Oregon,Multnomah,2966,2970,4
26073,4.266942271,31.3162871,Michigan,Isabella,2442,2448,6
25021,8.992556176,58.78348514,Massachusetts,Norfolk,3049,3056,7
48213,2.680794026,20.67467714,Texas,Henderson,1300,1307,7
22073,3.888372093,28.6176961,Louisiana,Ouachita Parish,2249,2256,7
18085,3.418605994,25.05530566,Indiana,Kosciusko,1929,1936,7
36069,5.14055753,37.97148596,New York,Ontario,2743,2751,8
12001,6.60270043,48.76158682,Florida,Alachua,2960,2968,8
18123,2.013422819,16.58733593,Indiana,Perry,627,636,9
1093,1.368395021,13.26237054,Alabama,Marion,203,212,9
18105,6.778873458,49.45424417,Indiana,Monroe,2973,2983,10
36097,3.612289497,26.38369341,New York,Schuyler,2069,2079,10
37173,2.821625888,21.44009681,North Carolina,Swain,1428,1439,11
5127,1.306880806,13.00087745,Arkansas,Scott,182,193,11
51540,9.612008427,62.45268736,Virginia,Charlottesville city,3056,3068,12
31075,3.879310345,28.63636364,Nebraska,Grant,2245,2258,13
31055,5.700020664,42.1093407,Nebraska,Douglas,2858,2871,13
27109,6.708814883,49.39911901,Minnesota,Olmsted,2968,2981,13
55107,2.084022494,16.91689777,Wisconsin,Rusk,682,695,13
8031,8.153144315,56.52793336,Colorado,Denver,3028,3041,13
54065,2.226345083,18.03438697,West Virginia,Morgan,834,848,14
37183,8.36796847,57.15542222,North Carolina,Wake,3032,3047,15
39069,2.476396843,19.49918971,Ohio,Henry,1088,1103,15
54027,2.267646119,18.29708103,West Virginia,Hampshire,875,891,16
13033,1.785566669,15.46158203,Georgia,Burke,447,463,16
12047,0.912936985,10.96656164,Florida,Hamilton,49,65,16
42043,4.599156511,34.42813559,Pennsylvania,Dauphin,2595,2612,17
36077,4.590852735,34.38669756,New York,Otsego,2592,2609,17
39157,2.529541153,19.80010636,Ohio,Tuscarawas,1141,1159,18
13293,1.786935705,15.48123643,Georgia,Upson,450,468,18
37089,4.893841289,36.51183212,North Carolina,Henderson,2680,2698,18
8117,7.73480663,54.9981296,Colorado,Summit,3013,3031,18
47019,2.664477838,20.63018242,Tennessee,Carter,1280,1298,18
26077,5.536639775,41.27034447,Michigan,Kalamazoo,2831,2850,19
22055,4.686817719,35.25977121,Louisiana,Lafayette Parish,2633,2652,19
26049,3.099900003,23.27933924,Michigan,Genesee,1682,1701,19
41053,4.21405272,31.20794671,Oregon,Polk,2418,2438,20
47101,0.833333333,10.2675658,Tennessee,Lewis,29,49,20
31141,3.067599068,23.01347996,Nebraska,Platte,1650,1670,20
51510,9.936648875,66.16250911,Virginia,Alexandria city,3059,3079,20
45037,3.101900739,23.30594971,South Carolina,Edgefield,1686,1708,22
17081,2.237148024,18.16876819,Illinois,Jefferson,846,868,22
53065,2.933259074,22.17766192,Washington,Stevens,1532,1555,23
18063,5.267516979,39.49351751,Indiana,Hendricks,2781,2804,23
46049,3.002563164,22.63489839,South Dakota,Faulk,1590,1614,24
26017,2.918116333,22.11998088,Michigan,Bay,1520,1544,24
39061,5.582457604,41.83018496,Ohio,Hamilton,2838,2863,25
8061,2.575957728,20.12133468,Colorado,Kiowa,1189,1214,25
8013,8.686131387,64.15566403,Colorado,Boulder,3046,3071,25
18021,2.61297057,20.32863088,Indiana,Clay,1220,1246,26
51059,9.002959756,64.98564327,Virginia,Fairfax,3050,3078,28
42049,4.082849914,30.30211983,Pennsylvania,Erie,2347,2375,28
21239,5.406714009,40.7421014,Kentucky,Woodford,2807,2836,29
33001,4.456157163,33.55213841,New Hampshire,Belknap,2537,2567,30
27123,5.921539209,45.64775921,Minnesota,Ramsey,2898,2928,30
25015,6.815123789,51.60464932,Massachusetts,Hampshire,2975,3005,30
19019,2.946301283,22.35766528,Iowa,Buchanan,1543,1574,31
1085,1.510731402,14.36856604,Alabama,Lowndes,282,313,31
42097,2.434904177,19.36133444,Pennsylvania,Northumberland,1047,1079,32
37063,7.391638166,55.22655205,North Carolina,Durham,3002,3034,32
46095,2.400835073,19.14556962,South Dakota,Mellette,1004,1037,33
29185,1.560832444,14.69024005,Missouri,St. Clair,315,348,33
13207,3.644285997,26.96023693,Georgia,Monroe,2087,2121,34
21159,0.743971267,10.19100431,Kentucky,Martin,12,46,34
6113,5.79736211,44.80748125,California,Yolo,2880,2914,34
19051,2.087256748,17.06210747,Iowa,Davis,687,721,34
26033,3.081172971,23.29439252,Michigan,Chippewa,1667,1703,36
39051,2.568405691,20.15966012,Ohio,Fulton,1180,1217,37
6041,8.136154875,61.1268333,California,Marin,3026,3064,38
53033,7.47645353,56.72607172,Washington,King,3005,3043,38
18165,2.14257268,17.61520103,Indiana,Vermillion,752,790,38
40017,4.266152893,31.89925337,Oklahoma,Canadian,2441,2480,39
48479,2.774941995,21.37814799,Texas,Webb,1388,1427,39
47121,1.332373064,13.5009311,Tennessee,Meigs,190,229,39
54053,1.913962814,16.28914605,West Virginia,Mason,547,587,40
47067,0.787401575,10.75467818,Tennessee,Hancock,21,62,41
55053,1.814231396,15.89224252,Wisconsin,Jackson,479,520,41
26157,1.921209954,16.33102092,Michigan,Tuscola,553,594,41
53059,4,29.82034677,Washington,Skamania,2303,2345,42
49029,5.057096248,38.36623553,Utah,Morgan,2721,2763,42
20063,3.214442977,24.16534181,Kansas,Gove,1771,1813,42
36061,8.232850596,64.18995551,New York,New York,3030,3072,42
51077,1.752178122,15.46575925,Virginia,Grayson,421,464,43
55047,3.013095376,22.83792675,Wisconsin,Green Lake,1602,1646,44
46055,2.806122449,21.54696133,South Dakota,Haakon,1416,1460,44
8045,4.440706476,33.60679195,Colorado,Garfield,2529,2573,44
29011,2.107047711,17.38269159,Missouri,Barton,713,757,44
48007,3.854625551,28.81094425,Texas,Aransas,2233,2278,45
27117,2.858713579,21.82724787,Minnesota,Pipestone,1456,1502,46
20015,4.290338509,32.37032318,Kansas,Butler,2462,2509,47
20087,3.271523179,24.60868901,Kansas,Jefferson,1821,1869,48
29031,4.351552085,33.09344512,Missouri,Cape Girardeau,2493,2542,49
20193,4.545454545,34.6146024,Kansas,Thomas,2572,2621,49
42001,3.458401305,25.76119921,Pennsylvania,Adams,1955,2004,49
39017,4.333254939,32.84852589,Ohio,Butler,2482,2531,49
47093,5.313870119,40.96581611,Tennessee,Knox,2791,2841,50
31021,3.331921502,24.9219238,Nebraska,Burt,1866,1916,50
18071,2.57481801,20.27521451,Indiana,Jackson,1186,1236,50
27145,3.843008994,28.79121981,Minnesota,Stearns,2226,2277,51
28079,1.783702591,15.72761593,Mississippi,Leake,444,496,52
39009,4.572299486,34.91937035,Ohio,Athens,2585,2637,52
20171,3.832211289,28.71652816,Kansas,Scott,2217,2269,52
24005,5.471933192,42.32086717,Maryland,Baltimore,2821,2873,52
12079,1.389076197,13.90938607,Florida,Madison,218,271,53
6023,4.345536874,33.12981694,California,Humboldt,2491,2544,53
47027,0.859220093,11.48981026,Tennessee,Clay,34,87,53
29141,1.959823616,16.61435857,Missouri,Morgan,586,640,54
36013,3.371644483,25.12069083,New York,Chautauqua,1890,1944,54
39063,4.029018772,30.26545921,Ohio,Hancock,2317,2372,55
34003,6.681571762,53.13657392,New Jersey,Bergen,2965,3021,56
1073,4.669659783,36.22242775,Alabama,Jefferson,2628,2684,56
5079,0.94252638,11.96781422,Arkansas,Lincoln,53,110,57
1127,1.936077585,16.55981235,Alabama,Walker,570,627,57
21107,2.021230188,16.91361565,Kentucky,Hopkins,635,694,59
29091,2.152104947,17.81674002,Missouri,Howell,761,820,59
13189,2.144559174,17.77061942,Georgia,McDuffie,756,816,60
8057,4.154589372,31.26142596,Colorado,Jackson,2379,2441,62
27053,6.657867186,54.13627098,Minnesota,Hennepin,2964,3026,62
49049,5.643187893,44.3862551,Utah,Utah,2847,2909,62
48313,2.234543011,18.35381103,Texas,Madison,843,906,63
17071,2.628019324,20.63593683,Illinois,Henderson,1239,1302,63
5121,0.956045237,12.08398134,Arkansas,Randolph,56,120,64
51760,5.710160927,45.63515179,Virginia,Richmond city,2863,2927,64
20091,7.004420265,57.55712519,Kansas,Johnson,2985,3050,65
29143,1.45998038,14.45283714,Missouri,New Madrid,255,320,65
34027,7.027615813,57.80990394,New Jersey,Morris,2986,3052,66
13131,1.888285844,16.4215409,Georgia,Grady,537,603,66
29149,1.041038021,12.55133892,Missouri,Oregon,86,152,66
5149,1.554249278,14.89408168,Arkansas,Yell,310,378,68
27011,3.41713881,25.7027027,Minnesota,Big Stone,1928,1996,68
29107,3.523752255,26.21622786,Missouri,Lafayette,1992,2060,68
20011,3.126740393,23.85537013,Kansas,Bourbon,1703,1771,68
17055,1.768855867,15.75681913,Illinois,Franklin,432,500,68
25017,7.051753321,59.5094473,Massachusetts,Middlesex,2989,3058,69
51101,3.007518797,22.95758502,Virginia,King William,1595,1664,69
5009,2.065321806,17.19299558,Arkansas,Boone,669,739,70
13171,2.361727897,19.1804382,Georgia,Lamar,974,1044,70
13099,1.52027027,14.74504249,Georgia,Early,290,360,70
21177,1.499500167,14.6622208,Kentucky,Muhlenberg,275,346,71
22023,1.976639712,16.77347451,Louisiana,Cameron Parish,596,667,71
5083,1.954707986,16.7027488,Arkansas,Logan,582,653,71
54101,1.154517385,12.91937907,West Virginia,Webster,111,182,71
18003,4.181256214,31.58765353,Indiana,Allen,2392,2464,72
42051,2.341284994,19.08690928,Pennsylvania,Fayette,956,1028,72
45073,3.797468354,28.65039386,South Carolina,Oconee,2188,2260,72
19111,2.801621364,21.68832818,Iowa,Lee,1409,1481,72
31003,2.594866071,20.53320861,Nebraska,Antelope,1210,1283,73
13253,1.226158038,13.37831891,Georgia,Seminole,146,221,75
33009,5.753414321,46.71826299,New Hampshire,Grafton,2874,2949,75
53069,2.824427481,21.84967868,Washington,Wahkiakum,1431,1506,75
21059,3.517985612,26.24085966,Kentucky,Daviess,1989,2065,76
12031,4.45922621,34.43419645,Florida,Duval,2538,2614,76
5099,1.313821833,13.84089273,Arkansas,Nevada,185,262,77
53035,4.87012987,37.938959,Washington,Kitsap,2673,2750,77
19181,4.319332738,33.28000883,Iowa,Warren,2474,2551,77
25001,5.820522927,48.23656195,Massachusetts,Barnstable,2886,2964,78
55139,4.079197974,31.11919927,Wisconsin,Winnebago,2345,2425,80
48155,2.596927579,20.61579652,Texas,Foard,1212,1294,82
48403,1.398337113,14.32231617,Texas,Sabine,227,309,82
21101,2.52,20.14848289,Kentucky,Henderson,1133,1216,83
8111,6.177156177,52.12224109,Colorado,San Juan,2928,3012,84
26041,2.607734807,20.63184098,Michigan,Delta,1216,1300,84
5113,2.119338968,17.75790718,Arkansas,Polk,729,814,85
47179,4.416531605,34.29810792,Tennessee,Washington,2518,2603,85
13149,1.046698873,12.80885065,Georgia,Heard,88,173,85
16055,3.921262303,29.95213147,Idaho,Kootenai,2266,2351,85
23011,4.183319426,31.92426196,Maine,Kennebec,2396,2481,85
27153,1.811134602,16.10988638,Minnesota,Todd,473,559,86
19183,3.493862134,26.23781676,Iowa,Washington,1978,2064,86
22109,2.269115871,18.68093144,Louisiana,Terrebonne Parish,877,963,86
46079,4.452717796,34.62989463,South Dakota,Lake,2535,2622,87
54061,5.812502364,48.89560497,West Virginia,Monongalia,2885,2972,87
38073,2.975856261,22.88794184,North Dakota,Ransom,1565,1653,88
27013,4.38697318,34.17969228,Minnesota,Blue Earth,2506,2595,89
13161,1.164049811,13.19285863,Georgia,Jeff Davis,118,207,89
5057,1.848686293,16.33584303,Arkansas,Hempstead,506,595,89
31133,2.691596466,21.19318182,Nebraska,Pawnee,1307,1397,90
31019,4.414185246,34.36997826,Nebraska,Buffalo,2517,2607,90
13139,3.609956006,27.28995445,Georgia,Hall,2065,2156,91
13251,1.485482782,14.73231358,Georgia,Screven,266,357,91
20191,3.421122287,25.91591987,Kansas,Sumner,1931,2022,91
12061,4.341563786,33.82725604,Florida,Indian River,2489,2580,91
21219,1.874252293,16.52943345,Kentucky,Todd,526,618,92
37067,4.872524715,38.48008641,North Carolina,Forsyth,2675,2768,93
36117,3.379703395,25.59953594,New York,Wayne,1895,1988,93
17031,5.296923984,42.7182885,Illinois,Cook,2789,2883,94
6055,5.036993483,39.792863,California,Napa,2717,2811,94
6087,5.41036681,43.93609945,California,Santa Cruz,2808,2902,94
20027,3.366708385,25.51396943,Kansas,Clay,1887,1982,95
12059,0.913511124,12.50704225,Florida,Holmes,50,148,98
18029,3.324328381,25.26769573,Indiana,Dearborn,1859,1957,98
21025,1.611438947,15.30494822,Kentucky,Breathitt,342,441,99
13239,0.902777778,12.38779174,Georgia,Quitman,43,142,99
51105,1.335559265,14.07784649,Virginia,Lee,192,291,99
20139,2.751993011,21.56453952,Kansas,Osage,1362,1462,100
33017,4.943768472,39.28032321,New Hampshire,Strafford,2696,2796,100
41027,5.133995784,40.9832191,Oregon,Hood River,2741,2842,101
19195,2.319109462,19.12313433,Iowa,Worth,930,1031,101
47071,1.542877646,15.09175011,Tennessee,Hardin,301,404,103
19085,2.814970156,21.99470951,Iowa,Harrison,1423,1526,103
42003,5.484747626,45.75384903,Pennsylvania,Allegheny,2826,2930,104
8051,6.77764566,64.6640384,Colorado,Gunnison,2972,3076,104
39149,2.701776041,21.3702133,Ohio,Shelby,1319,1424,105
47051,3.081450705,23.875923,Tennessee,Franklin,1668,1773,105
21153,1.004947434,12.81507362,Kentucky,Magoffin,71,176,105
55097,4.332228081,34.03446201,Wisconsin,Portage,2480,2586,106
47109,1.054247697,13.04229195,Tennessee,McNairy,90,196,106
36057,2.960058019,22.92352993,New York,Montgomery,1552,1658,106
18125,1.772557395,16.02973632,Indiana,Pike,435,541,106
33019,3.923266502,30.30669285,New Hampshire,Sullivan,2269,2376,107
6075,6.523515305,60.33867365,California,San Francisco,2953,3060,107
28009,0.988142292,12.77024551,Mississippi,Benton,63,170,107
41041,3.737350506,28.64025293,Oregon,Lincoln,2152,2259,107
36001,5.560459582,46.42163998,New York,Albany,2834,2942,108
36071,4.20025311,32.54683183,New York,Orange,2409,2518,109
28143,1.219512195,13.72195841,Mississippi,Tunica,141,251,110
47085,1.681931724,15.70302234,Tennessee,Humphreys,380,490,110
39131,1.817018554,16.31646655,Ohio,Pike,480,590,110
55087,4.205459162,32.72555753,Wisconsin,Outagamie,2413,2524,111
36065,3.641404806,27.84682799,New York,Oneida,2084,2195,111
40059,3.813183565,29.34210526,Oklahoma,Harper,2195,2307,112
31129,2.986348123,23.13863928,Nebraska,Nuckolls,1573,1686,113
31107,2.289819284,19.00941751,Nebraska,Knox,902,1016,114
56039,6.475903614,61.08396268,Wyoming,Teton,2948,3062,114
22025,1.745410773,15.96638655,Louisiana,Catahoula Parish,417,531,114
51033,2.780765094,21.84803663,Virginia,Caroline,1390,1505,115
49037,2.540937324,20.47306474,Utah,San Juan,1154,1269,115
19163,4.579472896,36.59672098,Iowa,Scott,2588,2704,116
47151,0.986740672,12.85092922,Tennessee,Scott,62,178,116
55057,1.930797171,16.86540016,Wisconsin,Juneau,566,683,117
39151,3.39190609,25.9212716,Ohio,Stark,1906,2023,117
29127,3.190669475,24.63912134,Missouri,Marion,1756,1873,117
27087,1.786197564,16.1588181,Minnesota,Mahnomen,449,566,117
38021,3.754469607,28.92586989,North Dakota,Dickey,2163,2283,120
53011,4.245571167,33.33779918,Washington,Clark,2434,2555,121
37017,2.364987314,19.46715534,North Carolina,Bladen,976,1097,121
48407,1.787330317,16.22161218,Texas,San Jacinto,451,573,122
1021,1.824059109,16.46888567,Alabama,Chilton,488,610,122
13267,1.591973244,15.39697655,Georgia,Tattnall,332,454,122
53005,4.234527687,33.20162646,Washington,Benton,2426,2548,122
29053,3.075596436,23.97489899,Missouri,Cooper,1661,1783,122
21111,4.612360461,37.02823891,Kentucky,Jefferson,2602,2724,122
1057,1.439500705,14.85235787,Alabama,Fayette,249,372,123
34035,6.173420245,57.7956447,New Jersey,Somerset,2927,3051,124
47113,3.480246787,26.59168748,Tennessee,Madison,1970,2094,124
22039,1.175595238,13.6701409,Louisiana,Evangeline Parish,123,247,124
18093,2.519879648,20.41158916,Indiana,Lawrence,1132,1256,124
36055,5.093585547,41.46508448,New York,Monroe,2729,2853,124
54003,3.263966307,25.10553679,West Virginia,Berkeley,1817,1942,125
29023,1.683890578,15.77831091,Missouri,Butler,382,507,125
17143,4.397629883,34.86595108,Illinois,Peoria,2510,2636,126
37071,3.463406217,26.48985158,North Carolina,Gaston,1957,2084,127
37129,5.318735927,45.39067542,North Carolina,New Hanover,2793,2920,127
13183,1.044529962,13.28496156,Georgia,Long,87,215,128
54089,2.238577124,18.77236742,West Virginia,Summers,847,975,128
5143,4.420115386,35.24939058,Arkansas,Washington,2522,2650,128
47083,1.156812339,13.63333333,Tennessee,Houston,115,243,128
5107,1.479057049,14.99803691,Arkansas,Phillips,265,394,129
51047,3.564184294,27.34551257,Virginia,Culpeper,2030,2160,130
17113,5.476548612,47.21814279,Illinois,McLean,2823,2953,130
17151,1.642664266,15.66632757,Illinois,Pope,354,485,131
51149,3.226324238,24.9627015,Virginia,Prince George,1787,1921,134
55133,5.574007607,48.87717752,Wisconsin,Waukesha,2836,2971,135
21169,0.935114504,12.96630148,Kentucky,Metcalfe,52,188,136
54075,2.388369678,19.65406139,West Virginia,Pocahontas,994,1130,136
1119,2.269584316,19.01015591,Alabama,Sumter,878,1017,139
13313,2.479611171,20.23183539,Georgia,Whitfield,1092,1231,139
42031,3.01850541,23.58247933,Pennsylvania,Clarion,1604,1743,139
8019,5.989583333,57.49561463,Colorado,Clear Creek,2909,3049,140
5075,1.334741694,14.52585419,Arkansas,Lawrence,191,331,140
13115,3.351814516,25.89994128,Georgia,Floyd,1880,2020,140
21027,1.256752288,14.18282548,Kentucky,Breckinridge,158,298,140
13181,1.584222438,15.48109966,Georgia,Lincoln,326,467,141
13121,6.010647886,58.49074776,Georgia,Fulton,2912,3053,141
47005,0.865588764,12.81985451,Tennessee,Benton,36,177,141
20037,4.098667465,32.15996578,Kansas,Crawford,2350,2492,142
50007,5.932974183,56.77469364,Vermont,Chittenden,2901,3044,143
20123,3.39908953,26.19526925,Kansas,Mitchell,1912,2056,144
28149,3.698666199,28.75652941,Mississippi,Warren,2128,2272,144
42037,3.452725561,26.62061757,Pennsylvania,Columbia,1951,2095,144
36107,3.252827881,25.26552759,New York,Tioga,1812,1956,144
47111,0.603732162,12.52334333,Tennessee,Macon,4,150,146
31125,2.445585718,20.11393514,Nebraska,Nance,1063,1210,147
30071,3.288700963,25.43333333,Montana,Phillips,1831,1978,147
36113,4.484245731,36.43598267,New York,Warren,2547,2695,148
28107,2.038679478,17.65298183,Mississippi,Panola,649,797,148
30005,3.046974185,23.90447484,Montana,Blaine,1628,1777,149
25023,5.016606309,41.82340243,Massachusetts,Plymouth,2713,2862,149
53031,5.157480315,43.92687027,Washington,Jefferson,2751,2901,150
35027,4.079140205,32.16985887,New Mexico,Lincoln,2344,2495,151
33013,4.681280187,38.90932832,New Hampshire,Merrimack,2632,2783,151
39041,5.971291866,59.43040846,Ohio,Delaware,2906,3057,151
37197,2.006256067,17.51778597,North Carolina,Yadkin,621,772,151
37093,2.986594264,23.45386569,North Carolina,Hoke,1574,1726,152
46033,4.016913319,31.59907142,South Dakota,Custer,2313,2465,152
33003,4.659724414,38.64857636,New Hampshire,Carroll,2622,2775,153
31169,3.025500648,23.82048331,Nebraska,Thayer,1611,1766,155
18145,2.747392521,21.9226408,Indiana,Shelby,1357,1512,155
18115,2.047930283,17.75679928,Indiana,Ohio,658,813,155
36087,5.081461911,42.7086718,New York,Rockland,2726,2882,156
16019,4.168730395,33.10672332,Idaho,Bonneville,2387,2543,156
23019,3.819802564,30.14381523,Maine,Penobscot,2205,2361,156
24043,3.071122091,24.14178319,Maryland,Washington,1654,1810,156
42021,3.031078507,23.90404158,Pennsylvania,Cambria,1620,1776,156
20023,2.76224926,22.01356286,Kansas,Cheyenne,1372,1528,156
13093,1.384451544,14.81826654,Georgia,Dooly,211,369,158
5063,2.096761035,18.13678871,Arkansas,Independence,700,859,159
29179,1.395788976,14.9630955,Missouri,Reynolds,226,386,160
51043,4.764384275,39.8125,Virginia,Clarke,2651,2812,161
20021,2.316158684,19.42213884,Kansas,Cherokee,928,1091,163
19005,2.774067605,22.15568862,Iowa,Allamakee,1387,1552,165
8059,5.639493054,51.98772769,Colorado,Jefferson,2844,3011,167
19001,2.403783003,19.94274809,Iowa,Adair,1012,1179,167
5071,2.049401359,17.84720612,Arkansas,Johnson,660,827,167
38093,3.312437118,25.86275551,North Dakota,Stutsman,1849,2017,168
5087,0.685131195,12.86415712,Arkansas,Madison,10,179,169
44009,5.622134223,52.37329218,Rhode Island,Washington,2843,3014,171
38081,2.103378832,18.21760916,North Dakota,Sargent,708,880,172
47123,1.925244177,17.11446236,Tennessee,Monroe,558,730,172
21045,0.669099757,12.90959691,Kentucky,Casey,7,181,174
27147,3.569492138,27.9584991,Minnesota,Steele,2033,2207,174
53009,3.96712502,31.55474835,Washington,Clallam,2286,2460,174
48167,4.285211049,34.7946853,Texas,Galveston,2459,2634,175
27169,4.095082265,32.72426307,Minnesota,Winona,2348,2523,175
21203,1.02989558,13.7481533,Kentucky,Rockcastle,79,254,175
29027,3.117829667,24.63991275,Missouri,Callaway,1699,1874,175
42077,4.213434805,34.17861842,Pennsylvania,Lehigh,2417,2594,177
26113,2.193877551,18.76554583,Michigan,Missaukee,795,973,178
27159,2.369154537,19.8150872,Minnesota,Wadena,981,1160,179
17091,2.605987902,21.18458948,Illinois,Kankakee,1215,1395,180
5047,1.237167676,14.50819672,Arkansas,Franklin,149,329,180
5069,2.409887933,20.05360843,Arkansas,Jefferson,1017,1197,180
19097,2.315275391,19.5208454,Iowa,Jackson,926,1107,181
51041,5.039613987,43.78620214,Virginia,Chesterfield,2718,2899,181
47025,2.09448671,18.21523207,Tennessee,Claiborne,696,878,182
39125,1.851851852,16.92012289,Ohio,Paulding,511,696,185
13079,1.234166937,14.52981518,Georgia,Crawford,147,332,185
24029,4.652628924,39.58094966,Maryland,Kent,2620,2805,185
28153,1.62960917,15.9873642,Mississippi,Wayne,347,533,186
47061,1.170170567,14.30168733,Tennessee,Grundy,120,306,186
51095,5.425492382,51.04788411,Virginia,James City,2813,2999,186
13169,2.381582429,19.91843637,Georgia,Jones,987,1173,186
34021,5.113431459,45.44113206,New Jersey,Mercer,2735,2922,187
30061,3.32103321,26.09508547,Montana,Mineral,1856,2043,187
42033,2.431121839,20.23661799,Pennsylvania,Clearfield,1044,1232,188
48385,2.584814216,21.1225997,Texas,Real,1195,1384,189
21127,1.253263708,14.64848971,Kentucky,Lawrence,155,344,189
28151,2.771914232,22.35615273,Mississippi,Washington,1382,1572,190
55055,3.605242486,28.54696307,Wisconsin,Jefferson,2061,2251,190
46077,2.888888889,23.09398392,South Dakota,Kingsbury,1486,1677,191
55069,2.314360484,19.59144059,Wisconsin,Lincoln,924,1116,192
13303,1.841269841,16.91297209,Georgia,Washington,501,693,192
50001,4.992420414,43.57021678,Vermont,Addison,2705,2897,192
48199,2.555140412,20.98314607,Texas,Hardin,1170,1363,193
31051,2.927608233,23.40884574,Nebraska,Dixon,1526,1721,195
25007,5.436046512,51.89819852,Massachusetts,Dukes,2815,3010,195
47039,1.049868766,14.02688486,Tennessee,Decatur,89,284,195
47181,0.995189915,13.81791721,Tennessee,Wayne,64,261,197
1133,1.142560374,14.27399027,Alabama,Winston,107,304,197
28159,2.330487192,19.69647252,Mississippi,Winston,939,1138,199
29017,1.000625391,13.88888889,Missouri,Bollinger,68,267,199
19037,2.578862537,21.16913293,Iowa,Chickasaw,1193,1393,200
21197,0.96543133,13.78448961,Kentucky,Powell,57,258,201
29186,1.800384548,16.78544352,Missouri,Ste. Genevieve,468,670,202
26145,3.062336981,24.39772363,Michigan,Saginaw,1642,1845,203
47081,0.975177305,13.85714286,Tennessee,Hickman,58,263,205
26151,1.728334956,16.47212754,Michigan,Sanilac,406,611,205
1039,1.87803011,17.16934721,Alabama,Covington,530,735,205
29047,4.353299066,36.5454956,Missouri,Clay,2495,2701,206
36029,4.486537048,38.04689378,New York,Erie,2549,2755,206
47129,0.80989545,13.55964588,Tennessee,Morgan,27,234,207
17167,4.360497238,36.61326561,Illinois,Sangamon,2497,2705,208
48497,2.729912875,22.15121424,Texas,Wise,1342,1550,208
34001,3.921617636,31.83713982,New Jersey,Atlantic,2267,2476,209
12041,1.401869159,15.30421799,Florida,Gilchrist,230,439,209
37125,4.691900804,41.00256052,North Carolina,Moore,2634,2843,209
20127,3.719839142,29.90418558,Kansas,Morris,2137,2346,209
46109,2.127402393,18.56360316,South Dakota,Roberts,738,948,210
22087,1.945305892,17.5970791,Louisiana,St. Bernard Parish,578,788,210
6097,4.512189647,38.48661116,California,Sonoma,2558,2769,211
19131,3.116463869,24.88700178,Iowa,Mitchell,1697,1909,212
21039,1.275806077,14.93902439,Kentucky,Carlisle,171,383,212
1065,1.938864629,17.58695225,Alabama,Hale,573,785,212
51097,2.13740458,18.61126921,Virginia,King and Queen,745,958,213
47065,4.417723571,37.47081345,Tennessee,Hamilton,2520,2735,215
48251,3.165359779,25.21618439,Texas,Johnson,1735,1951,216
47157,4.168443147,34.28177859,Tennessee,Shelby,2386,2602,216
8065,5.211810013,49.49514563,Colorado,Lake,2768,2984,216
29121,2.252488214,19.36860068,Missouri,Macon,865,1081,216
51740,3.030198088,24.31829563,Virginia,Portsmouth city,1615,1834,219
13119,1.975066536,17.7613657,Georgia,Franklin,595,815,220
27091,2.940079099,23.77177949,Minnesota,Martin,1539,1760,221
23021,2.637821425,21.62281346,Maine,Piscataquis,1252,1474,222
51007,2.121212121,18.59143495,Virginia,Amelia,732,955,223
26125,5.234114548,51.04143576,Michigan,Oakland,2775,2998,223
46015,3.574567829,28.70786517,South Dakota,Brule,2041,2265,224
49011,4.539809576,39.25072998,Utah,Davis,2570,2794,224
31181,2.56302521,21.21840033,Nebraska,Webster,1177,1402,225
29173,1.823047332,17.0031881,Missouri,Ralls,485,711,226
13155,1.344035841,15.20833333,Georgia,Irwin,197,423,226
25025,5.202047629,50.61175401,Massachusetts,Suffolk,2766,2994,228
55101,3.544381586,28.44600334,Wisconsin,Racine,2013,2242,229
19101,4.826929184,43.23864603,Iowa,Jefferson,2665,2895,230
23025,2.529651594,21.06389643,Maine,Somerset,1142,1372,230
27015,3.045793397,24.46677144,Minnesota,Brown,1626,1856,230
20163,2.865144334,23.21378142,Kansas,Rooks,1462,1692,230
21139,1.175729582,14.71650699,Kentucky,Livingston,124,354,230
50025,4.863312795,44.02159638,Vermont,Windham,2672,2903,231
25027,4.546436321,39.66495307,Massachusetts,Worcester,2574,2806,232
22071,4.721638973,42.37729119,Louisiana,Orleans Parish,2643,2875,232
25011,4.608465076,40.5900193,Massachusetts,Franklin,2601,2833,232
5011,1.379387686,15.30968305,Arkansas,Bradley,208,443,235
21231,0.852734164,13.89730225,Kentucky,Wayne,33,268,235
36105,3.686957951,30.10386788,New York,Sullivan,2124,2359,235
18047,2.25236436,19.4812396,Indiana,Franklin,864,1099,235
26011,1.524777637,15.95464135,Michigan,Arenac,292,528,236
48289,2.103183825,18.55125206,Texas,Leon,707,944,237
48317,2.512963702,20.9371293,Texas,Martin,1120,1357,237
47037,5.091608734,48.3907524,Tennessee,Davidson,2728,2966,238
5135,0.848865104,13.90569257,Arkansas,Sharp,32,270,238
17147,3.982725528,32.89111389,Illinois,Piatt,2294,2532,238
29229,1.506611749,15.8606427,Missouri,Wright,280,518,238
27043,2.649618732,21.84058996,Minnesota,Faribault,1265,1504,239
24003,4.921972103,45.76108945,Maryland,Anne Arundel,2692,2931,239
16071,3.323988787,26.65177147,Idaho,Oneida,1858,2098,240
55071,2.763286132,22.63595281,Wisconsin,Manitowoc,1375,1615,240
29215,1.65042752,16.46440356,Missouri,Texas,367,607,240
26107,2.734839477,22.45334514,Michigan,Mecosta,1348,1588,240
28023,1.884395511,17.52596613,Mississippi,Clarke,535,775,240
47185,1.270681668,15.12472215,Tennessee,White,167,409,242
29075,2.617801047,21.59199237,Missouri,Gentry,1226,1468,242
20115,3.721850561,30.39350406,Kansas,Marion,2139,2382,243
12017,2.439807384,20.61609004,Florida,Citrus,1053,1296,243
45019,5.148126879,50.33547762,South Carolina,Charleston,2749,2992,243
25003,4.54218128,39.95129414,Massachusetts,Berkshire,2571,2815,244
27097,2.142804182,18.93693243,Minnesota,Morrison,753,997,244
6057,4.625918504,41.5453105,California,Nevada,2611,2855,244
47175,0.621468927,13.70916079,Tennessee,Van Buren,5,250,245
39109,3.33203808,26.81981373,Ohio,Miami,1867,2112,245
51137,3.620689655,29.55024206,Virginia,Orange,2073,2320,247
24510,4.240400091,36.13780634,Maryland,Baltimore city,2431,2680,249
37011,3.100498931,25.02955956,North Carolina,Avery,1683,1932,249
54051,2.412733361,20.48642331,West Virginia,Marshall,1023,1273,250
20017,3.680307608,30.23746702,Kansas,Chase,2119,2370,251
17135,2.030332681,18.30591701,Illinois,Montgomery,640,893,253
39013,2.136953288,18.93764434,Ohio,Belmont,744,998,254
17149,2.080816217,18.49301594,Illinois,Pike,680,934,254
37147,4.04717234,33.82674469,North Carolina,Pitt,2325,2579,254
48223,2.641125183,21.87549066,Texas,Hopkins,1253,1508,255
24025,4.538179565,40.33320544,Maryland,Harford,2569,2826,257
47079,2.175277139,19.12651882,Tennessee,Henry,777,1034,257
46025,2.277475972,19.71940764,South Dakota,Clark,886,1144,258
51161,4.306115297,37.14697447,Virginia,Roanoke,2467,2726,259
47135,0.871275998,14.1686747,Tennessee,Perry,38,297,259
17173,2.028212962,18.31877875,Illinois,Shelby,638,897,259
54087,1.253701876,15.16648553,West Virginia,Roane,156,416,260
21009,2.028716337,18.32314129,Kentucky,Barren,639,900,261
31029,2.950819672,24.13525068,Nebraska,Chase,1548,1809,261
17191,1.5645917,16.25278149,Illinois,Wayne,319,581,262
53039,3.76376989,31.17872869,Washington,Klickitat,2171,2434,263
51700,3.700361011,30.63693048,Virginia,Newport News city,2129,2393,264
17193,2.010227473,18.29206155,Illinois,White,624,889,265
26021,3.728982534,30.94254531,Michigan,Berrien,2145,2410,265
22047,2.089975204,18.59379421,Louisiana,Iberville Parish,691,956,265
51143,1.520353114,16.10309555,Virginia,Pittsylvania,291,557,266
42119,3.27036698,26.50085763,Pennsylvania,Union,1820,2088,268
6061,4.664168348,43.17561007,California,Placer,2625,2893,268
8001,3.545747582,29.01998777,Colorado,Adams,2016,2285,269
48421,3.655107779,30.22193211,Texas,Sherman,2100,2369,269
47073,1.542049045,16.16436428,Tennessee,Hawkins,300,569,269
45063,4.028221673,34.05711912,South Carolina,Lexington,2316,2587,271
21165,1.123595506,14.85998193,Kentucky,Menifee,101,373,272
21023,1.920152091,17.8450034,Kentucky,Bracken,551,826,275
22069,3.165298945,25.81750091,Louisiana,Natchitoches Parish,1734,2010,276
41005,4.504581656,40.54396428,Oregon,Clackamas,2555,2831,276
10001,3.380518709,27.53742379,Delaware,Kent,1896,2172,276
32029,3.748488513,31.23683419,Nevada,Storey,2160,2440,280
16007,2.573626957,21.58173853,Idaho,Bear Lake,1185,1466,281
24039,2.203950157,19.39390461,Maryland,Somerset,807,1088,281
1097,3.176809803,25.97046534,Alabama,Mobile,1749,2030,281
27127,2.660697694,22.1849866,Minnesota,Redwood,1275,1557,282
47049,0.954782922,14.55963368,Tennessee,Fentress,55,337,282
48045,2.79023418,23.10838446,Texas,Briscoe,1398,1681,283
17127,1.769378912,17.04852426,Illinois,Massac,433,717,284
42107,2.276597652,19.88588416,Pennsylvania,Schuylkill,884,1169,285
55063,4.202169424,36.45521441,Wisconsin,La Crosse,2410,2696,286
18147,2.629577312,22.00252419,Indiana,Spencer,1240,1527,287
13305,1.512833588,16.20392532,Georgia,Wayne,284,571,287
39087,2.039771273,18.52181877,Ohio,Lawrence,652,939,287
40045,2.537960954,21.43968872,Oklahoma,Ellis,1150,1438,288
29067,1.103241624,14.93913249,Missouri,Douglas,95,384,289
26079,2.10808739,18.98630545,Michigan,Kalkaska,718,1007,289
21055,1.221020093,15.26449968,Kentucky,Crittenden,142,432,290
28071,4.78686579,46.49437805,Mississippi,Lafayette,2654,2944,290
21035,3.729409587,31.18416043,Kentucky,Calloway,2146,2436,290
55135,2.385784289,20.51316069,Wisconsin,Waupaca,991,1281,290
46037,2.625975869,21.98966408,South Dakota,Day,1234,1525,291
13025,0.902708124,14.53116573,Georgia,Brantley,42,333,291
44001,5.091284878,53.008588,Rhode Island,Bristol,2727,3018,291
47173,0.671641791,14.18493151,Tennessee,Union,8,299,291
55027,2.3357123,20.31056478,Wisconsin,Dodge,948,1240,292
47099,1.171178159,15.1769057,Tennessee,Lawrence,122,417,295
36083,4.269355401,37.55406308,New York,Rensselaer,2443,2738,295
26063,2.032206311,18.52123936,Michigan,Huron,642,938,296
8125,3.089482952,25.32684707,Colorado,Yuma,1670,1967,297
55035,4.210330039,36.76184673,Wisconsin,Eau Claire,2415,2712,297
47001,3.345478635,27.54005022,Tennessee,Anderson,1875,2173,298
40033,2.766489528,23.10143388,Oklahoma,Cotton,1379,1678,299
5089,1.019277642,14.88,Arkansas,Marion,76,375,299
27085,2.313284865,20.1924196,Minnesota,McLeod,922,1221,299
17061,2.101817555,18.97051716,Illinois,Greene,704,1006,302
20103,4.150603495,36.11822937,Kansas,Leavenworth,2374,2676,302
22075,2.537212449,21.51007368,Louisiana,Plaquemines Parish,1149,1452,303
28119,1.761837345,17.10758377,Mississippi,Quitman,426,729,303
13213,1.110412738,15.02858599,Georgia,Murray,96,400,304
1009,1.383125864,15.81823481,Alabama,Blount,209,513,304
27115,1.79383527,17.42128663,Minnesota,Pine,457,762,305
31059,2.73355362,22.87724406,Nebraska,Fillmore,1346,1652,306
33015,4.660590472,45.70651328,New Hampshire,Rockingham,2623,2929,306
34029,4.001650165,34.41509059,New Jersey,Ocean,2304,2611,307
12075,1.557147306,16.53475619,Florida,Levy,312,620,308
31065,3.016359918,24.91499227,Nebraska,Furnas,1603,1912,309
47133,1.023849675,14.97517258,Tennessee,Overton,78,389,311
21125,1.793598234,17.50239759,Kentucky,Laurel,456,768,312
42029,5.106180828,57.13417692,Pennsylvania,Chester,2733,3046,313
8083,3.719340571,31.32091184,Colorado,Montezuma,2136,2449,313
47017,1.904761905,18.1044586,Tennessee,Carroll,541,854,313
26051,1.667735728,16.87240664,Michigan,Gladwin,373,686,313
48365,1.719308413,17.03360371,Texas,Panola,401,715,314
19077,3.030925717,25.03879979,Iowa,Guthrie,1619,1933,314
42011,3.333835039,27.70040423,Pennsylvania,Berks,1868,2182,314
51089,1.244555072,15.47288089,Virginia,Henry,152,466,314
5045,4.049168474,34.95747586,Arkansas,Faulkner,2326,2640,314
5147,1.446280992,16.162327,Arkansas,Woodruff,253,568,315
55021,3.139822644,25.97482637,Wisconsin,Columbia,1715,2031,316
51003,5.144322223,61.11820561,Virginia,Albemarle,2746,3063,317
42019,4.333854805,39.36155223,Pennsylvania,Butler,2483,2801,318
23017,2.878749896,24.000266,Maine,Oxford,1473,1792,319
36047,4.488793331,42.10757764,New York,Kings,2551,2870,319
20069,3.127677806,25.92178771,Kansas,Gray,1704,2024,320
21123,1.239008793,15.50160589,Kentucky,Larue,151,471,320
19023,2.501240695,21.41304348,Iowa,Butler,1112,1432,320
30069,3.636363636,30.81232493,Montana,Petroleum,2081,2401,320
12097,3.546099291,29.75672224,Florida,Osceola,2017,2339,322
55099,1.852037241,17.90203327,Wisconsin,Price,512,835,323
37087,3.52667614,29.52973575,North Carolina,Haywood,1995,2319,324
17083,2.673659972,22.64466123,Illinois,Jersey,1292,1617,325
51083,2.200650819,19.65818989,Virginia,Halifax,806,1131,325
47107,2.021029633,18.62058268,Tennessee,McMinn,634,959,325
1059,1.330078289,15.83603934,Alabama,Franklin,189,515,326
39129,2.544900679,21.69943988,Ohio,Pickaway,1158,1484,326
19007,2.33675475,20.49732745,Iowa,Appanoose,951,1277,326
40093,2.270110215,20.09794688,Oklahoma,Major,879,1206,327
51169,1.251890439,15.62075355,Virginia,Scott,154,481,327
38095,2.797571919,23.5016835,North Dakota,Towner,1404,1731,327
48417,3.9192041,34.12593571,Texas,Shackelford,2264,2591,327
36103,4.422059075,41.42371616,New York,Suffolk,2523,2852,329
17089,4.22667578,38.06095125,Illinois,Kane,2423,2756,333
48037,2.804063188,23.62194634,Texas,Bowie,1413,1746,333
42013,2.915315224,24.41522826,Pennsylvania,Blair,1517,1850,333
13315,1.156278229,15.35148439,Georgia,Wilcox,114,449,335
26129,1.737967914,17.20213769,Michigan,Ogemaw,410,745,335
5141,0.977312391,15.0041841,Arkansas,Van Buren,59,396,337
27071,2.573408116,21.98424148,Minnesota,Koochiching,1184,1521,337
1019,1.503674392,16.49929018,Alabama,Cherokee,277,615,338
38099,2.096729103,19.164005,North Dakota,Walsh,699,1041,342
21071,1.133558366,15.31954134,Kentucky,Floyd,103,445,342
20085,2.658564375,22.64614012,Kansas,Jackson,1274,1618,344
46119,2.857142857,24.05876951,South Dakota,Sully,1453,1798,345
22077,1.940515053,18.4179209,Louisiana,Pointe Coupee Parish,574,921,347
8005,4.602604401,46.49674559,Colorado,Arapahoe,2596,2945,349
39103,4.068446822,36.24169286,Ohio,Medina,2338,2688,350
28145,2.085486144,19.13860104,Mississippi,Union,685,1036,351
27021,3.093653323,25.95646294,Minnesota,Cass,1676,2028,352
5021,1.033338362,15.28307422,Arkansas,Clay,83,436,353
34025,4.751235714,51.31253766,New Jersey,Monmouth,2648,3001,353
50021,3.986898577,35.25211761,Vermont,Rutland,2296,2651,355
39053,2.303978935,20.48581364,Ohio,Gallia,915,1272,357
40129,2.960713608,24.893071,Oklahoma,Roger Mills,1553,1910,357
13019,1.218961625,15.7457481,Georgia,Berrien,139,497,358
42095,3.924324775,34.71208,Pennsylvania,Northampton,2271,2629,358
27031,4.585026117,46.64902998,Minnesota,Cook,2590,2948,358
48499,2.4866075,21.53970733,Texas,Wood,1099,1457,358
1079,0.997464074,15.21498038,Alabama,Lawrence,65,424,359
20197,2.96713615,24.95359868,Kansas,Wabaunsee,1561,1920,359
22095,1.851035699,18.17384632,Louisiana,St. John the Baptist Parish,510,870,360
20107,2.654867257,22.73964751,Kansas,Linn,1271,1632,361
55081,2.443248593,21.34799051,Wisconsin,Monroe,1060,1421,361
18163,3.287234721,27.80246235,Indiana,Vanderburgh,1828,2190,362
27027,4.241103849,39.27244087,Minnesota,Clay,2433,2795,362
36099,3.001485884,25.24218684,New York,Seneca,1588,1953,365
48059,2.817813765,23.99680575,Texas,Callahan,1426,1791,365
1071,1.256421711,15.92225851,Alabama,Jackson,157,523,366
34023,4.514678184,45.59772722,New Jersey,Middlesex,2560,2926,366
20039,3.189401374,26.96101456,Kansas,Decatur,1755,2122,367
19009,2.344827586,20.81592529,Iowa,Audubon,959,1327,368
27161,2.390203697,20.99663197,Minnesota,Waseca,996,1366,370
45065,2.810962755,23.99359842,South Carolina,McCormick,1420,1790,370
38005,2.520350657,21.86466165,North Dakota,Benson,1135,1507,372
55085,3.386587583,28.74586791,Wisconsin,Oneida,1899,2271,372
42017,4.463672792,44.7626501,Pennsylvania,Bucks,2539,2913,374
26101,2.941724074,24.92170252,Michigan,Manistee,1541,1915,374
35047,3.139805669,26.50192587,New Mexico,San Miguel,1714,2089,375
21083,1.892656935,18.3999358,Kentucky,Graves,538,915,377
28007,2.176310565,19.79319259,Mississippi,Attala,778,1156,378
47087,0.768651093,15.00221435,Tennessee,Jackson,17,395,378
5129,0.766563241,15.00606481,Arkansas,Searcy,16,397,381
40021,3.40789196,29.17785615,Oklahoma,Cherokee,1916,2297,381
8095,3.626373626,31.50859325,Colorado,Phillips,2076,2457,381
22113,1.72433949,17.56636005,Louisiana,Vermilion Parish,402,783,381
21043,1.223124701,15.94505495,Kentucky,Carter,144,526,382
1023,1.160824975,15.76141286,Alabama,Choctaw,117,502,385
21187,1.841004184,18.28310965,Kentucky,Owen,500,887,387
36007,3.567113106,31.0432979,New York,Broome,2031,2419,388
21149,1.514386673,16.82169321,Kentucky,McLean,287,677,390
13241,3.586678053,31.26859012,Georgia,Rabun,2051,2442,391
47171,2.407497172,21.26240812,Tennessee,Unicoi,1015,1407,392
8079,4.6277666,51.68,Colorado,Mineral,2612,3006,394
42079,2.980808493,25.31302644,Pennsylvania,Luzerne,1569,1963,394
51049,2.333041703,20.86587204,Virginia,Cumberland,942,1337,395
48505,0.803427959,15.17923362,Texas,Zapata,23,418,395
17155,2.64446621,22.86267861,Illinois,Putnam,1256,1651,395
22041,1.657305319,17.48562668,Louisiana,Franklin Parish,371,766,395
12057,4.11375949,38.08955914,Florida,Hillsborough,2358,2757,399
42069,3.525419657,30.63317518,Pennsylvania,Lackawanna,1993,2392,399
21051,1.002506266,15.4991001,Kentucky,Clay,69,470,401
37075,1.688555347,17.59521038,North Carolina,Graham,384,787,403
29153,0.840504303,15.27424899,Missouri,Ozark,31,434,403
38041,2.517985612,22.03672788,North Dakota,Hettinger,1127,1531,404
48139,3.453059966,30.10187077,Texas,Ellis,1953,2358,405
40007,2.511566424,21.98795181,Oklahoma,Beaver,1118,1524,406
6017,4.203747073,40.02148333,California,El Dorado,2412,2818,406
19189,3.051025776,26.06977378,Iowa,Winnebago,1633,2040,407
40043,2.558600198,22.39546421,Oklahoma,Dewey,1173,1580,407
17169,2.001203732,19.07372401,Illinois,Schuyler,615,1024,409
33005,3.890469074,35.54117521,New Hampshire,Cheshire,2251,2660,409
29207,1.438333876,16.74488268,Missouri,Stoddard,248,658,410
28115,1.873403349,18.49828361,Mississippi,Pontotoc,525,935,410
29059,1.336675021,16.43433602,Missouri,Dallas,194,604,410
47035,1.995597946,19.05813694,Tennessee,Cumberland,611,1021,410
34005,4.302280769,42.54603769,New Jersey,Burlington,2466,2877,411
46111,2.393534349,21.29514321,South Dakota,Sanborn,999,1410,411
38075,2.113352546,19.69135802,North Dakota,Renville,721,1136,415
50023,4.485214942,48.11520925,Vermont,Washington,2548,2963,415
13091,1.590564813,17.20229456,Georgia,Dodge,330,746,416
51191,3.101878201,26.67328946,Virginia,Washington,1685,2101,416
13215,3.478195262,30.48189103,Georgia,Muscogee,1968,2385,417
47115,1.560169783,17.14916815,Tennessee,Marion,314,733,419
13043,1.15694165,16.01648352,Georgia,Candler,116,535,419
21135,0.76249647,15.27929901,Kentucky,Lewis,15,435,420
51037,2.171118412,20.04421518,Virginia,Charlotte,774,1194,420
30029,4.005272022,37.18397462,Montana,Flathead,2307,2727,420
37175,4.182845041,39.96218698,North Carolina,Transylvania,2395,2816,421
26137,3.068965517,26.33858481,Michigan,Otsego,1652,2074,422
21069,1.93377852,18.91325071,Kentucky,Fleming,569,994,425
48467,2.115128871,19.75006294,Texas,Van Zandt,723,1148,425
37033,1.730016416,17.89065811,North Carolina,Caswell,408,833,425
48009,2.949621509,25.36677709,Texas,Archer,1545,1971,426
28097,2.047222601,19.37444412,Mississippi,Montgomery,657,1083,426
17051,1.553863162,17.17580015,Illinois,Fayette,309,737,428
1091,2.058930081,19.45350101,Alabama,Marengo,667,1096,429
38077,2.873980054,24.85666728,North Dakota,Richland,1470,1900,430
12037,3.218538783,27.93002326,Florida,Franklin,1773,2203,430
55137,1.650439326,17.66508188,Wisconsin,Waushara,368,798,430
46135,3.554573752,31.42612629,South Dakota,Yankton,2023,2454,431
51021,1.81171142,18.35748792,Virginia,Bland,475,908,433
39055,4.192853295,40.86264757,Ohio,Geauga,2405,2839,434
21085,1.182254477,16.1406182,Kentucky,Grayson,127,562,435
48281,2.784178187,24.26913289,Texas,Lampasas,1393,1829,436
8047,4.554455446,52.81823939,Colorado,Gilpin,2578,3015,437
22029,1.545716531,17.19554743,Louisiana,Concordia Parish,302,741,439
47033,1.318656117,16.5621079,Tennessee,Crockett,187,628,441
1103,2.646843982,23.27382208,Alabama,Morgan,1259,1700,441
53049,2.865947612,24.87761691,Washington,Pacific,1463,1905,442
48331,2.233265477,20.55079973,Texas,Milam,842,1286,444
47149,3.833669129,35.76461469,Tennessee,Rutherford,2221,2665,444
25009,4.269511269,43.03375481,Massachusetts,Essex,2444,2889,445
47057,1.030004478,15.94990024,Tennessee,Grainger,80,527,447
21207,0.673740947,15.40542691,Kentucky,Russell,9,456,447
44005,4.552946779,54.09064525,Rhode Island,Newport,2577,3025,448
40131,3.071161049,26.68448801,Oklahoma,Rogers,1655,2103,448
21115,1.384501022,16.75139807,Kentucky,Johnson,212,660,448
37039,2.758039263,24.18916001,North Carolina,Cherokee,1367,1816,449
29131,1.97869102,19.19520548,Missouri,Miller,598,1047,449
48023,2.909182899,25.31298905,Texas,Baylor,1512,1962,450
42071,3.601979236,32.43720431,Pennsylvania,Lancaster,2060,2511,451
48097,2.67815915,23.65384615,Texas,Cooke,1296,1751,455
53073,4.077069589,39.34128055,Washington,Whatcom,2343,2799,456
26127,2.387041773,21.50218613,Michigan,Oceana,993,1449,456
34031,3.448854842,30.86533509,New Jersey,Passaic,1948,2406,458
53057,3.393520297,30.19940611,Washington,Skagit,1907,2367,460
8035,4.618376276,62.02235929,Colorado,Douglas,2606,3067,461
17007,2.668078348,23.64349776,Illinois,Boone,1287,1749,462
22099,1.35738362,16.76381508,Louisiana,St. Martin Parish,200,662,462
17039,2.621157835,23.20080066,Illinois,De Witt,1227,1690,463
13197,1.598694943,17.67193821,Georgia,Marion,336,799,463
47077,1.036045759,16.06079277,Tennessee,Henderson,84,548,464
41067,4.351871432,47.50191384,Oregon,Washington,2494,2958,464
5061,1.152384455,16.22369212,Arkansas,Howard,110,575,465
48175,2.355658199,21.4176538,Texas,Goliad,969,1435,466
41017,4.275490287,44.96834724,Oregon,Deschutes,2450,2916,466
34037,4.11093741,40.27211909,New Jersey,Sussex,2357,2824,467
5101,0.776029317,15.67755654,Arkansas,Newton,19,486,467
46093,3.153239762,27.76535515,South Dakota,Meade,1722,2189,467
1029,1.420454545,16.99227624,Alabama,Cleburne,242,710,468
26081,4.144058695,40.80229214,Michigan,Kent,2369,2837,468
55119,1.426576217,17.01383935,Wisconsin,Taylor,243,712,469
40029,1.771229929,18.33900227,Oklahoma,Coal,434,904,470
36027,4.17766953,41.61717164,New York,Dutchess,2388,2858,470
42127,2.635895695,23.42119853,Pennsylvania,Wayne,1250,1723,473
27089,1.839642705,18.74105866,Minnesota,Marshall,499,972,473
37143,2.402210884,21.69062217,North Carolina,Perquimans,1007,1482,475
55093,3.643757625,33.48249729,Wisconsin,Pierce,2086,2563,477
39011,2.371351189,21.55314561,Ohio,Auglaize,984,1461,477
18183,2.653433259,23.63343387,Indiana,Whitley,1270,1747,477
5005,2.002451982,19.44504527,Arkansas,Baxter,616,1094,478
5049,0.921564612,15.96285651,Arkansas,Fulton,51,530,479
39043,3.249962558,29.03446744,Ohio,Erie,1807,2287,480
36021,4.043707437,39.37153809,New York,Columbia,2322,2802,480
26131,1.784596118,18.4473953,Michigan,Ontonagon,445,927,482
17077,3.826530612,36.30754627,Illinois,Jackson,2209,2691,482
12065,1.927882899,19.16459737,Florida,Jefferson,560,1042,482
29129,1.678564538,18.14720812,Missouri,Mercer,378,861,483
26045,3.410620793,30.82767457,Michigan,Eaton,1919,2402,483
19059,3.452816386,31.18343195,Iowa,Dickinson,1952,2435,483
37097,3.664416586,34.10958305,North Carolina,Iredell,2107,2590,483
46117,3.169014085,28.24010914,South Dakota,Stanley,1740,2225,485
21143,1.205533597,16.54909707,Kentucky,Lyon,137,623,486
21097,2.489626556,22.46920997,Kentucky,Harrison,1103,1590,487
13101,0.495750708,15.72470374,Georgia,Echols,2,494,492
37049,3.095666068,27.52068252,North Carolina,Craven,1679,2171,492
54099,1.922454528,19.18494842,West Virginia,Wayne,554,1046,492
12123,1.18363206,16.53649168,Florida,Taylor,128,622,494
29073,1.646645971,18.10883973,Missouri,Gasconade,361,855,494
39173,3.820927651,36.53326026,Ohio,Wood,2206,2700,494
51165,3.233532934,29.02644026,Virginia,Rockingham,1791,2286,495
40087,3.210702341,28.70650033,Oklahoma,McClain,1769,2264,495
27151,2.707603046,24.24333233,Minnesota,Swift,1327,1823,496
13143,1.371087928,16.95609665,Georgia,Haralson,204,701,497
48411,2.677329624,24.00581959,Texas,San Saba,1295,1793,498
17111,3.734839529,35.22963182,Illinois,McHenry,2151,2649,498
5137,0.654278985,15.76620295,Arkansas,Stone,6,505,499
29225,1.724900487,18.33557563,Missouri,Webster,403,903,500
18137,2.21271171,20.71981502,Indiana,Ripley,817,1317,500
29165,4.271267103,46.51492479,Missouri,Platte,2446,2947,501
19053,2.625298329,23.51956476,Iowa,Decatur,1233,1735,502
21171,0.821196157,16.02073882,Kentucky,Monroe,28,536,508
48207,2.520228147,22.80701754,Texas,Haskell,1134,1642,508
42125,3.560317074,32.9237202,Pennsylvania,Washington,2025,2533,508
19011,2.883305585,25.55648071,Iowa,Benton,1474,1983,509
28057,0.834931739,16.02639935,Mississippi,Itawamba,30,539,509
26103,3.819431404,36.80386327,Michigan,Marquette,2203,2714,511
21007,1.727982163,18.41630592,Kentucky,Ballard,405,918,513
49017,3.146509341,28.32415421,Utah,Garfield,1718,2231,513
51193,2.473650247,22.53090707,Virginia,Westmoreland,1085,1599,514
46053,2.43210377,22.19030521,South Dakota,Gregory,1045,1559,514
17203,3.743982885,35.92491231,Illinois,Woodford,2155,2669,514
18179,2.05861201,19.94882239,Indiana,Wells,666,1181,515
8121,2.773207991,24.86910995,Colorado,Washington,1385,1904,519
50027,4.139562389,42.94504995,Vermont,Windsor,2367,2886,519
28117,2.005525427,19.70737534,Mississippi,Prentiss,620,1140,520
17049,3.008136763,26.88000671,Illinois,Effingham,1597,2117,520
42101,3.715599611,35.3987347,Pennsylvania,Philadelphia,2135,2656,521
54081,2.458106465,22.503311,West Virginia,Raleigh,1073,1595,522
42113,2.322134387,21.51067323,Pennsylvania,Sullivan,931,1453,522
31041,2.688083921,24.26166161,Nebraska,Custer,1304,1826,522
8027,4.150653344,43.70956147,Colorado,Custer,2375,2898,523
13023,2.012348502,19.75806452,Georgia,Bleckley,626,1149,523
17035,1.961692926,19.57773512,Illinois,Cumberland,588,1112,524
48379,2.21010333,20.87866109,Texas,Rains,814,1339,525
13185,3.096609085,27.9436118,Georgia,Lowndes,1680,2205,525
36039,3.281568805,29.94359564,New York,Greene,1825,2350,525
5097,1.193602292,16.7469318,Arkansas,Montgomery,134,659,525
48077,2.43645661,22.35976789,Texas,Clay,1050,1575,525
20083,3.298515668,30.17094017,Kansas,Hodgeman,1838,2364,526
28037,1.812023709,18.96290689,Mississippi,Franklin,477,1004,527
5035,1.297363121,16.98728506,Arkansas,Crittenden,180,709,529
36019,3.063973064,27.55407229,New York,Clinton,1646.5,2176,529.5
13159,1.946818613,19.53917893,Georgia,Jasper,579,1109,530
47131,1.645652045,18.29647146,Tennessee,Obion,359,890,531
37085,2.701976794,24.46589083,North Carolina,Harnett,1320,1855,535
29125,0.911992704,16.2695152,Missouri,Maries,48,584,536
50003,4.049891051,41.83088697,Vermont,Bennington,2327,2864,537
37103,1.998223801,19.77441462,North Carolina,Jones,614,1152,538
55017,2.666791868,24.23369247,Wisconsin,Chippewa,1283,1821,538
53055,4.336602994,53.9243807,Washington,San Juan,2485,3024,539
40041,2.019625742,19.88640116,Oklahoma,Delaware,631,1170,539
31137,3.250924664,29.913129,Nebraska,Phelps,1808,2348,540
17117,2.093591696,20.27290448,Illinois,Macoupin,694,1235,541
55009,3.550321858,33.51106996,Wisconsin,Brown,2021,2564,543
51117,2.158894646,20.68197695,Virginia,Mecklenburg,766,1309,543
12109,4.279005044,50.91050315,Florida,St. Johns,2453,2996,543
20207,2.518676628,23.05676856,Kansas,Woodson,1130,1674,544
38067,2.703722334,24.5794009,North Dakota,Pembina,1322,1867,545
20049,2.28960396,21.48190695,Kansas,Elk,899,1445,546
30047,3.396333665,31.51284161,Montana,Lake,1911,2458,547
23007,3.429682666,32.00657294,Maine,Franklin,1938,2486,548
5055,1.219426235,16.89657364,Arkansas,Greene,140,689,549
21091,1.363383417,17.26978998,Kentucky,Hancock,202,752,550
12005,3.220799379,29.64127483,Florida,Bay,1779,2329,550
21223,1.279391425,17.07953064,Kentucky,Trimble,173,724,551
16065,4.011170348,41.81462779,Idaho,Madison,2310,2861,551
31017,2.631578947,24.01171303,Nebraska,Brown,1242.5,1794,551.5
22115,1.992204417,19.79915362,Louisiana,Vernon Parish,606,1158,552
29167,2.429757024,22.4936578,Missouri,Polk,1040,1594,554
22103,3.788324234,37.66797238,Louisiana,St. Tammany Parish,2183,2739,556
19095,2.717058223,24.82764564,Iowa,Iowa,1335,1893,558
30067,3.893472283,39.83026259,Montana,Park,2254,2813,559
5081,1.285077367,17.16686675,Arkansas,Little River,175,734,559
21145,3.157783567,29.04062592,Kentucky,McCracken,1727,2288,561
5059,1.384799913,17.5238016,Arkansas,Hot Spring,213,774,561
55091,2.493469485,22.97297297,Wisconsin,Pepin,1106,1667,561
13075,1.487818486,17.85838553,Georgia,Cook,268,829,561
38049,2.082152975,20.31719989,North Dakota,McHenry,681,1243,562
19075,3.050414805,27.8375564,Iowa,Grundy,1632,2194,562
23005,4.280866913,53.00609397,Maine,Cumberland,2454,3017,563
36111,3.813259247,38.22150112,New York,Ulster,2196,2761,565
47091,1.384852111,17.53956835,Tennessee,Johnson,214,780,566
5015,2.003550596,19.98139444,Arkansas,Carroll,619,1186,567
16037,3.163265306,29.25502991,Idaho,Custer,1732,2301,569
17179,3.080440407,28.38961885,Illinois,Tazewell,1666,2236,570
21199,1.513519642,18.11037148,Kentucky,Pulaski,285,856,571
34015,3.7276531,36.83002833,New Jersey,Gloucester,2144,2716,572
8119,3.766840803,37.86093552,Colorado,Teller,2173,2746,573
8053,4.166666667,47.68637532,Colorado,Hinsdale,2384.5,2959,574.5
24027,4.363716912,64.4579571,Maryland,Howard,2498,3074,576
1129,1.175964434,16.96185924,Alabama,Washington,125,702,577
13269,1.355070929,17.52974108,Georgia,Taylor,199,776,577
16021,2.610883926,24.04733471,Idaho,Boundary,1219,1796,577
19165,2.614009279,24.06547764,Iowa,Shelby,1221,1799,578
26139,3.819688675,38.90866693,Michigan,Ottawa,2204,2782,578
13125,1.21116377,17.04101563,Georgia,Glascock,138,716,578
40025,3.499742666,33.44198175,Oklahoma,Cimarron,1980,2559,579
44003,3.581814945,34.67610911,Rhode Island,Kent,2046,2625,579
13217,2.738069057,25.02466251,Georgia,Newton,1351,1931,580
42133,3.010088813,27.61114441,Pennsylvania,York,1598,2179,581
26047,3.939677344,41.56892073,Michigan,Emmet,2275,2856,581
42129,3.441012986,32.78327248,Pennsylvania,Westmoreland,1944,2528,584
30045,3.287279657,30.98591549,Montana,Judith Basin,1829,2414,585
31027,2.585209003,23.96694215,Nebraska,Cedar,1196,1781,585
48143,3.387220939,32.05251979,Texas,Erath,1902,2487,585
13051,3.742442563,37.69359342,Georgia,Chatham,2153,2741,588
17165,1.879825445,19.61490757,Illinois,Saline,533,1121,588
8015,4.12461606,46.98466574,Colorado,Chaffee,2362,2952,590
28081,3.077085199,28.6129201,Mississippi,Lee,1663,2255,592
13007,0.952068286,16.68224299,Georgia,Baker,54,647,593
28155,2.141982864,20.90060732,Mississippi,Webster,751,1346,595
5105,0.761554622,16.46863775,Arkansas,Perry,14,609,595
48081,2.454506983,22.97077922,Texas,Coke,1070,1666,596
55065,2.410553288,22.63803681,Wisconsin,Lafayette,1019,1616,597
31173,2.342635975,22.17973231,Nebraska,Thurston,958,1556,598
21157,2.19951122,21.21906904,Kentucky,Marshall,804,1403,599
38039,2.82960199,26.00842866,North Dakota,Griggs,1434,2034,600
30091,2.854256125,26.17142857,Montana,Sheridan,1450,2051,601
12077,0.760233918,16.50298141,Florida,Liberty,13,616,603
46129,3.146853147,29.56041063,South Dakota,Walworth,1719,2322,603
22093,1.837612407,19.49319158,Louisiana,St. James Parish,497,1101,604
53061,3.743752671,38.2415272,Washington,Snohomish,2154,2762,608
21235,2.134125285,20.92430072,Kentucky,Whitley,741,1352,611
38053,1.730267836,19.05504792,North Dakota,McKenzie,409,1020,611
26015,2.691196594,24.92720119,Michigan,Barry,1306,1917,611
45003,3.340910066,31.93749899,South Carolina,Aiken,1872,2483,611
37169,1.475561021,18.21352971,North Carolina,Stokes,262,877,615
27045,2.576489533,24.09115572,Minnesota,Fillmore,1190,1805,615
8067,4.129534329,49.28773551,Colorado,La Plata,2364,2980,616
51035,1.005896635,16.90766511,Virginia,Carroll,73,691,618
8091,4.221854305,56.47573039,Colorado,Ouray,2421,3039,618
28069,1.591849729,18.58599365,Mississippi,Kemper,331,954,623
19191,3.263790106,31.23054114,Iowa,Winneshiek,1816,2439,623
26087,2.022872249,20.43978863,Michigan,Lapeer,637,1261,624
46115,3.010659752,28.21990689,South Dakota,Spink,1599,2224,625
13295,2.188863907,21.33099181,Georgia,Walker,790,1416,626
20143,2.964175305,27.73254379,Kansas,Ottawa,1559,2186,627
45043,3.386976048,32.77225302,South Carolina,Georgetown,1900,2527,627
26115,2.452109698,23.25489349,Michigan,Monroe,1068,1697,629
16013,4.058782365,48.02064459,Idaho,Blaine,2331,2961,630
5017,1.385546562,17.99297835,Arkansas,Chicot,215,845,630
38103,2.243645925,21.7071376,North Dakota,Wells,854,1485,631
48093,2.193191571,21.36452644,Texas,Comanche,792,1423,631
47015,0.908898753,16.83376301,Tennessee,Cannon,46,679,633
31163,2.019716278,20.45666356,Nebraska,Sherman,632,1266,634
38001,2.600170503,24.40318302,North Dakota,Adams,1213,1848,635
54071,1.528559936,18.4794797,West Virginia,Pendleton,295,932,637
16015,3.230653644,31.17439902,Idaho,Boise,1788,2431,643
48087,2.72572402,25.5907781,Texas,Collingsworth,1341,1987,646
19135,2.173379175,21.35326816,Iowa,Monroe,776,1422,646
27157,2.845121218,26.5341567,Minnesota,Wabasha,1443,2092,649
1111,1.467505241,18.35770103,Alabama,Randolph,259,909,650
26043,2.696570947,25.31307309,Michigan,Dickinson,1312,1964,652
27033,2.538363909,24.08404465,Minnesota,Cottonwood,1151,1803,652
55115,1.678492005,19.09257004,Wisconsin,Shawano,377,1029,652
29041,2.344840421,22.62135922,Missouri,Chariton,960,1612,652
21195,1.269340544,17.79398762,Kentucky,Pike,165,818,653
27079,2.810199318,26.33130281,Minnesota,Le Sueur,1419,2073,654
27007,3.270223752,31.82570325,Minnesota,Beltrami,1819,2475,656
31039,2.635098983,24.88006617,Nebraska,Cuming,1249,1906,657
27049,2.948663555,27.93815039,Minnesota,Goodhue,1544,2204,660
39045,3.301645338,32.27866291,Ohio,Fairfield,1842,2502,660
20105,2.742616034,25.85877863,Kansas,Lincoln,1353,2014,661
20179,2.546756864,24.25531915,Kansas,Sheridan,1163,1824,661
27093,1.858204688,19.94821847,Minnesota,Meeker,517,1180,663
29093,1.636073424,19.00862699,Missouri,Iron,350,1015,665
28053,1.79267989,19.61388375,Mississippi,Humphreys,454,1120,666
27001,1.932728243,20.26355243,Minnesota,Aitkin,567,1233,666
25019,4.144830872,56.32063824,Massachusetts,Nantucket,2370,3038,668
51145,3.482045702,34.97433308,Virginia,Powhatan,1972,2641,669
27083,3.19222762,31.14664728,Minnesota,Lyon,1758,2427,669
48063,2.282316839,22.24756874,Texas,Camp,889,1563,674
34007,3.544993646,36.33744079,New Jersey,Camden,2015,2692,677
21089,1.546671491,18.80117532,Kentucky,Greenup,303,981,678
21211,3.314308601,32.82728016,Kentucky,Shelby,1852,2530,678
27017,2.801120448,26.49273803,Minnesota,Carlton,1406,2085,679
55001,1.120270556,17.53774681,Wisconsin,Adams,99,779,680
24021,3.88846976,45.78502723,Maryland,Frederick,2250,2932,682
47103,2.003438738,20.64280323,Tennessee,Lincoln,618,1303,685
12003,1.20439249,17.82334385,Florida,Baker,136,823,687
31175,2.664067576,25.32556546,Nebraska,Valley,1279,1966,687
26005,2.853030816,27.14008823,Michigan,Allegan,1449,2136,687
19125,3.246793869,32.11131924,Iowa,Marion,1803,2490,687
31131,2.860515801,27.21723519,Nebraska,Otoe,1457,2148,691
17001,2.884029352,27.46313077,Illinois,Adams,1477,2169,692
55083,1.541710665,18.89983022,Wisconsin,Oconto,299,992,693
50005,3.321111268,33.24229943,Vermont,Caledonia,1857,2550,693
34009,3.64831553,39.04531788,New Jersey,Cape May,2095,2788,693
48257,2.783510102,26.49523019,Texas,Kaufman,1392,2086,694
28019,1.848794982,20.09402751,Mississippi,Choctaw,507,1205,698
13209,1.812907904,19.94144997,Georgia,Montgomery,478,1178,700
35039,1.563568846,19.03802569,New Mexico,Rio Arriba,317,1019,702
45013,3.848977451,45.98777145,South Carolina,Beaufort,2228,2936,708
1045,1.910037246,20.39772896,Alabama,Dale,545,1254,709
20195,3.068530515,30.14601978,Kansas,Trego,1651,2362,711
20147,2.273104364,22.48972402,Kansas,Phillips,881,1593,712
46125,2.841677943,27.29828042,South Dakota,Turner,1442,2157,715
46061,2.273534636,22.5282167,South Dakota,Hanson,882,1598,716
21087,0.865800866,17.39288749,Kentucky,Green,37,758,721
45053,2.697921274,26.01257862,South Carolina,Jasper,1313,2035,722
31009,2.589395808,25,Nebraska,Blaine,1203,1926,723
47011,2.518331975,24.4430466,Tennessee,Bradley,1129,1852,723
54057,2.419779064,23.73768473,West Virginia,Mineral,1031,1757,726
29201,2.207783597,22.06534422,Missouri,Scott,809,1537,728
46075,2.831594635,27.37341772,South Dakota,Jones,1435,2164,729
51073,2.6171875,25.26543655,Virginia,Gloucester,1225,1955,730
29510,3.671311525,41.14198923,Missouri,St. Louis city,2113,2845,732
29157,1.989423319,20.85225553,Missouri,Perry,602,1334,732
47155,2.162056876,21.83183099,Tennessee,Sevier,770,1503,733
38019,2.209152202,22.11801485,North Dakota,Cavalier,810,1543,733
26141,2.101845523,21.44491041,Michigan,Presque Isle,705,1440,735
34041,3.471162142,36.51426097,New Jersey,Warren,1964,2699,735
31069,2.039151713,21.14639814,Nebraska,Garden,650,1388,738
26055,3.646751781,40.5872218,Michigan,Grand Traverse,2093,2832,739
51131,3.169934641,31.96944899,Virginia,Northampton,1742,2484,742
28141,1.033295063,17.82905087,Mississippi,Tishomingo,82,824,742
27103,3.419032316,36.06395844,Minnesota,Nicollet,1930,2673,743
12117,3.726758286,42.73643442,Florida,Seminole,2142,2885,743
56011,2.493853179,24.4627782,Wyoming,Crook,1107,1854,747
51113,2.770663562,27.00816046,Virginia,Madison,1380,2128,748
1041,1.389932382,18.71229571,Alabama,Crenshaw,219,967,748
38083,1.41261498,18.86792453,North Dakota,Sheridan,239,988,749
8107,3.944842032,54.18592437,Colorado,Routt,2277,3027,750
55103,2.038193169,21.19670543,Wisconsin,Richland,647,1399,752
33011,3.660115607,41.53487284,New Hampshire,Hillsborough,2102,2854,752
49043,4.003882553,59.82743393,Utah,Summit,2306,3059,753
21119,1.630358398,19.49808944,Kentucky,Knott,348,1102,754
13187,3.131672598,31.56403827,Georgia,Lumpkin,1707,2461,754
13129,1.400949404,18.81318137,Georgia,Gordon,228,984,756
55059,3.09133994,31.150251,Wisconsin,Kenosha,1672,2428,756
31023,2.41481084,23.97378406,Nebraska,Butler,1026,1782,756
27051,1.997820559,21.02469421,Minnesota,Grant,613,1370,757
47145,2.182265253,22.12577113,Tennessee,Roane,783,1546,763
27141,2.97629656,29.66833053,Minnesota,Sherburne,1567,2331,764
38027,3.043334436,30.51724138,North Dakota,Eddy,1623,2387,764
54093,2.36881066,23.60367253,West Virginia,Tucker,980,1745,765
19159,2.492944497,24.6363355,Iowa,Ringgold,1105,1872,767
1113,1.134097707,18.19799499,Alabama,Russell,105,874,769
31153,3.665008292,42.60644016,Nebraska,Sarpy,2109,2878,769
51085,3.666666667,42.703221,Virginia,Hanover,2111,2881,770
5037,1.197200911,18.35421016,Arkansas,Cross,135,907,772
22057,1.993592026,21.12118038,Louisiana,Lafourche Parish,607,1383,776
30011,1.883561644,20.68273092,Montana,Carter,534,1310,776
16085,3.576341128,40.12469619,Idaho,Valley,2042,2820,778
13083,1.22324159,18.44583297,Georgia,Dade,145,926,781
19121,2.745145049,27.14509941,Iowa,Madison,1354,2137,783
47161,0.726744186,17.6476417,Tennessee,Stewart,11,796,785
13175,1.43985137,19.14887272,Georgia,Laurens,251,1038,787
5117,1.069444444,18.23194899,Arkansas,Prairie,92,883,791
29037,2.936324645,29.629872,Missouri,Cass,1535,2327,792
38059,2.886356374,28.79119935,North Dakota,Morton,1480,2276,796
21029,1.533804238,19.46932117,Kentucky,Bullitt,296,1098,802
5029,1.668871477,19.93709832,Arkansas,Conway,374,1177,803
27035,2.899268988,29.33176595,Minnesota,Crow Wing,1502,2306,804
55033,2.916306012,29.5621459,Wisconsin,Dunn,1519,2323,804
24013,3.563188926,40.68603007,Maryland,Carroll,2029,2834,805
1077,2.937753154,29.81519883,Alabama,Lauderdale,1538,2344,806
19129,3.019309538,30.96748999,Iowa,Mills,1605,2412,807
1123,1.774649582,20.32694627,Alabama,Tallapoosa,436,1244,808
55011,2.12717552,22.12407351,Wisconsin,Buffalo,737,1545,808
1069,2.250655866,23.04747933,Alabama,Houston,861,1673,812
13211,2.922791012,29.67914439,Georgia,Morgan,1522,2335,813
48367,3.113410953,32.33455948,Texas,Parker,1692,2505,813
1043,1.568514242,19.69071676,Alabama,Cullman,321,1135,814
27143,1.505927587,19.42527649,Minnesota,Sibley,278,1092,814
46057,2.430724356,24.47097124,South Dakota,Hamlin,1042,1857,815
54035,1.539213291,19.60853733,West Virginia,Jackson,298,1118,820
48267,2.699619772,27.10557533,Texas,Kimble,1314,2134,820
5145,1.763015364,20.36148091,Arkansas,White,427,1248,821
19015,2.816335895,28.49746352,Iowa,Boone,1425,2246,821
21003,1.114513166,18.41749932,Kentucky,Allen,98,920,822
39123,2.89384626,29.52471608,Ohio,Ottawa,1495,2318,823
12039,1.966626937,21.34364239,Florida,Gadsden,593,1418,825
29099,2.442130912,24.71270801,Missouri,Jefferson,1057,1885,828
47031,1.986826477,21.38632891,Tennessee,Coffee,600,1429,829
29039,1.309729419,18.9988175,Missouri,Cedar,183,1013,830
50017,3.425437235,38.38868941,Vermont,Orange,1934,2765,831
5023,1.06557377,18.42580782,Arkansas,Cleburne,91,923,832
55121,1.850105202,20.87992578,Wisconsin,Trempealeau,508,1341,833
38011,2.673796791,26.99293643,North Dakota,Bowman,1293,2126,833
22051,2.959465684,30.51586068,Louisiana,Jefferson Parish,1551,2386,835
26093,3.511374876,40.16069379,Michigan,Livingston,1985,2821,836
47055,1.647026394,20.06165739,Tennessee,Giles,362,1200,838
50009,2.003293085,21.52974504,Vermont,Essex,617,1456,839
27167,2.214960058,22.95597484,Minnesota,Wilkin,823,1663,840
42103,2.893688404,29.67561594,Pennsylvania,Pike,1493,2333,840
13011,1.149718958,18.56493697,Georgia,Banks,109,949,840
13147,1.823752553,20.82133657,Georgia,Hart,487,1329,842
19017,3.311322587,36.24992483,Iowa,Bremer,1847,2689,842
51053,1.407025003,19.3611601,Virginia,Dinwiddie,235,1078,843
37059,2.693458743,27.28166424,North Carolina,Davie,1310,2154,844
21053,0.517435321,18.04076666,Kentucky,Clinton,3,849,846
24045,2.871870398,29.48448027,Maryland,Wicomico,1469,2315,846
27073,2.241297091,23.29392242,Minnesota,Lac qui Parle,852,1702,850
24009,3.341148886,37.01846399,Maryland,Calvert,1873,2723,850
8097,3.832442068,62.78075641,Colorado,Pitkin,2219,3070,851
47159,1.02149899,18.45167584,Tennessee,Smith,77,928,851
46101,2.931719312,30.41549953,South Dakota,Moody,1531,2383,852
37025,3.376077664,37.9146588,North Carolina,Cabarrus,1894,2747,853
55117,2.701006433,27.46979817,Wisconsin,Sheboygan,1317,2170,853
49055,2.708559047,27.71268467,Utah,Wayne,1328,2183,855
23003,2.259873747,23.42399872,Maine,Aroostook,868,1725,857
13013,1.905499613,21.22179509,Georgia,Barrow,543,1404,861
17129,2.756972112,28.29138151,Illinois,Menard,1366,2228,862
13063,2.126917713,22.5321719,Georgia,Clayton,736,1600,864
45051,2.656187823,27.14811344,South Carolina,Horry,1272,2139,867
48325,2.209873352,23.11951754,Texas,Medina,813,1683,870
34019,3.769254535,57.38327391,New Jersey,Hunterdon,2177,3048,871
24015,2.720955906,27.97785444,Maryland,Cecil,1337,2209,872
30055,2.231668438,23.3256351,Montana,McCone,840,1712,872
55111,2.667836318,27.34796535,Wisconsin,Sauk,1285,2161,876
28137,2.265513845,23.64389011,Mississippi,Tate,873,1750,877
38031,2.758855586,28.49162011,North Dakota,Foster,1368,2245,877
37179,3.449275362,40.49273299,North Carolina,Union,1949,2828,879
27029,1.507365536,19.83978183,Minnesota,Clearwater,281,1161,880
23015,3.43,40.2277514,Maine,Lincoln,1940,2822,882
13173,1.304347826,19.27675707,Georgia,Lanier,181,1063,882
55045,2.67818261,27.67283788,Wisconsin,Green,1297,2181,884
47053,1.715316222,20.5280795,Tennessee,Gibson,398,1282,884
36091,3.572222085,45.39218388,New York,Saratoga,2037,2921,884
8113,3.808543489,64.85792262,Colorado,San Miguel,2193,3077,884
31025,3.021539689,32.16383553,Nebraska,Cass,1607,2493,886
48287,1.788879936,20.88334133,Texas,Lee,452,1342,890
31083,2.8014007,29.19315403,Nebraska,Harlan,1408,2298,890
38055,2.544431658,26.14234284,North Dakota,McLean,1157,2049,892
13229,1.592741935,20.21697698,Georgia,Pierce,333,1227,894
29071,2.245516674,23.69157814,Missouri,Franklin,857,1752,895
17063,2.236333517,23.57072623,Illinois,Grundy,845,1741,896
26031,2.337040687,24.4379228,Michigan,Cheboygan,954,1851,897
37109,2.711426727,28.31473114,North Carolina,Lincoln,1331,2229,898
45057,3.090029601,33.57447771,South Carolina,Lancaster,1671,2569,898
48395,2.019956194,22.03805497,Texas,Robertson,633,1532,899
19049,3.660714286,51.49260019,Iowa,Dallas,2104,3003,899
18061,1.962457338,21.7457561,Indiana,Harrison,590,1491,901
15009,2.909046275,30.96780691,Hawaii,Maui,1511,2413,902
8037,3.647099687,50.93746883,Colorado,Eagle,2094,2997,903
17023,2.403456657,24.91648107,Illinois,Clark,1010,1913,903
37189,3.594351733,48.07611945,North Carolina,Watauga,2054.5,2962,907.5
48019,2.631578947,27.23626853,Texas,Bandera,1242.5,2151,908.5
16051,2.643455835,27.37230013,Idaho,Jefferson,1254,2163,909
51009,2.359759884,24.69427832,Virginia,Amherst,972,1882,910
18011,3.648658691,51.72517252,Indiana,Boone,2096,3007,911
30009,3.136474908,34.57236076,Montana,Carbon,1709,2620,911
47045,1.800990545,21.11186767,Tennessee,Dyer,469,1380,911
17171,1.900739176,21.52364769,Illinois,Scott,540,1455,915
21005,2.530322041,26.20283019,Kentucky,Anderson,1143,2058,915
13231,1.876500109,21.47724775,Georgia,Pike,528,1444,916
48305,2.578846489,26.77144379,Texas,Lynn,1192,2108,916
20065,2.588996764,26.93208431,Kansas,Graham,1202,2119,917
48039,3.045861375,33.13557519,Texas,Brazoria,1627,2545,918
26097,2.402528978,25.00575639,Michigan,Mackinac,1008,1927,919
17119,2.89488218,31.00792396,Illinois,Madison,1497,2416,919
37113,2.664835165,27.91312822,North Carolina,Macon,1281,2201,920
21175,0.910902363,18.73849433,Kentucky,Morgan,47,971,924
55005,2.1507689,23.19968976,Wisconsin,Barron,759,1689,930
16017,2.704593145,28.6023581,Idaho,Bonner,1323,2254,931
27121,2.234934149,23.89177437,Minnesota,Pope,844,1775,931
24017,3.047665488,33.46788483,Maryland,Charles,1630,2561,931
31165,2.034739454,22.36384705,Nebraska,Sioux,645,1576,931
13015,2.287133802,24.26286599,Georgia,Bartow,895,1827,932
38061,2.094531974,22.71505376,North Dakota,Mountrail,697,1629,932
55125,2.884025363,30.93978736,Wisconsin,Vilas,1476,2409,933
51107,3.724847918,64.55172899,Virginia,Loudoun,2141,3075,934
21163,1.445285616,19.98302127,Kentucky,Meade,252,1187,935
30109,2.042628774,22.47474747,Montana,Wibaux,655,1591,936
17087,1.284758888,19.55766193,Illinois,Johnson,174,1110,936
29145,2.19674651,23.54388036,Missouri,Newton,798,1737,939
18059,3.117416464,34.93225674,Indiana,Hancock,1698,2638,940
5109,1.083916084,19.12599319,Arkansas,Pike,93,1033,940
46023,2.439387178,25.66573231,South Dakota,Charles Mix,1052,1993,941
27133,2.518104016,26.26247122,Minnesota,Rock,1128,2069,941
27075,2.546455609,26.78201535,Minnesota,Lake,1162,2110,948
27025,2.279805656,24.363139,Minnesota,Chisago,888,1839,951
39137,2.516507704,26.36343946,Ohio,Putnam,1125,2077,952
35061,1.698636469,20.90038704,New Mexico,Valencia,387,1345,958
31015,1.99376947,22.31530845,Nebraska,Boyd,608,1567,959
22063,1.566249842,20.5445418,Louisiana,Livingston Parish,320,1284,964
27107,2.07840697,22.83269534,Minnesota,Norman,678,1645,967
39025,2.893793243,31.57403777,Ohio,Clermont,1494,2463,969
5043,2.410923832,25.60832203,Arkansas,Drew,1021,1990,969
15001,2.888428529,31.42240169,Hawaii,Hawaii,1483,2453,970
12045,2.152080344,23.50927009,Florida,Gulf,760,1733,973
55095,2.251847759,24.32657926,Wisconsin,Polk,863,1836,973
47137,0.808003078,18.94627563,Tennessee,Pickett,25,1000,975
19167,2.804287182,30.56874244,Iowa,Sioux,1414,2389,975
39159,3.254288597,39.1709372,Ohio,Union,1813,2792,979
27059,1.594896332,20.70841924,Minnesota,Isanti,334,1315,981
23029,2.292358804,24.71022581,Maine,Washington,903,1884,981
8055,2.483729579,26.36898199,Colorado,Huerfano,1096,2078,982
8033,2.62605042,28.1003937,Colorado,Dolores,1235,2218,983
17189,2.138122728,23.47312704,Illinois,Washington,746,1729,983
40145,2.587929656,27.71546288,Oklahoma,Wagoner,1200,2184,984
30095,2.913864874,32.25468165,Montana,Stillwater,1516,2500,984
37069,2.529138417,27.00558895,North Carolina,Franklin,1140,2127,987
30019,2.218355807,24.22413793,Montana,Daniels,829,1819,990
31085,1.267511674,19.78193146,Nebraska,Hayes,163,1153,990
21057,0.900383142,19.1241556,Kentucky,Cumberland,41,1032,991
51119,3.001667593,33.82963989,Virginia,Middlesex,1589,2581,992
13179,1.498602997,20.46300546,Georgia,Liberty,273,1268,995
1095,1.796687845,21.54434974,Alabama,Marshall,460,1459,999
17181,1.645151134,20.9439528,Illinois,Union,358,1358,1000
5033,1.336667816,20.04125789,Arkansas,Crawford,193,1193,1000
37099,2.815076561,31.1118186,North Carolina,Jackson,1424,2424,1000
10005,2.933969137,32.98676358,Delaware,Sussex,1533,2539,1006
5115,2.262517357,24.66184785,Arkansas,Pope,871,1878,1007
27063,2.415405165,26.05950042,Minnesota,Jackson,1027,2039,1012
1115,1.742712294,21.37783341,Alabama,St. Clair,414,1426,1012
17197,3.154258963,37.49081896,Illinois,Will,1723,2737,1014
51099,3.029223093,34.7053171,Virginia,King George,1613,2628,1015
48089,2.03294412,22.93217535,Texas,Colorado,643,1659,1016
50015,3.37403599,44.27480916,Vermont,Lamoille,1891,2908,1017
31113,2.18579235,24.11214953,Nebraska,Logan,787,1806,1019
31159,2.926472381,33.16853933,Nebraska,Seward,1525,2546,1021
31031,2.334397446,25.32034854,Nebraska,Cherry,944,1965,1021
51061,3.298757126,41.6842393,Virginia,Fauquier,1839,2860,1021
16025,3,34.38685209,Idaho,Camas,1586,2610,1024
49051,3.49378882,51.34212024,Utah,Wasatch,1977,3002,1025
21037,3.223652398,39.74477222,Kentucky,Campbell,1784,2810,1026
39165,3.383037661,45.58172491,Ohio,Warren,1898,2925,1027
8039,3.063973064,36.08702116,Colorado,Elbert,1646.5,2674,1027.5
47167,1.512074024,20.69088404,Tennessee,Tipton,283,1312,1029
41063,3.162684869,38.21622569,Oregon,Wallowa,1731,2760,1029
46107,2.505219207,27.20045429,South Dakota,Potter,1115,2146,1031
17093,3.105590062,36.94361683,Illinois,Kendall,1688,2720,1032
13195,1.599870718,21.06308303,Georgia,Madison,337,1371,1034
29213,2.283192632,25.00703163,Missouri,Taney,890,1928,1038
12087,3.164324985,38.62700795,Florida,Monroe,1733,2774,1041
37121,2.173274596,24.20217508,North Carolina,Mitchell,775,1817,1042
27135,1.716624851,21.4474929,Minnesota,Roseau,399,1442,1043
46105,2.246854404,24.86085343,South Dakota,Perkins,860,1903,1043
26019,3.092293054,36.87736051,Michigan,Benzie,1674,2718,1044
47125,2.764360123,31.08178846,Tennessee,Montgomery,1377,2421,1044
5025,1.112877583,19.70748172,Arkansas,Cleveland,97,1141,1044
31103,1.415384615,20.57761733,Nebraska,Keya Paha,240,1289,1049
18005,2.937216987,34.10029603,Indiana,Bartholomew,1537,2588,1051
51001,1.767895879,21.7147568,Virginia,Accomack,431,1486,1055
13061,2.056715488,23.41932221,Georgia,Clay,664,1722,1058
29029,2.391118702,26.2219051,Missouri,Camden,997,2061,1064
51091,2.716255746,30.83524027,Virginia,Highland,1334,2403,1069
26099,2.494088799,27.72100441,Michigan,Macomb,1108,2185,1077
38037,1.405678943,20.71759259,North Dakota,Grant,233,1316,1083
25005,2.700232867,30.79513142,Massachusetts,Bristol,1315,2399,1084
22125,1.702264333,21.62138398,Louisiana,West Feliciana Parish,389,1473,1084
5027,1.763631254,21.92888317,Arkansas,Columbia,428,1513,1085
51065,3.058954394,37.28251466,Virginia,Fluvanna,1640,2730,1090
21117,3.058998776,37.42576616,Kentucky,Kenton,1641,2732,1091
23009,3.154688145,40.12254335,Maine,Hancock,1726,2819,1093
13047,2.117976545,24.22699615,Georgia,Catoosa,726,1820,1094
38051,1.477215824,20.94594595,North Dakota,McIntosh,264,1359,1095
13031,2.804389479,32.47499152,Georgia,Bulloch,1415,2515,1100
13077,2.997647416,36.22195402,Georgia,Coweta,1583,2683,1100
1109,2.501637197,28.01837609,Alabama,Pike,1113,2214,1101
5065,0.894187779,19.71937808,Arkansas,Izard,40,1143,1103
20131,2.632161026,29.92220227,Kansas,Nemaha,1245,2349,1104
20121,2.69279796,31.00332058,Kansas,Miami,1309,2415,1106
24035,3.062340503,37.97546176,Maryland,Queen Anne's,1643,2752,1109
31139,2.034624308,23.73188406,Nebraska,Pierce,644,1755,1111
48285,1.785191689,22.22609666,Texas,Lavaca,446,1561,1115
30075,2.316155182,26.12546125,Montana,Powder River,927,2046,1119
55073,2.485461441,28.10344473,Wisconsin,Marathon,1098,2219,1121
46051,2.229965157,25.30852478,South Dakota,Grant,839,1960,1121
48477,2.661033281,30.73485001,Texas,Washington,1276,2398,1122
23031,2.968952405,36.24134715,Maine,York,1562,2687,1125
29003,2.538645218,28.8499178,Missouri,Andrew,1152,2279,1127
29183,3.1918416,42.7330891,Missouri,St. Charles,1757,2884,1127
5013,0.806451613,19.79532164,Arkansas,Calhoun,24,1157,1133
17079,1.387434555,20.92011191,Illinois,Jasper,216,1351,1135
17013,1.005714286,20.11605416,Illinois,Calhoun,72,1211,1139
47183,1.823154057,22.68577645,Tennessee,Weakley,486,1627,1141
47153,1.263537906,20.64442076,Tennessee,Sequatchie,162,1304,1142
27163,3.293614421,49.06722351,Minnesota,Washington,1834,2978,1144
26105,2.336946863,26.63793902,Michigan,Mason,952,2096,1144
38063,2.549459515,29.42743009,North Dakota,Nelson,1166,2313,1147
46085,2.107279693,24.54583861,South Dakota,Lyman,714,1863,1149
13297,2.105798576,24.49412743,Georgia,Walton,710,1859,1149
28015,1.408450704,21.15461713,Mississippi,Carroll,236,1389,1153
30051,2.430846605,27.8471712,Montana,Liberty,1043,2196,1153
13045,1.99383723,23.81274761,Georgia,Carroll,609,1765,1156
18129,2.193301784,25.24584699,Indiana,Posey,794,1954,1160
26001,1.490984743,21.4128801,Michigan,Alcona,269,1431,1162
31135,2.240477969,25.82748245,Nebraska,Perkins,850,2012,1162
46059,2.454815214,28.38468721,South Dakota,Hand,1071,2235,1164
18057,3.387205387,61.904938,Indiana,Hamilton,1901,3066,1165
18013,2.303439803,26.40296663,Indiana,Brown,914,2080,1166
47141,2.550600625,29.78595569,Tennessee,Putnam,1168,2341,1173
38013,1.794493609,22.77027027,North Dakota,Burke,458,1639,1181
31155,2.724102177,32.61144883,Nebraska,Saunders,1340,2522,1182
17065,1.314217443,21.02171591,Illinois,Hamilton,186,1369,1183
38029,1.675503712,22.19043727,North Dakota,Emmons,376,1560,1184
20201,2.212628171,25.78369906,Kansas,Washington,816,2005,1189
47043,1.606222851,22.02575634,Tennessee,Dickson,340,1530,1190
1067,1.550138978,21.81888846,Alabama,Henry,306,1497,1191
13157,2.393560686,27.82183938,Georgia,Jackson,1000,2193,1193
8021,2.197802198,25.70648996,Colorado,Conejos,799.5,1998,1198.5
48193,2.30227519,26.78420071,Texas,Hamilton,912,2111,1199
51023,2.429998766,28.48291104,Virginia,Botetourt,1041,2243,1202
48021,2.107707422,24.99497112,Texas,Bastrop,716,1924,1208
55049,2.417620236,28.43457944,Wisconsin,Iowa,1029,2241,1212
31099,2.798734485,34.49169005,Nebraska,Kearney,1405,2617,1212
18037,2.183333333,25.70453176,Indiana,Dubois,784,1997,1213
55051,2.210449397,25.96907009,Wisconsin,Iron,815,2029,1214
38057,1.819075713,23.25384745,North Dakota,Mercer,482,1696,1214
31063,2.17877095,25.70781427,Nebraska,Frontier,779,1999,1220
19003,2.292364662,26.97924673,Iowa,Adams,904,2124,1220
31081,2.616179002,31.3084829,Nebraska,Hamilton,1223,2444,1221
47189,2.925282801,37.83463634,Tennessee,Wilson,1523,2745,1222
55061,1.514825956,21.91041554,Wisconsin,Kewaunee,288,1511,1223
48051,1.846590909,23.46780736,Texas,Burleson,505,1728,1223
27005,2.37082943,27.98355585,Minnesota,Becker,983,2210,1227
22015,2.401307518,28.40780771,Louisiana,Bossier Parish,1006,2239,1233
47147,1.625635537,22.4023082,Tennessee,Robertson,346,1581,1235
46043,2.084610668,24.94769874,South Dakota,Douglas,683,1919,1236
38045,2.119052206,25.336091,North Dakota,LaMoure,728,1969,1241
47117,1.777677768,23.10567586,Tennessee,Marshall,439,1680,1241
55129,2.13181204,25.509487,Wisconsin,Washburn,739,1981,1242
5085,1.524930846,22.07602628,Arkansas,Lonoke,293,1540,1247
21217,1.754127358,23.01568989,Kentucky,Taylor,424,1671,1247
27119,2.346894244,27.98919597,Minnesota,Polk,962,2211,1249
47119,2.342437479,27.99515397,Tennessee,Maury,957,2213,1256
55131,2.773731488,35.16193862,Wisconsin,Washington,1386,2646,1260
1051,2.10630653,25.39139881,Alabama,Elmore,712,1972,1260
47023,1.495047655,22.03842509,Tennessee,Chester,271,1533,1262
30103,2.875816993,37.45704467,Montana,Treasure,1471,2734,1263
27067,2.324824173,27.91526564,Minnesota,Kandiyohi,935,2202,1267
21221,1.391929934,21.7404072,Kentucky,Trigg,222,1489,1267
35003,2.547495682,31.17520712,New Mexico,Catron,1164,2432,1268
42093,2.90625,38.68263473,Pennsylvania,Montour,1509,2777,1268
27041,2.449830597,29.71840901,Minnesota,Douglas,1067,2338,1271
22121,1.75346309,23.25179271,Louisiana,West Baton Rouge Parish,423,1695,1272
27055,2.475306438,30.10424423,Minnesota,Houston,1086,2360,1274
34017,3.124514501,48.9091443,New Jersey,Hudson,1701,2976,1275
5053,1.274900398,21.51583534,Arkansas,Grant,170,1454,1284
38009,2.481182046,30.35236396,North Dakota,Bottineau,1094,2379,1285
47041,0.90561766,20.82152975,Tennessee,DeKalb,45,1330,1285
51019,2.668801708,33.68621247,Virginia,Bedford,1288,2575,1287
31089,2.396313364,29.07842851,Nebraska,Holt,1002,2290,1288
28011,2.310101801,27.97210077,Mississippi,Bolivar,919,2208,1289
55109,2.902055623,39.45156609,Wisconsin,St. Croix,1505,2803,1298
13039,1.929949964,24.55189887,Georgia,Camden,565,1865,1300
48187,2.543029927,31.42960959,Texas,Guadalupe,1155,2455,1300
23023,3.01157629,44.24310399,Maine,Sagadahoc,1600,2907,1307
20183,2.069734119,25.57251908,Kansas,Smith,674,1985,1311
17085,2.357940343,28.91471934,Illinois,Jo Daviess,971,2282,1311
1031,1.506089212,22.48431888,Alabama,Coffee,279,1592,1313
48339,2.862024776,38.78960935,Texas,Montgomery,1459,2778,1319
21215,1.749002762,23.5879695,Kentucky,Spencer,420,1744,1324
31177,2.781496356,36.8304804,Nebraska,Washington,1391,2717,1326
51031,2.107960651,26.0964423,Virginia,Campbell,717,2044,1327
24023,2.088722813,25.91008415,Maryland,Garrett,688,2021,1333
46067,2.323780015,28.76932343,South Dakota,Hutchinson,933,2275,1342
27101,1.704765595,23.51318738,Minnesota,Murray,391,1734,1343
23013,2.867153285,39.73097009,Maine,Knox,1464,2809,1345
28073,2.648885641,34.4998081,Mississippi,Lamar,1263,2618,1355
18043,2.564833286,32.93638079,Indiana,Floyd,1179,2535,1356
12089,2.686455007,35.55994567,Florida,Nassau,1302,2661,1359
46039,1.940871135,25.05098572,South Dakota,Deuel,575,1934,1359
27111,2.260575296,28.3243641,Minnesota,Otter Tail,870,2232,1362
21001,1.186699565,21.7594759,Kentucky,Adair,130,1492,1362
29171,1.410658307,22.55281166,Missouri,Putnam,238,1603,1365
37005,1.671656687,23.57742269,North Carolina,Alleghany,375,1742,1367
18019,2.212717422,27.74178806,Indiana,Clark,818,2187,1369
46087,2.361595045,29.91155186,South Dakota,McCook,973,2347,1374
17163,2.482606737,31.79707406,Illinois,St. Clair,1095,2473,1378
13221,1.966444164,25.34457744,Georgia,Oglethorpe,592,1970,1378
13201,0.85939365,21.33526851,Georgia,Miller,35,1417,1382
37031,2.626197395,34.51571713,North Carolina,Carteret,1236,2619,1383
37137,1.966227157,25.40237929,North Carolina,Pamlico,591,1975,1384
48491,2.995143011,48.42771826,Texas,Williamson,1580,2967,1387
26061,2.723335535,37.24122207,Michigan,Houghton,1338,2729,1391
46045,2.227589909,28.2450675,South Dakota,Edmunds,835,2226,1391
55013,1.29157249,22.35672121,Wisconsin,Burnett,178,1573,1395
46091,1.94761585,25.42372881,South Dakota,Marshall,580,1976,1396
50019,2.37876638,30.47324193,Vermont,Orleans,985,2384,1399
54067,1.552318896,23.30525245,West Virginia,Nicholas,308,1707,1399
13249,1.257296812,22.18639149,Georgia,Schley,159,1558,1399
5031,2.318267589,29.68930915,Arkansas,Craighead,929,2336,1407
55037,1.867030965,25.02017756,Wisconsin,Florence,523,1930,1407
27149,2.41066849,31.15032236,Minnesota,Stevens,1020,2429,1409
50011,2.335901387,30.19603506,Vermont,Franklin,949,2366,1417
1117,2.925434416,46.84480714,Alabama,Shelby,1524,2950,1426
48053,2.214532872,28.53986375,Texas,Burnet,822,2250,1428
24041,2.84111473,42.00181223,Maryland,Talbot,1440,2868,1428
27081,1.938187533,25.74805129,Minnesota,Lincoln,572,2003,1431
31167,1.649484536,24.05384811,Nebraska,Stanton,365,1797,1432
31007,2.51396648,33.33333333,Nebraska,Banner,1121,2553.5,1432.5
38069,2.183611176,28.16194912,North Dakota,Pierce,785,2220,1435
8023,1.782711066,24.85465116,Colorado,Costilla,443,1899,1456
15007,2.289639382,30.08521397,Hawaii,Kauai,900,2356,1456
45015,2.331897359,30.96637313,South Carolina,Berkeley,941,2411,1470
48299,2.421943391,32.35824597,Texas,Llano,1036,2508,1472
37199,1.798561151,25.06118453,North Carolina,Yancey,464,1937,1473
48333,2.117263844,27.89074355,Texas,Mills,724,2198,1474
48015,1.798855274,25.07215343,Texas,Austin,465,1939,1474
31093,1.917000211,26.02954342,Nebraska,Howard,549,2036,1487
21015,2.560386473,35.70810062,Kentucky,Boone,1175,2663,1488
29209,1.727515583,24.8368107,Missouri,Stone,404,1896,1492
27009,1.933488012,26.22277174,Minnesota,Benton,568,2062,1494
55113,2.061201839,27.42545149,Wisconsin,Sawyer,668,2166,1498
51103,2.731046537,41.27055643,Virginia,Lancaster,1343,2851,1508
22089,1.990838619,26.87460618,Louisiana,St. Charles Parish,604,2116,1512
27039,2.24265218,30.2045134,Minnesota,Dodge,853,2368,1515
38065,1.236749117,22.96983759,North Dakota,Oliver,148,1665,1517
37101,2.152317881,28.90276141,North Carolina,Johnston,762,2281,1519
51093,2.252952144,30.80832695,Virginia,Isle of Wight,866,2400,1534
37133,1.836761092,25.99807558,North Carolina,Onslow,495,2033,1538
48091,2.74822695,43.34657054,Texas,Comal,1358,2896,1538
38087,2.157788267,29.28452579,North Dakota,Slope,765,2303,1538
55123,1.681031848,24.93401795,Wisconsin,Vernon,379,1918,1539
51115,2.090909091,28.39838493,Virginia,Mathews,693,2238,1545
38023,1.928665786,26.73206622,North Dakota,Divide,561,2106,1545
37055,2.733630006,43.2098338,North Carolina,Dare,1347,2894,1547
48263,1.868595539,26.28099174,Texas,Kent,524,2071,1547
12021,2.661207779,40.29021804,Florida,Collier,1277,2825,1548
37141,2.216138704,30.60564231,North Carolina,Pender,826,2391,1565
5007,2.555289898,37.75151693,Arkansas,Benton,1171,2743,1572
51177,2.448559671,34.94612767,Virginia,Spotsylvania,1065,2639,1574
51181,1.924959217,27.05882353,Virginia,Surry,557,2132,1575
46063,2.199144777,30.39215686,South Dakota,Harding,802,2381,1579
51157,2.357795461,33.32169663,Virginia,Rappahannock,970,2552,1582
27057,2.204615915,30.65354972,Minnesota,Hubbard,808,2395,1587
13111,1.391360621,24.15803109,Georgia,Fannin,220,1812,1592
30079,1.876465989,26.93467337,Montana,Prairie,527,2120,1593
55089,2.801196628,51.17018686,Wisconsin,Ozaukee,1407,3000,1593
12129,1.133698202,23.26454034,Florida,Wakulla,104,1698,1594
48259,2.763561924,48.89652943,Texas,Kendall,1376,2973,1597
47187,2.870163096,62.69268984,Tennessee,Williamson,1468,3069,1601
48493,1.744040151,25.88798943,Texas,Wilson,415,2018,1603
31073,1.927829956,27.36982644,Nebraska,Gosper,559,2162,1603
46127,2.499609436,37.012329,South Dakota,Union,1111,2722,1611
37115,2.270182225,32.20870438,North Carolina,Madison,880,2497,1617
17199,1.785837651,26.2472301,Illinois,Williamson,448,2066,1618
48085,2.803219539,56.21674623,Texas,Collin,1412,3037,1625
53029,2.465897167,36.61958758,Washington,Island,1080,2706,1626
38091,2.03957382,28.85345482,North Dakota,Steele,651,2280,1629
38043,1.752677702,26.18904275,North Dakota,Kidder,422,2053,1631
1083,2.125087485,30.19480519,Alabama,Limestone,734,2365,1631
13067,2.751067003,50.76759022,Georgia,Cobb,1360,2995,1635
1003,2.330927901,33.68950841,Alabama,Baldwin,940,2576,1636
13311,1.221703198,23.97527018,Georgia,White,143,1784,1641
48397,2.651816494,44.49041597,Texas,Rockwall,1268,2911,1643
55015,2.285772858,32.95759528,Wisconsin,Calumet,892,2538,1646
12091,2.382936177,34.818526,Florida,Okaloosa,988,2635,1647
48031,2.403433476,35.40507112,Texas,Blanco,1009,2657,1648
48269,2.51450677,38.88888889,Texas,King,1123,2781,1658
13227,1.77819373,26.67357593,Georgia,Pickens,440,2102,1662
27037,2.64356927,45.04395012,Minnesota,Dakota,1255,2917,1662
27003,2.223088924,32.18225797,Minnesota,Anoka,831,2496,1665
13237,2.148033126,31.13021673,Georgia,Putnam,757,2426,1669
47127,1.18708452,24.07483553,Tennessee,Moore,131,1801,1670
18173,2.353683831,35.15827195,Indiana,Warrick,968,2645,1677
48425,2.010644589,29.29963899,Texas,Somervell,625,2304,1679
35021,2.266872746,33.33333333,New Mexico,Harding,874,2553.5,1679.5
48159,1.841327574,27.76511597,Texas,Franklin,502,2188,1686
46083,2.614727855,44.44659568,South Dakota,Lincoln,1222,2910,1688
38025,1.465400271,25.21306818,North Dakota,Dunn,257,1950,1693
13281,2.113970588,31.03065752,Georgia,Towns,722,2417,1695
51109,2.007380074,29.65851674,Virginia,Louisa,622,2330,1708
1001,1.958719461,29.13848087,Alabama,Autauga,585,2295,1710
51067,1.405778353,25.14815641,Virginia,Franklin,234,1946,1712
51063,1.178509532,24.37061141,Virginia,Floyd,126,1841,1715
28089,2.651245552,49.61151767,Mississippi,Madison,1267,2985,1718
31071,1.996672213,29.67213115,Nebraska,Garfield,612,2332,1720
48319,2.434956638,38.84576443,Texas,Mason,1048,2779,1731
13133,2.403697997,37.79711651,Georgia,Greene,1011,2744,1733
48221,2.195767196,32.94629294,Texas,Hood,796,2536,1740
27077,1.405301821,25.4243159,Minnesota,Lake of the Woods,232,1977,1745
13103,1.705290774,27.15865543,Georgia,Effingham,392,2140,1748
29169,1.420305103,25.80961727,Missouri,Pulaski,241,2007,1766
46089,1.549776727,26.47245092,South Dakota,McPherson,305,2082,1777
48149,1.700831377,27.45278923,Texas,Fayette,388,2167,1779
29151,1.100412655,24.67718795,Missouri,Osage,94,1881,1787
24037,2.301903497,36.46854273,Maryland,St. Mary's,910,2697,1787
31149,1.617647059,27.08994709,Nebraska,Rock,344.5,2133,1788.5
13123,1.155778894,24.8605643,Georgia,Gilmer,113,1902,1789
26009,2.209563266,34.30668754,Michigan,Antrim,812,2604,1792
37009,1.402103155,25.93828594,North Carolina,Ashe,231,2026,1795
31005,2.298850575,36.63663664,Nebraska,Arthur,909,2707,1798
27069,1.833420639,29.09527073,Minnesota,Kittson,492,2292,1800
17027,1.374070482,25.86187323,Illinois,Clinton,205,2016,1811
26029,2.22509331,35.21361479,Michigan,Charlevoix,832,2647,1815
28033,1.794932889,28.96336649,Mississippi,DeSoto,459,2284,1825
23027,2.179372924,34.36672843,Maine,Waldo,780,2606,1826
26089,2.555982809,51.84917814,Michigan,Leelanau,1172,3009,1837
55029,2.286356822,37.40202037,Wisconsin,Door,894,2731,1837
13145,2.303190485,37.9796862,Georgia,Harris,913,2753,1840
13153,2.068273092,32.47359525,Georgia,Houston,672,2514,1842
31115,1.526717557,27.22891566,Nebraska,Loup,294,2150,1856
12035,1.961950059,31.31266953,Florida,Flagler,589,2446,1857
28121,2.074776944,33.47551828,Mississippi,Rankin,676,2562,1886
31117,1.155115512,25.74257426,Nebraska,McPherson,112,2002,1890
26037,2.15514311,35.37461024,Michigan,Clinton,764,2655,1891
47047,1.439612062,27.28608602,Tennessee,Fayette,250,2155,1905
55007,2.121177931,35.01387604,Wisconsin,Bayfield,731,2642,1911
37037,2.436894052,48.93591925,North Carolina,Chatham,1051,2977,1926
51079,1.879699248,31.5380493,Virginia,Greene,532,2459,1927
13151,1.704061346,29.48767276,Georgia,Henry,390,2317,1927
37029,1.575710992,28.58655373,North Carolina,Camden,324,2252,1928
12119,2.117896223,35.32843209,Florida,Sumter,725,2654,1929
13097,1.811594203,30.84637357,Georgia,Douglas,474,2404,1930
22005,1.646335416,29.08833376,Louisiana,Ascension Parish,360,2291,1931
5125,1.651708994,29.35337429,Arkansas,Saline,369,2309,1940
27171,2.055371847,34.37323096,Minnesota,Wright,663,2608,1945
38047,0.999687598,25.82335329,North Dakota,Logan,66,2011,1945
37019,2.051005262,34.66663419,North Carolina,Brunswick,661,2624,1963
21185,2.36232791,46.41832575,Kentucky,Oldham,975,2941,1966
35055,2.181477516,38.53534797,New Mexico,Taos,782,2773,1991
51133,1.943762974,33.6036961,Virginia,Northumberland,577,2572,1995
27139,2.289645838,44.14989781,Minnesota,Scott,901,2906,2005
13291,1.143024619,26.86023669,Georgia,Union,108,2114,2006
47021,1.004604437,26.57185879,Tennessee,Cheatham,70,2093,2023
8007,2.197802198,40.87043069,Colorado,Archuleta,799.5,2840,2040.5
51125,2.038353225,36.25267284,Virginia,Nelson,648,2690,2042
31183,1.587301587,30.32159265,Nebraska,Wheeler,328,2377,2049
47105,1.401669163,29.44949103,Tennessee,Loudon,229,2314,2085
29043,1.776512069,32.73350471,Missouri,Christian,437,2525,2088
51199,2.288080192,49.98969964,Virginia,York,897,2990,2093
54079,1.341366375,29.05275602,West Virginia,Putnam,195,2289,2094
37053,1.558891455,30.87672979,North Carolina,Currituck,313,2407,2094
13247,1.729183293,32.35431744,Georgia,Rockdale,407,2507,2100
50013,2.19941349,44.04244216,Vermont,Grand Isle,803,2904,2101
12131,1.86606471,35.03205819,Florida,Walton,522,2643,2121
47165,1.776680318,33.57125711,Tennessee,Sumner,438,2568,2130
24047,1.833416293,35.27436708,Maryland,Worcester,491,2653,2162
38007,1.645021645,32.60869565,North Dakota,Billings,357,2521,2164
51069,1.552013423,31.86909003,Virginia,Frederick,307,2479,2172
51127,1.960784314,38.36701698,Virginia,New Kent,587,2764,2177
48171,1.916376307,37.18512788,Texas,Gillespie,548,2728,2180
16081,2.193283071,49.86989478,Idaho,Teton,793,2988,2195
1089,2.141355329,46.42348646,Alabama,Madison,748,2943,2195
51075,2.098235575,45.84381629,Virginia,Goochland,701,2934,2233
35043,1.548786784,33.75317186,New Mexico,Sandoval,304,2577,2273
37043,1.352794589,31.78243049,North Carolina,Clay,198,2472,2274
13223,0.796205319,29.48710362,Georgia,Paulding,22,2316,2294
13029,1.648154783,36.13323678,Georgia,Bryan,363,2677,2314
27019,2.075279756,50.44251397,Minnesota,Carver,677,2993,2316
12113,1.273117127,31.97034486,Florida,Santa Rosa,168,2485,2317
13177,1.393629124,34.10754632,Georgia,Lee,224,2589,2365
48033,1.617647059,36.89095128,Texas,Borden,344.5,2719,2374.5
35033,1.387956123,34.27960928,New Mexico,Mora,217,2601,2384
13135,1.707508752,39.00860332,Georgia,Gwinnett,394,2786,2392
13219,2.017448201,55.87523245,Georgia,Oconee,629,3036,2407
13073,1.631086592,38.46160883,Georgia,Columbia,349,2766,2417
48157,1.929377503,50.22994203,Texas,Fort Bend,562,2991,2429
46021,1.357862462,36.02941176,South Dakota,Campbell,201,2672,2471
13057,1.644702161,41.14847355,Georgia,Cherokee,356,2846,2490
17133,1.3835815,38.66475119,Illinois,Monroe,210,2776,2566
51179,1.513536559,43.83447545,Virginia,Stafford,286,2900,2614
13085,0.809716599,36.43543322,Georgia,Dawson,26,2694,2668
13113,1.237819331,49.90051872,Georgia,Fayette,150,2989,2839
26083,0.400890869,41.19318182,Michigan,Keweenaw,1,2847,2846
13117,0.773809524,57.12618337,Georgia,Forsyth,18,3045,3027
