"county_fips","county","state","state_abb","state_fips","ba_1990","ba_2000","ba_2012","ba_2024","growth_1990_2024","growth_per_decade"
"13117","Forsyth","Georgia","Georgia","13",15.5713872047317,34.5854444999214,43.344973276272,57.1261833744002,41.5547961696685,12.2219988734319
"19049","Dallas","Iowa","Iowa","19",16.27824651826,26.7683787810642,42.0919544417896,51.4926001853464,35.2143536670864,10.3571628432607
"08079","Mineral","Colorado","Colorado","08",17.8743961352657,31.2202852614897,38.1028938906752,51.68,33.8056038647343,9.94282466609832
"08065","Lake","Colorado","Colorado","08",16.1937901498929,19.5116772823779,24.0503715937242,49.495145631068,33.301355481175,9.79451631799266
"39041","Delaware","Ohio","Ohio","39",26.3953824907222,41.0354480622911,49.8416993880222,59.4304084570933,33.0350259663711,9.7161841077562
"49051","Wasatch","Utah","Utah","49",18.5196490873279,26.3371347171524,31.2601984062279,51.3421202434646,32.8224711561367,9.65366798709901
"08014","Broomfield","Colorado","Colorado","08",27.5703814329706,38.3567135209084,46.9652797085144,60.3345499899121,32.7641685569416,9.63652016380635
"16081","Teton","Idaho","Idaho","16",17.4154467440687,28.0852241283896,33.3025119432886,49.8698947844779,32.4544480404092,9.54542589423801
"08015","Chaffee","Colorado","Colorado","08",15.1803422173677,24.3218135663242,33.398593285476,46.9846657373174,31.8043235199497,9.3542127999852
"51107","Loudoun","Virginia","Virginia","51",32.753651704927,47.211397342599,57.8745684519212,64.5517289949996,31.7980772900727,9.35237567355079
"56039","Teton","Wyoming","Wyoming","56",29.9986905727721,45.7859479481199,48.9943991607231,61.0839626832519,31.0852721104798,9.1427270913176
"11001","District of Columbia","District of Columbia","District of Columbia","11",33.3108466480687,39.0697855851095,51.2057053603197,64.2466339005029,30.9357872524343,9.09876095659832
"26083","Keweenaw","Michigan","Michigan","26",11.1111111111111,19.094247246022,23.5815602836879,41.1931818181818,30.0820707070707,8.8476678550208
"18011","Boone","Indiana","Indiana","18",22.2075055187638,27.6424387646432,39.5423340961098,51.7251725172517,29.5176669984879,8.68166676426116
"37037","Chatham","North Carolina","North Carolina","37",19.5382363355222,27.5803648338902,36.6969030772793,48.9359192545537,29.3976829190315,8.64637732912691
"34017","Hudson","New Jersey","New Jersey","34",19.7244829626617,25.2828316273942,35.9065544706748,48.9091443015817,29.18466133892,8.58372392321177
"13133","Greene","Georgia","Georgia","13",8.77636752746593,17.6272529991043,19.3737270875764,37.7971165086375,29.0207489811716,8.53551440622693
"27019","Carver","Minnesota","Minnesota","27",21.4469115635329,34.323059594565,43.4997895326463,50.4425139687589,28.995602405226,8.52811835447823
"48259","Kendall","Texas","Texas","48",19.9443413728502,31.3893978644089,38.816807011514,48.8965294307796,28.9521880579295,8.51534942880278
"08091","Ouray","Colorado","Colorado","08",27.9212861941402,36.8478628355385,46.4395420273667,56.4757303887739,28.5544441946337,8.39836593959814
"47187","Williamson","Tennessee","Tennessee","47",34.2392582964089,44.3558310504863,51.9581035375823,62.6926898427105,28.4534315463016,8.36865633714752
"51540","Charlottesville city","Virginia","Virginia","51",34.0595312546309,40.7892713829095,48.085360843811,62.4526873580621,28.3931561034312,8.35092826571506
"08111","San Juan","Colorado","Colorado","08",23.9740820734341,43.6915887850467,30.1724137931034,52.1222410865874,28.1481590131533,8.27887029798627
"46083","Lincoln","South Dakota","South Dakota","46",16.3769033412942,25.4950882298526,38.4205578188656,44.4465956760245,28.0696923347303,8.25579186315598
"45019","Charleston","South Carolina","South Carolina","45",22.3725291759853,30.7250620170239,38.4285717539263,50.3354776232967,27.9629484473114,8.22439660215042
"51610","Falls Church city","Virginia","Virginia","51",52.7018265404097,63.6279788016992,72.6866239053945,80.5325443786982,27.8307178382885,8.18550524655543
"13085","Dawson","Georgia","Georgia","13",8.63942630335531,18.0705743518692,23.4672580226375,36.4354332163311,27.7960069129757,8.17529615087522
"08051","Gunnison","Colorado","Colorado","08",36.9356806691698,43.5912511757473,51.9080032999393,64.6640383956119,27.7283577264421,8.15539933130651
"26089","Leelanau","Michigan","Michigan","26",24.1394805428238,31.3561041596212,39.0039963110974,51.8491781430475,27.7096976002238,8.14991105888934
"39165","Warren","Ohio","Ohio","39",17.997093063946,28.365311277474,36.873488099888,45.5817249133327,27.5846318493867,8.1131270145255
"08031","Denver","Colorado","Colorado","08",29.0282423529201,34.4501745282744,42.2362827076191,56.5279333598972,27.499691006977,8.08814441381677
"12119","Sumter","Florida","Florida","12",7.82914980912747,12.2383094075094,22.5793130252838,35.328432094079,27.4992822849515,8.08802420145633
"13219","Oconee","Georgia","Georgia","13",28.4309261451598,39.7874924104432,44.0568047337278,55.8752324479843,27.4443063028245,8.07185479494837
"37179","Union","North Carolina","North Carolina","37",13.1591467667752,21.3227895906173,30.7735066639515,40.4927329863498,27.3335862195746,8.03929006458076
"12109","St. Johns","Florida","Florida","12",23.6480865230266,33.1326349495489,40.7065311565448,50.910503150082,27.2624166270554,8.01835783148688
"39159","Union","Ohio","Ohio","39",12.013445705656,15.9267355091581,27.79039962717,39.1709372014245,27.1574914957685,7.98749749875545
"27139","Scott","Minnesota","Minnesota","27",17.1749619279539,29.3967346574456,37.4705367903782,44.149897814809,26.9749358868551,7.93380467260444
"13121","Fulton","Georgia","Georgia","13",31.551366207085,41.3845927775437,48.406066070159,58.4907477636917,26.9393815566068,7.92334751664905
"49043","Summit","Utah","Utah","49",32.8994536111797,45.5332289597985,48.314791229735,59.8274339289354,26.9279803177557,7.91999421110461
"37021","Buncombe","North Carolina","North Carolina","37",19.1148317834988,25.2605611186829,32.7285393823259,45.910261914985,26.7954301314862,7.88100886220183
"51075","Goochland","Virginia","Virginia","51",19.1794278142221,29.1975546497428,37.1352124314595,45.8438162892803,26.6643884750581,7.84246719854652
"08019","Clear Creek","Colorado","Colorado","08",31.1800975651777,38.8071258689042,37.2917133779223,57.4956146269059,26.3155170617283,7.73985795933185
"41017","Deschutes","Oregon","Oregon","41",18.8663342774548,24.9675959739667,30.5295340823833,44.9683472389053,26.1020129614505,7.67706263572074
"27031","Cook","Minnesota","Minnesota","27",20.6884057971014,28.8302277432712,36.2984927106499,46.6490299823633,25.9606241852619,7.63547770154761
"48319","Mason","Texas","Texas","48",12.947543713572,18.7338022954461,28.394210889042,38.8457644279447,25.8982207143726,7.61712373952136
"29510","St. Louis city","Missouri","Missouri","29",15.3254113040625,19.0895267237029,28.5025530858152,41.1419892256212,25.8165779215587,7.59311115339961
"18057","Hamilton","Indiana","Indiana","18",36.1783384205992,48.8669637720121,55.0354553871377,61.9049379976826,25.7265995770834,7.5666469344363
"44001","Bristol","Rhode Island","Rhode Island","44",27.3962842868208,34.2543425792831,42.1304713193749,53.0085879991077,25.6123037122869,7.53303050361381
"37025","Cabarrus","North Carolina","North Carolina","37",12.3058146113507,19.1149158836787,24.2347136033725,37.9146588004933,25.6088441891427,7.53201299680666
"36047","Kings","New York","New York","36",16.5510897836858,21.8466452439676,29.7683493835787,42.1075776374642,25.5564878537783,7.51661407464069
"23005","Cumberland","Maine","Maine","23",27.5613600541194,34.2395021955779,40.2313319279514,53.0060939684661,25.4447339143467,7.48374526892551
"46021","Campbell","South Dakota","South Dakota","46",10.6617647058824,14.7881694644285,18.1733457595527,36.0294117647059,25.3676470588235,7.46107266435986
"06075","San Francisco","California","California","06",35.0430678487932,44.9802101315807,51.9717406125824,60.3386736541152,25.295605805322,7.43988406038883
"41051","Multnomah","Oregon","Oregon","41",23.6551841633692,30.6499418527963,39.1660943277781,48.864937509298,25.2097533459288,7.41463333703788
"17133","Monroe","Illinois","Illinois","17",13.7396502142063,20.3572432073651,25.5070168068023,38.6647511871982,24.9251009729919,7.33091205087997
"51127","New Kent","Virginia","Virginia","51",13.4453825329022,16.3320774312241,23.1666111115309,38.3670169765562,24.921634443654,7.32989248342764
"21037","Campbell","Kentucky","Kentucky","21",14.9191177863312,20.5442081697995,27.5188652289748,39.7447722152502,24.8256544289189,7.3016630673291
"51013","Arlington","Virginia","Virginia","51",52.2979371102662,60.2204644432548,71.2486080903552,77.0794526848339,24.7815155745676,7.28868105134342
"08113","San Miguel","Colorado","Colorado","08",40.2607664954563,48.4670306598936,53.6008796041781,64.8579226200032,24.5971561245469,7.23445768369025
"08027","Custer","Colorado","Colorado","08",19.182156133829,26.6875981161695,32.4970131421744,43.7095614665708,24.5274053327418,7.21394274492406
"13145","Harris","Georgia","Georgia","13",13.598157055834,21.1446787924866,28.1619116845357,37.979686203217,24.3815291473831,7.17103798452443
"13029","Bryan","Georgia","Georgia","13",11.7816091954023,19.3330077439206,29.3855789637145,36.1332367849385,24.3516275895362,7.16224340868711
"25021","Norfolk","Massachusetts","Massachusetts","25",34.4344571729103,42.9449547953675,48.3083370720946,58.7834851371252,24.3490279642149,7.16147881300438
"30103","Treasure","Montana","Montana","30",13.1810193321617,18.1975736568458,22.181146025878,37.4570446735395,24.2760253413778,7.14000745334642
"37129","New Hanover","North Carolina","North Carolina","37",21.2141414228839,30.9636309297277,36.5866080539113,45.3906754173414,24.1765339944575,7.1107452924875
"25017","Middlesex","Massachusetts","Massachusetts","25",35.3840833725982,43.5857203714193,50.1885625202937,59.5094472985553,24.1253639259571,7.09569527234032
"13113","Fayette","Georgia","Georgia","13",25.7792754844611,36.171546699288,42.1125156427959,49.9005187237973,24.1212432393362,7.09448330568713
"47037","Davidson","Tennessee","Tennessee","47",24.3747341244721,30.4829168788165,35.0092694860222,48.390752402117,24.0160182776449,7.06353478754261
"44005","Newport","Rhode Island","Rhode Island","44",30.1018622234233,38.3200189560079,43.7484015072195,54.0906452473213,23.9887830238979,7.05552441879351
"45057","Lancaster","South Carolina","South Carolina","45",9.59431086525778,10.1902944089683,18.4771439960326,33.5744777052276,23.9801668399698,7.05299024704995
"37019","Brunswick","North Carolina","North Carolina","37",10.7380669511031,16.0631691736759,24.6500735027507,34.6666341867433,23.9285672356402,7.03781389283534
"06085","Santa Clara","California","California","06",32.5756768578621,40.4775990409309,46.0335499975107,56.4964157041,23.9207388462379,7.03551142536409
"53033","King","Washington","Washington","53",32.8465264770611,39.9530300115747,45.9612383649358,56.7260717154927,23.8795452384316,7.02339565836223
"48491","Williamson","Texas","Texas","48",24.6090418457797,33.6359473722922,37.5916832793552,48.4277182596852,23.8186764139055,7.00549306291337
"24021","Frederick","Maryland","Maryland","24",21.9720090574136,29.9998052429729,37.472972972973,45.7850272278487,23.8130181704351,7.00382887365739
"42019","Butler","Pennsylvania","Pennsylvania","42",15.5978226457225,23.5099726995736,29.6724005055928,39.3615522270287,23.7637295813062,6.98933222979595
"51085","Hanover","Virginia","Virginia","51",18.9428229352893,28.6925350402463,34.131236614595,42.7032210040247,23.7603980687354,6.98835237315746
"50013","Grand Isle","Vermont","Vermont","50",20.2964652223489,24.9791492910759,29.5621851995351,44.0424421638546,23.7459769415057,6.98411086514872
"50023","Washington","Vermont","Vermont","50",24.4267634432325,32.2028709805616,38.0851135948451,48.1152092456323,23.6884458023997,6.96718994188227
"21185","Oldham","Kentucky","Kentucky","21",22.9179533469523,30.6230652703682,39.2936093247588,46.4183257479347,23.5003724009823,6.91187423558304
"06001","Alameda","California","California","06",28.8046789309068,34.9097375750675,41.1235976314817,52.2459467460335,23.4412678151268,6.89449053386082
"05007","Benton","Arkansas","Arkansas","05",14.362119510779,20.3223559616142,28.1147770309276,37.7515169284745,23.3893974176955,6.87923453461634
"25019","Nantucket","Massachusetts","Massachusetts","25",32.9471733085839,38.4317660550459,43.6155731010073,56.3206382372495,23.3734649286656,6.87454850843107
"44009","Washington","Rhode Island","Rhode Island","44",29.0905208079999,35.4818058121315,42.7006650307558,52.3732921752552,23.2827713672553,6.84787393154566
"08047","Gilpin","Colorado","Colorado","08",29.5711313733075,31.2427796344108,30.1242615487314,52.8182393920203,23.2471080187128,6.83738471138612
"12131","Walton","Florida","Florida","12",11.8657140234945,16.2355337613417,24.2222055628583,35.0320581851919,23.1663441616974,6.81363063579335
"46127","Union","South Dakota","South Dakota","46",13.8735420503376,26.2769305252965,31.8937550689376,37.01232899848,23.1387869481424,6.80552557298305
"42003","Allegheny","Pennsylvania","Pennsylvania","42",22.6197206782668,28.3405698972854,35.0986431805387,45.7538490257431,23.1341283474764,6.80415539631658
"12089","Nassau","Florida","Florida","12",12.4576361887687,18.895617366163,22.5170950932724,35.5599456723052,23.1023094835365,6.7947969069225
"48091","Comal","Texas","Texas","48",20.2650643974194,26.1698605111256,32.2578508893485,43.3465705362995,23.0815061388801,6.78867827614122
"41027","Hood River","Oregon","Oregon","41",17.9869195678109,23.0573562860603,26.4225769122797,40.9832190971402,22.9962995293293,6.76361750862626
"13077","Coweta","Georgia","Georgia","13",13.2619464629267,20.60660366631,26.0544060231759,36.2219540240808,22.9600075611541,6.75294340033945
"34025","Monmouth","New Jersey","New Jersey","34",28.4356099895343,34.5815975656952,40.298575108653,51.3125376601375,22.8769276706032,6.7285081384127
"25025","Suffolk","Massachusetts","Massachusetts","25",27.7382897737729,32.4704139973224,39.6530125033786,50.6117540087774,22.8734642350045,6.72748948088367
"27163","Washington","Minnesota","Minnesota","27",26.222345246787,33.8717403380202,40.0793884368668,49.0672235059676,22.8448782591806,6.71908184093547
"31005","Arthur","Nebraska","Nebraska","31",13.7931034482759,15.6862745098039,27.2727272727273,36.6366366366366,22.8435331883608,6.71868623187082
"51125","Nelson","Virginia","Virginia","51",13.4221501612517,20.7818025949193,23.8880942945609,36.2526728439059,22.8305226826542,6.71485961254536
"51145","Powhatan","Virginia","Virginia","51",12.1564229830246,19.1418562113928,25.2206432311144,34.9743330808718,22.8179100978472,6.7111500287786
"34019","Hunterdon","New Jersey","New Jersey","34",34.6135125032479,41.7697372801047,48.1379893964512,57.3832739053149,22.769761402067,6.69698864766676
"13057","Cherokee","Georgia","Georgia","13",18.3944624844418,26.9816483466521,34.6012289503171,41.1484735543419,22.7540110699001,6.69235619702943
"50007","Chittenden","Vermont","Vermont","50",34.0365999017099,41.1626544075732,46.3215713206395,56.7746936429274,22.7380937412175,6.68767462976986
"23023","Sagadahoc","Maine","Maine","23",21.5500171300529,24.9893369685597,31.2825126139164,44.2431039921489,22.693086862096,6.67443731238119
"24029","Kent","Maryland","Maryland","24",16.9260700389105,21.6744257040372,30.7244318181818,39.5809496567506,22.6548796178401,6.66319988760002
"37053","Currituck","North Carolina","North Carolina","37",8.23735878030054,13.2756249494377,17.3945044160942,30.8767297887837,22.6393710084831,6.65863853190681
"20149","Pottawatomie","Kansas","Kansas","20",15.5641636869289,22.7427672406258,28.5410557184751,38.1926989826451,22.6285352957162,6.6554515575636
"16065","Madison","Idaho","Idaho","16",19.2162328873646,24.4310349488668,31.881655457811,41.8146277895423,22.5983949021777,6.64658673593462
"27053","Hennepin","Minnesota","Minnesota","27",31.5731385416497,39.0835936185988,45.455782719392,54.1362709796369,22.5631324379872,6.6362154229374
"41063","Wallowa","Oregon","Oregon","41",15.7133725852801,20.317705712314,22.2776073619632,38.2162256877519,22.5028531024718,6.61848620660934
"42029","Chester","Pennsylvania","Pennsylvania","42",34.6855716056886,42.4580327531382,48.271943231112,57.1341769196276,22.448605313939,6.60253097468793
"51103","Lancaster","Virginia","Virginia","51",18.8575004894137,24.4882437608932,25.8481871470012,41.2705564316287,22.413055942215,6.59207527712207
"45091","York","South Carolina","South Carolina","45",16.8889533026799,20.9097142920545,27.8215757983099,39.3004935932592,22.4115402905793,6.5916294972292
"48031","Blanco","Texas","Texas","48",13.0231413096997,22.1543681085666,27.6730388925511,35.4050711193568,22.3819298096572,6.58292053225211
"26047","Emmet","Michigan","Michigan","26",19.2181420233463,26.1642675698561,31.0959919752279,41.5689207273872,22.3507787040409,6.57375844236498
"06081","San Mateo","California","California","06",31.3309783371609,39.0130303014765,43.9106631016779,53.6726817181124,22.3417033809515,6.57108922969162
"27171","Wright","Minnesota","Minnesota","27",12.0852193720707,17.8585644271061,26.3150567986008,34.3732309560814,22.2880115840107,6.55529752470903
"47189","Wilson","Tennessee","Tennessee","47",15.5630155850445,19.5995551997752,25.8717182114248,37.834636342099,22.2716207570545,6.55047669325133
"51179","Stafford","Virginia","Virginia","51",21.6187628525229,29.6379801567117,35.4798964190434,43.8344754476962,22.2157125951733,6.53403311622744
"37097","Iredell","North Carolina","North Carolina","37",11.9018399907568,17.4256619471877,22.9598760075117,34.1095830541068,22.20774306335,6.53168913627942
"53031","Jefferson","Washington","Washington","53",21.8122022359765,28.3835258098781,35.2710640868554,43.9268702717848,22.1146680358084,6.50431412817893
"37175","Transylvania","North Carolina","North Carolina","37",17.9363549543768,23.7201815255932,27.2595008623109,39.9621869815179,22.0258320271411,6.47818589033563
"49019","Grand","Utah","Utah","49",15.4672248853315,22.9075858458072,25.6570374656115,37.4892519346518,22.0220270493203,6.47706677921185
"36061","New York","New York","New York","36",42.2059549883993,49.3960409845029,58.0892665830915,64.1899555133559,21.9840005249566,6.46588250734017
"48453","Travis","Texas","Texas","48",34.6489793563415,40.6180071289527,44.1977412914472,56.5609490697736,21.9119697134321,6.44469697453886
"13223","Paulding","Georgia","Georgia","13",7.60584560183344,15.2085814595951,23.0296151075242,29.4871036191024,21.8812580172689,6.43566412272616
"37183","Wake","North Carolina","North Carolina","37",35.28840996574,43.8795724997799,47.6372808129324,57.1554222241048,21.8670122583648,6.4314741936367
"37055","Dare","North Carolina","North Carolina","37",21.3549895721418,27.6700594114125,30.6712962962963,43.2098337950139,21.854844222872,6.42789535966824
"37063","Durham","North Carolina","North Carolina","37",33.3965166387742,40.1423297889145,44.7397864521547,55.2265520460892,21.830035407315,6.4205986492103
"55133","Waukesha","Wisconsin","Wisconsin","55",27.056050707511,34.0917067888832,39.4359100290385,48.8771775232156,21.8211268157047,6.41797847520725
"34009","Cape May","New Jersey","New Jersey","34",17.2401237940043,22.0203627982827,27.5706325979289,39.0453178841586,21.8051940901543,6.41329237945715
"26019","Benzie","Michigan","Michigan","26",15.0966073902414,20.0124154148334,24.129354986956,36.8773605073755,21.780753117134,6.4061038579806
"51003","Albemarle","Virginia","Virginia","51",39.4149447142907,47.6654987090245,52.2203029277201,61.1182056112579,21.7032608969672,6.38331202851977
"29183","St. Charles","Missouri","Missouri","29",21.1906520201013,26.3341886183538,34.8826720507838,42.7330891025039,21.5424370824026,6.336010906589
"34003","Bergen","New Jersey","New Jersey","34",31.7023810354747,38.2346332499755,45.49106738482,53.1365739220057,21.434192886531,6.30417437839147
"55089","Ozaukee","Wisconsin","Wisconsin","55",29.7377704097387,38.6090472027941,44.0227257446461,51.1701868646905,21.4324164549518,6.30365189851523
"31177","Washington","Nebraska","Nebraska","31",15.399147300698,22.6580670902615,28.9922825764322,36.8304803975704,21.4313330968724,6.30333326378601
"51760","Richmond city","Virginia","Virginia","51",24.2420207188217,29.4509397876893,33.7757205994516,45.6351517901488,21.3931310713271,6.29209737391973
"31007","Banner","Nebraska","Nebraska","31",11.9856887298748,19.6007259528131,20.8171206225681,33.3333333333333,21.3476446034586,6.27871900101722
"08035","Douglas","Colorado","Colorado","08",40.6886726940731,51.8540605935243,54.8170216899099,62.0223592906708,21.3336865965977,6.27461370488167
"18063","Hendricks","Indiana","Indiana","18",18.1613836451771,23.1136326699474,32.0100502513393,39.4935175087847,21.3321338636076,6.27415701870813
"08013","Boulder","Colorado","Colorado","08",42.8541293611163,53.1598621360039,58.0115242307049,64.1556640332867,21.3015346721704,6.26515725652071
"21239","Woodford","Kentucky","Kentucky","21",19.4781866311842,25.8844280727722,30.0706239421,40.7421013960323,21.2639147648481,6.2540925778965
"51043","Clarke","Virginia","Virginia","51",18.5655466029277,23.9207905973161,31.1652162435465,39.8125,21.2469533970723,6.24910394031538
"08067","La Plata","Colorado","Colorado","08",28.0670902374435,36.3564721655985,41.621776504298,49.2877355068082,21.2206452693647,6.2413662556955
"08059","Jefferson","Colorado","Colorado","08",30.7699812458955,36.5423315142343,40.4446446537143,51.9877276888778,21.2177464429823,6.24051365970068
"45053","Jasper","South Carolina","South Carolina","45",4.80540770135033,8.73260433967633,12.1032980709396,26.0125786163522,21.2071709150019,6.23740321029467
"24003","Anne Arundel","Maryland","Maryland","24",24.562087711248,30.6049630868406,36.8042725004833,45.7610894510068,21.1990017397588,6.23500051169377
"55025","Dane","Wisconsin","Wisconsin","55",34.1528460796349,40.6385481197388,45.8197184000117,55.3200294400369,21.167183360402,6.22564216482412
"08007","Archuleta","Colorado","Colorado","08",19.7187141216992,29.0133411523237,36.1473611271509,40.8704306912776,21.1517165695784,6.22109310869953
"51199","York","Virginia","Virginia","51",28.8420300087063,37.2196374004372,41.0633087121882,49.9896996415475,21.1476696328413,6.21990283318861
"19017","Bremer","Iowa","Iowa","19",15.1076641681993,21.4896908857376,27.475937183384,36.2499248301161,21.1422606619168,6.2183119593873
"48195","Hansford","Texas","Texas","48",15.3038674033149,18.5964912280702,21.0682492581602,36.4274322169059,21.123564813591,6.21281318046794
"24013","Carroll","Maryland","Maryland","24",19.5734842646673,24.8094929269182,31.8867772804031,40.6860300669517,21.1125458022844,6.20957229478952
"34027","Morris","New Jersey","New Jersey","34",36.7019483329071,44.0805366510537,49.0145691331773,57.8099039398048,21.1079556068977,6.20822223732286
"51800","Suffolk city","Virginia","Virginia","51",12.2587315362733,17.3059163020944,25.7467942929384,33.3436733729209,21.0849418366476,6.20145348136695
"37125","Moore","North Carolina","North Carolina","37",19.9193035230745,26.8456641704839,30.3621374466087,41.0025605152707,21.0832569921962,6.20095793888124
"51600","Fairfax city","Virginia","Virginia","51",41.298204759313,45.6448206386762,53.1958292247842,62.3584154778669,21.0602107185539,6.19417962310409
"51065","Fluvanna","Virginia","Virginia","51",16.2673891736693,24.4668123615067,28.6350862719833,37.2825146592329,21.0151254855637,6.1809192604599
"55029","Door","Wisconsin","Wisconsin","55",16.4315734930048,21.4036486890639,28.6711321373366,37.4020203713795,20.9704468783747,6.16777849363962
"51109","Louisa","Virginia","Virginia","51",8.70217663810893,14.042045751461,18.5219983208179,29.6585167350537,20.9563400969448,6.16362944027789
"42091","Montgomery","Pennsylvania","Pennsylvania","42",32.0774230711219,38.7276397953524,45.1422070939691,53.0234110988966,20.9459880277747,6.16058471405138
"37119","Mecklenburg","North Carolina","North Carolina","37",28.3139500011084,37.1200785457564,40.3334070495228,49.2218850560656,20.9079350549571,6.14939266322268
"29165","Platte","Missouri","Missouri","29",25.607465046447,33.3158216731655,38.6753870353506,46.5149247853824,20.9074597389354,6.14925286439276
"37115","Madison","North Carolina","North Carolina","37",11.3134271027048,16.1018092014631,18.1712992059363,32.2087043772733,20.8952772745685,6.14566978663778
"26125","Oakland","Michigan","Michigan","26",30.1502900988889,38.21237411907,42.7359094468577,51.0414357556712,20.8911456567823,6.14445460493598
"36021","Columbia","New York","New York","36",18.5291809375876,22.5937711970108,27.9073877695299,39.3715380889198,20.8423571513322,6.13010504450946
"26037","Clinton","Michigan","Michigan","26",14.5782626940831,21.2282629469205,27.8048181929731,35.3746102449889,20.7963475509058,6.11657280908994
"54061","Monongalia","West Virginia","West Virginia","54",28.145441002275,32.4364399030675,37.273826060281,48.8956049739125,20.7501639716375,6.10298940342279
"16085","Valley","Idaho","Idaho","16",19.3757099908948,26.3340806484778,34.3722172895332,40.1246961851421,20.7489861942473,6.10264299830804
"37189","Watauga","North Carolina","North Carolina","37",27.3775837341466,33.2316019866775,38.4151282034762,48.0761194509627,20.6985357168161,6.08780462259297
"08069","Larimer","Colorado","Colorado","08",32.2786779577982,39.5253988538493,43.547746623452,52.9543519232244,20.6756739654262,6.08108057806652
"24510","Baltimore city","Maryland","Maryland","24",15.4743693537771,19.1438601843267,26.1002447974436,36.1378063449293,20.6634369911522,6.07748146798594
"31155","Saunders","Nebraska","Nebraska","31",11.961080355645,16.9081014792673,23.9471805852962,32.6114488348531,20.6503684792081,6.07363778800237
"26009","Antrim","Michigan","Michigan","26",13.6973231154477,19.3570125786917,23.8659219882585,34.306687537108,20.6093644216603,6.06157777107656
"26093","Livingston","Michigan","Michigan","26",19.5623626335158,28.1512314930448,31.7630939370329,40.1606937890575,20.5983311555418,6.0583326928064
"30067","Park","Montana","Montana","30",19.2709565333946,23.0785340629753,31.4018812742497,39.8302625852314,20.5593060518368,6.04685472112846
"17203","Woodford","Illinois","Illinois","17",15.3744687087791,21.1026367400305,26.3209546989087,35.9249123077516,20.5504435989725,6.04424811734485
"24047","Worcester","Maryland","Maryland","24",14.7615595295634,21.6414408072275,27.3616231338406,35.2743670808519,20.5128075512885,6.03317869155544
"06061","Placer","California","California","06",22.6709425507344,30.2762354312157,34.6983474374816,43.1756100674997,20.5046675167653,6.03078456375449
"30031","Gallatin","Montana","Montana","30",33.7856261858316,41.0082705178215,45.4144386016494,54.276478136413,20.4908519505814,6.0267211619357
"53055","San Juan","Washington","Washington","53",33.4603258013663,40.1926854363483,44.7642522064085,53.9243807040417,20.4640549026755,6.01883967725749
"13187","Lumpkin","Georgia","Georgia","13",11.1412127383457,17.6468132308757,22.7757819103973,31.5640382650692,20.4228255267235,6.0067133902128
"13177","Lee","Georgia","Georgia","13",13.7093225117582,16.9682427458967,19.1575872691305,34.1075463172164,20.3982238054583,5.99947758984067
"21117","Kenton","Kentucky","Kentucky","21",17.0431525756282,22.8953477627099,28.0759020033986,37.425766161281,20.3826135856527,5.9948863487214
"51093","Isle of Wight","Virginia","Virginia","51",10.4283052923504,17.4892351642042,25.841564200766,30.808326951194,20.3800216588436,5.99412401730696
"50015","Lamoille","Vermont","Vermont","50",23.8984662246375,31.2280157768728,35.2938754579755,44.2748091603053,20.3763429356679,5.99304203990231
"21015","Boone","Kentucky","Kentucky","21",15.3393721754576,22.8262276805212,28.8629555011408,35.708100619128,20.3687284436704,5.99080248343247
"33009","Grafton","New Hampshire","New Hampshire","33",26.3775715102821,32.6673157923564,36.9661752643215,46.7182629906795,20.3406914803975,5.98255631776396
"29043","Christian","Missouri","Missouri","29",12.4593654593935,20.9182189430138,26.5626111302744,32.7335047129392,20.2741392535456,5.96298213339577
"53039","Klickitat","Washington","Washington","53",10.910168731867,16.3592156990166,18.9356990211707,31.1787286891724,20.2685599573054,5.96134116391334
"28089","Madison","Mississippi","Mississippi","28",29.346474318869,37.9364163085541,45.6610697931214,49.6115176709654,20.2650433520964,5.96030686826366
"45045","Greenville","South Carolina","South Carolina","45",21.0246038510413,26.2293782628657,30.9370932695893,41.2614333526661,20.2368295016247,5.95200867694845
"36091","Saratoga","New York","New York","36",25.1994616791401,30.8691128161452,36.7255187238475,45.3921838763748,20.1927221972347,5.93903594036314
"26139","Ottawa","Michigan","Michigan","26",18.7236425042581,25.9632057518158,29.3228451223043,38.9086669257676,20.1850244215094,5.93677188867925
"51061","Fauquier","Virginia","Virginia","51",21.5025163203758,27.0625461688618,31.9986482779522,41.6842393002187,20.1817229798429,5.93580087642438
"25001","Barnstable","Massachusetts","Massachusetts","25",28.0602607038098,33.59052707589,39.9129931829437,48.2365619489256,20.1763012451159,5.93420624856349
"42101","Philadelphia","Pennsylvania","Pennsylvania","42",15.2250611417788,17.86857216985,23.1975330129629,35.3987347002488,20.17367355847,5.93343339955
"12101","Pasco","Florida","Florida","12",9.05311083094733,13.1305269713543,20.0118997431804,29.2029952483568,20.1498844174094,5.92643659335571
"51133","Northumberland","Virginia","Virginia","51",13.4920711580269,21.6735531296119,22.1714511980857,33.6036960985626,20.1116249405358,5.91518380603993
"26081","Kent","Michigan","Michigan","26",20.7109080113128,25.8154174054818,30.8858811870844,40.8022921350331,20.0913841237204,5.90923062462364
"48171","Gillespie","Texas","Texas","48",17.1013865186046,22.8777533920196,28.0019577985643,37.1851278828023,20.0837413641977,5.90698275417581
"35033","Mora","New Mexico","New Mexico","35",14.1996233521657,15.531660692951,13.1660558218213,34.2796092796093,20.0799859274436,5.90587821395399
"51630","Fredericksburg city","Virginia","Virginia","51",26.0649222705362,30.5321883638975,33.3078632029881,46.1335928109439,20.0686705404077,5.90255015894343
"55015","Calumet","Wisconsin","Wisconsin","55",12.8939686157732,20.7725826776438,26.4579496622373,32.9575952764359,20.0636266606626,5.90106666490077
"35055","Taos","New Mexico","New Mexico","35",18.4757664840717,25.8793807536526,28.8203371973675,38.5353479651483,20.0595814810767,5.89987690619902
"38007","Billings","North Dakota","North Dakota","38",12.5730994152047,18.7888198757764,22.6153846153846,32.6086956521739,20.0355962369692,5.89282242263801
"48157","Fort Bend","Texas","Texas","48",30.2068675930143,36.9196156154593,40.8461647715077,50.2299420325774,20.0230744395631,5.88913954104798
"18059","Hancock","Indiana","Indiana","18",14.9117971333642,22.1859574352229,25.4198031267709,34.9322567401122,20.020459606748,5.88837047257294
"10005","Sussex","Delaware","Delaware","10",12.9719125939193,16.6131701009149,21.989257477398,32.9867635822991,20.0148509883798,5.88672087893524
"30029","Flathead","Montana","Montana","30",17.1880109187895,22.4319314544867,28.7561094063916,37.1839746172442,19.9959636984547,5.88116579366314
"51550","Chesapeake city","Virginia","Virginia","51",16.8964099228069,24.656873308883,28.3934690374129,36.8876517923312,19.9912418695242,5.87977702044831
"12081","Manatee","Florida","Florida","12",15.4613530122571,20.7786751318704,26.0347084120423,35.4304119217817,19.9690589095245,5.87325262044839
"42093","Montour","Pennsylvania","Pennsylvania","42",18.7181415559455,22.0949654020824,26.0488704472107,38.6826347305389,19.9644931745934,5.87190975723335
"42017","Bucks","Pennsylvania","Pennsylvania","42",24.8174957394971,31.1963126812118,35.0976076973138,44.7626500962791,19.945154356782,5.86622186964177
"51790","Staunton city","Virginia","Virginia","51",17.7754948204325,20.3698014532864,29.749141005786,37.7174970279909,19.9420022075584,5.86529476692895
"22071","Orleans Parish","Louisiana","Louisiana","22",22.4381673944122,25.7535720872366,33.0149272204075,42.3772911866848,19.9391237922726,5.86444817419781
"17031","Cook","Illinois","Illinois","17",22.7837236073514,28.0380996811205,34.2569355640321,42.7182885014942,19.9345648941427,5.86310732180668
"23013","Knox","Maine","Maine","23",19.7998224231173,26.2269017418648,29.1392071377877,39.7309700902041,19.9311476670869,5.86210225502555
"27109","Olmsted","Minnesota","Minnesota","27",29.4745648674503,34.7107928545842,40.442551814947,49.3991190057095,19.9245541382592,5.86016298184094
"21211","Shelby","Kentucky","Kentucky","21",12.9350842615884,18.6657931717686,23.5877548547907,32.8272801588228,19.8921958972345,5.85064585212779
"47105","Loudon","Tennessee","Tennessee","47",9.56903266932832,16.9906991216505,23.1342230749697,29.4494910302643,19.880458360936,5.84719363556941
"51163","Rockbridge","Virginia","Virginia","51",12.8985887708426,18.6962030311912,22.5400171108767,32.7665063914624,19.8679176206199,5.84350518253525
"22005","Ascension Parish","Louisiana","Louisiana","22",9.26291320758346,14.5046627861462,23.2935581662205,29.0883337625547,19.8254205549713,5.83100604557978
"33015","Rockingham","New Hampshire","New Hampshire","33",25.929000496097,31.6616282777511,36.6898943653714,45.7065132843082,19.7775127882112,5.81691552594446
"25007","Dukes","Massachusetts","Massachusetts","25",32.1285627656534,38.3615449355932,40.159767610748,51.8981985249668,19.7696357593134,5.81459875273923
"36059","Nassau","New York","New York","36",29.9709119920383,35.3630121971591,41.4084954525623,49.6753266724213,19.704414680383,5.7954160824656
"25015","Hampshire","Massachusetts","Massachusetts","25",31.9061724530759,37.9508419266281,42.4329840662581,51.6046493176769,19.6984768646011,5.79366966605914
"30063","Missoula","Montana","Montana","30",27.7198587115298,32.8004611991499,38.9975754537962,47.4175018626673,19.6976431511375,5.79342445621691
"16001","Ada","Idaho","Idaho","16",24.9082991109494,31.1774021788246,35.3311039392643,44.5974903932163,19.6891912822669,5.79093861243144
"13241","Rabun","Georgia","Georgia","13",11.6063711568743,17.6299765809377,25.8579881656815,31.2685901249256,19.6622189680513,5.78300557883863
"24037","St. Mary's","Maryland","Maryland","24",16.836287067878,22.5509605513505,28.4048597409918,36.4685427265117,19.6322556586337,5.7741928407746
"13281","Towns","Georgia","Georgia","13",11.4245377900081,17.4436815543645,22.2243863136357,31.0306575231948,19.6061197331867,5.76650580387845
"48033","Borden","Texas","Texas","48",17.2932330827068,21.4285714285714,29.4117647058824,36.8909512761021,19.5977181933953,5.76403476276333
"51131","Northampton","Virginia","Virginia","51",12.3794394644276,15.7232015766999,19.5554088257951,31.9694489907256,19.590009526298,5.76176750773472
"25023","Plymouth","Massachusetts","Massachusetts","25",22.2475388868134,27.7537425801855,32.9778133979025,41.8234024259093,19.575863539096,5.75760692326352
"21209","Scott","Kentucky","Kentucky","21",15.1821273522385,20.2889506736217,26.9605737136059,34.730721377244,19.5485940250055,5.7495864779428
"38027","Eddy","North Dakota","North Dakota","38",10.976742105323,15.9340713857435,18.4807256235828,30.5172413793103,19.5404992739874,5.74720566881982
"13103","Effingham","Georgia","Georgia","13",7.64461447134094,13.6495308919538,16.9124996214072,27.1586554253805,19.5140409540395,5.73942381001163
"28033","DeSoto","Mississippi","Mississippi","28",9.45033042867218,14.3334256955906,21.2086581764452,28.9633664929733,19.5130360643011,5.73912825420622
"13237","Putnam","Georgia","Georgia","13",11.6552399608227,14.3995050653468,18.7875586079377,31.130216729357,19.4749767685343,5.72793434368655
"17197","Will","Illinois","Illinois","17",18.0323772841531,25.4949387391211,32.1043893251176,37.4908189594045,19.4584416752514,5.72307108095628
"34035","Somerset","New Jersey","New Jersey","34",38.3463244783923,46.5132766142475,50.5525852637657,57.7956447019146,19.4493202235223,5.72038830103597
"45013","Beaufort","South Carolina","South Carolina","45",26.5414518327263,33.2236572969259,36.9866938877845,45.9877714526671,19.4463196199408,5.71950577057083
"08107","Routt","Colorado","Colorado","08",34.7450566927123,42.5114979131004,45.7873895826988,54.1859243697479,19.4408676770356,5.71790225795164
"48173","Glasscock","Texas","Texas","48",9.84009840098401,18.6602870813397,17.5062972292191,29.2464878671775,19.4063894661935,5.70776160770397
"06057","Nevada","California","California","06",22.1443742702845,26.099053954406,32.717667238422,41.5453104957368,19.4009362254523,5.70615771336832
"24009","Calvert","Maryland","Maryland","24",17.6271236323813,22.4836537211124,29.467964373518,37.0184639921482,19.3913403597669,5.70333539993144
"45015","Berkeley","South Carolina","South Carolina","45",11.5815912441936,14.4075260548172,20.5006129141921,30.9663731322592,19.3847818880657,5.70140643766637
"16025","Camas","Idaho","Idaho","16",15.0105708038251,22.2222221714246,21.5617715294503,34.3868520859671,19.3762812821421,5.69890625945355
"49029","Morgan","Utah","Utah","49",18.9926541936226,23.3377241161351,29.0818229631792,38.3662355343771,19.3735813407545,5.69811215904544
"48339","Montgomery","Texas","Texas","48",19.4162884693611,25.2981030319734,30.1363249293577,38.7896093506955,19.3733208813344,5.69803555333365
"50027","Windsor","Vermont","Vermont","50",23.6157806338657,30.1984723207921,34.611768836908,42.9450499545867,19.329269320721,5.68507921197678
"47047","Fayette","Tennessee","Tennessee","47",7.95905310300704,12.7639408141021,20.2335788142528,27.2860860247972,19.3270329217901,5.68442144758534
"42125","Washington","Pennsylvania","Pennsylvania","42",13.6288683165294,18.8059777421512,25.0334057069103,32.923720204741,19.2948518882117,5.67495643770931
"55131","Washington","Wisconsin","Wisconsin","55",15.9072218586361,21.9498385000224,27.3853574732264,35.161938617841,19.2547167592049,5.66315198800145
"48305","Lynn","Texas","Texas","48",7.51807295068524,13.3514986376022,17.4810556571727,26.7714437932872,19.2533708426019,5.66275613017704
"06017","El Dorado","California","California","06",20.7854534709439,26.5102676500445,31.3498260104473,40.0214833328653,19.2360298619214,5.6576558417416
"37043","Clay","North Carolina","North Carolina","37",12.5517847992257,15.3989000328327,20.1557157162354,31.7824304863188,19.2306456870931,5.65607226090975
"26061","Houghton","Michigan","Michigan","26",18.018018018018,22.9830923562379,27.6988966994088,37.2412220702234,19.2232040522054,5.6538835447663
"19125","Marion","Iowa","Iowa","19",12.9064668162379,18.8793148067361,24.190124596216,32.1113192400321,19.2048524237942,5.6484860069983
"08093","Park","Colorado","Colorado","08",22.42960745857,30.2854430421202,33.8182673904217,41.6150758555004,19.1854683969304,5.64278482262658
"26029","Charlevoix","Michigan","Michigan","26",16.0354204846255,19.8485393414696,25.4148027718444,35.2136147863852,19.1781943017597,5.64064538287051
"47165","Sumner","Tennessee","Tennessee","47",14.4265921977701,18.6186336611397,23.5459549470373,33.5712571130032,19.1446649152331,5.63078379859796
"51119","Middlesex","Virginia","Virginia","51",14.6998582007248,18.9349112426036,28.7715133531157,33.8296398891967,19.1297816884719,5.62640637896233
"48417","Shackelford","Texas","Texas","48",14.9977748108589,20.8464655560558,22.5692916849978,34.1259357111405,19.1281609002815,5.62592967655339
"55109","St. Croix","Wisconsin","Wisconsin","55",20.3256742415145,26.2809063131129,32.6162606122322,39.4515660902165,19.125891848702,5.62526230844176
"17093","Kendall","Illinois","Illinois","17",17.8203487804824,25.2523931989661,34.2118976454659,36.9436168291802,19.1232680486978,5.62449060255817
"34023","Middlesex","New Jersey","New Jersey","34",26.4856346191926,33.0050737613308,39.7550492147038,45.5977272160889,19.1120925968963,5.62120370496949
"48299","Llano","Texas","Texas","48",13.2629419963273,20.9492756208803,25.8658658658659,32.3582459700147,19.0953039736874,5.61626587461393
"34029","Ocean","New Jersey","New Jersey","34",15.3229699438009,19.4876242489549,24.9546862194524,34.4150905927512,19.0921206489503,5.61532960263246
"13051","Chatham","Georgia","Georgia","13",18.6410111077057,25.0147109550846,30.3300780566354,37.6935934224129,19.0525823147071,5.60370068079622
"25003","Berkshire","Massachusetts","Massachusetts","25",20.9061957883568,25.9548639930404,29.7863197361535,39.9512941396859,19.0450983513291,5.6014995150968
"18173","Warrick","Indiana","Indiana","18",16.1696277494542,21.792832142731,26.7882013529646,35.1582719490344,18.9886441995802,5.5848953528177
"37141","Pender","North Carolina","North Carolina","37",11.623229638588,13.5520457021475,19.7450127552228,30.6056423086878,18.9824126700997,5.58306255002933
"24041","Talbot","Maryland","Maryland","24",23.0196776698323,27.7923334273852,32.5272759792524,42.0018122255524,18.98213455572,5.58298075168237
"34005","Burlington","New Jersey","New Jersey","34",23.6170143345885,28.3901492248155,34.1540204201472,42.546037688607,18.9290233540185,5.56735981000543
"53061","Snohomish","Washington","Washington","53",19.3288289940566,24.4498791018737,28.7780396282371,38.2415271998095,18.9126982057529,5.56255829580968
"20193","Thomas","Kansas","Kansas","20",15.7177028352136,25.0301201775315,27.0292207792208,34.6146023998373,18.8968995646237,5.55791163665403
"12115","Sarasota","Florida","Florida","12",21.9349447130466,27.4323044404291,29.9092460413661,40.8133924655198,18.8784477524732,5.55248463308036
"38087","Slope","North Dakota","North Dakota","38",10.4273583162303,15.9851406643726,22.6713530502783,29.2845257903494,18.8571674741191,5.54622572768209
"24025","Harford","Maryland","Maryland","24",21.5001855119502,27.3011904431569,31.4564978808195,40.3332054406623,18.8330199287121,5.53912350844475
"13157","Jackson","Georgia","Georgia","13",9.00173346850025,11.743626526927,18.7022413670618,27.8218393823205,18.8201059138202,5.53532526877066
"13097","Douglas","Georgia","Georgia","13",12.0314802903491,19.2276493982221,24.8188535762967,30.8463735717834,18.8148932814343,5.53379214159832
"13151","Henry","Georgia","Georgia","13",10.6972431354781,19.5434431251283,25.0040452279155,29.4876727554766,18.7904296199985,5.52659694705838
"50025","Windham","Vermont","Vermont","50",25.2419538403715,30.4990406117579,33.8859655882795,44.0215963811469,18.7796425407755,5.52342427669867
"38063","Nelson","North Dakota","North Dakota","38",10.6496098583478,17.4716777224356,20.7332490518331,29.4274300932091,18.7778202348613,5.52288830437096
"51079","Greene","Virginia","Virginia","51",12.7620245199809,19.8867454348044,22.8300020471508,31.5380493033226,18.7760247833417,5.52236023039463
"23009","Hancock","Maine","Maine","23",21.3566322478363,27.1254393673111,32.1972714598686,40.1225433526012,18.7659111047649,5.51938561904849
"34015","Gloucester","New Jersey","New Jersey","34",18.1137225114257,21.9291200100465,28.0492697201107,36.8300283286119,18.7163058171862,5.50479582858417
"13211","Morgan","Georgia","Georgia","13",11.0482987984346,18.6666417697859,22.2964713552278,29.6791443850267,18.6308455865921,5.47966046664474
"31025","Cass","Nebraska","Nebraska","31",13.5737559241706,18.7071190281362,24.2745600745834,32.1638355294491,18.5900796052785,5.46767047214074
"08115","Sedgwick","Colorado","Colorado","08",8.61797162375197,13.4158926728586,14.5808736717828,27.2,18.582028376248,5.46530246360236
"51678","Lexington city","Virginia","Virginia","51",32.1400097108633,42.6153289677375,46.8910853051611,50.6979506979507,18.5579409870874,5.45821793737866
"12097","Osceola","Florida","Florida","12",11.2080760671677,15.7458614922103,17.5421584434651,29.7567222402016,18.5486461730338,5.45548416853936
"26055","Grand Traverse","Michigan","Michigan","26",22.0543163747389,26.0998831788917,29.5688643027855,40.5872218029589,18.53290542822,5.45085453771176
"37029","Camden","North Carolina","North Carolina","37",10.0723011717776,16.2054507337526,19.4597912829957,28.5865537321334,18.5142525603558,5.44536840010464
"27039","Dodge","Minnesota","Minnesota","27",11.7277486910995,17.0989170989171,21.9831618334892,30.2045133991537,18.4767647080543,5.43434256119243
"51087","Henrico","Virginia","Virginia","51",28.0330182312141,34.9276575330837,39.4875319357771,46.5094119889047,18.4763937576905,5.43423345814428
"36103","Suffolk","New York","New York","36",22.9576049584618,27.4684272993414,32.6480071272722,41.423716163344,18.4661112048822,5.43120917790654
"55059","Kenosha","Wisconsin","Wisconsin","55",12.6865856375139,19.1986363348749,23.7715171203465,31.1502509953263,18.4636653578124,5.4304898111213
"36069","Ontario","New York","New York","36",19.5117282306132,24.6923514293213,31.263179273236,37.9714859586214,18.4597577280082,5.4293405082377
"50001","Addison","Vermont","Vermont","50",25.1240988904488,29.7931794040839,34.1479655623752,43.5702167766258,18.4461178861771,5.42532879005208
"48367","Parker","Texas","Texas","48",13.9146140402944,18.6097857650892,23.8173575129534,32.3345594800186,18.4199454397242,5.41763101168358
"12099","Palm Beach","Florida","Florida","12",22.1274079134075,27.7068545231544,32.5385680228162,40.5277074711998,18.4002995577923,5.4118528111154
"48149","Fayette","Texas","Texas","48",9.06105280948216,14.6084458366594,17.5530105454133,27.4527892337747,18.3917364242925,5.40933424243898
"31159","Seward","Nebraska","Nebraska","31",14.8164018004295,22.5596953208993,26.8024632875414,33.1685393258427,18.3521375254132,5.39768750747447
"08033","Dolores","Colorado","Colorado","08",9.75855130784708,13.5298563869992,18.7591240875912,28.1003937007874,18.3418423929403,5.39465952733539
"50003","Bennington","Vermont","Vermont","50",23.4947331293191,27.0869737264989,32.7011662853919,41.8308869745258,18.3361538452067,5.3929864250608
"19129","Mills","Iowa","Iowa","19",12.6394197421743,16.2904029510898,24.5029239766082,30.9674899931661,18.3280702509918,5.39060889735052
"37031","Carteret","North Carolina","North Carolina","37",16.190514173239,19.8417735553451,23.8422504622704,34.5157171292297,18.3252029559908,5.3897655752914
"12087","Monroe","Florida","Florida","12",20.3140695889764,25.478646963927,28.3468435273888,38.6270079544399,18.3129383654636,5.3861583427834
"40025","Cimarron","Oklahoma","Oklahoma","40",15.1321784231585,17.6697161589272,16.7054714784633,33.4419817470665,18.309803323908,5.38523627173765
"51685","Manassas Park city","Virginia","Virginia","51",8.60369631850819,20.3887669003467,22.1076107851791,26.8967357466868,18.2930394281786,5.38030571417019
"12103","Pinellas","Florida","Florida","12",18.4684677623078,22.9174136488099,27.1733850677536,36.7593089956564,18.2908412333486,5.37965918627899
"39103","Medina","Ohio","Ohio","39",17.9684588531537,24.7551510949217,29.8812235642085,36.2416928594917,18.273234006338,5.37448059009941
"31081","Hamilton","Nebraska","Nebraska","31",13.0393630847627,18.642122783017,22.6802399533833,31.3084828961497,18.269119811387,5.37327053276089
"17113","McLean","Illinois","Illinois","17",28.9800841590752,36.1683100206375,41.7815910792387,47.2181427925892,18.238058633514,5.36413489221001
"51019","Bedford","Virginia","Virginia","51",15.4824688692594,20.3639260967532,24.445053233078,33.6862124680221,18.2037435987627,5.35404223493021
"31183","Wheeler","Nebraska","Nebraska","31",12.1212121212121,14.9046793760832,22.1782178217822,30.3215926493109,18.2003805280988,5.35305309649963
"51095","James City","Virginia","Virginia","51",32.8567694910926,41.5348085501867,45.3357143903128,51.0478841124002,18.1911146213077,5.35032782979637
"29189","St. Louis","Missouri","Missouri","29",29.2468487389034,35.4060904886099,39.8293218043343,47.419695487713,18.1728467488097,5.3449549261205
"49049","Utah","Utah","Utah","49",26.2171245935258,31.4584334125669,35.6603257509394,44.3862551037791,18.1691305102533,5.34386191478039
"36041","Hamilton","New York","New York","36",15.086782376502,18.3739433117852,25.0861840360647,33.2217973231358,18.1350149466338,5.33382792548052
"39061","Hamilton","Ohio","Ohio","39",23.7021374328763,29.1571439409627,33.1574629292452,41.8301849585082,18.1280475256319,5.33177868400939
"53059","Skamania","Washington","Washington","53",11.7044980321845,16.7932544298753,22.4534230176791,29.8203467725089,18.1158487403244,5.32819080597776
"53035","Kitsap","Washington","Washington","53",19.8356576898904,25.3302047055527,28.8550965732615,37.9389589968955,18.1033013070051,5.32450038441326
"24035","Queen Anne's","Maryland","Maryland","24",19.8799634671422,25.4229423941752,31.2462189957653,37.9754617625832,18.095498295441,5.32220538101207
"20195","Trego","Kansas","Kansas","20",12.0514820592824,14.0478223740393,17.2709923664122,30.1460197833255,18.0945377240431,5.32192286001268
"12095","Orange","Florida","Florida","12",21.2225916960802,26.1292494844559,29.7413045149262,39.3170396511816,18.0944479551014,5.32189645738276
"36001","Albany","New York","New York","36",28.3447425257883,33.311782312769,38.2360476115403,46.4216399805919,18.0768974548037,5.31673454553049
"53023","Garfield","Washington","Washington","53",13.7168146590381,17.0392753161023,24.5584045584046,31.7762399077278,18.0594252486897,5.31159566137933
"36029","Erie","New York","New York","36",20.011028889084,24.5441258570183,30.235163628623,38.0468937768718,18.0358648877878,5.30466614346699
"23015","Lincoln","Maine","Maine","23",22.2163103414917,26.6124346310285,31.5771163509857,40.2277514011352,18.0114410596435,5.29748266460102
"06027","Inyo","California","California","06",13.4873271279594,17.1335350107468,21.035259348797,31.4960058097313,18.0086786817719,5.29667020052114
"48039","Brazoria","Texas","Texas","48",15.1289643074686,19.6117796493026,26.8199366701999,33.1355751938584,18.0066108863898,5.29606202540875
"46087","McCook","South Dakota","South Dakota","46",11.9060190073918,16.3313300235171,20.9501557632399,29.9115518627714,18.0055328553796,5.29574495746459
"36083","Rensselaer","New York","New York","36",19.549503429863,23.7376911795516,27.9170752206191,37.5540630823869,18.0045596525239,5.29545872133055
"18081","Johnson","Indiana","Indiana","18",16.6929647968757,23.0862828868843,25.9229709940671,34.6838120290061,17.9908472321304,5.29142565650895
"42095","Northampton","Pennsylvania","Pennsylvania","42",16.7364885169073,21.1652001795155,26.6169815033108,34.7120800003573,17.97559148345,5.28693867160293
"08037","Eagle","Colorado","Colorado","08",32.9762492071323,42.6300684381618,47.4995698801399,50.9374688341478,17.9612196270155,5.28271165500456
"12021","Collier","Florida","Florida","12",22.3351001791085,27.9233871724458,31.4401479456573,40.2902180366,17.9551178574916,5.28091701690929
"12011","Broward","Florida","Florida","12",18.7799075283142,24.547403900229,29.8935823454003,36.7168882809966,17.9369807526824,5.27558257431836
"12057","Hillsborough","Florida","Florida","12",20.1955864270823,25.0993931707948,28.9992421288089,38.0895591436177,17.8939727165354,5.26293315192219
"06073","San Diego","California","California","06",25.2932772473766,29.521402426053,34.4098827263957,43.1597910918148,17.8665138444383,5.25485701307007
"51091","Highland","Virginia","Virginia","51",12.9754690657468,13.2188727330312,23.6623383139963,30.8352402745995,17.8597712088527,5.25287388495668
"01117","Shelby","Alabama","Alabama","01",29.0132151309904,36.7800538256933,40.5345151638863,46.8448071441185,17.8315920131281,5.24458588621414
"20121","Miami","Kansas","Kansas","20",13.1867393615593,19.3558849443826,23.8367498721703,31.0033205834139,17.8165812218546,5.24017094760431
"36119","Westchester","New York","New York","36",35.3098825545571,40.8502148711145,44.786959109933,53.1167794798718,17.8068969253147,5.23732262509255
"37101","Johnston","North Carolina","North Carolina","37",11.0975538570522,15.8937983645703,19.9289501410695,28.9027614103258,17.8052075532736,5.23682575096282
"18043","Floyd","Indiana","Indiana","18",15.1353120778457,20.3727438095261,22.3568160098142,32.9363807896329,17.8010687117872,5.2356084446433
"37009","Ashe","North Carolina","North Carolina","37",8.15071019835619,12.0803039146968,18.8410185749446,25.938285935384,17.7875757370278,5.23163992265524
"13067","Cobb","Georgia","Georgia","13",32.9845789269927,39.7572528857509,43.8431843894875,50.7675902159142,17.7830112889215,5.23029743791809
"37069","Franklin","North Carolina","North Carolina","37",9.22965359554853,13.2106682838741,15.4640686574907,27.0055889526956,17.775935357147,5.22821628151384
"15005","Kalawao","Hawaii","Hawaii","15",4.61538461538461,10.2040816326531,49.2307692307692,22.3880597014925,17.7726750861079,5.22725737826704
"48221","Hood","Texas","Texas","48",15.1742395904166,20.4919464486171,23.0233544935232,32.9462929437959,17.7720533533793,5.2270745156998
"47065","Hamilton","Tennessee","Tennessee","47",19.7031026994177,23.8859868916823,27.7980686107665,37.470813451274,17.7677107518563,5.22579727995775
"37109","Lincoln","North Carolina","North Carolina","37",10.5540020074261,12.9593473070585,19.287139427734,28.3147311409677,17.7607291335416,5.22374386280636
"27027","Clay","Minnesota","Minnesota","27",21.5264047165402,24.7227856659905,30.2885843194007,39.2724408673607,17.7460361508205,5.21942239730015
"54037","Jefferson","West Virginia","West Virginia","54",16.1519518306113,21.5977487542154,27.8237920093653,33.8710065145797,17.7190546839683,5.21148667175539
"21067","Fayette","Kentucky","Kentucky","21",30.5764008020463,35.647419480586,39.8927485276397,48.2933193414354,17.7169185393891,5.21085839393798
"13227","Pickens","Georgia","Georgia","13",8.95706924673517,15.6228553752139,22.0411498894337,26.6735759250729,17.7165066783378,5.21073725833464
"41067","Washington","Oregon","Oregon","41",29.8058682138568,34.5271087671047,39.4844344673462,47.5019138373966,17.6960456235398,5.20471930104112
"35021","Harding","New Mexico","New Mexico","35",15.6479228744663,18.0849428250174,19.1036446845151,33.3333333333333,17.685410458867,5.20159131143148
"21111","Jefferson","Kentucky","Kentucky","21",19.3488287344896,24.8375994003628,29.8131996551868,37.0282389120607,17.6794101775711,5.19982652281503
"20131","Nemaha","Kansas","Kansas","20",12.2768186513206,14.592213697073,17.4589455488332,29.9222022740874,17.6453836227667,5.18981871257845
"36079","Putnam","New York","New York","36",27.8478553867328,33.8745268018777,38.847073170613,45.4931056204942,17.6452502337613,5.18977948051804
"51510","Alexandria city","Virginia","Virginia","51",48.5444272311718,54.3032676866942,60.4928413062268,66.162509112543,17.6180818813712,5.18178878863859
"19003","Adams","Iowa","Iowa","19",9.36591090162381,12.0089430563995,15.9712722298222,26.9792467332821,17.6133358316583,5.1803928916642
"33017","Strafford","New Hampshire","New Hampshire","33",21.6875015071276,26.4397405999203,30.8197143561979,39.2803232107974,17.5928217036698,5.17435932460875
"39137","Putnam","Ohio","Ohio","39",8.77770720501564,12.9158101357646,19.7355080449636,26.3634394628547,17.585732257839,5.17227419348207
"24027","Howard","Maryland","Maryland","24",46.9016936970979,52.9288216131437,59.466252105195,64.4579570958818,17.556263398784,5.16360688199529
"23027","Waldo","Maine","Maine","23",16.8396337168349,22.3426545249416,26.441179655633,34.3667284277395,17.5270947109046,5.15502785614841
"49053","Washington","Utah","Utah","49",17.7086529563374,20.9636973833597,25.3551769574453,35.2200340757341,17.5113811193966,5.15040621158725
"48187","Guadalupe","Texas","Texas","48",13.928078362592,19.1041375560843,25.2953745681091,31.429609592636,17.501531230044,5.14750918530705
"29151","Osage","Missouri","Missouri","29",7.18518451242017,10.3697360322901,14.1131837185203,24.6771879483501,17.4920034359299,5.14470689292056
"06055","Napa","California","California","06",22.3076232000047,26.3948015974777,31.2271843955039,39.792863002461,17.4852398024564,5.14271758895775
"48043","Brewster","Texas","Texas","48",27.9841599094852,27.6680558072115,35.3623188405797,45.467147213751,17.4829873042658,5.14205508948995
"27037","Dakota","Minnesota","Minnesota","27",27.5702381536002,34.8909805495353,38.4301278361187,45.043950124164,17.4737119705639,5.13932705016584
"05125","Saline","Arkansas","Arkansas","05",11.8837256702668,16.362264518395,23.1259866117702,29.3533742885536,17.4696486182868,5.13813194655494
"31115","Loup","Nebraska","Nebraska","31",9.76645435244161,13.347022587269,13.5278514588859,27.2289156626506,17.462461310209,5.13601803241441
"42129","Westmoreland","Pennsylvania","Pennsylvania","42",15.359549084934,20.1990809800356,24.7385610412893,32.7832724758058,17.4237233908718,5.12462452672701
"46067","Hutchinson","South Dakota","South Dakota","46",11.3459206651654,14.1410552496003,25.0047975436576,28.7693234290303,17.4234027638649,5.12453022466615
"25027","Worcester","Massachusetts","Massachusetts","25",22.2480055058266,26.924511707464,33.7731073749824,39.6649530661737,17.4169475603471,5.1226316353962
"31093","Howard","Nebraska","Nebraska","31",8.61850443599493,14.2361913565981,15.4267457781835,26.0295434198747,17.4110389838797,5.12089381878816
"20127","Morris","Kansas","Kansas","20",12.4941286503967,16.0037880052151,17.1037089534609,29.904185577408,17.4100569270113,5.12060497853273
"27081","Lincoln","Minnesota","Minnesota","27",8.35261939827477,14.1496899911426,17.4816914717694,25.7480512949459,17.3954318966712,5.11630349902093
"53073","Whatcom","Washington","Washington","53",21.9707836054077,27.2291231312819,31.9412518392406,39.3412805546577,17.37049694925,5.10896969095589
"24005","Baltimore","Maryland","Maryland","24",24.9789827303472,30.5691445130594,35.3026632617164,42.3208671737283,17.341884443381,5.10055424805325
"30039","Granite","Montana","Montana","30",16.8904506317089,22.0839361398796,27.2469887255732,34.2222222222222,17.3317715905134,5.09757987956275
"08095","Phillips","Colorado","Colorado","08",14.1908423628102,19.8732910970323,19.4306049822064,31.5085932527053,17.3177508898951,5.09345614408679
"28071","Lafayette","Mississippi","Mississippi","28",29.1938731917389,31.1324413418654,39.1559476159018,46.4943780538059,17.300504862067,5.08838378296087
"51153","Prince William","Virginia","Virginia","51",27.6354978143004,31.4600827736279,37.7155184187929,44.9240304194533,17.2885326051528,5.08486253092731
"31171","Thomas","Nebraska","Nebraska","31",11.4186310552968,17.2342397132606,20.03629774122,28.6902286902287,17.2715976349319,5.07988165733291
"24017","Charles","Maryland","Maryland","24",16.206573387515,20.011170717173,26.6096442555553,33.467884833136,17.2613114456209,5.07685630753557
"55125","Vilas","Wisconsin","Wisconsin","55",13.6793066799919,17.5784963706019,23.4890702492921,30.9397873590853,17.2604806790935,5.07661196443925
"31055","Douglas","Nebraska","Nebraska","31",24.8541695160709,30.6105062324225,36.1975400259437,42.1093407019084,17.2551711858375,5.07505034877574
"31153","Sarpy","Nebraska","Nebraska","31",25.3790051576641,30.2489720233523,35.7991543292976,42.6064401551619,17.2274349974979,5.0668926463229
"18005","Bartholomew","Indiana","Indiana","18",16.8834004561114,22.0318835042136,26.5902988390287,34.1002960310567,17.2168955749453,5.06379281616037
"56029","Park","Wyoming","Wyoming","56",18.7895272498497,23.6628759635119,28.4567619254211,35.9872029250457,17.197675675196,5.0581399044694
"51121","Montgomery","Virginia","Virginia","51",31.6402217640862,35.8832194021508,41.0439459055026,48.8354299745556,17.1952082104694,5.05741417954982
"48085","Collin","Texas","Texas","48",39.0226914000183,47.3194869895027,49.010672184963,56.2167462262934,17.1940548262751,5.05707494890443
"23031","York","Maine","Maine","23",19.0476190476813,22.8770054314176,28.562689391245,36.2413471451716,17.1937280974903,5.05697885220303
"42045","Delaware","Pennsylvania","Pennsylvania","42",24.7510412326233,30.0323168390664,34.9019046487396,41.9399411862957,17.1888999536724,5.05555880990364
"48121","Denton","Texas","Texas","48",32.2859796456705,36.6148183981388,40.2745668993395,49.4434933443946,17.1575136987241,5.04632755844826
"45043","Georgetown","South Carolina","South Carolina","45",15.6155219342448,20.0201996090633,22.8517384377699,32.7722530159765,17.1567310817317,5.04609737697991
"06041","Marin","California","California","06",43.9723174408901,51.3070650103025,54.5806576527257,61.1268333043483,17.1545158634581,5.04544584219357
"06003","Alpine","California","California","06",23.9512855209743,28.2308657465496,31.7103620474407,41.0971223021583,17.145836781184,5.04289317093647
"51069","Frederick","Virginia","Virginia","51",14.7440776585525,18.5659456683946,26.1624002954117,31.8690900344263,17.1250123758738,5.03676834584523
"17163","St. Clair","Illinois","Illinois","17",14.6750999593648,19.2745380621214,24.9352158480343,31.7970740645309,17.1219741051661,5.03587473681357
"42041","Cumberland","Pennsylvania","Pennsylvania","42",22.8920618006066,27.920025219813,32.4196474586365,40.0047123586962,17.1126505580896,5.03313251708517
"19181","Warren","Iowa","Iowa","19",16.1710432323352,21.2455139309718,27.6373497606763,33.2800088261253,17.1089655937901,5.03204870405593
"01081","Lee","Alabama","Alabama","01",25.2742706423204,27.9008285864006,31.2691264645926,42.3750454420514,17.1007747997311,5.02963964697972
"39025","Clermont","Ohio","Ohio","39",14.4789605716673,20.7524694198409,25.4021599515574,31.5740377725804,17.0950772009131,5.02796388262149
"47149","Rutherford","Tennessee","Tennessee","47",18.6748488926435,22.9327380421451,27.8983303565517,35.7646146878484,17.0897657952049,5.02640170447202
"25009","Essex","Massachusetts","Massachusetts","25",25.9456631457714,31.2491583055624,36.4446984336832,43.0337548095665,17.0880916637951,5.0259093128809
"20091","Johnson","Kansas","Kansas","20",40.4802974879967,47.7366992418175,51.5662438482293,57.557125188693,17.0768277006963,5.02259638255775
"30001","Beaverhead","Montana","Montana","30",20.6022986887996,26.3692199606438,28.2722283410409,37.6712328767123,17.0689341879127,5.0202747611508
"27041","Douglas","Minnesota","Minnesota","27",12.6568189904204,17.3443478974994,23.5571196806355,29.7184090109116,17.0615900204913,5.0181147119092
"47093","Knox","Tennessee","Tennessee","47",23.9147860869672,29.0452620927471,34.2706007553784,40.9658161128071,17.0510300258399,5.01500883112938
"48493","Wilson","Texas","Texas","48",8.84814087168981,12.8411850412822,18.1530898876404,25.8879894267305,17.0398485550407,5.01172016324727
"05045","Faulkner","Arkansas","Arkansas","05",17.9197273980569,25.2118660549433,26.1735042215538,34.9574758570588,17.0377484590019,5.01110248794173
"36109","Tompkins","New York","New York","36",41.7234029420747,47.4554788158877,49.8753635230578,58.7597025900809,17.0362996480062,5.01067636706064
"17147","Piatt","Illinois","Illinois","17",15.863453815261,21.0469508904479,24.7681209206458,32.8911138923655,17.0276600771044,5.00813531679541
"36113","Warren","New York","New York","36",19.4194921854717,23.247394151831,27.3818120035679,36.4359826735167,17.0164904880449,5.00485014354263
"08105","Rio Grande","Colorado","Colorado","08",17.4713666232779,18.8429532733535,18.9566310500204,34.4810744810745,17.0097078577966,5.00285525229312
"48421","Sherman","Texas","Texas","48",13.2255400495046,20.3759822110438,19.9667221297837,30.2219321148825,16.9963920653779,4.99893884275819
"37089","Henderson","North Carolina","North Carolina","37",19.5199957104866,24.1344693136753,27.8286976083093,36.5118321212258,16.9918364107392,4.99759894433505
"31149","Rock","Nebraska","Nebraska","31",10.1047930424842,12.1578219322176,19.1910507788119,27.0899470899471,16.9851540474629,4.99563354337144
"36031","Essex","New York","New York","36",15.8170039835297,18.2536489007572,24.5414118954975,32.7960684583133,16.9790644747835,4.9938424925834
"49025","Kane","Utah","Utah","49",11.8228279386712,21.1087975013014,27.0604669726601,28.7578460521969,16.9350181135257,4.98088768044873
"34041","Warren","New Jersey","New Jersey","34",19.5800881265713,24.3957008720409,29.0670019643631,36.5142609664047,16.9341728398334,4.98063907053925
"08109","Saguache","Colorado","Colorado","08",14.3774649210202,19.6347342207255,21.6666666666667,31.3096601756396,16.9321952546193,4.98005742782922
"41005","Clackamas","Oregon","Oregon","41",23.6271370966133,28.3703587095803,31.8109860634415,40.5439642812719,16.9168271846586,4.97553740725252
"46045","Edmunds","South Dakota","South Dakota","46",11.3289038524046,15.4958999941565,23.9565064889512,28.2450674974039,16.9161636449993,4.97534224852921
"06079","San Luis Obispo","California","California","06",22.9397199198268,26.7010476018158,31.5311380477658,39.8414516264605,16.9017317066336,4.9710975607746
"01003","Baldwin","Alabama","Alabama","01",16.8206366153951,23.0663472554942,27.741590778732,33.6895084108361,16.8688717954411,4.96143288101207
"17085","Jo Daviess","Illinois","Illinois","17",12.0549511825491,15.2191667172637,22.8493815426479,28.9147193447362,16.8597681621871,4.95875534181973
"20113","McPherson","Kansas","Kansas","20",17.4123944083348,22.1879887786554,24.6484197792227,34.2682381023422,16.8558436940075,4.95760108647278
"45065","McCormick","South Carolina","South Carolina","45",7.14413868079962,15.9622707740114,18.5638751184542,23.9935984242275,16.8494597434279,4.95572345394938
"27123","Ramsey","Minnesota","Minnesota","27",28.8057920341057,34.3336737355483,39.15654716529,45.647759208629,16.8419671745233,4.95351975721273
"26161","Washtenaw","Michigan","Michigan","26",41.871485826319,48.1353825107821,50.8496785294088,58.7134044597259,16.841918633407,4.95350548041381
"36027","Dutchess","New York","New York","36",24.7871735986703,27.6266165511622,32.4966596678586,41.61717164123,16.8299980425597,4.94999942428226
"12085","Martin","Florida","Florida","12",20.3263014237244,26.3642842617278,29.6052374043481,37.1353121704031,16.8090107466787,4.94382669019962
"42007","Beaver","Pennsylvania","Pennsylvania","42",11.9169639141907,15.7966664736332,20.8705618236607,28.7147166294725,16.7977527152818,4.94051550449466
"31071","Garfield","Nebraska","Nebraska","31",12.8792987188132,13.391557496361,13.2827324478178,29.672131147541,16.7928324287278,4.93906836139052
"19101","Jefferson","Iowa","Iowa","19",26.4519582478366,31.2127054071422,30.0842051543761,43.2386460282361,16.7866877803995,4.93726111188222
"39045","Fairfield","Ohio","Ohio","39",15.4984693332723,20.8385594771733,25.8102942852192,32.2786629066154,16.7801935733431,4.93535105098327
"31117","McPherson","Nebraska","Nebraska","31",8.96739130434783,22.2222222222222,24.9122807017544,25.7425742574257,16.7751829530779,4.93387733914056
"55007","Bayfield","Wisconsin","Wisconsin","55",18.252281314552,21.5751455125565,26.7668374307982,35.0138760407031,16.761594726151,4.92988080180912
"13291","Union","Georgia","Georgia","13",10.1029713886797,12.5452550297848,20.6159483044294,26.8602366920608,16.757265303381,4.92860744217089
"16015","Boise","Idaho","Idaho","16",14.422657953203,19.9252254220163,21.4452668507134,31.1743990200582,16.7517410668552,4.92698266672211
"48139","Ellis","Texas","Texas","48",13.351304341924,17.1118172539714,20.8364550926054,30.1018707704792,16.7505664285552,4.92663718486918
"51680","Lynchburg city","Virginia","Virginia","51",21.7373748751445,25.2398750178884,30.7055327066388,38.4870262162223,16.7496513410778,4.92636804149346
"48209","Hays","Texas","Texas","48",26.414322373109,31.3191045775063,35.9880075573832,43.1544170514169,16.7400946783079,4.92355725832586
"37087","Haywood","North Carolina","North Carolina","37",12.8010260254263,15.9790871490984,22.4573902187029,29.5297357522756,16.7287097268494,4.92020874319099
"29051","Cole","Missouri","Missouri","29",22.2279841705459,27.4199865183516,31.0973496984562,38.9113395861136,16.6833554155677,4.90686923987284
"27003","Anoka","Minnesota","Minnesota","27",15.5062705062759,21.283976766774,26.160696326339,32.1822579693615,16.6759874630856,4.90470219502517
"17089","Kane","Illinois","Illinois","17",21.3911700085518,27.721362660982,31.877493076046,38.0609512499532,16.6697812414013,4.90287683570627
"17027","Clinton","Illinois","Illinois","17",9.19332628902282,12.9845222117808,19.7545165261812,25.8618732261116,16.6685469370888,4.90251380502612
"36111","Ulster","New York","New York","36",21.5640790732086,24.9747244551239,29.5453654559281,38.2215011223968,16.6574220491883,4.89924177917302
"51710","Norfolk city","Virginia","Virginia","51",16.8249915187744,19.5959002879278,25.4082186671692,33.4656992084433,16.6407076896689,4.89432579107908
"40083","Logan","Oklahoma","Oklahoma","40",14.7834631004741,19.1035469859413,22.9136217479204,31.4048885368338,16.6214254363597,4.8886545401058
"31099","Kearney","Nebraska","Nebraska","31",17.8764652840397,21.3104048759251,27.1447426308843,34.4916900496439,16.6152247656042,4.88683081341299
"20017","Chase","Kansas","Kansas","20",13.6276391554703,19.6059586737146,21.1626721060683,30.2374670184697,16.6098278629994,4.88524348911747
"17119","Madison","Illinois","Illinois","17",14.407783010863,19.2209782867387,23.4650711485506,31.0079239645803,16.6001409537173,4.88239439815215
"19061","Dubuque","Iowa","Iowa","19",16.7706606567453,21.3309805017821,26.3812914711118,33.3686488099679,16.5979881532226,4.88176122153605
"53029","Island","Washington","Washington","53",20.0265770343156,27.0334521990151,30.7516510410106,36.6195875810219,16.5930105467063,4.88029721961949
"29037","Cass","Missouri","Missouri","29",13.0406981132435,17.6929510357915,22.3028516320554,29.6298719995812,16.5891738863377,4.87916879009933
"27069","Kittson","Minnesota","Minnesota","27",12.547432329876,14.7500682873532,20.6518428266829,29.095270733379,16.547838403503,4.86701129514794
"36039","Greene","New York","New York","36",13.4026273902497,16.4434330116197,19.141262344344,29.9435956409835,16.5409682507338,4.86499066198054
"18019","Clark","Indiana","Indiana","18",11.2008325833063,14.3491616696187,18.5971741431967,27.7417880605541,16.5409554772479,4.86498690507291
"38047","Logan","North Dakota","North Dakota","38",9.28288314759604,12.9356140899882,12.869924294563,25.8233532934132,16.5404701458171,4.86484416053445
"26103","Marquette","Michigan","Michigan","26",20.2636438696601,23.7117221661962,28.4042678640165,36.803863265443,16.5402193957829,4.86477041052438
"53011","Clark","Washington","Washington","53",16.7981940389672,22.0885956233005,25.997568488164,33.3377991766101,16.539605137643,4.86458974636558
"18105","Monroe","Indiana","Indiana","18",32.9184511995993,39.6266784416847,43.32676566653,49.454244167197,16.5357929675978,4.86346851988169
"29047","Clay","Missouri","Missouri","29",20.0201828306861,24.9344691087934,30.5558768891309,36.5454955972003,16.5253127665142,4.86038610779828
"02100","Haines Borough","Alaska","Alaska","02",17.5879396984925,23.7951807228916,32.9514457174032,34.1124447252053,16.5245050267128,4.86014853726848
"13153","Houston","Georgia","Georgia","13",15.9668564872821,19.7528894382878,24.8227108763004,32.4735952493807,16.5067387620985,4.8549231653231
"56001","Albany","Wyoming","Wyoming","56",38.5286541716641,44.0703744704568,48.0839275635009,55.0173330251907,16.4886788535266,4.84961142750781
"19169","Story","Iowa","Iowa","19",38.3609893550106,44.5003321627661,47.7234722602653,54.8483594220349,16.4873700670243,4.84922649030127
"46101","Moody","South Dakota","South Dakota","46",13.9410191494066,17.4099685887884,22.491909142588,30.4154995331466,16.47448038374,4.84543540698236
"50017","Orange","Vermont","Vermont","50",21.9247845306369,23.8645015778603,28.1866962844949,38.3886894075404,16.4639048769035,4.84232496379516
"39035","Cuyahoga","Ohio","Ohio","39",20.1094559223316,25.1469801762605,29.0588467582877,36.5493919373014,16.4399360149698,4.83527529852052
"46089","McPherson","South Dakota","South Dakota","46",10.034014180294,10.667295898734,18.0390032502709,26.4724509183027,16.4384367380087,4.83483433470845
"48159","Franklin","Texas","Texas","48",11.3313710832691,16.1966533544184,23.2512863301349,27.7651159672878,16.4337448840187,4.83345437765256
"12117","Seminole","Florida","Florida","12",26.320164798235,31.0385864215753,33.6330450557607,42.7364344240845,16.4162696258495,4.82831459583809
"31167","Stanton","Nebraska","Nebraska","31",7.6433161089324,13.7269213977579,15.6480790384083,24.0538481076962,16.4105319987638,4.82662705845995
"38031","Foster","North Dakota","North Dakota","38",12.0816609225631,19.771174856438,18.7135123543317,28.4916201117318,16.4099591891688,4.82645858504964
"01083","Limestone","Alabama","Alabama","01",13.7960526410275,16.9113847705922,21.8506335414828,30.1948051948052,16.3987525537777,4.82316251581698
"24023","Garrett","Maryland","Maryland","24",9.51313380487698,13.8696960648209,18.1034593259804,25.9100841508206,16.3969503459436,4.8226324546893
"19153","Polk","Iowa","Iowa","19",23.8711065426162,29.7205267437384,34.330299550521,40.255420096496,16.3843135538798,4.81891575114112
"25011","Franklin","Massachusetts","Massachusetts","25",24.2105749283426,29.0794303126828,32.8950450034849,40.5900192996967,16.3794443713541,4.81748363863355
"13111","Fannin","Georgia","Georgia","13",7.78644667265292,10.4395259127762,15.4052509223656,24.1580310880829,16.37158441543,4.81517188689117
"39089","Licking","Ohio","Ohio","39",12.9868400649698,18.4224953715612,21.9984161513084,29.345683085614,16.3588430206443,4.81142441783655
"21005","Anderson","Kentucky","Kentucky","21",9.85036097068153,12.0001440337681,19.5934597048824,26.2028301886792,16.3524692179977,4.80954976999933
"27137","St. Louis","Minnesota","Minnesota","27",17.2517109694523,21.8671141723508,25.8626623634135,33.5909957810784,16.3392848116261,4.80567200341945
"35028","Los Alamos","New Mexico","New Mexico","35",53.4162481065136,60.4819840898456,63.1984282907662,69.7435897435897,16.3273416370761,4.8021593050224
"01073","Jefferson","Alabama","Alabama","01",19.9011760637237,24.6072429862231,29.2833822772961,36.2224277487269,16.3212516850032,4.800368142648
"31089","Holt","Nebraska","Nebraska","31",12.7715030408341,14.4553433144037,16.5466648553186,29.078428508836,16.3069254680019,4.79615454941233
"01089","Madison","Alabama","Alabama","01",30.1240908222283,34.2668897148241,37.7826061425284,46.4234864596371,16.2993956374089,4.79393989335555
"31083","Harlan","Nebraska","Nebraska","31",12.900848503453,15.3271028037383,16.6277258566978,29.1931540342298,16.2923055307768,4.79185456787554
"06059","Orange","California","California","06",27.8166499031943,30.8106315785607,36.5768176977051,44.0773482506334,16.2606983474391,4.78255833748208
"50019","Orleans","Vermont","Vermont","50",14.2130396217166,16.1223734845786,20.0368841971082,30.4732419283503,16.2602023066337,4.78241244312755
"48377","Presidio","Texas","Texas","48",11.763178395222,11.6895189402742,23.82,28.0204342273308,16.2572558321088,4.78154583297316
"08039","Elbert","Colorado","Colorado","08",19.8341732475623,26.5568909932646,30.0858152448258,36.0870211606125,16.2528479130502,4.78024938619125
"13123","Gilmer","Georgia","Georgia","13",8.61183662389386,12.9014918951727,14.4953859964625,24.8605643044619,16.2487276805681,4.77903755310826
"39093","Lorain","Ohio","Ohio","39",12.3333898230721,16.5729301512187,21.2023815122674,28.5359756945847,16.2025858715126,4.76546643279783
"37149","Polk","North Carolina","North Carolina","37",20.0571463342243,25.7320298938516,26.9981488116394,36.2229102167183,16.1657638824939,4.75463643602763
"46079","Lake","South Dakota","South Dakota","46",18.4766214177979,21.0640451062599,28.1784188034188,34.6298946272928,16.1532732094949,4.75096270867498
"37039","Cherokee","North Carolina","North Carolina","37",8.03702155491737,11.0114183616464,15.6026903053403,24.1891600086374,16.1521384537201,4.75062895697649
"19167","Sioux","Iowa","Iowa","19",14.4454148471616,19.7941888619855,23.1218198144268,30.5687424369357,16.1233275897741,4.74215517346297
"35027","Lincoln","New Mexico","New Mexico","35",16.0557339834872,22.7886145864504,24.8951495294047,32.1698588709677,16.1141248874805,4.7394484963178
"13047","Catoosa","Georgia","Georgia","13",8.11765249272371,13.7957500157822,17.8272786397844,24.2269961505029,16.1093436577792,4.738042252288
"38017","Cass","North Dakota","North Dakota","38",26.5431496830152,31.2543526008136,37.0274074151819,42.6492769780634,16.1061272950482,4.73709626324946
"27063","Jackson","Minnesota","Minnesota","27",9.96129032258064,14.2250257466621,17.3158981417756,26.0595004209935,16.0982100984129,4.73476767600379
"39153","Summit","Ohio","Ohio","39",19.672961108462,25.1198330557439,29.3898208021862,35.7695224839903,16.0965613755283,4.73428275750833
"55037","Florence","Wisconsin","Wisconsin","55",8.93033319279039,12.4416471670506,15.3139988070712,25.0201775625504,16.0898443697601,4.73230716757649
"08001","Adams","Colorado","Colorado","08",12.9435988460296,16.7052642598646,20.6560644739026,29.0199877684231,16.0763889223935,4.72834968305691
"47021","Cheatham","Tennessee","Tennessee","47",10.5049069104569,15.0852365113761,19.356063891981,26.5718587920361,16.0669518815792,4.72557408281742
"08041","El Paso","Colorado","Colorado","08",25.8133044369899,31.7588160198091,35.292799307159,41.8780270911363,16.0647226541464,4.72491842769012
"38009","Bottineau","North Dakota","North Dakota","38",14.3046365936635,14.9010050107704,21.7375411559856,30.3523639607493,16.0477273670858,4.71991981384877
"12031","Duval","Florida","Florida","12",18.3911895104457,21.9120419854228,25.624815227515,34.4341964531422,16.0430069426965,4.71853145373426
"55087","Outagamie","Wisconsin","Wisconsin","55",16.6938688400424,22.5165458826004,26.4072819354618,32.7255575261311,16.0316886860886,4.71520255473196
"51181","Surry","Virginia","Virginia","51",11.047807778053,12.8255635806522,15.6614189327336,27.0588235294118,16.0110157513588,4.7091222798114
"46051","Grant","South Dakota","South Dakota","46",9.30736715334204,14.783554381544,15.382981113992,25.3085247769129,16.0011576235708,4.70622283046201
"51059","Fairfax","Virginia","Virginia","51",48.9911218135558,54.7812696890975,58.1883957107719,64.9856432700457,15.9945214564898,4.70427101661465
"21167","Mercer","Kentucky","Kentucky","21",8.9127537822372,13.504732306823,17.7929912560157,24.9050731403673,15.9923193581301,4.70362334062649
"27057","Hubbard","Minnesota","Minnesota","27",14.663185656178,20.2296592089418,21.9971266184949,30.6535497211605,15.9903640649825,4.70304825440661
"51177","Spotsylvania","Virginia","Virginia","51",18.9628416177799,22.8219774261937,29.0129546971458,34.9461276733636,15.9832860555837,4.70096648693638
"39123","Ottawa","Ohio","Ohio","39",13.5420147784611,16.0185923896077,20.2994567377766,29.5247160769382,15.9827012984771,4.70079449955209
"48397","Rockwall","Texas","Texas","48",28.519773948981,32.6439742125778,35.319672914489,44.4904159668017,15.9706420178207,4.69724765230021
"27005","Becker","Minnesota","Minnesota","27",12.0235362730414,16.7189948942466,21.2843890155196,27.9835558450016,15.9600195719602,4.69412340351771
"48263","Kent","Texas","Texas","48",10.3299856527977,15.0855365474339,20.8828522920204,26.2809917355372,15.9510060827395,4.69147237727632
"34021","Mercer","New Jersey","New Jersey","34",29.5020159056165,33.9603071062122,38.2372765310969,45.4411320624897,15.9391161568732,4.68797534025683
"08057","Jackson","Colorado","Colorado","08",15.3351698806244,19.8542805100182,21.5500945179584,31.2614259597806,15.9262560791562,4.6841929644577
"19011","Benton","Iowa","Iowa","19",9.63818191806142,13.9498305650657,18.3102704090672,25.556480710519,15.9182987924576,4.68185258601694
"50011","Franklin","Vermont","Vermont","50",14.2782362005352,16.5815939860173,22.2917911015257,30.1960350595847,15.9177988590495,4.68170554677927
"47119","Maury","Tennessee","Tennessee","47",12.0906675160995,13.6349598005249,16.7622352081812,27.9951539680215,15.904486451922,4.67779013291824
"31023","Butler","Nebraska","Nebraska","31",8.07086466107824,13.5561036742599,14.1129728795992,23.9737840634702,15.9029194023919,4.67732923599762
"24015","Cecil","Maryland","Maryland","24",12.0950516197935,16.4274579368919,21.2726483833805,27.9778544447929,15.8828028249994,4.67141259558806
"42043","Dauphin","Pennsylvania","Pennsylvania","42",18.5683737492347,23.5059978386838,27.5472666142695,34.4281355898516,15.8597618406169,4.66463583547556
"27035","Crow Wing","Minnesota","Minnesota","27",13.473632408834,18.438173558009,22.0021022501234,29.3317659458035,15.8581335369695,4.6641569226381
"17043","DuPage","Illinois","Illinois","17",36.0026378448278,41.6643886272457,45.9449359181253,51.8436766258438,15.841038781016,4.65912905324
"30047","Lake","Montana","Montana","30",15.680482854789,22.1894529481185,25.8586927433576,31.5128416128893,15.8323587581003,4.65657610532361
"55009","Brown","Wisconsin","Wisconsin","55",17.6822403150359,22.4655618410357,25.8421425710574,33.5110699599684,15.8288296449325,4.6555381308625
"42069","Lackawanna","Pennsylvania","Pennsylvania","42",14.8131389732238,19.5973397977241,25.0506084120628,30.6331751815251,15.8200362083012,4.65295182597095
"55035","Eau Claire","Wisconsin","Wisconsin","55",20.9433484789367,27.0104637656538,31.532300312151,36.7618467252837,15.8184982463469,4.65249948421968
"54079","Putnam","West Virginia","West Virginia","54",13.2763203736629,19.67940936652,25.0289567836092,29.0527560218708,15.776435648208,4.64012813182588
"04005","Coconino","Arizona","Arizona","04",24.5653842724506,29.9500911401907,30.6622577441161,40.3408317837544,15.7754475113037,4.63983750332463
"46023","Charles Mix","South Dakota","South Dakota","46",9.90028104631434,14.0591966173362,16.1217391304348,25.6657323055361,15.7654512592217,4.63689742918287
"42071","Lancaster","Pennsylvania","Pennsylvania","42",16.6785703283388,20.5085766094791,23.5375144647882,32.4372043089974,15.7586339806586,4.63489234725254
"29099","Jefferson","Missouri","Missouri","29",8.95615449234633,12.1668464966454,16.9038852558114,24.7127080068652,15.7565535145188,4.63428044544672
"49011","Davis","Utah","Utah","49",23.5194094872648,28.7821039783417,34.0694355629977,39.250729982409,15.7313204951442,4.62685896916005
"40059","Harper","Oklahoma","Oklahoma","40",13.6133621156968,19.1861264362901,15.3960678659662,29.3421052631579,15.7287431474611,4.62610092572386
"17023","Clark","Illinois","Illinois","17",9.20439723487637,13.6139683672419,17.5787436055171,24.9164810690423,15.7120838341659,4.62120112769587
"17097","Lake","Illinois","Illinois","17",31.9937700806355,38.6007659985331,41.8208082511557,47.7055978321471,15.7118277515116,4.62112580926811
"36105","Sullivan","New York","New York","36",14.407074852412,16.6575249606153,20.5007094317105,30.1038678757861,15.6967930233741,4.61670383040415
"55093","Pierce","Wisconsin","Wisconsin","55",17.7996605184692,24.6346348394637,26.5343983565609,33.4824972933959,15.6828367749267,4.61259905144904
"55045","Green","Wisconsin","Wisconsin","55",11.995362652138,16.6677666758718,19.1033160864213,27.6728378835105,15.6774752313724,4.61102212687424
"40145","Wagoner","Oklahoma","Oklahoma","40",12.0465133779789,15.4221959364823,22.0996124473039,27.7154628773228,15.6689494993438,4.60851455863054
"37071","Gaston","North Carolina","North Carolina","37",10.823495990015,14.157507491116,18.0088392145338,26.4898515805116,15.6663555904966,4.6077516442637
"37135","Orange","North Carolina","North Carolina","37",46.0922812563467,51.5136120272623,55.2303364269155,61.757012908623,15.6647316522764,4.6072740153754
"08053","Hinsdale","Colorado","Colorado","08",32.0224719101124,34.9072512647555,43.7047756874096,47.6863753213368,15.6639034112244,4.607030415066
"27055","Houston","Minnesota","Minnesota","27",14.4433215428668,20.4853402740565,23.2318710832587,30.1042442293373,15.6609226864705,4.60615373131486
"27011","Big Stone","Minnesota","Minnesota","27",10.0649280481861,11.3580370464434,15.44461753625,25.7027027027027,15.6377746545166,4.59934548662253
"39057","Greene","Ohio","Ohio","39",26.0324510190193,31.095937844828,35.3662434262138,41.6701309499065,15.6376799308872,4.59931762673152
"48477","Washington","Texas","Texas","48",15.1004703428371,18.9967196887386,24.3036397615022,30.7348500100664,15.6343796672294,4.59834696094981
"37077","Granville","North Carolina","North Carolina","37",9.56328305398128,13.0143116040973,15.718882295776,25.1953304531667,15.6320473991854,4.5976609997604
"12086","Miami-Dade","Florida","Florida","12",18.7669499903564,21.6786039988792,26.3209118750775,34.3884873778502,15.6215373874938,4.59456981985112
"46059","Hand","South Dakota","South Dakota","46",12.7636377007154,15.567390723073,17.8892724356715,28.3846872082166,15.6210495075012,4.59442632573566
"16051","Jefferson","Idaho","Idaho","16",11.7535386859506,15.2399429240318,21.1774900643871,27.372300133074,15.6187614471234,4.593753366801
"20183","Smith","Kansas","Kansas","20",9.9761209869992,16.7165967645297,14.6473169085386,25.5725190839695,15.5963980969703,4.58717591087361
"30059","Meagher","Montana","Montana","30",14.4012944939636,18.7406296808875,16.5236051384476,29.9746514575412,15.5733569635776,4.58039910693458
"19075","Grundy","Iowa","Iowa","19",12.2775154377043,17.2120496160662,21.2608444187392,27.8375564040264,15.5600409663221,4.57648263715355
"48257","Kaufman","Texas","Texas","48",10.9353008130642,12.2962395236293,17.3802834107012,26.4952301949399,15.5599293818756,4.57644981819872
"36081","Queens","New York","New York","36",20.5889287082309,24.3033767832655,29.9322749855181,36.1352889674984,15.5463602592675,4.57245889978456
"12037","Franklin","Florida","Florida","12",12.3956115932536,12.4116069251402,15.2117152911795,27.9300232581656,15.534411664912,4.56894460732706
"48167","Galveston","Texas","Texas","48",19.2685418831599,22.7131123675381,28.2655583490299,34.7946852986656,15.5261434155057,4.56651276926638
"46115","Spink","South Dakota","South Dakota","46",12.6939084373818,14.390923566879,19.4076733228629,28.2199068942585,15.5259984568767,4.5664701343755
"20115","Marion","Kansas","Kansas","20",14.8728435286298,17.8888896023675,20.9035580524345,30.3935040599625,15.5206605313327,4.56490015627434
"13217","Newton","Georgia","Georgia","13",9.5070178269504,14.5408052515943,19.0742820472345,25.0246625129803,15.5176446860299,4.56401314294996
"49035","Salt Lake","Utah","Utah","49",23.8351412527623,27.4071422368902,30.8157425281498,39.3500626899402,15.5149214371779,4.56321218740526
"48425","Somervell","Texas","Texas","48",13.785606376209,17.2003499301065,30.2774785804219,29.2996389891697,15.5140326129607,4.56295076851784
"55051","Iron","Wisconsin","Wisconsin","55",10.4790006699964,13.1537861046058,20.059816278573,25.9690700943965,15.4900694244001,4.55590277188237
"27133","Rock","Minnesota","Minnesota","27",10.7742537313433,15.3585196607556,18.2843211945757,26.2624712202609,15.4882174889177,4.55535808497578
"39049","Franklin","Ohio","Ohio","39",26.6294694357806,31.816095741828,35.9944824676765,42.1015349605105,15.4720655247299,4.5506075072735
"20051","Ellis","Kansas","Kansas","20",23.4476487385466,29.2357771637089,32.0816750302821,38.9144698975481,15.4668211590015,4.54906504676514
"53009","Clallam","Washington","Washington","53",16.110000970161,20.7605610331657,24.6122691641628,31.5547483474049,15.4447473772439,4.54257275801292
"40087","McClain","Oklahoma","Oklahoma","40",13.2620392531085,15.7286179196125,19.0110254997119,28.7065003282994,15.4444610751909,4.54248855152673
"47179","Washington","Tennessee","Tennessee","47",18.8542145174669,22.8741414999931,28.9374806782241,34.2981079246564,15.4438934071895,4.54232159034985
"51810","Virginia Beach city","Virginia","Virginia","51",25.495810550451,28.1095226940915,32.2800186506094,40.9355106559646,15.4397001055135,4.54108826632751
"54069","Ohio","West Virginia","West Virginia","54",18.4439545138083,23.0697703251403,27.0207026552699,33.8703085620871,15.4263540482787,4.5371629553761
"34001","Atlantic","New Jersey","New Jersey","34",16.4231447468365,18.6946706144985,24.089476106844,31.8371398155815,15.4139950687449,4.53352796139556
"17143","Peoria","Illinois","Illinois","17",19.4544811706983,23.3430100085681,28.7766139968386,34.8659510775185,15.4114699068201,4.53278526671181
"47117","Marshall","Tennessee","Tennessee","47",7.70213577565093,10.6443356257368,13.1879292001161,23.1056758623492,15.4035400866982,4.53045296667595
"08083","Montezuma","Colorado","Colorado","08",15.9467272794863,20.9515216400757,27.244494635799,31.3209118351202,15.374184555634,4.52181898695116
"55063","La Crosse","Wisconsin","Wisconsin","55",21.0816965401492,25.3894158487618,29.2925201055569,36.4552144125856,15.3735178724364,4.52162290365776
"55079","Milwaukee","Wisconsin","Wisconsin","55",19.3149216726163,23.6310589751084,27.6747862505109,34.6877446114864,15.37282293887,4.52141851143235
"20015","Butler","Kansas","Kansas","20",17.0179097078741,20.4153381293579,26.0593068952967,32.3703231759562,15.3524134680821,4.5154157259065
"40129","Roger Mills","Oklahoma","Oklahoma","40",9.54878827697592,15.7763059596153,20.5057193263968,24.8930710008554,15.3442827238795,4.5130243305528
"30009","Carbon","Montana","Montana","30",19.2369349427366,23.2801139084587,27.9931279155096,34.5723607550688,15.3354258123322,4.51041935656828
"08117","Summit","Colorado","Colorado","08",39.663322956352,48.306426083873,49.1421267390022,54.9981295980714,15.3348066417194,4.51023724756453
"34037","Sussex","New Jersey","New Jersey","34",24.9390636147588,27.2208433025487,31.6551232706273,40.2721190850325,15.3330554702737,4.50972219713932
"27111","Otter Tail","Minnesota","Minnesota","27",12.9917804561551,17.1971448130505,22.1163207902863,28.324364104687,15.3325836485318,4.50958342603878
"45073","Oconee","South Carolina","South Carolina","45",13.3183279868149,18.1524232144116,21.5647365079995,28.6503938605091,15.3320658736943,4.50943113932184
"30095","Stillwater","Montana","Montana","30",16.931625535522,17.8446813823511,22.0295258050901,32.2546816479401,15.3230561124181,4.50678120953474
"29003","Andrew","Missouri","Missouri","29",13.5271807836281,18.7886051440632,20.548526789505,28.8499177953496,15.3227370117215,4.50668735638867
"46039","Deuel","South Dakota","South Dakota","46",9.72990562967784,13.2837750484809,19.9348534201954,25.0509857239973,15.3210800943194,4.50620002774101
"34007","Camden","New Jersey","New Jersey","34",21.0220962506509,24.0395788681523,28.6780660602571,36.3374407894197,15.3153445387688,4.50451309963787
"21151","Madison","Kentucky","Kentucky","21",19.1237528661002,21.8302670622998,26.6611977030095,34.4322831764197,15.3085303103195,4.50250891479985
"54067","Nicholas","West Virginia","West Virginia","54",8.00048412192414,9.83528573012388,13.7755648356355,23.3052524452988,15.3047683233747,4.50140244805137
"33003","Carroll","New Hampshire","New Hampshire","33",23.3751217419218,26.4689766666822,29.9075459186723,38.648576361028,15.2734546191062,4.49219253503125
"39097","Madison","Ohio","Ohio","39",8.94902059838351,13.0455985839001,17.5688318631382,24.2193072223773,15.2702866239938,4.49126077176287
"39043","Erie","Ohio","Ohio","39",13.7868480141953,16.6448217391661,20.2600866623144,29.0344674391914,15.2476194249962,4.48459394852828
"13015","Bartow","Georgia","Georgia","13",9.01876630865599,14.128088172321,16.2147447156862,24.2628659873597,15.2440996787037,4.48355872903051
"05143","Washington","Arkansas","Arkansas","05",20.0053190048627,24.5417368885877,28.014654444221,35.2493905750698,15.2440715702071,4.48355046182562
"46091","Marshall","South Dakota","South Dakota","46",10.1798232246266,16.2005785920926,18.0796403339756,25.4237288135593,15.2439055889327,4.48350164380373
"38003","Barnes","North Dakota","North Dakota","38",15.4382104877154,22.0739219712526,26.1453800870233,30.6772908366534,15.239080348938,4.48208245556999
"31063","Frontier","Nebraska","Nebraska","31",10.4724792985874,17.9289026275116,19.1512513601741,25.7078142695357,15.2353349709482,4.48098087380831
"28105","Oktibbeha","Mississippi","Mississippi","28",31.7380218853461,34.8329411767349,43.1462358427412,46.9727814220011,15.2347595366549,4.48081162842792
"46011","Brookings","South Dakota","South Dakota","46",27.2796700778983,32.188406775086,39.1686746987952,42.5080754402417,15.2284053623435,4.47894275363043
"38089","Stark","North Dakota","North Dakota","38",14.8047687444623,22.2916070286493,23.5484448522052,30.0074115249213,15.202642780459,4.4713655236644
"30049","Lewis and Clark","Montana","Montana","30",27.8441357034623,31.5811082262969,37.5336669400311,43.0381437594215,15.1940080559592,4.46882589881152
"36055","Monroe","New York","New York","36",26.2715627808068,31.1643399430252,35.4900548731633,41.4650844796098,15.1935216988029,4.4686828525891
"51775","Salem city","Virginia","Virginia","51",17.8543425354253,19.8095819919794,30.0014797733099,33.0451039962608,15.1907614608355,4.4678710178928
"40017","Canadian","Oklahoma","Oklahoma","40",16.710155490241,20.8834744230525,25.5801692573123,31.8992533669511,15.18909787671,4.46738172844412
"19077","Guthrie","Iowa","Iowa","19",9.86894362606796,14.8822520952599,18.4506356529241,25.0387997930678,15.1698561669998,4.46172240205877
"26005","Allegan","Michigan","Michigan","26",11.9752438205051,15.8311559232479,19.9334515992066,27.140088231447,15.1648444109419,4.46024835615939
"55049","Iowa","Wisconsin","Wisconsin","55",13.2739017113403,18.4572262389474,21.4214599342422,28.4345794392523,15.1606777279121,4.45902286115061
"33011","Hillsborough","New Hampshire","New Hampshire","33",26.3792948775596,30.0913052608279,35.2953972314028,41.5348728411587,15.1555779635991,4.45752293047031
"38091","Steele","North Dakota","North Dakota","38",13.7067938021454,19.8168737737083,17.6592797783934,28.8534548215642,15.1466610194187,4.45490029982904
"34013","Essex","New Jersey","New Jersey","34",24.0057746456642,27.4804558431949,31.7974797766636,39.1458561525071,15.1400815068429,4.45296514907144
"48333","Mills","Texas","Texas","48",12.756052141527,20.1842546063652,17.4874668239457,27.8907435508346,15.1346914093076,4.45137982626694
"27119","Polk","Minnesota","Minnesota","27",12.8548624476115,17.5617476622795,22.8541236370623,27.9891959677808,15.1343335201694,4.4512745647557
"19121","Madison","Iowa","Iowa","19",12.0137019818938,14.3829695266912,21.1907260757561,27.1450994070457,15.1313974251519,4.45041100739761
"13297","Walton","Georgia","Georgia","13",9.36658864228982,13.0401671728069,18.9478108325415,24.4941274325623,15.1275387902725,4.44927611478602
"12069","Lake","Florida","Florida","12",12.7493746051144,16.5910324251567,20.2275174452558,27.8480848062051,15.0987102010907,4.44079711796786
"37093","Hoke","North Carolina","North Carolina","37",8.36195256872599,10.9262642804332,16.4216065531503,23.4538656925141,15.0919131237881,4.43879797758473
"38025","Dunn","North Dakota","North Dakota","38",10.1300540627304,16.2556877982415,17.4163783160323,25.2130681818182,15.0830141190878,4.43618062326112
"16013","Blaine","Idaho","Idaho","16",32.950128574279,43.1148485330354,44.0146289251484,48.0206445945204,15.0705160202414,4.43250471183572
"37199","Yancey","North Carolina","North Carolina","37",9.99136665458823,13.1245591676027,16.3972073716087,25.0611845325502,15.0698178779619,4.43229937587116
"46129","Walworth","South Dakota","South Dakota","46",14.4954997398311,15.7726384137264,22.6970317297851,29.5604106343775,15.0649108945464,4.43085614545482
"27101","Murray","Minnesota","Minnesota","27",8.46618290008309,11.851267770502,16.3116057233704,23.513187381486,15.0470044814029,4.42558955335378
"51067","Franklin","Virginia","Virginia","51",10.101437875495,14.7766926658453,17.9404068939287,25.148156413499,15.046718538004,4.42550545235412
"29019","Boone","Missouri","Missouri","29",36.5067922593874,41.731798406037,47.3200093253926,51.5358183181874,15.0290260587999,4.42030178199999
"48023","Baylor","Texas","Texas","48",10.296461587504,12.0789384144267,21.728307254623,25.3129890453834,15.0165274578794,4.41662572290571
"08021","Conejos","Colorado","Colorado","08",10.7052607397197,14.4004820245029,20.4497405343071,25.7064899629702,15.0012292232504,4.41212624213248
"38059","Morton","North Dakota","North Dakota","38",13.7912348438664,17.0217917675545,24.1059532057773,28.7911993468265,14.9999645029601,4.4117542655765
"42103","Pike","Pennsylvania","Pennsylvania","42",14.677003893498,18.9885650645746,22.5826575171553,29.6756159396737,14.9986120461757,4.41135648416933
"06043","Mariposa","California","California","06",16.8188512518409,20.1869465398491,19.9411173344823,31.8120503597122,14.9931991078713,4.40976444349156
"54093","Tucker","West Virginia","West Virginia","54",8.61331827156381,10.5639561949444,16.0153256704981,23.6036725325172,14.9903542609534,4.40892772380982
"39055","Geauga","Ohio","Ohio","39",25.8766847709083,31.7398137387013,34.7816438139019,40.8626475699646,14.9859627990563,4.40763611736951
"37121","Mitchell","North Carolina","North Carolina","37",9.23646597174542,12.2053956058016,16.6754560379536,24.2021750757711,14.9657091040257,4.40167914824284
"36085","Richmond","New York","New York","36",20.7484475211452,23.1841930598067,29.0320742352203,35.7038226550516,14.9553751339064,4.39863974526659
"37085","Harnett","North Carolina","North Carolina","37",9.5468484113821,12.7933779233302,17.5658299862477,24.4658908332971,14.919042421915,4.38795365350443
"38043","Kidder","North Dakota","North Dakota","38",11.2751130759728,10.9990407847999,18.4411393936917,26.1890427453341,14.9139296693613,4.38644990275333
"20171","Scott","Kansas","Kansas","20",13.8032305433186,23.0154028436019,24.9127906976744,28.7165281625115,14.9132976191929,4.38626400564497
"08077","Mesa","Colorado","Colorado","08",17.4111136883094,21.95447752976,25.1158166612004,32.3120791657043,14.900965477395,4.38263690511617
"25005","Bristol","Massachusetts","Massachusetts","25",15.8976369104258,19.8749064167351,25.240353288573,30.7951314229752,14.8974945125494,4.38161603310277
"46107","Potter","South Dakota","South Dakota","46",12.3084068741291,16.2011173184358,18.1818181818182,27.2004542873367,14.8920474132076,4.38001394506106
"55097","Portage","Wisconsin","Wisconsin","55",19.1435268701298,23.361483351971,27.150746681191,34.0344620144379,14.8909351443081,4.37968680714945
"39133","Portage","Ohio","Ohio","39",17.6281531353406,21.0299997261319,24.6154099115186,32.5046125461255,14.8764594107849,4.37542923846613
"18183","Whitley","Indiana","Indiana","18",8.7569808290152,13.2633158289572,15.9978645786992,23.6334338718341,14.8764530428189,4.37542736553496
"48443","Terrell","Texas","Texas","48",11.991199119912,19.0217391304348,16.2297128589263,26.865671641791,14.8744725218791,4.37484485937619
"55127","Walworth","Wisconsin","Wisconsin","55",17.5451986061314,21.790780527923,25.190050766684,32.4013846626281,14.8561860564967,4.36946648720491
"51023","Botetourt","Virginia","Virginia","51",13.6280030965258,19.6194329094497,22.7024352932349,28.4829110427027,14.8549079461769,4.36909057240496
"17179","Tazewell","Illinois","Illinois","17",13.5599551737019,18.1409087762214,23.5759646173122,28.3896188511239,14.829663677422,4.36166578747706
"36067","Onondaga","New York","New York","36",24.4025905099578,28.4934358096811,32.8787332286849,39.2161928576481,14.8136023476904,4.35694186696776
"17189","Washington","Illinois","Illinois","17",8.66140863716129,13.3556084951971,18.7717726791052,23.4731270358306,14.8117183986693,4.35638776431451
"18037","Dubois","Indiana","Indiana","18",10.8939400550444,14.4872342906366,19.4931362196915,25.7045317625008,14.8105917074564,4.35605638454601
"26105","Mason","Michigan","Michigan","26",11.8383825321937,15.8697702566476,19.3547240157916,26.6379390232601,14.7995564910664,4.3528107326666
"08123","Weld","Colorado","Colorado","08",18.3795536522104,21.647226587246,25.7947071255234,33.1727176349954,14.793163982785,4.35093058317205
"19015","Boone","Iowa","Iowa","19",13.7334919343279,18.7859706913261,20.221867991674,28.4974635217823,14.7639715874544,4.34234458454541
"38069","Pierce","North Dakota","North Dakota","38",13.4023583543359,14.7272724007801,13.3125972006221,28.1619491221784,14.7595907678425,4.34105610818897
"12071","Lee","Florida","Florida","12",16.4490020449311,21.1043391112463,24.6308882341745,31.2047427277151,14.755740682784,4.33992373023059
"20045","Douglas","Kansas","Kansas","20",38.441902240711,42.6835908894605,48.4356894553882,53.1940997685637,14.7521975278527,4.33888162583904
"46125","Turner","South Dakota","South Dakota","46",12.5468812664253,16.962933205945,20.0445053064019,27.2982804232804,14.7513991568552,4.33864681083976
"53037","Kittitas","Washington","Washington","53",22.2464122322898,26.2083591303483,31.6710784026215,36.996349264829,14.7499370325392,4.33821677427623
"21145","McCracken","Kentucky","Kentucky","21",14.3048599844819,18.100270882366,21.1982168098293,29.0406259152337,14.7357659307518,4.33404880316228
"29107","Lafayette","Missouri","Missouri","29",11.4815732493461,13.8407360595057,16.8420118080526,26.2162278622829,14.7346546129369,4.33372194498143
"37113","Macon","North Carolina","North Carolina","37",13.1786852013365,16.1807483109681,20.4420239108394,27.9131282194069,14.7344430180704,4.33365971119718
"19163","Scott","Iowa","Iowa","19",21.8702849735347,24.8734691480093,30.8011012075122,36.5967209820307,14.726436008496,4.33130470838117
"45003","Aiken","South Carolina","South Carolina","45",17.2144207186201,19.9477014390994,23.858015300774,31.9374989885258,14.7230782699057,4.33031713820756
"50021","Rutland","Vermont","Vermont","50",20.5527571118659,23.2022094046143,26.9133473335439,35.2521176105371,14.6993604986712,4.32334132313859
"48267","Kimble","Texas","Texas","48",12.4079915878023,17.2917991099809,17.8767717674284,27.1055753262159,14.6975837384136,4.32281874659223
"12061","Indian River","Florida","Florida","12",19.1308114485476,23.1074966452541,26.8442503639397,33.8272560355685,14.6964445870209,4.32248370206497
"13089","DeKalb","Georgia","Georgia","13",32.735231968704,36.2998723773852,39.1788404991202,47.4280840004711,14.6928520317672,4.32142706816682
"54049","Marion","West Virginia","West Virginia","54",12.5127747522073,16.0022201552096,19.9826060265002,27.1959939082626,14.6832191560553,4.31859386942802
"31139","Pierce","Nebraska","Nebraska","31",9.0512972865914,13.2695756126718,16.9014084507042,23.731884057971,14.6805867713796,4.31781963864106
"20207","Woodson","Kansas","Kansas","20",8.37912087912088,11.3985751781027,16.4541341011929,23.056768558952,14.6776476798311,4.31695519995032
"39173","Wood","Ohio","Ohio","39",21.8790982326859,26.1841204176042,29.3534576964118,36.5332602556923,14.6541620230064,4.3100476538254
"20161","Riley","Kansas","Kansas","20",34.2542540095559,40.5199463191023,45.383643887364,48.9068299422936,14.6525759327377,4.30958115668756
"55073","Marathon","Wisconsin","Wisconsin","55",13.4536459988743,18.3021055843903,21.9157832029742,28.1034447258426,14.6497987269684,4.30876433146128
"20191","Sumner","Kansas","Kansas","20",11.2663630338674,15.6643926402771,19.1697114778884,25.9159198734844,14.649556839617,4.30869318812265
"01001","Autauga","Alabama","Alabama","01",14.5052472664501,18.0214843654464,21.707830639654,29.1384808658678,14.6332335994177,4.30389223512286
"47125","Montgomery","Tennessee","Tennessee","47",16.4723287271468,19.2701342320732,22.712322160598,31.081788455394,14.6094597282472,4.29689992007269
"27075","Lake","Minnesota","Minnesota","27",12.1746016234511,19.5116478630503,20.163415283434,26.7820153527477,14.6074137292966,4.29629815567547
"20201","Washington","Kansas","Kansas","20",11.1763521984506,15.1574803571316,17.8236848426615,25.7836990595611,14.6073468611105,4.29627848856191
"22103","St. Tammany Parish","Louisiana","Louisiana","22",23.0683511958496,28.3199499092695,29.9619583472895,37.6679723772828,14.5996211814332,4.29400622983329
"26097","Mackinac","Michigan","Michigan","26",10.4108440469536,14.9161620866325,18.6614730878187,25.0057563895924,14.5949123426388,4.29262127724672
"37005","Alleghany","North Carolina","North Carolina","37",8.98992983813588,11.6715863295266,14.9073785773242,23.5774226922635,14.5874928541276,4.29043907474341
"13073","Columbia","Georgia","Georgia","13",23.8793966213694,31.9520159988103,34.6861490820364,38.4616088253051,14.5822122039357,4.28888594233403
"19183","Washington","Iowa","Iowa","19",11.6688547378176,16.3735946958778,19.9959658441471,26.2378167641326,14.568962026315,4.28498883126911
"27021","Cass","Minnesota","Minnesota","27",11.38846823429,16.5683724320014,19.7285453466736,25.9564629411508,14.5679947068608,4.28470432554731
"42077","Lehigh","Pennsylvania","Pennsylvania","42",19.6283407901748,23.3259545087112,27.4331013278373,34.1786184172673,14.5502776270925,4.27949341973309
"04013","Maricopa","Arizona","Arizona","04",22.1300792161534,25.8858970179077,29.4721180367723,36.6802937804483,14.5502145642948,4.27947487185143
"51161","Roanoke","Virginia","Virginia","51",22.6005468920613,28.2276435600117,32.5949633004809,37.14697447055,14.5464275784887,4.27836105249669
"06113","Yolo","California","California","06",30.2625120363173,34.1385095207764,37.9856745337524,44.8074812511432,14.544969214826,4.27793212200763
"48053","Burnet","Texas","Texas","48",13.996179555442,17.4421981377773,22.0308555053941,28.5398637451666,14.5436841897247,4.27755417344843
"35043","Sandoval","New Mexico","New Mexico","35",19.2105323230994,25.0733087327605,28.1328378313473,33.7531718569781,14.5426395338787,4.27724692172902
"51041","Chesterfield","Virginia","Virginia","51",29.244039509688,32.635883666374,36.3932052404922,43.7862021351702,14.5421626254822,4.2771066545536
"51530","Buena Vista city","Virginia","Virginia","51",8.7576401373848,10.5047408513291,15.2809803954859,23.2997790326541,14.5421388952693,4.27709967507919
"48235","Irion","Texas","Texas","48",13.7864077669903,21.5283483976993,10.1541251133273,28.3185840707965,14.5321763038062,4.27416950111946
"18029","Dearborn","Indiana","Indiana","18",10.745844368235,15.4213946786388,17.8372120636428,25.2676957307746,14.5218513625396,4.27113275368812
"49001","Beaver","Utah","Utah","49",8.97107286708166,12.0569436374201,14.6520146520147,23.4801762114537,14.5091033443721,4.26738333658003
"36077","Otsego","New York","New York","36",19.8959057286185,22.0254413291709,26.5210535139731,34.3866975630873,14.4907918344688,4.26199759837318
"21017","Bourbon","Kentucky","Kentucky","21",11.7661368796627,13.461390703035,15.9725266695894,26.2568621785611,14.4907252988984,4.26197802908778
"55113","Sawyer","Wisconsin","Wisconsin","55",12.9375000692206,16.4594904346805,21.3008937440683,27.4254514909702,14.4879514217496,4.26116218286752
"55111","Sauk","Wisconsin","Wisconsin","55",12.8612383431568,17.601700226153,20.5381439429927,27.3479653474924,14.4867270043356,4.26080206009872
"26031","Cheboygan","Michigan","Michigan","26",9.95284014922222,13.9478504471501,16.5554628857381,24.4379228014325,14.4850826522103,4.26031842712069
"21113","Jessamine","Kentucky","Kentucky","21",19.0595181669267,21.5244168830242,27.4370208105148,33.5323952879581,14.4728771210314,4.25672856500923
"30091","Sheridan","Montana","Montana","30",11.6985719191417,18.3896235222336,22.2932480295712,26.1714285714286,14.4728566522868,4.25672254479025
"53007","Chelan","Washington","Washington","53",16.7040811906592,21.9071296238475,24.1206895855765,31.1754379679719,14.4713567773127,4.25628140509197
"21179","Nelson","Kentucky","Kentucky","21",9.34519972142277,13.3696217003447,15.0029492384026,23.8125588029986,14.4673590815758,4.25510561222818
"31137","Phelps","Nebraska","Nebraska","31",15.451441945591,20.3960392772128,21.1048158640227,29.9131289952467,14.4616870496557,4.25343736754578
"17129","Menard","Illinois","Illinois","17",13.8297237823162,20.4756066557127,21.0134296354813,28.2913815102656,14.4616577279495,4.25342874351455
"10003","New Castle","Delaware","Delaware","10",25.2230334383136,29.4862488980771,33.5093401074257,39.6826342400572,14.4596008017435,4.25282376521869
"51191","Washington","Virginia","Virginia","51",12.2244652990973,16.090470108432,21.7195929583833,26.6732894573451,14.4488241582478,4.24965416419054
"27077","Lake of the Woods","Minnesota","Minnesota","27",10.9787867510234,17.2107765451664,14.8049349783261,25.4243158988569,14.4455291478335,4.24868504348044
"26101","Manistee","Michigan","Michigan","26",10.4775845411562,14.1555996302393,17.709300931592,24.9217025209221,14.4441179797659,4.24826999404879
"55078","Menominee","Wisconsin","Wisconsin","55",3.69406867845994,12.9220508545227,11.5354017501989,18.1363111282249,14.4422424497649,4.24771836757792
"51157","Rappahannock","Virginia","Virginia","51",18.8810659116571,22.8449053599541,33.9978442569004,33.3216966311747,14.4406307195176,4.24724432926988
"28121","Rankin","Mississippi","Mississippi","28",19.0373086561975,23.7751335000432,28.2222292463466,33.475518282213,14.4382096260155,4.24653224294573
"05119","Pulaski","Arkansas","Arkansas","05",23.5000148441033,28.114976418686,31.5621328846783,37.9315552379654,14.4315403938621,4.2445707040771
"36025","Delaware","New York","New York","36",13.170117512661,16.6314677620031,18.8375620928642,27.5913991447329,14.4212816320719,4.24155342119762
"29157","Perry","Missouri","Missouri","29",6.4421757449001,9.90301326599104,13.7586532410321,20.8522555252801,14.41007978038,4.23825875893528
"29071","Franklin","Missouri","Missouri","29",9.28892398909707,12.7688729839142,17.2828612606823,23.6915781436284,14.4026541545313,4.23607475133273
"51165","Rockingham","Virginia","Virginia","51",14.6257948335649,17.6403159478781,23.3020573006624,29.0264402627012,14.4006454291363,4.23548394974597
"36063","Niagara","New York","New York","36",13.5576606989223,17.4186081946417,21.4474662309222,27.9564036273442,14.3987429284219,4.23492439071231
"51770","Roanoke city","Virginia","Virginia","51",15.6434035659456,18.7276045474151,22.9128348186441,30.0347449372701,14.3913413713245,4.23274746215427
"37067","Forsyth","North Carolina","North Carolina","37",24.0984260279015,28.6758802609531,31.6240309888438,38.48008640886,14.3816603809585,4.22990011204661
"19159","Ringgold","Iowa","Iowa","19",10.2604166666667,13.4355990478709,19.3201133144476,24.6363354998452,14.3759188331786,4.22821142152311
"48193","Hamilton","Texas","Texas","48",12.4164059764413,16.79902978385,18.517919093965,26.7842007119851,14.3677947355438,4.22582198104229
"08023","Costilla","Colorado","Colorado","08",10.4882266487461,12.7706308777246,15.5264154784671,24.8546511627907,14.3664245140446,4.225418974719
"21001","Adair","Kentucky","Kentucky","21",7.39499825145549,10.9407031601275,15.0501131587456,21.7594759007955,14.36447764934,4.22484636745295
"48007","Aransas","Texas","Texas","48",14.4568360181838,16.6772634791863,23.1463571888864,28.8109442501543,14.3541082319705,4.22179653881486
"48269","King","Texas","Texas","48",24.537037037037,24.5614035087719,23.469387755102,38.8888888888889,14.3518518518518,4.22113289760348
"12045","Gulf","Florida","Florida","12",9.16111174156844,10.139603232917,13.7838065548909,23.5092700851846,14.3481583436161,4.2200465716518
"27083","Lyon","Minnesota","Minnesota","27",16.8010843781769,21.4262455226311,26.0562069607296,31.1466472833,14.3455629051231,4.21928320738916
"20007","Barber","Kansas","Kansas","20",12.9129129129129,21.0367526055952,19.8673587081892,27.2530641672675,14.3401512543546,4.2176915453984
"47009","Blount","Tennessee","Tennessee","47",14.2973703095009,17.9494962302036,20.9583764850995,28.6327612242279,14.335390914727,4.21629144550795
"51099","King George","Virginia","Virginia","51",20.3942297051078,23.6143379095863,30.5814364135349,34.7053171044202,14.3110873993124,4.20914335273895
"23007","Franklin","Maine","Maine","23",17.6971139468403,20.876421207473,22.6966918817487,32.0065729413913,14.3094589945509,4.20866441016204
"27017","Carlton","Minnesota","Minnesota","27",12.2020984474148,14.8979183671135,21.8678183449445,26.4927380311996,14.2906395837848,4.20312928934846
"18141","St. Joseph","Indiana","Indiana","18",19.2232733111892,23.6288088642955,26.4832430850285,33.5136586648466,14.2903853536574,4.20305451578159
"31109","Lancaster","Nebraska","Nebraska","31",27.5935658367945,32.5656147946998,35.8867310086822,41.8690607036212,14.2754948668267,4.19867496083139
"04021","Pinal","Arizona","Arizona","04",8.1928719769176,11.9032745179678,18.3305280715303,22.4674245526145,14.2745525756969,4.19839781638143
"08017","Cheyenne","Colorado","Colorado","08",11.8587569270776,14.1858870471124,18.6314363143631,26.1282660332542,14.2695091061766,4.19691444299311
"48317","Martin","Texas","Texas","48",6.67137310271797,11.7773788150808,10.7494065785012,20.9371293001186,14.2657561974007,4.19581064629431
"17111","McHenry","Illinois","Illinois","17",20.9702325487787,27.7416197511528,32.4686280015299,35.2296318215655,14.2593992727867,4.19394096258433
"17167","Sangamon","Illinois","Illinois","17",22.3586527158012,28.5515587673405,31.6360333802324,36.6132656123069,14.2546128965057,4.19253320485462
"37081","Guilford","North Carolina","North Carolina","37",24.7773710432207,30.2886050801775,33.0154277417217,39.0281639732401,14.2507929300194,4.19140968529981
"26099","Macomb","Michigan","Michigan","26",13.4703310803375,17.5710966669829,22.1977473795644,27.7210044146078,14.2506733342702,4.19137451007949
"35017","Grant","New Mexico","New Mexico","35",16.4178048867229,20.5405108114722,24.1743590614445,30.6604461291733,14.2426412424505,4.18901213013249
"13247","Rockdale","Georgia","Georgia","13",18.1209909631126,23.3535102968348,25.0352906669246,32.3543174444722,14.2333264813596,4.18627249451752
"48059","Callahan","Texas","Texas","48",9.76355114835038,12.3007023561342,17.3343277221394,23.9968057496506,14.2332546013003,4.1862513533236
"44003","Kent","Rhode Island","Rhode Island","44",20.4551534417736,24.7781827464227,29.4693849910429,34.6761091115447,14.2209556697711,4.18263402052092
"46063","Harding","South Dakota","South Dakota","46",16.173553811013,17.7646908826869,32.9254463234837,30.3921568627451,14.2186030517321,4.18194207403884
"20105","Lincoln","Kansas","Kansas","20",11.6420258716245,17.425431711146,19.2291220556745,25.8587786259542,14.2167527543297,4.18139786892051
"38055","McLean","North Dakota","North Dakota","38",11.9268853824157,15.1208558804135,17.4086172478273,26.1423428413182,14.2154574589024,4.18101689967719
"06087","Santa Cruz","California","California","06",29.7227965547752,34.1820253456272,37.5278258353771,43.9360994505402,14.213302895765,4.18038320463678
"18129","Posey","Indiana","Indiana","18",11.0398066168412,14.7643542131874,19.5634609462932,25.2458469914995,14.2060403746583,4.17824716901716
"26021","Berrien","Michigan","Michigan","26",16.7390349807827,19.6175836536346,24.185532854873,30.9425453066807,14.203510325898,4.17750303702883
"50005","Caledonia","Vermont","Vermont","50",19.0388315152979,22.4584537655478,26.9061249789181,33.2422994269341,14.2034679116362,4.17749056224595
"40033","Cotton","Oklahoma","Oklahoma","40",8.9068519652935,14.0216173048698,13.8486995695904,23.101433882103,14.1945819168095,4.17487703435574
"27149","Stevens","Minnesota","Minnesota","27",16.9574803631146,20.6390338201503,26.5814151747656,31.1503223617238,14.1928419986091,4.17436529370857
"13249","Schley","Georgia","Georgia","13",8.00925925925926,13.7478849407783,13.4366925064599,22.1863914866172,14.177132227358,4.16974477275234
"12001","Alachua","Florida","Florida","12",34.6176679568845,38.699347539786,41.211089059957,48.7615868208517,14.1439188639672,4.15997613646094
"26077","Kalamazoo","Michigan","Michigan","26",27.1264555749534,31.1658988920751,33.7209077615805,41.2703444728232,14.1438888978698,4.15996732290287
"42037","Columbia","Pennsylvania","Pennsylvania","42",12.4807597323039,15.7641686217823,19.9552753067739,26.6206175728795,14.1398578405756,4.15878171781636
"19191","Winneshiek","Iowa","Iowa","19",17.1013322567622,20.4835199004975,26.5573525007487,31.2305411415864,14.1292088848241,4.1556496720071
"26015","Barry","Michigan","Michigan","26",10.7989464442493,14.7366153183238,17.3433745386083,24.9272011914553,14.128254747206,4.15536904329587
"46033","Custer","South Dakota","South Dakota","46",17.4721623908034,24.4362203502318,28.3112945149588,31.5990714188174,14.126909028014,4.15497324353353
"39017","Butler","Ohio","Ohio","39",18.7227575424004,23.4824099042351,26.7768200662113,32.8485258913947,14.1257683489944,4.15463774970422
"37001","Alamance","North Carolina","North Carolina","37",14.5980758236482,19.1945799414779,21.7646722827246,28.7151043319912,14.117028508343,4.15206720833619
"27157","Wabasha","Minnesota","Minnesota","27",12.4318393152802,16.9500299964678,19.1337589621125,26.5341566962563,14.1023173809761,4.14774040616943
"39085","Lake","Ohio","Ohio","39",17.4705654217958,21.5428632680121,24.7800894467691,31.5684605106011,14.0978950888053,4.14643973200155
"41029","Jackson","Oregon","Oregon","41",17.6171038318392,22.2788972541164,24.3655419799414,31.7065005114852,14.0893966796459,4.14394019989586
"42049","Erie","Pennsylvania","Pennsylvania","42",16.2164088656437,20.8710081662948,24.1974089130352,30.3021198285251,14.0857109628814,4.14285616555336
"31131","Otoe","Nebraska","Nebraska","31",13.1401965856182,18.1046948809409,21.2443376167144,27.2172351885099,14.0770386028917,4.14030547143873
"38013","Burke","North Dakota","North Dakota","38",8.71386154758235,11.973952739262,15.45636242505,22.7702702702703,14.0564087226879,4.13423785961409
"38015","Burleigh","North Dakota","North Dakota","38",25.0620247679185,28.6987929457999,33.0260521042084,39.1150807080531,14.0530559401346,4.13325174709841
"29161","Phelps","Missouri","Missouri","29",18.3010823222237,21.0500709508012,26.3934666374565,32.3517038283551,14.0506215061314,4.13253573709748
"12035","Flagler","Florida","Florida","12",17.2714959600526,21.2114149575306,23.5224352638861,31.3126695315595,14.0411735715069,4.12975693279615
"31075","Grant","Nebraska","Nebraska","31",14.5956625036888,24.7463197175963,18.2926829268293,28.6363636363636,14.0407011326748,4.12961798019847
"46085","Lyman","South Dakota","South Dakota","46",10.5214582371943,15.8703071672355,21.5576592082616,24.5458386142797,14.0243803770854,4.12481775796629
"51063","Floyd","Virginia","Virginia","51",10.3522328712446,12.5197994367936,18.222142290859,24.3706114060627,14.0183785348181,4.12305251024061
"32003","Clark","Nevada","Nevada","32",13.8120836531526,17.3348578306364,22.1025020835636,27.8096807217352,13.9975970685827,4.11694031428903
"47167","Tipton","Tennessee","Tennessee","47",6.69521902485538,10.8110940548384,14.4779772643355,20.6908840369675,13.9956650121121,4.11637206238592
"29095","Jackson","Missouri","Missouri","29",19.9612257282721,23.4456024367234,27.2535703588997,33.9567929853672,13.9955672570951,4.11634331091033
"13207","Monroe","Georgia","Georgia","13",12.9654003334572,17.134095458929,18.7128662170796,26.9602369277079,13.9948365942507,4.11612841007373
"22075","Plaquemines Parish","Louisiana","Louisiana","22",7.52955400322407,10.7915856031128,16.232059834243,21.5100736780335,13.9805196748094,4.11191755141454
"16055","Kootenai","Idaho","Idaho","16",15.9782917254795,19.0782512201627,23.7946686770267,29.9521314747248,13.9738397492453,4.10995286742508
"06097","Sonoma","California","California","06",24.524457718757,28.5398796503337,32.0569267413385,38.486611158261,13.962153439504,4.10651571750118
"48051","Burleson","Texas","Texas","48",9.5065221380959,13.2103445621872,11.4029907586227,23.4678073604248,13.9612852223289,4.1062603595085
"51009","Amherst","Virginia","Virginia","51",10.7441984529208,13.0653266331658,16.6838126761193,24.6942783183076,13.9500798653868,4.10296466629024
"44007","Providence","Rhode Island","Rhode Island","44",18.3147220533564,21.2674187536624,25.934381842667,32.2630470799392,13.9483250265828,4.10244853723024
"12005","Bay","Florida","Florida","12",15.6971657097564,17.6764773529809,21.2760065081178,29.6412748320709,13.9441091223144,4.1012085653866
"42013","Blair","Pennsylvania","Pennsylvania","42",10.4726796289877,13.8831319235489,17.9482247948085,24.415228262623,13.9425486336353,4.10074959812804
"29031","Cape Girardeau","Missouri","Missouri","29",19.1608087679803,24.2058039160886,27.2979846535273,33.0934451162963,13.932636348316,4.09783422009294
"26163","Wayne","Michigan","Michigan","26",13.6507779693454,17.2212919977717,20.8167332627848,27.5826171426582,13.9318391733128,4.0975997568567
"53057","Skagit","Washington","Washington","53",16.2755769467453,20.7649467793076,23.6004273895664,30.1994061142754,13.9238291675301,4.09524387280298
"42027","Centre","Pennsylvania","Pennsylvania","42",32.3089449171507,36.2769024827969,39.9202374033607,46.2225267700993,13.9135818529486,4.09222995674959
"13229","Pierce","Georgia","Georgia","13",6.30512768648361,10.0641101173184,10.1223491027732,20.2169769828471,13.9118492963635,4.09172038128338
"31001","Adams","Nebraska","Nebraska","31",15.6390427421883,19.8647421015444,21.1654453915558,29.5504898823298,13.9114471401415,4.0916021000416
"15003","Honolulu","Hawaii","Hawaii","15",24.5548843382344,27.870096103711,31.4850384852648,38.4630812668344,13.9081969286,4.09064615547058
"34039","Union","New Jersey","New Jersey","34",24.9540151588351,28.4791935862945,31.6206581776605,38.8605338842306,13.9065187253955,4.09015256629279
"13173","Lanier","Georgia","Georgia","13",5.37219201226912,8.78104908488665,12.8135916163862,19.2767570720327,13.9045650597635,4.08957795875398
"38023","Divide","North Dakota","North Dakota","38",12.827849308536,13.268236645606,20.9009009009009,26.7320662170448,13.9042169085088,4.0894755613261
"38039","Griggs","North Dakota","North Dakota","38",12.1225425536984,15.7049755410703,15.5865041809671,26.0084286574353,13.8858861037369,4.08408414815791
"46099","Minnehaha","South Dakota","South Dakota","46",21.2738721731997,25.9743040685348,28.6667208246455,35.1576133367987,13.883741163599,4.08345328341147
"13215","Muscogee","Georgia","Georgia","13",16.6070084622868,20.3253101845763,22.1033089439773,30.4818910268311,13.8748825645443,4.08084781310126
"21097","Harrison","Kentucky","Kentucky","21",8.59922668676856,10.6199648873036,13.9759222102176,22.4692099729649,13.8699832861963,4.07940684888126
"17049","Effingham","Illinois","Illinois","17",13.0102143056328,15.1421281794556,19.3118785405161,26.8800067105649,13.8697924049321,4.07935070733298
"22125","West Feliciana Parish","Louisiana","Louisiana","22",7.76067634944721,10.5777281607591,18.7026474844641,21.6213839796008,13.8607076301536,4.07667871475106
"23011","Kennebec","Maine","Maine","23",18.068862194292,20.6673409392268,24.1633783799513,31.9242619583506,13.8553997640586,4.0751175776643
"55085","Oneida","Wisconsin","Wisconsin","55",14.9005100989401,19.9620796082019,21.5100049551543,28.7458679079808,13.8453578090407,4.07216406148256
"30007","Broadwater","Montana","Montana","30",13.4623075915126,15.0259215817592,15.4685263228014,27.3012552301255,13.8389476386129,4.07027871723909
"19131","Mitchell","Iowa","Iowa","19",11.0522742701969,12.8415300546448,14.7814391392065,24.887001780578,13.8347275103811,4.06903750305327
"15007","Kauai","Hawaii","Hawaii","15",16.2505674080799,19.4252932702202,24.9078473568704,30.0852139713456,13.8346465632657,4.06901369507816
"46015","Brule","South Dakota","South Dakota","46",14.8745519713262,20.6466923761495,21.4324917672887,28.7078651685393,13.8333131972132,4.06862152859211
"33019","Sullivan","New Hampshire","New Hampshire","33",16.4769749999883,19.720623095925,25.6644119901965,30.3066928539054,13.8297178539171,4.06756407468151
"27049","Goodhue","Minnesota","Minnesota","27",14.1109736989611,19.0683906574797,22.5075034551679,27.9381503909695,13.8271766920084,4.06681667412012
"48207","Haskell","Texas","Texas","48",8.98002103049422,14.4413537320352,14.8255813953488,22.8070175438597,13.8269965133654,4.0667636804016
"12091","Okaloosa","Florida","Florida","12",20.9992742944786,24.237518789547,27.2156926319202,34.8185260003478,13.8192517058692,4.06448579584389
"12009","Brevard","Florida","Florida","12",20.3983470457266,23.5534397276215,26.1762463790212,34.2123466788143,13.8139996330877,4.06294106855521
"48285","Lavaca","Texas","Texas","48",8.41800596437708,11.4045782201498,15.303197353914,22.2260966594602,13.8080906950831,4.06120314561269
"29171","Putnam","Missouri","Missouri","29",8.74545962559374,11.1537407508907,14.3181173802098,22.5528116631955,13.8073520376017,4.06098589341228
"35049","Santa Fe","New Mexico","New Mexico","35",32.2690189055889,36.9216752467113,39.312855392833,46.067631078964,13.7986121733752,4.05841534511034
"46043","Douglas","South Dakota","South Dakota","46",11.1524545021258,14.4939965694683,15.9133709981168,24.9476987447699,13.795244242644,4.05742477724824
"17001","Adams","Illinois","Illinois","17",13.6726593219108,17.6226299326606,21.0195426348399,27.4631307746979,13.7904714527871,4.05602101552563
"29029","Camden","Missouri","Missouri","29",12.4315887839175,17.7343158939149,20.7889947873292,26.2219051016768,13.7903163177593,4.05597538757627
"21003","Allen","Kentucky","Kentucky","21",4.62802214709422,9.10275576013984,11.0209248641001,18.4174993248717,13.7894771777775,4.05572858169927
"31175","Valley","Nebraska","Nebraska","31",11.5634755181887,16.377474543048,19.2048733568451,25.3255654557916,13.7620899376029,4.04767351105967
"46081","Lawrence","South Dakota","South Dakota","46",19.1706968999404,24.0215335369396,30.3202670952381,32.9317471519306,13.7610502519903,4.04736772117361
"37137","Pamlico","North Carolina","North Carolina","37",11.6415624202196,14.6699528504072,18.0962977948614,25.4023792862141,13.7608168659946,4.0472990782337
"01109","Pike","Alabama","Alabama","01",14.261961596078,18.4204016113823,22.466544214117,28.0183760904351,13.7564144943571,4.04600426304621
"30079","Prairie","Montana","Montana","30",13.1790744466801,14.7864184008762,17.6470588235294,26.9346733668342,13.7555989201541,4.04576438828061
"20097","Kiowa","Kansas","Kansas","20",14.5908907698509,18.8594521778177,21.3744903902155,28.3425754775108,13.7516847076599,4.04461314931174
"53067","Thurston","Washington","Washington","53",24.7479663072251,29.8413929633129,31.9555320893633,38.4986740372764,13.7507077300512,4.04432580295625
"51021","Bland","Virginia","Virginia","51",4.60791876678884,9.16018121551455,11.256615022523,18.3574879227053,13.7495691559165,4.04399092821073
"29209","Stone","Missouri","Missouri","29",11.0932620472672,14.2411367563399,15.1019607318536,24.8368107004125,13.7435486531453,4.04222019210156
"55061","Kewaunee","Wisconsin","Wisconsin","55",8.1707827542905,11.3977204559088,13.2914923291492,21.9104155423637,13.7396327880732,4.04106846708036
"55123","Vernon","Wisconsin","Wisconsin","55",11.2005561704759,13.9552787066835,18.7057092096844,24.9340179471184,13.7334617766424,4.03925346371837
"21215","Spencer","Kentucky","Kentucky","21",9.85652373886287,11.0556290960704,15.6436672149597,23.5879695001412,13.7314457612783,4.03866051802304
"08055","Huerfano","Colorado","Colorado","08",12.6431202301702,16.1324592202243,25.3230472516876,26.3689819919147,13.7258617617446,4.03701816521899
"42133","York","Pennsylvania","Pennsylvania","42",13.8911987176578,18.377085403974,21.6481787772629,27.6111444070505,13.7199456893927,4.03527814393903
"48251","Johnson","Texas","Texas","48",11.4989472874302,13.7772446000995,15.8379590320395,25.2161843941769,13.7172371067467,4.03448150198432
"18159","Tipton","Indiana","Indiana","18",9.82779944819713,12.4477638481373,15.6406585540444,23.5443037974684,13.7165043492712,4.03426598507977
"31027","Cedar","Nebraska","Nebraska","31",10.2539981185325,12.9510309278351,16.2018592297477,23.9669421487603,13.7129440302279,4.03321883241996
"40131","Rogers","Oklahoma","Oklahoma","40",12.9723077538983,16.9230933356647,22.9305401790335,26.6844880077226,13.7121802538243,4.03299419230126
"20143","Ottawa","Kansas","Kansas","20",14.0210959608953,16.3197729422895,20.2265754071277,27.73254379472,13.7114478338247,4.03277877465431
"19095","Iowa","Iowa","Iowa","19",11.1167022498036,15.7501059408302,21.0735410964951,24.8276456394347,13.7109433896311,4.03263040871503
"54033","Harrison","West Virginia","West Virginia","54",13.4925263100572,16.2791397937543,18.0647806199138,27.2028589266108,13.7103326165537,4.0324507695746
"16071","Oneida","Idaho","Idaho","16",12.9417620639881,15.0020056196525,12.0695904437296,26.6517714650495,13.7100094010614,4.03235570619453
"55117","Sheboygan","Wisconsin","Wisconsin","55",13.7619887006835,17.9128498813052,22.2670574948926,27.4697981722167,13.7078094715333,4.03170866809802
"54011","Cabell","West Virginia","West Virginia","54",18.8685203606543,20.9499720687765,25.1571651997999,32.5648414985591,13.6963211379048,4.0283297464426
"06037","Los Angeles","California","California","06",22.3204262345006,24.8575498063513,29.4478715940031,36.0125866517711,13.6921604172705,4.02710600507955
"27121","Pope","Minnesota","Minnesota","27",10.2134145772991,14.7039782628143,19.1170931715695,23.8917743688851,13.678359791586,4.02304699752531
"27103","Nicollet","Minnesota","Minnesota","27",22.3952737796152,29.2922138760136,33.0959179311706,36.0639584359744,13.6686846563591,4.02020136951739
"46117","Stanley","South Dakota","South Dakota","46",14.572192513369,22.1064179923204,26.7168391345249,28.2401091405184,13.6679166271494,4.01997547857336
"06013","Contra Costa","California","California","06",31.5776365769864,35.0140383599166,38.6503955194494,45.2310353953675,13.6533988183812,4.01570553481799
"19059","Dickinson","Iowa","Iowa","19",17.5306763055265,21.3469735720375,27.0930878501706,31.1834319526627,13.6527556471362,4.01551636680477
"06049","Modoc","California","California","06",11.1680556560392,12.3607389570567,19.3758647707993,24.8168355416991,13.6487798856599,4.01434702519409
"12111","St. Lucie","Florida","Florida","12",13.0144958246941,15.02524295893,19.035560696507,26.6608193324966,13.6463235078025,4.01362456111837
"02063","Chugach Census Area","Alaska","Alaska","02",17.7636866442315,21.3316585726647,22.4466680626445,31.4071918520058,13.6435052077743,4.01279564934538
"20025","Clark","Kansas","Kansas","20",17.472335468841,22.0731707317073,23.5910878112713,31.0880829015544,13.6157474327134,4.00463159785688
"32029","Storey","Nevada","Nevada","32",17.6239382934693,17.9489334183964,18.8505195865258,31.2368341859765,13.6128958925072,4.00379290956095
"16037","Custer","Idaho","Idaho","16",15.6485210015581,17.3970710566728,25.9018995331745,29.2550299075585,13.6065089060003,4.00191438411775
"45007","Anderson","South Carolina","South Carolina","45",12.8808572413321,15.9473600625165,18.4678203449914,26.4846096613299,13.6037524199978,4.00110365294052
"12015","Charlotte","Florida","Florida","12",13.4468989164551,17.5771890618515,21.099119833297,27.0457788737692,13.5988799573141,3.99967057568062
"28073","Lamar","Mississippi","Mississippi","28",20.9050985717757,26.8487430571749,31.9115095757971,34.4998080960874,13.5947095243117,3.99844397773873
"01067","Henry","Alabama","Alabama","01",8.22593636729762,14.0877176985502,15.7520072841652,21.818888457054,13.5929520897564,3.99792708522247
"48087","Collingsworth","Texas","Texas","48",12.0016880513626,15.2846211970021,20.2463054187192,25.5907780979827,13.5890900466202,3.9967911901824
"51033","Caroline","Virginia","Virginia","51",8.26192145969388,12.0796738929315,16.711525305755,21.8480366261666,13.5861151664727,3.99591622543315
"19197","Wright","Iowa","Iowa","19",11.3032049337782,13.5094110503947,15.0287138368187,24.8832866479925,13.5800817142143,3.99414168065128
"31169","Thayer","Nebraska","Nebraska","31",10.2437981180496,15.0430132527319,16.5748754261736,23.8204833141542,13.5766851961046,3.99314270473664
"12127","Volusia","Florida","Florida","12",14.793616896225,17.6408236496507,20.9998040148949,28.3648567750167,13.5712398787917,3.99154114082109
"53049","Pacific","Washington","Washington","53",11.3099829615817,15.1979422134731,16.6703864766214,24.8776169149047,13.567633953323,3.99048057450676
"28081","Lee","Mississippi","Mississippi","28",15.0484365419156,18.1410451695725,21.4264525936309,28.6129201017444,13.5644835598288,3.98955398818495
"51037","Charlotte","Virginia","Virginia","51",6.48076280334901,10.2917216123341,14.6243240133471,20.0442151805453,13.5634523771963,3.98925069917539
"27045","Fillmore","Minnesota","Minnesota","27",10.5375709755918,15.0821762538963,18.4653774173425,24.0911557243625,13.5535847487707,3.98634845552079
"55031","Douglas","Wisconsin","Wisconsin","55",14.8447893569263,18.2877883641523,21.762893769184,28.3938308147687,13.5490414578424,3.98501219348306
"33013","Merrimack","New Hampshire","New Hampshire","33",25.374145119106,29.1123456073194,33.4344786831958,38.9093283219961,13.5351832028901,3.98093623614415
"04019","Pima","Arizona","Arizona","04",23.2772296814494,26.7499073513003,29.4425197461718,36.7942039070751,13.5169742256257,3.9755806545958
"31041","Custer","Nebraska","Nebraska","31",10.7579827712318,16.0976901637499,19.5649325121216,24.2616616064035,13.5036788351718,3.97167024563875
"51137","Orange","Virginia","Virginia","51",16.0484186396912,18.4915367384782,22.4260534593288,29.5502420636387,13.5018234239475,3.97112453645515
"46103","Pennington","South Dakota","South Dakota","46",21.151244311264,24.9806428377745,27.8075187067092,34.6366598469349,13.485415535671,3.96629868696205
"47157","Shelby","Tennessee","Tennessee","47",20.798975309454,25.2664607135901,28.738282476113,34.2817785867301,13.4828032772762,3.96553037566946
"32031","Washoe","Nevada","Nevada","32",20.7421910182245,23.7193087491466,26.8386580881862,34.2204943894521,13.4783033712276,3.96420687389046
"31073","Gosper","Nebraska","Nebraska","31",13.899049012436,17.6005273566249,16.6309778729479,27.369826435247,13.470777422811,3.9619933596503
"46065","Hughes","South Dakota","South Dakota","46",25.5863972050513,31.9727236758836,34.3982411191309,39.0477738056549,13.4613766006036,3.95922841194223
"56033","Sheridan","Wyoming","Wyoming","56",17.6391550446517,22.3915454934301,25.3070638983568,31.0985743024578,13.4594192578061,3.95865272288414
"55017","Chippewa","Wisconsin","Wisconsin","55",10.7757181471906,14.6655427572707,18.2367011304398,24.2336924747348,13.4579743275442,3.95822774339535
"17065","Hamilton","Illinois","Illinois","17",7.57808438296583,10.535290712418,14.5706576879037,21.0217159131363,13.4436315301705,3.95400927357956
"16017","Bonner","Idaho","Idaho","16",15.1619748174422,16.8790328419596,21.5170735478541,28.602358096828,13.4403832793858,3.95305390570172
"55013","Burnett","Wisconsin","Wisconsin","55",8.92205638474295,13.9891776811851,17.4709103353867,22.3567212134798,13.4346648287368,3.95137200845201
"20037","Crawford","Kansas","Kansas","20",18.7270880261473,23.8982688608677,26.3388162046191,32.1599657827203,13.432877756573,3.95084639899206
"55055","Jefferson","Wisconsin","Wisconsin","55",15.1211635991778,17.3696823715219,22.8514489697687,28.5469630713466,13.4257994721689,3.9487645506379
"31173","Thurston","Nebraska","Nebraska","31",8.76393110007555,11.9909274934834,14.8464619492657,22.1797323135755,13.4158012135,3.94582388632352
"53053","Pierce","Washington","Washington","53",17.492542253125,20.593308220506,23.6434991275106,30.8909971994084,13.3984549462834,3.94072204302454
"22121","West Baton Rouge Parish","Louisiana","Louisiana","22",9.85828800135367,11.118627913375,16.5801167312622,23.2517927071149,13.3935047057612,3.93926608992977
"39107","Mercer","Ohio","Ohio","39",8.55340622371741,12.6532365112829,16.0796948487205,21.94370685077,13.3903006270526,3.93832371383901
"51015","Augusta","Virginia","Virginia","51",11.688689201691,15.4231502142329,19.8728534314154,25.0782831340934,13.3895939324024,3.93811586247129
"01077","Lauderdale","Alabama","Alabama","01",16.4281825958473,18.4755662716066,21.8676198378758,29.8151988289827,13.3870162331354,3.93735771562806
"17083","Jersey","Illinois","Illinois","17",9.2675992215283,12.5898223301426,15.7609294819403,22.6446612321262,13.3770620105979,3.93443000311701
"18061","Harrison","Indiana","Indiana","18",8.37185056203438,13.069073138552,14.5234187887285,21.745756104476,13.3739055424416,3.9335016301299
"54057","Mineral","West Virginia","West Virginia","54",10.3667910429096,11.6683858644556,13.6025450253989,23.737684729064,13.3708936861544,3.93261579004543
"27061","Itasca","Minnesota","Minnesota","27",12.5318339480527,17.6406656092331,20.7881234576809,25.8990422263719,13.3672082783192,3.93153184656447
"19135","Monroe","Iowa","Iowa","19",7.99341376937841,12.5925851104247,17.3692780893794,21.3532681617788,13.3598543924004,3.92936893894129
"48379","Rains","Texas","Texas","48",7.52144270947878,11.4639568116863,11.9826264690853,20.8786610878661,13.3572183783873,3.92859364070216
"49017","Garfield","Utah","Utah","49",14.9674620390456,20.254506892895,21.242774566474,28.324154209284,13.3566921702385,3.92843887359955
"20095","Kingman","Kansas","Kansas","20",11.9386834986474,17.8171802375624,20,25.2832438878951,13.3445603892476,3.92487070271989
"55091","Pepin","Wisconsin","Wisconsin","55",9.63303476735254,13.3107988700476,17.4112256586483,22.972972972973,13.3399382056204,3.92351123694719
"05031","Craighead","Arkansas","Arkansas","05",16.3665088814582,20.9443398576651,23.7260092653872,29.6893091470475,13.3228002655893,3.91847066634979
"18097","Marion","Indiana","Indiana","18",21.4385039183727,25.3948350284466,27.5738125802116,34.7584413067163,13.3199373883436,3.91762864363046
"20039","Decatur","Kansas","Kansas","20",13.642813300664,15.4094392900363,21.4347079037801,26.9610145608267,13.3182012601626,3.91711801769489
"47023","Chester","Tennessee","Tennessee","47",8.73133261959413,11.2214091026869,15.4668898809983,22.0384250883088,13.3070924687147,3.91385072609254
"30069","Petroleum","Montana","Montana","30",17.5072771941883,17.4174066856049,15.5172322790032,30.812324929972,13.3050477357837,3.91324933405403
"08085","Montrose","Colorado","Colorado","08",15.4310715591238,18.6563444960009,23.0842472757002,28.7109497276654,13.2798781685416,3.9058465201593
"20069","Gray","Kansas","Kansas","20",12.6454378444581,16.3178733031674,20.3982777179763,25.9217877094972,13.2763498650392,3.90480878383504
"46057","Hamlin","South Dakota","South Dakota","46",11.2002468373959,12.8029654975763,17.3249795695996,24.4709712425393,13.2707244051435,3.9031542368069
"40109","Oklahoma","Oklahoma","Oklahoma","40",22.6001709262709,25.3736053095264,29.3338068793448,35.8567531862722,13.2565822600013,3.89899478235333
"12113","Santa Rosa","Florida","Florida","12",18.7327944970864,22.8756748459816,25.8042430087313,31.9703448619343,13.2375503648479,3.89339716613172
"19005","Allamakee","Iowa","Iowa","19",8.92759934676102,14.4480193042429,13.7834598481822,22.1556886227545,13.2280892759935,3.89061449293925
"51187","Warren","Virginia","Virginia","51",11.760599487,15.0295574379802,20.7105940323727,24.9820947443812,13.2214952573811,3.88867507570034
"38001","Adams","North Dakota","North Dakota","38",11.1926828744081,16.5517141687725,21.3197969543147,24.4031830238727,13.2105001494646,3.88544122043075
"19113","Linn","Iowa","Iowa","19",21.5340685389018,27.7296339472594,30.8594466907702,34.7417065522363,13.2076380133345,3.88459941568663
"54003","Berkeley","West Virginia","West Virginia","54",11.9053254437528,15.092230296236,19.3925566804684,25.1055367934589,13.2002113497061,3.88241510285474
"27079","Le Sueur","Minnesota","Minnesota","27",13.134631288317,16.8737432347219,21.921014405426,26.3313028099823,13.1966715216653,3.88137397696039
"08073","Lincoln","Colorado","Colorado","08",12.890625,13.2415757000475,15.825,26.0755258126195,13.1849008126195,3.87791200371162
"34033","Salem","New Jersey","New Jersey","34",11.7806135969433,15.2186107168691,18.9923170498842,24.962995211145,13.1823816142017,3.8771710630005
"15009","Maui","Hawaii","Hawaii","15",17.7970899186976,22.4297975556954,25.1049022617534,30.9678069085904,13.1707169898928,3.87374029114494
"38097","Traill","North Dakota","North Dakota","38",17.6928464853673,21.7791424125659,27.8506375227687,30.857993672064,13.1651471866967,3.87210211373434
"51031","Campbell","Virginia","Virginia","51",12.9316036126265,14.5933414458971,16.463032497233,26.0964422957729,13.1648386831464,3.872011377396
"37139","Pasquotank","North Carolina","North Carolina","37",14.3910289689544,16.3839265625703,21.1062923229095,27.5510930712811,13.1600641023266,3.8706070889196
"18151","Steuben","Indiana","Indiana","18",12.4826147426982,15.5314123760038,19.7269323937459,25.6397453501436,13.1571306074454,3.86974429630746
"12129","Wakulla","Florida","Florida","12",10.1104972374979,15.7320360265597,16.5058596507742,23.2645403377111,13.1540431002131,3.86883620594504
"21029","Bullitt","Kentucky","Kentucky","21",6.31910192561483,9.20747996052004,12.4851845155588,19.4693211705563,13.1502192449415,3.86771154262985
"06023","Humboldt","California","California","06",19.9801534797565,23.0119875829744,26.3888581115518,33.1298169427395,13.149663462983,3.86754807734793
"38029","Emmons","North Dakota","North Dakota","38",9.04430911608482,12.2560108423817,14.9633629001157,22.1904372701267,13.1461281540419,3.86650828060055
"36093","Schenectady","New York","New York","36",22.9590056455741,26.331502633174,28.6420695909503,36.1026548992331,13.1436492536589,3.86577919225263
"17013","Calhoun","Illinois","Illinois","17",6.97739324588334,9.41043083900227,14.5717463848721,20.1160541586074,13.138660912724,3.86431203315412
"31157","Scotts Bluff","Nebraska","Nebraska","31",13.8755543204578,17.3237074546239,20.4272913999279,27.0109276148221,13.1353732943643,3.86334508657773
"06111","Ventura","California","California","06",23.0085524099833,26.9577467757497,31.1779914193938,36.1341919044094,13.125639494426,3.86048220424295
"46013","Brown","South Dakota","South Dakota","46",20.6828376895431,23.5986097321686,26.1154639175258,33.7975039126771,13.114666223134,3.85725477150999
"27107","Norman","Minnesota","Minnesota","27",9.72145432065129,13.1048002367666,14.0768588137009,22.8326953388876,13.1112410182363,3.85624735830481
"48011","Armstrong","Texas","Texas","48",14.0636565507032,20.5075445816187,23.6121970289289,27.1747498075443,13.1110932568411,3.85620389907091
"31045","Dawes","Nebraska","Nebraska","31",23.1221813284041,28.39776883111,36.0635260528194,36.2321635171616,13.1099821887575,3.85587711434043
"21227","Warren","Kentucky","Kentucky","21",19.2435172548255,24.6945727584498,27.5372983580065,32.3342919510758,13.0907746962503,3.85022785183834
"33001","Belknap","New Hampshire","New Hampshire","33",20.463608764949,23.2737278442836,28.3839371498222,33.5521384144736,13.0885296495245,3.84956754397781
"13201","Miller","Georgia","Georgia","13",8.24768112308849,11.2590516234525,10.5608157319738,21.3352685050798,13.0875873819913,3.84929040646804
"31129","Nuckolls","Nebraska","Nebraska","31",10.0544824170381,13.1483038968321,12.6464403724842,23.1386392811297,13.0841568640915,3.84828143061515
"42021","Cambria","Pennsylvania","Pennsylvania","42",10.8224917526352,13.7041283732692,17.9330313026308,23.9040415777576,13.0815498251224,3.84751465444776
"48009","Archer","Texas","Texas","48",12.2865608655973,15.9192457446343,19.0141781997193,25.3667770941789,13.0802162285816,3.84712242017106
"46047","Fall River","South Dakota","South Dakota","46",16.3399862011359,19.1981370447933,21.6397779229544,29.4198895027624,13.0799033016266,3.84703038283134
"51620","Franklin city","Virginia","Virginia","51",14.2334112483468,16.4043870121759,20.8278802829918,27.3117510284386,13.0783397800918,3.8465705235564
"45063","Lexington","South Carolina","South Carolina","45",20.9789619845319,24.6119783706507,27.9019000724929,34.0571191154044,13.0781571308725,3.84651680319779
"55021","Columbia","Wisconsin","Wisconsin","55",12.899330775509,16.7211931469635,20.9158162559365,25.9748263683125,13.0754955928035,3.84573399788338
"27169","Winona","Minnesota","Minnesota","27",19.6545693047788,23.2298988513761,26.191101194421,32.7242630674222,13.0696937626434,3.84402757724804
"19041","Clay","Iowa","Iowa","19",14.4812554489974,16.276086032637,18.6729452054795,27.5497729654209,13.0685175164235,3.8436816224775
"27151","Swift","Minnesota","Minnesota","27",11.1759224972059,14.0239478962826,15.8732441896215,24.2433323344321,13.0674098372262,3.8433558344783
"13197","Marion","Georgia","Georgia","13",4.60968183593145,8.92480254654475,8.3985830955375,17.6719382125782,13.0622563766467,3.84184011077844
"41057","Tillamook","Oregon","Oregon","41",13.1347097821485,17.5620339264684,20.2747510038071,26.1961494471979,13.0614396650493,3.8415999014851
"38011","Bowman","North Dakota","North Dakota","38",13.9340842720067,17.8602620087336,21.8653761548614,26.9929364278507,13.058852155844,3.84083886936588
"31039","Cuming","Nebraska","Nebraska","31",11.8236173393124,12.3316062176166,18.0788255943833,24.8800661703888,13.0564488310763,3.8401320091401
"29169","Pulaski","Missouri","Missouri","29",12.7642361038877,18.77944662377,20.1067680722231,25.8096172718351,13.0453811679474,3.83687681410218
"20071","Greeley","Kansas","Kansas","20",16.7552988311847,17.3957261266331,18.1616832779623,29.7973778307509,13.0420789995662,3.83590558810771
"51147","Prince Edward","Virginia","Virginia","51",14.2312951020397,19.1721817305413,20.6519244012549,27.2713130056005,13.0400179035608,3.83529938340023
"36071","Orange","New York","New York","36",19.5118879762083,22.5328383499466,28.6522788877785,32.5468318345358,13.0349438583275,3.83380701715515
"08121","Washington","Colorado","Colorado","08",11.8380188719054,14.3029792388051,18.0444444444444,24.869109947644,13.0310910757386,3.83267384580547
"17155","Putnam","Illinois","Illinois","17",9.8334655035686,12.0647969052224,14.4937749588912,22.8626786146767,13.0292131111081,3.83212150326708
"39099","Mahoning","Ohio","Ohio","39",13.9551340479286,17.4805386157137,20.9521939835114,26.9668459609496,13.011711913021,3.82697409206499
"47153","Sequatchie","Tennessee","Tennessee","47",7.63370095696181,10.1990303001179,12.2354633244298,20.6444207592031,13.0107198022413,3.82668229477685
"50009","Essex","Vermont","Vermont","50",8.52169491513488,10.791899633217,15.4949864109097,21.5297450424929,13.008050127358,3.82589709628178
"18089","Lake","Indiana","Indiana","18",12.802465306376,16.2165612628076,19.7158972087931,25.803572470278,13.001107163902,3.82385504820648
"21057","Cumberland","Kentucky","Kentucky","21",6.13135549195653,7.11987097019251,12.1788176310842,19.124155602143,12.9928001101865,3.82141179711367
"08029","Delta","Colorado","Colorado","08",13.6482041025969,17.5892398136019,18.5583378697151,26.639326754667,12.9911226520701,3.82091842707943
"46075","Jones","South Dakota","South Dakota","46",14.3843498273878,17.7558569667078,14.1399416909621,27.373417721519,12.9890678941312,3.82031408650917
"30061","Mineral","Montana","Montana","30",13.108801881149,12.3375016770136,13.5268363552038,26.0950854700855,12.9862835889364,3.8194951732166
"17073","Henry","Illinois","Illinois","17",11.7613426699607,15.6744367081848,19.777070289663,24.7384155455904,12.9770728756297,3.81678613989109
"19013","Black Hawk","Iowa","Iowa","19",17.3220659054326,22.9818568606807,25.5223534296426,30.2924791086351,12.9704132032025,3.81482741270662
"13295","Walker","Georgia","Georgia","13",8.37902371363913,10.1672502877293,13.8621248294679,21.3309918114803,12.9519680978411,3.80940238171798
"55139","Winnebago","Wisconsin","Wisconsin","55",18.1677158273059,22.7785746080001,25.0473022049895,31.1191992720655,12.9514834447596,3.80925983669401
"47141","Putnam","Tennessee","Tennessee","47",16.8356720089364,20.2495657843111,21.7288336293665,29.7859556890725,12.9502836801361,3.80890696474591
"42113","Sullivan","Pennsylvania","Pennsylvania","42",8.56375142393125,12.7926051476824,13.0029033596018,21.5106732348112,12.9469218108799,3.80791817967056
"51115","Mathews","Virginia","Virginia","51",15.4533636659084,19.1596881316777,25.8193091231178,28.3983849259758,12.9450212600674,3.80735919413748
"08097","Pitkin","Colorado","Colorado","08",49.8366185305249,57.1100512276983,55.3095656156959,62.7807564121142,12.9441378815892,3.80709937693801
"15001","Hawaii","Hawaii","Hawaii","15",18.4788388955078,22.1015679371996,25.606371803629,31.4224016900881,12.9435627945803,3.80693023370008
"27141","Sherburne","Minnesota","Minnesota","27",16.7461048701447,19.4060615459315,24.3558747112955,29.6683305268222,12.9222256566775,3.80065460490515
"38045","LaMoure","North Dakota","North Dakota","38",12.4147339699864,13.8610858356081,20.7142857142857,25.3360910031024,12.921357033116,3.80039912738706
"21217","Taylor","Kentucky","Kentucky","21",10.1001288806776,12.170999063331,14.0379235312403,23.0156898938625,12.9155610131849,3.79869441564261
"30057","Madison","Montana","Montana","30",19.6677265492873,25.5207290473641,31.6029755342246,32.5827078120656,12.9149812627783,3.79852390081714
"55095","Polk","Wisconsin","Wisconsin","55",11.4279337739697,15.5671848865467,19.398676699533,24.326579261025,12.8986454870553,3.79371926089861
"41003","Benton","Oregon","Oregon","41",41.3004396703758,47.3939822914119,48.6224632697007,54.1985239240401,12.8980842536644,3.79355419225423
"01115","St. Clair","Alabama","Alabama","01",8.48168959103358,11.1132907835694,14.8881645381215,21.3778334112537,12.8961438202201,3.79298347653533
"37143","Perquimans","North Carolina","North Carolina","37",8.7985317587582,12.3338155067965,17.366390389116,21.6906221730827,12.8920904143245,3.79179129833074
"38021","Dickey","North Dakota","North Dakota","38",16.0341524547124,16.5661372111982,23.4605739760379,28.9258698940998,12.8917174393875,3.79168159981985
"36045","Jefferson","New York","New York","36",13.5668870917962,16.0356693546927,20.1036102673802,26.4527624421257,12.8858753503295,3.78996333833222
"20083","Hodgeman","Kansas","Kansas","20",17.2881355932203,19.6947674418605,23.0825420014609,30.1709401709402,12.8828045777198,3.7890601699176
"31065","Furnas","Nebraska","Nebraska","31",12.0421351471308,16.1264089025935,16.8558456299659,24.9149922720247,12.8728571248939,3.7861344484982
"19085","Harrison","Iowa","Iowa","19",9.12453564597531,12.6647117775487,16.7411889220139,21.9947095130793,12.8701738671039,3.78534525503057
"41001","Baker","Oregon","Oregon","41",13.2789972986273,16.3848959766028,20.5451551423996,26.141407736208,12.8624104375807,3.7830618934061
"22015","Bossier Parish","Louisiana","Louisiana","22",15.5502756259173,18.1740556819281,23.3341706216263,28.4078077109211,12.8575320850038,3.78162708382465
"29077","Greene","Missouri","Missouri","29",20.7373477003608,24.1874553471504,27.8851744186008,33.594415204824,12.8570675044631,3.78149044248915
"02220","Sitka City and Borough","Alaska","Alaska","02",21.416515524076,29.5470756045638,34.6357615877257,34.269387755102,12.8528722310261,3.78025653853708
"18147","Spencer","Indiana","Indiana","18",9.16140378927172,12.9790230524053,15.2084476138234,22.0025241901557,12.8411204008839,3.77680011790704
"20141","Osborne","Kansas","Kansas","20",10.957324106113,15.53772070626,18.932384341637,23.7942122186495,12.8368881125365,3.77555532721661
"47043","Dickson","Tennessee","Tennessee","47",9.19206486184822,11.3349704952375,14.9150711241822,22.0257563368765,12.8336914750283,3.77461513971421
"29001","Adair","Missouri","Missouri","29",22.7102589568484,28.4695103634725,26.3471763184366,35.533389926429,12.8231309695806,3.77150910870017
"48503","Young","Texas","Texas","48",11.1672603761415,14.447615165104,15.4405948425882,23.9878865157794,12.8206261396379,3.77077239401114
"17079","Jasper","Illinois","Illinois","17",8.10544132102961,11.2327040551211,15.5033441937869,20.920111905502,12.8146705844724,3.76902076013895
"46135","Yankton","South Dakota","South Dakota","46",18.6146136437116,23.0497954577514,25.9815462933503,31.4261262913381,12.8115126476265,3.76809195518426
"22055","Lafayette Parish","Louisiana","Louisiana","22",22.468817191224,25.4724027497666,27.5083235612653,35.2597712106768,12.7909540194528,3.76204529983907
"28011","Bolivar","Mississippi","Mississippi","28",15.1995224319236,18.8186095138526,20.412196499153,27.9721007703519,12.7725783384283,3.75664068777302
"24043","Washington","Maryland","Maryland","24",11.3704707911198,14.6330128027797,18.6596803051454,24.1417831863674,12.7713123952476,3.75626835154342
"47147","Robertson","Tennessee","Tennessee","47",9.63902918439924,11.8665125358744,16.3256030321015,22.402308198753,12.7632790143537,3.75390559245697
"48191","Hall","Texas","Texas","48",8.68285504047094,10.2888800949743,14.6862483311081,21.4457831325301,12.7629280920592,3.75380238001741
"30019","Daniels","Montana","Montana","30",11.4681789540013,14.1104294478528,18.6773255813953,24.2241379310345,12.7559589770332,3.75175264030389
"55129","Washburn","Wisconsin","Wisconsin","55",12.7568032700133,15.2471550498374,19.4762267988672,25.5094869992973,12.7526837292839,3.75078933214234
"37041","Chowan","North Carolina","North Carolina","37",12.2458001768347,16.4457894187624,18.5871056241427,24.9976046756731,12.7518044988384,3.75053073495248
"36097","Schuyler","New York","New York","36",13.6363466637914,15.5349538156004,16.3747143945164,26.3836934117108,12.7473467479195,3.74921963174102
"26115","Monroe","Michigan","Michigan","26",10.5175555892242,14.3432949942461,17.5834057770229,23.2548934945308,12.7373379053066,3.74627585450195
"45017","Calhoun","South Carolina","South Carolina","45",11.7199414043151,14.1924472187434,17.5833490299491,24.451351605915,12.7314102016,3.74453241223528
"20065","Graham","Kansas","Kansas","20",14.2100977198697,17.4117647058824,21.881390593047,26.9320843091335,12.7219865892638,3.74176076154817
"39109","Miami","Ohio","Ohio","39",14.099941881932,16.292578785455,20.3203231679563,26.8198137260003,12.7198718440684,3.74113877766716
"31017","Brown","Nebraska","Nebraska","31",11.2987535182951,17.2316384180791,19.5671378091873,24.0117130307467,12.7129595124516,3.73910573895634
"39129","Pickaway","Ohio","Ohio","39",8.98909041746111,11.4243575926031,15.9328526962675,21.6994398760577,12.7103494585966,3.73833807605782
"19027","Carroll","Iowa","Iowa","19",11.2801180183609,15.9655303259213,17.6374294459635,23.9903127003348,12.7101946819738,3.73829255352172
"45079","Richland","South Carolina","South Carolina","45",28.0058613099698,32.4862523201609,36.2272142998727,40.7136291406009,12.7077678306311,3.73757877371503
"26141","Presque Isle","Michigan","Michigan","26",8.74528660527675,11.4785388219782,15.9180897963903,21.4449104079299,12.6996238026531,3.73518347136856
"51740","Portsmouth city","Virginia","Virginia","51",11.6197509500902,13.8101593781895,18.9748258897195,24.3182956252561,12.6985446751659,3.73486608093114
"20135","Ness","Kansas","Kansas","20",12.3219373219373,17.8542834267414,19.0496393720832,25.0135943447526,12.6916570228153,3.73284030082802
"53047","Okanogan","Washington","Washington","53",12.0272704517813,15.9457217595746,17.5937194618946,24.7145370222293,12.6872665704481,3.73154899130826
"19035","Cherokee","Iowa","Iowa","19",10.7692306978853,15.160349780746,19.1029514292354,23.4226655450066,12.6534348471214,3.72159848444746
"37011","Avery","North Carolina","North Carolina","37",12.3805144715364,14.508414702874,20.4230846645103,25.0295595625185,12.649045090982,3.7203073797006
"31185","York","Nebraska","Nebraska","31",13.0378753648502,16.9537653979999,23.9329918907384,25.6803614584428,12.6424860935926,3.71837826282136
"38005","Benson","North Dakota","North Dakota","38",9.22518558041785,10.9175067019986,11.1139963645806,21.8646616541353,12.6394760737175,3.71749296285809
"48327","Menard","Texas","Texas","48",11.3448056086679,17.1686746987952,18.6562296151337,23.9762219286658,12.6314163199978,3.71512244705819
"19155","Pottawattamie","Iowa","Iowa","19",11.0111592457127,15.033321353023,18.1548722405039,23.6403371838901,12.6291779381774,3.71446409946395
"30111","Yellowstone","Montana","Montana","30",21.5150463848707,26.3815829442486,28.8299668258078,34.1440646758074,12.6290182909367,3.71441714439315
"13137","Habersham","Georgia","Georgia","13",12.0272506457968,15.8201359324125,17.9243456198873,24.6487710813872,12.6215204355903,3.71221189282068
"30023","Deer Lodge","Montana","Montana","30",11.5318758106464,14.7474196340661,17.5576563890371,24.1469473133743,12.6150715027279,3.71031514786115
"42001","Adams","Pennsylvania","Pennsylvania","42",13.1508535710972,16.6602525318119,19.3425419969788,25.7611992144184,12.6103456433212,3.70892518921211
"26137","Otsego","Michigan","Michigan","26",13.7345388391944,17.3970514648118,18.8629782018727,26.3385848086189,12.6040459694245,3.70707234394838
"18003","Allen","Indiana","Indiana","18",18.987942438573,22.7006823928083,26.388607114833,31.5876535252067,12.5997110866337,3.70579737842166
"29201","Scott","Missouri","Missouri","29",9.47239529045554,10.6494148513158,15.044416877581,22.0653442240373,12.5929489335818,3.703808509877
"30107","Wheatland","Montana","Montana","30",10.5898349449052,13.4615632288464,18.9747274174669,23.1815091774303,12.5916742325251,3.70343359780149
"13127","Glynn","Georgia","Georgia","13",19.8530866640056,23.7780654374212,25.8216923045548,32.4428667244679,12.5897800604623,3.70287648837127
"37059","Davie","North Carolina","North Carolina","37",14.6957972919398,17.6119572488524,24.7707838664355,27.2816642354284,12.5858669434886,3.70172557161429
"26027","Cass","Michigan","Michigan","26",9.24280690987922,12.0690714885714,16.8528548401041,21.819355532842,12.5765486229628,3.6989848891067
"37133","Onslow","North Carolina","North Carolina","37",13.4219691754278,14.77034465148,18.3172994769249,25.9980755773268,12.576106401899,3.69885482408793
"13031","Bulloch","Georgia","Georgia","13",19.9005866284903,25.4105775922526,26.9344050207823,32.47499152255,12.5744048940597,3.6983543806058
"42011","Berks","Pennsylvania","Pennsylvania","42",15.1275812563262,18.4883685738525,22.3451790441222,27.7004042304282,12.572822974102,3.69788911003001
"01051","Elmore","Alabama","Alabama","01",12.8246516394803,16.6130966782365,21.1075532115276,25.3913988114256,12.5667471719453,3.69610210939568
"48395","Robertson","Texas","Texas","48",9.47891321978913,12.6932863574085,17.1251594097285,22.0380549682875,12.5591417484984,3.69386522014659
"47091","Johnson","Tennessee","Tennessee","47",4.98392282962678,6.89925519404155,10.5251446372942,17.5395683453237,12.555645515697,3.69283691638146
"10001","Kent","Delaware","Delaware","10",14.9918633600158,18.6360496810961,20.4556518083707,27.5374237883233,12.5455604283075,3.68987071420809
"42063","Indiana","Pennsylvania","Pennsylvania","42",14.4457334586612,16.9761571612782,21.12963818902,26.9890910428816,12.5433575842204,3.68922281888834
"04025","Yavapai","Arizona","Arizona","04",17.7111444190708,21.1269465177239,24.4215542775759,30.2540788534946,12.5429344344238,3.68909836306583
"51840","Winchester city","Virginia","Virginia","51",18.778400294793,23.7202711112987,29.5225158996333,31.3133457150438,12.5349454202507,3.68674865301492
"55065","Lafayette","Wisconsin","Wisconsin","55",10.107062174639,13.3358662613982,16.6963015647226,22.638036809816,12.5309746351769,3.68558077505203
"18127","Porter","Indiana","Indiana","18",18.5368867510335,22.5921534585746,25.2491542887438,31.0673900254919,12.5305032744583,3.68544213954656
"47053","Gibson","Tennessee","Tennessee","47",8.00487476347776,10.1340417086501,15.433384926777,20.5280795008089,12.5232047373311,3.68329551097974
"31103","Keya Paha","Nebraska","Nebraska","31",8.05577623303514,15.7118201038531,14.8580968280467,20.5776173285199,12.5218410954847,3.68289443984845
"47011","Bradley","Tennessee","Tennessee","47",11.9274895793623,15.9141766678184,17.8141579507673,24.4430466006185,12.5155570212562,3.68104618272242
"29053","Cooper","Missouri","Missouri","29",11.4601445795082,13.6842087768142,18.1531914893617,23.9748989942405,12.5147544147323,3.6808101219801
"27025","Chisago","Minnesota","Minnesota","27",11.8538503548075,15.2750994825206,18.9534659342626,24.3631389981193,12.5092886433118,3.67920254215053
"55105","Rock","Wisconsin","Wisconsin","55",13.3039216312104,16.6842378679611,19.5276213753266,25.8126346331384,12.508713001928,3.67903323586119
"30105","Valley","Montana","Montana","30",13.2323368262644,15.7343388209228,16.198785872589,25.7403613335817,12.5080245073173,3.67883073744625
"45035","Dorchester","South Carolina","South Carolina","45",17.2994301492659,21.4205718443151,24.2184697888211,29.8060878576572,12.5066577083914,3.67842873776217
"51001","Accomack","Virginia","Virginia","51",9.20852007577508,13.5475399706496,17.6396683139291,21.714756801319,12.506236725544,3.67830491927764
"13221","Oglethorpe","Georgia","Georgia","13",12.8425027735538,15.6235396434742,18.154643284177,25.3445774392456,12.5020746656918,3.67708078402699
"45081","Saluda","South Carolina","South Carolina","45",7.92638808903859,11.9392543206991,12.7544882740526,20.4259438528558,12.4995557638172,3.67633993053446
"26033","Chippewa","Michigan","Michigan","26",10.7973269864531,14.9748861114498,17.6516272190375,23.2943925233645,12.4970655369114,3.67560751085629
"26071","Iron","Michigan","Michigan","26",10.0166770898478,13.712512926577,17.6823285729859,22.5108225108225,12.4941454209747,3.67474865322785
"28045","Hancock","Mississippi","Mississippi","28",14.2710069618072,17.2607489600907,23.018156563855,26.7637407711239,12.4927338093167,3.67433347332843
"42075","Lebanon","Pennsylvania","Pennsylvania","42",11.7761991206633,15.3929735860532,19.0917232792328,24.2687477430486,12.4925486223853,3.67427900658392
"42081","Lycoming","Pennsylvania","Pennsylvania","42",12.2990072191738,15.0591895844803,18.6327407008843,24.786592234711,12.4875850155372,3.67281912221681
"41071","Yamhill","Oregon","Oregon","41",17.1038981111199,20.6229693816768,22.5217747727602,29.5864927173145,12.4825946061946,3.67135135476313
"08049","Grand","Colorado","Colorado","08",30.1968134955193,34.5467273362347,32.2994056459505,42.6791026774946,12.4822891819753,3.67126152411039
"35003","Catron","New Mexico","New Mexico","35",18.6953753609031,18.3665754871122,16.1063092707861,31.1752071187481,12.479831757845,3.67053875230736
"51047","Culpeper","Virginia","Virginia","51",14.8679556014208,15.7151173301291,22.2959977852782,27.3455125735982,12.4775569721774,3.66986969769922
"53063","Spokane","Washington","Washington","53",20.6239327094966,25.0207470494412,28.6542700152405,33.0908415051072,12.4669087956106,3.66673788106194
"05033","Crawford","Arkansas","Arkansas","05",7.57572117345413,9.70228631290299,13.3362126195289,20.0412578857732,12.4655367123191,3.66633432715268
"48065","Carson","Texas","Texas","48",13.9128352490421,15.5400696864111,22.3971797884841,26.3627101375446,12.4498748885024,3.66172790838307
"31051","Dixon","Nebraska","Nebraska","31",10.9595834366477,14.1065830721003,16.3064833005894,23.4088457389428,12.4492623022952,3.66154773596917
"06007","Butte","California","California","06",19.4756382997038,21.836002123327,23.9896623214336,31.9244311625292,12.4487928628255,3.6614096655369
"36051","Livingston","New York","New York","36",18.1067244413965,19.2485760651926,24.7175107923852,30.5536912751678,12.4469668337713,3.66087259816803
"23019","Penobscot","Maine","Maine","23",17.6983115170308,20.3193740332433,23.3901844761573,30.1438152279167,12.4455037108858,3.6604422679076
"31015","Boyd","Nebraska","Nebraska","31",9.87277355800564,12.7797403872285,15.3585926928281,22.3153084539223,12.4425348959167,3.65956908703432
"37049","Craven","North Carolina","North Carolina","37",15.097524961497,19.2681725993339,21.8242566452234,27.5206825232678,12.4231575617708,3.65386987110906
"47041","DeKalb","Tennessee","Tennessee","47",8.40221618051074,11.2721053401763,13.8143694110392,20.8215297450425,12.4193135645318,3.65273928368581
"56017","Hot Springs","Wyoming","Wyoming","56",14.2943670502726,17.923186344239,19.7635135135135,26.6993263931415,12.4049593428689,3.64851745378497
"26001","Alcona","Michigan","Michigan","26",9.01194532133264,10.9064466167494,13.1519274376417,21.4128801017459,12.4009347804132,3.64733375894507
"05013","Calhoun","Arkansas","Arkansas","05",7.40048731437738,7.29642779113363,6.82235829579923,19.7953216374269,12.3948343230495,3.64553950677927
"47183","Weakley","Tennessee","Tennessee","47",10.2912029272755,15.3414277889355,20.5601498606479,22.6857764533371,12.3945735260616,3.64546280178283
"56019","Johnson","Wyoming","Wyoming","56",17.9307002665374,22.2244529211002,27.2315653298836,30.3242906142813,12.3935903477438,3.64517363168936
"20107","Linn","Kansas","Kansas","20",10.3503866537754,12.6644504437105,15.6319126972423,22.7396475139705,12.3892608601951,3.64390025299856
"21079","Garrard","Kentucky","Kentucky","21",6.32716049382716,10.5014571399859,15.8082308018668,18.7160651549026,12.3889046610754,3.6437954885516
"54091","Taylor","West Virginia","West Virginia","54",8.1044779067869,11.2588556668659,14.4195988161789,20.487926313169,12.3834484063821,3.64219070775945
"20197","Wabaunsee","Kansas","Kansas","20",12.5716906813145,17.3264133447603,19.4576703110101,24.9535986801402,12.3819079988257,3.64173764671344
"47159","Smith","Tennessee","Tennessee","47",6.07711898558301,9.25580015305614,12.2663193380325,18.4516758414048,12.3745568558218,3.63957554582993
"56021","Laramie","Wyoming","Wyoming","56",20.6910870688957,23.4497816142318,24.1520506614502,33.064434808914,12.3733477400183,3.63921992353478
"48137","Edwards","Texas","Texas","48",13.7573964497041,17.3483779971791,23.3285917496444,26.1173184357542,12.35992198605,3.63527117236766
"17171","Scott","Illinois","Illinois","17",9.16398713826367,12.0763851533082,16.566757493188,21.523647691872,12.3596605536083,3.63519428047304
"48089","Colorado","Texas","Texas","48",10.5781754935533,14.4361270451682,16.4376840039254,22.9321753515302,12.3539998579769,3.63352936999321
"27073","Lac qui Parle","Minnesota","Minnesota","27",10.9415591227896,12.951810542783,16.8539325842697,23.2939224227339,12.3523632999443,3.63304802939538
"04023","Santa Cruz","Arizona","Arizona","04",10.8047286004152,15.1570501626759,19.2973839933195,23.1421838177533,12.3374552173381,3.6286632992171
"42055","Franklin","Pennsylvania","Pennsylvania","42",12.393140186596,14.774417868727,19.2750649790212,24.7301778444782,12.3370376578822,3.6285404876124
"30071","Phillips","Montana","Montana","30",13.0978134431591,17.0535297531738,16.4441859083368,25.4333333333333,12.3355198901742,3.62809408534537
"29227","Worth","Missouri","Missouri","29",8.74926069938065,11.3138652690368,13.860103626943,21.0830324909747,12.3337717915941,3.62757993870414
"47127","Moore","Tennessee","Tennessee","47",11.7414541644768,11.8049812370215,15.4421768707483,24.0748355263158,12.333381361839,3.62746510642324
"39095","Lucas","Ohio","Ohio","39",17.0341247313973,21.2595610271595,22.9079998436777,29.3673257308502,12.3332009994529,3.62741205866261
"53003","Asotin","Washington","Washington","53",12.3501094091904,17.9822307071004,16.3266644801574,24.6665049721077,12.3163955629173,3.62246928321098
"26045","Eaton","Michigan","Michigan","26",18.532772098617,21.7170813197303,24.9210407580087,30.8276745675849,12.2949024689679,3.61614778499057
"26043","Dickinson","Michigan","Michigan","26",13.020285524372,16.6631512534132,18.9497186391187,25.3130730940529,12.2927875696809,3.61552575578851
"26143","Roscommon","Michigan","Michigan","26",7.93210959498269,10.8927628841709,14.5007054397241,20.2183793950159,12.2862698000332,3.61360876471566
"16059","Lemhi","Idaho","Idaho","16",11.7927652045401,17.8671402538197,20.0803025368927,24.075582342401,12.2828171378609,3.61259327584146
"48063","Camp","Texas","Texas","48",9.96484792908452,12.1621621621622,15.3808534050617,22.2475687357426,12.2827208066581,3.61256494313473
"31049","Deuel","Nebraska","Nebraska","31",12.9158512720157,17.4257425742574,17.3184357541899,25.1808972503618,12.2650459783461,3.60736646421945
"20027","Clay","Kansas","Kansas","20",13.2509069361486,16.4620022372225,20.0033681197615,25.5139694254085,12.26306248926,3.60678308507646
"40123","Pontotoc","Oklahoma","Oklahoma","40",18.0240138631244,21.8245021169864,26.5204387152456,30.2847863112449,12.2607724481205,3.60610954356486
"42079","Luzerne","Pennsylvania","Pennsylvania","42",13.0538067761769,16.3605946476745,20.4627136447172,25.3130264438224,12.2592196676456,3.60565284342517
"28059","Jackson","Mississippi","Mississippi","28",14.4004939703872,16.4541343539524,19.1846732569329,26.6563332141012,12.255839243714,3.60465860109235
"20085","Jackson","Kansas","Kansas","20",10.3938286642306,15.4229460379193,19.7091722595078,22.6461401160196,12.252311451789,3.60362101523206
"20139","Osage","Kansas","Kansas","20",9.32228613748676,14.3384169524749,20.0950076185354,21.5645395213923,12.2422533839056,3.60066275997222
"29093","Iron","Missouri","Missouri","29",6.76710844439469,8.38430648331791,10.4220382684218,19.0086269922503,12.2415185478556,3.60044663172225
"26153","Schoolcraft","Michigan","Michigan","26",8.86053915272915,11.3201569285764,12.2941646682654,21.0932475884244,12.2327084356953,3.59785542226332
"29041","Chariton","Missouri","Missouri","29",10.3925421054265,11.42371436421,13.5900992767818,22.621359223301,12.2288171178745,3.5967109170219
"31031","Cherry","Nebraska","Nebraska","31",13.092111276224,19.3681652490887,21.0183397683398,25.3203485392107,12.2282372629866,3.59654037146665
"20163","Rooks","Kansas","Kansas","20",10.9941234084231,15.3550371699564,20.1849836779108,23.2137814176786,12.2196580092555,3.59401706154574
"13231","Pike","Georgia","Georgia","13",9.25897504096386,14.0042326072198,16.595270733379,21.4772477467575,12.2182727057937,3.59360961935108
"38065","Oliver","North Dakota","North Dakota","38",10.7534246575342,11.9828815977175,14.8648648648649,22.969837587007,12.2164129294727,3.5930626263155
"05053","Grant","Arkansas","Arkansas","05",9.30029051029157,11.0402220543913,16.9838267288471,21.515835343553,12.2155448332615,3.59280730390043
"30033","Garfield","Montana","Montana","30",8.77192998437976,16.7623421494266,13.9476961836789,20.9844559585492,12.2125259741695,3.59191940416749
"13061","Clay","Georgia","Georgia","13",11.2073112073112,10.0677200902935,9.21421889616464,23.4193222053617,12.2120109980505,3.59176794060307
"39117","Morrow","Ohio","Ohio","39",7.18615223210386,9.45073090178131,13.4686031610146,19.3849576860424,12.1988054539385,3.58788395704073
"46105","Perkins","South Dakota","South Dakota","46",12.6656776377996,14.6176594845796,20.360944007404,24.860853432282,12.1951757944824,3.58681641014189
"51700","Newport News city","Virginia","Virginia","51",18.4431144570962,19.915150496369,23.9942869324632,30.6369304795918,12.1938160224955,3.58641647720457
"49005","Cache","Utah","Utah","49",30.0377524889997,31.877696376449,35.8750070558976,42.2310265409081,12.1932740519084,3.58625707409071
"48093","Comanche","Texas","Texas","48",9.17211958425403,12.9848027833846,18.6867622259696,21.3645264351232,12.1924068508691,3.58600201496151
"20103","Leavenworth","Kansas","Kansas","20",23.9280838775319,23.0801041211744,28.6771309205131,36.1182293677818,12.1901454902499,3.58533690889703
"13115","Floyd","Georgia","Georgia","13",13.7119452041038,15.8004672306297,18.2324220303244,25.8999412836302,12.1879960795264,3.58470472927247
"13011","Banks","Georgia","Georgia","13",6.38277765977512,8.61892878127698,11.947698271471,18.5649369686309,12.1821593088558,3.58298803201641
"27015","Brown","Minnesota","Minnesota","27",12.2948925352438,16.534172147555,19.5166231703166,24.466771441401,12.1718789061572,3.57996438416387
"31147","Richardson","Nebraska","Nebraska","31",11.6685945633314,13.5870395842886,15.6424581005587,23.8395106153293,12.1709160519979,3.57968119176407
"27067","Kandiyohi","Minnesota","Minnesota","27",15.7450427997095,18.3423710621502,21.4081776610981,27.9152656355077,12.1702228357983,3.57947730464655
"36057","Montgomery","New York","New York","36",10.7617242459409,13.5873077610863,16.1021152443472,22.9235299262412,12.1618056803003,3.57700167067656
"17141","Ogle","Illinois","Illinois","17",12.1251095017414,16.9883293833512,18.9085451878152,24.2846051464064,12.159495644665,3.57632224843088
"21059","Daviess","Kentucky","Kentucky","21",14.0858886789244,17.0189974056406,19.036513035957,26.2408596589521,12.1549709800277,3.57499146471404
"38035","Grand Forks","North Dakota","North Dakota","38",25.8473829491749,27.8461710920253,33.4394245200021,37.9971525672821,12.1497696181072,3.57346165238446
"34031","Passaic","New Jersey","New Jersey","34",18.7235490916667,21.2147972452926,25.8381082066803,30.8653350884221,12.1417859967554,3.57111352845747
"48029","Bexar","Texas","Texas","48",19.7096512851093,22.6682102836222,25.917617212793,31.8445326894315,12.1348814043222,3.56908276597712
"56009","Converse","Wyoming","Wyoming","56",12.7482952861252,14.735226400614,16.3735792408321,24.8821866163996,12.1338913302744,3.56879156772777
"12003","Baker","Florida","Florida","12",5.69498950442639,8.19178671253494,8.36692387423702,17.8233438485804,12.128354344154,3.56716304239825
"22089","St. Charles Parish","Louisiana","Louisiana","22",14.7468283310779,17.4925630850583,19.9461953750667,26.8746061751733,12.1277778440954,3.56699348355748
"48411","San Saba","Texas","Texas","48",11.8787547788094,15.8368776582437,17.1697657570635,24.0058195926285,12.1270648138191,3.56678376877033
"48497","Wise","Texas","Texas","48",10.0268194458618,12.9723845825747,15.8981612446959,22.1512142365549,12.1243947906931,3.56599846785091
"48325","Medina","Texas","Texas","48",10.9979799489936,13.3379314905807,19.4131377125709,23.1195175438597,12.121537594866,3.56515811613707
"17019","Champaign","Illinois","Illinois","17",34.0622880075398,37.9895531095047,42.2214477713993,46.1808104385408,12.1185224310009,3.56427130323557
"54039","Kanawha","West Virginia","West Virginia","54",17.5772381739352,20.5827643174031,24.3146784665047,29.6921192833017,12.1148811093666,3.56320032628429
"36033","Franklin","New York","New York","36",11.700441716964,12.9835856388841,17.8660466679739,23.8071186642106,12.1066769472466,3.56078733742548
"01125","Tuscaloosa","Alabama","Alabama","01",19.9924386208318,24.0350388182902,26.5655030226282,32.0972248220018,12.10478620117,3.56023123563822
"48309","McLennan","Texas","Texas","48",16.5899802299707,19.1003564595391,21.7955889120969,28.6854965827415,12.0955163527708,3.55750480963848
"16045","Gem","Idaho","Idaho","16",8.6386177993841,11.3732777317665,14.2334145230009,20.7310420076378,12.0924242082537,3.55659535536872
"05085","Lonoke","Arkansas","Arkansas","05",9.98766515373167,14.5592016715357,17.8584076660858,22.0760262758172,12.0883611220855,3.55540033002515
"21175","Morgan","Kentucky","Kentucky","21",6.66211604079394,7.73522154275292,10.7975960069268,18.7384943319446,12.0763782911506,3.55187596798548
"20199","Wallace","Kansas","Kansas","20",12.4673060156931,17.2109443954104,23.0113636363636,24.5436105476673,12.0763045319742,3.55185427411007
"38057","Mercer","North Dakota","North Dakota","38",11.1777217306297,14.3771819024864,19.7982755815845,23.2538474547607,12.076125724131,3.55180168356794
"46049","Faulk","South Dakota","South Dakota","46",10.5738575982997,13.1447587354409,13.7362637362637,22.6348983882271,12.0610407899274,3.54736493821393
"42085","Mercer","Pennsylvania","Pennsylvania","42",13.5692818183234,17.2917766490975,19.9523748176274,25.6250159280308,12.0557341097074,3.54580414991394
"19189","Winnebago","Iowa","Iowa","19",14.0215326155795,16.4565105506948,19.6981837606838,26.0697737803216,12.0482411647421,3.54360034257122
"21229","Washington","Kentucky","Kentucky","21",7.54236017393912,13.3258678611422,13.9508070714835,19.5890730796171,12.046712905678,3.54315085461117
"17199","Williamson","Illinois","Illinois","17",14.2023555279434,17.1514981592976,21.7356269343508,26.2472301033404,12.0448745753971,3.54261016923443
"23029","Washington","Maine","Maine","23",12.682461991597,14.6542915531335,19.1946308724832,24.7102258092213,12.0277638176243,3.5375775934189
"26065","Ingham","Michigan","Michigan","26",29.1729038039263,32.957048369803,35.7929790485802,41.1991274115482,12.0262236076218,3.53712459047701
"41007","Clatsop","Oregon","Oregon","41",16.7133946222919,19.1283013309475,22.0643670154794,28.7350820090625,12.0216873867706,3.53579040787371
"46005","Beadle","South Dakota","South Dakota","46",15.1457436237165,18.3145672061928,20.3093476798924,27.1646586345382,12.0189150108217,3.53497500318285
"04003","Cochise","Arizona","Arizona","04",16.0869138163166,18.8020006937344,22.3907050223605,28.094856200851,12.0079423845344,3.53174776015717
"27147","Steele","Minnesota","Minnesota","27",15.950760920376,20.1392111368909,24.7877688947499,27.9584991028941,12.0077381825181,3.53168770074062
"18145","Shelby","Indiana","Indiana","18",9.91596638661863,12.7438185601919,15.4691349803556,21.9226407962706,12.006674409652,3.53137482636823
"19023","Butler","Iowa","Iowa","19",9.40664332355446,12.3828457824482,15.4918815663801,21.4130434782609,12.0064001547064,3.53129416314894
"08045","Garfield","Colorado","Colorado","08",21.6125187837311,23.8308710523922,25.156784883021,33.6067919488696,11.9942731651385,3.52772740151133
"20043","Doniphan","Kansas","Kansas","20",9.73487492917862,14.7991006490585,19.1373615698465,21.7286432160804,11.9937682869018,3.52757890791229
"13013","Barrow","Georgia","Georgia","13",9.22866533067228,10.9015241384202,16.61178689965,21.2217950860772,11.9931297554049,3.52739110453087
"55101","Racine","Wisconsin","Wisconsin","55",16.4558316656593,20.2679039558046,22.8330174854812,28.4460033390938,11.9901716734344,3.52652108042189
"37035","Catawba","North Carolina","North Carolina","37",14.156089953212,17.0023015044749,20.5338969354081,26.1425336399325,11.9864436867205,3.52542461374133
"41041","Lincoln","Oregon","Oregon","41",16.6708932814824,20.7718514345754,23.9943819710009,28.640252929516,11.9693596480336,3.52039989648046
"48499","Wood","Texas","Texas","48",9.59152201606199,14.5240721541653,17.0952302360125,21.5397073283591,11.9481853122971,3.51417215067561
"01043","Cullman","Alabama","Alabama","01",7.75467444031975,11.8987231188526,14.1663176678381,19.690716759167,11.9360423188473,3.5106006820139
"27117","Pipestone","Minnesota","Minnesota","27",9.90302694230891,13.9109585208833,16.4929499753487,21.827247868747,11.9242209264381,3.50712380189355
"20077","Harper","Kansas","Kansas","20",10.8783467212358,13.9623487225459,16.1754133716751,22.7987855368479,11.9204388156121,3.50601141635651
"37147","Pitt","North Carolina","North Carolina","37",21.9100672354306,26.3983740039424,27.6101390338329,33.8267446945098,11.9166774590792,3.50490513502331
"21093","Hardin","Kentucky","Kentucky","21",12.9424087988236,15.3655025874938,19.7783752469512,24.8474490272789,11.9050402284553,3.50148242013392
"08125","Yuma","Colorado","Colorado","08",13.4244235695986,15.5362776921166,17.3647339394843,25.3268470659775,11.9024234963789,3.50071279305261
"28137","Tate","Mississippi","Mississippi","28",11.7422130168087,12.3156532988357,15.2299489002444,23.6438901134348,11.901677096626,3.50049326371354
"13139","Hall","Georgia","Georgia","13",15.389423560466,18.7286578252903,22.097076318832,27.289954450067,11.9005308896011,3.50015614400031
"36101","Steuben","New York","New York","36",14.4495329918783,17.9046631558328,20.1166309233526,26.3425056064004,11.8929726145221,3.49793312191827
"29049","Clinton","Missouri","Missouri","29",10.2542625958812,14.5486559149042,17.7717703430046,22.1424738395492,11.8882112436681,3.49653271872591
"05025","Cleveland","Arkansas","Arkansas","05",7.83337044452807,9.98411506403733,14.3027872424715,19.7074817176074,11.8741112730793,3.49238566855273
"12083","Marion","Florida","Florida","12",11.5072073618201,13.6900387498479,17.1417786749588,23.3739402530021,11.866732891182,3.49021555623
"02122","Kenai Peninsula Borough","Alaska","Alaska","02",17.9093769528896,20.2689043342499,23.5192585197906,29.775045410088,11.8656684571985,3.48990248741131
"38077","Richland","North Dakota","North Dakota","38",12.9977330181867,15.1760540992177,20.6602981572959,24.8566672831515,11.8589342649648,3.4879218426367
"51730","Petersburg city","Virginia","Virginia","51",13.536771143747,14.7913576754907,14.3370608929208,25.3951481530401,11.8583770092931,3.48775794390974
"29025","Caldwell","Missouri","Missouri","29",8.08270163768758,11.7470270452257,14.3978650013109,19.935170178282,11.8524685405944,3.48602015899836
"29097","Jasper","Missouri","Missouri","29",13.4197802948764,16.4818898589252,19.6641911527284,25.2704367232948,11.8506564284184,3.48548718482893
"41039","Lane","Oregon","Oregon","41",22.1847250781272,25.5093212663523,27.4880629352093,34.0324886969053,11.8477636187781,3.48463635846414
"31067","Gage","Nebraska","Nebraska","31",11.2858878444913,15.4439416151444,19.2523726515592,23.1305950500263,11.844707205535,3.48373741339265
"26079","Kalkaska","Michigan","Michigan","26",7.14426041457808,9.73818696327692,11.5944898451595,18.98630544805,11.8420450334719,3.48295442160939
"39083","Knox","Ohio","Ohio","39",12.8165107163534,16.7460741803004,20.391139086383,24.6548748921484,11.838364175795,3.48187181641028
"38073","Ransom","North Dakota","North Dakota","38",11.0512129380054,15.7933579335793,16.7735316747884,22.8879418400602,11.8367289020548,3.48139085354552
"42031","Clarion","Pennsylvania","Pennsylvania","42",11.746478745987,15.2842984334084,18.3128926807476,23.5824793257627,11.8360005797757,3.4811766411105
"22063","Livingston Parish","Louisiana","Louisiana","22",8.71652082802201,11.4299506141181,17.8479390696553,20.5445418017115,11.8280209736895,3.47882969814398
"12073","Leon","Florida","Florida","12",37.0778767005817,41.7313159368313,43.4730779365816,48.905191178857,11.8273144782753,3.47862190537508
"20133","Neosho","Kansas","Kansas","20",11.5118138212826,15.0094483937731,16.486832479883,23.3163608415794,11.8045470202968,3.47192559420493
"18163","Vanderburgh","Indiana","Indiana","18",15.9984148503916,19.3210664319732,21.9503416120377,27.8024623537775,11.8040475033859,3.47177867746645
"02020","Anchorage Municipality","Alaska","Alaska","02",26.8499484585022,28.9122835853754,32.7520026094063,38.653662684586,11.8037142260838,3.47168065473053
"36015","Chemung","New York","New York","36",15.4216121037448,18.5818145931283,20.6279501981254,27.222146134356,11.8005340306112,3.47074530312094
"27033","Cottonwood","Minnesota","Minnesota","27",12.2859787119466,14.2497603068073,18.3060109289617,24.0840446487196,11.798065936773,3.47001939316853
"36095","Schoharie","New York","New York","36",14.3994411721379,17.3278290959027,19.8715645769714,26.1947555186875,11.7953143465496,3.46921010192635
"42107","Schuylkill","Pennsylvania","Pennsylvania","42",8.09223254530338,10.7295429003477,13.9766070359414,19.8858841580361,11.7936516127327,3.46872106256843
"38037","Grant","North Dakota","North Dakota","38",8.92420537897311,11.1545988258317,15.2770005595971,20.7175925925926,11.7933872136195,3.46864329812338
"47171","Unicoi","Tennessee","Tennessee","47",9.46919037184365,10.6169336958826,11.3388028987299,21.2624081230583,11.7932177512146,3.46859345623959
"54081","Raleigh","West Virginia","West Virginia","54",10.7121621552904,12.6646244470257,16.1217587373168,22.50331100405,11.7911488487596,3.46798495551752
"21021","Boyle","Kentucky","Kentucky","21",14.4208936764971,19.2739009908003,23.7150843799981,26.2118749402429,11.7909812637458,3.46793566580759
"48097","Cooke","Texas","Texas","48",11.8634351210002,15.6986087847814,17.4230339767108,23.6538461538462,11.790411032846,3.46776795083705
"21035","Calloway","Kentucky","Kentucky","21",19.393808650631,24.0443134271586,28.1158129175947,31.1841604264501,11.7903517758191,3.46775052229972
"20041","Dickinson","Kansas","Kansas","20",11.9157973157471,15.1717816854485,19.6573538993661,23.703419131771,11.7876218160239,3.4669475929482
"37145","Person","North Carolina","North Carolina","37",7.56011010274727,10.3179034103953,14.4794153839039,19.3385310975827,11.7784209948354,3.46424146906924
"37017","Bladen","North Carolina","North Carolina","37",7.69036922866961,11.2716446021297,11.1093413514594,19.467155342543,11.7767861138734,3.46376062172747
"13045","Carroll","Georgia","Georgia","13",12.0441376651358,16.5119940793247,18.8428059395801,23.812747605436,11.7686099403002,3.46135586479418
"21173","Montgomery","Kentucky","Kentucky","21",9.1652827029131,13.3971369416201,15.4022859704169,20.9311907704986,11.7659080675855,3.46056119634866
"37185","Warren","North Carolina","North Carolina","37",7.13512004299863,11.5687634876835,13.9780348016712,18.8984122523535,11.7632922093549,3.45979182628085
"48143","Erath","Texas","Texas","48",20.2925822433791,24.9560723512744,24.5456605483409,32.0525197914655,11.7599375480865,3.4588051612019
"22051","Jefferson Parish","Louisiana","Louisiana","22",18.7602251565901,21.4941039827496,23.2030503311135,30.5158606825681,11.755635525978,3.45753986058177
"16043","Fremont","Idaho","Idaho","16",11.0717014641316,11.9882870611042,19.1351801396121,22.8251689189189,11.7534674547873,3.4569021925845
"55003","Ashland","Wisconsin","Wisconsin","55",12.7850305501105,16.5073115916449,23.1415640268963,24.5279673787785,11.7429368286679,3.45380494960822
"18115","Ohio","Indiana","Indiana","18",6.01677755279144,11.6137566137566,13.1241410902428,17.7567992807372,11.7400217279458,3.45294756704288
"05043","Drew","Arkansas","Arkansas","05",13.8683343297866,17.2595791445961,20.7817514579762,25.6083220262325,11.7399876964458,3.45293755777819
"39011","Auglaize","Ohio","Ohio","39",9.81717011132868,13.4483102382614,16.39476921085,21.5531456113648,11.7359755000361,3.45175750001062
"13125","Glascock","Georgia","Georgia","13",5.30586766541823,6.46258503401361,9.31211979410388,17.041015625,11.7351479595818,3.45151410575935
"29127","Marion","Missouri","Missouri","29",12.9115197585338,15.587817923843,18.3017097581692,24.6391213389121,11.7276015803783,3.44929458246421
"47045","Dyer","Tennessee","Tennessee","47",9.39025472616361,11.9970438495648,17.6807193740512,21.1118676653182,11.7216129391546,3.44753321739841
"25013","Hampden","Massachusetts","Massachusetts","25",17.6142949846765,20.4692969995181,24.1559489253234,29.3175168494162,11.7032218647398,3.44212407786463
"29131","Miller","Missouri","Missouri","29",7.49772256072372,11.3735502202258,13.7551336230293,19.1952054794521,11.6974829187283,3.44043615256716
"37057","Davidson","North Carolina","North Carolina","37",9.99989359243694,12.760260710648,17.1718289532941,21.6941253423817,11.6942317499448,3.43947992645435
"51083","Halifax","Virginia","Virginia","51",7.96898201625688,9.46573083266214,14.1785797984532,19.6581898853786,11.6892078691217,3.43800231444756
"13147","Hart","Georgia","Georgia","13",9.13453210605114,13.5497141425004,15.6805745555369,20.8213365661464,11.6868044600952,3.43729542943978
"48021","Bastrop","Texas","Texas","48",13.3199138861171,17.039355396222,16.4960007197838,24.9949711198598,11.6750572337426,3.43384036286548
"48473","Waller","Texas","Texas","48",16.2291380301815,16.7668580230562,19.5415475499088,27.9025268726434,11.6733888424619,3.4333496595476
"49045","Tooele","Utah","Utah","49",11.2756578041033,15.8973887458624,19.8367897901583,22.9444373915619,11.6687795874587,3.43199399631138
"45077","Pickens","South Carolina","South Carolina","45",16.8767810433102,19.0658312095704,22.9683676144111,28.5398618077233,11.6630807644131,3.43031787188622
"20059","Franklin","Kansas","Kansas","20",12.907628214337,16.5047927378912,19.5796395232783,24.5694991558807,11.6618709415437,3.42996204163049
"33005","Cheshire","New Hampshire","New Hampshire","33",23.8882556555377,26.613371382863,30.1176701591992,35.5411752052486,11.6529195497109,3.42732927932674
"32005","Douglas","Nevada","Nevada","32",19.9714023284203,23.1565298838569,25.5356072968393,31.6149554416702,11.64355311325,3.42457444507353
"42033","Clearfield","Pennsylvania","Pennsylvania","42",8.59601075327944,11.1284494759312,12.9025913314144,20.2366179945265,11.6406072412471,3.42370801213149
"37103","Jones","North Carolina","North Carolina","37",8.13821916144803,9.52235477066432,11.3140523243503,19.774414620217,11.636195458769,3.4224104290497
"37161","Rutherford","North Carolina","North Carolina","37",9.84069625106448,12.460882587489,15.9387563260729,21.4662123552941,11.6255161042296,3.41926944242047
"39151","Stark","Ohio","Ohio","39",14.2986775138507,17.9453764620058,20.674547090077,25.9212715966169,11.6225940827662,3.418410024343
"36011","Cayuga","New York","New York","36",12.998612721157,15.5373382861535,18.5994719732754,24.6151886758124,11.6165759546554,3.41663998666336
"20061","Geary","Kansas","Kansas","20",14.6223295238423,17.1356748783029,19.9183828562041,26.2336609585571,11.6113314347148,3.41509748079847
"17007","Boone","Illinois","Illinois","17",12.0330037110958,14.4699003843477,19.8845174613252,23.6434977578475,11.6104940467518,3.41485119022111
"51113","Madison","Virginia","Virginia","51",15.3981640516016,19.3774799123621,18.3615922561269,27.008160456199,11.6099964045974,3.41470482488159
"27071","Koochiching","Minnesota","Minnesota","27",10.3788913235704,15.1018190936379,17.4675555483193,21.9842414826323,11.6053501590619,3.41333828207703
"08101","Pueblo","Colorado","Colorado","08",14.0045808009768,18.3394782783425,21.0443910658293,25.6050804803486,11.6004996793718,3.41191167040347
"13185","Lowndes","Georgia","Georgia","13",16.3434922656552,19.6635531335403,22.2847986800774,27.9436117953214,11.6001195296662,3.41179986166653
"20181","Sherman","Kansas","Kansas","20",12.4718595227375,15.0034730261635,14.7341297727805,24.0701381509033,11.5982786281658,3.41125842004876
"37159","Rowan","North Carolina","North Carolina","37",11.7189745288823,14.1763743957372,16.6656147364687,23.3155369331621,11.5965624042799,3.41075364831761
"36117","Wayne","New York","New York","36",14.0054375699228,17.0328173900959,20.3440759769578,25.5995359416263,11.5940983717035,3.41002893285397
"51193","Westmoreland","Virginia","Virginia","51",10.9385252550142,13.3130204731199,14.4261301544132,22.5309070704264,11.5923818154122,3.40952406335653
"30109","Wibaux","Montana","Montana","30",10.8886262145582,15.989172231227,16.2518426084068,22.4747474747475,11.5861212601893,3.40768272358508
"21157","Marshall","Kentucky","Kentucky","21",9.6366340841579,13.6901964470425,16.0662122687751,21.219069043087,11.5824349589291,3.4065985173321
"45055","Kershaw","South Carolina","South Carolina","45",12.4666667730611,16.2577213557383,18.5686503180216,24.033602829712,11.5669360566509,3.40204001666202
"20147","Phillips","Kansas","Kansas","20",10.9327548806941,16.0688665710187,18.5241730279898,22.4897240164416,11.5569691357474,3.39910856933748
"48175","Goliad","Texas","Texas","48",9.86232790988736,12.3180534434065,13.6191198786039,21.4176538020634,11.5553258921761,3.39862526240473
"18071","Jackson","Indiana","Indiana","18",8.72013581218169,11.4518447532343,13.554532133138,20.2752145054233,11.5550786932417,3.39855255683578
"48045","Briscoe","Texas","Texas","48",11.5558912386707,17.5275190516511,17.2231985940246,23.1083844580777,11.552493219407,3.397792123355
"12033","Escambia","Florida","Florida","12",18.1296285594918,20.9735872014993,23.2126537426671,29.678958220098,11.5493296606062,3.39686166488417
"28037","Franklin","Mississippi","Mississippi","28",7.41448722692911,10.5262792255266,10.5117310179198,18.9629068887207,11.5484196617916,3.39659401817399
"39063","Hancock","Ohio","Ohio","39",18.7240913911115,21.6520241546947,24.6276606435793,30.2654592094524,11.5413678183408,3.39451994657083
"42073","Lawrence","Pennsylvania","Pennsylvania","42",11.8408442607301,15.0974829222917,19.3729122601927,23.3787616967168,11.5379174359867,3.39350512823137
"37173","Swain","North Carolina","North Carolina","37",9.90674370236286,13.8808566659608,18.4306001865865,21.4400968132311,11.5333531108683,3.39216267966714
"47103","Lincoln","Tennessee","Tennessee","47",9.1222178058463,11.895525249232,14.8593852190974,20.6428032259346,11.5205854200883,3.38840747649656
"19055","Delaware","Iowa","Iowa","19",11.0453648914536,13.0261371350105,15.1818181817173,22.5619226681926,11.516557776739,3.38722287551147
"16069","Nez Perce","Idaho","Idaho","16",15.6309052002416,18.9067964635,20.7658020356039,27.1468236710936,11.5159184708519,3.38703484436822
"39009","Athens","Ohio","Ohio","39",23.4105088958257,25.7044058031863,28.3321377591673,34.9193703469685,11.5088614511428,3.38495925033611
"46077","Kingsbury","South Dakota","South Dakota","46",11.5920761761781,16.2141965200362,21.0234768140061,23.0939839201553,11.5019077439771,3.38291404234622
"48281","Lampasas","Texas","Texas","48",12.7693820109007,16.1778783683078,19.3797758177857,24.2691328905717,11.499750879671,3.38227967049147
"08119","Teller","Colorado","Colorado","08",26.3647981040768,31.6472793266768,30.6347170809062,37.8609355246523,11.4961374205756,3.38121688840457
"20067","Grant","Kansas","Kansas","20",13.6297372519023,15.2164773454248,16.7739167739168,25.1222765673633,11.492539315461,3.3801586221944
"20169","Saline","Kansas","Kansas","20",17.6568116636223,20.351730609817,24.696678561625,29.1473460258578,11.4905343622356,3.37956893006929
"35001","Bernalillo","New Mexico","New Mexico","35",26.6731168131885,30.4804436083741,31.821101330657,38.1529262038499,11.4798093906614,3.37641452666511
"39135","Preble","Ohio","Ohio","39",7.01640361658859,10.0965314060087,11.8916102136529,18.4900006968156,11.473597080227,3.37458737653734
"27009","Benton","Minnesota","Minnesota","27",14.7511023047476,17.1868741185697,20.2494204172995,26.2227717371541,11.4716694324065,3.37402042129602
"38051","McIntosh","North Dakota","North Dakota","38",9.47438726141426,9.88372093023256,18.5538881309686,20.9459459459459,11.4715586845317,3.37398784839167
"27013","Blue Earth","Minnesota","Minnesota","27",22.7096009113838,26.6416444434696,30.7715022544013,34.1796922775862,11.4700913662023,3.37355628417716
"39081","Jefferson","Ohio","Ohio","39",8.84628754995427,11.8433920910832,14.7694259175907,20.3131482977748,11.4668607478205,3.37260610230015
"21053","Clinton","Kentucky","Kentucky","21",6.58092533823284,7.96178343949045,7.8717618434235,18.0407666565257,11.4598413182929,3.37054156420379
"29145","Newton","Missouri","Missouri","29",12.0916214991084,16.1471215737113,18.2430758660665,23.5438803620622,11.4522588629538,3.36831143028054
"55005","Barron","Wisconsin","Wisconsin","55",11.7489884724303,14.8720860329971,16.0084189674384,23.1996897559811,11.4507012835509,3.36785331869144
"38067","Pembina","North Dakota","North Dakota","38",13.1382110083568,16.4014887622784,19.9068899662228,24.5794009027493,11.4411898943925,3.36505585129192
"53069","Wahkiakum","Washington","Washington","53",10.4139603129448,14.7698055744614,16.6888115967687,21.8496786811959,11.4357183682511,3.36344657889739
"55047","Green Lake","Wisconsin","Wisconsin","55",11.4028748092466,14.48333207336,15.5895228907857,22.8379267490314,11.4350519397848,3.36325057052494
"51045","Craig","Virginia","Virginia","51",7.7166875652087,10.8132650053679,14.1304303529976,19.1507798960139,11.4340923308052,3.36296833258976
"37099","Jackson","North Carolina","North Carolina","37",19.680263104646,25.5016205982683,27.0142162850028,31.1118185998797,11.4315554952338,3.36222220448052
"27007","Beltrami","Minnesota","Minnesota","27",20.399654906346,23.5012431688175,28.0334144420931,31.8257032542747,11.4260483479287,3.36060245527313
"26145","Saginaw","Michigan","Michigan","26",12.9717736401482,15.901122797669,18.75297765342,24.3977236318142,11.425949991666,3.36057352696059
"19105","Jones","Iowa","Iowa","19",10.6139649332322,12.6960090051184,17.5675694684082,22.039603960396,11.4256390271639,3.3604820668129
"26053","Gogebic","Michigan","Michigan","26",11.4187404977195,15.8151246852408,18.7484722561721,22.8400571224563,11.4213166247368,3.35921077198142
"36053","Madison","New York","New York","36",18.2203007619781,21.6057961483437,31.0185999702337,29.6382400869093,11.4179393249311,3.35821744850916
"17035","Cumberland","Illinois","Illinois","17",8.16104830327455,10.0786274751531,12.3447266427089,19.5777351247601,11.4166868214855,3.3578490651428
"06015","Del Norte","California","California","06",9.97945795507256,10.9865106452137,13.8328091711474,21.3918046023415,11.412346647269,3.35657254331441
"18169","Wabash","Indiana","Indiana","18",11.6912031988368,13.7486809708055,16.0184933369595,23.10246241815,11.4112592193132,3.3562527115627
"17039","De Witt","Illinois","Illinois","17",11.7905127502056,13.4490047560331,17.1278789962186,23.2008006550814,11.4102879048758,3.35596703084582
"37123","Montgomery","North Carolina","North Carolina","37",7.77701410629459,10.042510409135,14.6602190623294,19.1826389988912,11.4056248925966,3.35459555664605
"31021","Burt","Nebraska","Nebraska","31",13.5210224115577,14.1768859160164,17.2987223686879,24.9219237976265,11.4009013860688,3.35320629002023
"27167","Wilkin","Minnesota","Minnesota","27",11.5711133981724,14.0381427875058,16.5495573995417,22.9559748427673,11.3848614445949,3.34848866017497
"29039","Cedar","Missouri","Missouri","29",7.62511803580239,10.0179457404333,14.4362594637284,18.9988175009854,11.373699465183,3.34520572505383
"12053","Hernando","Florida","Florida","12",9.71449928439,12.7318440837189,15.6509238310709,21.084550885854,11.370051601464,3.34413282396001
"13075","Cook","Georgia","Georgia","13",6.49981776211882,8.12069663831511,11.9077872572155,17.8583855254001,11.3585677632813,3.34075522449451
"22093","St. James Parish","Louisiana","Louisiana","22",8.13878019024016,10.0628349718034,12.6717765119656,19.49319158232,11.3544113920798,3.33953276237641
"51570","Colonial Heights city","Virginia","Virginia","51",16.6873016152631,18.9633836804256,19.2216179323729,28.0400572246066,11.3527556093435,3.33904576745397
"51007","Amelia","Virginia","Virginia","51",7.23911541119558,9.75735010912826,14.4606741573034,18.591434950274,11.3523195390784,3.33891751149365
"29089","Howard","Missouri","Missouri","29",16.8373151308305,17.8816199376947,22.5619960444242,28.1889521464841,11.3516370156536,3.33871676930988
"42099","Perry","Pennsylvania","Pennsylvania","42",8.86793696541117,11.3367640902689,15.2193856568916,20.2170273825182,11.3490904171071,3.33796776973737
"46093","Meade","South Dakota","South Dakota","46",16.4163842206012,16.8466519497647,21.2706510111722,27.7653551548599,11.3489709342587,3.33793262772313
"13191","McIntosh","Georgia","Georgia","13",8.69806094182825,11.1493264545715,14.6246764452114,20.0442722744881,11.3462113326598,3.33712098019407
"21023","Bracken","Kentucky","Kentucky","21",6.4991994789962,9.52380580531596,14.8838034415469,17.8450033990483,11.3458039200521,3.33700115295649
"30043","Jefferson","Montana","Montana","30",20.8208665737742,27.6589335410436,34.1362567989243,32.166348398048,11.3454818242738,3.33690641890406
"24033","Prince George's","Maryland","Maryland","24",25.3422501407518,27.1556529196181,29.536454152285,36.6814846228994,11.3392344821476,3.33506896533754
"19089","Howard","Iowa","Iowa","19",8.19375282933454,12.6260346124906,12.3086438843359,19.5249406175772,11.3311877882427,3.33270229065961
"29075","Gentry","Missouri","Missouri","29",10.2645502645503,14.5466405740378,13.1326352530541,21.5919923736892,11.327442109139,3.33160062033499
"13195","Madison","Georgia","Georgia","13",9.73678688379209,10.8939607751302,13.4054548094835,21.0630830331578,11.3262961493658,3.33126357334287
"21119","Knott","Kentucky","Kentucky","21",8.17402729503008,10.2471573098184,13.1150458225821,19.4980894350924,11.3240621400623,3.33060651178304
"08005","Arapahoe","Colorado","Colorado","08",35.1756189430856,37.0507383807463,38.4977656515221,46.4967455867355,11.3211266436499,3.32974313048526
"48015","Austin","Texas","Texas","48",13.7552323000269,17.343531899326,18.5708240770126,25.0721534307793,11.3169211307523,3.32850621492715
"37033","Caswell","North Carolina","North Carolina","37",6.57925047368435,8.29023950882826,9.59901689663474,17.8906581098262,11.3114076361419,3.32688459886526
"23017","Oxford","Maine","Maine","23",12.6944420483707,15.710933586463,18.2237796036733,24.0002660046107,11.3058239562401,3.32524234007061
"28117","Prentiss","Mississippi","Mississippi","28",8.40405985347073,9.94162610411399,11.4756075499005,19.7073753359212,11.3033154824504,3.32450455366189
"19037","Chickasaw","Iowa","Iowa","19",9.86902573529412,12.2200750255769,14.8916444547456,21.1691329338388,11.3001071985447,3.32356094074844
"40039","Custer","Oklahoma","Oklahoma","40",20.4042047946065,22.8094396040399,25.7183324849027,31.6973904716304,11.2931856770238,3.32152519912465
"48077","Clay","Texas","Texas","48",11.0669610007358,13.9356206120016,18.0496828752643,22.3597678916828,11.292806890947,3.32141379145499
"55011","Buffalo","Wisconsin","Wisconsin","55",10.8320251177583,14.0451832907806,17.3940214562392,22.124073510001,11.2920483922428,3.32119070360081
"48199","Hardin","Texas","Texas","48",9.69214561629404,13.006146941165,14.9954078650747,20.9831460674157,11.2910004511217,3.32088248562403
"19165","Shelby","Iowa","Iowa","19",12.7854152747273,15.3399398858272,17.0623318910069,24.0654776447593,11.280062370032,3.3176654029506
"16027","Canyon","Idaho","Idaho","16",11.9738180931107,14.8983946295846,16.5975227772746,23.2407626791036,11.2669445859929,3.3138072311744
"27135","Roseau","Minnesota","Minnesota","27",10.184266087599,14.8659102612455,16.9956348453217,21.4474929044465,11.2632268168475,3.31271376966103
"39113","Montgomery","Ohio","Ohio","39",20.0417652879317,22.832098666051,24.3829902540797,31.3031357373173,11.2613704493856,3.31216777923105
"48081","Coke","Texas","Texas","48",11.7165097195071,14.6564879166564,16.0529582126603,22.9707792207792,11.2542695012722,3.31007926508005
"27145","Stearns","Minnesota","Minnesota","27",17.5378692415497,21.9765469235811,24.1972021739446,28.7912198055528,11.2533505640031,3.30980898941266
"54055","Mercer","West Virginia","West Virginia","54",11.6056193169865,13.8415039040139,17.4364817135696,22.8522626121683,11.2466432951818,3.30783626328876
"19053","Decatur","Iowa","Iowa","19",12.2753346080306,15.1429112246829,18.8107489994282,23.5195647625026,11.244230154472,3.30712651602118
"20157","Republic","Kansas","Kansas","20",10.2596314907873,14.8731203007519,19.657662476598,21.5033887861984,11.2437572954111,3.3069874398268
"47163","Sullivan","Tennessee","Tennessee","47",15.5962550119914,18.1161088347682,20.6388773075251,26.8377371273713,11.2414821153798,3.30631826922936
"18047","Franklin","Indiana","Indiana","18",8.248531395575,12.5466864803565,17.6516129032258,19.4812396032284,11.2327082076534,3.30373770813335
"20073","Greenwood","Kansas","Kansas","20",10.3643006721351,14.4861526425522,15.8139534883721,21.5940685820204,11.2297679098853,3.30287291467214
"51077","Grayson","Virginia","Virginia","51",4.24358914654879,8.04298052332808,11.233986031154,15.4657592513824,11.2221701048336,3.30063826612753
"49023","Juab","Utah","Utah","49",8.784662555615,12.1680091521971,13.1404846627968,20,11.215337444385,3.29862866011323
"30045","Judith Basin","Montana","Montana","30",19.7715525880414,23.5722874690818,30.1948938457525,30.9859154929577,11.2143629049163,3.29834203085774
"37051","Cumberland","North Carolina","North Carolina","37",16.6175505641127,19.1066989247173,22.3784735682772,27.8205833791965,11.2030328150838,3.29500965149524
"19019","Buchanan","Iowa","Iowa","19",11.1626859115618,12.67283843574,17.8294840633186,22.3576652803671,11.1949793688053,3.2926409908251
"28141","Tishomingo","Mississippi","Mississippi","28",6.63430928265208,8.70763570948582,10.5714496932062,17.8290508652334,11.1947415825813,3.29257105370037
"18013","Brown","Indiana","Indiana","18",15.2155625656186,18.4520417853751,22.6224783861671,26.4029666254635,11.187404059845,3.29041295877793
"06067","Sacramento","California","California","06",22.9522186142213,24.8112912927568,27.8810765898852,34.1324617005223,11.180243086301,3.28830679008853
"41013","Crook","Oregon","Oregon","41",10.1300404902749,12.5748633065567,14.4348168137307,21.3021072503699,11.172066760095,3.28590198826325
"19103","Johnson","Iowa","Iowa","19",43.9861768410039,47.598580010734,51.1992499426336,55.1580450582944,11.1718682172906,3.28584359332075
"47057","Grainger","Tennessee","Tennessee","47",4.78074624037072,7.81141368770277,9.88383045525903,15.9499002438484,11.1691540034776,3.28504529514048
"17071","Henderson","Illinois","Illinois","17",9.47503201024328,10.0176056338028,15.2842497670084,20.6359368331199,11.1609048228767,3.28261906555196
"46119","Sully","South Dakota","South Dakota","46",12.9001883239171,16.4319248826291,28.2258064516129,24.058769513315,11.1585811893978,3.28193564394054
"18109","Morgan","Indiana","Indiana","18",9.96609217562345,12.5769226867369,15.569968215789,21.1207065750736,11.1546143994501,3.28076894101475
"45051","Horry","South Carolina","South Carolina","45",15.9946737341164,18.7241943647396,22.2190071892526,27.1481134367732,11.1534397026568,3.28042344195789
"39169","Wayne","Ohio","Ohio","39",13.9458267833166,17.1732112725756,19.3692518834044,25.0966653691449,11.1508385858283,3.27965840759656
"28047","Harrison","Mississippi","Mississippi","28",16.307895632733,18.3881714204956,21.028592982651,27.4564528344226,11.1485572016896,3.27898741226164
"47055","Giles","Tennessee","Tennessee","47",8.91354316978077,10.5501782469512,13.4937402537642,20.0616573873832,11.1481142176025,3.27885712282426
"48265","Kerr","Texas","Texas","48",20.1773442072503,23.3019382032205,29.313554063963,31.3225879911946,11.1452437839443,3.27801287763067
"40069","Johnston","Oklahoma","Oklahoma","40",9.34491024174354,13.3303738436421,17.1743623045034,20.4872321690637,11.1423219273201,3.27715350803534
"48185","Grimes","Texas","Texas","48",8.58521308900566,10.2803899870179,11.0073816760747,19.712203671248,11.1269905822424,3.27264428889482
"19157","Poweshiek","Iowa","Iowa","19",16.2024833415663,18.4625537878637,22.5706857328567,27.3285316745785,11.1260483330122,3.27236715676829
"45037","Edgefield","South Carolina","South Carolina","45",12.1830353134209,12.5242030719804,16.8958610878012,23.3059497137167,11.1229144002958,3.2714454118517
"05051","Garland","Arkansas","Arkansas","05",14.2076547973998,17.9644466249778,20.4023085855213,25.3295771566107,11.1219223592109,3.27115363506203
"36065","Oneida","New York","New York","36",16.7271967888924,18.3010960911688,22.4558025087593,27.8468279863953,11.1196311975029,3.27047976397145
"29219","Warren","Missouri","Missouri","29",9.05313304331447,11.1111168571363,15.714025666697,20.1689791489032,11.1158461055887,3.26936650164374
"22057","Lafourche Parish","Louisiana","Louisiana","22",10.0086889997606,12.3601554306709,15.002755460885,21.1211803816203,11.1124913818597,3.26837981819404
"20087","Jefferson","Kansas","Kansas","20",13.5012947776676,17.9434372520965,22.8380532989143,24.608689012751,11.1073942350834,3.26688065737747
"54009","Brooke","West Virginia","West Virginia","54",12.2903744650414,13.4599498603343,16.9948306906633,23.3966967902773,11.1063223252359,3.26656538977528
"26017","Bay","Michigan","Michigan","26",11.0150103230719,14.1814797831306,18.6444086886565,22.1199808795411,11.1049705564692,3.26616781072623
"48385","Real","Texas","Texas","48",10.0181050090525,17.2558139534884,20.88,21.122599704579,11.1044946955265,3.26602785162545
"36019","Clinton","New York","New York","36",16.4602113016854,17.8030156207416,22.1456408775982,27.5540722909144,11.093860989229,3.26290029094971
"26087","Lapeer","Michigan","Michigan","26",9.34693589744278,12.7218067044417,16.7688702774669,20.4397886287211,11.0928527312783,3.26260374449362
"08009","Baca","Colorado","Colorado","08",13.6104060913706,14.0228426395939,17.4431202600217,24.7011952191235,11.0907891277529,3.26199680228028
"13039","Camden","Georgia","Georgia","13",13.4615384615385,15.9764051008793,18.8443365271033,24.5518988706504,11.0903604091119,3.26187070856233
"26127","Oceana","Michigan","Michigan","26",10.4129647239144,12.5890044053429,14.739932561179,21.5021861336665,11.0892214097521,3.26153570875061
"19057","Des Moines","Iowa","Iowa","19",12.7374943315552,15.9542659687428,19.5372658438311,23.8257267549375,11.0882324233823,3.26124483040655
"54029","Hancock","West Virginia","West Virginia","54",8.79498237096915,11.4873382541171,16.4965382567016,19.8822143698469,11.0872319988777,3.26095058790521
"17117","Macoupin","Illinois","Illinois","17",9.18734953655471,11.8438324735059,15.7332590551745,20.2729044834308,11.0855549468761,3.2604573373165
"51097","King and Queen","Virginia","Virginia","51",7.52646185572629,10.2938380255417,12.5913719164971,18.6112692088788,11.0848073531525,3.26023745680955
"17033","Crawford","Illinois","Illinois","17",9.52166404019129,10.2750982943114,15.6416919726908,20.5976839745984,11.0760199344071,3.25765292188445
"48467","Van Zandt","Texas","Texas","48",8.68794320814166,11.5798561516632,12.5378356613257,19.7500629420247,11.062119733883,3.25356462761265
"42047","Elk","Pennsylvania","Pennsylvania","42",9.53437771978562,12.3310186136336,15.6545151502201,20.5934298834334,11.0590521636478,3.25266240107288
"31091","Hooker","Nebraska","Nebraska","31",13.5472370766488,15.6583629893238,24.8046875,24.5977011494253,11.0504640727764,3.25013649199307
"27127","Redwood","Minnesota","Minnesota","27",11.1354861363087,13.4350874079333,15.8010241404535,22.1849865951743,11.0495004588655,3.24985307613692
"19009","Audubon","Iowa","Iowa","19",9.76671186868115,12.2874074791242,15.9472966833258,20.8159252887687,11.0492134200876,3.24976865296694
"19123","Mahaska","Iowa","Iowa","19",13.0899418283876,16.5333810212033,20.5590989279414,24.1292173200382,11.0392754916507,3.24684573283844
"17063","Grundy","Illinois","Illinois","17",12.5341258793252,15.2243267930626,19.075216294821,23.5707262255935,11.0366003462683,3.24605892537303
"27099","Mower","Minnesota","Minnesota","27",12.8809912745528,14.7462037360674,16.1673633689426,23.9161309612797,11.0351396867269,3.24562931962557
"20049","Elk","Kansas","Kansas","20",10.4502271788517,10.5777400169924,17.914691943128,21.4819069500287,11.031679771177,3.244611697405
"36099","Seneca","New York","New York","36",14.2122045719163,17.4806294149641,18.6160042309101,25.2421868418836,11.0299822699672,3.24411243234331
"13009","Baldwin","Georgia","Georgia","13",13.3352510032516,16.1466532867598,19.2493647409147,24.3619740110147,11.0267230077631,3.24315382581267
"22033","East Baton Rouge Parish","Louisiana","Louisiana","22",27.508136503466,30.7738259630486,33.7343651880772,38.5341739302135,11.0260374267475,3.24295218433751
"47155","Sevier","Tennessee","Tennessee","47",10.806807687367,13.518826292047,14.6388955390631,21.8318309937767,11.0250233064097,3.24265391364991
"18093","Lawrence","Indiana","Indiana","18",9.38759369311349,10.7267640360062,12.9375,20.4115891569261,11.0239954638126,3.24235160700372
"37171","Surry","North Carolina","North Carolina","37",9.37528616335317,12.0386771589197,14.8023004092984,20.3909679705494,11.0156818071963,3.23990641388126
"53071","Walla Walla","Washington","Washington","53",18.7565750837793,23.3038409093289,25.7290090872138,29.7657482704212,11.0091731866419,3.2379921137182
"30017","Custer","Montana","Montana","30",16.012565535861,18.8131416541283,20.0668819185611,27.0189201661283,11.0063546302673,3.23716312654919
"06065","Riverside","California","California","06",14.5618892283666,16.6317201269908,20.4927560028949,25.5678901223456,11.006000893979,3.2370590864644
"37061","Duplin","North Carolina","North Carolina","37",6.62463271420972,10.4656057340343,11.0225194942966,17.6292793871199,11.0046466729102,3.23666078615007
"05117","Prairie","Arkansas","Arkansas","05",7.23223006472331,9.03818517393024,10.1484654035842,18.2319489919007,10.9997189271774,3.23521144916983
"19109","Kossuth","Iowa","Iowa","19",11.8170061429033,13.5539592953651,17.9473304473304,22.8166570271833,10.99965088428,3.23519143655295
"48431","Sterling","Texas","Texas","48",13.4948096885813,17.1397379912664,20.7980652962515,24.4922341696535,10.9974244810722,3.23453661208006
"48145","Falls","Texas","Texas","48",8.50219884455911,9.58128693918372,11.8144159072805,19.4992976947864,10.9970988502273,3.23444083830215
"13101","Echols","Georgia","Georgia","13",4.72779369869227,8.35256114443932,7.46766791823112,15.7247037374658,10.9969100387735,3.23438530552163
"08061","Kiowa","Colorado","Colorado","08",9.13120567375887,16.1290322580645,23.0068337129841,20.1213346814965,10.9901290077376,3.2323908846287
"28043","Grenada","Mississippi","Mississippi","28",10.8059160881376,13.5127768313458,15.9735283873215,21.7958557175748,10.9899396294372,3.23233518512858
"19031","Cedar","Iowa","Iowa","19",12.7541463887256,16.2557702083997,19.7273114521989,23.7331719860838,10.9790255973582,3.22912517569357
"19111","Lee","Iowa","Iowa","19",10.7242555854127,12.513551184734,14.8663273105386,21.6883281825494,10.9640725971368,3.22472723445199
"24045","Wicomico","Maryland","Maryland","24",18.5217336071648,21.8942097494441,26.6674155860829,29.4844802694899,10.9627466623251,3.22433725362503
"31059","Fillmore","Nebraska","Nebraska","31",11.9145439605588,15.6544617408463,18.4722555849147,22.8772440562834,10.9627000957246,3.22432355756606
"23003","Aroostook","Maine","Maine","23",12.463650227124,14.6464573702861,16.4883635449111,23.4239987228353,10.9603484957113,3.22363191050331
"54035","Jackson","West Virginia","West Virginia","54",8.65046450806941,12.4096095961929,16.2395268605224,19.6085373255108,10.9580728174414,3.22296259336512
"20179","Sheridan","Kansas","Kansas","20",13.3004926108374,15.9055118110236,20.4737732656514,24.2553191489362,10.9548265380987,3.22200780532316
"51520","Bristol city","Virginia","Virginia","51",13.8758089943419,17.0691656272656,19.2561196769905,24.8286553524804,10.9528463581386,3.22142539945252
"30051","Liberty","Montana","Montana","30",16.8946647221315,17.6190475693425,20.252403698883,27.8471711976488,10.9525064755173,3.22132543397567
"37169","Stokes","North Carolina","North Carolina","37",7.26583708766752,9.30320520561351,12.2972006943942,18.2135297099073,10.9476926222398,3.2199095947764
"31127","Nemaha","Nebraska","Nebraska","31",18.465994499026,22.9264316282861,24.6315789473684,29.4117647058824,10.9457702068564,3.21934417848717
"37015","Bertie","North Carolina","North Carolina","37",8.04794545947511,8.82375511944886,11.1663873824206,18.9904397705545,10.9424943110794,3.21838067972923
"18091","LaPorte","Indiana","Indiana","18",11.7457443211549,13.9874937265168,16.7761568299659,22.6788528206744,10.9331084995195,3.21562014691751
"21187","Owen","Kentucky","Kentucky","21",7.35519383904083,9.11561600853822,18.0975413139863,18.2831096480122,10.9279158089713,3.21409288499157
"30065","Musselshell","Montana","Montana","30",11.4296900539829,16.6928618577343,13.3038251857425,22.3557064507704,10.9260163967876,3.21353423434929
"36013","Chautauqua","New York","New York","36",14.2059703506598,16.9415186898959,20.4701310243369,25.1206908274971,10.9147204768373,3.21021190495215
"16009","Benewah","Idaho","Idaho","16",8.79132359062699,11.4359397485922,13.2391903146082,19.7058007216209,10.9144771309939,3.21014033264526
"51053","Dinwiddie","Virginia","Virginia","51",8.44772551164202,11.0262865637341,14.0761362929212,19.3611601019008,10.9134345902588,3.2098337030173
"39175","Wyandot","Ohio","Ohio","39",8.68323932873755,9.84963900112605,13.1621394928705,19.5902016155513,10.9069622868138,3.20793008435699
"42005","Armstrong","Pennsylvania","Pennsylvania","42",8.08290724950622,10.4473562987651,14.3311520686703,18.9897313556685,10.9068241061623,3.20788944298891
"18137","Ripley","Indiana","Indiana","18",9.81670487810946,11.5228666062626,14.8921584137531,20.7198150196039,10.9031101414944,3.20679710043954
"36023","Cortland","New York","New York","36",18.2440256869144,18.8403833779253,23.6558785763672,29.1366783777331,10.8926526908186,3.20372137965254
"26159","Van Buren","Michigan","Michigan","26",12.1052102223427,14.3152075139824,18.3843776882112,22.9942273114413,10.8890170890986,3.20265208502899
"31181","Webster","Nebraska","Nebraska","31",10.3335473452984,13.7456997276828,16.6975881261596,21.2184003315375,10.8848529862391,3.20142734889387
"56035","Sublette","Wyoming","Wyoming","56",21.3680577345466,21.5628090999011,28.540680154972,32.2526121696374,10.8845544350908,3.20133953973258
"27131","Rice","Minnesota","Minnesota","27",19.2859929973624,22.3802396800791,27.9352739717329,30.1688101057633,10.8828171084009,3.20082856129438
"55043","Grant","Wisconsin","Wisconsin","55",14.711934052958,17.1526528495998,19.4046934565135,25.5879384690663,10.8760044161083,3.19882482826716
"40073","Kingfisher","Oklahoma","Oklahoma","40",13.426534063091,16.1398045335935,18.5447912444264,24.2927794263106,10.8662453632195,3.19595451859398
"20209","Wyandotte","Kansas","Kansas","20",10.346851282679,12.0445511758861,15.4185067059208,21.1973851290975,10.8505338464185,3.19133348424072
"48243","Jeff Davis","Texas","Texas","48",25.0580046403712,35.0641025641026,30.6348281887012,35.9058207979071,10.8478161575359,3.19053416398115
"48133","Eastland","Texas","Texas","48",10.9845578309232,12.6776789533913,16.9644294221793,21.822308690013,10.8377508590897,3.18757378208521
"47017","Carroll","Tennessee","Tennessee","47",7.26966112436159,11.1311278941649,15.9075806369166,18.1044585987261,10.8347974743645,3.18670513951898
"55121","Trempealeau","Wisconsin","Wisconsin","55",10.0552178278015,13.277224751256,17.0940349701694,20.8799257776259,10.8247079498244,3.18373763230129
"54051","Marshall","West Virginia","West Virginia","54",9.66260982067024,10.68523118685,13.5333277155136,20.4864233051609,10.8238134844907,3.18347455426197
"37045","Cleveland","North Carolina","North Carolina","37",11.1321960377272,13.2678360143568,15.8728609718856,21.9523392777722,10.820143240045,3.18239507060148
"47051","Franklin","Tennessee","Tennessee","47",13.0563710860039,15.3333588660926,17.7185163887292,23.8759229957806,10.8195519097767,3.18222114993432
"16003","Adams","Idaho","Idaho","16",10.7885547461218,14.8808609444486,19.409540439936,21.6068001096792,10.8182453635573,3.18183687163451
"28015","Carroll","Mississippi","Mississippi","28",10.3376623376623,10.9113888498806,13.6122809400897,21.1546171321662,10.8169547945039,3.18145729250115
"30075","Powder River","Montana","Montana","30",15.3119761521617,15.9592021217967,15.7809124917257,26.1254612546125,10.8134851024509,3.18043679483849
"56023","Lincoln","Wyoming","Wyoming","56",15.2310735006427,17.1842286220895,23.2127611449407,26.0408455750627,10.80977207442,3.1793447277706
"23001","Androscoggin","Maine","Maine","23",12.5507273195818,14.3660149511113,18.5747314021663,23.355655328108,10.8049280085262,3.1779200025077
"38095","Towner","North Dakota","North Dakota","38",12.6990608411597,16.1400097228974,22.8450874020494,23.5016835016835,10.8026226605238,3.1772419589776
"16005","Bannock","Idaho","Idaho","16",19.8416731309559,24.948596512319,27.1967117333119,30.6407504846303,10.7990773536744,3.17619922166895
"29137","Monroe","Missouri","Missouri","29",8.08047023186651,9.49774728691519,12.1654501216545,18.8758254147206,10.7953551828541,3.17510446554531
"48439","Tarrant","Texas","Texas","48",23.9767062046275,26.6365945885274,29.0546393145865,34.7714618598179,10.7947556551904,3.17492813387952
"36115","Washington","New York","New York","36",11.5833093089515,14.2881675074031,17.0282870847716,22.3720745735819,10.7887652646305,3.17316625430307
"42025","Carbon","Pennsylvania","Pennsylvania","42",8.41052323099252,10.9594196532102,15.4814120853383,19.1970923509004,10.7865691199079,3.17252032938466
"29195","Saline","Missouri","Missouri","29",11.8831296163148,15.7853144550543,15.7652019237104,22.664686825054,10.7815572087392,3.17104623786447
"28035","Forrest","Mississippi","Mississippi","28",19.7931001265038,22.8338995357438,26.7072196074949,30.5712901935185,10.7781900670147,3.17005590206316
"45083","Spartanburg","South Carolina","South Carolina","45",14.2781983289367,18.1687443570596,20.8585617959262,25.053683129493,10.7754848005563,3.16926023545774
"16021","Boundary","Idaho","Idaho","16",13.2771760229219,14.7133354695898,14.1597650972999,24.0473347085007,10.7701586855788,3.16769373105259
"39157","Tuscarawas","Ohio","Ohio","39",9.03391571300199,12.1956006961689,14.6685764374859,19.8001063596834,10.7661906466814,3.16652666078866
"18113","Noble","Indiana","Indiana","18",8.034210160526,11.0807604910811,12.6462938881665,18.7981413914616,10.7639312309356,3.16586212674577
"47139","Polk","Tennessee","Tennessee","47",5.81310108332345,7.50474279334343,10.9537372528375,16.5637705164885,10.750669433165,3.16196159798971
"29213","Taney","Missouri","Missouri","29",14.2626484395202,14.9101629756875,19.0334927811541,25.0070316295482,10.744383190028,3.1601127029494
"24031","Montgomery","Maryland","Maryland","24",49.8731244687473,54.5549878901236,56.9034830460937,60.6121988430058,10.7390743742585,3.15855128654661
"27001","Aitkin","Minnesota","Minnesota","27",9.52662251327172,11.3025922115366,14.5623299727956,20.2635524343092,10.7369299210374,3.15792056501101
"42097","Northumberland","Pennsylvania","Pennsylvania","42",8.62576649701502,11.0653925585888,13.7957641659986,19.3613344353445,10.7355679383295,3.15751998186161
"27091","Martin","Minnesota","Minnesota","27",13.0364605642504,16.0897201954795,18.3838060568753,23.7717794915738,10.7353189273234,3.15744674333041
"26113","Missaukee","Michigan","Michigan","26",8.03625309987472,10.1944874006448,13.5300296119124,18.7655458314141,10.7292927315394,3.1556743328057
"31113","Logan","Nebraska","Nebraska","31",13.3828996282528,10.4961832061069,14.8496240601504,24.1121495327103,10.7292499044575,3.15566173660514
"51117","Mecklenburg","Virginia","Virginia","51",9.95540167808178,12.08388599439,13.7399701794297,20.6819769472581,10.7265752691763,3.15487507916951
"38083","Sheridan","North Dakota","North Dakota","38",8.15533980582524,9.6875,14.8737137511693,18.8679245283019,10.7125847224766,3.15076021249313
"48141","El Paso","Texas","Texas","48",15.2384610927607,16.6077539970411,20.2749170087971,25.9489406031114,10.7104795103507,3.15014103245608
"28069","Kemper","Mississippi","Mississippi","28",7.87772495575729,10.3108657270085,10.4306767777937,18.5859936486712,10.7082686929139,3.14949079203351
"31019","Buffalo","Nebraska","Nebraska","31",23.6650318340224,30.2229269942436,31.5501278864512,34.3699782588146,10.7049464247923,3.14851365435067
"29027","Callaway","Missouri","Missouri","29",13.9364661103749,16.4732281026922,22.5464920421714,24.6399127450037,10.7034466346288,3.14807253959671
"47115","Marion","Tennessee","Tennessee","47",6.44636492969652,9.48713208890273,14.8206927260556,17.1491681549018,10.7028032252053,3.14788330153096
"18085","Kosciusko","Indiana","Indiana","18",14.362705025644,14.8574411818045,20.1555296119675,25.0553056559251,10.692600630281,3.14488253831795
"18007","Benton","Indiana","Indiana","18",9.15248637039485,13.0074699577785,14.8516520566419,19.8408667682411,10.6883803978462,3.14364129348418
"35007","Colfax","New Mexico","New Mexico","35",14.7076478979274,18.5227987615101,20.4992894617382,25.3959702618252,10.6883223638978,3.14362422467583
"54025","Greenbrier","West Virginia","West Virginia","54",11.4911835123882,13.6380421802785,16.290259992239,22.1711707948707,10.6799872824825,3.14117273014191
"05109","Pike","Arkansas","Arkansas","05",8.45194076982696,10.0612468885077,12.4351869764266,19.1259931895573,10.6740524197304,3.13942718227364
"40143","Tulsa","Oklahoma","Oklahoma","40",23.6920213557682,26.9058103312468,29.4720247605429,34.3575369084046,10.6655155526364,3.13691633901071
"17067","Hancock","Illinois","Illinois","17",14.446348049447,15.6295819054613,18.4495385655136,25.1080172827652,10.6616692333183,3.13578506862302
"54107","Wood","West Virginia","West Virginia","54",13.4579550348715,15.2396295396199,18.7949170260029,24.1148341303297,10.6568790954582,3.13437620454653
"46037","Day","South Dakota","South Dakota","46",11.3340448239061,15.3881488286633,14.7885602542166,21.9896640826873,10.6556192587813,3.13400566434743
"31003","Antelope","Nebraska","Nebraska","31",9.87895353377587,14.3348856043734,15.7614483493078,20.533208606174,10.6542550723981,3.13360443305827
"48223","Hopkins","Texas","Texas","48",11.2246544398512,15.0502309193925,15.1607242220605,21.8754906578741,10.6508362180229,3.13259888765379
"17175","Stark","Illinois","Illinois","17",10.7825295723385,13.3580705009276,15.788218459337,21.4285714285714,10.6460418562329,3.13118878124498
"45071","Newberry","South Carolina","South Carolina","45",12.451228798866,14.8318693896667,18.9590782677791,23.0889533109551,10.6377245120892,3.12874250355563
"38049","McHenry","North Dakota","North Dakota","38",9.68734331149326,13.1686629314989,15.6344618959735,20.3171998906207,10.6298565791275,3.12642840562572
"54041","Lewis","West Virginia","West Virginia","54",8.24495368684011,11.2365787256291,14.4838079561876,18.873144965205,10.6281912783649,3.12593861128379
"20185","Stafford","Kansas","Kansas","20",16.510989010989,18.4388444990781,20.7614708753661,27.1371407784649,10.6261517674759,3.12533875513997
"01111","Randolph","Alabama","Alabama","01",7.74457417641188,10.0189824742063,11.8779888845806,18.3577010335266,10.6131268571147,3.12150789915139
"38101","Ward","North Dakota","North Dakota","38",18.9725470314642,22.1261770430432,26.2562794478488,29.5822542506474,10.6097072191832,3.12050212328918
"41043","Linn","Oregon","Oregon","41",10.9597295442339,13.371140441096,16.1477510352666,21.5692240817214,10.6094945374875,3.12043956984925
"05049","Fulton","Arkansas","Arkansas","05",5.35924058504111,10.4816437681344,10.3444338943901,15.9628565111652,10.603615926124,3.11871056650707
"47079","Henry","Tennessee","Tennessee","47",8.52331693406801,12.1032923611681,15.7389216328313,19.1265188206305,10.6032018865625,3.11858879016543
"17195","Whiteside","Illinois","Illinois","17",9.85135827780625,11.3293089401451,15.3611090407692,20.4535464018825,10.6021881240762,3.11829062472829
"12105","Polk","Florida","Florida","12",12.854308100314,14.9196221428124,18.2260853402355,23.4551376270593,10.6008295267453,3.11789103727802
"31035","Clay","Nebraska","Nebraska","31",11.6921146203723,16.1579509071505,17.8660612939841,22.2807858169621,10.5886711965898,3.11431505782054
"19093","Ida","Iowa","Iowa","19",10.9989181391994,13.6287156477846,18.8417454252966,21.5848735925218,10.5859554533224,3.11351630980069
"19175","Union","Iowa","Iowa","19",12.7596084984483,14.7206904818988,16.7530021191429,23.3455433455433,10.585934847095,3.1135102491456
"23025","Somerset","Maine","Maine","23",10.4799403231554,11.7810244900754,14.7924579255731,21.0638964293172,10.5839561061618,3.11292826651817
"55081","Monroe","Wisconsin","Wisconsin","55",10.7709830187039,13.1863474081756,16.635575362983,21.3479905134286,10.5770074947248,3.11088455727199
"27143","Sibley","Minnesota","Minnesota","27",8.8519313304721,11.5847542627884,14.2290961817303,19.4252764911617,10.5733451606896,3.10980740020283
"21087","Green","Kentucky","Kentucky","21",6.83772733681094,9.09432544156332,10.4316094123569,17.3928874863454,10.5551601495345,3.10445886751014
"55071","Manitowoc","Wisconsin","Wisconsin","55",12.08847137195,15.4710289591153,18.4611063321805,22.6359528121456,10.5474814401957,3.10220042358696
"51073","Gloucester","Virginia","Virginia","51",14.719471947171,17.6298715248934,21.1305726326983,25.2654365529327,10.5459646057617,3.10175429581227
"48331","Milam","Texas","Texas","48",10.0062701145174,11.6297236926031,13.69214300246,20.5507997296688,10.5445296151514,3.10133223975042
"21073","Franklin","Kentucky","Kentucky","21",21.3192177682949,23.8449050627757,27.4442894869588,31.8568294020845,10.5376116337896,3.09929753934987
"31179","Wayne","Nebraska","Nebraska","31",19.836161401109,28.0348014636987,33.7788810387626,30.3734895642622,10.5373281631532,3.09921416563329
"20063","Gove","Kansas","Kansas","20",13.6343277219714,18.4433892924846,18.0492709904475,24.1653418124006,10.5310140904292,3.09735708542036
"02110","Juneau City and Borough","Alaska","Alaska","02",30.7113944055797,36.0168852706166,35.8694634329057,41.2387902233163,10.5273958177366,3.0962928875696
"39119","Muskingum","Ohio","Ohio","39",10.0576320314691,12.631807787751,13.7971931121985,20.5811138014528,10.5234817699837,3.09514169705404
"36123","Yates","New York","New York","36",14.9722602881822,18.1690433221016,23.1253764886457,25.4924062648315,10.5201459766494,3.09416058136746
"39147","Seneca","Ohio","Ohio","39",10.0747286314297,12.4788709720694,15.7260009647853,20.5936970153672,10.5189683839376,3.09381423056987
"29167","Polk","Missouri","Missouri","29",11.9796739248327,14.6289979718973,17.2396325779251,22.493657803251,10.5139838784183,3.0923481995348
"26049","Genesee","Michigan","Michigan","26",12.7660821290742,16.2281222622252,18.9634442545512,23.2793392434651,10.5132571143909,3.09213444540908
"49057","Weber","Utah","Utah","49",17.9816560246765,19.9406616395618,22.1538706280547,28.4905462551987,10.5088902305222,3.09085006780064
"51011","Appomattox","Virginia","Virginia","51",8.69769763487632,10.5151592591279,13.9240706544392,19.1980248595266,10.5003272246503,3.08833153666186
"37167","Stanly","North Carolina","North Carolina","37",9.39408312088694,12.748695157873,15.8460901944559,19.8905994971106,10.4965163762237,3.08721069888931
"04011","Greenlee","Arizona","Arizona","04",10.3726189708823,12.1944048392435,12.3802923053027,20.8660181989332,10.4933992280508,3.08629389060319
"18021","Clay","Indiana","Indiana","18",9.84132864110638,12.7658344891355,13.2373151558463,20.328630884817,10.4873022437107,3.0845006599149
"26075","Jackson","Michigan","Michigan","26",12.9233659018358,16.2585793975592,18.5153426274167,23.406501756752,10.4831358549162,3.08327525144594
"30081","Ravalli","Montana","Montana","30",18.205868845781,22.5035614530814,24.732257102123,28.6819070281295,10.4760381823485,3.08118770069075
"29205","Shelby","Missouri","Missouri","29",8.04816223067174,12.5081717149706,13.9880952380952,18.5221195916383,10.4739573609666,3.08057569440193
"31119","Madison","Nebraska","Nebraska","31",13.238017671293,17.0088339538983,20.9554322630108,23.7042126508352,10.4661949795422,3.07829264104182
"01029","Cleburne","Alabama","Alabama","01",6.53003422609309,9.22058292645856,9.47606409122186,16.9922762380736,10.4622420119805,3.07713000352368
"55103","Richland","Wisconsin","Wisconsin","55",10.7524980104342,14.08876933423,14.5871780470192,21.1967054263566,10.4442074159224,3.07182571056542
"28115","Pontotoc","Mississippi","Mississippi","28",8.05504966928287,11.4156009931424,11.8622185498864,18.4982836145627,10.4432339452798,3.07153939567053
"46053","Gregory","South Dakota","South Dakota","46",11.7499991780162,11.9988120376194,15.8387096774194,22.1903052064632,10.440306028447,3.07067824366089
"48071","Chambers","Texas","Texas","48",11.4944381750766,12.0809885001223,16.8017752819166,21.9343378659806,10.4398996909041,3.07055873261884
"01097","Mobile","Alabama","Alabama","01",15.5338551757665,18.6409032391889,20.2881497750923,25.9704653384863,10.4366101627198,3.06959122432935
"51171","Shenandoah","Virginia","Virginia","51",11.1579451127747,14.6870454425384,18.3993708470051,21.5942705900669,10.4363254772922,3.06950749332124
"13269","Taylor","Georgia","Georgia","13",7.09705002137666,8.50911691097605,8.75251509054326,17.5297410776767,10.4326910563,3.0684385459706
"17149","Pike","Illinois","Illinois","17",8.06300196591324,9.92116722739773,12.940145488344,18.4930159354712,10.4300139695579,3.06765116751704
"17087","Johnson","Illinois","Illinois","17",9.13897620685335,11.7035139361924,14.9234352266103,19.5576619273302,10.4186857204768,3.06431932955201
"37197","Yadkin","North Carolina","North Carolina","37",7.10052669264103,10.2824311855339,12.2231824571233,17.5177859723619,10.4172592797209,3.0638997881532
"20123","Mitchell","Kansas","Kansas","20",15.7785179017485,16.8568353067815,21.608832807571,26.1952692501258,10.4167513483773,3.06375039658155
"13311","White","Georgia","Georgia","13",13.5695883137761,15.4446948332714,19.9567533357945,23.9752701781716,10.4056818643955,3.06049466599866
"37023","Burke","North Carolina","North Carolina","37",10.6105161378472,12.7806382308343,16.2498347189926,21.0145707999323,10.4040546620851,3.06001607708386
"37013","Beaufort","North Carolina","North Carolina","37",10.8491838234668,16.0133604846757,18.3342852822611,21.240234375,10.3910505515332,3.05619133868624
"26051","Gladwin","Michigan","Michigan","26",6.48457076054121,9.18177845750492,11.6335845451651,16.8724066390042,10.3878358784629,3.05524584660675
"36007","Broome","New York","New York","36",20.6601196716377,22.6506782836224,25.9303202485275,31.0432978959534,10.3831782243157,3.05387594832816
"55083","Oconto","Wisconsin","Wisconsin","55",8.51720647772111,10.6011742330303,13.7647146475796,18.8998302207131,10.382623742992,3.05371286558587
"51035","Carroll","Virginia","Virginia","51",6.52752345092318,9.47858415155512,12.1393047672384,16.9076651103758,10.3801416594526,3.05298284101547
"29147","Nodaway","Missouri","Missouri","29",17.5199241020418,23.5516540959602,23.476046474614,27.9000642673522,10.3801401653103,3.05298240156186
"48213","Henderson","Texas","Texas","48",10.3007127389377,12.0794259097317,14.1508913295909,20.6746771401944,10.3739644012567,3.05116600036961
"16087","Washington","Idaho","Idaho","16",10.2563180845991,12.6872674796112,15.7565034455393,20.6302628221485,10.3739447375494,3.05116021692629
"38103","Wells","North Dakota","North Dakota","38",11.3347711478553,13.7012113055182,18.9305470190535,21.7071376011773,10.3723664533221,3.05069601568296
"42127","Wayne","Pennsylvania","Pennsylvania","42",13.0543167317129,14.5591832716213,18.3501683501683,23.4211985283,10.3668817965871,3.04908288134916
"29113","Lincoln","Missouri","Missouri","29",8.00000000002056,9.65050639216337,13.1665238840802,18.3630344438966,10.363034443876,3.04795130702236
"13243","Randolph","Georgia","Georgia","13",6.00544046871731,9.47104327827723,14.3788343558282,16.3667315175097,10.3612910487924,3.04743854376248
"42057","Fulton","Pennsylvania","Pennsylvania","42",7.36709491330024,9.30111111375959,11.2718156397647,17.7271021021021,10.3600071888019,3.0470609378829
"21091","Hancock","Kentucky","Kentucky","21",6.91577208918249,8.14446287083103,11.4394993045897,17.2697899838449,10.3540178946624,3.04529938078306
"31011","Boone","Nebraska","Nebraska","31",9.38859629035951,13.0865989356555,14.1806722689076,19.7414489631026,10.3528526727431,3.04495666845385
"41011","Coos","Oregon","Oregon","41",12.2955820741603,15.0267542489239,17.8398978909089,22.6476353834844,10.3520533093242,3.04472156156593
"29021","Buchanan","Missouri","Missouri","29",13.5091214362762,16.8703211681422,20.3059758921466,23.8531949524826,10.3440735162064,3.04237456359012
"48047","Brooks","Texas","Texas","48",6.61873546204272,6.84757260970956,9.46330777656079,16.9621273166801,10.3433918546374,3.04217407489335
"12019","Clay","Florida","Florida","12",17.9171042322602,20.0913745211206,23.4960945323493,28.2604299634746,10.3433257312143,3.04215462682775
"46003","Aurora","South Dakota","South Dakota","46",11.0417666826692,12.7227722772277,14.5415084102008,21.3836477987421,10.3418811160729,3.04172974002144
"42059","Greene","Pennsylvania","Pennsylvania","42",11.329637559307,12.234310810052,15.0407854427343,21.6704559052292,10.3408183459221,3.04141716056534
"22037","East Feliciana Parish","Louisiana","Louisiana","22",8.9106514616148,11.292096395118,13.0041931677222,19.2508165960108,10.340165134396,3.04122503952825
"48019","Bandera","Texas","Texas","48",16.8972467223382,19.4026109791169,22.7544831607575,27.2362685265911,10.3390218042529,3.04088876595673
"02105","Hoonah-Angoon Census Area","Alaska","Alaska","02",14.2816264929188,20.2458559851079,25.4446105239895,24.6188594014681,10.3372329085493,3.04036262016155
"39127","Perry","Ohio","Ohio","39",5.82146760569205,6.8991299642314,10.1362969175928,16.1505768063145,10.3291092006225,3.03797329430073
"48101","Cottle","Texas","Texas","48",10.7351984385166,15.2757078986587,16.7796610169492,21.0640608034745,10.3288623649579,3.03790069557585
"40043","Dewey","Oklahoma","Oklahoma","40",12.0689550174413,16.5861005164259,20.4925521729687,22.3954642097803,10.326509192339,3.03720858598205
"18033","DeKalb","Indiana","Indiana","18",9.87583615645776,12.4001373095275,16.3016067440017,20.200971361581,10.3251352051232,3.03680447209506
"05037","Cross","Arkansas","Arkansas","05",8.02993839389038,9.86946671608906,11.9490750066594,18.3542101600557,10.3242717661653,3.03655051946038
"22087","St. Bernard Parish","Louisiana","Louisiana","22",7.2731150292171,8.9333019008522,11.4419173178504,17.5970790964308,10.3239640672137,3.03646001976873
"35047","San Miguel","New Mexico","New Mexico","35",16.1791076013139,21.1697604706748,21.2951718864705,26.50192586664,10.3228182653261,3.03612301921355
"40027","Cleveland","Oklahoma","Oklahoma","40",25.9063439573153,28.0194987765077,31.3830419507073,36.2198993418506,10.3135553845353,3.03339864251037
"13083","Dade","Georgia","Georgia","13",8.13312993848976,10.8861019736842,16.9489981785064,18.4458329666461,10.3127030281564,3.03314794945776
"01041","Crenshaw","Alabama","Alabama","01",8.41195856593406,11.2106140978778,11.0266962118814,18.7122957113085,10.3003371453745,3.02951092511014
"35019","Guadalupe","New Mexico","New Mexico","35",6.08424906140463,10.2936481144408,9.23028453705431,16.3843648208469,10.3001157594423,3.02944581160067
"05065","Izard","Arkansas","Arkansas","05",9.42540914862623,11.6757632937839,11.432493315482,19.7193780811528,10.2939689325266,3.02763792133135
"21221","Trigg","Kentucky","Kentucky","21",11.4495362037934,11.9928065639638,16.8309998028002,21.7404072043853,10.2908710005918,3.02672676487995
"18031","Decatur","Indiana","Indiana","18",9.67525223639129,11.4686170803909,13.6989471248409,19.9657761095165,10.2905238731252,3.02662466856622
"54071","Pendleton","West Virginia","West Virginia","54",8.20607175708837,10.7861689317048,12.0647203658108,18.4794797039695,10.2734079468811,3.0215905726121
"39087","Lawrence","Ohio","Ohio","39",8.24855299727173,10.2578865299343,14.9462039349313,18.5218187668622,10.2732657695905,3.02154875576191
"41035","Klamath","Oregon","Oregon","41",12.415281284091,15.9034965957292,19.4811594680015,22.6848484848485,10.2695672007575,3.02046094139925
"48479","Webb","Texas","Texas","48",11.1109134731343,13.927352067942,16.9204537029057,21.3781479920915,10.2672345189573,3.01977485851685
"28029","Copiah","Mississippi","Mississippi","28",9.40984735244202,11.5943686806211,13.2988646660626,19.6749358426005,10.2650884901585,3.01914367357603
"54089","Summers","West Virginia","West Virginia","54",8.50738665308202,10.0946033111159,13.5403726708075,18.7723674221885,10.2649807691065,3.01911199091367
"01101","Montgomery","Alabama","Alabama","01",24.2083122346527,28.5081575186427,30.9206930476607,34.4626867657429,10.2543745310901,3.01599250914416
"17165","Saline","Illinois","Illinois","17",9.36182019977803,12.0920987245321,13.8485841329277,19.6149075660032,10.2530873662252,3.0156139312427
"16083","Twin Falls","Idaho","Idaho","16",13.2693695900402,16.0251951193141,15.9823758693055,23.5203310779741,10.2509614879339,3.01498867292175
"28075","Lauderdale","Mississippi","Mississippi","28",13.3184135405828,16.1763516046951,18.8037948050954,23.5658629363765,10.2474493957937,3.0139557046452
"36089","St. Lawrence","New York","New York","36",15.0642838580227,16.4185695360101,20.1098514189536,25.310871000829,10.2465871428063,3.01370210082539
"31141","Platte","Nebraska","Nebraska","31",12.7676756059739,17.1780937996473,17.2736432992659,23.0134799574317,10.2458043514578,3.01347186807582
"17135","Montgomery","Illinois","Illinois","17",8.06926295156686,11.1909545618425,12.4117140294863,18.3059170144856,10.2366540629188,3.01078060674082
"12017","Citrus","Florida","Florida","12",10.3810562982459,13.1509880535954,16.3549920760836,20.6160900439295,10.2350337456836,3.01030404284811
"06051","Mono","California","California","06",21.9200972201124,28.9255245561448,29.1102614446626,32.152295194284,10.2321979741716,3.00946999240342
"05105","Perry","Arkansas","Arkansas","05",6.23804056639878,11.0803324099723,9.74769061078175,16.4686377452335,10.2305971788347,3.0089991702455
"01129","Washington","Alabama","Alabama","01",6.73694779116466,8.62099644128114,9.54934694230603,16.9618592446818,10.2249114535172,3.00732689809329
"19025","Calhoun","Iowa","Iowa","19",11.5963668035337,15.3865684905421,19.0580804613483,21.8197375926982,10.2233707891646,3.00687376151899
"19119","Lyon","Iowa","Iowa","19",10.2127659574468,14.2459212097095,16.3490603233014,20.4265159301131,10.2137499726662,3.00404410960772
"31107","Knox","Nebraska","Nebraska","31",8.80608365019011,14.3918291550604,17.8238849861134,19.0094175095919,10.2033338594018,3.00098054688288
"22019","Calcasieu Parish","Louisiana","Louisiana","22",14.6539396973231,16.8614485368382,19.7869611812559,24.8525372271216,10.1985975297984,2.99958750876425
"26121","Muskegon","Michigan","Michigan","26",11.1492145508836,13.8872298270072,16.7601163713487,21.3461664161056,10.1969518652221,2.9991034897712
"47025","Claiborne","Tennessee","Tennessee","47",8.0186601617807,8.91589906823347,13.2272056521934,18.2152320711172,10.1965719093365,2.99899173804014
"56007","Carbon","Wyoming","Wyoming","56",14.172497528267,17.1585452066577,17.3360353721444,24.3502051983584,10.1777076700914,2.99344343237982
"36005","Bronx","New York","New York","36",12.2120154226676,14.6458444473523,18.0179401931302,22.3884654605316,10.176450037864,2.99307354054823
"08043","Fremont","Colorado","Colorado","08",11.798599951975,13.4913003777132,15.8561556263115,21.9744483159117,10.1758483639368,2.99289657762846
"06083","Santa Barbara","California","California","06",26.6377257265617,29.4235080438957,31.5414406498916,36.8111537411447,10.173428014583,2.99218471017147
"21149","McLean","Kentucky","Kentucky","21",6.64977834072198,8.65370342882589,10.4926033246912,16.821693205108,10.171914864386,2.99173966599589
"21069","Fleming","Kentucky","Kentucky","21",8.74498742825551,8.80277484235791,13.0220625962032,18.9132507149666,10.1682632867111,2.99066567256209
"47033","Crockett","Tennessee","Tennessee","47",6.39786737754082,9.09184726522188,12.3209751142712,16.5621079046424,10.1642405271016,2.98948250797106
"54099","Wayne","West Virginia","West Virginia","54",9.0214982298856,11.8564328562958,12.0544896651718,19.1849484236525,10.1634501937669,2.98925005699026
"17017","Cass","Illinois","Illinois","17",10.5950729505229,12.6430615996123,11.9696958404176,20.7577682800046,10.1626953294818,2.98902803808287
"19081","Hancock","Iowa","Iowa","19",10.3005332040717,15.4379020286987,16.0483067729084,20.4500592183182,10.1495260142465,2.98515471007249
"16007","Bear Lake","Idaho","Idaho","16",11.4376925099192,11.70723950946,13.8365965411052,21.5817385289371,10.1440460190178,2.98354294676995
"48307","McCulloch","Texas","Texas","48",13.7889273356401,14,19.2096402622718,23.9284383153187,10.1395109796785,2.98220911167016
"55001","Adams","Wisconsin","Wisconsin","55",7.40026081427084,9.97086813099279,11.8109752350519,17.5377468060395,10.1374859917687,2.98161352699078
"05029","Conway","Arkansas","Arkansas","05",9.79990097035792,11.5358867680117,14.4156122975775,19.9370983180637,10.1371973477058,2.98152863167818
"39149","Shelby","Ohio","Ohio","39",11.2333272428284,12.7708058124174,13.7506206554121,21.3702132967444,10.136886053916,2.98143707468117
"21055","Crittenden","Kentucky","Kentucky","21",5.12946574893478,7.32198142414861,10.4201680672269,15.2644996813257,10.1350339323909,2.98089233305615
"28155","Webster","Mississippi","Mississippi","28",10.7673267248679,13.0415364001787,18.1831588261318,20.9006073174345,10.1332805925665,2.98037664487251
"39121","Noble","Ohio","Ohio","39",5.57014512785073,8.06731813246471,8.85863483774711,15.7024046284578,10.1322595006071,2.98007632370796
"19001","Adair","Iowa","Iowa","19",9.81105910903103,11.2028094820018,15.5128205128205,19.9427480916031,10.131688982572,2.97990852428589
"13285","Troup","Georgia","Georgia","13",13.628457108997,17.9651086131359,19.6507981088798,23.7585116989457,10.1300545899488,2.97942782057316
"01033","Colbert","Alabama","Alabama","01",11.5297163822513,14.1048759469034,18.0382749894559,21.6552930033757,10.1255766211243,2.97811077091892
"31133","Pawnee","Nebraska","Nebraska","31",11.0688635403464,14.3626570915619,14.1592920353982,21.1931818181818,10.1243182778354,2.97774066995158
"49041","Sevier","Utah","Utah","49",12.6418927819372,15.2480914042235,15.8655378524766,22.7631859918855,10.1212932099483,2.97685094410244
"55033","Dunn","Wisconsin","Wisconsin","55",19.4483110863069,21.0740555441947,24.0950443361099,29.5621459047353,10.1138348184283,2.97465729953774
"12039","Gadsden","Florida","Florida","12",11.2395554473609,12.940688511012,13.9791055139906,21.3436423884088,10.1040869410479,2.97179027677879
"29073","Gasconade","Missouri","Missouri","29",8.00586223129907,10.4085838000615,15.4975378611911,18.108839727434,10.1029774961349,2.97146396945144
"05021","Clay","Arkansas","Arkansas","05",5.18074482402121,7.39229576464408,9.93952866148862,15.2830742153124,10.1023293912912,2.97127335037976
"48061","Cameron","Texas","Texas","48",11.9768365747167,13.3563913954648,14.871031103635,22.0776344420267,10.10079786731,2.97082290215001
"19139","Muscatine","Iowa","Iowa","19",12.9912836767036,17.1596532351081,16.9216570231799,23.0894365222207,10.098152845517,2.97004495456383
"55027","Dodge","Wisconsin","Wisconsin","55",10.2187252418653,13.232365475434,15.8683105097602,20.3105647758236,10.0918395339583,2.96818809822304
"53065","Stevens","Washington","Washington","53",12.0866198394811,15.3308776280405,18.876732601665,22.1776619209946,10.0910420815135,2.96795355338632
"47143","Rhea","Tennessee","Tennessee","47",8.53074053004072,9.07186496779448,11.2318811895649,18.6209221950603,10.0901816650196,2.96770048971163
"30093","Silver Bow","Montana","Montana","30",17.9139876712232,21.699444698,22.0910636882744,27.9894715529459,10.0754838817227,2.96337761227139
"38105","Williams","North Dakota","North Dakota","38",14.3258842681663,16.5159411404047,19.341485161126,24.3999837007457,10.0740994325793,2.96297042134687
"17181","Union","Illinois","Illinois","17",10.8752261715879,15.7624334202379,19.0929165613668,20.9439528023599,10.068726630772,2.96139018552117
"06089","Shasta","California","California","06",13.7014455210853,16.6006890945776,19.265505180709,23.765487171928,10.0640416508427,2.96001225024785
"01095","Marshall","Alabama","Alabama","01",11.4807819127847,13.8989450923868,15.3433912012602,21.5443497354417,10.063567822657,2.95987288901676
"22099","St. Martin Parish","Louisiana","Louisiana","22",6.70609161505755,8.54616717864872,12.867701007878,16.7638150751471,10.0577234600896,2.95815395884988
"21195","Pike","Kentucky","Kentucky","21",7.73680991728697,9.92133831339268,12.4054596370532,17.7939876215738,10.0571777042869,2.95799344243731
"20001","Allen","Kansas","Kansas","20",12.3875066172578,15.1743435213087,17.3772321428571,22.4371829656718,10.049676348414,2.95578716129824
"37111","McDowell","North Carolina","North Carolina","37",8.05463307289056,8.96809455591607,14.335058277214,18.102269619907,10.0476365470165,2.95518721971072
"21009","Barren","Kentucky","Kentucky","21",8.27772130640385,11.0869480796862,13.5407263384487,18.3231412938526,10.0454199874487,2.9545352904261
"32009","Esmeralda","Nevada","Nevada","32",11.0745614035088,9.56399437412096,12.7968337730871,21.1173184357542,10.0427570322454,2.95375206830748
"42109","Snyder","Pennsylvania","Pennsylvania","42",10.5883849501925,12.5033653739683,15.7388369476665,20.6273835339864,10.0389985837939,2.95264664229233
"30013","Cascade","Montana","Montana","30",18.3889779020244,21.4759655395811,23.0484929084887,28.4242871611762,10.0353092591518,2.95156154680935
"18117","Orange","Indiana","Indiana","18",6.04940346160309,10.1809954751131,13.278319579895,16.0816801104571,10.032276648854,2.95066960260412
"06095","Solano","California","California","06",18.7297167539089,21.3855108087701,24.2355503938147,28.7570372670217,10.0273205131128,2.94921191562142
"47113","Madison","Tennessee","Tennessee","47",16.5652571785063,21.5186611796234,23.8352187564096,26.5916874803703,10.026430301864,2.94895008878354
"48303","Lubbock","Texas","Texas","48",23.4188702863455,24.3705920219388,27.4195326278639,33.4418243176282,10.0229540312828,2.94792765625963
"21085","Grayson","Kentucky","Kentucky","21",6.11825192802057,7.69134253450439,8.70862256898629,16.1406181976491,10.0223662696285,2.94775478518487
"46073","Jerauld","South Dakota","South Dakota","46",11.3309352517986,12.2817579771222,15.0980392156863,21.3474640423921,10.0165287905936,2.94603787958634
"01113","Russell","Alabama","Alabama","01",8.18366885945707,9.66650657605191,14.658921826714,18.1979949874687,10.0143261280116,2.94539003765047
"21213","Simpson","Kentucky","Kentucky","21",8.77696636889472,11.947549847491,15.1528196297891,18.7889450920021,10.0119787231073,2.94469962444333
"27029","Clearwater","Minnesota","Minnesota","27",9.828422230511,14.7058907697965,14.0551445864156,19.8397818305778,10.0113596000668,2.94451752943141
"48027","Bell","Texas","Texas","48",17.1621794584487,19.7974828872954,21.4230058536082,27.1628551860081,10.0006757275594,2.94137521398806
"39125","Paulding","Ohio","Ohio","39",6.92035966602441,7.7891364052487,12.5368843156541,16.9201228878648,9.99976322184042,2.94110682995306
"51101","King William","Virginia","Virginia","51",12.9601119664101,14.8102678571429,19.7265625,22.9575850210164,9.99747305460635,2.94043325135481
"19079","Hamilton","Iowa","Iowa","19",12.7630375114364,17.5229853975122,16.6914084245686,22.7584872811684,9.99544976973198,2.93983816756823
"21077","Gallatin","Kentucky","Kentucky","21",5.01642281277994,6.89035350509287,8.9438283948373,15.0100066711141,9.99358385833414,2.93928937009828
"48203","Harrison","Texas","Texas","48",12.679913920796,15.3820598006645,18.1713722915299,22.6725200579572,9.99260613716127,2.93900180504743
"54075","Pocahontas","West Virginia","West Virginia","54",9.66188172551175,11.821203164658,15.6509904733101,19.654061387146,9.99217966163426,2.9388763710689
"17099","LaSalle","Illinois","Illinois","17",10.5076695537165,13.2854517207786,15.7030008205837,20.4903155547489,9.98264600103239,2.93607235324482
"26129","Ogemaw","Michigan","Michigan","26",7.22204150573029,9.56490151314534,10.8347013511807,17.2021376925495,9.98009618681923,2.93532240788801
"56013","Fremont","Wyoming","Wyoming","56",16.5270041172197,19.6807356960049,21.9283372894767,26.5025887296466,9.97558461242692,2.93399547424321
"29059","Dallas","Missouri","Missouri","29",6.46013631877322,9.52101928115663,14.816765877023,16.4343360234776,9.97419970470441,2.93358814844247
"41053","Polk","Oregon","Oregon","41",21.2457465598137,25.3434974165356,28.5359484453202,31.207946708727,9.96220014891329,2.93005886732744
"21165","Menifee","Kentucky","Kentucky","21",4.90070467648943,8.42629954901495,10.4481024234111,14.8599819331527,9.95927725666323,2.92919919313625
"18161","Union","Indiana","Indiana","18",8.4375710711849,11.0785953177258,18.2215164747916,18.3947157726181,9.9571447014332,2.92857197100976
"29129","Mercer","Missouri","Missouri","29",8.19061801935964,12.1647147714394,13.1487889273356,18.1472081218274,9.95659010246777,2.92840885366699
"27097","Morrison","Minnesota","Minnesota","27",8.98597642453389,12.6455995551636,15.7748098278494,18.9369324335583,9.95095600902438,2.92675176736011
"06091","Sierra","California","California","06",15.8667195557319,17.1653543307087,16.6666666666667,25.8110687022901,9.94434914655822,2.92480857251712
"17061","Greene","Illinois","Illinois","17",9.03200197975849,10.1052950533436,12.4921757686555,18.9705171580474,9.93851517828888,2.92309269949673
"05083","Logan","Arkansas","Arkansas","05",6.76461096505272,9.38333694114783,11.7135653693929,16.7027488027291,9.9381378376764,2.92298171696365
"47161","Stewart","Tennessee","Tennessee","47",7.70992366412214,10.1696912561867,11.7384196185286,17.6476416963932,9.93771803227105,2.9228582447856
"21049","Clark","Kentucky","Kentucky","21",12.982403393874,15.617239020822,18.3326572008114,22.920015308075,9.93761191420102,2.92282703358854
"20053","Ellsworth","Kansas","Kansas","20",12.8063025232345,16.3516378954036,20.1747467193338,22.74,9.93369747676552,2.92167572846045
"29139","Montgomery","Missouri","Missouri","29",7.75236140806516,9.88755412696565,11.4208421547871,17.6820208023774,9.92965939431225,2.92048805715066
"31145","Red Willow","Nebraska","Nebraska","31",14.8987176968639,15.1669005155472,22.2788203753351,24.8281550728622,9.9294373759984,2.92042275764659
"22061","Lincoln Parish","Louisiana","Louisiana","22",26.2477588638703,31.8099353574996,33.6148301043603,36.1759154397886,9.92815657591834,2.92004605174069
"05115","Pope","Arkansas","Arkansas","05",14.7340219636978,18.989952901568,20.0129424388828,24.6618478494239,9.92782588572612,2.91994878991945
"30011","Carter","Montana","Montana","30",10.7558201801968,13.6363663624103,13.6501707475484,20.6827309236948,9.92691074349794,2.91967963044057
"48057","Calhoun","Texas","Texas","48",10.1300016883336,12.0657854288349,15.1844438089791,20.0563339592662,9.9263322709326,2.91950949145077
"27093","Meeker","Minnesota","Minnesota","27",10.0246891023429,13.8737271112152,16.6307835011792,19.9482184687461,9.92352936640326,2.91868510776566
"47015","Cannon","Tennessee","Tennessee","47",6.91093957425895,8.43736279618815,12.5935940099834,16.8337630096438,9.9228234353849,2.91847748099556
"46025","Clark","South Dakota","South Dakota","46",9.79925144607009,11.3628191298094,18.5992217898833,19.7194076383476,9.92015619227753,2.91769299772869
"37027","Caldwell","North Carolina","North Carolina","37",8.87140666297639,10.3883750778614,12.3197866653967,18.7906516209434,9.91924495796698,2.91742498763735
"28097","Montgomery","Mississippi","Mississippi","28",9.45840891422648,10.970625798212,13.2838165976289,19.3744441150311,9.91603520080464,2.91648094141313
"40121","Pittsburg","Oklahoma","Oklahoma","40",10.2854478551647,12.9036661767174,14.9798618390432,20.2006909031091,9.91524304794437,2.91624795527775
"39013","Belmont","Ohio","Ohio","39",9.02662144106812,11.1314898419865,13.8529417557959,18.9376443418014,9.91102290073326,2.91500673550978
"16049","Idaho","Idaho","Idaho","16",12.6583853690185,14.4412889244851,14.8126697731653,22.5686365751512,9.91025120613272,2.91477976650962
"48181","Grayson","Texas","Texas","48",13.971547793583,17.2418557100437,19.2613777667247,23.8804430784463,9.90889528486336,2.91438096613628
"53005","Benton","Washington","Washington","53",23.2962382309843,26.2854691042343,28.5909656606488,33.2016264601503,9.90538822916601,2.91334947916647
"20177","Shawnee","Kansas","Kansas","20",22.3293086821095,26.0444542314598,28.6268280937133,32.2345045400711,9.90519585796156,2.91329289940046
"13059","Clarke","Georgia","Georgia","13",37.4923144699204,39.8235745229341,40.8044096960974,47.3972712895703,9.90495681964991,2.91322259401468
"06109","Tuolumne","California","California","06",14.723944406981,16.1223285527749,17.4219829781847,24.6094781043791,9.88553369739809,2.90750991099944
"18139","Rush","Indiana","Indiana","18",8.69870219107864,10.3078202995008,13.8834371533407,18.5827173081825,9.88401511710387,2.90706326973643
"13209","Montgomery","Georgia","Georgia","13",10.0604090205851,13.469080214287,15.6496400411382,19.9414499741691,9.88104095358402,2.90618851576
"47137","Pickett","Tennessee","Tennessee","47",9.06708753398619,9.0594383643154,12.281630492324,18.9462756293797,9.87918809539352,2.90564355746868
"38041","Hettinger","North Dakota","North Dakota","38",12.1581686752512,14.3579356955238,17.9989396733476,22.0367278797997,9.87855920454849,2.90545858957309
"38075","Renville","North Dakota","North Dakota","38",9.81671254972178,16.0780150190488,17.2457505883812,19.6913580246914,9.87464547496957,2.90430749263811
"30085","Roosevelt","Montana","Montana","30",11.3159574866095,15.6214211890048,15.5268321735522,21.1885449428902,9.87258745628072,2.90370219302374
"20173","Sedgwick","Kansas","Kansas","20",22.1930006958602,25.4146535723029,28.4602601132798,32.065297318496,9.87229662263585,2.90361665371643
"47129","Morgan","Tennessee","Tennessee","47",3.68933590096053,6.0130123274993,6.12692878817225,13.5596458824279,9.87030998146734,2.90303234749039
"36037","Genesee","New York","New York","36",13.9598164101116,16.2816250428808,20.5503342699351,23.8233459674711,9.86352955735947,2.90103810510573
"48067","Cass","Texas","Texas","48",9.04777496530043,11.9974536912658,13.5426900199204,18.9087674211723,9.86099245587186,2.90029189878584
"16019","Bonneville","Idaho","Idaho","16",23.2461078665392,26.1298397849479,26.4596033535901,33.1067233191702,9.86061545263099,2.9001810154797
"53013","Columbia","Washington","Washington","53",15.0611065547469,17.4743541462829,18.6937687437521,24.9182472204055,9.85714066565856,2.89915901931134
"39051","Fulton","Ohio","Ohio","39",10.3078080027825,13.1624944666659,16.7221613195705,20.1596601226573,9.85185211987483,2.89760356466907
"18165","Vermillion","Indiana","Indiana","18",7.76672937382424,11.2094653812445,13.9048799929147,17.6152010280889,9.84847165426461,2.89660931007783
"39091","Logan","Ohio","Ohio","39",8.86109036594473,11.481209532074,15.3411489624265,18.7079574692334,9.84686710328866,2.89613738332019
"42035","Clinton","Pennsylvania","Pennsylvania","42",11.6585054291012,13.3881219383831,17.1142539329414,21.5049046973443,9.84639926824312,2.89599978477739
"27043","Faribault","Minnesota","Minnesota","27",12.0041753653445,13.8299784327822,16.6409266409266,21.8405899585817,9.83641459323721,2.893063115658
"26059","Hillsdale","Michigan","Michigan","26",11.3328658360012,12.0256835235371,14.7974125446529,21.1686217472413,9.83575591124007,2.89286938565885
"18157","Tippecanoe","Indiana","Indiana","18",30.6834615607294,33.1568870369263,35.6981922423073,40.5182690306344,9.83480746990501,2.892590432325
"20011","Bourbon","Kansas","Kansas","20",14.0245760129989,17.802308078274,23.1103915815036,23.8553701326487,9.83079411964981,2.89141003519112
"47019","Carter","Tennessee","Tennessee","47",10.8019361892161,12.811178123532,15.5457141231779,20.6301824212272,9.82824623201113,2.89066065647386
"42089","Monroe","Pennsylvania","Pennsylvania","42",17.5676705704378,20.5156195877384,23.2391781189406,27.3932118447232,9.82554127428543,2.88986508067219
"18123","Perry","Indiana","Indiana","18",6.7639149213593,9.59635621171666,10.1925752361426,16.587335929612,9.8234210082527,2.8892414730155
"36043","Herkimer","New York","New York","36",12.8617036678029,15.6781757256374,20.1889417467014,22.6823584246096,9.82065475680678,2.88842786964905
"38061","Mountrail","North Dakota","North Dakota","38",12.8954485657217,15.6189020897759,18.5976378483437,22.7150537634409,9.81960519771921,2.88811917579977
"26091","Lenawee","Michigan","Michigan","26",12.8508779707378,16.2678235449612,19.4197159615327,22.6693175433289,9.81843957259108,2.88777634487973
"31077","Greeley","Nebraska","Nebraska","31",11.5007673566734,13.4583640714734,15.2321630804077,21.3188220230474,9.818054666374,2.88766313716882
"35013","Dona Ana","New Mexico","New Mexico","35",21.8610267112794,22.2928533485152,25.9638305444235,31.6752413640548,9.81421465277542,2.88653372140454
"01019","Cherokee","Alabama","Alabama","01",6.68518713770913,9.72364579281969,13.127600929579,16.4992901835007,9.81410304579158,2.88650089582105
"42051","Fayette","Pennsylvania","Pennsylvania","42",9.28496717842048,11.4602748552334,13.9825914616219,19.0869092825869,9.80194210416647,2.88292414828425
"21161","Mason","Kentucky","Kentucky","21",10.1523890048224,14.3953846169952,14.2712122493867,19.9531889994149,9.80079999459244,2.88258823370366
"24039","Somerset","Maryland","Maryland","24",9.59688069923013,11.6414435389988,15.3349759474363,19.3939046088504,9.79702390962024,2.88147762047654
"26073","Isabella","Michigan","Michigan","26",21.5234787859363,23.9195630899942,25.2205632846963,31.316287100222,9.79280831428569,2.88023773949579
"29225","Webster","Missouri","Missouri","29",8.54681165633837,11.0376951322472,14.6911733276341,18.3355756294446,9.78876397310619,2.87904822738417
"20079","Harvey","Kansas","Kansas","20",20.3014672742751,22.9532850831845,25.6834945452939,30.0878795788741,9.78641230459897,2.87835656017617
"42061","Huntingdon","Pennsylvania","Pennsylvania","42",9.44104510260676,11.8675968360661,13.653193458809,19.2226526819742,9.78160757936747,2.87694340569632
"47131","Obion","Tennessee","Tennessee","47",8.51552478943673,10.289804180558,14.0791441911065,18.2964714610284,9.78094667159169,2.87674902105638
"27173","Yellow Medicine","Minnesota","Minnesota","27",9.90415228142741,14.3629952752691,17.1567944250871,19.6741098370549,9.76995755562751,2.87351692812574
"22073","Ouachita Parish","Louisiana","Louisiana","22",18.8546583956947,22.7343626303734,22.8045260809783,28.6176960962803,9.76303770058556,2.87148167664281
"20109","Logan","Kansas","Kansas","20",15.9406414552417,17.5413022351798,17.0245398773006,25.7023933402706,9.76175188502881,2.87110349559671
"28007","Attala","Mississippi","Mississippi","28",10.0332169321182,11.6458892220294,17.9016701952482,19.7931925894011,9.7599756572829,2.87058107567144
"36087","Rockland","New York","New York","36",32.9552382196637,37.4975021751205,40.852492137819,42.7086718018311,9.75343358216738,2.86865693593158
"21223","Trimble","Kentucky","Kentucky","21",7.3263800559654,7.64044943820225,14.8632974316487,17.0795306388527,9.75315058288727,2.8685737008492
"05097","Montgomery","Arkansas","Arkansas","05",6.99632897861538,8.83453631535474,10.9788680276383,16.7469318005282,9.75060282191281,2.86782435938612
"21137","Lincoln","Kentucky","Kentucky","21",6.19008066311823,8.4471103452563,8.3612751951062,15.9372764130694,9.74719574995117,2.8668222793974
"53041","Lewis","Washington","Washington","53",11.7975726483175,12.8783662268389,14.9236921775725,21.5443075455248,9.74673489720735,2.86668673447275
"47173","Union","Tennessee","Tennessee","47",4.45063472371397,5.75140322772814,7.70652090230195,14.1849315068493,9.73429678313535,2.86302846562804
"22047","Iberville Parish","Louisiana","Louisiana","22",8.86506071575054,9.56352738770313,12.3550811977682,18.5937942091861,9.72873349343554,2.86139220395163
"18035","Delaware","Indiana","Indiana","18",16.4738206161308,20.3784992545967,22.201384678295,26.1890589569161,9.71523834078528,2.85742304140744
"20165","Rush","Kansas","Kansas","20",11.4930182604527,16.3940806351595,17.9655455291222,21.2078651685393,9.71484690808663,2.85730791414313
"49021","Iron","Utah","Utah","49",21.9218336853862,23.7590391130323,26.5909844420004,31.6355166414099,9.71368295602366,2.85696557530108
"17161","Rock Island","Illinois","Illinois","17",15.0121515668832,17.0828963137761,21.5166883355449,24.7194793536804,9.70732778679719,2.85509640788153
"51049","Cumberland","Virginia","Virginia","51",11.158826643308,11.8390038062899,15.0127608467197,20.8658720372654,9.70704539395741,2.85501335116394
"05017","Chicot","Arkansas","Arkansas","05",8.28842424402024,11.6751269682301,14.1936283624644,17.9929783499122,9.70455410589198,2.85428061938
"55115","Shawano","Wisconsin","Wisconsin","55",9.38972669102109,12.6022615076283,14.9495774812828,19.0925700365408,9.70284334551971,2.85377745456462
"06069","San Benito","California","California","06",14.3894088107738,17.1045512499103,18.377241661312,24.0884800108232,9.69907120004945,2.85266800001454
"28149","Warren","Mississippi","Mississippi","28",19.0576916515984,20.8043934743983,24.0083899445888,28.7565294077742,9.69883775617586,2.85259934005172
"51169","Scott","Virginia","Virginia","51",5.92289931686882,8.33424978618207,11.079296154694,15.620753551575,9.69785423470623,2.85231006903124
"26155","Shiawassee","Michigan","Michigan","26",10.3069811716011,13.7337019559393,14.456612619555,19.9979445015416,9.6909633299405,2.85028333233544
"39145","Scioto","Ohio","Ohio","39",8.49084036056993,10.1060571253542,13.9833838553946,18.1681770617386,9.6773367011687,2.84627550034373
"26067","Ionia","Michigan","Michigan","26",8.86272765219867,10.7704528351569,13.7593239543008,18.537389479994,9.67466182779534,2.84548877288098
"39001","Adams","Ohio","Ohio","39",5.21549232449098,7.23488045007032,10.6510416666667,14.8869212716023,9.67142894711133,2.84453792562098
"21007","Ballard","Kentucky","Kentucky","21",8.74624624624625,10.6486298994103,11.9931856899489,18.4163059163059,9.67005967005967,2.84413519707637
"21235","Whitley","Kentucky","Kentucky","21",11.2651041508271,13.3608570681651,11.6328385337776,20.9243007219748,9.65919657114769,2.84094016798461
"26147","St. Clair","Michigan","Michigan","26",10.6542015102841,12.5707593207105,15.5408681908799,20.311310965064,9.65710945477992,2.84032631022939
"35037","Quay","New Mexico","New Mexico","35",9.93325417531236,13.6866008954831,14.6806340075448,19.5887790883009,9.65552491298856,2.83986026852605
"18119","Owen","Indiana","Indiana","18",7.1204376289122,9.16991101223582,10.0564288593309,16.7727967396842,9.65235911077195,2.83892915022704
"26063","Huron","Michigan","Michigan","26",8.86919905254847,10.8920413560952,14.093931837074,18.521239358714,9.6520403061655,2.83883538416632
"48211","Hemphill","Texas","Texas","48",12.2933446375583,17.8995433789954,17.566478646253,21.9398559932232,9.64651135566492,2.83720922225439
"48501","Yoakum","Texas","Texas","48",10.4495504495504,10.2498843128181,15.8972216419469,20.0920598388953,9.64250938934483,2.83603217333672
"20137","Norton","Kansas","Kansas","20",12.8083491461101,15.3901388224031,15.6635242929659,22.450012655024,9.64166350891399,2.8357833849747
"40113","Osage","Oklahoma","Oklahoma","40",13.0925480310382,14.6041703595321,16.424764274516,22.7312828937361,9.6387348626979,2.83492201844056
"40051","Grady","Oklahoma","Oklahoma","40",13.2015916831958,14.4280115739122,16.6712344260872,22.8387063335752,9.6371146503794,2.83444548540571
"17105","Livingston","Illinois","Illinois","17",9.3582272657586,12.6434178743961,13.7637526018436,18.9941911355136,9.63596386975505,2.83410702051619
"16041","Franklin","Idaho","Idaho","16",14.3062102889936,13.5607184050091,17.9947880949115,23.941493456505,9.63528316751136,2.83390681397393
"31101","Keith","Nebraska","Nebraska","31",13.0977521668816,16.8113964811462,20.2922077922078,22.7295122351782,9.63176006829661,2.83287060832253
"21083","Graves","Kentucky","Kentucky","21",8.77347676571731,12.5541472806032,15.5415327221495,18.3999358048467,9.62645903912943,2.83131148209689
"13129","Gordon","Georgia","Georgia","13",9.18741309309321,10.5997123927669,13.9027248744903,18.8131813676908,9.62576827459757,2.83110831605811
"42117","Tioga","Pennsylvania","Pennsylvania","42",12.6450192590096,14.2077011406224,17.9908167524409,22.2706086483176,9.62558938930805,2.83105570273766
"19161","Sac","Iowa","Iowa","19",12.7113562777311,13.5791593254468,18.5575364667747,22.3361247473289,9.62476846959776,2.83081425576405
"55075","Marinette","Wisconsin","Wisconsin","55",10.1464478629726,12.8994083803865,13.8544993394049,19.7706917360097,9.62424387303702,2.83065996265795
"17131","Mercer","Illinois","Illinois","17",11.2617767589437,12.6290232934838,14.1262989814231,20.8846534208397,9.62287666189603,2.83025784173413
"39053","Gallia","Ohio","Ohio","39",10.8751148778792,11.6395308555984,15.2569284064047,20.4858136370508,9.61069875917166,2.82667610563872
"28101","Newton","Mississippi","Mississippi","28",9.72959922742636,12.1349630388641,13.2701759384572,19.3363676405814,9.60676841315505,2.82552012151619
"29123","Madison","Missouri","Missouri","29",6.71552367306416,7.7853841233115,9.9404052443385,16.3207759981954,9.60525232513119,2.82507421327388
"45041","Florence","South Carolina","South Carolina","45",14.7806864670375,18.6719596370262,20.9473690816504,24.3849392206897,9.60425275365219,2.82478022166241
"17115","Macon","Illinois","Illinois","17",14.789235037809,16.9183604594069,21.892501552849,24.3912511035799,9.60201606577083,2.82412237228554
"40119","Payne","Oklahoma","Oklahoma","40",30.1021382934477,34.1942969101285,35.862873144159,39.7027272124041,9.60058891895633,2.82370262322245
"35009","Curry","New Mexico","New Mexico","35",13.7048961553251,15.2714042742472,19.7414045371437,23.3042129051843,9.59931674985924,2.82332845584095
"27051","Grant","Minnesota","Minnesota","27",11.4259387237964,15.675057208238,18.3640552995392,21.0246942072467,9.59875548345035,2.8231633774854
"19029","Cass","Iowa","Iowa","19",12.5300972743908,16.6375291375291,16.4785553047404,22.1270598438855,9.59696256949468,2.82263604985138
"20035","Cowley","Kansas","Kansas","20",14.9389657930819,18.266483335538,19.4736617978964,24.5243966883918,9.58543089530985,2.81924438097349
"51025","Brunswick","Virginia","Virginia","51",7.00296389745317,10.8320220244716,12.3462339253427,16.5868164546506,9.58385255719742,2.81878016388159
"39005","Ashland","Ohio","Ohio","39",13.0054237817739,15.9032722135287,19.2021748390977,22.5886140949843,9.58319031321042,2.81858538623836
"47175","Van Buren","Tennessee","Tennessee","47",4.13169786959329,7.78491171749599,9.79899497487437,13.7091607943626,9.5774629247693,2.81690086022627
"40013","Bryan","Oklahoma","Oklahoma","40",16.9313740042551,17.8640776699029,20.8698169187351,26.4982173306464,9.5668433263913,2.81377744893862
"06077","San Joaquin","California","California","06",13.1863498059758,14.52989786107,17.8954032941569,22.7495411397641,9.56319133378824,2.81270333346713
"06105","Trinity","California","California","06",12.8528055776215,15.519985665652,19.7411947849776,22.4059064280555,9.55310085043403,2.8097355442453
"30005","Blaine","Montana","Montana","30",14.3576589599455,17.3986354973677,17.5125424657191,23.9044748434964,9.54681588355087,2.80788702457378
"29061","Daviess","Missouri","Missouri","29",8.89145664671384,11.9508932665568,16.6787134080231,18.4381019085974,9.5466452618836,2.80783684173047
"48287","Lee","Texas","Texas","48",11.337784371909,13.0762953896369,12.8778164498992,20.8833413346135,9.54555696270454,2.80751675373663
"12055","Highlands","Florida","Florida","12",10.9144573124278,13.5770453390111,15.1811907775015,20.4597169662087,9.54525965378095,2.80742930993557
"13213","Murray","Georgia","Georgia","13",5.49387865614783,7.192039234981,8.32746065304205,15.0285859946834,9.53470733853554,2.80432568780457
"55135","Waupaca","Wisconsin","Wisconsin","55",10.9801073320723,14.8476657654196,16.0701768366792,20.5131606877521,9.5330533556798,2.80383922225877
"48321","Matagorda","Texas","Texas","48",12.6236520917382,12.4632761713995,15.3793545629408,22.1552933410347,9.5316412492965,2.80342389685191
"48035","Bosque","Texas","Texas","48",10.8466862614962,15.3904282115869,15.3061224489796,20.3724311892574,9.5257449277612,2.80168968463565
"36035","Fulton","New York","New York","36",11.382779721659,13.4540660914449,14.505766700209,20.907204580674,9.52442485901493,2.80130142912204
"30027","Fergus","Montana","Montana","30",14.4651825452459,19.0952965872522,23.1892539098481,23.9806740513787,9.51549150613284,2.79867397239201
"45001","Abbeville","South Carolina","South Carolina","45",10.8367805658863,12.7463806068138,12.4753955681321,20.3502485261819,9.51346796029568,2.79807881185167
"26003","Alger","Michigan","Michigan","26",11.4998257946382,14.6749734132802,16.9828831506508,21.010989010989,9.51116321635078,2.79740094598552
"19083","Hardin","Iowa","Iowa","19",12.4375390381012,17.1304003170828,18.4298070525615,21.9396516477226,9.50211260962144,2.79473900282984
"48465","Val Verde","Texas","Texas","48",13.0359966514743,14.1356873788034,15.8495379947593,22.5330305532618,9.49703390178749,2.79324526523161
"38019","Cavalier","North Dakota","North Dakota","38",12.6262668955221,13.1138167291058,16.5223188955354,22.1180148495506,9.49174795402855,2.79169057471428
"19071","Fremont","Iowa","Iowa","19",11.2900342635456,13.9643699960575,18.6346153846154,20.7803223070399,9.49028804349426,2.79126118926302
"47123","Monroe","Tennessee","Tennessee","47",7.62636833208943,10.0710761540349,10.0814795654423,17.114462356272,9.4880940241826,2.79061588946547
"13143","Haralson","Georgia","Georgia","13",7.46923684683899,9.02818058572256,12.406015037594,16.9560966525443,9.48685980570536,2.79025288403099
"31061","Franklin","Nebraska","Nebraska","31",11.8184947922902,15.8310181932855,16.7378309137489,21.3037316957959,9.48523690350577,2.78977555985464
"29215","Texas","Missouri","Missouri","29",6.97938071281797,10.8049357457963,11.1922687942465,16.4644035568481,9.48502284403008,2.78971260118532
"19097","Jackson","Iowa","Iowa","19",10.038159021883,12.0770814945572,14.8588303082685,19.5208453966416,9.48268637475855,2.78902540434075
"19045","Clinton","Iowa","Iowa","19",12.9095105356233,14.3826527534833,17.3247573104639,22.3888923324862,9.47938179686291,2.78805346966556
"18069","Huntington","Indiana","Indiana","18",11.7856504666228,14.2089738840917,15.900974025974,21.2587577737542,9.47310730713146,2.78620803150925
"54053","Mason","West Virginia","West Virginia","54",6.82280574404053,8.77017978248579,10.3830748690562,16.2891460538584,9.46634030981785,2.78421773818172
"05145","White","Arkansas","Arkansas","05",10.9004438583812,15.5171671105644,17.9410030038444,20.3614809056457,9.46103704726447,2.78265795507779
"13023","Bleckley","Georgia","Georgia","13",10.2973395931142,12.5068777350993,13.4781504065041,19.758064516129,9.46072492301479,2.78256615382788
"48155","Foard","Texas","Texas","48",11.1560226354082,10.4838709677419,23.3905579399142,20.615796519411,9.45977388400273,2.78228643647139
"28087","Lowndes","Mississippi","Mississippi","28",18.6387525771366,20.4984008528785,20.1001336863352,28.0983598061825,9.4596072290459,2.78223742030762
"22115","Vernon Parish","Louisiana","Louisiana","22",10.3435663108909,13.519475543429,17.8478817516072,19.7991536239672,9.45558731307636,2.78105509208128
"29141","Morgan","Missouri","Missouri","29",7.16066981947145,10.7307495516674,13.3442902306212,16.614358571989,9.45368875251756,2.78049669191693
"20119","Meade","Kansas","Kansas","20",17.0774647887324,19.6198234894773,23.1835079418723,26.5249901613538,9.4475253726214,2.77868393312394
"42065","Jefferson","Pennsylvania","Pennsylvania","42",8.93291174947178,11.6963716568778,12.5564360811951,18.3802906680265,9.44737891855474,2.77864085839845
"51650","Hampton city","Virginia","Virginia","51",19.0795880334195,21.7812091993454,22.5843394389643,28.5269309813324,9.44734294791292,2.77863027879792
"37065","Edgecombe","North Carolina","North Carolina","37",8.06648689619304,8.49536832625566,10.356462015519,17.5122556257752,9.44576872958216,2.77816727340652
"39155","Trumbull","Ohio","Ohio","39",11.4353068837638,14.460332875323,16.3561983890501,20.8795320989023,9.4442252151385,2.77771329857015
"06009","Calaveras","California","California","06",14.4281263907432,17.1090031163316,20.7832217548433,23.8717042069215,9.4435778161783,2.77752288711127
"17139","Moultrie","Illinois","Illinois","17",9.52381118316151,14.7346240016676,13.8129812856396,18.9603705609882,9.43655937782665,2.77545864053725
"17041","Douglas","Illinois","Illinois","17",11.4262950098699,13.820320769934,15.556397228694,20.8614738105958,9.43517880072596,2.77505258844881
"22069","Natchitoches Parish","Louisiana","Louisiana","22",16.3862814502401,18.4260484153853,20.6197652342002,25.8175009134088,9.43121946316876,2.77388807740258
"31125","Nance","Nebraska","Nebraska","31",10.6867554309741,11.3919275745002,12.1235226839497,20.11393514461,9.42717971363592,2.77269991577527
"51081","Greensville","Virginia","Virginia","51",5.26737874475245,10.9524167041222,8.13616694307529,14.6925643469971,9.42518560224469,2.77211341242491
"19141","O'Brien","Iowa","Iowa","19",12.6239068432822,14.7139768947609,19.600599101348,22.0470807839884,9.42317394070614,2.77152174726651
"38071","Ramsey","North Dakota","North Dakota","38",16.303434229951,18.8477126569245,21.9273668696944,25.7153709799949,9.41193675004392,2.76821669118939
"13053","Chattahoochee","Georgia","Georgia","13",20.2095154954168,25.0116877049793,28.1107669885225,29.6173830892773,9.40786759386043,2.76701988054719
"21219","Todd","Kentucky","Kentucky","21",7.12862194491652,9.22956340475315,9.25903076208082,16.5294334521322,9.40081150721572,2.7649445609458
"40067","Jefferson","Oklahoma","Oklahoma","40",6.63596399435234,10.5520142756172,11.2947034857402,16.0351455244371,9.39918153008478,2.76446515590729
"01127","Walker","Alabama","Alabama","01",7.16505108132505,9.13215423098277,10.2587302613154,16.5598123534011,9.39476127207605,2.76316508002237
"17151","Pope","Illinois","Illinois","17",6.27436956566271,10.5051859579466,13.0489315945276,15.6663275686673,9.39195800300464,2.76234058911901
"29186","Ste. Genevieve","Missouri","Missouri","29",7.39395038757947,8.15149982445072,10.8767145263496,16.7854435178165,9.39149313023706,2.76220386183443
"13135","Gwinnett","Georgia","Georgia","13",29.6179055848222,34.0604271899555,34.4749788994982,39.0086033164576,9.39069773163539,2.76196992106923
"56031","Platte","Wyoming","Wyoming","56",11.3512497650818,15.213788531654,19.1368719483383,20.7415286430634,9.39027887798161,2.76184672881812
"48113","Dallas","Texas","Texas","48",26.3456121182769,26.966733530018,28.1381035311415,35.7357721008922,9.39015998261532,2.76181175959274
"51197","Wythe","Virginia","Virginia","51",10.0414229315482,12.1158472597214,14.4931981228426,19.4314622982414,9.39003936669317,2.76177628432152
"18051","Gibson","Indiana","Indiana","18",9.13647429471574,12.422789711441,14.3116664451238,18.5160634583941,9.37958916367836,2.75870269519952
"48459","Upshur","Texas","Texas","48",8.84665792922674,11.0632371501937,14.3590711723617,18.2116825787907,9.36502464956394,2.75441901457763
"17045","Edgar","Illinois","Illinois","17",11.0227785137229,13.2810737008715,15.9806836546027,20.3858784893268,9.36309997560382,2.75385293400112
"26041","Delta","Michigan","Michigan","26",11.272266704665,17.0814050384317,17.8981752646993,20.6318409781455,9.3595742734805,2.75281596278838
"21139","Livingston","Kentucky","Kentucky","21",5.37096774193548,8.42212815647351,11.2219451371571,14.7165069891629,9.34553924722739,2.74868801389041
"40105","Nowata","Oklahoma","Oklahoma","40",7.43521711621039,9.54596754921585,11.8140578132832,16.776265484019,9.34104836780857,2.74736716700252
"23021","Piscataquis","Maine","Maine","23",12.2877204441541,13.3251633987403,16.2046582665139,21.622813464648,9.3350930204938,2.74561559426288
"13275","Thomas","Georgia","Georgia","13",13.3737974317684,16.7816008954038,16.6649917931196,22.7047424130984,9.33094498132995,2.7443955827441
"42039","Crawford","Pennsylvania","Pennsylvania","42",11.7520584101138,14.6988770721444,18.5505426501764,21.0724637681159,9.3204053580021,2.74129569353003
"27125","Red Lake","Minnesota","Minnesota","27",9.32464861158725,10.732893365752,14.3765453903214,18.6446886446886,9.3200400331014,2.74118824502982
"28023","Clarke","Mississippi","Mississippi","28",8.20782471407729,9.64362712786097,10.139518350662,17.5259661270703,9.31814141299298,2.74062982735088
"48037","Bowie","Texas","Texas","48",14.3042425700768,16.1316367835414,18.4626831872149,23.6219463356027,9.31770376552597,2.74050110750764
"54027","Hampshire","West Virginia","West Virginia","54",8.9833299975074,11.2929119336017,7.86596958174905,18.2970810323453,9.31375103483792,2.73933853965821
"19133","Monona","Iowa","Iowa","19",10.3179098001777,13.4473981900452,14.7908516400843,19.6293866841587,9.31147688398105,2.73866967175913
"51155","Pulaski","Virginia","Virginia","51",11.4911899818309,12.4714102789952,15.4194250283069,20.8006310392428,9.30944105741186,2.73807089923878
"36003","Allegany","New York","New York","36",15.5559359323599,17.1809385757131,18.2315180310717,24.8570082766974,9.30107234433752,2.73560951304045
"28057","Itawamba","Mississippi","Mississippi","28",6.73069415163582,8.81817676303691,13.4210355777331,16.0263993524687,9.29570520083289,2.73403094142144
"21125","Laurel","Kentucky","Kentucky","21",8.22206605758612,10.6473817199617,13.0655539915544,17.5023975887108,9.28033153112466,2.72950927386019
"49033","Rich","Utah","Utah","49",15.1111111111111,22.027972027972,13.5076252723312,24.390243902439,9.27913279132791,2.72915670333174
"13021","Bibb","Georgia","Georgia","13",17.0178492936276,21.3352649455432,22.7977356548082,26.2923996947125,9.27455040108492,2.72780894149557
"19171","Tama","Iowa","Iowa","19",11.2355678097536,12.9048372325368,15.4186124082722,20.5054964078594,9.26992859810585,2.72644958767819
"40029","Coal","Oklahoma","Oklahoma","40",9.07566149385578,12.3619815343436,12.4204986680681,18.3390022675737,9.26334077371791,2.72451199226997
"28019","Choctaw","Mississippi","Mississippi","28",10.8312340341571,11.2137416950251,12.5494921673266,20.0940275117534,9.26279347759631,2.72435102282244
"24001","Allegany","Maryland","Maryland","24",11.8263549371965,14.0681175666525,16.1426105815436,21.0880221207424,9.26166718354587,2.72401975986643
"40149","Washita","Oklahoma","Oklahoma","40",11.0222591291009,15.0794515002172,16.9438172783277,20.2824478816409,9.26018875253994,2.72358492721763
"54077","Preston","West Virginia","West Virginia","54",8.28860577255027,10.7531372083116,12.6449498053565,17.5486818164221,9.26007604387186,2.72355177760937
"22109","Terrebonne Parish","Louisiana","Louisiana","22",9.42420145224782,12.2517107469108,13.8141288530192,18.6809314388814,9.25672998663355,2.72256764312751
"21047","Christian","Kentucky","Kentucky","21",10.3791388460103,12.4628207607553,14.2442447435154,19.6352216451262,9.25608279911591,2.72237729385762
"41015","Curry","Oregon","Oregon","41",12.8215848053647,16.4460658883753,20.4341098582538,22.067024547871,9.24543974250622,2.71924698309007
"29173","Ralls","Missouri","Missouri","29",7.75954334641456,12.3270826928989,14.5885286783042,17.0031880977683,9.24364475135377,2.71871904451582
"47077","Henderson","Tennessee","Tennessee","47",6.81770941592185,9.31738623103851,11.9062631357713,16.0607927705894,9.2430833546676,2.71855392784341
"26109","Menominee","Michigan","Michigan","26",9.27092164224294,10.9733594741091,13.7793024585477,18.5123777942942,9.24145615205127,2.71807533883861
"08103","Rio Blanco","Colorado","Colorado","08",15.4100195250052,19.4970176017498,22.3409090909091,24.6510580819451,9.24103855693986,2.71795251674702
"17091","Kankakee","Illinois","Illinois","17",11.9491937126792,14.9597545534485,16.928548386003,21.1845894842291,9.2353957715499,2.71629287398526
"26131","Ontonagon","Michigan","Michigan","26",9.21264924169087,12.9852517375826,16.6635704997213,18.4473953013279,9.23474605963702,2.71610178224618
"28053","Humphreys","Mississippi","Mississippi","28",10.3860711582135,11.6005643517793,11.3601368691189,19.6138837543643,9.22781259615087,2.71406252827967
"39021","Champaign","Ohio","Ohio","39",9.74677505471944,10.5638746703289,15.1570680628272,18.9658941845212,9.21911912980177,2.71150562641229
"21207","Russell","Kentucky","Kentucky","21",6.18965836366882,9.61779279170689,11.4560417175915,15.405426911753,9.21576854808419,2.71052016120123
"17011","Bureau","Illinois","Illinois","17",12.4509469373827,15.6611999114641,16.8147051566741,21.6619227664727,9.21097582908996,2.70911053796764
"27059","Isanti","Minnesota","Minnesota","27",11.5035317860747,14.5217172984025,16.8646838370146,20.7084192381789,9.20488745210426,2.70731983885419
"47039","Decatur","Tennessee","Tennessee","47",4.82247693597987,7.28749848429732,14.1761533852606,14.0268848626534,9.20440792667355,2.70717880196281
"31151","Saline","Nebraska","Nebraska","31",12.5978473581213,14.0375100678863,14.8617511520737,21.8012081274025,9.20336076928119,2.70687081449447
"42123","Warren","Pennsylvania","Pennsylvania","42",10.721126818506,14.1869884647357,17.1956969254267,19.920617893156,9.19949107464994,2.70573266901469
"31097","Johnson","Nebraska","Nebraska","31",8.50741749924311,14.7311485841553,12.3037323037323,17.7044854881267,9.19706798888354,2.70501999673045
"28039","George","Mississippi","Mississippi","28",8.30794911552262,9.14849363527742,10.7529103809327,17.4998481443236,9.19189902880101,2.70349971435324
"13091","Dodge","Georgia","Georgia","13",8.01075193260655,11.5910707944604,14.009056077763,17.2022945607851,9.19154262817858,2.70339489064076
"19177","Van Buren","Iowa","Iowa","19",9.61089494163424,11.8188650883127,13.649182177101,18.8020626735422,9.191167731908,2.70328462703177
"39069","Henry","Ohio","Ohio","39",10.3151619762853,11.0550656246305,13.3067059070843,19.4991897119557,9.18402773567034,2.70118462813833
"48215","Hidalgo","Texas","Texas","48",11.4537638565968,12.9100336415254,15.6270439642633,20.6334871444048,9.17972328780792,2.69991861406115
"29011","Barton","Missouri","Missouri","29",8.20717131474104,10.5824039653036,15.6374142289635,17.3826915934134,9.17552027867236,2.69868243490364
"12077","Liberty","Florida","Florida","12",7.33740967211104,7.37365368688631,11.7573817147475,16.5029814100316,9.16557173792053,2.69575639350604
"38093","Stutsman","North Dakota","North Dakota","38",16.7033911816017,19.6606984791933,23.7469015788767,25.8627555083621,9.15936432676037,2.69393068434129
"06093","Siskiyou","California","California","06",14.1732544800959,17.7465243578866,23.0781088933744,23.3276317835484,9.15437730345256,2.69246391278017
"31009","Blaine","Nebraska","Nebraska","31",15.8482135284801,12.2850131905753,18.9054728546274,25,9.15178647151988,2.6917019033882
"18053","Grant","Indiana","Indiana","18",11.1798237323139,14.0714647316909,17.2461538461538,20.3272254295689,9.147401697255,2.69041226389853
"13171","Lamar","Georgia","Georgia","13",10.0453525709372,11.2547086159518,12.6535836177474,19.1804381963658,9.13508562542865,2.68678988983196
"26111","Midland","Michigan","Michigan","26",27.4246499904687,29.2595846496065,31.986430322191,36.552932343372,9.12828235290326,2.68478892732449
"45021","Cherokee","South Carolina","South Carolina","45",9.28012363159904,11.795710236577,12.6986681771992,18.408101213636,9.12797758203697,2.6846992888344
"41061","Union","Oregon","Oregon","41",16.9785453856379,21.79668360626,21.4687643576418,26.0899221281191,9.11137674248121,2.67981668896506
"21171","Monroe","Kentucky","Kentucky","21",6.91116048996236,8.40932041833552,10.5353602115003,16.0207388204796,9.10957833051723,2.67928774426977
"04017","Navajo","Arizona","Arizona","04",9.99555743192398,12.2862433035245,14.5920393317133,19.1045556488119,9.10899821688792,2.6791171226141
"47089","Jefferson","Tennessee","Tennessee","47",11.7373511904762,12.8025802070123,12.7229725879068,20.8454668996311,9.10811570915495,2.67885756151616
"33007","Coos","New Hampshire","New Hampshire","33",10.967273348714,11.9157088122605,16.1479550268861,20.0746850506791,9.10741170196514,2.67865050057798
"37131","Northampton","North Carolina","North Carolina","37",8.77522983901254,10.8167302139179,8.72888046432023,17.8810524676942,9.10582262868169,2.67818312608285
"46027","Clay","South Dakota","South Dakota","46",36.2724478239767,38.6515850573002,41.3435969209237,45.3779299446932,9.10548212071647,2.67808297668132
"18177","Wayne","Indiana","Indiana","18",11.3469089972749,13.7377963737796,17.0904713797477,20.4507365264179,9.10382752914307,2.6775963321009
"29091","Howell","Missouri","Missouri","29",8.71612626953722,10.8861759061089,16.2061922207501,17.8167400240079,9.10061375447064,2.67665110425607
"40041","Delaware","Oklahoma","Oklahoma","40",10.7869172309399,13.3276532292678,15.6979124014307,19.8864011624067,9.09948393146676,2.67631880337258
"48399","Runnels","Texas","Texas","48",10.0393951467162,13.1295995014263,15.6079091291544,19.1333626116235,9.09396746490725,2.67469631320802
"26025","Calhoun","Michigan","Michigan","26",13.8173705908316,16.0189835777439,18.8942087863787,22.909458841961,9.09208825112936,2.67414360327334
"31135","Perkins","Nebraska","Nebraska","31",16.7487751939531,17.6008869137023,20.5288461538462,25.827482447342,9.07870725338893,2.67020801570263
"31029","Chase","Nebraska","Nebraska","31",15.0604490500864,16.5532067359369,14.0719629497684,24.1352506801399,9.07480163005356,2.66905930295693
"05023","Cleburne","Arkansas","Arkansas","05",9.35129566447522,13.886104976383,16.9192880617136,18.4258078231293,9.07451215865403,2.66897416431001
"20021","Cherokee","Kansas","Kansas","20",10.3488120170434,11.2894450489663,13.7571222626485,19.422138836773,9.07332681972958,2.66862553521458
"06103","Tehama","California","California","06",10.2187513924039,11.2876760660866,13.1229711666985,19.2906593775906,9.07190798518668,2.66820823093726
"31085","Hayes","Nebraska","Nebraska","31",10.7142857142857,11.5543328748281,17.6056338028169,19.7819314641745,9.06764574988874,2.66695463232022
"49003","Box Elder","Utah","Utah","49",17.6339008663713,19.4896541896492,21.6541540944499,26.6983989614885,9.06449809511722,2.66602885150506
"42111","Somerset","Pennsylvania","Pennsylvania","42",8.88122618767818,10.8174283417811,14.029076839095,17.9405403423879,9.05931415470973,2.66450416314992
"28145","Union","Mississippi","Mississippi","28",10.0892100447007,13.2005815565777,14.8383850578963,19.1386010362694,9.0493909915687,2.6615855857555
"04007","Gila","Arizona","Arizona","04",9.68662024003556,13.8549075391181,15.6496806985534,18.7323594949245,9.04573925488893,2.66051154555557
"30055","McCone","Montana","Montana","30",14.2857142938005,16.3755437440843,19.7996918335901,23.3256351039261,9.0399208101256,2.65880023827224
"05081","Little River","Arkansas","Arkansas","05",8.12851613839774,9.91249185884982,10.8768342411052,17.1668667466987,9.03835060830095,2.65833841420616
"19007","Appanoose","Iowa","Iowa","19",11.4669000962918,12.1901963745919,16.7995570321152,20.4973274459679,9.03042734967618,2.65600804402241
"42119","Union","Pennsylvania","Pennsylvania","42",17.4712698653641,18.0263173981662,22.0667278447824,26.5008576329331,9.02958776756902,2.65576110810853
"40151","Woods","Oklahoma","Oklahoma","40",23.496901691509,23.7442670539064,27.2694781987134,32.524552281918,9.02765059040901,2.6551913501203
"17127","Massac","Illinois","Illinois","17",8.02542668144882,10.6675568245997,16.6573690839377,17.0485242621311,9.02309758068224,2.65385222961242
"47071","Hardin","Tennessee","Tennessee","47",6.07037335482138,9.75969167989118,11.2347294938918,15.0917501143699,9.02137675954857,2.65334610574958
"05005","Baxter","Arkansas","Arkansas","05",10.4262906707629,12.7784853611479,15.5008420108821,19.445045267744,9.01875459698111,2.65257488146503
"31163","Sherman","Nebraska","Nebraska","31",11.4438063986874,10.828025477707,14.1418563922942,20.4566635601118,9.01285716142439,2.65084034159541
"01021","Chilton","Alabama","Alabama","01",7.4587363634899,9.9374568760332,12.4650198652599,16.4688856729378,9.01014930944787,2.65004391454349
"17057","Fulton","Illinois","Illinois","17",9.46014034284816,11.4029703170892,14.4062924768645,18.4690661801294,9.00892583728122,2.64968406978859
"37191","Wayne","North Carolina","North Carolina","37",12.7371677705909,14.9854745468093,15.8305225054917,21.7436364095953,9.00646863900442,2.64896136441306
"01079","Lawrence","Alabama","Alabama","01",6.2109921061926,7.52608994397506,12.988742803128,15.214980378775,9.00398827258235,2.64823184487716
"28003","Alcorn","Mississippi","Mississippi","28",9.55302216424228,11.6926541400696,17.1211211211211,18.5567441083069,9.00372194406459,2.64815351296017
"28107","Panola","Mississippi","Mississippi","28",8.65111972700981,10.8041416684582,14.9162516978507,17.652981829832,9.00186210282222,2.64760650083006
"21101","Henderson","Kentucky","Kentucky","21",11.1492819573637,13.7883782411882,16.6191923027877,20.1484828921885,8.99920093482476,2.64682380436022
"20125","Montgomery","Kansas","Kansas","20",13.5896426343272,15.95683195434,18.0006855771703,22.5886984492774,8.99905581495022,2.64678112204418
"55039","Fond du Lac","Wisconsin","Wisconsin","55",13.3235910010452,16.8612727132249,19.0936834224651,22.3121545076094,8.98856350656414,2.64369514898945
"26069","Iosco","Michigan","Michigan","26",10.3574026534312,11.267950255182,13.8812646131734,19.344781764285,8.98737911085382,2.64334679730995
"41031","Jefferson","Oregon","Oregon","41",12.1821353047131,13.7320571559236,15.5214410686459,21.1664295874822,8.98429428276912,2.64243949493209
"21163","Meade","Kentucky","Kentucky","21",11.0079767949028,11.2950220073151,12.3526562247699,19.9830212705749,8.97504447567212,2.63971896343298
"51173","Smyth","Virginia","Virginia","51",7.83756415456795,10.621414760443,14.2551580843949,16.8052475979305,8.96768344336257,2.63755395393017
"53051","Pend Oreille","Washington","Washington","53",11.9720707745248,12.259621005786,17.1274911238013,20.9335899903754,8.96151921585054,2.6357409458384
"47001","Anderson","Tennessee","Tennessee","47",18.5875779624733,20.7741570536779,23.0289354924343,27.5400502174912,8.95247225501798,2.63308007500529
"30099","Teton","Montana","Montana","30",17.8348918749816,20.8151066075322,25.9128884871735,26.7799724391364,8.9450805641548,2.63090604828082
"21199","Pulaski","Kentucky","Kentucky","21",9.17814960629921,10.4944054124382,14.0266131972293,18.1103714837878,8.93222187748863,2.6271240816143
"13267","Tattnall","Georgia","Georgia","13",6.47846240416205,7.89079542076687,11.296874080179,15.3969765504107,8.91851414624862,2.62309239595548
"20117","Marshall","Kansas","Kansas","20",10.1737282839645,13.230563002681,12.3499860452135,19.0857946554149,8.9120663714504,2.62119599160306
"22023","Cameron Parish","Louisiana","Louisiana","22",7.86174605910042,7.92712188801507,14.2021895888181,16.7734745054333,8.91172844633284,2.6210966018626
"47145","Roane","Tennessee","Tennessee","47",13.2144389041928,14.7547603188204,17.1396344433336,22.1257711345737,8.91133223038088,2.62098006775908
"40111","Okmulgee","Oklahoma","Oklahoma","40",8.77545064605022,11.3938546269102,14.0189274952607,17.6864707781724,8.9110201321222,2.62088827415359
"42131","Wyoming","Pennsylvania","Pennsylvania","42",13.2296788476588,15.442138053668,17.6003259319617,22.1399264666702,8.91024761901145,2.62066106441513
"17005","Bond","Illinois","Illinois","17",12.7107256765251,14.9518373315973,20.2239448754736,21.6206745510293,8.9099488745042,2.62057319838359
"48481","Wharton","Texas","Texas","48",11.8242830994509,14.342707396253,15.6175659857267,20.7324211604595,8.90813806100862,2.62004060617901
"01133","Winston","Alabama","Alabama","01",5.3717053313581,8.26223486570527,11.6596882996046,14.2739902690662,8.90228493770808,2.61831909932591
"28139","Tippah","Mississippi","Mississippi","28",8.95031260282988,9.02116987534115,11.1272175053496,17.851644506648,8.90133190381813,2.61803879524063
"01059","Franklin","Alabama","Alabama","01",6.93752384052248,9.68845726391905,12.1592096513727,15.8360393430279,8.89851550250543,2.61721044191336
"41009","Columbia","Oregon","Oregon","41",10.9538955426876,14.0084318287771,17.4022199547384,19.8486209108403,8.89472536815263,2.61609569651548
"18133","Putnam","Indiana","Indiana","18",11.3358976382653,13.1090572901278,16.597777015885,20.2224230754116,8.88652543714633,2.61368395210186
"51036","Charles City","Virginia","Virginia","51",8.38238756769484,10.546955624355,14.0321686078758,17.2611100514972,8.87872248380239,2.61138896582423
"46055","Haakon","South Dakota","South Dakota","46",12.6688102893891,15.3689911983751,22.6657163221668,21.5469613259669,8.87815103657778,2.61122089311111
"51750","Radford city","Virginia","Virginia","51",29.056332381663,34.0536826721069,29.4703529223156,37.9337960491191,8.87746366745602,2.61101872572236
"47035","Cumberland","Tennessee","Tennessee","47",10.1831439715109,13.6508408991753,16.7563817316204,19.0581369429978,8.87499297148689,2.61029205043732
"21033","Caldwell","Kentucky","Kentucky","21",8.21012544796234,10.0269832703848,16.5582625948968,17.0844625112918,8.87433706332944,2.61009913627336
"47061","Grundy","Tennessee","Tennessee","47",5.42850086214039,7.07551302951152,10.3055032433564,14.3016873348242,8.87318647268376,2.60976072725993
"19065","Fayette","Iowa","Iowa","19",11.8179917775765,13.7916894477857,17.9887792060223,20.6896551724138,8.87166339483732,2.60931276318745
"05027","Columbia","Arkansas","Arkansas","05",13.06048764522,16.7965594853668,19.05102614019,21.9288831652,8.86839551997999,2.60835162352353
"28159","Winston","Mississippi","Mississippi","28",10.8318673033425,13.8492555831266,16.7438938192099,19.6964725184578,8.8646052151152,2.60723682797506
"05101","Newton","Arkansas","Arkansas","05",6.81615915177439,11.8166165649943,12.4926826104352,15.6775565435917,8.86139739181733,2.60629335053451
"13079","Crawford","Georgia","Georgia","13",5.67795092244313,6.81987577639752,12.6345019090594,14.5298151807509,8.85186425830777,2.60348948773758
"35061","Valencia","New Mexico","New Mexico","35",12.0537967837763,14.7567025931309,17.0470669316113,20.9003870442045,8.84659026042819,2.60193831189064
"56011","Crook","Wyoming","Wyoming","56",15.6196215684414,17.4653385272487,20.7858306470532,24.4627782041443,8.84315663570286,2.60092842226555
"31087","Hitchcock","Nebraska","Nebraska","31",12.0967741935484,13.8073394495413,13.7429643527205,20.9315068493151,8.83473265576668,2.59845078110785
"47181","Wayne","Tennessee","Tennessee","47",4.98497830199177,8.03716014659507,7.7160744775998,13.8179172056921,8.83293890370034,2.59792320697069
"26011","Arenac","Michigan","Michigan","26",7.12533069466724,9.08324647114163,11.0011939280232,15.954641350211,8.82931065554373,2.59685607515992
"18027","Daviess","Indiana","Indiana","18",7.63305727688656,9.68641114989987,11.7557715673988,16.4563013960604,8.82324411917388,2.59507179975702
"19185","Wayne","Iowa","Iowa","19",8.37658240426202,12.134695732205,12.8746476681467,17.1989051094891,8.82232270522703,2.59480079565501
"48201","Harris","Texas","Texas","48",25.4306400069351,26.9369281499457,28.0629476888396,34.2401635155851,8.80952350864994,2.59103632607351
"47063","Hamblen","Tennessee","Tennessee","47",11.2211717950262,13.3045246568378,16.0747227086982,20.0298820328702,8.80871023784404,2.59079712877766
"48423","Smith","Texas","Texas","48",19.7834114547274,22.5481730650457,24.7758865140805,28.5893420839208,8.80593062919337,2.58997959682158
"01009","Blount","Alabama","Alabama","01",7.02419489619682,9.5989437296175,12.3814691367594,15.8182348083742,8.7940399121774,2.586482327111
"01123","Tallapoosa","Alabama","Alabama","01",11.533944861901,14.1396860255576,15.4845602426248,20.3269462682567,8.79300140635575,2.58617688422228
"17193","White","Illinois","Illinois","17",9.5013412864874,10.4391053007577,13.0980647677848,18.2920615510038,8.79072026451637,2.58550596015187
"48073","Cherokee","Texas","Texas","48",10.1505907669223,11.3669696748296,12.824427480916,18.9394157847689,8.78882501784657,2.58494853466076
"37003","Alexander","North Carolina","North Carolina","37",7.87505016695999,9.29811458526319,11.1319306824289,16.6616878267364,8.78663765977638,2.58430519405188
"28031","Covington","Mississippi","Mississippi","28",8.61979973159905,11.3981380525036,13.9558707643814,17.4008990600736,8.78109932847451,2.58267627308074
"51660","Harrisonburg city","Virginia","Virginia","51",28.6746543155232,31.1978534709061,35.6402983425514,37.4514223534898,8.77676803796664,2.58140236410784
"51149","Prince George","Virginia","Virginia","51",16.18632753348,19.374606293054,17.6075742522645,24.9627015028565,8.77637396937655,2.58128646158134
"36075","Oswego","New York","New York","36",12.8701029581919,14.4200097898264,16.0352113421141,21.6383192526704,8.76821629447842,2.57888714543483
"35039","Rio Arriba","New Mexico","New Mexico","35",10.2778048914206,15.430010341017,15.8517488389771,19.0380256862251,8.7602207948045,2.57653552788368
"18095","Madison","Indiana","Indiana","18",11.7227811417502,14.386639540343,17.0397954147786,20.4822130132931,8.75943187154292,2.57630349163027
"55069","Lincoln","Wisconsin","Wisconsin","55",10.8328357848535,13.5786665442968,15.05525278898,19.5914405878819,8.75860480302835,2.57606023618481
"27095","Mille Lacs","Minnesota","Minnesota","27",9.41949783896457,12.1939526316105,14.5687082910341,18.1774910090967,8.75799317013211,2.5758803441565
"22077","Pointe Coupee Parish","Louisiana","Louisiana","22",9.66420871893146,12.7598081782176,14.5327166310921,18.4179208960448,8.75371217711335,2.57462122856275
"22113","Vermilion Parish","Louisiana","Louisiana","22",8.81373403067957,10.7548587186127,12.4713610956806,17.5663600525624,8.75262602188285,2.57430177114201
"37151","Randolph","North Carolina","North Carolina","37",9.13455930530136,11.0703134519514,13.5645272432746,17.8859475264428,8.75138822114146,2.57393771210043
"20023","Cheyenne","Kansas","Kansas","20",13.2641130152937,15.9503766061143,20.7647628267183,22.0135628586333,8.74944984333957,2.57336760098223
"51071","Giles","Virginia","Virginia","51",8.88336846341768,12.4484560002062,16.110050498568,17.6280991735537,8.74473071013603,2.57197962062825
"51089","Henry","Virginia","Virginia","51",6.7300951424914,9.42771821241217,11.2336790109377,15.4728808939766,8.74278575148515,2.57140757396622
"05131","Sebastian","Arkansas","Arkansas","05",14.5795087853164,16.5981380736346,18.6914956350644,23.3205318940364,8.74102310871995,2.57088914962352
"31161","Sheridan","Nebraska","Nebraska","31",15.5014235233458,17.1550099874157,20.306905370844,24.2407355809418,8.73931205759598,2.57038589929293
"29211","Sullivan","Missouri","Missouri","29",6.80440145994558,8.35728953507326,10.9015134898004,15.5387246518446,8.73432319189903,2.56891858585266
"13159","Jasper","Georgia","Georgia","13",10.8128176226899,11.5402331548729,14.2763731473073,19.5391789338941,8.72636131120419,2.56657685623653
"13025","Brantley","Georgia","Georgia","13",5.8103062745603,6.24852661948977,6.06948514022604,14.5311657292549,8.72085945469465,2.56495866314549
"51143","Pittsylvania","Virginia","Virginia","51",7.38931088259049,9.26069311518496,13.871914477638,16.1030955465225,8.71378466393204,2.56287784233295
"05147","Woodruff","Arkansas","Arkansas","05",7.45314920703615,8.04760463106657,10.6824997828722,16.1623269997654,8.70917779272928,2.56152288021449
"48337","Montague","Texas","Texas","48",10.1605640982075,11.3264688067838,15.0395778364116,18.8664022053385,8.70583810713108,2.56054061974443
"39003","Allen","Ohio","Ohio","39",11.4031903523678,13.4349566138268,16.4924070896007,20.103945538394,8.70075518602612,2.55904564294886
"01065","Hale","Alabama","Alabama","01",8.89226892343318,8.10123891100194,11.7270381343783,17.5869522499509,8.69468332651769,2.55725980191697
"51175","Southampton","Virginia","Virginia","51",11.4321650368578,11.7294254773587,12.2034635226494,20.1205895489058,8.68842451204793,2.55541897413175
"21155","Marion","Kentucky","Kentucky","21",6.37392397717381,9.072375127421,12.0080500894454,15.0580285000735,8.68410452289964,2.55414838908813
"26165","Wexford","Michigan","Michigan","26",12.6287589920382,15.3418004604627,15.8896932016935,21.3091456278214,8.68038663578326,2.55305489287743
"13131","Grady","Georgia","Georgia","13",7.74564665437137,10.6084866447881,10.7217380630907,16.4215408982917,8.67589424392029,2.55173360115303
"18099","Marshall","Indiana","Indiana","18",12.2628342951445,14.9150761687065,15.8542141230012,20.9370471743681,8.6742128792236,2.55123908212459
"13233","Polk","Georgia","Georgia","13",6.76329965217802,7.99914498954762,11.4135140222097,15.4292541389316,8.66595448675353,2.5488101431628
"39167","Washington","Ohio","Ohio","39",13.2290712925023,15.0409165303592,15.8820677394778,21.8945825155478,8.66551122304549,2.54867977148397
"42083","McKean","Pennsylvania","Pennsylvania","42",12.1778433132074,14.03469821424,15.1812240047039,20.8431241889664,8.66528087575902,2.54861202228206
"21205","Rowan","Kentucky","Kentucky","21",17.2679644044063,21.9027168898084,23.9303043668296,25.9282392948851,8.66027489047885,2.54713967367025
"29115","Linn","Missouri","Missouri","29",10.587244719686,10.7985773817552,13.3217993079585,19.2443202527032,8.65707553301715,2.54619868618152
"19179","Wapello","Iowa","Iowa","19",10.9589611254474,14.5646766169154,15.4209316899937,19.6093131742263,8.6503520487789,2.54422119081732
"17051","Fayette","Illinois","Illinois","17",8.53605873038722,9.04113339264937,13.8875767595654,17.1758001457823,8.63974141539504,2.54110041629266
"17101","Lawrence","Illinois","Illinois","17",6.31050228310502,9.70052083333333,9.47757408883414,14.9472343522562,8.63673206915117,2.54021531445622
"45047","Greenwood","South Carolina","South Carolina","45",16.0371576480792,18.9095676792484,21.8246274895148,24.6700248676911,8.63286721961189,2.5390785940035
"16011","Bingham","Idaho","Idaho","16",13.1459198195947,14.3770197153402,17.4184567924457,21.7716150081566,8.62569518856192,2.53696917310645
"29065","Dent","Missouri","Missouri","29",7.85006426614391,10.1309034269492,11.5100609194167,16.4685246540635,8.61846038791963,2.5348412905646
"48277","Lamar","Texas","Texas","48",12.9571281906043,14.4502087814754,15.8119141215603,21.5748259860789,8.61769779547457,2.53461699866899
"39163","Vinton","Ohio","Ohio","39",4.8255062473072,6.031861850906,7.94055672618387,13.4413937589591,8.61588751165189,2.53408456225056
"21191","Pendleton","Kentucky","Kentucky","21",6.75530631637896,9.66856671859124,11.8287225386493,15.3649921507064,8.60968583432748,2.53226053950808
"30083","Richland","Montana","Montana","30",13.4034995025331,17.1925021171973,16.7372366277747,21.9861922464153,8.58269274388218,2.52432139525946
"45085","Sumter","South Carolina","South Carolina","45",14.9682258909738,15.8190945372911,18.5262542905134,23.548576923629,8.5803510326552,2.52363265666329
"21135","Lewis","Kentucky","Kentucky","21",6.70655228127945,6.44028039892728,10.3718404010863,15.2792990142388,8.57274673295932,2.52139609792921
"17201","Winnebago","Illinois","Illinois","17",16.654722304477,19.3759252777441,20.9447955008198,25.2242181475674,8.56949584309034,2.5204399538501
"35051","Sierra","New Mexico","New Mexico","35",8.4603091945801,13.1435495840962,20.6089779230584,17.0212765957447,8.56096740116458,2.51793158857782
"27089","Marshall","Minnesota","Minnesota","27",10.1853141981329,11.9612380676887,17.0301762772632,18.7410586552217,8.55574445708882,2.51639542855554
"39031","Coshocton","Ohio","Ohio","39",8.14300916728739,9.78809788635484,11.8003046949146,16.6969792819864,8.553970114699,2.51587356314677
"29207","Stoddard","Missouri","Missouri","29",8.19219345183777,10.0889617851032,12.0468515560718,16.744882675986,8.55268922414825,2.51549683063184
"54087","Roane","West Virginia","West Virginia","54",6.61728003486307,9.04041978767927,9.42369063268482,15.1664855251457,8.54920549028267,2.51447220302431
"48407","San Jacinto","Texas","Texas","48",7.67529715295025,9.56117021279534,11.7885501695039,16.2216121786873,8.54631502573704,2.51362206639325
"56041","Uinta","Wyoming","Wyoming","56",14.3490079881973,14.9611122212991,18.2729846534021,22.8953229398664,8.5463149516691,2.51362204460856
"48441","Taylor","Texas","Texas","48",20.7324568561735,22.4529673035963,24.2083746283449,29.2774053957597,8.54494853958616,2.51322015870181
"17173","Shelby","Illinois","Illinois","17",9.77958429524582,11.4578003374276,14.7750367216817,18.3187787480835,8.53919445283764,2.51152778024636
"22079","Rapides Parish","Louisiana","Louisiana","22",14.5803495256866,16.5456406841284,18.2742141305893,23.1165811323414,8.53623160665479,2.51065635489847
"46031","Corson","South Dakota","South Dakota","46",10.4535637149028,11.3046863303338,13.5087719298246,18.9885496183206,8.5349859034178,2.51028997159347
"48485","Wichita","Texas","Texas","48",16.537100116038,19.9677917256303,20.0000043372715,25.0693933714503,8.53229325541225,2.50949801629772
"39029","Columbiana","Ohio","Ohio","39",8.53840428713468,10.7845698375225,12.9565847882559,17.0680943708836,8.52969008374891,2.50873237757321
"47099","Lawrence","Tennessee","Tennessee","47",6.65246736118388,8.68236270153586,11.7832455857573,15.1769057048408,8.52443834365689,2.50718774813438
"30021","Dawson","Montana","Montana","30",13.2416954475564,15.0787267741665,19.9999773528714,21.7659470865119,8.52425163895552,2.50713283498692
"20005","Atchison","Kansas","Kansas","20",13.3020476670938,17.9951245114611,21.1551506928966,21.8261222831607,8.52407461606685,2.50708076943143
"21197","Powell","Kentucky","Kentucky","21",5.2624073017684,6.48202710665881,12.330880607643,13.7844896105371,8.52208230876867,2.50649479669667
"05059","Hot Spring","Arkansas","Arkansas","05",9.00905498446569,11.18932946463,12.8062865700869,17.5238016047894,8.51474662032373,2.50433724127168
"38081","Sargent","North Dakota","North Dakota","38",9.70491756961914,12.6798236691483,18.2113204447357,18.2176091624911,8.51269159287191,2.50373282143292
"32015","Lander","Nevada","Nevada","32",10.7705286839145,10.8349623010332,12.8095644748079,19.2784060312332,8.50787734731866,2.50231686685843
"20205","Wilson","Kansas","Kansas","20",11.3729419554507,10.9447160570999,11.6798510935319,19.8783989191015,8.50545696365082,2.50160498930906
"56015","Goshen","Wyoming","Wyoming","56",14.5212244907049,18.6295543516832,18.787287124417,23.023516237402,8.50229174669715,2.50067404314622
"41047","Marion","Oregon","Oregon","41",17.5382002338531,19.7931269975217,20.7691098454613,26.0395271738667,8.50132694001366,2.5003902764746
"55041","Forest","Wisconsin","Wisconsin","55",7.64978434529258,10.0239048760164,12.0702946624023,16.1411087113031,8.49132436601051,2.49744834294427
"48451","Tom Green","Texas","Texas","48",16.9798657718258,19.5033895632532,21.4635131820084,25.4668023403714,8.48693656854564,2.49615781427813
"36121","Wyoming","New York","New York","36",9.67728888892702,11.4829333656688,14.4559464767167,18.1573366546605,8.4800477657335,2.49413169580397
"19033","Cerro Gordo","Iowa","Iowa","19",15.4995482122112,20.2626942175236,21.008241050734,23.977446794642,8.47789858243081,2.49349958306788
"31053","Dodge","Nebraska","Nebraska","31",13.5103817112761,15.0334233857362,17.5038112813929,21.9865619687525,8.47618025747646,2.49299419337543
"21177","Muhlenberg","Kentucky","Kentucky","21",6.19382363620638,8.11036163314092,10.7159142726358,14.6622208011693,8.46839716496295,2.49070504851851
"18181","White","Indiana","Indiana","18",10.7376405963903,10.4640798621427,14.7434381650508,19.2047574626866,8.4671168662963,2.49032849008715
"30101","Toole","Montana","Montana","30",14.0468135913763,16.7507034555343,17.0212675959409,22.5069637883008,8.46015019692456,2.48827946968369
"49027","Millard","Utah","Utah","49",15.86453737742,16.7971289933891,19.0462555795943,24.3239906161254,8.45945323870543,2.48807448197219
"54085","Ritchie","West Virginia","West Virginia","54",5.97014928777067,7.11997147802667,12.0256547300909,14.4287590282337,8.45860974046308,2.48782639425385
"19087","Henry","Iowa","Iowa","19",14.4944971900724,16.1595964497666,19.5477858870024,22.9515291402193,8.45703195014685,2.48736233827848
"31111","Lincoln","Nebraska","Nebraska","31",14.2048677957694,16.2473402667033,18.3901460899456,22.6577762677313,8.45290847196187,2.48614955057702
"27085","McLeod","Minnesota","Minnesota","27",11.7447818430934,15.3856404765798,17.9572592859424,20.1924195988672,8.4476377557738,2.48459933993347
"29229","Wright","Missouri","Missouri","29",7.41361883880914,9.84705803349084,11.5149565776777,15.8606426980592,8.44702385925004,2.48441878213237
"47059","Greene","Tennessee","Tennessee","47",10.2621959589051,12.7674163466813,15.6668655979256,18.7042882438987,8.44209228499359,2.48296831911576
"05075","Lawrence","Arkansas","Arkansas","05",6.08542832540659,8.49118610240419,9.14825442196106,14.5258541933126,8.44042586790604,2.48247819644295
"12121","Suwannee","Florida","Florida","12",8.20915055749006,10.4801713869358,9.77710925748667,16.6479680877587,8.4388175302686,2.48200515596135
"29179","Reynolds","Missouri","Missouri","29",6.52469415496149,7.50161672774305,6.93384223918575,14.9630955043614,8.43840134939995,2.48188274982352
"46029","Codington","South Dakota","South Dakota","46",12.9377569828442,18.8190755327594,23.485269594219,21.3747070212983,8.4369500384541,2.48145589366297
"40095","Marshall","Oklahoma","Oklahoma","40",9.71982472447218,11.4452522582067,15.1416627960985,18.1560153817982,8.43619065732602,2.48123254627236
"17107","Logan","Illinois","Illinois","17",12.4729471730111,14.2029554636619,17.270955890956,20.9086320040384,8.43568483102726,2.48108377383155
"06005","Amador","California","California","06",13.987979837047,16.6464440878128,18.7794402881731,22.4212927756654,8.43331293861837,2.48038615841717
"35015","Eddy","New Mexico","New Mexico","35",10.8751926274739,13.4871533351341,15.3734528251019,19.3027743665572,8.42758173908335,2.4787005114951
"24019","Dorchester","Maryland","Maryland","24",10.929485643066,11.9617448098904,17.9355624157572,19.3552513752079,8.42576573214187,2.47816639180643
"21127","Lawrence","Kentucky","Kentucky","21",6.22334908378472,6.63026521060842,9.78019948282231,14.6484897086341,8.42514062484934,2.47798253672039
"28067","Jones","Mississippi","Mississippi","28",12.2257775212207,14.0206975482469,16.635889018079,20.6505780877225,8.42480056650184,2.47788251955936
"48345","Motley","Texas","Texas","48",10.8455882352941,14.6909827760892,20.2072538860104,19.2691029900332,8.4235147547391,2.47750433962915
"54045","Logan","West Virginia","West Virginia","54",6.30403626213824,8.76087620046334,8.87096278030363,14.7233026874116,8.41926642527336,2.47625483096275
"48055","Caldwell","Texas","Texas","48",10.926999933595,13.2606740320859,14.917272152763,19.3427633395723,8.41576340597727,2.47522453116979
"21231","Wayne","Kentucky","Kentucky","21",5.50317316409792,7.2226868395043,8.53110080952051,13.8973022469536,8.39412908285567,2.46886149495755
"05015","Carroll","Arkansas","Arkansas","05",11.5949839426686,13.8314223415106,16.5294972684631,19.9813944379162,8.38641049524761,2.46659132213165
"21039","Carlisle","Kentucky","Kentucky","21",6.55644241733181,10.5691056910569,15.1038742279618,14.9390243902439,8.38258197291209,2.46546528615061
"46041","Dewey","South Dakota","South Dakota","46",10.4173974044195,12.166076601223,14.2566881137826,18.7978142076503,8.38041680323077,2.46482847153846
"06071","San Bernardino","California","California","06",14.9195905702352,15.9243005821721,18.5688979247485,23.2967679214835,8.37717735124833,2.46387569154363
"48099","Coryell","Texas","Texas","48",10.9741743744161,12.3838688544271,14.8493815897004,19.3492048901553,8.3750305157392,2.46324426933506
"21043","Carter","Kentucky","Kentucky","21",7.575201917004,8.91017080293197,9.25666199158485,15.9450549450549,8.36985302805094,2.46172147883851
"37127","Nash","North Carolina","North Carolina","37",13.7127610194539,17.2336646388466,18.9402430475173,22.0753371754501,8.36257615599621,2.45958122235183
"39131","Pike","Ohio","Ohio","39",7.95416915027485,9.70638057594579,12.6545302801106,16.3164665523156,8.36229740204076,2.45949923589434
"36009","Cattaraugus","New York","New York","36",12.775638986117,14.8724586773006,16.9805349751595,21.127801034228,8.35216204811097,2.4565182494444
"29105","Laclede","Missouri","Missouri","29",7.97433548342414,11.3162878718631,13.3873133076019,16.3230588521204,8.34872336869624,2.45550687314595
"54031","Hardy","West Virginia","West Virginia","54",7.31608183174895,9.43030026261953,10.2555944426753,15.6592099000476,8.34312806829865,2.45386119655843
"42105","Potter","Pennsylvania","Pennsylvania","42",9.81841836815923,12.2941603998668,13.5729352588025,18.153561827957,8.33514345979776,2.45151278229346
"42115","Susquehanna","Pennsylvania","Pennsylvania","42",11.1171170387643,13.2116768816471,16.1026536087139,19.4522373404405,8.33512030167618,2.45150597108123
"46009","Bon Homme","South Dakota","South Dakota","46",11.271676300578,15.3004377238361,17.8342712982728,19.5995379283789,8.32786162780086,2.44937106700025
"17169","Schuyler","Illinois","Illinois","17",10.746561886401,11.6885702759873,18.5081324455818,19.0737240075614,8.32716212116041,2.44916532975306
"18073","Jasper","Indiana","Indiana","18",10.8449010178313,12.9966399968031,14.4763484517658,19.1681893326373,8.32328831480595,2.44802597494293
"27023","Chippewa","Minnesota","Minnesota","27",10.9404162007062,13.6521975302439,16.9649981546529,19.2619047619048,8.32148856119854,2.44749663564663
"08003","Alamosa","Colorado","Colorado","08",24.1222800694166,26.9639313645383,23.0581494057725,32.4419629738466,8.31968290442997,2.44696556012646
"05019","Clark","Arkansas","Arkansas","05",17.8680201210896,19.817984682839,21.6248420729615,26.1873990306947,8.3193789096051,2.44687614988385
"40065","Jackson","Oklahoma","Oklahoma","40",16.5135439511588,18.4655471916618,20.6568502696479,24.8243412797992,8.31079732864045,2.44435215548249
"48289","Leon","Texas","Texas","48",10.2418076993309,12.1494421194178,14.1432760787599,18.5512520578806,8.30944435854973,2.44395422310286
"13119","Franklin","Georgia","Georgia","13",9.45943623411419,10.3368302990824,13.4534268078602,17.7613657001029,8.30192946598872,2.44174396058492
"42121","Venango","Pennsylvania","Pennsylvania","42",10.7685219508692,13.0545461031425,14.7172462495273,19.0694414492129,8.30091949834365,2.44144691127754
"53045","Mason","Washington","Washington","53",13.6030630805341,15.5616807208546,18.2685047318457,21.9018967166082,8.2988336360741,2.44083342237473
"48505","Zapata","Texas","Texas","48",6.88180404354588,8.68250539956803,8.48602988953866,15.1792336217553,8.29742957820937,2.44042046417923
"18079","Jennings","Indiana","Indiana","18",6.47838308124749,8.35168558360156,8.94374529418092,14.7739166841114,8.29553360286388,2.43986282437173
"39015","Brown","Ohio","Ohio","39",7.41395598507145,8.83085145966824,10.4061842332481,15.7089370014651,8.29498101639363,2.4397002989393
"13105","Elbert","Georgia","Georgia","13",7.98472625760229,9.84805053063811,11.1937003238151,16.2780839338703,8.293357676268,2.43922284596118
"18065","Henry","Indiana","Indiana","18",9.15939854619289,11.6844388216158,14.0133433024674,17.4526560858579,8.29325753966497,2.43919339401911
"19187","Webster","Iowa","Iowa","19",13.7281546068773,16.8700203995227,18.7460667086218,22.0209031112546,8.2927485043773,2.43904367775803
"27153","Todd","Minnesota","Minnesota","27",7.81847774971592,9.95051354020892,12.92871228323,16.1098863829066,8.29140863319064,2.43864959799725
"40063","Hughes","Oklahoma","Oklahoma","40",7.7349770053987,9.6590595750238,11.3851215259771,16.0229202037351,8.28794319833645,2.4376303524519
"42009","Bedford","Pennsylvania","Pennsylvania","42",7.79895963027007,10.2415936926833,12.064881086854,16.0798994113277,8.28093978105758,2.43557052384047
"40125","Pottawatomie","Oklahoma","Oklahoma","40",12.1640123301838,15.4756307230708,16.6850770252417,20.4393816110659,8.2753692808821,2.43393214143591
"55057","Juneau","Wisconsin","Wisconsin","55",8.59949912732248,9.97133743169373,11.6635257863344,16.8654001616815,8.26590103435901,2.43114736304677
"06115","Yuba","California","California","06",9.47744264919366,10.3272184544156,13.6355332267641,17.7418755112665,8.26443286207279,2.43071554766847
"12075","Levy","Florida","Florida","12",8.27289291702373,10.6243972506155,11.441647597254,16.5347561879354,8.26186327091165,2.42995978556225
"17095","Knox","Illinois","Illinois","17",12.7137314187706,14.5731675191179,16.9233526862868,20.9712702347966,8.25753881602595,2.42868788706646
"17125","Mason","Illinois","Illinois","17",8.79881784325926,11.2121627729586,14.9254095258102,17.0517409697364,8.25292312647715,2.42733033131681
"48313","Madison","Texas","Texas","48",10.1031235988641,11.5414842258898,10.4819414378489,18.3538110253343,8.2506874264702,2.42667277249124
"27159","Wadena","Minnesota","Minnesota","27",11.5646458819976,13.3977278170311,13.4241688740106,19.8150872031939,8.25044132119632,2.42660038858715
"48147","Fannin","Texas","Texas","48",11.2436816738997,12.6420454545455,15.2763561924258,19.4842406876791,8.24055901377939,2.42369382758217
"13313","Whitfield","Georgia","Georgia","13",11.9959042510214,12.830345655848,14.7484406167715,20.2318353880371,8.23593113701571,2.42233268735756
"39019","Carroll","Ohio","Ohio","39",7.87199252511096,9.12127440904419,11.4104205653501,16.100772380903,8.22877985579206,2.42022936935061
"21153","Magoffin","Kentucky","Kentucky","21",4.59891634729748,6.32580261593341,9.642578777419,12.815073621163,8.21615727386549,2.41651684525456
"40049","Garvin","Oklahoma","Oklahoma","40",10.1073214312232,12.0133712864987,15.1097084259664,18.3195116332642,8.21219020204104,2.41535005942384
"26157","Tuscola","Michigan","Michigan","26",8.12263414916058,10.6047812549475,12.8274308466052,16.3310209153034,8.2083867661428,2.41423140180671
"13019","Berrien","Georgia","Georgia","13",7.53814092692838,9.43460108620557,11.7873409769122,15.7457480993808,8.20760717245244,2.41400210954484
"18167","Vigo","Indiana","Indiana","18",18.0586642236536,21.3853142750771,21.350117062173,26.2550237486299,8.19635952497624,2.41069397793419
"19195","Worth","Iowa","Iowa","19",10.9303600781415,12.6734842951059,16.4831062161658,19.1231343283582,8.19277425021671,2.40963948535786
"17109","McDonough","Illinois","Illinois","17",23.2166281041715,26.8614026204435,32.8638942341509,31.4093226511289,8.19269454695744,2.40961604322278
"17029","Coles","Illinois","Illinois","17",18.7122455886634,20.7907401121305,24.0552017217274,26.9040390707497,8.19179348208636,2.40935102414305
"35006","Cibola","New Mexico","New Mexico","35",8.81259627142012,12.0141988548717,10.2112961231107,16.9987580322912,8.18616176087104,2.40769463555031
"46109","Roberts","South Dakota","South Dakota","46",10.3789362182832,13.3797133217895,15.7182503032401,18.5636031649422,8.18466694665897,2.40725498431146
"02230","Skagway Municipality","Alaska","Alaska","02",20.3285420944559,25,21.8390804597701,28.5123966942149,8.18385459975902,2.40701605875265
"55067","Langlade","Wisconsin","Wisconsin","55",8.80690025610046,11.7034665770873,12.7444731181926,16.9837426496022,8.17684239350176,2.40495364514758
"47087","Jackson","Tennessee","Tennessee","47",6.82678970728113,8.44731424999084,8.62172194946713,15.0022143489814,8.17542464170027,2.40453665932361
"37163","Sampson","North Carolina","North Carolina","37",8.06305836476667,11.0668575852056,13.2127205651522,16.2371263501633,8.17406798539661,2.40413764276371
"37153","Richmond","North Carolina","North Carolina","37",7.8757509269698,10.1371414398265,11.9830527781943,16.0416883071916,8.16593738022178,2.40174628830052
"40037","Creek","Oklahoma","Oklahoma","40",10.5585398152035,11.713349667399,15.6760373972397,18.7244154236307,8.16587560842712,2.40172812012562
"21019","Boyd","Kentucky","Kentucky","21",11.8732944512555,14.0933846220803,15.9346446158663,20.0344565788705,8.16116212761503,2.40034180223971
"39141","Ross","Ohio","Ohio","39",9.23985404906122,11.3261659249004,13.7054807159993,17.3982310608142,8.15837701175293,2.39952265051557
"48347","Nacogdoches","Texas","Texas","48",20.0412315387475,22.7822155237378,24.5482797502819,28.1902613075874,8.14902976883986,2.39677346142349
"53043","Lincoln","Washington","Washington","53",16.0371226619933,18.7859941396383,19.1613521125788,24.1786322706255,8.14150960863217,2.3945616495977
"17183","Vermilion","Illinois","Illinois","17",11.0919938260807,12.4511538702894,13.909718143659,19.228533049981,8.13653922390029,2.39309977173538
"17075","Iroquois","Illinois","Illinois","17",10.063657073938,11.8371007294609,14.1066973752175,18.1978609625668,8.13420388862886,2.39241290842025
"37157","Rockingham","North Carolina","North Carolina","37",8.83572592620598,10.8032306981629,13.0364891688775,16.9694244604317,8.13369853422567,2.39226427477226
"51141","Patrick","Virginia","Virginia","51",6.98294481636719,8.61475314341764,9.37886401704234,15.1161927388819,8.13324792251469,2.39213174191609
"31033","Cheyenne","Nebraska","Nebraska","31",15.0786012191209,16.796576493963,25.2525252525253,23.2116355001484,8.13303428102746,2.39206890618455
"28119","Quitman","Mississippi","Mississippi","28",8.97780766602263,10.5993904503894,11.8180065548487,17.1075837742504,8.12977610822781,2.391110620067
"47107","McMinn","Tennessee","Tennessee","47",10.4923195103581,10.80650410644,14.4551930593131,18.6205826849003,8.12826317454229,2.39066563957126
"16061","Lewis","Idaho","Idaho","16",13.1493293708448,14.8193368019235,16.1555695744372,21.2718482707326,8.12251889988786,2.38897614702584
"18171","Warren","Indiana","Indiana","18",9.38367573570239,13.9872521246459,14.038950042337,17.504105090312,8.1204293546096,2.38836157488518
"13301","Warren","Georgia","Georgia","13",4.19304322984752,7.95370691379224,6.53770812928501,12.3044285335455,8.11138530369796,2.38570155991116
"29187","St. Francois","Missouri","Missouri","29",9.1406691268073,10.2284248241368,14.4927216098105,17.2492642544092,8.10859512760188,2.38488091988291
"46123","Tripp","South Dakota","South Dakota","46",9.62761124540862,13.4898064498574,19.6131911728242,17.7326310509155,8.10501980550686,2.38382935456084
"22029","Concordia Parish","Louisiana","Louisiana","22",9.09163030543435,9.55205244264086,11.8026065309709,17.1955474331284,8.10391712769407,2.38350503755708
"20099","Labette","Kansas","Kansas","20",12.1131165700137,15.879256347038,19.015753520145,20.2159124519373,8.10279588192361,2.3831752593893
"34011","Cumberland","New Jersey","New Jersey","34",10.8353047039335,11.7493129775686,14.0323227941517,18.9301729660474,8.09486826211386,2.38084360650408
"37193","Wilkes","North Carolina","North Carolina","37",8.77917965850416,11.293737035015,12.0758790222139,16.8738489871087,8.0946693286045,2.38078509664838
"47133","Overton","Tennessee","Tennessee","47",6.8895122046345,8.30500422295222,11.2023653088042,14.9751725808405,8.085660376206,2.37813540476647
"40021","Cherokee","Oklahoma","Oklahoma","40",21.0953460390286,22.0581605483481,24.5655384933206,29.1778561490924,8.08251011006386,2.37720885590113
"40023","Choctaw","Oklahoma","Oklahoma","40",7.14212939378502,9.85308521057786,12.0407563436857,15.2234206471495,8.08129125336444,2.3768503686366
"48387","Red River","Texas","Texas","48",7.33774286895411,8.95826956433017,12.2782192228148,15.4162746942615,8.07853182530741,2.37603877214924
"48069","Castro","Texas","Texas","48",10.5221044208842,14.6581810716485,13.5638848622903,18.5989256938227,8.07682127293856,2.37553566851134
"28151","Washington","Mississippi","Mississippi","28",14.2804447489066,16.3953109736242,18.4550437905614,22.3561527280462,8.07570797913966,2.37520822915872
"05067","Jackson","Arkansas","Arkansas","05",6.65563135427338,10.3081536067101,9.48186395428501,14.7239263803681,8.06829502609472,2.37302794885139
"04001","Apache","Arizona","Arizona","04",8.49620606112184,11.3481865316439,10.3269806191986,16.5643447461629,8.06813868504109,2.37298196618856
"20009","Barton","Kansas","Kansas","20",13.6080748914806,16.6274295099918,18.3914296590353,21.6752819548872,8.06720706340665,2.37270795982548
"21081","Grant","Kentucky","Kentucky","21",7.23424603216417,9.40773047610551,11.9610252154767,15.2992541386211,8.06500810645689,2.37206120778144
"41069","Wheeler","Oregon","Oregon","41",10.7450138523715,14.3474400994752,14.8479395156354,18.8054882970137,8.06047444464225,2.37072777783595
"45027","Clarendon","South Carolina","South Carolina","45",10.1620198087823,11.3827422939414,13.8267918088737,18.220189940204,8.05817013142173,2.37005003865345
"13183","Long","Georgia","Georgia","13",5.22720522720523,5.84403835715578,11.7647058823529,13.2849615617172,8.05775633451197,2.36992833367999
"36049","Lewis","New York","New York","36",10.497509378267,11.7061092877296,13.056574839805,18.5543723781865,8.05686299991949,2.36966558821162
"21051","Clay","Kentucky","Kentucky","21",7.44265876122709,8.00845613392006,7.43630785651831,15.4991000969126,8.05644133568556,2.36954156931928
"26151","Sanilac","Michigan","Michigan","26",8.4199338686821,9.98390245573175,11.7296624145939,16.4721275350343,8.05219366635216,2.36829225480946
"01039","Covington","Alabama","Alabama","01",9.12411789071482,12.2233028593659,13.7619229301793,17.1693472090823,8.04522931836749,2.36624391716691
"29063","DeKalb","Missouri","Missouri","29",8.30998639429017,10.6525855776695,9.75284172202444,16.3522012578616,8.04221486357147,2.36535731281514
"39079","Jackson","Ohio","Ohio","39",7.85953177257525,10.9781282267906,14.0427250695629,15.9013605442177,8.04182877164244,2.36524375636542
"28129","Smith","Mississippi","Mississippi","28",7.57352998527204,9.13966315646623,14.4690347777571,15.6131930971102,8.03966311183814,2.36460679759945
"48369","Parmer","Texas","Texas","48",8.91072044122716,13.4117246080436,13.9381985535832,16.9472321139527,8.03651167272557,2.36367990374282
"21141","Logan","Kentucky","Kentucky","21",8.06002948796048,9.57568090244412,11.5739216331906,16.0927289700239,8.03269948206337,2.36255867119511
"28127","Simpson","Mississippi","Mississippi","28",8.71329995938621,10.8691875614566,14.0355799988316,16.7391055701704,8.02580561078422,2.36053106199536
"39071","Highland","Ohio","Ohio","39",8.23384831460674,9.66934627635371,11.0800744878957,16.2595087296002,8.02566041499347,2.36048835735102
"39023","Clark","Ohio","Ohio","39",12.1832728511155,14.8762916998073,16.9649755343806,20.2074418703915,8.02416901927598,2.36004971155176
"28095","Monroe","Mississippi","Mississippi","28",8.38441233054449,10.8736824769433,12.9089515510912,16.4074451810301,8.02303285048559,2.35971554426047
"21193","Perry","Kentucky","Kentucky","21",6.73129288749743,8.86405388856524,13.6796273795059,14.7524803906291,8.02118750313163,2.35917279503871
"01069","Houston","Alabama","Alabama","01",15.0464685119257,18.4366223493084,19.2567617093015,23.0474793278208,8.00101081589503,2.35323847526324
"01091","Marengo","Alabama","Alabama","01",11.4738122323437,12.0908393934082,17.6516606215774,19.4535010091601,7.97968877681635,2.34696728729893
"05061","Howard","Arkansas","Arkansas","05",8.25253883973333,11.6275553989359,11.267664325626,16.2236921226699,7.97115328293654,2.34445684792251
"20019","Chautauqua","Kansas","Kansas","20",10.5945723257345,12.3283332016584,17.5589666791464,18.5584092792046,7.9638369534701,2.34230498631474
"18041","Fayette","Indiana","Indiana","18",8.08647873865265,7.84233576642336,8.44655524828664,16.0471940335004,7.96071529484778,2.34138685142582
"48315","Marion","Texas","Texas","48",7.63657440950587,8.4958932238193,10.9097772744432,15.5955792058944,7.95900479638852,2.34088376364368
"48293","Limestone","Texas","Texas","48",10.5740389612964,11.1233151273163,13.2198706273943,18.532892225474,7.95885326417763,2.34083919534636
"18083","Knox","Indiana","Indiana","18",11.1115602263541,14.3937261210537,14.6062014261678,19.0702479338843,7.95868770753021,2.34079050221477
"13169","Jones","Georgia","Georgia","13",11.9631901840403,15.0165767405578,19.3577163247101,19.9184363654449,7.95524618140454,2.33977828864839
"29125","Maries","Missouri","Missouri","29",8.32480025891336,10.9895858991927,16.6719795983424,16.2695152013147,7.94471494240134,2.33668086541216
"29005","Atchison","Missouri","Missouri","29",14.2258030706193,16.6444444444444,21.3969503197245,22.1695629278568,7.94375985723748,2.33639995801102
"26133","Osceola","Michigan","Michigan","26",8.662243211615,11.2951649015889,13.0803518280373,16.5999028890507,7.93765967743574,2.3346057874811
"55141","Wood","Wisconsin","Wisconsin","55",13.4947414355609,16.8845367047094,18.6843076551281,21.4287058469298,7.93396441136883,2.33351894452024
"47049","Fentress","Tennessee","Tennessee","47",6.63172236282253,8.34588904217495,11.568,14.5596336839093,7.92791132108675,2.33173862384904
"21169","Metcalfe","Kentucky","Kentucky","21",5.04001362165844,6.64288898796255,7.49133949191686,12.9663014838441,7.92628786218569,2.33126113593697
"41065","Wasco","Oregon","Oregon","41",14.5333009330932,15.7087876323481,20.5950057094927,22.449627161669,7.91632622857585,2.32833124369878
"01071","Jackson","Alabama","Alabama","01",8.01050345252375,10.4240477272244,13.2146506749852,15.9222585062678,7.91175505374403,2.32698678051295
"27129","Renville","Minnesota","Minnesota","27",10.2230475829201,12.6483340730633,15.2144205290245,18.1308962264151,7.907848643495,2.32583783632206
"01055","Etowah","Alabama","Alabama","01",10.1855019116776,13.4214514351841,15.1716795315555,18.0861191208731,7.90061720919548,2.32371094388103
"51640","Galax city","Virginia","Virginia","51",11.1723196979193,11.0629155098696,15.0360731747134,19.0721649484536,7.89984525053436,2.32348389721599
"39065","Hardin","Ohio","Ohio","39",11.619775135833,11.4047866805411,13.9846153846154,19.518630195994,7.89885506016095,2.32319266475322
"21071","Floyd","Kentucky","Kentucky","21",7.42302693624775,9.68277828869413,11.9030178728391,15.3195413358993,7.89651439965154,2.32250423519163
"39033","Crawford","Ohio","Ohio","39",9.34814910529756,9.67207367984958,11.2244561090753,17.2389248550995,7.89077574980192,2.32081639700056
"05113","Polk","Arkansas","Arkansas","05",9.87015699818559,10.9436436989831,11.7159119194335,17.7579071829737,7.88775018478811,2.31992652493768
"29121","Macon","Missouri","Missouri","29",11.4810885408034,13.0341480652444,15.4839917618424,19.3686006825939,7.88751214179041,2.3198565122913
"27115","Pine","Minnesota","Minnesota","27",9.53440798109218,10.2969151954858,13.410580302023,17.4212866346067,7.88687865351448,2.31967019221014
"01119","Sumter","Alabama","Alabama","01",11.1235202144293,12.438437750544,15.3068506184586,19.0101559147475,7.88663570031823,2.31959873538771
"54083","Randolph","West Virginia","West Virginia","54",11.902432332644,13.6373092686169,18.0271141448616,19.7889442280191,7.88651189537509,2.31956232216914
"51183","Sussex","Virginia","Virginia","51",8.61300861300861,10.0011237217665,9.45121951219512,16.4986476518318,7.8856390388232,2.31930559965388
"12041","Gilchrist","Florida","Florida","12",7.42108797850907,9.42928039702233,11.7959617428268,15.304217991788,7.88313001327891,2.31856765096439
"49015","Emery","Utah","Utah","49",10.4072046842614,11.7689876695292,12.5265074686393,18.2890855457227,7.88188086146127,2.31820025337096
"48003","Andrews","Texas","Texas","48",9.80224609375,12.3864363403711,14.1730558598028,17.6836308730793,7.88138477932931,2.31805434686156
"19047","Crawford","Iowa","Iowa","19",9.83636697922412,12.3509215757138,13.0805092343554,17.7157934413871,7.87942646216299,2.31747837122441
"46007","Bennett","South Dakota","South Dakota","46",10.4039845026503,12.728194871519,16.6111113642012,18.2814302191465,7.87744571649614,2.31689579896945
"22105","Tangipahoa Parish","Louisiana","Louisiana","22",12.9402324353514,16.2863678320266,19.3273459827291,20.8093709598324,7.869138524481,2.31445250720029
"18179","Wells","Indiana","Indiana","18",12.0822151744328,14.2736534023752,15.5609103078983,19.9488223928142,7.86660721838146,2.31370800540631
"21203","Rockcastle","Kentucky","Kentucky","21",5.88171694237215,8.25456836798992,10.3213739160007,13.7481532979925,7.86643635562038,2.31365775165305
"40127","Pushmataha","Oklahoma","Oklahoma","40",7.78833038373469,12.3902799219297,10.8788191677088,15.6459948320413,7.85766444830665,2.31107777891372
"45029","Colleton","South Carolina","South Carolina","45",9.56897489995841,11.543270964833,13.6895401020291,17.4242424242424,7.85526752428402,2.31037280126001
"56003","Big Horn","Wyoming","Wyoming","56",14.9992526114071,15.9335463427161,18.8149288187765,22.8494293778378,7.85017676643067,2.30887551953843
"26117","Montcalm","Michigan","Michigan","26",8.17379168057283,10.8139534883721,12.8383786074102,16.0218819287594,7.84809024818657,2.30826183770193
"47109","McNairy","Tennessee","Tennessee","47",5.19731244042991,8.77379264625696,10.6236845020494,13.0422919508868,7.84497951045686,2.30734691484025
"13199","Meriwether","Georgia","Georgia","13",6.66650861463671,10.8011785861789,9.83714799175022,14.50904736562,7.8425387509833,2.30662904440685
"21027","Breckinridge","Kentucky","Kentucky","21",6.34950541686293,7.43940484761219,8.80617670624226,14.1828254847645,7.83332006790161,2.30391766702989
"26057","Gratiot","Michigan","Michigan","26",10.8737377952099,12.9126711075324,13.3966729064387,18.7059152175431,7.83217742233325,2.3035815948039
"02090","Fairbanks North Star Borough","Alaska","Alaska","02",25.2471421602428,27.0312589300805,28.5902342873859,33.0720952164157,7.82495305617297,2.30145678122734
"46035","Davison","South Dakota","South Dakota","46",14.801673944687,20.1638365048212,25.9847423322435,22.6237003170858,7.82202637239871,2.30059599188197
"13063","Clayton","Georgia","Georgia","13",14.7138034766471,16.6321267330429,17.5156805261375,22.5321718992605,7.81836842261346,2.29952012429808
"05063","Independence","Arkansas","Arkansas","05",10.3264644172185,13.732628011303,13.2612836191984,18.1367887145348,7.81032429731631,2.29715420509303
"05055","Greene","Arkansas","Arkansas","05",9.09220094769788,10.8934822952249,12.5013453711763,16.8965736443964,7.80437269669853,2.2954037343231
"19091","Humboldt","Iowa","Iowa","19",11.5551341099973,15.3574456061034,17.1950328707085,19.3533834586466,7.79824934864932,2.29360274960274
"13315","Wilcox","Georgia","Georgia","13",7.55665583464548,6.96059354293538,8.18919332619011,15.3514843870174,7.7948285523719,2.29259663305056
"26095","Luce","Michigan","Michigan","26",9.55129887168722,11.7718692916582,13.8297872340426,17.3452078032231,7.79390893153585,2.29232615633407
"29177","Ray","Missouri","Missouri","29",8.42903275527014,10.8407213049388,13.2681388012605,16.2217278457545,7.7926950904844,2.29196914426012
"01103","Morgan","Alabama","Alabama","01",15.4817324549043,18.3960218300393,19.5307961385857,23.2738220753965,7.79208962049224,2.29179106485066
"17021","Christian","Illinois","Illinois","17",9.34887344379393,10.5489378273505,12.9978930036678,17.1395909035235,7.79071745972953,2.29138748815574
"40061","Haskell","Oklahoma","Oklahoma","40",7.70119496476972,10.295492318839,12.9275164587589,15.4919053549191,7.79071039014933,2.29138540886745
"45087","Union","South Carolina","South Carolina","45",7.19340069093589,9.80108249356281,12.2629385989095,14.9772914946325,7.78389080369665,2.28937964814607
"55119","Taylor","Wisconsin","Wisconsin","55",9.23259103050801,11.0161409677526,13.7859980373674,17.0138393494079,7.78124831889989,2.28860244673526
"48455","Trinity","Texas","Texas","48",9.0107120352867,9.39415982541827,9.59365708622398,16.7897396035756,7.77902756828889,2.28794928479085
"48017","Bailey","Texas","Texas","48",7.42596810933941,9.26767676767677,13.3715139442231,15.2015083667217,7.77554025738225,2.28692360511243
"47073","Hawkins","Tennessee","Tennessee","47",8.39621179876577,10.038774820407,12.7455345220577,16.1643642845416,7.76815248577582,2.28475073111054
"22017","Caddo Parish","Louisiana","Louisiana","22",18.2291780516162,20.5369183666345,22.0274503276657,25.9968668539789,7.76768880236273,2.2846143536361
"35035","Otero","New Mexico","New Mexico","35",14.9806525689364,15.4488846650931,17.473163936558,22.7404611793451,7.75980861040871,2.28229665012021
"39161","Van Wert","Ohio","Ohio","39",9.34502744011899,11.9570246234514,14.9938360386275,17.0918875822205,7.74686014210146,2.27848827708866
"42067","Juniata","Pennsylvania","Pennsylvania","42",7.25145640674549,8.78161954258678,11.1511216056671,14.9951314508277,7.74367504408216,2.27755148355358
"40153","Woodward","Oklahoma","Oklahoma","40",13.008077306265,15.2277909968691,18.0183948364812,20.7472527472527,7.73917544098773,2.27622807087874
"02068","Denali Borough","Alaska","Alaska","02",18.8173465837954,22.7203482120617,25.6150246670226,26.551503518874,7.73415693507857,2.27475203972899
"29143","New Madrid","Missouri","Missouri","29",6.72083272044631,9.59735423920718,11.7495656632132,14.4528371407517,7.73200442030535,2.27411894714863
"29101","Johnson","Missouri","Missouri","29",21.3958295883516,23.2208750658935,24.5871317214956,29.1275623610768,7.7317327727252,2.27403905080153
"26039","Crawford","Michigan","Michigan","26",12.5574284585601,12.9437069556228,15.2325511462845,20.2888716556805,7.73144319712043,2.27395388150601
"26135","Oscoda","Michigan","Michigan","26",7.91433057463886,8.02549118815877,9.60965668600094,15.6373400726583,7.72300949801949,2.27147338177044
"39027","Clinton","Ohio","Ohio","39",11.6162654292984,14.1018554916977,13.9339674737866,19.3343898573693,7.71812442807085,2.27003659649143
"42015","Bradford","Pennsylvania","Pennsylvania","42",12.8529268856967,14.8295594917403,16.421047821418,20.5629692390972,7.71004235340052,2.26765951570604
"55137","Waushara","Wisconsin","Wisconsin","55",9.95795739294571,11.7167443526717,14.1847495996908,17.6650818806128,7.70712448766707,2.26680131990208
"39037","Darke","Ohio","Ohio","39",8.78450904252565,10.0778438835964,11.4677487057507,16.4861816130852,7.70167257055951,2.26519781487044
"37181","Vance","North Carolina","North Carolina","37",9.49528396473846,10.727357493302,11.1800954597449,17.1947287256414,7.69944476090293,2.26454257673615
"39143","Sandusky","Ohio","Ohio","39",10.653155871888,11.8895699015603,13.3178755162669,18.3504066405969,7.69725076870884,2.26389728491436
"21089","Greenup","Kentucky","Kentucky","21",11.1098220680127,11.5073630681134,15.9796201945345,18.8011753183154,7.69135325030271,2.26216272067727
"53021","Franklin","Washington","Washington","53",13.4022540457045,13.5703632091934,14.8337236295547,21.0898308883104,7.68757684260594,2.26105201253116
"29103","Knox","Missouri","Missouri","29",8.11938447871267,12.8093648183766,16.2740899357602,15.7959687371452,7.67658425843254,2.25781889953898
"28085","Lincoln","Mississippi","Mississippi","28",11.6050196634573,12.4133906356555,16.5214726612091,19.2790033525102,7.67398368905295,2.25705402619204
"41033","Josephine","Oregon","Oregon","41",12.023567317927,14.0902489431288,16.3942362459589,19.6941394444698,7.67057212654276,2.25605062545375
"17123","Marshall","Illinois","Illinois","17",10.3503440781151,14.5126137881911,16.4955714854999,18.0173831336622,7.66703905554706,2.25501148692561
"49055","Wayne","Utah","Utah","49",20.0485044462409,20.8975217682518,24.3861607142857,27.712684666327,7.66418022008614,2.25417065296651
"21183","Ohio","Kentucky","Kentucky","21",6.20115027282112,7.42928397978605,9.31023816888339,13.8619966701609,7.66084639733982,2.25319011686465
"53017","Douglas","Washington","Washington","53",13.8351428398132,16.1536579398092,17.3691654879774,21.4923169831578,7.65717414334457,2.25211004216017
"48123","DeWitt","Texas","Texas","48",9.21629633507742,11.840505130138,12.2469029917742,16.8693774739115,7.65308113883406,2.25090621730414
"18107","Montgomery","Indiana","Indiana","18",12.771714620727,14.6728704950818,17.5708151124769,20.4183266932271,7.64661207250011,2.24900355073533
"18175","Washington","Indiana","Indiana","18",6.82508218100376,10.2336810608083,11.5622878352662,14.4642947517587,7.63921257075493,2.24682722669263
"29175","Randolph","Missouri","Missouri","29",10.7786632483507,11.7189436024515,13.2713607664355,18.4171815239776,7.63851827562698,2.24662302224323
"19193","Woodbury","Iowa","Iowa","19",16.669599772678,18.9033457126918,20.6570805787388,24.3025782580607,7.63297848538274,2.24499367217139
"20075","Hamilton","Kansas","Kansas","20",12.873693821149,17.3710984543581,13.8873021473946,20.5,7.62630617885096,2.24303122907381
"19137","Montgomery","Iowa","Iowa","19",12.7590368095767,12.8877401283941,15.7554999341325,20.3824303727311,7.62339356315436,2.24217457739834
"31143","Polk","Nebraska","Nebraska","31",12.357052336651,13.4585256381189,18.6592768540512,19.9782549605871,7.62120262393615,2.24153018351063
"56005","Campbell","Wyoming","Wyoming","56",15.7102432474211,15.666086247118,18.2247589320284,23.3302277765284,7.6199845291073,2.24117192032568
"28099","Neshoba","Mississippi","Mississippi","28",10.0746515161525,11.4398200224972,11.9896585155661,17.6887686062246,7.61411709007215,2.2394462029624
"32019","Lyon","Nevada","Nevada","32",9.36023383775271,11.2977295277751,14.6940859589521,16.9727913710408,7.61255753328812,2.23898750979062
"17103","Lee","Illinois","Illinois","17",11.7602915545774,13.1581069809057,14.8605176177458,19.3671139595434,7.60682240496595,2.23730070734293
"19107","Keokuk","Iowa","Iowa","19",9.36902485659656,11.5821051258641,12.9644808743169,16.9757079200805,7.60668306348394,2.2372597245541
"26123","Newaygo","Michigan","Michigan","26",10.5259928719424,11.3985561168252,13.2388574820397,18.1251558214909,7.5991629495485,2.23504792633779
"37075","Graham","North Carolina","North Carolina","37",9.9979092487081,11.2237644374047,12.9091216217062,17.5952103775154,7.59730112880728,2.23450033200214
"13225","Peach","Georgia","Georgia","13",15.1762923813094,16.7626948229859,18.4237523384225,22.7715274772826,7.59523509597319,2.23389267528623
"41019","Douglas","Oregon","Oregon","41",11.71393642988,13.2954375817182,15.1641953513339,19.3052091327705,7.59127270289057,2.23272726555605
"51105","Lee","Virginia","Virginia","51",6.5069188476127,9.51942317776287,12.0521118233993,14.0778464896326,7.57092764201989,2.2267434241235
"19115","Louisa","Iowa","Iowa","19",9.22310488757237,12.6980071538068,13.3133002351712,16.7926780740151,7.56957318644275,2.2263450548361
"17191","Wayne","Illinois","Illinois","17",8.6885377492018,10.0145016845565,12.6761766464508,16.2527814864263,7.56424373722454,2.22477756977192
"37083","Halifax","North Carolina","North Carolina","37",8.56129129939716,11.099305919967,11.7343599247975,16.1255284170972,7.56423711770007,2.22477562285296
"56037","Sweetwater","Wyoming","Wyoming","56",13.3404340300899,17.0389970936538,17.0062354988399,20.9027424165272,7.56230838643731,2.22420834895215
"18125","Pike","Indiana","Indiana","18",8.4774055085251,8.44281960470696,9.89693006760501,16.0297363224532,7.55233081392815,2.2212737688024
"17055","Franklin","Illinois","Illinois","17",8.20533514373349,11.3406277424032,12.8708545822652,15.7568191276056,7.55148398387215,2.22102470113887
"05129","Searcy","Arkansas","Arkansas","05",7.45502369198432,8.38964412081166,11.0305292171188,15.0060648067926,7.55104111480826,2.22089444553184
"29033","Carroll","Missouri","Missouri","29",11.7049798815955,14.038876875006,16.7601246105919,19.2501681237391,7.54518824214353,2.21917301239515
"48373","Polk","Texas","Texas","48",8.62635120546618,10.4413777077152,12.0250030944424,16.170257159251,7.54390595378477,2.21879586876023
"46019","Butte","South Dakota","South Dakota","46",12.3128447596533,12.2375832053251,17.6331710196252,19.8565912851627,7.54374652550944,2.21874897809101
"18049","Fulton","Indiana","Indiana","18",9.39137444578799,10.2916329978697,14.6736440138604,16.9321158066115,7.54074136082346,2.21786510612455
"29133","Mississippi","Missouri","Missouri","29",7.19973553936483,9.62999012764963,10.4708823900696,14.7359454855196,7.53620994615476,2.21653233710434
"47185","White","Tennessee","Tennessee","47",7.600312796043,7.94634948753638,11.9200133682393,15.1247221536182,7.52440935757518,2.21306157575741
"20203","Wichita","Kansas","Kansas","20",12.5362739408009,15.5076923076923,15.0993377483444,20.0573065902579,7.52103264945695,2.21206842631087
"40053","Grant","Oklahoma","Oklahoma","40",15.6028368794326,16.2285714285714,19.4565896314803,23.1221876081689,7.51935072873629,2.21157374374597
"19073","Greene","Iowa","Iowa","19",13.6766809728183,14.6282633371169,16.9817073170732,21.195387363976,7.51870639115765,2.21138423269343
"05149","Yell","Arkansas","Arkansas","05",7.37868432636472,10.9089471336261,9.7311322802808,14.8940816772221,7.51539735085738,2.21041098554629
"51820","Waynesboro city","Virginia","Virginia","51",18.1769791455888,20.5724997257615,22.273652703281,25.6897191636769,7.51274001808802,2.20962941708471
"01037","Coosa","Alabama","Alabama","01",6.34736791363077,8.03144609863063,9.65288850729793,13.8593569873191,7.5119890736883,2.2094085510848
"31095","Jefferson","Nebraska","Nebraska","31",12.7028356007212,14.3586253827833,12.8814178695414,20.2114924181963,7.50865681747513,2.20842847572798
"18017","Cass","Indiana","Indiana","18",8.97981928909764,12.0125621565035,13.9703319261009,16.4841919250125,7.50437263591485,2.2071684223279
"51185","Tazewell","Virginia","Virginia","51",9.09433756787273,11.0033360055929,13.2963952340262,16.597004528039,7.50266696016629,2.20666675299008
"55023","Crawford","Wisconsin","Wisconsin","55",10.8270233061265,13.175825148217,15.7019912251097,18.3271312584574,7.50010795233091,2.20591410362674
"16075","Payette","Idaho","Idaho","16",9.80409448236985,10.6102199936769,14.8085866281841,17.2980974834147,7.49400300104481,2.20411852971906
"21105","Hickman","Kentucky","Kentucky","21",7.63230075470499,8.75736475629352,12.9825564769803,15.1225343693963,7.4902336146913,2.20300988667391
"40045","Ellis","Oklahoma","Oklahoma","40",13.953488372093,19.2254969156957,23.9145416953825,21.4396887159533,7.48620034386028,2.20182363054714
"48295","Lipscomb","Texas","Texas","48",14.8760338506881,18.9057170470755,20.5116058739934,22.3522853957637,7.47625154507555,2.19889751325751
"21143","Lyon","Kentucky","Kentucky","21",9.07441016333938,10.1374292643492,14.0276941601445,16.5490970654628,7.47468690212337,2.19843732415393
"30087","Rosebud","Montana","Montana","30",13.4125485787004,17.6077926603096,20.1142467672417,20.8854667949952,7.47291821629476,2.19791712243963
"54105","Wirt","West Virginia","West Virginia","54",7.98108187998818,9.8630831643002,10.1516634050881,15.4530294608116,7.47194758082339,2.19763164141864
"45089","Williamsburg","South Carolina","South Carolina","45",9.93914826273145,11.5270173079739,12.2890432556859,17.4034897387216,7.46434147599018,2.19539455176182
"01027","Clay","Alabama","Alabama","01",7.25264710362754,7.81205951009435,8.84937454771012,14.714215925745,7.46156882211745,2.19457906532866
"29087","Holt","Missouri","Missouri","29",12.1807465618861,11.6702355460385,15.2076318742985,19.6422764227642,7.46152986087817,2.19456760614064
"17187","Warren","Illinois","Illinois","17",14.5253682487725,15.8272195202374,18.6727728333189,21.9746410591087,7.44927281033621,2.19096259127535
"29067","Douglas","Missouri","Missouri","29",7.4911199011342,9.93847407325532,11.075122766691,14.9391324902494,7.44801258911518,2.19059193797505
"21115","Johnson","Kentucky","Kentucky","21",9.30615606354436,9.25325707033856,9.80246913586247,16.751398068124,7.44524200457969,2.1897770601705
"45031","Darlington","South Carolina","South Carolina","45",12.4190141890595,13.5450542979043,16.0496465349164,19.862855024788,7.44384083572851,2.18936495168486
"54063","Monroe","West Virginia","West Virginia","54",7.99276672694394,8.20126026350964,12.2966751918159,15.414710485133,7.42194375818908,2.18292463476149
"32510","Carson City","Nevada","Nevada","32",16.3132950857842,18.4657747614942,20.898033126294,23.7329099827027,7.41961489691843,2.18223967556424
"27161","Waseca","Minnesota","Minnesota","27",13.5790408525755,16.1959744109846,18.8850279498414,20.9966319657073,7.4175911131318,2.18164444503876
"13189","McDuffie","Georgia","Georgia","13",10.3535023343685,11.679856435268,13.2921200075629,17.7706194215153,7.41711708714686,2.18150502563143
"22053","Jefferson Davis Parish","Louisiana","Louisiana","22",7.96549913251351,9.93171617554689,12.0256051423872,15.3795688847235,7.41406975221001,2.18060875065
"20047","Edwards","Kansas","Kansas","20",13.1370328425821,16.2741799831791,22.7293898462972,20.5493387589013,7.41230591631921,2.180089975388
"06063","Plumas","California","California","06",15.1383445336118,17.5098061828186,22.9434918940556,22.5494071146245,7.4110625810127,2.17972428853315
"49037","San Juan","Utah","Utah","49",13.0659763444076,13.936899811456,19.382776214424,20.4730647351743,7.4070883907667,2.17855540904903
"29081","Harrison","Missouri","Missouri","29",8.28185005844047,9.27716767742993,9.18635170603675,15.6841729188996,7.40232286045913,2.17715378248798
"51139","Page","Virginia","Virginia","51",7.85018059323557,9.77279155396907,11.6083078350565,15.245092411893,7.39491181865743,2.17497406431101
"55077","Marquette","Wisconsin","Wisconsin","55",8.82457052735116,10.0980056770779,13.321554770318,16.2178084497559,7.39323792240477,2.17448174188376
"13255","Spalding","Georgia","Georgia","13",11.09327741012,12.4710244029027,15.5965267039372,18.4700192198027,7.37674180968272,2.16962994402433
"54101","Webster","West Virginia","West Virginia","54",5.55555555555556,8.73004029249366,7.34514614569135,12.9193790686029,7.36382351304735,2.16583044501393
"21123","Larue","Kentucky","Kentucky","21",8.13837239998601,10.9177565321941,10.4702842377261,15.5016058945777,7.36323349459174,2.16565691017404
"06045","Mendocino","California","California","06",17.801825144316,20.2246598460078,21.4319730683964,25.1532422841166,7.35141713980062,2.16218151170606
"19173","Taylor","Iowa","Iowa","19",8.66174055829228,11.9806966009232,13.0960376091336,16.0126736534243,7.35093309513204,2.16203914562707
"56045","Weston","Wyoming","Wyoming","56",12.73076000959,14.4927536231884,17.4929463925836,20.0750098697197,7.34424986012967,2.16007348827343
"48361","Orange","Texas","Texas","48",10.3662477536357,10.9830582026653,12.2205307851732,17.7098914248509,7.3436436712152,2.15989519741623
"06019","Fresno","California","California","06",16.938904832585,17.5538996243532,19.4173796379758,24.2727557084767,7.33385087589171,2.15701496349756
"21107","Hopkins","Kentucky","Kentucky","21",9.58322175954027,10.5898804983473,14.2730034056392,16.913615651786,7.33039389224573,2.15599820360169
"48217","Hill","Texas","Texas","48",10.6611936986909,12.5418454429723,14.6330100376943,17.9907999376267,7.32960623893577,2.15576654086346
"21103","Henry","Kentucky","Kentucky","21",8.18929550601979,9.79864433811802,13.4604385128694,15.518816222141,7.32952071612124,2.15574138709448
"48013","Atascosa","Texas","Texas","48",8.42058106086302,10.4783360960001,13.0510214920511,15.7496414293997,7.32906036853672,2.15560599074609
"13181","Lincoln","Georgia","Georgia","13",8.15468684321143,10.0684090510437,11.3603473227207,15.4810996563574,7.32641281314596,2.1548272979841
"47083","Houston","Tennessee","Tennessee","47",6.31081569609317,10.3084720141023,9.67181802396249,13.6333333333333,7.32251763724017,2.15368165801181
"37195","Wilson","North Carolina","North Carolina","37",14.4161710172171,15.0639712661183,18.0232970714735,21.7384895996463,7.32231858242914,2.15362311247916
"29153","Ozark","Missouri","Missouri","29",7.95454420383439,8.32965286402579,11.2417049505425,15.2742489911822,7.3197047873478,2.15285434921994
"49039","Sanpete","Utah","Utah","49",15.6226604098763,17.2886654691424,19.2093398364669,22.9360833838857,7.31342297400943,2.1510067570616
"47169","Trousdale","Tennessee","Tennessee","47",7.00202224469161,8.92415498763397,12.5333842045021,14.315376629369,7.31335438467741,2.15098658372865
"39077","Huron","Ohio","Ohio","39",9.37143464276053,10.9174997644488,12.3715805318057,16.684242241639,7.31280759887852,2.15082576437603
"56025","Natrona","Wyoming","Wyoming","56",20.3549033382668,20.0159414854173,21.9942804941419,27.6631425446591,7.30823920639232,2.14948211952715
"16031","Cassia","Idaho","Idaho","16",13.9619136089178,13.8947610828415,16.1038571214168,21.2700943270891,7.30818071817136,2.14946491710922
"13245","Richmond","Georgia","Georgia","13",17.2523004867452,18.6861843331709,19.84481882503,24.5483715001538,7.29607101340869,2.14590323923785
"48161","Freestone","Texas","Texas","48",9.24222938667921,10.8726050758822,12.9327902240326,16.536485820843,7.29425643416379,2.14536953945994
"55099","Price","Wisconsin","Wisconsin","55",10.6107059559695,12.9742846162659,15.3054543882379,17.902033271719,7.29132731574958,2.144508034044
"40085","Love","Oklahoma","Oklahoma","40",9.33608662227505,10.8245189102292,15.3977318355664,16.6234887737478,7.28740215147279,2.14335357396259
"27113","Pennington","Minnesota","Minnesota","27",13.7090995939814,14.873417721519,16.0293961018213,20.9936728555129,7.28457326153154,2.14252154750928
"19099","Jasper","Iowa","Iowa","19",12.7400286103433,15.8910275339778,17.2027215092006,20.0179600389134,7.27793142857016,2.14056806722652
"48381","Randall","Texas","Texas","48",26.413216070833,28.9068339517832,29.9436634277445,33.6836676808829,7.27045161004986,2.1383681206029
"40097","Mayes","Oklahoma","Oklahoma","40",10.7786398163219,12.149858733933,13.8992223393848,18.0441224892987,7.26548267297675,2.13690666852257
"46061","Hanson","South Dakota","South Dakota","46",15.2628892291986,13.9653414882773,22.2328701485386,22.5282167042889,7.26532747509037,2.1368610220854
"13007","Baker","Georgia","Georgia","13",9.41828254847645,10.6960283130161,6.99643493761141,16.6822429906542,7.26396044217775,2.13645895358169
"13163","Jefferson","Georgia","Georgia","13",6.23667086723507,9.12124606784667,8.65757876681412,13.4946442234124,7.25797335617732,2.13469804593451
"20187","Stanton","Kansas","Kansas","20",16.927453769559,16.8937329700272,18.2962962962963,24.1830065359477,7.25555276638868,2.13398610776138
"31069","Garden","Nebraska","Nebraska","31",13.895215340758,14.1839918531878,19.4789963334812,21.146398140976,7.25118280021798,2.13270082359352
"32017","Lincoln","Nevada","Nevada","32",13.1176213351826,15.0715900502814,16.8072289084451,20.361852192579,7.24423085739633,2.13065613452833
"29015","Benton","Missouri","Missouri","29",7.71996404673924,8.80101034020049,11.5103448275862,14.9633378755434,7.2433738288042,2.13040406729535
"22025","Catahoula Parish","Louisiana","Louisiana","22",8.72923340185827,9.40041479644064,9.62633145156009,15.9663865546218,7.23715315276358,2.12857445669517
"01023","Choctaw","Alabama","Alabama","01",8.52539261676525,9.58463430788154,11.9371945513154,15.7614128623792,7.23602024561396,2.12824124870999
"48083","Coleman","Texas","Texas","48",9.59105619299794,11.7370155342853,14.1234567901235,16.8247277836319,7.23367159063395,2.12755046783352
"36107","Tioga","New York","New York","36",18.0359163114013,19.672962400377,23.5382466898092,25.2655275917802,7.2296112803789,2.12635625893497
"51590","Danville city","Virginia","Virginia","51",12.4136941199251,13.8766066362899,16.416803590552,19.6378158782621,7.22412175833695,2.12474169362852
"47135","Perry","Tennessee","Tennessee","47",6.94945848375451,7.12228834709157,12.3322451940515,14.1686746987952,7.21921621504067,2.12329888677667
"29109","Lawrence","Missouri","Missouri","29",9.67463857513498,12.1361809752709,14.8177216183338,16.8901325249699,7.21549394983491,2.12220410289262
"02130","Ketchikan Gateway Borough","Alaska","Alaska","02",20.2250477875846,20.1571022853899,23.5915492958015,27.432296890672,7.20724910308742,2.11977914796689
"16057","Latah","Idaho","Idaho","16",35.7866339353944,40.9702115577496,42.8908492967474,42.992125984252,7.20549204885754,2.11926236731104
"05035","Crittenden","Arkansas","Arkansas","05",9.78802349956165,12.7698257908829,14.5584801867784,16.9872850648923,7.19926156533064,2.11742987215607
"18015","Carroll","Indiana","Indiana","18",9.99918307327833,12.940822618242,15.9693318729463,17.1963131104691,7.19713003719079,2.11680295211494
"22041","Franklin Parish","Louisiana","Louisiana","22",10.2964301131334,9.75936869963138,11.8554036148912,17.4856266768877,7.18919656375433,2.1144695775748
"17015","Carroll","Illinois","Illinois","17",10.5625028163582,13.1468504003474,15.8422214539889,17.7515303043366,7.18902748797833,2.11441984940539
"13035","Butts","Georgia","Georgia","13",7.21308018933327,8.60045184617199,8.99862138112545,14.4009091893062,7.18782899997293,2.11406735293322
"37117","Martin","North Carolina","North Carolina","37",9.52999792037456,11.6198443513296,11.96251057176,16.7151530483177,7.18515512794317,2.11328091998329
"48041","Brazos","Texas","Texas","48",35.8258300506315,36.9859138992811,38.7421143994434,43.0088865818038,7.1830565311723,2.11266368563891
"53027","Grays Harbor","Washington","Washington","53",10.9701366427366,12.662582073211,14.3717713550758,18.1508421312807,7.1807054885441,2.11197220251297
"36073","Orleans","New York","New York","36",10.7441448564451,12.9669902196408,15.8043145914727,17.9241421652227,7.1799973087776,2.11176391434635
"51195","Wise","Virginia","Virginia","51",8.58921324060987,10.8401300377219,12.7455387875953,15.766553909561,7.17734066895115,2.11098254969152
"02150","Kodiak Island Borough","Alaska","Alaska","02",21.4946070878274,18.7492365946012,24.5879623977536,28.6646884272997,7.17008133947228,2.10884745278596
"48447","Throckmorton","Texas","Texas","48",15.251690458302,18.1603773584906,18.561872909699,22.4211423699915,7.16945191168945,2.10866232696748
"13175","Laurens","Georgia","Georgia","13",11.9892645270942,14.4484845810995,15.5049741846115,19.1488727185972,7.15960819150299,2.10576711514794
"53075","Whitman","Washington","Washington","53",42.6177749785526,44.0381240858764,48.8178352678334,49.7761679960931,7.15839301754053,2.10540971104133
"17121","Marion","Illinois","Illinois","17",9.60817940479514,12.1166286979485,13.7281892927564,16.7639505019846,7.15577109718945,2.1046385579969
"49031","Piute","Utah","Utah","49",12.4678663239075,14.4456886898096,17.1708185053381,19.6197061365601,7.15183981265261,2.103482297839
"19039","Clarke","Iowa","Iowa","19",8.82942798295309,12.0593168360586,12.8659563659333,15.9784844170226,7.14905643406954,2.10266365707928
"20013","Brown","Kansas","Kansas","20",12.4812848781816,19.0395480225989,15.9970457902511,19.6251548946716,7.14387001649005,2.10113824014413
"18111","Newton","Indiana","Indiana","18",8.12419848025568,9.60735301674148,8.76943529582179,15.2660367976131,7.14183831735745,2.10054068157572
"55053","Jackson","Wisconsin","Wisconsin","55",8.75104069931493,11.2848819926462,16.1477155177012,15.8922425205189,7.141201821204,2.10035347682471
"29023","Butler","Missouri","Missouri","29",8.64003748995997,11.6212491679613,14.260875237376,15.7783109071312,7.13827341717121,2.09949218152094
"27165","Watonwan","Minnesota","Minnesota","27",10.060415024954,13.6604260813428,15.3058545550013,17.1974522292994,7.13703720434533,2.09912858951333
"31057","Dundy","Nebraska","Nebraska","31",13.0262286644271,16.7482525951175,21.6032608695652,20.1632653061224,7.13703664169533,2.09912842402804
"18045","Fountain","Indiana","Indiana","18",7.55555555555556,10.0553970119188,11.1054895016443,14.6923076923077,7.13675213675214,2.09904474610357
"28153","Wayne","Mississippi","Mississippi","28",8.85398688298676,9.49509007960443,9.69687942195065,15.9873642037137,7.13337732072693,2.09805215315498
"17159","Richland","Illinois","Illinois","17",11.9446734315846,15.2212062319116,19.6472662922996,19.0764156129742,7.1317421813896,2.09757122982047
"06033","Lake","California","California","06",10.7004810766541,12.0686691062701,16.7534362951184,17.8299648146633,7.12948373800917,2.0969069817674
"20159","Rice","Kansas","Kansas","20",18.7314234210974,17.5496383239086,20.5777219999255,25.8606489869873,7.12922556588993,2.09683104879116
"39007","Ashtabula","Ohio","Ohio","39",8.95693030540329,11.0553872400506,13.0212827149842,16.0803946753853,7.12346436998205,2.09513657940648
"19069","Franklin","Iowa","Iowa","19",12.2831812925607,14.5069274653627,15.2811407048695,19.3959829936959,7.11280170113523,2.09200050033389
"17177","Stephenson","Illinois","Illinois","17",13.604915972241,15.6282311469936,18.3376841126638,20.7050152219196,7.10009924967856,2.08826448519958
"12007","Bradford","Florida","Florida","12",8.06601272534465,8.39903819269697,8.5591800532177,15.16552341187,7.09951068652532,2.0880913783898
"08099","Prowers","Colorado","Colorado","08",12.1571534471332,11.8899941486249,16.2555344718533,19.2525332280563,7.09537978092309,2.08687640615385
"48433","Stonewall","Texas","Texas","48",9.77388767323122,12.6341866226259,27.9329608938547,16.8632075471698,7.08931987393859,2.08509408057017
"22007","Assumption Parish","Louisiana","Louisiana","22",6.72141119221411,7.36243147595587,8.96596017983301,13.8069613786527,7.08555018643857,2.08398534895252
"13303","Washington","Georgia","Georgia","13",9.8285129255183,10.5239982386614,10.8701794038706,16.9129720853859,7.08445915986758,2.08366445878458
"32013","Humboldt","Nevada","Nevada","32",12.1755926691354,14.2088027703813,14.7316797132887,19.2529500487978,7.07735737966243,2.08157569990072
"13179","Liberty","Georgia","Georgia","13",13.3947037591467,14.5111536837995,17.6677950927454,20.4630054561216,7.06830169697484,2.07891226381613
"29135","Moniteau","Missouri","Missouri","29",8.72552243532884,13.0243124248895,17.6549995178864,15.7925578669792,7.06703543165035,2.07853983283834
"13149","Heard","Georgia","Georgia","13",5.74452003023432,7.30769230769231,7.41642116049699,12.8088506453596,7.06433061512524,2.07774429856625
"05057","Hempstead","Arkansas","Arkansas","05",9.27842471226792,10.9691646185354,14.9258955322559,16.3358430298882,7.05741831762029,2.07571126988832
"05127","Scott","Arkansas","Arkansas","05",5.94469146971551,8.41748777582493,10.3342886565008,13.0008774495467,7.05618597983115,2.0753488175974
"48375","Potter","Texas","Texas","48",11.5136028859161,13.5177956702724,15.2414927194122,18.5659961569987,7.05239327108257,2.07423331502428
"37105","Lee","North Carolina","North Carolina","37",14.2545664305953,17.2167616666583,20.0398698992192,21.3063485681097,7.05178213751442,2.07405356985718
"13279","Toombs","Georgia","Georgia","13",11.3716693856879,12.6757957070881,14.726246581931,18.4184872985836,7.04681791289578,2.07259350379288
"47111","Macon","Tennessee","Tennessee","47",5.49734616287726,5.60371623684932,8.46689659836343,12.5233433308811,7.02599716800384,2.06646975529525
"19021","Buena Vista","Iowa","Iowa","19",15.205938663632,18.702889230775,20.8310466483732,22.228181748525,7.02224308489303,2.06536561320383
"29055","Crawford","Missouri","Missouri","29",7.11043924520027,8.4279733519705,11.9797558797261,14.1248530594568,7.01441381425651,2.06306288654603
"01035","Conecuh","Alabama","Alabama","01",6.40488504969655,9.2199331825365,9.73124300111982,13.418411597076,7.0135265473794,2.06280192569982
"40093","Major","Oklahoma","Oklahoma","40",13.0921549467978,14.4480951627823,15.8376302744987,20.0979468826521,7.00579193585428,2.06052703995714
"54019","Fayette","West Virginia","West Virginia","54",8.84088830145319,10.7239986727798,10.4107756392715,15.8429272025321,7.0020389010789,2.05942320619968
"01007","Bibb","Alabama","Alabama","01",4.72909616437589,7.10492889026908,8.99600463977317,11.7256498590667,6.99655369469081,2.05780991020318
"21099","Hart","Kentucky","Kentucky","21",5.22828450150119,6.99843123583755,8.36666394580034,12.2233060703834,6.99502156888224,2.05735928496537
"20029","Cloud","Kansas","Kansas","20",13.8377368561516,18.0344478216819,15.6210986267166,20.8242220353238,6.98648517917221,2.05484858210948
"39115","Morgan","Ohio","Ohio","39",7.37193763919822,9.0899939601369,7.67029192902118,14.3526535601508,6.98071592095254,2.05315174145663
"13277","Tift","Georgia","Georgia","13",13.9949153474843,15.6317986002771,17.1426285897128,20.9749651273768,6.98004977989256,2.05295581761546
"01049","DeKalb","Alabama","Alabama","01",7.10179007820308,8.25455564693465,9.86955871992485,14.0814149123887,6.97962483418562,2.052830833584
"29017","Bollinger","Missouri","Missouri","29",6.91197691197691,6.90045248868778,10.5425254678986,13.8888888888889,6.97691197691198,2.05203293438588
"40139","Texas","Oklahoma","Oklahoma","40",15.1353432845053,17.6970088273291,19.9057140534829,22.1092757306226,6.97393244611728,2.0511566017992
"37095","Hyde","North Carolina","North Carolina","37",7.73925104022191,10.5727923627685,13.180169286578,14.7107438016529,6.97149276143098,2.0504390474797
"29045","Clark","Missouri","Missouri","29",7.91041709471954,10.7114147909968,11.0119651186372,14.8776298840704,6.96721278935088,2.04918023216202
"48323","Maverick","Texas","Texas","48",7.32049414703635,9.10161771636837,12.4719620001963,14.2709165704815,6.95042242344517,2.04424188924858
"48249","Jim Wells","Texas","Texas","48",9.36926448876784,10.9117959617428,11.9260254485102,16.319612590799,6.9503481020312,2.04422003000918
"26023","Branch","Michigan","Michigan","26",10.3455846033087,10.6303417387403,13.7624469751869,17.2851781762196,6.939593572911,2.04105693320912
"31079","Hall","Nebraska","Nebraska","31",14.556430785124,15.9475108382554,16.7775451244401,21.4903426791277,6.93391189400376,2.03938585117758
"13155","Irwin","Georgia","Georgia","13",8.28038252710762,9.86121810000691,7.90001542971764,15.2083333333333,6.92795080622571,2.03763259006639
"51683","Manassas city","Virginia","Virginia","51",25.7541216833932,28.1046396583081,27.8581873870023,32.679008788359,6.92488710496578,2.03673150146052
"47007","Bledsoe","Tennessee","Tennessee","47",5.4459945071023,7.15045511844131,7.93868056491801,12.3631463702207,6.91715186311836,2.03445643032893
"17157","Randolph","Illinois","Illinois","17",8.32932358077525,8.63404111688718,11.4744578355451,15.245348412988,6.91602483221271,2.0341249506508
"26007","Alpena","Michigan","Michigan","26",11.4158257417286,13.1641717198782,16.025942287809,18.3254999539213,6.90967421219274,2.03225712123316
"01045","Dale","Alabama","Alabama","01",13.4937579280189,14.0108614296782,17.5439127801333,20.3977289616837,6.90397103366472,2.03057971578374
"47121","Meigs","Tennessee","Tennessee","47",6.59737749912322,6.95620497801038,7.82567391046194,13.5009310986965,6.90355359957324,2.03045694105095
"22083","Richland Parish","Louisiana","Louisiana","22",10.6840338820521,12.8177641653905,12.3679577464789,17.5852822880977,6.90124840604562,2.02977894295459
"54109","Wyoming","West Virginia","West Virginia","54",6.16254420695003,7.14886382579354,9.5320314360562,13.0573885222955,6.89484431534551,2.02789538686633
"17153","Pulaski","Illinois","Illinois","17",6.10473951491845,7.12167676112019,12.2406295106657,12.9979645245711,6.89322500965265,2.02741912048607
"38033","Golden Valley","North Dakota","North Dakota","38",15.6789068526673,19.7965433830007,20.0716732868536,22.5619834710744,6.88307661840708,2.0244342995315
"48357","Ochiltree","Texas","Texas","48",13.8194074862516,16.0816026465723,13.74156219865,20.6972044459414,6.87779695968984,2.02288145873231
"54095","Tyler","West Virginia","West Virginia","54",9.03735854906216,8.50496369832568,10.0045201145096,15.9090909090909,6.87173236002875,2.02109775294963
"20093","Kearny","Kansas","Kansas","20",12.5156445556946,15.0077160493827,14.911575562701,19.3869426751592,6.87129811946462,2.02097003513665
"17037","DeKalb","Illinois","Illinois","17",26.0922382719482,26.7868665668278,28.9775879785414,32.9501789336544,6.85794066170615,2.01704137109004
"05089","Marion","Arkansas","Arkansas","05",8.02262576613412,10.4373318692161,13.1668087502928,14.88,6.85737423386588,2.01687477466644
"17081","Jefferson","Illinois","Illinois","17",11.3141586993651,13.6656616946749,15.9224816837914,18.168768186227,6.85460948686185,2.0160616137829
"48427","Starr","Texas","Texas","48",6.7241027731646,6.93101457641795,8.47467731838913,13.5783219979032,6.85421922473857,2.01594683080546
"51735","Poquoson city","Virginia","Virginia","51",29.4141292783909,31.5865688657387,35.1131772420869,36.2679211469534,6.85379186856255,2.01582113781251
"29203","Shannon","Missouri","Missouri","29",5.95723510754989,7.60006699981918,12.0096768619319,12.8094302554028,6.85219514785286,2.01535151407437
"48401","Rusk","Texas","Texas","48",10.6877338348212,12.7751805064674,13.1302200394018,17.5307895315593,6.84305569673803,2.01266344021707
"29223","Wayne","Missouri","Missouri","29",5.85545534780813,6.84872595001656,7.24937862468931,12.6863817097415,6.83092636193342,2.00909598880395
"27065","Kanabec","Minnesota","Minnesota","27",8.90162694430416,10.4623841224197,13.6295493320364,15.7274590163934,6.82583207208928,2.00759766826155
"29185","St. Clair","Missouri","Missouri","29",7.87122654534422,9.00232670867655,12.0912762845282,14.6902400459968,6.81901350065262,2.0055922060743
"48355","Nueces","Texas","Texas","48",16.9889717920456,18.7729423415353,20.0113347341493,23.8078602620087,6.81888846996313,2.0055554323421
"26119","Montmorency","Michigan","Michigan","26",8.74343061320391,8.21935869233451,10.5110265019124,15.5584756898817,6.81504507667783,2.0044250225523
"46095","Mellette","South Dakota","South Dakota","46",12.3366010376591,16.5971640877667,16.4957262133068,19.1455696202532,6.80896858259406,2.00263781841002
"21233","Webster","Kentucky","Kentucky","21",5.95224997249422,7.08828522920204,9.02061855670103,12.7559775769363,6.80372760444205,2.00109635424766
"19127","Marshall","Iowa","Iowa","19",15.7597035303296,17.0327361625731,18.4532640949555,22.5614127768763,6.80170924654672,2.00050271957256
"27155","Traverse","Minnesota","Minnesota","27",9.78613138196537,10.7017543987392,15.995397459615,16.5855816010615,6.7994502190961,1.99983829973415
"21065","Estill","Kentucky","Kentucky","21",5.40894220283533,6.9388556286191,7.44877148684083,12.2028213475387,6.79387914470339,1.99819974844217
"16067","Minidoka","Idaho","Idaho","16",8.95323096968482,10.0586615286684,10.3112829860318,15.7458366092488,6.79260563956398,1.99782518810705
"17077","Jackson","Illinois","Illinois","17",29.5163657974863,31.9881091730047,35.9979117564887,36.3075462743237,6.79118047683741,1.99740602259924
"22095","St. John the Baptist Parish","Louisiana","Louisiana","22",11.3840347689209,12.9122749512086,15.127107549567,18.1738463224816,6.78981155356073,1.9970033981061
"48125","Dickens","Texas","Texas","48",11.2239142695995,8.4020618556701,13.2808103545301,18.0015860428232,6.77767177322361,1.99343287447753
"19143","Osceola","Iowa","Iowa","19",9.96456118407338,13.4280180761782,13.2678132678133,16.7403958090803,6.77583462500695,1.99289253676675
"27105","Nobles","Minnesota","Minnesota","27",11.0992871444447,13.4978734599279,14.369310793238,17.8694409846875,6.77015384024283,1.99122171771848
"17053","Ford","Illinois","Illinois","17",12.0934000871324,13.8955991259899,16.9743679660037,18.8551099611902,6.76170987405775,1.98873819825228
"48363","Palo Pinto","Texas","Texas","48",11.0637254428236,12.097500093641,14.6091413925673,17.8129025864632,6.74917714363957,1.98505210107046
"21025","Breathitt","Kentucky","Kentucky","21",8.55631940772078,9.98749158087174,10.222268819459,15.3049482163406,6.74862880861984,1.98489082606466
"40005","Atoka","Oklahoma","Oklahoma","40",10.211647038275,10.0991791517716,14.9565583649308,16.9383969540174,6.72674991574235,1.97845585757128
"46137","Ziebach","South Dakota","South Dakota","46",8.50678733031674,12.0196238757155,15.0788211103496,15.2277362338545,6.72094890353778,1.97674967751111
"31123","Morrill","Nebraska","Nebraska","31",12.692731277533,14.3216783216783,20.7075064710958,19.4068343004513,6.71410302291828,1.97473618321126
"45009","Bamberg","South Carolina","South Carolina","45",11.2266330602815,15.3823558210124,17.1800136892539,17.9376179376179,6.71098487733648,1.97381908156955
"40089","McCurtain","Oklahoma","Oklahoma","40",9.62970182497125,10.7931426168284,13.0206652566443,16.3368296061746,6.7071277812033,1.97268464153038
"30089","Sanders","Montana","Montana","30",14.7766905785787,15.5490319483493,16.9144280108122,21.4831728382806,6.70648225970186,1.97249478226525
"54103","Wetzel","West Virginia","West Virginia","54",10.3866082104424,10.4012370798405,11.7121671722278,17.0876671619614,6.70105895151896,1.97089969162322
"06099","Stanislaus","California","California","06",12.950777335678,14.0522790036145,16.2716221739269,19.6499674066716,6.69919007099366,1.97035002088049
"48231","Hunt","Texas","Texas","48",15.9236913456606,16.762791464118,17.289886676438,22.619297288984,6.69560594332335,1.96929586568334
"13027","Brooks","Georgia","Georgia","13",9.11032788636121,11.3055954088953,12.6403443113772,15.8013544018059,6.69102651544466,1.96794897513078
"12123","Taylor","Florida","Florida","12",9.84737641927509,8.88183366888648,11.0057631530024,16.5364916773367,6.68911525806165,1.96738684060637
"06053","Monterey","California","California","06",21.5422796514289,22.5041781359943,23.1537744496479,28.2142222538114,6.67194260238253,1.96233605952427
"29199","Scotland","Missouri","Missouri","29",8.51648705989934,11.2232072410909,18.2840616966581,15.1834239130435,6.66693685314413,1.96086378033651
"27047","Freeborn","Minnesota","Minnesota","27",11.5384615391699,12.7979251442114,14.2798727850977,18.2006252298639,6.66216369069404,1.95945990902766
"47081","Hickman","Tennessee","Tennessee","47",7.19507805688033,6.66488307598094,11.5121893769874,13.8571428571429,6.66206480026252,1.95943082360662
"21095","Harlan","Kentucky","Kentucky","21",6.38940940265223,8.85624729166517,10.6748588841048,13.047109923154,6.6577005205018,1.95814721191229
"49013","Duchesne","Utah","Utah","49",11.8140123359165,12.719298245614,16.3205588068718,18.4705979928672,6.65658565695072,1.95781931086786
"47003","Bedford","Tennessee","Tennessee","47",10.5164667771523,11.1340362112829,12.7196306759457,17.1727718321297,6.65630505497743,1.95773678087572
"20101","Lane","Kansas","Kansas","20",17.7680798004988,18.5110663983903,18.3742591024555,24.4087038789026,6.6406240784038,1.95312472894229
"19149","Plymouth","Iowa","Iowa","19",15.0479567835463,19.3053957949347,20.1693851532874,21.6839940591797,6.6360372756334,1.95177566930394
"13305","Wayne","Georgia","Georgia","13",9.58904109589041,11.5851919456962,11.333465425005,16.2039253231211,6.6148842272307,1.94555418447962
"51029","Buckingham","Virginia","Virginia","51",7.89533820840951,8.52841274213816,13.6950286806883,14.5080946450809,6.61275643667144,1.94492836372689
"19051","Davis","Iowa","Iowa","19",10.4518736223365,11.4019361778415,16.1004698229129,17.0621074668528,6.61023384451624,1.94418642485772
"31121","Merrick","Nebraska","Nebraska","31",11.6978923924706,14.9305983803375,15.0873675433777,18.306510607169,6.6086182146984,1.94371123961718
"41037","Lake","Oregon","Oregon","41",14.5338983050847,15.4837468743172,19.7870902331869,21.1240619511416,6.59016364605688,1.93828342531085
"01093","Marion","Alabama","Alabama","01",6.68379486850641,7.95426658095313,8.69986168741355,13.2623705408516,6.57857567234514,1.93487519774857
"35023","Hidalgo","New Mexico","New Mexico","35",11.7270349543398,9.89975212880654,15.3455180171632,18.3017591339648,6.57472417962502,1.93374240577206
"29079","Grundy","Missouri","Missouri","29",10.1161995898838,12.4632815778431,14.7616978125453,16.6893424036281,6.57314281374432,1.93327729816009
"08071","Las Animas","Colorado","Colorado","08",12.7242707760429,16.2272594611295,17.070697760213,19.2879170171012,6.56364624105827,1.93048418854655
"17137","Morgan","Illinois","Illinois","17",16.0300232016554,19.9370712536087,20.7526365545456,22.5927542557835,6.56273105412805,1.93021501592002
"22123","West Carroll Parish","Louisiana","Louisiana","22",8.69334736795568,9.48211205528165,9.69151670951157,15.2481203007519,6.5547729327962,1.92787439199888
"28079","Leake","Mississippi","Mississippi","28",9.17439140604695,11.5957446808511,10.5355884425652,15.7276159270603,6.55322452101338,1.92741897676864
"48409","San Patricio","Texas","Texas","48",10.9849679958538,13.0782281633915,15.4100593442942,17.5324393525149,6.54747135666109,1.9257268696062
"40007","Beaver","Oklahoma","Oklahoma","40",15.446733748319,17.6244100687303,17.5013293913649,21.9879518072289,6.54121805890991,1.92388766438527
"18149","Starke","Indiana","Indiana","18",5.98877980364656,8.4107259646828,11.7453486900392,12.5266297400937,6.53784993644717,1.92289704013152
"47085","Humphreys","Tennessee","Tennessee","47",9.16674657205868,9.31540342298289,12.8681077694236,15.7030223390276,6.53627576696891,1.9224340491085
"05009","Boone","Arkansas","Arkansas","05",10.6577693586464,12.6742717646417,15.3896853526404,17.1929955848238,6.53522622617733,1.92212536064039
"20089","Jewell","Kansas","Kansas","20",11.6857610474632,13.795568263045,17.4691095014913,18.2154415164124,6.52968046894921,1.9204942555733
"48219","Hockley","Texas","Texas","48",12.3900879296563,13.5526511213426,18.8538146257281,18.9189189189189,6.52883098926264,1.92024440860666
"53025","Grant","Washington","Washington","53",11.9028863550833,13.7292487769234,14.6270897200971,18.4279655652614,6.52507921017812,1.91914094417004
"13317","Wilkes","Georgia","Georgia","13",10.3882814621338,11.9889824477831,13.7562465297057,16.9122807017544,6.52399923962063,1.91882330577077
"16039","Elmore","Idaho","Idaho","16",15.8321687264621,17.3368953262314,15.3080371696578,22.3539463847058,6.52177765824368,1.91816989948344
"22031","De Soto Parish","Louisiana","Louisiana","22",9.52411741885426,10.2494105968482,11.6348314606742,16.0407696081103,6.51665218925606,1.91666240860472
"39039","Defiance","Ohio","Ohio","39",12.4907643050653,14.2531267206796,16.4310411064157,19.0068558009166,6.51609149585137,1.91649749877981
"40117","Pawnee","Oklahoma","Oklahoma","40",10.3519264015549,12.0760207010511,17.682007490256,16.8676900584795,6.51576365692459,1.91640107556606
"48049","Brown","Texas","Texas","48",13.6545079146593,15.0191538974017,16.0353186960464,20.1689662805283,6.51445836586897,1.91601716643205
"29111","Lewis","Missouri","Missouri","29",10.3367267032106,12.9955609980101,12.5189221919467,16.8419375398343,6.50521083662364,1.91329730488931
"29181","Ripley","Missouri","Missouri","29",6.06244696431979,7.78693230576067,9.70573025835963,12.5676406926407,6.5051937283209,1.91329227303556
"40019","Carter","Oklahoma","Oklahoma","40",13.4220694893938,15.1217158905836,17.0422472236343,19.9236076885165,6.50153819912273,1.91221711738904
"18067","Howard","Indiana","Indiana","18",14.3211252449944,18.0765536622674,19.7262593481022,20.8204067562909,6.49928151129651,1.91155338567544
"26013","Baraga","Michigan","Michigan","26",8.28493999225707,10.9398064621945,11.5787850755473,14.7710958685596,6.48615587630251,1.90769290479486
"13205","Mitchell","Georgia","Georgia","13",7.77934891356198,9.11701541374786,9.57637997432606,14.2618384401114,6.48248952654944,1.90661456663219
"18135","Randolph","Indiana","Indiana","18",8.57352774951961,9.90715456034954,12.1130400584302,15.0544560252957,6.48092827577609,1.90615537522826
"01015","Calhoun","Alabama","Alabama","01",14.1706813686302,15.2198832945525,16.019820441112,20.6495425935836,6.4788612249534,1.90554741910394
"21013","Bell","Kentucky","Kentucky","21",9.29036341763284,8.98111173054056,10.7274844327444,15.7635171708667,6.47315375323383,1.90386875095113
"18077","Jefferson","Indiana","Indiana","18",13.2973087518542,16.3649599611745,16.9578575686706,19.7613303463726,6.46402159451836,1.90118282191716
"36017","Chenango","New York","New York","36",13.1029060449363,14.4486802665658,16.8494318181818,19.5588760566734,6.45597001173707,1.89881470933443
"01107","Pickens","Alabama","Alabama","01",6.6265524955643,9.77393617021277,9.83569828230022,13.0807931340633,6.45424063849903,1.89830607014677
"20081","Haskell","Kansas","Kansas","20",13.4167385677308,17.5249500998004,16.3502518403719,19.8701298701299,6.45339130239907,1.89805626541149
"21045","Casey","Kentucky","Kentucky","21",6.45760087619733,7.37789273162499,9.13338099201893,12.9095969117515,6.45199603555418,1.89764589281005
"13293","Upson","Georgia","Georgia","13",9.04953658570927,11.454298055213,11.0167153970671,15.4812364313036,6.43169984559436,1.89167642517481
"05137","Stone","Arkansas","Arkansas","05",9.3506365581975,9.75512428539426,13.0337795645476,15.7662029548151,6.41556639661756,1.88693129312281
"05139","Union","Arkansas","Arkansas","05",12.66519852476,14.8973812975675,16.0877034849094,19.0806993168924,6.41550079213243,1.88691199768601
"46097","Miner","South Dakota","South Dakota","46",10.285455372688,13.4712464757779,22.9659549913445,16.6968053044002,6.41134993171222,1.88569115638595
"01061","Geneva","Alabama","Alabama","01",6.83722658661491,8.67914703554879,10.8715375994023,13.244859420898,6.40763283428312,1.88459789243621
"30053","Lincoln","Montana","Montana","30",12.5423395514565,13.6685130326174,18.2838870413889,18.9474329877937,6.40509343633711,1.88385101068739
"38085","Sioux","North Dakota","North Dakota","38",9.86622922544491,11.1517073089112,15.5959031657356,16.2589194699286,6.39269024448374,1.88020301308345
"48239","Jackson","Texas","Texas","48",10.2007277849513,12.7721491700798,16.7649265730518,16.592099000476,6.39137121552468,1.87981506338961
"39059","Guernsey","Ohio","Ohio","39",9.21867555979038,10.0227281195276,12.6870860321294,15.6014688972143,6.38279333742391,1.87729215806586
"29013","Bates","Missouri","Missouri","29",8.39528199026507,10.1211624305366,10.8778296181096,14.7724248070269,6.37714281676181,1.87563024022406
"16033","Clark","Idaho","Idaho","16",14.1052631753884,12.5862069040179,12.7272730102894,20.4771371769384,6.37187400154994,1.87408058869116
"29085","Hickory","Missouri","Missouri","29",6.41788354065261,7.65792610250298,10.1671877123828,12.78928136419,6.37139782353741,1.87394053633453
"18103","Miami","Indiana","Indiana","18",9.70278555244569,10.3702455667411,9.88915281076801,16.06880387717,6.3660183247243,1.87235833080126
"35059","Union","New Mexico","New Mexico","35",12.0200482315449,12.9979224187629,14.7592852363669,18.3826027862725,6.36255455472757,1.87133957491987
"56027","Niobrara","Wyoming","Wyoming","56",13.0113636363636,15.3090699017909,16.5081141578064,19.3725099601594,6.36114632379573,1.87092538935168
"13265","Taliaferro","Georgia","Georgia","13",5.64648906953295,8.36820083682008,10.5308219178082,12,6.35351093046705,1.86867968543149
"02170","Matanuska-Susitna Borough","Alaska","Alaska","02",18.0546863264026,18.2637825516632,21.2115883853995,24.4064716963486,6.35178536994603,1.86817216763119
"05079","Lincoln","Arkansas","Arkansas","05",5.61947126578715,7.64712201180539,9.16870734350956,11.9678142187818,6.34834295299467,1.86715969205726
"53015","Cowlitz","Washington","Washington","53",11.2735763621448,13.281502901059,15.4334185703822,17.6196387404048,6.34606237826,1.86648893478235
"17145","Perry","Illinois","Illinois","17",7.33424481560884,10.0782133561436,14.5697938622315,13.6680988184748,6.33385400286592,1.86289823613703
"51167","Russell","Virginia","Virginia","51",6.72997754751334,9.36242617007863,9.73221397976099,13.0632056557982,6.33322810828491,1.86271414949556
"01057","Fayette","Alabama","Alabama","01",8.5246737913219,9.19786962343842,11.5640046488461,14.8523578669017,6.32768407557981,1.86108355164112
"40135","Sequoyah","Oklahoma","Oklahoma","40",8.8254597379393,10.9079965607464,12.9140725334284,15.1511803483961,6.32572061045682,1.86050606189907
"01121","Talladega","Alabama","Alabama","01",10.2059454433667,11.2155950982187,12.2926444770879,16.5311280367244,6.32518259335763,1.86034782157577
"06025","Imperial","California","California","06",9.74552618617633,10.3321695044959,13.2017886979785,16.0672775738429,6.32175138766655,1.85933864343134
"48419","Shelby","Texas","Texas","48",8.77836192584394,12.1972211975901,13.5397468976533,15.0937460676985,6.31538414185456,1.85746592407487
"19117","Lucas","Iowa","Iowa","19",9.47850990940653,11.0953010479396,11.6607378488294,15.7920629714661,6.31355306205953,1.85692737119398
"39139","Richland","Ohio","Ohio","39",11.5838894829398,12.6067483523624,15.0069654051544,17.8908301929885,6.30694071004866,1.85498256177902
"49007","Carbon","Utah","Utah","49",12.4880939517171,12.2580642116574,13.2224563515954,18.7933323499041,6.30523839818704,1.85448188181972
"40133","Seminole","Oklahoma","Oklahoma","40",9.58448554931004,12.0965571395511,13.5907048666626,15.8864159631619,6.30193041385189,1.85350894525056
"17069","Hardin","Illinois","Illinois","17",6.98740150614292,9.61650090032571,12.3033366048441,13.2804415315626,6.29304002541968,1.85089412512344
"18055","Greene","Indiana","Indiana","18",9.85390578413834,10.4616895874263,11.285142329183,16.1456451029996,6.29173931886129,1.85051156437097
"20151","Pratt","Kansas","Kansas","20",19.5457354758962,21.0369206598586,23.9140588510042,25.8309431415556,6.28520766565942,1.84859048989983
"12043","Glades","Florida","Florida","12",7.15916651488179,9.8336683698584,10.1707030156183,13.4379746835443,6.27880816866251,1.84670828490074
"38079","Rolette","North Dakota","North Dakota","38",11.6819931521597,14.7309685230305,18.6642073026846,17.9603399433428,6.27834679118303,1.84657258564207
"30041","Hill","Montana","Montana","30",18.1390517539288,20.0079744870619,20.6814558961735,24.4024402440244,6.26338849009559,1.84217308532223
"54007","Braxton","West Virginia","West Virginia","54",8.12164996504311,9.20860508128103,10.4964402539927,14.3841610150952,6.26251105005205,1.84191501472119
"48135","Ector","Texas","Texas","48",11.3739211445728,12.0003904855856,13.1863732317473,17.631208403821,6.25728725924821,1.84037860566124
"45059","Laurens","South Carolina","South Carolina","45",11.3415805526882,11.6650959070227,14.3725909852523,17.5936554314933,6.25207487880506,1.83884555258972
"48463","Uvalde","Texas","Texas","48",13.5387629021321,13.8023269111744,16.2175494851082,19.7866461024356,6.24788320030343,1.8376127059716
"17059","Gallatin","Illinois","Illinois","17",7.35040461221986,7.69913488923582,9.756063911069,13.5966149506347,6.24621033841484,1.83712068776907
"51690","Martinsville city","Virginia","Virginia","51",15.8206579412805,16.600571797473,17.9311041519345,22.0556745182013,6.23501657692078,1.8338284049767
"31037","Colfax","Nebraska","Nebraska","31",8.53191134810865,11.4751600121914,12.4032208113967,14.7666411629686,6.23472981485998,1.83374406319411
"12107","Putnam","Florida","Florida","12",8.2591270463385,9.43653143222461,12.3358248277746,14.4869700794417,6.22784303310318,1.83171853914799
"20031","Coffey","Kansas","Kansas","20",13.4550008946144,20.1112609575185,19.7557711609234,19.6812080536913,6.22620715907685,1.83123739972849
"06039","Madera","California","California","06",11.6828955313956,12.0032072697971,13.9131659031267,17.9081823736966,6.22528684230093,1.8309667183238
"42087","Mifflin","Pennsylvania","Pennsylvania","42",8.7083387429251,10.9072371121558,11.2141756548536,14.9318195841303,6.22348084120521,1.83043554153095
"54065","Morgan","West Virginia","West Virginia","54",11.8162216957694,11.2076299226378,15.0344180225282,18.0343869659884,6.21816527021907,1.82887213829973
"47151","Scott","Tennessee","Tennessee","47",6.63421669370831,7.48516320474777,10.6488058994655,12.850929221036,6.21671252732767,1.82844486097873
"01085","Lowndes","Alabama","Alabama","01",8.15326995102276,11.0106317976292,14.1607214968367,14.3685660432072,6.21529609218443,1.82802826240719
"38099","Walsh","North Dakota","North Dakota","38",12.9621572307933,13.2825462921757,16.4040039453421,19.1640049993057,6.20184776851233,1.82407287309186
"30015","Chouteau","Montana","Montana","30",16.7997753502292,20.5368763792233,22.2481685135205,22.9983368971252,6.19856154689596,1.82310633732234
"19147","Palo Alto","Iowa","Iowa","19",12.8132118451025,13.8523610280932,14.9768160741886,19.0114068441065,6.19819499900396,1.82299852911881
"13251","Screven","Georgia","Georgia","13",8.55614973262032,10.211667527026,11.6971279373368,14.7323135755258,6.17616384290549,1.81651877732514
"30037","Golden Valley","Montana","Montana","30",14.6861247405903,16.1929823049272,24.8100400129169,20.8579881656805,6.17186342509019,1.81525394855594
"20189","Stevens","Kansas","Kansas","20",14.1045958795563,17.5235777304533,14.991807755325,20.2661826981246,6.16158681856836,1.81223141722599
"26085","Lake","Michigan","Michigan","26",6.57560981743232,7.84787128978984,8.22439613535755,12.7310273618998,6.15541754446752,1.81041692484339
"54097","Upshur","West Virginia","West Virginia","54",12.0215239724206,13.8022820882932,15.4215841343229,18.1696482901302,6.1481243177096,1.80827185814988
"08087","Morgan","Colorado","Colorado","08",11.6794290318232,13.4625838986032,14.5835664994281,17.8209760317541,6.14154699993095,1.80633735292087
"29009","Barry","Missouri","Missouri","29",8.4810236610732,10.73826510283,13.3088151576877,14.6109979633401,6.12997430226692,1.8029336183138
"29057","Dade","Missouri","Missouri","29",8.96020164649836,9.86975832123937,10.7706093189964,15.0869019888909,6.12670034239252,1.80197068893898
"13043","Candler","Georgia","Georgia","13",9.89550978720169,10.1524434723181,15.061446127465,16.0164835164835,6.12097372928183,1.80028639096524
"40099","Murray","Oklahoma","Oklahoma","40",13.5131600306808,14.8960849487271,15.6061723279895,19.6264640709085,6.11330404022776,1.79803060006699
"19067","Floyd","Iowa","Iowa","19",12.2064901943541,14.767269234128,16.237641400196,18.3196759913347,6.11318579698059,1.79799582264135
"19063","Emmet","Iowa","Iowa","19",10.9916665343223,13.0351228982671,16.2048406405297,17.0865781035273,6.09491156920491,1.79262104976615
"47013","Campbell","Tennessee","Tennessee","47",6.57270750072691,7.03242061239558,9.20583921212545,12.6660210293304,6.09331352860347,1.79215103782455
"26035","Clare","Michigan","Michigan","26",6.79226861214959,8.82669806519687,11.0904809346979,12.8819549196225,6.08968630747287,1.79108420808026
"40081","Lincoln","Oklahoma","Oklahoma","40",10.0510011378343,11.1300156765849,12.5831334025014,16.1404843413212,6.08948320348685,1.79102447161378
"37187","Washington","North Carolina","North Carolina","37",8.74595887637061,11.5938840611594,12.0004477779022,14.8284158541218,6.08245697775121,1.78895793463271
"13055","Chattooga","Georgia","Georgia","13",5.89594566206848,7.68148235018178,8.19708721611517,11.972989842819,6.07704418075056,1.78736593551487
"16035","Clearwater","Idaho","Idaho","16",11.4456800684346,13.3501259445844,15.0404070637534,17.5198772492677,6.07419718083312,1.78652858259798
"40107","Okfuskee","Oklahoma","Oklahoma","40",8.22911593002023,9.24848667207412,11.4357402724133,14.3020015201419,6.07288559012165,1.78614282062402
"21011","Bath","Kentucky","Kentucky","21",6.19776060558272,10.0523419675211,13.2919412062848,12.2665732959851,6.06881269040235,1.78494490894187
"47031","Coffee","Tennessee","Tennessee","47",15.3321298046039,17.4786313915199,18.4914432960816,21.386328914297,6.05419910969309,1.78064679696856
"18143","Scott","Indiana","Indiana","18",6.64624808575804,8.82113821138211,10.1755247330306,12.6877540201449,6.04150593438686,1.77691351011378
"21201","Robertson","Kentucky","Kentucky","21",7.74147805023546,8.68456865595158,10.30345800988,13.7777777777778,6.03629972754232,1.77538227280657
"01017","Chambers","Alabama","Alabama","01",8.87295503545979,9.54935114845525,11.0240887346006,14.907983037589,6.03502800212924,1.77500823592037
"26149","St. Joseph","Michigan","Michigan","26",10.8958820382445,12.7464940083555,14.3136036890813,16.9282700421941,6.0323880039496,1.77423176586753
"01031","Coffee","Alabama","Alabama","01",16.4549573675241,19.297233318964,22.5777485108803,22.4843188763202,6.0293615087961,1.77334162023415
"29163","Pike","Missouri","Missouri","29",10.6311333461612,10.218918477373,11.1658071573683,16.6370537877564,6.00592044159517,1.76644718870446
"29083","Henry","Missouri","Missouri","29",10.3035218978486,11.674419531889,15.0720595659993,16.3062091710535,6.00268727320491,1.76549625682497
"12093","Okeechobee","Florida","Florida","12",9.8234776666523,8.92768977147454,10.2708033072897,15.8234178306605,5.99994016400816,1.76468828353181
"47177","Warren","Tennessee","Tennessee","47",8.11069436619958,9.13158000483826,11.8867644879206,14.1075416595087,5.9968472933091,1.76377861567915
"47097","Lauderdale","Tennessee","Tennessee","47",5.98157431242379,7.69977723183953,10.7893736078666,11.9783389251869,5.9967646127631,1.7637542978715
"55107","Rusk","Wisconsin","Wisconsin","55",10.9233306092648,11.169386169403,15.5570392979975,16.9168977718275,5.99356716256263,1.76281387134195
"29221","Washington","Missouri","Missouri","29",5.72739335433319,7.50878660817813,8.24005157368025,11.7144787763376,5.98708542200442,1.76090747706012
"35045","San Juan","New Mexico","New Mexico","35",12.3056892272433,13.5254818153567,15.6179728960741,18.2630192804611,5.95733005321785,1.75215589800525
"01053","Escambia","Alabama","Alabama","01",7.57758813017944,10.5566519521129,12.1883339687381,13.527323789835,5.94973565965557,1.74992225283987
"29007","Audrain","Missouri","Missouri","29",10.8573964726664,12.7088566490267,13.3391053391053,16.8046503434913,5.94725387082485,1.74919231494849
"17185","Wabash","Illinois","Illinois","17",12.6408493263355,12.4956533586379,16.2501538252037,18.5852090032154,5.94435967687992,1.74834108143527
"08075","Logan","Colorado","Colorado","08",14.1765384881589,14.5785517335081,15.7054813603447,20.1204978813559,5.94395939319706,1.74822335094031
"40047","Garfield","Oklahoma","Oklahoma","40",17.3244979336957,19.5523584091302,21.5707464186982,23.2661749418346,5.94167700813884,1.74755206121731
"39047","Fayette","Ohio","Ohio","39",8.47429147529965,10.747071858183,13.3661336613366,14.408612969764,5.9343214944644,1.74538867484247
"18039","Elkhart","Indiana","Indiana","18",14.2116147731098,15.5070063799412,18.1496155118574,20.1239804738369,5.91236570072711,1.73893108844915
"29159","Pettis","Missouri","Missouri","29",12.5032154017177,14.963502932724,15.4864285796206,18.4148538173756,5.91163841565794,1.73871718107586
"45025","Chesterfield","South Carolina","South Carolina","45",7.70539474688311,9.65105229769271,11.9910743528065,13.6156203142317,5.91022556734859,1.73830163745547
"49009","Daggett","Utah","Utah","49",11.7073170731707,11.8670886075949,18.6186186186186,17.6156583629893,5.90834128981859,1.73774743818194
"13049","Charlton","Georgia","Georgia","13",6.39744435181249,6.35540795123202,9.91473546130302,12.2972645848463,5.89982023303379,1.73524124500994
"48001","Anderson","Texas","Texas","48",9.49417026667456,11.0969740493449,10.069876519575,15.3927988841344,5.89862861745982,1.73489076984112
"13033","Burke","Georgia","Georgia","13",9.58247968276521,9.52913639274866,9.40744842863076,15.4615820275628,5.87910234479757,1.72914774846987
"40137","Stephens","Oklahoma","Oklahoma","40",14.7400564224533,16.6019687008278,16.7684995730788,20.616074667722,5.87601824526877,1.72824066037317
"05071","Johnson","Arkansas","Arkansas","05",11.974187470092,13.1333763574542,15.65477667762,17.8472061210294,5.87301865093744,1.72735842674631
"28111","Perry","Mississippi","Mississippi","28",7.07276658254524,7.68923297655379,7.40009866798224,12.9401408450704,5.86737426252518,1.72569831250741
"01075","Lamar","Alabama","Alabama","01",6.18931033149746,7.78955131979218,10.1505965186779,12.0547663166564,5.86545598515891,1.72513411328203
"20003","Anderson","Kansas","Kansas","20",8.1024041181497,11.6688083129953,17.6084578928181,13.9624088991178,5.86000478096806,1.72353081793178
"19151","Pocahontas","Iowa","Iowa","19",12.8072837673946,14.9950018787294,17.4624310443219,18.6590116875128,5.85172792011823,1.7210964470936
"37091","Hertford","North Carolina","North Carolina","37",10.7493450967084,11.1244679329975,14.863662442634,16.5813198701767,5.83197477346832,1.71528669807892
"22043","Grant Parish","Louisiana","Louisiana","22",9.57387435866008,9.80623168754131,11.0306395231512,15.4051308102616,5.83125645160155,1.71507542694163
"13109","Evans","Georgia","Georgia","13",8.64955357142857,8.99082568807339,13.7229806598407,14.4796380090498,5.8300844376212,1.71473071694741
"29155","Pemiscot","Missouri","Missouri","29",6.79339834737305,8.35749615907199,10.8766512266255,12.6209677419355,5.82756939456244,1.71399099840072
"05107","Phillips","Arkansas","Arkansas","05",9.17168586114094,12.3592919055129,13.228440273973,14.9980369061641,5.82635104502318,1.71363266030094
"05111","Poinsett","Arkansas","Arkansas","05",5.55169130521935,6.31522126949387,8.87116277797267,11.3717590486711,5.82006774345178,1.71178463042699
"21075","Fulton","Kentucky","Kentucky","21",10.2864708516688,11.5045979260419,12.3369902711654,16.1037799150078,5.81730906333903,1.71097325392325
"40031","Comanche","Oklahoma","Oklahoma","40",18.4400655920059,19.1103838601106,20.3103279361339,24.2569863569509,5.81692076494496,1.71085904851322
"40079","Le Flore","Oklahoma","Oklahoma","40",9.60850479924197,11.3409140258655,12.3567465668934,15.4208161282487,5.81231132900675,1.70950333206081
"22045","Iberia Parish","Louisiana","Louisiana","22",9.0412683775255,11.1750072047949,13.2428546762836,14.8354553064012,5.79418692887566,1.7041726261399
"48469","Victoria","Texas","Texas","48",14.1043227170507,16.2469944202261,16.685964322024,19.895609966921,5.79128724987029,1.70331977937362
"48197","Hardeman","Texas","Texas","48",11.0145739910314,12.7591706539075,16.9993117687543,16.8039538714992,5.78937988046778,1.70275878837288
"46069","Hyde","South Dakota","South Dakota","46",14.4947946305724,15.9572875029579,17.2758239517599,20.2819956616052,5.78720103103283,1.70211795030377
"12023","Columbia","Florida","Florida","12",11.0287241950628,10.921905175802,13.1783795636443,16.8103534096565,5.78162921459371,1.70047918076286
"21133","Letcher","Kentucky","Kentucky","21",6.70470362960434,7.66114417867947,10.8434441123029,12.4823931853243,5.77768955571996,1.69932045756469
"47075","Haywood","Tennessee","Tennessee","47",8.68554346923524,11.0941148055712,11.9314064890105,14.452649517163,5.76710604792779,1.69620766115523
"13095","Dougherty","Georgia","Georgia","13",16.993158163374,17.830020517351,18.0848835645047,22.7529173941009,5.75975923072684,1.69404683256672
"28001","Adams","Mississippi","Mississippi","28",14.8149803360499,17.5003376704393,17.6018822693776,20.5577140608862,5.74273372483636,1.68903933083422
"05123","St. Francis","Arkansas","Arkansas","05",8.51503476667648,9.60770176287204,11.2451950343479,14.2480376766091,5.73300290993263,1.68617732645077
"46017","Buffalo","South Dakota","South Dakota","46",4.17693562924382,5.37978031017537,8.85572937948689,9.90566037735849,5.72872474811467,1.68491904356314
"48241","Jasper","Texas","Texas","48",8.29936078906741,10.4568739173518,11.775646854592,14.0275880304967,5.72822724142926,1.68477271806743
"13289","Twiggs","Georgia","Georgia","13",4.78149722659009,5.43122044734316,10.8618463524855,10.508645291254,5.72714806466389,1.68445531313644
"40011","Blaine","Oklahoma","Oklahoma","40",12.3731855853485,14.0428645751144,16.0357169803499,18.0962164013011,5.72303081595268,1.68324435763314
"18025","Crawford","Indiana","Indiana","18",5.70112752104177,8.40857787810384,12.4777914445811,11.4228987425546,5.72177122151283,1.68287388868025
"45075","Orangeburg","South Carolina","South Carolina","45",13.6632324486024,16.2841664184066,17.8114788437952,19.3798312176441,5.71659876904178,1.68135257912994
"05047","Franklin","Arkansas","Arkansas","05",8.79735894320309,11.02561233719,12.4685498746995,14.5081967213115,5.71083777810838,1.67965817003188
"19145","Page","Iowa","Iowa","19",13.5411209762169,16.5679964080782,17.7973568281938,19.2416725726435,5.70055159642659,1.67663282247841
"06021","Glenn","California","California","06",9.43168543403618,10.7022284170666,15.4099664753679,15.1213407334857,5.68965529944951,1.67342802924986
"28161","Yalobusha","Mississippi","Mississippi","28",9.88781633182488,9.5678650895564,11.3916548126704,15.5704241324563,5.68260780063146,1.67135523547984
"35057","Torrance","New Mexico","New Mexico","35",10.8779924185009,14.4469923171455,12.2195796391455,16.5575974899148,5.67960507141398,1.67047207982764
"47067","Hancock","Tennessee","Tennessee","47",5.08088299273194,10.1580432636313,9.86291200972659,10.7546781821921,5.67379518946012,1.66876329101768
"20167","Russell","Kansas","Kansas","20",14.0530973451327,16.6823219988728,19.4449872972445,19.7227473219912,5.66964997685844,1.66754411084072
"45039","Fairfield","South Carolina","South Carolina","45",9.55871573083125,11.6636053529257,15.0707389641144,15.2191077773391,5.66039204650787,1.66482119014937
"27087","Mahnomen","Minnesota","Minnesota","27",10.4996837444655,12.4240583232078,13.8244790137951,16.1588180978763,5.65913435341074,1.66445128041492
"29119","McDonald","Missouri","Missouri","29",6.64809656453111,7.02042033089879,9.5264203961346,12.2899359502822,5.64183938575109,1.65936452522091
"48151","Fisher","Texas","Texas","48",11.5184845707302,12.4176548089592,15.5514018691589,17.1439196727408,5.62543510201058,1.65453973588546
"31013","Box Butte","Nebraska","Nebraska","31",12.9650069101058,15.2854351969613,17.5221959034237,18.5785704634509,5.61356355334508,1.65104810392502
"30025","Fallon","Montana","Montana","30",10.630899634912,14.4186065320254,16.4654736947113,16.2365591397849,5.60565950487292,1.64872338378615
"54073","Pleasants","West Virginia","West Virginia","54",8.46464646464647,9.66607922247056,10.2718482028827,14.0644926216069,5.59984615696039,1.64701357557658
"18009","Blackford","Indiana","Indiana","18",8.94265039421104,10.261780104712,10.0271002710027,14.5318441064639,5.58919371225284,1.64388050360378
"28109","Pearl River","Mississippi","Mississippi","28",11.3822964467448,13.8553750851758,14.4806966874106,16.9619931358841,5.57969668913927,1.64108726151155
"17047","Edwards","Illinois","Illinois","17",8.36819957549627,9.80270334849412,11.4078194166556,13.9475516361105,5.57935206061419,1.64098590018065
"40075","Kiowa","Oklahoma","Oklahoma","40",11.1272480020322,14.821240805633,17.4820335429974,16.7041328030434,5.57688480101117,1.64026023559152
"20153","Rawlins","Kansas","Kansas","20",14.4020461936333,15.9386617100372,20.9844559585492,19.9783432593395,5.57629706570614,1.64008737226651
"21121","Knox","Kentucky","Kentucky","21",8.04047794393839,8.78375665331351,9.58696475937855,13.6025975303783,5.56211958643992,1.63591752542351
"13071","Colquitt","Georgia","Georgia","13",9.97953046600837,11.4019778839901,13.2540208631337,15.5367138078363,5.55718334182788,1.63446568877291
"05011","Bradley","Arkansas","Arkansas","05",9.75293965225707,11.9263752367213,11.2971803010772,15.3096830473975,5.55674339514043,1.63433629268836
"13253","Seminole","Georgia","Georgia","13",7.82331027142097,8.58684985279686,11.9174434087883,13.3783189086108,5.55500863718986,1.63382606976172
"37047","Columbus","North Carolina","North Carolina","37",9.04910710281433,10.0887302128298,11.6419213062523,14.596404355288,5.54729725247363,1.63155801543342
"22049","Jackson Parish","Louisiana","Louisiana","22",9.1524210931064,12.9199033977384,13.9749875217652,14.6927108146737,5.54028972156725,1.62949697693155
"06101","Sutter","California","California","06",15.3815256392288,15.2880520062766,18.4215400676916,20.9148923114684,5.53336667223961,1.62746078595283
"49047","Uintah","Utah","Utah","49",11.2375284438999,13.1770529994176,16.6268894192522,16.7687871688593,5.53125872495938,1.62684080145864
"13261","Sumter","Georgia","Georgia","13",15.8855340225102,19.3063872255489,19.7704145571207,21.4150790652491,5.5295450427389,1.62633677727615
"13283","Treutlen","Georgia","Georgia","13",6.34186175744068,8.45761677064053,9.11798396334479,11.8648018648019,5.52294010736119,1.62439414922388
"01013","Butler","Alabama","Alabama","01",8.02815564817166,10.4089513077606,12.8684042326539,13.5388842249866,5.51072857681498,1.62080252259264
"48349","Navarro","Texas","Texas","48",12.7246216897856,12.2334416042932,16.5184869262819,18.2290769142398,5.50445522445414,1.6189574189571
"06029","Kern","California","California","06",13.2707433280616,13.5193023531687,14.8753744708923,18.7714370378782,5.50069370981662,1.61785109112253
"51005","Alleghany","Virginia","Virginia","51",9.15084383433785,12.5673161988556,16.0584365071335,14.6487024143232,5.49785857998532,1.61701722940745
"22001","Acadia Parish","Louisiana","Louisiana","22",8.44483159576706,9.44803036740057,9.91570529646856,13.938588329124,5.49375673335696,1.61581080392852
"05091","Miller","Arkansas","Arkansas","05",9.49041848304589,12.5164595173049,12.8597866837405,14.9795181559397,5.48909967289385,1.6144410802629
"40103","Noble","Oklahoma","Oklahoma","40",12.7019308868813,15.7694907749503,19.2509495018422,18.1854410201913,5.48351013331,1.61279709803235
"47029","Cocke","Tennessee","Tennessee","47",5.50922547691025,6.20719549198093,8.63847547050949,10.9867979413739,5.47757246446366,1.61105072484225
"18001","Adams","Indiana","Indiana","18",10.6839348701422,10.6653634592034,14.5380369570434,16.1611505485388,5.47721567839659,1.6109457877637
"18023","Clinton","Indiana","Indiana","18",11.0289308176101,10.1407284768212,13.4216294361796,16.5045806906272,5.47564987301714,1.61048525676975
"48405","San Augustine","Texas","Texas","48",8.29799004241195,11.846969940524,11.0876623376623,13.7697516930023,5.47176165059031,1.60934166193833
"20155","Reno","Kansas","Kansas","20",14.9303783626157,17.3111740402024,19.3331945119271,20.3995200112939,5.46914164867812,1.60857107314062
"19043","Clayton","Iowa","Iowa","19",9.01067158790018,12.767794083026,15.3821907013396,14.4780039395929,5.46733235169273,1.60803892696845
"48343","Morris","Texas","Texas","48",10.4886219244228,11.1668185981923,14.9091317029392,15.9549736938701,5.46635176944724,1.60775052042566
"48429","Stephens","Texas","Texas","48",11.7548278757347,13.3518776077886,13.1501319670859,17.2188520765282,5.46402420079356,1.60706594140987
"53077","Yakima","Washington","Washington","53",13.6881234236726,15.3005970219923,15.8507238881543,19.1508753275358,5.46275190386321,1.60669173643035
"17025","Clay","Illinois","Illinois","17",7.63968239655746,9.6787228349734,13.8598325345439,13.0951059815781,5.45542358502061,1.60453634853547
"24011","Caroline","Maryland","Maryland","24",10.7709880068532,12.076726342711,14.3216540115268,16.225496587995,5.45450858114173,1.60426722974757
"37177","Tyrrell","North Carolina","North Carolina","37",7.57618346172791,10.6082036775106,10.1764705882353,13.029197080292,5.45301361856406,1.60382753487178
"28083","Leflore","Mississippi","Mississippi","28",15.7108065516522,15.8750752977156,17.4178331538738,21.1591482372265,5.44834168557429,1.60245343693362
"48129","Donley","Texas","Texas","48",11.1155220325526,15.7772621809745,19.0217391304348,16.5590405904059,5.4435185578533,1.60103486995685
"40141","Tillman","Oklahoma","Oklahoma","40",11.3954538612073,12.5223904901482,17.2723794950268,16.8384879725086,5.4430341113013,1.60089238567685
"05069","Jefferson","Arkansas","Arkansas","05",14.6138372087166,15.685830647854,17.6410624901549,20.0536084331922,5.4397712244756,1.59993271308106
"13321","Worth","Georgia","Georgia","13",6.30227253525161,8.58430516489629,8.86075949367089,11.7407228249603,5.43845028970866,1.59954420285549
"48255","Karnes","Texas","Texas","48",8.87759092686742,9.42812982998454,10.5470627824248,14.3004211511465,5.42283022427904,1.59495006596442
"48311","McMullen","Texas","Texas","48",14.6321509392744,16.1462406344669,6.62878787878788,20.0514138817481,5.4192629424737,1.59390086543344
"47005","Benton","Tennessee","Tennessee","47",7.41224982399678,6.30615358535345,10.6422018348624,12.8198545143346,5.40760469033783,1.59047196774642
"13017","Ben Hill","Georgia","Georgia","13",7.56370529749514,9.51773328063097,10.3614028841018,12.9561260410406,5.39242074354547,1.58600610104279
"22127","Winn Parish","Louisiana","Louisiana","22",8.9591957421644,9.38429640313711,11.9655694286795,14.3504687339034,5.39127299173897,1.58566852698205
"13099","Early","Georgia","Georgia","13",9.35851152457651,12.5635162601626,12.1394567348082,14.7450424929178,5.38653096834134,1.58427381421804
"12013","Calhoun","Florida","Florida","12",8.22269724583959,7.68798195965192,8.54178786115959,13.5852497214061,5.36255247556655,1.5772213163431
"45067","Marion","South Carolina","South Carolina","45",9.11010706217464,10.1556875449964,12.0542986425339,14.4618889604279,5.35178189825327,1.57405349948626
"54023","Grant","West Virginia","West Virginia","54",8.62173729816481,11.3501295906182,10.9150403178684,13.9672373445006,5.34550004633574,1.5722058959811
"31047","Dawson","Nebraska","Nebraska","31",12.2621160031605,14.3920933696999,15.34408742032,17.6067270375162,5.34461103435568,1.57194442186932
"48107","Crosby","Texas","Texas","48",10.0428797111262,10.5373342637823,13.0680359435173,15.3869499241275,5.34407021300131,1.57178535676509
"13081","Crisp","Georgia","Georgia","13",9.98438655600296,12.7799255963236,13.7285695589583,15.326297012041,5.34191045603807,1.57115013412884
"02013","Aleutians East Borough","Alaska","Alaska","02",12.9327237099935,4.88290981564524,15.726636475916,18.2729375481881,5.34021383819466,1.57065112888078
"21061","Edmonson","Kentucky","Kentucky","21",5.38812785388128,4.9205340114431,9.31729834791059,10.7265692175408,5.33844136365956,1.57012981284105
"06011","Colusa","California","California","06",11.0615084700105,10.6488323923665,13.5164160785517,16.3884350358741,5.32692656586359,1.56674310760694
"13093","Dooly","Georgia","Georgia","13",9.49305708858925,9.63196059652483,9.67935871743487,14.8182665424045,5.32520945381522,1.56623807465154
"40035","Craig","Oklahoma","Oklahoma","40",9.98058776499584,10.4932814769917,14.034565501205,15.3049944729173,5.32440670792145,1.56600197291807
"22039","Evangeline Parish","Louisiana","Louisiana","22",8.34668553936743,9.46046433124827,11.3238966389565,13.6701408994403,5.32345536007283,1.5657221647273
"39073","Hocking","Ohio","Ohio","39",8.14396180652667,9.81841318213029,12.7860227329131,13.4668752207478,5.3229134142211,1.56556276888856
"39111","Monroe","Ohio","Ohio","39",6.75755198116909,8.40288315629742,10.4808877928483,12.0696849572293,5.31213297606021,1.56239205178241
"22081","Red River Parish","Louisiana","Louisiana","22",8.68945869092373,8.7361878437121,10.9607577798815,13.9980059820538,5.30854729113011,1.56133743856768
"22101","St. Mary Parish","Louisiana","Louisiana","22",8.34276860735356,9.41552566499789,10.671869697998,13.6482455331058,5.3054769257522,1.56043438992712
"18121","Parke","Indiana","Indiana","18",10.120419639645,11.580223927979,14.3411191164122,15.4138586486954,5.29343900905033,1.55689382619127
"28091","Marion","Mississippi","Mississippi","28",8.44659944685706,11.4881144264537,13.1641689373297,13.7319316688568,5.2853322219997,1.55450947705874
"22085","Sabine Parish","Louisiana","Louisiana","22",8.34441270523219,11.0930691607671,12.401705876768,13.6291600633914,5.28474735815925,1.55433745828213
"48489","Willacy","Texas","Texas","48",8.77396900640768,7.50088265607244,8.44986611127641,14.0494602250976,5.27549121868994,1.55161506432057
"51135","Nottoway","Virginia","Virginia","51",8.7995337995338,11.1059865326077,11.1251808972504,14.070796460177,5.27126266064319,1.55037137077741
"01047","Dallas","Alabama","Alabama","01",12.2237860661506,13.9308329274318,13.3397828657422,17.4849062599301,5.26112019377949,1.54738829228809
"48183","Gregg","Texas","Texas","48",17.6522292607523,19.5111847555924,20.1215586288599,22.9110146500271,5.25878538927485,1.54670158508084
"47101","Lewis","Tennessee","Tennessee","47",5.01185235353877,8.46504152156442,11.7056046483477,10.2675658037851,5.2557134502463,1.54579807360185
"45033","Dillon","South Carolina","South Carolina","45",8.53743876836949,9.15354852387767,7.88634244491338,13.7921712802768,5.25473251190733,1.54550956232568
"02275","Wrangell City and Borough","Alaska","Alaska","02",16.1589164109545,13.6320968453873,21.9015280135823,21.3824289405685,5.22351252961393,1.53632721459233
"05135","Sharp","Arkansas","Arkansas","05",8.70777466344492,10.2570528915472,11.1976930996349,13.9056925701877,5.19791790674277,1.52879938433611
"20033","Comanche","Kansas","Kansas","20",14.8831488314883,15.1388888888889,24.0782543265613,20.078125,5.19497616851169,1.52793416720932
"40091","McIntosh","Oklahoma","Oklahoma","40",10.6584473438476,13.0920177904093,12.743413674148,15.8503065755162,5.19185923166862,1.52701742107901
"28143","Tunica","Mississippi","Mississippi","28",8.54014598662295,9.10127303819115,14.4746962005845,13.7219584083838,5.18181242176087,1.52406247698849
"18131","Pulaski","Indiana","Indiana","18",8.92901931276649,10.2566939588405,14.2778572214278,14.1095890410959,5.1805697283294,1.52369697892041
"48261","Kenedy","Texas","Texas","48",7.82918149466192,20.3065134099617,12.0743034055728,13.0081300813008,5.17894858663889,1.52322017254085
"22097","St. Landry Parish","Louisiana","Louisiana","22",9.70960989436781,10.7255019813211,13.17924555121,14.88793622142,5.17832632705216,1.52303715501534
"22059","La Salle Parish","Louisiana","Louisiana","22",7.90680313616029,11.1832618114687,13.6440312347694,13.0797497268845,5.17294659072421,1.52145487962477
"28093","Marshall","Mississippi","Mississippi","28",9.39358398579611,9.01992539134317,10.7303588708332,14.5628208364891,5.169236850693,1.52036377961559
"29069","Dunklin","Missouri","Missouri","29",8.04758090552176,9.08661819115123,10.4162733622805,13.2138734678173,5.16629256229553,1.51949781243986
"08089","Otero","Colorado","Colorado","08",13.0201446682741,15.3962951715761,15.2078861594721,18.1673433643818,5.14719869610773,1.51388196944345
"54015","Clay","West Virginia","West Virginia","54",6.18440928858329,7.30122387739029,8.28474992328935,11.3312349564895,5.14682566790624,1.51377225526654
"51159","Richmond","Virginia","Virginia","51",11.7593433441496,9.92158307932074,10.2968562507039,16.9032444959444,5.14390115179476,1.51291210346905
"12059","Holmes","Florida","Florida","12",7.36355775808513,8.81585888461681,10.9712741752255,12.5070422535211,5.143484495436,1.51278955748118
"41023","Grant","Oregon","Oregon","41",12.5406845294326,15.6963890935888,17.4583031182016,17.6827094474153,5.14202491798273,1.51236026999492
"22003","Allen Parish","Louisiana","Louisiana","22",6.74816757246411,9.25821371376032,9.61283583887226,11.8896781212005,5.14151054873638,1.51220898492246
"18075","Jay","Indiana","Indiana","18",8.19250895085483,9.88133097454035,9.84429934706178,13.328352633545,5.13584368269018,1.51054225961476
"56043","Washakie","Wyoming","Wyoming","56",18.4094256255036,18.7179487179487,23.3398264565256,23.5090909090909,5.09966528358733,1.49990155399628
"54005","Boone","West Virginia","West Virginia","54",6.42917659532981,7.16352299856637,8.5385687732342,11.5201271186441,5.09095052331426,1.49733838921008
"13239","Quitman","Georgia","Georgia","13",7.30336444471921,6.14777213761985,5.61660561660562,12.3877917414722,5.08442729675296,1.49541979316264
"30073","Pondera","Montana","Montana","30",15.0469297229654,19.7664872301597,20.2489973693964,20.1106567235987,5.06372700063337,1.48933147077452
"30003","Big Horn","Montana","Montana","30",12.7608035536642,14.29585618856,14.1478416622709,17.8199305370024,5.05912698333825,1.48797852451125
"51027","Buchanan","Virginia","Virginia","51",6.44232702150825,7.95783888231966,7.64301650926789,11.456167415655,5.01384039414673,1.47465893945492
"13263","Talbot","Georgia","Georgia","13",7.089476100392,7.88102991915937,12.1024370095002,12.1030832949839,5.01360719459189,1.47459035135056
"48365","Panola","Texas","Texas","48",12.0339951435509,13.4294181034483,10.819281639817,17.0336037079954,4.99960856444444,1.47047310718954
"28009","Benton","Mississippi","Mississippi","28",7.78443113772455,7.806031933767,11.4808362369338,12.7702455111763,4.9858143734517,1.46641599219168
"16029","Caribou","Idaho","Idaho","16",11.7726341190656,15.9405721132676,14.6423283435124,16.7548127776602,4.98217865859462,1.46534666429254
"51111","Lunenburg","Virginia","Virginia","51",6.62666318810331,9.1671144545943,10.3959324967547,11.6035913171951,4.97692812909182,1.46380239090936
"29117","Livingston","Missouri","Missouri","29",12.547017789125,13.1103074563397,19.3539219401288,17.5144565323924,4.96743874326745,1.46101139507866
"41059","Umatilla","Oregon","Oregon","41",13.348226285183,15.972204921965,14.8285102935271,18.3141229340203,4.96589664883722,1.4605578378933
"48413","Schleicher","Texas","Texas","48",13.4166214014123,17.5640355462624,18.9071566731141,18.3720930232558,4.95547162184354,1.45749165348339
"13161","Jeff Davis","Georgia","Georgia","13",8.26381102543435,9.37036116273981,11.3595036902343,13.1928586257006,4.9290476002663,1.44971988243126
"04012","La Paz","Arizona","Arizona","04",8.53075297519742,8.68719160469803,10.0182723205847,13.4583891618282,4.92763618663078,1.44930476077376
"39105","Meigs","Ohio","Ohio","39",7.27054709761,7.42212324717356,11.4278312206292,12.1917111619629,4.92116406435287,1.4474011953979
"04015","Mohave","Arizona","Arizona","04",10.3030027710925,9.92711276945981,12.1784676136764,15.219837587007,4.91683481591444,1.44612788703366
"45023","Chester","South Carolina","South Carolina","45",9.07275857892445,9.55856118599891,11.0921277045784,13.9883467508784,4.91558817195399,1.44576122704529
"46111","Sanborn","South Dakota","South Dakota","46",16.3881401599464,14.821029082774,16.9305724725944,21.2951432129514,4.90700305300502,1.4432361920603
"21131","Leslie","Kentucky","Kentucky","21",6.56063618287016,6.33065497924334,8.23170731705572,11.4629424778761,4.90230629500595,1.44185479264881
"37107","Lenoir","North Carolina","North Carolina","37",11.4600930583066,13.3101180234303,14.0826537927108,16.3484955613167,4.8884025030101,1.4377654420618
"22065","Madison Parish","Louisiana","Louisiana","22",9.22482835190875,11.0039110013695,11.5467849017897,14.1078838174274,4.88305546551864,1.43619278397607
"20111","Lyon","Kansas","Kansas","20",21.4181175876861,22.9972274916095,24.0820360761058,26.2787495537763,4.86063196609023,1.42959763708536
"39101","Marion","Ohio","Ohio","39",9.90324692645311,11.0803760176314,12.1494717620973,14.7448345078873,4.84158758143422,1.42399634748065
"06107","Tulare","California","California","06",11.8009409132401,11.4989209820959,13.2933472533768,16.6422190552331,4.84127814199296,1.42390533588028
"38053","McKenzie","North Dakota","North Dakota","38",14.2276033444244,15.7248917423032,20.1932997536419,19.0550479162024,4.82744457177795,1.41983663875822
"28049","Hinds","Mississippi","Mississippi","28",26.360315700208,27.1933034793429,27.4031884668,31.17139727395,4.81108157374204,1.41502399227707
"28131","Stone","Mississippi","Mississippi","28",12.3814041745731,12.4364252845725,14.5584299732382,17.1906570758911,4.809252901318,1.41448614744647
"29149","Oregon","Missouri","Missouri","29",7.75981513731482,9.13933282021494,10.2668063566005,12.5513389190077,4.79152378169291,1.40927170049791
"28027","Coahoma","Mississippi","Mississippi","28",14.7173044062071,16.1696259265644,17.3456987527982,19.5071395670198,4.78983516081269,1.40877504729785
"48403","Sabine","Texas","Texas","48",9.53471725125268,10.6305380908998,14.0931844435888,14.322316167051,4.7875989157983,1.40811732817597
"21031","Butler","Kentucky","Kentucky","21",5.08825151682294,6.40829308516904,7.47225082961437,9.87228167069382,4.78403015387088,1.40706769231496
"46121","Todd","South Dakota","South Dakota","46",11.7742810014482,12.1016055203732,14.0343254434504,16.5564326861532,4.782151684705,1.40651520138382
"45005","Allendale","South Carolina","South Carolina","45",9.49096603505815,9.34592613476177,15.1861252115059,14.2578816861495,4.76691565109133,1.40203401502686
"13259","Stewart","Georgia","Georgia","13",7.97872373288071,9.29899856938484,8.28677839851024,12.7304874968426,4.75176376396193,1.39757757763586
"18101","Martin","Indiana","Indiana","18",8.57358490566038,8.84517407302576,11.2303997739794,13.3246149375182,4.75103003185779,1.39736177407582
"48225","Houston","Texas","Texas","48",10.0525806005258,12.2445210539276,14.0522875816993,14.8032364840015,4.75065588347567,1.39725173043402
"48111","Dallam","Texas","Texas","48",7.18740614535507,9.6088157394726,10.6798123725586,11.9281045751634,4.74069842980833,1.39432306759068
"40101","Muskogee","Oklahoma","Oklahoma","40",14.0853660321576,15.3595815790542,17.7367343015443,18.8185882671725,4.7332222350149,1.39212418676909
"39171","Williams","Ohio","Ohio","39",8.93744644387318,10.708446866485,12.8699534310896,13.6701509872242,4.73270454335098,1.39197192451499
"17003","Alexander","Illinois","Illinois","17",7.83759939712908,6.86477228936881,8.91653353628937,12.5536173863311,4.71601798920206,1.38706411447119
"48005","Angelina","Texas","Texas","48",13.2334842906337,14.6689202806049,15.1191765980498,17.9441266971472,4.71064240651354,1.38548306073928
"12067","Lafayette","Florida","Florida","12",5.20166898470097,7.1654373024236,10.769501054111,9.88681757656458,4.68514859186361,1.37798487995988
"06031","Kings","California","California","06",8.95972477394129,10.3688536563137,12.4009641830737,13.6448151572125,4.68509038327116,1.37796775978564
"01063","Greene","Alabama","Alabama","01",10.4444176923227,10.5093291568073,11.6325846463292,15.1273575734007,4.68293988107801,1.37733525914059
"48329","Midland","Texas","Texas","48",26.3521091656417,24.8225552051282,22.9369479911599,31.0344827586207,4.68237359297899,1.37716870381735
"08063","Kit Carson","Colorado","Colorado","08",15.7792207792208,15.3787590407309,14.9358636443507,20.44547173776,4.66625095853925,1.37242675251155
"20055","Finney","Kansas","Kansas","20",14.3648551324912,14.281852586033,19.2913198572894,18.9880664053899,4.62321127289869,1.35976802144079
"05087","Madison","Arkansas","Arkansas","05",8.24836471923528,10.0568217729513,10.7535161586258,12.8641571194763,4.61579240024099,1.35758600007088
"47069","Hardeman","Tennessee","Tennessee","47",7.5866803982149,7.77090615756924,11.1545781349122,12.2014905075341,4.61481010931924,1.35729709097625
"48487","Wilbarger","Texas","Texas","48",12.6515228684934,17.1051218726511,18.1968569065343,17.2492574822938,4.59773461380038,1.35227488641188
"18153","Sullivan","Indiana","Indiana","18",9.9825424535788,9.38303341902314,13.3506286170425,14.5533141210375,4.57077166745867,1.34434460807608
"31165","Sioux","Nebraska","Nebraska","31",17.79669178785,21.5064406763884,26.1487957834762,22.3638470451912,4.56715525734119,1.34328095804153
"12029","Dixie","Florida","Florida","12",6.1602787456446,6.75101109609145,8.0762808682661,10.7254534083802,4.56517466273564,1.34269843021636
"32001","Churchill","Nevada","Nevada","32",13.1295281851917,16.7139183754203,16.6656503445332,17.693993369669,4.56446518447732,1.34248976014039
"39067","Harrison","Ohio","Ohio","39",6.99234558070074,9.04702861128622,7.83459315251223,11.5406976744186,4.54835209371786,1.33775061579937
"40115","Ottawa","Oklahoma","Oklahoma","40",10.4482431822568,12.1904931367685,13.1705743472814,14.9956718773868,4.54742869513006,1.33747902797943
"26107","Mecosta","Michigan","Michigan","26",17.9155746331874,19.0951322682338,21.4776078558778,22.4533451353544,4.53777050216702,1.3346383829903
"28041","Greene","Mississippi","Mississippi","28",6.0127097930585,7.96216475095785,7.85086389815095,10.5393369619,4.52662716884155,1.33136093201222
"05141","Van Buren","Arkansas","Arkansas","05",10.5148257935473,11.4886440061676,13.6015938801883,15.0041841004184,4.48935830687113,1.32039950202092
"39075","Holmes","Ohio","Ohio","39",6.58036133740478,8.26050213390275,8.28857575128518,11.0589384320649,4.47857709466014,1.31722855725298
"32007","Elko","Nevada","Nevada","32",13.3121547783406,14.7510914037946,15.7990818875078,17.7790400454416,4.46688526710105,1.31378978444148
"08025","Crowley","Colorado","Colorado","08",8.01305293691081,11.8809340518347,12.0588922645478,12.4376982328953,4.42464529598453,1.30136626352486
"28025","Clay","Mississippi","Mississippi","28",12.8806383325191,14.5971281898668,17.1638468388246,17.3035671724795,4.42292883996041,1.30086142351777
"12065","Jefferson","Florida","Florida","12",14.7434079954636,16.9004601054876,15.2638953759925,19.1645973749557,4.42118937949209,1.30034981749767
"48163","Frio","Texas","Texas","48",7.52861952861953,8.44294891404099,8.18577917864096,11.9477656236751,4.41914609505553,1.29974885148692
"13107","Emanuel","Georgia","Georgia","13",9.06675255656655,10.0556999628667,9.85944323144105,13.4691751839073,4.40242262734075,1.29483018451198
"30097","Sweet Grass","Montana","Montana","30",19.9816532972141,23.5754479757028,24.7110305361283,24.3703703703704,4.38871707315627,1.29079913916361
"42053","Forest","Pennsylvania","Pennsylvania","42",7.9074268301107,8.89838842995047,9.17699724517906,12.2920203735144,4.38459354340373,1.28958633629521
"54021","Gilmer","West Virginia","West Virginia","54",14.1525423728814,17.0764119601329,14.914979757085,18.5289163391353,4.37637396625396,1.28716881360411
"47095","Lake","Tennessee","Tennessee","47",5.04255734330833,5.40786527885399,6.08331880773924,9.41199301377838,4.36943567047005,1.28512813837354
"48179","Gray","Texas","Texas","48",11.8604651164065,11.8741893644617,13.9169545661952,16.2274123276909,4.36694721128435,1.28439623861305
"55019","Clark","Wisconsin","Wisconsin","55",8.63871973467848,10.3234987243458,11.5660949177105,12.9955028049516,4.35678307027307,1.28140678537443
"48483","Wheeler","Texas","Texas","48",12.6732174351222,13.0241599555679,17.5329921896041,17.0194003527337,4.34618291761149,1.27828909341514
"48273","Kleberg","Texas","Texas","48",18.9033974123581,20.3956191324816,22.5230223009416,23.2177320311129,4.31433461875485,1.2689219466926
"05095","Monroe","Arkansas","Arkansas","05",8.40169242634538,8.43788667655411,12.8916126877236,12.7138834741174,4.31219104777201,1.26829148463883
"02240","Southeast Fairbanks Census Area","Alaska","Alaska","02",18.9508806222009,18.2236663958841,22.3040857334226,23.2308340353833,4.2799534131824,1.25880982740659
"40147","Washington","Oklahoma","Oklahoma","40",25.8313009631868,25.7856923550697,25.4030539918876,30.0638774437961,4.2325764806093,1.24487543547332
"01105","Perry","Alabama","Alabama","01",11.5337466088438,10.0482756317156,10.9562638991846,15.7655093910074,4.23176278216362,1.24463611240106
"28051","Holmes","Mississippi","Mississippi","28",9.73070792551126,11.1506890797638,11.7969579059073,13.9455134311297,4.21480550561848,1.23964867812308
"48245","Jefferson","Texas","Texas","48",15.5234325853761,16.2860207985352,18.1114607506044,19.7346541659296,4.21122158055354,1.23859458251575
"40015","Caddo","Oklahoma","Oklahoma","40",11.6044539131986,14.2169595532586,13.5482199087456,15.8113270220894,4.20687310889073,1.23731562026198
"05121","Randolph","Arkansas","Arkansas","05",7.87734492594823,10.6004816667538,10.9921514733281,12.0839813374806,4.20663641153233,1.23724600339186
"01025","Clarke","Alabama","Alabama","01",10.7763014443546,12.0711242543005,12.6989659579412,14.9741063534167,4.19780490906209,1.23464850266532
"21225","Union","Kentucky","Kentucky","21",8.89668367346939,10.9092818143637,10.1744186046512,13.0934796370542,4.19679596358484,1.23435175399554
"12079","Madison","Florida","Florida","12",9.71378620398861,10.2170719764975,10.3286384976526,13.909386068477,4.19559986448837,1.23399996014364
"18087","LaGrange","Indiana","Indiana","18",7.33745592020979,8.85803576002869,10.9345260753711,11.5303024000666,4.19284647985676,1.23319014113434
"48507","Zavala","Texas","Texas","48",6.89708858788728,7.59692355988071,9.83216990940146,11.0880829015544,4.19099431366712,1.23264538637268
"41025","Harney","Oregon","Oregon","41",14.0766223250297,11.851851851838,15.723516741727,18.2674882203697,4.19086589534002,1.23260761627648
"22117","Washington Parish","Louisiana","Louisiana","22",8.62518715776491,10.9288114824071,11.136232546954,12.8112033195021,4.18601616173717,1.23118122404034
"16077","Power","Idaho","Idaho","16",11.105577689243,14.341620626151,15.016992353441,15.2915935244783,4.18601583523522,1.23118112801036
"21159","Martin","Kentucky","Kentucky","21",6.00721420643729,9.04913848117422,9.15689558905639,10.1910043130006,4.18379010656333,1.23052650193039
"12063","Jackson","Florida","Florida","12",10.9498890993107,12.823016406755,13.6161157611009,15.1307402475991,4.18085114828843,1.22966210243777
"32021","Mineral","Nevada","Nevada","32",9.0532976393283,10.0935639353558,6.9851913942442,13.2204396910279,4.16714205169962,1.22563001520577
"28123","Scott","Mississippi","Mississippi","28",9.38798670622523,8.61340830958968,9.74607285625809,13.5321359990964,4.14414929287112,1.21886743907974
"45061","Lee","South Carolina","South Carolina","45",7.45341421423928,9.165618593189,8.0065486863647,11.5778419532686,4.12442773902929,1.21306698206744
"51051","Dickenson","Virginia","Virginia","51",5.95297491744307,6.65970789811323,9.99130585416678,10.0705329153605,4.11755799791743,1.21104646997571
"48353","Nolan","Texas","Texas","48",11.9588021758814,13.1627955749229,13.719262295082,16.0499048424614,4.09110266658006,1.20326549017061
"05103","Ouachita","Arkansas","Arkansas","05",12.2056069107363,12.727272265896,15.2485250294731,16.2865403148089,4.08093340407259,1.20027453060958
"22009","Avoyelles Parish","Louisiana","Louisiana","22",7.39543174563694,8.25377734345636,9.58894350644725,11.4641720951371,4.06874034950016,1.19668833808828
"12133","Washington","Florida","Florida","12",7.42193845952603,9.23419740152563,12.0757740513936,11.4816400813617,4.05970162183571,1.19402988877521
"40055","Greer","Oklahoma","Oklahoma","40",9.96978528707661,12.6220348259461,14.9095557212599,14.0261069874584,4.0563217003818,1.19303579422994
"04027","Yuma","Arizona","Arizona","04",12.7284843868763,11.8437755937311,14.1520790490044,16.7787959633453,4.05031157646903,1.19126811072619
"48449","Titus","Texas","Texas","48",12.2617416199702,13.1546205193646,13.8353487880868,16.3064029843119,4.04466136434176,1.18960628362993
"35025","Lea","New Mexico","New Mexico","35",11.4998610382523,11.6397825238052,14.0738846989646,15.5377134456632,4.03785240741096,1.18760364923852
"13299","Ware","Georgia","Georgia","13",10.373926842087,11.3744386317489,14.0306334803962,14.4101738304637,4.0362469883767,1.18713146716962
"22011","Beauregard Parish","Louisiana","Louisiana","22",13.0375804611583,13.7574209468967,15.7033636330781,17.0518935224818,4.01431306132348,1.18068031215396
"16023","Butte","Idaho","Idaho","16",13.5378231901189,12.9798390711388,17.9055524735242,17.548596112311,4.01077292219213,1.17963909476239
"05099","Nevada","Arkansas","Arkansas","05",9.8460404536196,10.7071105225422,11.1359591754439,13.8408927285817,3.99485227496212,1.17495655145945
"28077","Lawrence","Mississippi","Mississippi","28",9.20148078306201,11.9728399080739,13.3380133380133,13.1929468476468,3.99146606458483,1.17396060723083
"12047","Hamilton","Florida","Florida","12",6.99481865284974,7.26193194793332,8.11356976861675,10.9665616424433,3.9717429895936,1.16815970282165
"48437","Swisher","Texas","Texas","48",11.5092311306169,16.2307660763054,16.8864908073541,15.4690189328744,3.95978780225748,1.1646434712522
"48457","Tyler","Texas","Texas","48",8.46242365229707,9.67920737199473,10.5803600441931,12.4083663998924,3.94594274759532,1.16057139635157
"48297","Live Oak","Texas","Texas","48",11.9859216855346,12.0371528570158,13.13727853441,15.9245371455355,3.93861546000088,1.15841631176496
"48291","Liberty","Texas","Texas","48",7.91880075077093,8.0601760405059,9.19063027864741,11.8528047773331,3.93400402656215,1.1570600078124
"51017","Bath","Virginia","Virginia","51",12.7570719500647,11.1203414360318,16.0985326209731,16.6877770740975,3.93070512403284,1.1560897423626
"21109","Jackson","Kentucky","Kentucky","21",4.94265428729387,6.77040994077343,6.74946004319654,8.83843949746529,3.89578521017142,1.14581917946218
"32023","Nye","Nevada","Nevada","32",9.4656960761705,10.0923899236172,11.7320699435838,13.3488909318059,3.88319485563536,1.1421161340104
"28013","Calhoun","Mississippi","Mississippi","28",8.17729821220776,10.1985829757509,10.0190743901215,12.0604123029434,3.88311409073568,1.14209237962814
"48227","Howard","Texas","Texas","48",11.8095877921205,11.1160397444996,11.1882193635748,15.6876920296403,3.8781042375198,1.14061889338818
"13273","Terrell","Georgia","Georgia","13",9.20770877944326,10.6809078771696,8.34155972359329,13.0709426627794,3.86323388333614,1.13624525980475
"21147","McCreary","Kentucky","Kentucky","21",4.62820794033779,6.72103487064117,6.82624113475177,8.48026868178002,3.85206074144222,1.13295904160065
"22013","Bienville Parish","Louisiana","Louisiana","22",9.32699420562943,11.472468518542,12.2076537952111,13.1760970631591,3.84910285752966,1.13208907574402
"13005","Bacon","Georgia","Georgia","13",6.56196274361026,6.62063060690615,8.93395450808441,10.3970528039296,3.83509006031933,1.1279676647998
"29197","Schuyler","Missouri","Missouri","29",8.00970592668396,11.6027809923566,7.67386091127098,11.8230358504958,3.81332992381184,1.12156762465054
"21181","Nicholas","Kentucky","Kentucky","21",6.01809954751131,7.48490077653149,12.5534950071327,9.81867283950617,3.80057329199486,1.11781567411614
"02195","Petersburg Census Area","Alaska","Alaska","02",22.0372512989396,17.9227951095171,25.221915357771,25.8193445243805,3.78209322544091,1.1123803604238
"13235","Pulaski","Georgia","Georgia","13",10.7145669299302,12.893713301112,7.7765237020316,14.4952206363755,3.78065370644537,1.11195697248393
"22111","Union Parish","Louisiana","Louisiana","22",11.030213014208,11.8018945793218,13.0697634302062,14.804469273743,3.77425625953506,1.11007537045149
"48233","Hutchinson","Texas","Texas","48",12.9979164113249,14.3240413558435,14.522249051397,16.7714884696017,3.77357205827676,1.10987413478728
"28135","Tallahatchie","Mississippi","Mississippi","28",7.93002917707202,10.9143557188997,8.40461507857569,11.702649656526,3.77262047945399,1.10959425866294
"02290","Yukon-Koyukuk Census Area","Alaska","Alaska","02",12.2046674626799,14.2436097885253,9.15794097495826,15.9654178674352,3.76075040475522,1.10610306022212
"28065","Jefferson Davis","Mississippi","Mississippi","28",8.91496310632636,10.4028793683966,14.2958748221906,12.6718320419895,3.75686893566314,1.10496145166563
"48153","Floyd","Texas","Texas","48",11.1796453353894,12.2983448564844,15.9558823529412,14.9103139013453,3.73066856595593,1.09725546057527
"48095","Concho","Texas","Texas","48",10.3266090297791,14.1047586442999,11.4217012323414,14.0560747663551,3.72946573657608,1.09690168722826
"16079","Shoshone","Idaho","Idaho","16",8.97292429485313,10.2732509701522,13.7597585068802,12.6777488483877,3.70482455353461,1.08965428045136
"28125","Sharkey","Mississippi","Mississippi","28",12.363834422658,12.6079913606911,19.0600522193212,16.0685805422648,3.7047461196068,1.08963121164906
"51670","Hopewell city","Virginia","Virginia","51",10.026446088214,10.2010489676746,10.0657472231227,13.7278342299263,3.70138814171227,1.08864357109185
"48115","Dawson","Texas","Texas","48",9.0281771132835,10.5236707206754,8.1721632196758,12.7270401637247,3.69886305044124,1.0879008971886
"37155","Robeson","North Carolina","North Carolina","37",10.9847503723392,11.4497674522873,12.9127989554941,14.6800870366168,3.69533666427759,1.08686372478753
"47027","Clay","Tennessee","Tennessee","47",7.79486715524838,6.77573809229519,14.002522977113,11.4898102600141,3.69494310476567,1.0867479719899
"16073","Owyhee","Idaho","Idaho","16",8.70730258513058,10.2323086744106,8.67806180688169,12.3810656517602,3.67376306662965,1.08051854900872
"48109","Culberson","Texas","Texas","48",12.0963608405946,13.8686131386861,16.4309764309764,15.7608695652174,3.66450872462282,1.0777966837126
"35005","Chaves","New Mexico","New Mexico","35",14.261350094579,16.2175132593356,17.2950457849644,17.9036179036179,3.64226780903892,1.07125523795262
"28133","Sunflower","Mississippi","Mississippi","28",12.388655117766,12.0244293151782,13.0748519116855,16.0288374887354,3.64018237096936,1.07064187381452
"22091","St. Helena Parish","Louisiana","Louisiana","22",7.72719886198201,11.2034822431558,10.3996681235562,11.3648024628014,3.63760360081943,1.06988341200571
"02070","Dillingham Census Area","Alaska","Alaska","02",15.284831650592,16.4218456659047,18.2631384635516,18.9189189189189,3.63408726832694,1.06884919656675
"54017","Doddridge","West Virginia","West Virginia","54",10.3200522534291,10.2103328568511,10.2143977688687,13.9131926574026,3.59314040397351,1.05680600116868
"48247","Jim Hogg","Texas","Texas","48",11.2200067590402,9.52232282235404,9.78435790151271,14.8092744951384,3.58926773609815,1.05566698120534
"37073","Gates","North Carolina","North Carolina","37",7.36244559839202,10.4721988663003,11.6081171316402,10.9150757077024,3.55263010931041,1.04489120862071
"32011","Eureka","Nevada","Nevada","32",13.5593220338983,13.5869565217391,24.8768472906404,17.0731707317073,3.51384869780901,1.0334849111203
"12049","Hardee","Florida","Florida","12",8.58634394785445,8.3954909567198,8.73628065556598,12.095952023988,3.50960807613355,1.03223766945105
"29217","Vernon","Missouri","Missouri","29",13.0607932379714,14.2152023692004,14.0410463939876,16.5695502764082,3.50875703843679,1.03198736424612
"13167","Johnson","Georgia","Georgia","13",4.89969135802469,7.76027660391856,11.8592964824121,8.40779258825253,3.50810123022783,1.03179447947877
"48237","Jack","Texas","Texas","48",11.006018916595,12.8301886792453,12.1334845294022,14.4988647421343,3.49284582553927,1.02730759574684
"21129","Lee","Kentucky","Kentucky","21",5.75848732273313,6.26277643560676,5.46709129511677,9.24813398871291,3.48964666597978,1.02636666646464
"35029","Luna","New Mexico","New Mexico","35",11.117814025083,10.3948786207771,13.3283554228113,14.5876226232288,3.4698085981458,1.02053194063112
"13141","Hancock","Georgia","Georgia","13",6.80405181438825,9.780314873899,10.9749891166353,10.2651966626937,3.46114484830543,1.01798377891336
"13087","Decatur","Georgia","Georgia","13",11.6877208795885,12.1136513155626,13.9357828533598,15.1470136256531,3.45929274606458,1.01743904296017
"13319","Wilkinson","Georgia","Georgia","13",8.80964179819581,9.57136380720909,11.5137254901961,12.2677191251439,3.45807732694808,1.01708156674944
"48177","Gonzales","Texas","Texas","48",8.4678535190561,10.740018648809,14.4069794859703,11.9230476769827,3.45519415792664,1.01623357586078
"05003","Ashley","Arkansas","Arkansas","05",9.34174221521482,10.0623330365093,13.1216500441007,12.7893383212532,3.44759610603839,1.01399885471717
"53001","Adams","Washington","Washington","53",12.2833802946426,12.1617970274541,12.289626215894,15.7093851701997,3.42600487555705,1.0076484928109
"54043","Lincoln","West Virginia","West Virginia","54",4.73515567572166,5.89966160719045,8.10749582737454,8.14441048965958,3.40925481393792,1.00272200409939
"13307","Webster","Georgia","Georgia","13",5.51094668611224,9.06817860743046,11.8943412367254,8.8628762541806,3.35192956806836,0.985861637667165
"28163","Yazoo","Mississippi","Mississippi","28",11.9591365298333,11.7633487023322,12.5100197723508,15.3046929722157,3.3455564423824,0.983987188936
"06047","Merced","California","California","06",11.9969520190116,11.03353998275,12.5177095225339,15.3319129141374,3.33496089512576,0.980870851507578
"54013","Calhoun","West Virginia","West Virginia","54",6.78294573643411,9.29396176414916,8.5797736400146,10.1082251082251,3.325279371791,0.978023344644412
"37079","Greene","North Carolina","North Carolina","37",8.88045733850038,8.15376968067051,11.6040233017156,12.1863311798708,3.30587384137042,0.972315835697181
"05001","Arkansas","Arkansas","Arkansas","05",10.2715751754433,12.1763984513822,13.0084537735626,13.5615478900368,3.28997271459346,0.967639033703957
"45049","Hampton","South Carolina","South Carolina","45",8.80065071251694,10.0746268656716,11.2130261660978,12.0655530045127,3.26490229199577,0.960265379998756
"04009","Graham","Arizona","Arizona","04",11.3191915053966,11.8331989223679,12.9076285313842,14.5789577967109,3.2597662913143,0.958754791563028
"12027","DeSoto","Florida","Florida","12",7.55055040252023,8.38281558622144,10.7645595318852,10.8029753957658,3.25242499324555,0.956595586248691
"22067","Morehouse Parish","Louisiana","Louisiana","22",10.5257689109752,9.73464979944462,11.436398796734,13.7779100922894,3.25214118131416,0.956512112151223
"22119","Webster Parish","Louisiana","Louisiana","22",10.0356981474698,12.6269141525604,13.6113501471621,13.282510487254,3.24681233978412,0.954944805818858
"48103","Crane","Texas","Texas","48",9.38327657964434,12.8237259816207,13.8978206502322,12.6074498567335,3.22417327708918,0.948286257967406
"18155","Switzerland","Indiana","Indiana","18",5.64307078763709,7.6243844455765,9.30498073355216,8.85614239859936,3.21307161096227,0.945021062047726
"48383","Reagan","Texas","Texas","48",10.3896103896104,9.15601023017903,8.08999521302058,13.5922330097087,3.20262262009835,0.941947829440691
"48279","Lamb","Texas","Texas","48",11.1288265306122,11.149750054336,13.776804242564,14.3225965084829,3.19376997787067,0.939344111138432
"05093","Mississippi","Arkansas","Arkansas","05",10.5159176943944,11.2964080841983,11.9555870030574,13.6993790760339,3.18346138163947,0.936312171070432
"53019","Ferry","Washington","Washington","53",12.0242871005266,13.5201188253374,13.9811067469194,15.1925443995076,3.16825729898108,0.931840382053259
"12125","Union","Florida","Florida","12",7.93911356513953,7.5296379365588,10.1451938981805,11.1031582714503,3.16404470631077,0.930601384209049
"01087","Macon","Alabama","Alabama","01",17.9996452686019,18.7579538863964,19.4502516453736,21.1244207397045,3.12477547110257,0.919051609147814
"28063","Jefferson","Mississippi","Mississippi","28",10.3404525269613,10.6309420916162,20.9269942311518,13.4476347862012,3.1071822592399,0.913877135070557
"02016","Aleutians West Census Area","Alaska","Alaska","02",14.8161697457472,11.0326981886615,11.9791666666667,17.9004998809807,3.08433013523351,0.907155922127502
"48393","Roberts","Texas","Texas","48",17.4366616989568,25.3611556982343,36.7713004484305,20.508166969147,3.07150527019023,0.903383902997125
"35041","Roosevelt","New Mexico","New Mexico","35",18.1139351163526,22.5949484947708,19.7315052618155,21.1843052555796,3.07037013922698,0.903050040949113
"21063","Elliott","Kentucky","Kentucky","21",5.62371332043546,7.80190276138482,5.99888909461211,8.67188923301148,3.04817591257601,0.89652232722824
"37165","Scotland","North Carolina","North Carolina","37",13.6427005368866,15.9433604475314,14.5097377961386,16.6453378050395,3.00263726815295,0.883128608280278
"13001","Appling","Georgia","Georgia","13",8.21064436672516,8.4332969829153,11.3386083693613,11.1940298507463,2.98338548402111,0.877466318829738
"08081","Moffat","Colorado","Colorado","08",16.3965213600985,12.4584125915628,14.3592677345538,19.3791671220898,2.98264576199138,0.877248753526877
"48415","Scurry","Texas","Texas","48",10.016694490818,11.8322046651618,14.7856755290288,12.9991812971891,2.98248680637109,0.87720200187385
"16053","Jerome","Idaho","Idaho","16",11.0109494826163,14.0229338301418,14.7579603313322,13.9864647115694,2.97551522895319,0.87515153792741
"16047","Gooding","Idaho","Idaho","16",13.2745298424896,12.0199903902716,12.4287824435535,16.2389851844679,2.96445534197827,0.87189862999361
"28055","Issaquena","Mississippi","Mississippi","28",5.64149226569609,7.10144927536232,6.33484162895928,8.58208955223881,2.94059728654272,0.864881554865505
"54059","Mingo","West Virginia","West Virginia","54",6.60199952928987,7.2911989984226,9.56094434355304,9.52828415711332,2.92628462782345,0.860671949359839
"40057","Harmon","Oklahoma","Oklahoma","40",10.4580484384323,12.1350430982409,15.6347068345944,13.3777239709443,2.91967553251199,0.858728097797645
"02066","Copper River Census Area","Alaska","Alaska","02",20.4724409448819,20.9845847836897,26.5402843601896,23.3787465940054,2.90630564912356,0.854795779153989
"13037","Calhoun","Georgia","Georgia","13",10.1051960471788,11.6670563479074,11.9577433131041,12.9966491144088,2.89145306722997,0.850427372714698
"22107","Tensas Parish","Louisiana","Louisiana","22",11.6989046842228,14.8051330798479,10.4673943464875,14.5679012345679,2.86899655034511,0.843822514807386
"28147","Walthall","Mississippi","Mississippi","28",10.0876438723312,10.4102218573453,13.1386138612425,12.9435441160894,2.8559002437582,0.839970659928882
"31043","Dakota","Nebraska","Nebraska","31",11.7021276595745,12.3770965876229,10.3718655383899,14.5576448828607,2.8555172232862,0.839858006848882
"42023","Cameron","Pennsylvania","Pennsylvania","42",9.75424372941475,12.0963855421687,13.9190261974067,12.5882352941176,2.8339915647029,0.833526930794971
"40003","Alfalfa","Oklahoma","Oklahoma","40",17.2938683093092,14.9460783744417,20.5229060620083,20.104616784171,2.81074847486184,0.826690727900542
"17009","Brown","Illinois","Illinois","17",9.77584700112301,9.22669761034843,12.6683374146045,12.5807123515934,2.80486535047041,0.824960397197179
"51830","Williamsburg city","Virginia","Virginia","51",43.0050474979751,45.1907202283633,49.7690235825939,45.8007303077726,2.79568280979748,0.822259649940434
"13069","Coffee","Georgia","Georgia","13",11.1263994374173,10.0315684785944,11.3460967646186,13.9043381535039,2.77793871608655,0.817040798848986
"48359","Oldham","Texas","Texas","48",18.6478444028448,19.44,24.1874527588813,21.4173228346457,2.76947843180084,0.814552479941423
"40001","Adair","Oklahoma","Oklahoma","40",9.57729667789931,9.77024307762273,10.8867871990605,12.3170827138274,2.73978603592806,0.805819422331783
"28103","Noxubee","Mississippi","Mississippi","28",7.91334975882863,10.9173663822312,11.1429350791053,10.6306306306306,2.717280871802,0.799200256412354
"13287","Turner","Georgia","Georgia","13",7.15667311415744,10.4783599087295,12.0133286566117,9.83550958114295,2.67883646698551,0.78789307852515
"48391","Refugio","Texas","Texas","48",11.3479376356819,11.5681730397837,10.0383760856393,14.0144478844169,2.66651024873506,0.784267720216195
"48189","Hale","Texas","Texas","48",12.6515945500823,14.3501721090334,13.4941871193947,15.314371257485,2.66277670740268,0.783169619824319
"30077","Powell","Montana","Montana","30",16.622013757921,13.0642424236834,20.0336857293338,19.2532295168997,2.63121575897866,0.7738869879349
"01131","Wilcox","Alabama","Alabama","01",10.34355003551,10.1397144857593,11.0628210193599,12.9477772982305,2.60422726272052,0.7659491949178
"48275","Knox","Texas","Texas","48",10.9073958980733,11.8481731110323,12.5576036866359,13.5063792344919,2.59898333641852,0.764406863652507
"13165","Jenkins","Georgia","Georgia","13",7.68029227565163,10.8153706137931,13.7893196781273,10.2773988176444,2.59710654199275,0.763854865291985
"13003","Atkinson","Georgia","Georgia","13",6.3604585313687,6.90661298879767,8.69819030939871,8.94830659536542,2.58784806399672,0.761131783528447
"05039","Dallas","Arkansas","Arkansas","05",8.76726322605026,9.61762495722923,10.1614958333491,11.3495575221239,2.58229429607363,0.759498322374597
"51595","Emporia city","Virginia","Virginia","51",13.4236403131572,14.1721854304636,13.2707434661253,16,2.57635968684276,0.757752849071399
"37007","Anson","North Carolina","North Carolina","37",7.33539096963062,9.19522574407533,8.76143139117737,9.90896141698148,2.57357044735086,0.75693248451496
"20057","Ford","Kansas","Kansas","20",18.1206396246218,16.4340918849292,17.6384100588116,20.6773970573714,2.55675743274954,0.751987480220453
"48471","Walker","Texas","Texas","48",19.0453414960781,18.3325154043296,18.1557859732582,21.5700442814,2.5247027853219,0.742559642741736
"28005","Amite","Mississippi","Mississippi","28",8.69806617085754,9.39995018230849,10.8021271881232,11.2121876370013,2.51412146614378,0.739447490042288
"28113","Pike","Mississippi","Mississippi","28",12.8356733340906,12.5147270172428,15.7678916827853,15.3426791277259,2.5070057936353,0.737354645186854
"28017","Chickasaw","Mississippi","Mississippi","28",9.54792376392597,9.46623899991776,11.6164286973383,12.0244204565564,2.47649669263039,0.728381380185408
"48119","Delta","Texas","Texas","48",12.4655436447167,13.8750690989497,15.68682084146,14.9215333161821,2.45598967146545,0.722349903372192
"28061","Jasper","Mississippi","Mississippi","28",9.77432543266788,9.78415494120338,13.7467248908712,12.2236317506343,2.44930631796641,0.72038421116659
"02198","Prince of Wales-Hyder Census Area","Alaska","Alaska","02",12.5082825608307,14.5287218688511,16.962288574476,14.9282761974228,2.41999363659211,0.711762834291798
"51580","Covington city","Virginia","Virginia","51",7.10329752633463,6.3768115942029,8.46665025842973,9.48163584266736,2.37833831633273,0.699511269509627
"54001","Barbour","West Virginia","West Virginia","54",10.1389861013899,11.779257849667,11.718334809566,12.5141562853907,2.37517018400085,0.698579465882604
"13065","Clinch","Georgia","Georgia","13",6.68120877918694,10.4335734646565,15.0323774283071,9.05340859748155,2.37219981829461,0.69770582891018
"31105","Kimball","Nebraska","Nebraska","31",12.6546482856133,13.5135135135135,17.3376858904606,15.0246305418719,2.36998225625863,0.69705360478195
"41021","Gilliam","Oregon","Oregon","41",18.6633726406997,13.3774522408523,16.1419761296315,20.9612817089453,2.29790906824557,0.67585560830752
"05041","Desha","Arkansas","Arkansas","05",10.3706212311398,11.0733118902524,12.7760869951777,12.6274296588283,2.25680842768857,0.663767184614286
"35031","McKinley","New Mexico","New Mexico","35",11.097955020199,11.957745100357,12.2337214576195,13.2994089151593,2.20145389496034,0.647486439694217
"05133","Sevier","Arkansas","Arkansas","05",7.15988106494747,9.22866468939925,8.56647111189638,9.34782608695652,2.18794502200905,0.643513241767369
"54047","McDowell","West Virginia","West Virginia","54",4.58549807996386,5.63769811722157,5.69843671205245,6.77323420074349,2.18773612077964,0.643451800229305
"12051","Hendry","Florida","Florida","12",10.0015325380497,8.24666230088371,9.71606147251936,12.180406871942,2.17887433389233,0.640845392321274
"51720","Norton city","Virginia","Virginia","51",11.5351844146939,14.0220071858177,20.160064219323,13.6707851733758,2.13560075868198,0.628117870200581
"05073","Lafayette","Arkansas","Arkansas","05",6.88714182892233,9.53937817900479,11.9813003081025,9.01201602136182,2.12487419243949,0.62496299777632
"41045","Malheur","Oregon","Oregon","41",13.0863889088426,11.084079067215,13.6718167973128,15.1826211506326,2.09623224179002,0.616538894644124
"28021","Claiborne","Mississippi","Mississippi","28",16.1082474226804,18.91165602956,16.5307509344207,18.1394445523403,2.03119712965985,0.597410920488191
"45011","Barnwell","South Carolina","South Carolina","45",11.8585526315789,11.6181448882871,12.1927842815089,13.8882959800783,2.02974334849932,0.596983337793917
"02060","Bristol Bay Borough","Alaska","Alaska","02",18.8976377952756,21.0997442455243,19.8067632850242,20.9239130434783,2.02627524820267,0.595963308294904
"13257","Stephens","Georgia","Georgia","13",13.1385529649266,14.0812786766431,14.6583893597024,15.1352511807643,1.99669821583763,0.587264181128715
"48127","Dimmit","Texas","Texas","48",7.81027127766951,10.1136781439149,9.17946177975896,9.7940074906367,1.9837362129672,0.583451827343293
"48371","Pecos","Texas","Texas","48",12.0816520294327,12.9179331306991,11.4366087884373,14.0653797652537,1.98372773582095,0.583449334064986
"48475","Ward","Texas","Texas","48",10.4295284381978,12.3577235772358,11.5470022205773,12.4084565427663,1.97892810456852,0.582037677814271
"02164","Lake and Peninsula Borough","Alaska","Alaska","02",14.3808058797329,12.4367145426523,16.8048737594085,16.3294797687861,1.94867388905325,0.57313937913331
"30035","Glacier","Montana","Montana","30",14.5250560957367,16.4973587972369,18.8621219887237,16.4600048626307,1.93494876689396,0.569102578498223
"22021","Caldwell Parish","Louisiana","Louisiana","22",9.32617107079809,8.78358949502731,11.1095043421153,11.1930393747235,1.8668683039254,0.549078912919236
"22035","East Carroll Parish","Louisiana","Louisiana","22",10.3171572307143,12.3421154336829,10.6559038970355,12.1680049413218,1.85084771060748,0.544366973708082
"35053","Socorro","New Mexico","New Mexico","35",17.1133564645821,19.3572644435368,20.3342376500367,18.962273492425,1.84891702784288,0.54379912583614
"48165","Gaines","Texas","Texas","48",9.89549735517998,10.4796402697977,12.3760858456822,11.7188162469261,1.82331889174617,0.536270262278284
"48229","Hudspeth","Texas","Texas","48",7.96718701248201,9.73821989528796,9.64585274930102,9.58595859585959,1.61877158337758,0.476109289228699
"46071","Jackson","South Dakota","South Dakota","46",10.8750001730953,16.2454875117959,15.1682296007525,12.4337065409546,1.55870636785928,0.458443049370376
"48341","Moore","Texas","Texas","48",10.7570885705934,11.0471204188482,13.1819264670849,12.2955974842767,1.53850891368334,0.452502621671569
"13271","Telfair","Georgia","Georgia","13",8.60428794547778,8.33544143688338,12.3294636047793,10.1093839953944,1.50509604991658,0.442675308798994
"02185","North Slope Borough","Alaska","Alaska","02",14.1376060196331,16.9971671321402,17.881915058779,15.6412053258584,1.50359930622538,0.442235090066287
"13309","Wheeler","Georgia","Georgia","13",8.58552631578947,7.14285714285714,8.42381786339755,10.0385273972603,1.4530010814708,0.427353259256118
"06035","Lassen","California","California","06",11.6509963678105,10.6956900487299,13.5195035461334,13.0857014992168,1.43470513140635,0.421972097472456
"48075","Childress","Texas","Texas","48",10.476879529263,8.64105457562025,15.7894736842105,11.8448637316562,1.36798420239321,0.402348294821531
"48351","Newton","Texas","Texas","48",5.51263661888633,5.51462520545777,9.31227712684666,6.8056338028169,1.29299718393057,0.380293289391345
"48025","Bee","Texas","Texas","48",12.6816561557444,12.208284714119,8.47777113695922,13.9692394525187,1.28758329677425,0.378700969639485
"20145","Pawnee","Kansas","Kansas","20",16.6731821735731,21.7846153846154,23.2553323669497,17.9599499374218,1.28676776384867,0.378461107014315
"29035","Carter","Missouri","Missouri","29",8.83182844243792,10.8108108108108,13.5451505016722,10.0505334081976,1.21870496575972,0.358442636988153
"46102","Oglala Lakota","South Dakota","South Dakota","46",10.6565961263622,12.1474285561038,11.9430209604009,11.7985409652076,1.14194483884545,0.335866129072191
"48253","Jones","Texas","Texas","48",10.8521014582956,8.22261749588028,9.50810662269854,11.993842446958,1.14174098866241,0.335806173136002
"08011","Bent","Colorado","Colorado","08",14.6012621916236,11.4689125588308,8.89785517094925,15.7146187922593,1.11335660063563,0.327457823716362
"45069","Marlboro","South Carolina","South Carolina","45",7.89414775889136,8.32161015818893,9.80499986795371,8.95625765890564,1.06210990001428,0.312385264710083
"48205","Hartley","Texas","Texas","48",19.6893366918556,17.5773694390716,19.7812011609734,20.7218576476527,1.03252095579712,0.303682634057976
"48283","La Salle","Texas","Texas","48",10.7938645315297,6.44114552804386,5.43198314212128,11.8073415945756,1.01347706304592,0.298081489131152
"21237","Wolfe","Kentucky","Kentucky","21",7.67522211253702,10.5884926711879,11.287370347773,8.68794326241135,1.01272114987433,0.297859161727744
"32033","White Pine","Nevada","Nevada","32",11.4051247697203,11.8208279430789,13.0818155536282,12.3588456712673,0.953720901546937,0.280506147513805
"13193","Macon","Georgia","Georgia","13",10.0877597121441,9.99545968667227,9.83892479737355,10.9740778805527,0.886318168408598,0.260681814237823
"48335","Mitchell","Texas","Texas","48",10.6358819076457,10.4461863129334,7.18497827436375,11.499176276771,0.863294369125281,0.253910108566259
"01099","Monroe","Alabama","Alabama","01",10.8096693300324,11.7895695148914,9.85741259196562,11.671501896898,0.861832566865623,0.253480166725183
"20129","Morton","Kansas","Kansas","20",16.2011173184358,17.6443418013857,19.0140845070423,17.0597915523862,0.858674233950424,0.252551245279536
"48271","Kinney","Texas","Texas","48",11.0374230222643,17.7300682560287,16.0284247927359,11.8153364632238,0.777913440959457,0.228798070870429
"40071","Kay","Oklahoma","Oklahoma","40",18.5018941202687,18.2537131100109,18.826717158527,19.237554917494,0.735660797225357,0.21637082271334
"21041","Carroll","Kentucky","Kentucky","21",10.6601549343213,8.2660687593423,9.85028683363649,11.3598442714127,0.69968933709136,0.205790981497459
"40009","Beckham","Oklahoma","Oklahoma","40",12.342941706647,15.4842685751754,15.6207365526751,12.9456400863479,0.6026983797009,0.177264229323794
"22027","Claiborne Parish","Louisiana","Louisiana","22",10.141419203075,12.4184495409579,12.6068556017783,10.692007797271,0.55058859419597,0.161937821822344
"48495","Winkler","Texas","Texas","48",10.0982239810262,10.502279737401,8.11740426507682,10.6255355612682,0.527311580242037,0.155091641247658
"48389","Reeves","Texas","Texas","48",6.87158926383784,7.99531981279251,11.5502518064375,7.39799161052498,0.526402346687133,0.154824219613863
"48169","Garza","Texas","Texas","48",9.75765081951853,10.0287448099649,10.6741573033708,10.2185637240988,0.460912904580253,0.135562618994192
"48131","Duval","Texas","Texas","48",6.42158344756748,8.92812733150958,7.39130434782609,6.84363971152371,0.422056263956225,0.124134195281243
"48117","Deaf Smith","Texas","Texas","48",11.0260482525392,11.765822184268,14.9169791108731,11.4344338742772,0.408385621738027,0.120113418158243
"51057","Essex","Virginia","Virginia","51",16.4027136275614,17.3687571808892,14.7683039102238,16.5816326530612,0.178919025499805,0.0526232427940604
"02180","Nome Census Area","Alaska","Alaska","02",13.8129186850796,14.7274206672091,15.4291224686596,13.9669871213495,0.15406843626995,0.0453142459617501
"48445","Terry","Texas","Texas","48",9.71333503967238,9.51548451548452,14.6135715171815,9.84114162627894,0.12780658660656,0.0375901725313413
"28157","Wilkinson","Mississippi","Mississippi","28",8.86229990482207,9.9764734895994,9.99395222255821,8.82852292020373,-0.0337769846183349,-0.00993440724068673
"05077","Lee","Arkansas","Arkansas","05",7.39669701222778,7.28167746965856,6.42357020188841,7.23828851682733,-0.158408495400447,-0.0465907339413078
"20175","Seward","Kansas","Kansas","20",11.5818700597198,13.5776210583453,12.8228977627806,11.3712109189018,-0.210659140818032,-0.0619585708288331
"02050","Bethel Census Area","Alaska","Alaska","02",13.0726999542379,13.0824738416536,11.648557353085,12.7898944044212,-0.282805549816738,-0.0831781028872758
"40077","Latimer","Oklahoma","Oklahoma","40",11.028305256979,11.9863243677967,13.4684348464594,10.5923771621001,-0.435928094878934,-0.128214145552628
"16063","Lincoln","Idaho","Idaho","16",11.8627450980392,13.0187144019528,12.0534223706177,11.0955056179775,-0.767239480061688,-0.225658670606379
"32027","Pershing","Nevada","Nevada","32",7.22402513331689,8.7374662438402,10.9929789368104,6.14880098380816,-1.07522414950873,-0.316242396914332
"01005","Barbour","Alabama","Alabama","01",11.8263879565861,10.9440262104371,14.5242861658413,10.6273062730627,-1.19908168352335,-0.35267108338922
"02188","Northwest Arctic Borough","Alaska","Alaska","02",11.9198196427315,12.6929676815746,10.9058252692216,10.6313950586474,-1.28842458408416,-0.378948407083576
"48461","Upton","Texas","Texas","48",10.2766798418972,11.7782909930716,14.5138562705496,8.70545782589084,-1.57122201600639,-0.46212412235482
"41049","Morrow","Oregon","Oregon","41",11.8364222235799,11.000427538269,11.1110037276885,10.1136508747286,-1.72277134885121,-0.506697455544474
"01011","Bullock","Alabama","Alabama","01",10.0277190695194,7.70019822044272,11.8811881188119,8.11665978814142,-1.91105928137798,-0.562076259228819
"48435","Sutton","Texas","Texas","48",20.4049225878034,13.0319148138502,13.7077769049489,18.3123096998695,-2.09261288793388,-0.615474378804082
"35011","De Baca","New Mexico","New Mexico","35",11.4161562511436,16.2215322124754,21.0380467174677,9.26989335520919,-2.14626289593437,-0.631253792921874
"48079","Cochran","Texas","Texas","48",10.559745930925,10.1520572450805,12.6249342451341,8.2338152105594,-2.32593072036557,-0.684097270695757
"02282","Yakutat City and Borough","Alaska","Alaska","02",16.9217131950653,17.6245210727969,32.3255813953488,14.3529411764706,-2.56877201859467,-0.755521181939608
"21189","Owsley","Kentucky","Kentucky","21",9.78977094446188,7.71128932757557,10.8867427568042,7.12116098548768,-2.6686099589742,-0.784885282051234
"41055","Sherman","Oregon","Oregon","41",18.9140260329292,18.9934512704859,14.851668829838,16.0356347438753,-2.87839128905394,-0.846585673251159
"48301","Loving","Texas","Texas","48",4,5.88235294117647,3.65853658536585,0,-4,-1.17647058823529
"02158","Kusilvak Census Area","Alaska","Alaska","02",10.224538893344,9.05256327060351,6.18279569892473,5.77608142493639,-4.44845746840764,-1.30836984364931
"48105","Crockett","Texas","Texas","48",15.2156862745098,10.4174501692366,9.6031746031746,10.6763285024155,-4.53935777209435,-1.33510522708657
"09001","Fairfield","Connecticut","Connecticut","09",34.2219643352336,39.8533505631736,44.591616468719,NA,NA,NA
"09003","Hartford","Connecticut","Connecticut","09",25.8156815250039,29.6032637903087,34.3986657538465,NA,NA,NA
"09005","Litchfield","Connecticut","Connecticut","09",24.9990316808233,27.4654268571714,32.6343004883654,NA,NA,NA
"09007","Middlesex","Connecticut","Connecticut","09",28.1691901499315,33.804784412907,39.1335703316562,NA,NA,NA
"09009","New Haven","Connecticut","Connecticut","09",24.1679707884955,27.632618680545,32.6927621911636,NA,NA,NA
"09011","New London","Connecticut","Connecticut","09",21.7576853926828,26.2298513770759,31.1980690368979,NA,NA,NA
"09013","Tolland","Connecticut","Connecticut","09",29.1699891156197,32.7947139692952,36.7365707380858,NA,NA,NA
"09015","Windham","Connecticut","Connecticut","09",16.7941736535499,18.9663487320525,21.9384476411583,NA,NA,NA
"09110","Capitol","Connecticut","Connecticut","09",NA,NA,NA,42.089535151669,NA,NA
"09120","Greater Bridgeport","Connecticut","Connecticut","09",NA,NA,NA,41.7428942951888,NA,NA
"09130","Lower Connecticut River Valley","Connecticut","Connecticut","09",NA,NA,NA,45.9991165001219,NA,NA
"09140","Naugatuck Valley","Connecticut","Connecticut","09",NA,NA,NA,33.8181762470891,NA,NA
"09150","Northeastern Connecticut","Connecticut","Connecticut","09",NA,NA,NA,26.0925951750105,NA,NA
"09160","Northwest Hills","Connecticut","Connecticut","09",NA,NA,NA,39.3667763157895,NA,NA
"09170","South Central Connecticut","Connecticut","Connecticut","09",NA,NA,NA,42.0366149327075,NA,NA
"09180","Southeastern Connecticut","Connecticut","Connecticut","09",NA,NA,NA,35.80365784804,NA,NA
"09190","Western Connecticut","Connecticut","Connecticut","09",NA,NA,NA,55.5339154866621,NA,NA
