GISJOIN,YEAR,REGIONA,DIVISIONA,STATE,STATEA,COUNTY,COUNTYA,CTY_SUBA,PLACEA,TRACTA,SCSAA,SMSAA,URB_AREAA,AREANAME,CENCNTY,CBD,SEA,C2M001,C2M002,C2M003,C2M004,C2M005,C2M006,C2M007,C2M008,C2M009,C2M010,C2M011,C2M012,C2M013,C2M014,C2M015,C2M016,C2M017,C2M018,C2M019,C2M020
"G0100010","1970","3","6","Alabama","01","Autauga","001",,,,,,,"Autauga","1",,"05",169,550,608,270,416,998,1749,497,236,184,257,451,590,400,587,1315,2008,436,271,76
"G0100030","1970","3","6","Alabama","01","Baldwin","003",,,,,"5160",,"Baldwin","1",,"08",374,1293,1673,1148,1507,3096,3666,1028,737,417,312,838,1531,989,1754,4211,4760,1306,657,227
"G0100050","1970","3","6","Alabama","01","Barbour","005",,,,,,,"Barbour","1",,"09",284,1020,673,347,443,823,939,257,283,152,264,1039,881,497,495,1354,1303,324,362,64
"G0100070","1970","3","6","Alabama","01","Bibb","007",,,,,,,"Bibb","1",,"05",162,498,498,275,359,768,615,92,57,57,87,394,483,352,391,1005,787,146,136,52
"G0100090","1970","3","6","Alabama","01","Blount","009",,,,,,,"Blount","1",,"02",119,744,1341,648,758,1610,1607,272,107,80,91,493,1160,777,843,2093,1833,354,167,50
"G0100110","1970","3","6","Alabama","01","Bullock","011",,,,,,,"Bullock","1",,"06",187,573,410,137,159,408,430,105,75,61,100,565,595,192,246,673,528,200,141,37
"G0100130","1970","3","6","Alabama","01","Butler","013",,,,,,,"Butler","1",,"09",364,910,782,395,395,959,1084,165,134,112,215,807,1014,501,559,1452,1375,334,221,74
"G0100150","1970","3","6","Alabama","01","Calhoun","015",,,,,,,"Calhoun","1",,"03",460,1947,2532,1721,2048,4933,6055,2081,1272,964,435,1779,3194,1808,2557,7121,7749,1742,1171,514
"G0100170","1970","3","6","Alabama","01","Chambers","017",,,,,,,"Chambers","1",,"04",409,1003,1159,643,884,2002,2213,398,318,170,231,1033,1431,710,1225,2886,2603,529,279,80
"G0100190","1970","3","6","Alabama","01","Cherokee","019",,,,,,,"Cherokee","1",,"03",139,505,657,409,491,774,886,175,105,67,68,293,573,485,568,1164,992,265,120,37
"G0100210","1970","3","6","Alabama","01","Chilton","021",,,,,,,"Chilton","1",,"05",175,725,992,622,790,1495,1320,269,135,105,189,606,1168,694,887,1942,1485,269,128,47
"G0100230","1970","3","6","Alabama","01","Choctaw","023",,,,,,,"Choctaw","1",,"07",173,595,628,277,355,715,893,159,103,83,164,468,663,287,374,1021,1029,219,92,84
"G0100250","1970","3","6","Alabama","01","Clarke","025",,,,,,,"Clarke","1",,"07",263,899,777,434,473,1196,1561,315,288,114,184,519,801,488,678,1747,1924,485,254,82
"G0100270","1970","3","6","Alabama","01","Clay","027",,,,,,,"Clay","1",,"04",98,332,464,285,343,811,677,212,82,58,50,223,428,385,433,932,1042,133,117,54
"G0100290","1970","3","6","Alabama","01","Cleburne","029",,,,,,,"Cleburne","1",,"04",84,403,520,241,242,624,635,107,42,23,40,364,452,292,352,817,563,165,75,22
"G0100310","1970","3","6","Alabama","01","Coffee","031",,,,,,,"Coffee","1",,"09",394,819,1001,555,743,1460,2328,750,257,222,164,827,1034,709,969,2115,2533,582,466,95
"G0100330","1970","3","6","Alabama","01","Colbert","033",,,,,,,"Colbert","1",,"01",238,943,1333,593,1138,2493,3847,1134,435,350,188,849,1322,964,1276,3713,4139,1017,583,186
"G0100350","1970","3","6","Alabama","01","Conecuh","035",,,,,,,"Conecuh","1",,"09",197,699,565,282,260,690,782,158,97,47,126,462,723,410,460,1015,927,174,138,60
"G0100370","1970","3","6","Alabama","01","Coosa","037",,,,,,,"Coosa","1",,"04",83,327,310,268,286,695,562,102,58,38,33,237,302,248,317,877,698,167,65,35
"G0100390","1970","3","6","Alabama","01","Covington","039",,,,,,,"Covington","1",,"09",393,1186,1306,720,975,1522,1972,440,270,165,258,1117,1603,867,1244,2279,2361,574,347,136
"G0100410","1970","3","6","Alabama","01","Crenshaw","041",,,,,,,"Crenshaw","1",,"09",182,542,594,299,310,715,552,167,60,52,115,423,708,415,305,987,743,218,141,43
"G0100430","1970","3","6","Alabama","01","Cullman","043",,,,,,,"Cullman","1",,"02",200,1039,1820,1224,1799,3520,2839,705,387,210,181,680,1833,1661,2120,4060,3405,700,353,163
"G0100450","1970","3","6","Alabama","01","Dale","045",,,,,,,"Dale","1",,"09",318,574,643,420,650,1690,3808,1405,730,518,186,536,912,568,817,2098,3466,1106,545,102
"G0100470","1970","3","6","Alabama","01","Dallas","047",,,,,,,"Dallas","1",,"06",575,1543,1278,592,779,1954,2758,965,711,492,477,1604,1683,797,1008,3131,3599,1254,841,285
"G0100490","1970","3","6","Alabama","01","DeKalb","049",,,,,"5160",,"De Kalb","1",,"02",229,1227,1815,1083,1235,2600,2223,386,326,175,208,839,2071,1240,1497,3331,2630,475,329,54
"G0100510","1970","3","6","Alabama","01","Elmore","051",,,,,"5240",,"Elmore","0",,"05",296,845,828,501,803,2047,2186,489,331,152,184,734,997,639,768,2424,2569,574,331,153
"G0100530","1970","3","6","Alabama","01","Escambia","053",,,,,"5240",,"Escambia","1",,"08",424,1136,1040,611,841,2080,2277,373,258,207,293,747,1038,732,826,2437,2444,463,327,94
"G0100550","1970","3","6","Alabama","01","Etowah","055",,,,,"2880",,"Etowah","0",,"03",551,1801,2692,1570,2145,5207,6610,2229,925,589,428,1606,3034,1928,2815,7472,8224,1698,895,356
"G0100570","1970","3","6","Alabama","01","Fayette","057",,,,,,,"Fayette","1",,"05",62,457,690,407,508,869,1035,170,123,70,97,495,587,469,519,1392,1008,268,102,65
"G0100590","1970","3","6","Alabama","01","Franklin","059",,,,,,,"Franklin","1",,"05",178,638,744,376,680,1460,1845,259,158,80,169,584,944,548,948,1889,1568,299,191,38
"G0100610","1970","3","6","Alabama","01","Geneva","061",,,,,,,"Geneva","1",,"09",209,754,896,439,515,1028,1449,266,118,122,172,700,923,527,772,1511,1472,220,242,72
"G0100630","1970","3","6","Alabama","01","Greene","063",,,,,,,"Greene","1",,"06",169,562,376,127,151,341,332,129,61,75,133,499,443,210,244,624,421,199,191,15
"G0100650","1970","3","6","Alabama","01","Hale","065",,,,,,,"Hale","1",,"06",201,805,507,279,259,628,534,125,81,74,281,602,621,289,364,967,788,184,181,55
"G0100670","1970","3","6","Alabama","01","Henry","067",,,,,,,"Henry","1",,"09",126,590,383,232,313,773,566,168,108,45,133,427,514,270,358,968,890,185,163,33
"G0100690","1970","3","6","Alabama","01","Houston","069",,,,,,,"Houston","1",,"09",526,1435,1343,924,1117,2521,3959,1066,749,391,332,1342,1436,1069,1619,3721,4678,1123,773,220
"G0100710","1970","3","6","Alabama","01","Jackson","071",,,,,"2880",,"Jackson","1",,"02",357,1407,1451,899,837,2185,2177,448,236,135,243,1168,1714,981,1179,2796,2299,429,247,98
"G0100730","1970","3","6","Alabama","01","Jefferson","073",,,,,"1000",,"Jefferson","0",,"A",3503,11898,14020,8580,13595,33628,39809,15553,11980,7630,3029,9921,14923,9927,17016,46842,61847,16629,10418,3799
"G0100750","1970","3","6","Alabama","01","Lamar","075",,,,,,,"Lamar","1",,"05",56,360,535,534,458,897,749,151,48,99,36,260,639,536,609,1185,773,199,90,47
"G0100770","1970","3","6","Alabama","01","Lauderdale","077",,,,,,,"Lauderdale","1",,"01",343,1226,1783,1115,1772,3117,4602,1505,1020,576,192,1160,2079,1264,2088,4284,5507,1419,1084,336
"G0100790","1970","3","6","Alabama","01","Lawrence","079",,,,,,,"Lawrence","1",,"01",147,672,1036,576,746,1307,1644,259,105,63,191,546,1229,748,820,1739,1471,226,112,48
"G0100810","1970","3","6","Alabama","01","Lee","081",,,,,"1000",,"Lee","1",,"04",328,1411,1109,555,795,1968,2595,1184,850,1701,316,1175,1391,898,896,2755,3338,1314,1132,703
"G0100830","1970","3","6","Alabama","01","Limestone","083",,,,,"3440",,"Limestone","1",,"01",270,1162,1331,731,817,2046,2260,736,464,287,162,896,1451,799,1123,2438,2979,675,460,98
"G0100850","1970","3","6","Alabama","01","Lowndes","085",,,,,,,"Lowndes","1",,"06",165,611,317,159,164,420,404,126,84,34,126,503,478,171,268,695,515,146,138,19
"G0100870","1970","3","6","Alabama","01","Macon","087",,,,,,,"Macon","1",,"05",310,1003,921,321,397,921,946,538,416,370,112,704,830,403,531,1057,991,507,666,358
"G0100890","1970","3","6","Alabama","01","Madison","089",,,,,"3440",,"Madison","0",,"F",589,2454,2726,1349,2424,5424,11099,6313,7900,4212,457,2341,3197,1760,3187,8182,17156,6224,4133,1044
"G0100910","1970","3","6","Alabama","01","Marengo","091",,,,,,,"Marengo","1",,"06",333,833,715,264,432,1009,1180,309,227,103,411,819,722,366,512,1370,1377,448,326,105
"G0100930","1970","3","6","Alabama","01","Marion","093",,,,,,,"Marion","1",,"05",176,698,1064,641,725,1190,1453,223,181,92,110,512,1144,771,866,1874,1484,225,173,38
"G0100950","1970","3","6","Alabama","01","Marshall","095",,,,,"3440",,"Marshall","1",,"02",235,1081,1966,1128,1611,3319,3034,978,573,292,181,1029,2013,1312,1900,4063,3864,813,592,116
"G0100970","1970","3","6","Alabama","01","Mobile","097",,,,,"5160",,"Mobile","0",,"D",1845,5923,7125,5540,6477,16402,17849,6084,4177,2833,1599,4758,7399,6048,7488,21575,25943,6591,3763,1299
"G0100990","1970","3","6","Alabama","01","Monroe","099",,,,,"5160",,"Monroe","1",,"09",240,765,600,389,461,919,968,238,195,99,213,518,659,504,574,1295,1346,306,274,36
"G0101010","1970","3","6","Alabama","01","Montgomery","101",,,,,"5240",,"Montgomery","0",,"C",991,2707,2923,1689,2307,6866,10792,4524,3462,2688,915,2682,3660,2151,2639,10451,15626,5510,3692,1277
"G0101030","1970","3","6","Alabama","01","Morgan","103",,,,,,,"Morgan","1",,"01",432,1330,1914,1028,1665,3830,5447,1751,1241,823,335,1172,1944,1359,1725,5305,6499,1652,1068,286
"G0101050","1970","3","6","Alabama","01","Perry","105",,,,,,,"Perry","1",,"06",243,657,540,254,253,496,566,150,104,101,151,579,665,245,416,839,697,214,237,89
"G0101070","1970","3","6","Alabama","01","Pickens","107",,,,,,,"Pickens","1",,"05",311,602,630,362,487,1049,967,257,130,114,208,532,771,510,509,1438,1439,260,178,74
"G0101090","1970","3","6","Alabama","01","Pike","109",,,,,,,"Pike","1",,"09",239,823,852,361,439,997,1288,393,216,159,192,728,783,435,490,1523,1618,513,292,219
"G0101110","1970","3","6","Alabama","01","Randolph","111",,,,,"5240",,"Randolph","1",,"04",153,491,863,470,431,1120,1054,179,111,60,134,586,760,587,574,1495,1214,176,204,24
"G0101130","1970","3","6","Alabama","01","Russell","113",,,,,"1800",,"Russell","1",,"B",477,1850,1370,685,917,2129,2081,440,180,191,483,1773,1959,881,1092,2900,2588,361,190,121
"G0101150","1970","3","6","Alabama","01","St Clair","115",,,,,"1800",,"St Clair","1",,"03",124,786,966,659,778,1580,1688,350,96,98,128,637,909,694,905,2138,1852,316,211,66
"G0101170","1970","3","6","Alabama","01","Shelby","117",,,,,"1000",,"Shelby","1",,"03",251,864,996,620,852,2210,2277,517,323,258,221,751,1071,775,962,2756,2454,593,361,181
"G0101190","1970","3","6","Alabama","01","Sumter","119",,,,,,,"Sumter","1",,"06",251,765,467,218,261,523,558,264,103,149,301,621,619,260,383,724,833,344,228,112
"G0101210","1970","3","6","Alabama","01","Talladega","121",,,,,,,"Talladega","1",,"03",430,1647,1875,1231,1434,3106,3862,905,520,296,375,1493,2172,1380,1740,4419,4396,993,660,199
"G0101230","1970","3","6","Alabama","01","Tallapoosa","123",,,,,"1000",,"Tallapoosa","1",,"04",296,1004,1076,658,853,1698,2074,465,288,212,216,861,1119,800,1197,2786,2345,498,266,67
"G0101250","1970","3","6","Alabama","01","Tuscaloosa","125",,,,,"8600",,"Tuscaloosa","0",,"E",1160,2691,3030,1515,2184,5382,6433,2310,1688,1969,1070,2157,3052,1444,2293,7164,8692,2882,1679,1235
"G0101270","1970","3","6","Alabama","01","Walker","127",,,,,"1000",,"Walker","1",,"03",322,1808,2190,1395,1378,3121,3126,777,332,303,334,1427,2275,1539,1638,4420,3442,874,438,186
"G0101290","1970","3","6","Alabama","01","Washington","129",,,,,,,"Washington","1",,"07",177,655,551,220,339,686,908,78,72,48,135,380,529,292,487,958,850,151,96,62
"G0101310","1970","3","6","Alabama","01","Wilcox","131",,,,,,,"Wilcox","1",,"06",235,749,422,199,226,528,641,153,149,65,218,556,545,270,477,835,829,198,223,36
"G0101330","1970","3","6","Alabama","01","Winston","133",,,,,"1000",,"Winston","1",,"05",109,487,672,449,439,876,1104,151,142,56,38,412,741,619,511,1087,1032,287,92,13
"G0200100","1970","4","9","Alaska","02","Aleutian Islands","010",,,,,,,"Aleutian Islands","1",,"01",42,100,156,57,125,282,836,301,180,132,13,64,110,56,73,159,276,79,54,24
"G0200200","1970","4","9","Alaska","02","Anchorage","020",,,,,,,"Anchorage","1",,"01",189,282,340,519,1788,4086,12084,5172,2809,2579,120,227,386,347,1326,4101,12217,4706,2427,1223
"G0200300","1970","4","9","Alaska","02","Angoon","030",,,,,,,"Angoon","1",,"01",0,16,10,26,14,15,37,13,4,0,5,4,24,0,0,21,19,12,0,0
"G0200400","1970","4","9","Alaska","02","Barrow","040",,,,,,,"Barrow","1",,"01",75,99,105,51,55,51,79,32,5,37,81,80,92,29,82,36,14,5,5,20
"G0200500","1970","4","9","Alaska","02","Bethel","050",,,,,,,"Bethel","1",,"01",444,404,152,58,49,99,144,33,50,92,422,299,147,75,79,30,85,59,45,34
"G0200600","1970","4","9","Alaska","02","Bristol Bay Borough","060",,,,,,,"Bristol Bay Borough","1",,"01",5,30,9,12,8,14,171,57,34,9,9,4,0,15,12,22,38,11,10,10
"G0200700","1970","4","9","Alaska","02","Dillingham","070",,,,,,,"Bristol Bay Division","1",,"01",124,162,46,61,72,44,110,54,30,31,114,157,46,17,57,49,81,53,36,22
"G0200800","1970","4","9","Alaska","02","Cordova-McCarthy","080",,,,,,,"Cordova-Mc Carthy","1",,"01",5,33,18,33,29,109,216,87,28,12,0,9,11,5,33,70,116,86,37,17
"G0200900","1970","4","9","Alaska","02","Fairbanks North Star","090",,,,,,,"Fairbanks","1",,"01",58,99,98,149,658,1487,4325,1773,752,1196,65,84,120,127,389,1389,3576,1317,674,525
"G0201000","1970","4","9","Alaska","02","Haines","100",,,,,,,"Haines","1",,"01",9,9,9,4,91,128,84,41,33,21,25,10,0,15,45,78,104,38,38,15
"G0201100","1970","4","9","Alaska","02","Juneau","110",,,,,,,"Juneau","1",,"01",28,42,37,45,235,501,1108,678,411,524,40,28,47,75,148,372,1530,547,412,182
"G0201200","1970","4","9","Alaska","02","Kenai-Cook Inlet","120",,,,,,,"Kenai-Cook Inlet","1",,"01",21,73,75,87,405,743,1450,547,212,162,38,41,45,33,195,557,1296,487,208,148
"G0201300","1970","4","9","Alaska","02","Ketchikan Gateway","130",,,,,,,"Ketchikan","1",,"01",19,50,50,60,268,481,981,326,186,258,24,28,49,13,281,471,863,342,181,107
"G0201400","1970","4","9","Alaska","02","Kobuk","140",,,,,,,"Kobuk","1",,"01",35,201,155,81,89,60,122,63,29,34,33,188,201,61,72,44,84,21,29,10
"G0201500","1970","4","9","Alaska","02","Kodiak Island","150",,,,,,,"Kodiak","1",,"01",47,68,54,102,234,426,852,273,147,118,13,48,53,72,216,263,634,249,122,61
"G0201600","1970","4","9","Alaska","02","Kuskokwim","160",,,,,,,"Kuskokwim","1",,"01",68,82,54,7,54,19,151,37,29,28,87,90,50,18,10,38,28,10,19,27
"G0201700","1970","4","9","Alaska","02","Matanuska-Susitna","170",,,,,,,"Matanuska-Susitna","1",,"01",0,38,64,90,200,377,668,217,84,64,15,6,9,14,167,315,671,205,78,24
"G0201800","1970","4","9","Alaska","02","Nome","180",,,,,,,"Nome","1",,"01",55,186,169,106,204,176,189,96,39,79,60,182,196,97,143,51,123,84,76,27
"G0201900","1970","4","9","Alaska","02","Outer Ketchikan","190",,,,,,,"Outer Ketchikan","1",,"01",0,12,26,37,20,106,143,72,19,36,4,12,13,0,41,54,127,19,13,19
"G0202000","1970","4","9","Alaska","02","Prince Of Wales","200",,,,,,,"Prince Of Wales","1",,"01",0,5,35,16,117,192,234,65,29,24,6,0,8,4,61,113,165,42,5,0
"G0202100","1970","4","9","Alaska","02","Seward","210",,,,,,,"Seward","1",,"01",6,24,20,9,127,101,211,79,20,37,0,9,30,23,44,87,208,47,19,25
"G0202200","1970","4","9","Alaska","02","Sitka","220",,,,,,,"Sitka","1",,"01",20,42,71,52,128,380,536,189,127,131,13,34,59,19,85,246,582,277,133,59
"G0202300","1970","4","9","Alaska","02","Skagway-Yakutat","230",,,,,,,"Skagway-Yakutat","1",,"01",22,43,45,19,76,95,182,51,41,28,29,22,16,13,35,53,140,49,23,20
"G0202400","1970","4","9","Alaska","02","Southeast Fairbanks","240",,,,,,,"Southeast Fairbanks","1",,"01",24,12,66,21,90,161,306,102,89,66,37,22,43,0,46,99,260,144,63,21
"G0202500","1970","4","9","Alaska","02","Upper Yukon","250",,,,,,,"Upper Yukon","1",,"01",70,86,63,17,64,80,137,80,12,18,30,33,31,0,35,24,38,30,6,20
"G0202600","1970","4","9","Alaska","02","Valdez-Chitina-Whittier","260",,,,,,,"Valdez-Chitina-Whittier","1",,"01",63,44,36,27,91,159,365,69,64,41,55,29,10,27,70,113,276,70,37,23
"G0202700","1970","4","9","Alaska","02","Wade Hampton","270",,,,,,,"Wade Hampton","1",,"01",231,249,91,26,36,24,47,5,5,7,134,185,86,37,50,25,9,11,5,0
"G0202800","1970","4","9","Alaska","02","Wrangell-Petersburg","280",,,,,,,"Wrangell-Petersburg","1",,"01",33,15,28,74,184,276,452,166,73,53,5,21,24,44,143,285,358,139,59,41
"G0202900","1970","4","9","Alaska","02","Yukon-Koyukuk","290",,,,,,,"Yukon-Koyukuk","1",,"01",81,106,98,37,142,186,464,151,71,61,88,93,38,12,36,129,218,84,58,16
"G0400010","1970","4","8","Arizona","04","Apache","001",,,,,,,"Apache","1",,"01",1449,508,407,200,537,737,1164,407,255,380,1949,389,467,220,431,961,1196,454,234,161
"G0400030","1970","4","8","Arizona","04","Cochise","003",,,,,,,"Cochise","1",,"02",278,688,811,507,1851,2083,4685,1725,906,958,411,845,1134,461,1652,2541,5319,1826,846,518
"G0400050","1970","4","8","Arizona","04","Coconino","005",,,,,,,"Coconino","1",,"01",777,418,352,257,841,1425,2604,1393,648,1329,1010,367,333,245,858,1556,2914,1612,630,645
"G0400070","1970","4","8","Arizona","04","Gila","007",,,,,,,"Gila","1",,"01",130,332,483,350,1011,1618,2143,761,276,264,201,309,404,420,961,1937,2459,694,266,154
"G0400090","1970","4","8","Arizona","04","Graham","009",,,,,,,"Graham","1",,"02",120,230,280,155,483,719,848,528,158,287,111,180,306,184,536,759,1078,475,130,137
"G0400110","1970","4","8","Arizona","04","Greenlee","011",,,,,,,"Greenlee","1",,"02",31,167,180,128,323,567,858,172,81,113,35,141,184,128,281,620,891,248,93,54
"G0400130","1970","4","8","Arizona","04","Maricopa","013",,,,,"6200",,"Maricopa","0",,"A",4310,8363,9934,8115,27775,39667,67656,37530,19833,19816,4019,7022,9782,7855,28568,48512,96949,39258,16217,9638
"G0400150","1970","4","8","Arizona","04","Mohave","015",,,,,,,"Mohave","1",,"01",39,186,252,192,1156,1575,2750,901,358,267,46,52,202,145,709,1853,3057,980,286,146
"G0400170","1970","4","8","Arizona","04","Navajo","017",,,,,"6200",,"Navajo","1",,"01",954,633,660,454,1191,1787,2471,813,421,411,1427,557,669,455,873,2148,2726,966,349,211
"G0400190","1970","4","8","Arizona","04","Pima","019",,,,,"8520",,"Pima","0",,"B",1243,2917,3831,2450,9016,12399,26556,12653,7040,9486,1567,3075,4307,2434,9084,16302,35102,13826,7434,5221
"G0400210","1970","4","8","Arizona","04","Pinal","021",,,,,,,"Pinal","1",,"02",715,1559,1350,860,2528,3012,4204,1251,735,745,682,1054,1217,755,2237,3059,4600,1295,577,465
"G0400230","1970","4","8","Arizona","04","Santa Cruz","023",,,,,,,"Santa Cruz","1",,"02",75,267,446,116,320,481,646,380,159,225,101,401,783,113,394,437,907,462,168,82
"G0400250","1970","4","8","Arizona","04","Yavapai","025",,,,,,,"Yavapai","1",,"01",130,381,518,414,1906,1957,2998,1317,698,773,71,255,453,277,1527,2404,4056,1596,730,389
"G0400270","1970","4","8","Arizona","04","Yuma","027",,,,,"8520",,"Yuma","1",,"02",420,979,997,650,2145,2454,4242,1649,915,700,326,741,846,550,1828,2960,4702,1891,622,380
"G0500010","1970","3","7","Arkansas","05","Arkansas","001",,,,,,,"Arkansas","1",,"07",147,736,622,410,1049,1024,1385,372,225,160,133,591,539,374,932,1512,1840,485,220,94
"G0500030","1970","3","7","Arkansas","05","Ashley","003",,,,,,,"Ashley","1",,"06",208,826,594,279,757,1087,1702,452,279,132,105,587,690,390,763,1610,1835,455,299,72
"G0500050","1970","3","7","Arkansas","05","Baxter","005",,,,,,,"Baxter","1",,"09",48,233,314,230,1125,865,1255,621,225,111,29,197,290,175,1111,1028,1743,609,206,57
"G0500070","1970","3","7","Arkansas","05","Benton","007",,,,,,,"Benton","1",,"01",130,625,1037,849,2990,2420,3769,1126,560,398,125,358,756,751,3048,3414,4586,1386,585,256
"G0500090","1970","3","7","Arkansas","05","Boone","009",,,,,,,"Boone","1",,"09",60,310,410,291,1165,925,1418,404,261,201,46,141,351,331,1239,1272,1995,471,307,70
"G0500110","1970","3","7","Arkansas","05","Bradley","011",,,,,,,"Bradley","1",,"06",96,460,378,248,446,749,764,139,81,69,49,273,336,253,551,1158,980,208,135,36
"G0500130","1970","3","7","Arkansas","05","Calhoun","013",,,,,,,"Calhoun","1",,"06",24,184,155,82,280,312,326,70,21,31,20,100,156,47,256,543,386,92,42,16
"G0500150","1970","3","7","Arkansas","05","Carroll","015",,,,,,,"Carroll","1",,"09",62,267,234,178,976,628,947,240,94,92,12,116,312,138,955,828,1230,343,167,45
"G0500170","1970","3","7","Arkansas","05","Chicot","017",,,,,,,"Chicot","1",,"08",257,1032,614,245,315,640,733,159,197,53,252,835,615,353,609,1041,977,303,162,20
"G0500190","1970","3","7","Arkansas","05","Clark","019",,,,,,,"Clark","1",,"06",82,416,476,318,730,1020,893,458,288,364,71,294,500,291,772,1370,1463,464,326,265
"G0500210","1970","3","7","Arkansas","05","Clay","021",,,,,,,"Clay","1",,"07",151,862,571,502,1359,693,883,176,105,72,134,570,726,476,1709,1081,1079,214,150,4
"G0500230","1970","3","7","Arkansas","05","Cleburne","023",,,,,,,"Cleburne","1",,"09",35,310,390,290,818,556,531,139,59,40,27,188,374,322,838,681,709,155,98,30
"G0500250","1970","3","7","Arkansas","05","Cleveland","025",,,,,,,"Cleveland","1",,"06",82,209,172,94,317,404,448,51,38,12,52,140,237,123,282,547,559,43,30,5
"G0500270","1970","3","7","Arkansas","05","Columbia","027",,,,,,,"Columbia","1",,"05",154,700,690,328,786,1357,1471,509,194,265,156,477,651,431,967,1942,2047,629,305,89
"G0500290","1970","3","7","Arkansas","05","Conway","029",,,,,,,"Conway","1",,"03",33,362,410,246,688,982,1149,254,121,96,60,242,372,338,834,1252,1407,255,158,57
"G0500310","1970","3","7","Arkansas","05","Craighead","031",,,,,,,"Craighead","1",,"07",255,1550,1331,805,2010,1856,2565,1036,732,664,215,1096,1409,1076,2424,2582,3614,1067,665,354
"G0500330","1970","3","7","Arkansas","05","Crawford","033",,,,,"2720",,"Crawford","1",,"02",186,681,720,386,1172,1357,1662,463,179,107,63,367,541,482,1512,1676,2113,478,146,93
"G0500350","1970","3","7","Arkansas","05","Crittenden","035",,,,,"4920",,"Crittenden","1",,"08",596,2023,1285,646,1105,1762,2104,618,299,235,493,1689,1500,804,1273,2419,2640,697,408,85
"G0500370","1970","3","7","Arkansas","05","Cross","037",,,,,,,"Cross","1",,"07",261,1021,546,280,625,783,840,181,89,98,112,640,700,425,813,1031,1129,230,154,36
"G0500390","1970","3","7","Arkansas","05","Dallas","039",,,,,,,"Dallas","1",,"06",72,340,296,147,430,646,555,120,69,51,46,253,276,189,426,871,750,182,109,41
"G0500410","1970","3","7","Arkansas","05","Desha","041",,,,,,,"Desha","1",,"08",149,899,555,268,430,764,831,275,172,110,124,763,645,369,595,971,1073,307,173,63
"G0500430","1970","3","7","Arkansas","05","Drew","043",,,,,,,"Drew","1",,"06",115,573,377,192,499,757,553,318,145,197,87,318,380,274,537,1018,871,291,267,73
"G0500450","1970","3","7","Arkansas","05","Faulkner","045",,,,,,,"Faulkner","1",,"03",79,378,531,330,1074,1531,1967,731,373,503,88,242,422,379,1277,1800,2510,780,435,351
"G0500470","1970","3","7","Arkansas","05","Franklin","047",,,,,,,"Franklin","1",,"02",87,220,315,180,651,620,812,178,55,72,27,162,269,213,799,781,930,127,83,69
"G0500490","1970","3","7","Arkansas","05","Fulton","049",,,,,,,"Fulton","1",,"09",17,291,262,165,574,342,456,98,53,40,44,172,231,258,652,513,454,123,49,31
"G0500510","1970","3","7","Arkansas","05","Garland","051",,,,,,,"Garland","1",,"04",287,1075,1343,788,2499,2942,3961,1386,853,495,246,818,1305,734,2389,4169,5939,1621,701,200
"G0500530","1970","3","7","Arkansas","05","Grant","053",,,,,,,"Grant","1",,"06",42,266,287,101,430,695,662,125,46,67,38,123,172,213,430,854,775,136,63,28
"G0500550","1970","3","7","Arkansas","05","Greene","055",,,,,,,"Greene","1",,"07",288,989,683,452,1325,981,1314,298,202,160,121,787,721,671,1690,1551,1580,314,214,59
"G0500570","1970","3","7","Arkansas","05","Hempstead","057",,,,,,,"Hempstead","1",,"05",77,579,518,251,846,1134,1305,328,134,106,67,354,601,271,855,1676,1703,336,220,63
"G0500590","1970","3","7","Arkansas","05","Hot Spring","059",,,,,,,"Hot Spring","1",,"04",89,537,544,304,951,1296,1679,320,207,81,69,352,492,381,980,1970,1774,332,201,54
"G0500610","1970","3","7","Arkansas","05","Howard","061",,,,,,,"Howard","1",,"05",84,330,364,217,592,620,727,223,77,62,54,231,296,261,710,797,940,178,133,54
"G0500630","1970","3","7","Arkansas","05","Independence","063",,,,,,,"Independence","1",,"03",149,622,629,277,1100,1412,1497,426,176,150,94,313,582,336,1369,1940,1794,437,225,69
"G0500650","1970","3","7","Arkansas","05","Izard","065",,,,,,,"Izard","1",,"09",14,169,274,128,773,337,430,95,69,26,25,101,292,198,652,507,529,84,50,13
"G0500670","1970","3","7","Arkansas","05","Jackson","067",,,,,"4920",,"Jackson","1",,"07",154,915,716,405,734,1008,1009,237,119,120,126,686,695,533,984,1318,1264,273,208,48
"G0500690","1970","3","7","Arkansas","05","Jefferson","069",,,,,"6240",,"Jefferson","0",,"08",500,2143,1969,880,1825,3785,5267,1682,1105,788,473,1831,1873,1385,2182,5315,6924,1787,996,390
"G0500710","1970","3","7","Arkansas","05","Johnson","071",,,,,,,"Johnson","1",,"02",58,387,362,249,980,700,647,336,159,68,37,195,363,266,959,983,1009,297,157,52
"G0500730","1970","3","7","Arkansas","05","Lafayette","073",,,,,,,"Lafayette","1",,"05",116,396,299,145,350,497,552,118,39,54,65,313,244,175,448,721,691,175,91,21
"G0500750","1970","3","7","Arkansas","05","Lawrence","075",,,,,,,"Lawrence","1",,"07",135,640,464,352,900,674,870,208,83,117,71,441,578,474,1198,884,975,172,151,55
"G0500770","1970","3","7","Arkansas","05","Lee","077",,,,,,,"Lee","1",,"08",306,1070,759,258,468,528,444,145,141,32,239,926,693,353,581,939,623,192,145,93
"G0500790","1970","3","7","Arkansas","05","Lincoln","079",,,,,,,"Lincoln","1",,"08",312,565,523,175,512,605,579,148,46,14,75,378,466,198,414,768,672,102,86,16
"G0500810","1970","3","7","Arkansas","05","Little River","081",,,,,,,"Little River","1",,"05",97,338,321,197,394,441,681,203,90,70,101,285,307,272,432,634,797,157,113,32
"G0500830","1970","3","7","Arkansas","05","Logan","083",,,,,,,"Logan","1",,"02",63,449,494,273,1170,1050,995,182,63,113,34,325,415,406,1098,1277,1240,339,162,6
"G0500850","1970","3","7","Arkansas","05","Lonoke","085",,,,,,,"Lonoke","1",,"07",185,766,699,422,1106,1222,1655,401,168,150,83,497,680,393,1279,1720,2071,407,221,54
"G0500870","1970","3","7","Arkansas","05","Madison","087",,,,,,,"Madison","1",,"09",37,275,280,225,943,279,458,141,49,69,30,163,260,253,970,485,510,129,75,32
"G0500890","1970","3","7","Arkansas","05","Marion","089",,,,,"6240",,"Marion","1",,"09",61,118,182,69,674,346,542,144,44,37,13,82,128,105,645,550,694,145,41,5
"G0500910","1970","3","7","Arkansas","05","Miller","091",,,,,"8360",,"Miller","0",,"05",226,898,813,514,1000,1642,2091,820,283,251,164,654,840,577,1145,2459,2820,810,334,113
"G0500930","1970","3","7","Arkansas","05","Mississippi","093",,,,,,,"Mississippi","1",,"08",693,2645,1668,898,1650,2223,2881,818,598,365,641,1951,2039,1165,2335,3263,3340,883,577,153
"G0500950","1970","3","7","Arkansas","05","Monroe","095",,,,,,,"Monroe","1",,"07",199,728,520,223,484,589,627,177,87,67,124,556,625,328,608,988,787,197,81,72
"G0500970","1970","3","7","Arkansas","05","Montgomery","097",,,,,,,"Montgomery","1",,"04",28,166,279,121,308,312,387,73,40,38,14,128,196,98,290,453,519,118,36,37
"G0500990","1970","3","7","Arkansas","05","Nevada","099",,,,,,,"Nevada","1",,"05",87,483,326,155,473,549,544,121,77,40,64,203,297,187,592,814,792,159,78,56
"G0501010","1970","3","7","Arkansas","05","Newton","101",,,,,,,"Newton","1",,"09",57,278,167,157,367,177,321,107,30,19,19,79,188,165,503,295,343,64,16,17
"G0501030","1970","3","7","Arkansas","05","Ouachita","103",,,,,,,"Ouachita","1",,"06",219,759,896,486,888,1781,1937,586,278,202,172,483,851,487,1116,2635,2630,639,333,105
"G0501050","1970","3","7","Arkansas","05","Perry","105",,,,,,,"Perry","1",,"04",23,235,198,135,356,191,284,71,35,33,34,110,170,118,328,446,400,55,41,3
"G0501070","1970","3","7","Arkansas","05","Phillips","107",,,,,,,"Phillips","1",,"08",662,1843,1203,525,928,1468,1408,439,301,212,482,1592,1566,757,1405,1966,1944,456,453,112
"G0501090","1970","3","7","Arkansas","05","Pike","109",,,,,,,"Pike","1",,"04",39,205,358,141,431,631,552,110,59,28,31,170,280,183,480,791,664,92,97,1
"G0501110","1970","3","7","Arkansas","05","Poinsett","111",,,,,,,"Poinsett","1",,"07",519,1346,1047,548,927,839,1028,281,147,111,300,1039,1005,618,1289,1432,1304,229,205,56
"G0501130","1970","3","7","Arkansas","05","Polk","113",,,,,,,"Polk","1",,"04",47,316,418,261,867,660,955,190,107,94,31,237,379,225,932,940,1108,189,132,85
"G0501150","1970","3","7","Arkansas","05","Pope","115",,,,,,,"Pope","1",,"02",84,645,604,357,1277,1229,1796,685,411,266,56,323,659,416,1545,1692,2205,551,369,98
"G0501170","1970","3","7","Arkansas","05","Prairie","117",,,,,"8360",,"Prairie","1",,"07",34,437,303,210,575,526,512,140,75,27,40,240,275,194,577,690,732,80,80,15
"G0501190","1970","3","7","Arkansas","05","Pulaski","119",,,,,"4400",,"Pulaski","0",,"A",927,3574,4012,2391,6577,11820,22477,9585,5935,4759,857,2701,4004,3012,7152,17301,30646,10311,4936,2054
"G0501210","1970","3","7","Arkansas","05","Randolph","121",,,,,,,"Randolph","1",,"03",136,503,419,376,852,425,580,176,88,37,66,328,384,402,1166,641,774,139,60,15
"G0501230","1970","3","7","Arkansas","05","St Francis","123",,,,,,,"St Francis","1",,"08",355,1294,1031,457,634,1053,1202,422,258,163,264,945,1073,484,958,1676,1573,399,399,86
"G0501250","1970","3","7","Arkansas","05","Saline","125",,,,,"4400",,"Saline","1",,"04",380,732,888,542,1353,2034,2651,657,356,232,162,620,810,573,1270,2521,3225,629,365,126
"G0501270","1970","3","7","Arkansas","05","Scott","127",,,,,,,"Scott","1",,"04",20,230,239,188,656,426,455,116,58,30,16,183,220,163,609,653,561,89,44,0
"G0501290","1970","3","7","Arkansas","05","Searcy","129",,,,,"4400",,"Searcy","1",,"09",25,266,272,151,661,304,326,115,78,11,36,141,254,166,814,410,419,101,28,21
"G0501310","1970","3","7","Arkansas","05","Sebastian","131",,,,,"2720",,"Sebastian","0",,"02",251,974,1307,847,2854,3816,5719,2695,1123,895,210,730,1287,1156,3452,5396,8210,2430,884,314
"G0501330","1970","3","7","Arkansas","05","Sevier","133",,,,,,,"Sevier","1",,"04",61,372,317,147,549,522,706,206,109,114,18,186,268,310,516,806,1003,189,147,43
"G0501350","1970","3","7","Arkansas","05","Sharp","135",,,,,,,"Sharp","1",,"03",39,215,152,174,754,383,515,145,71,103,91,116,143,156,795,555,632,170,72,36
"G0501370","1970","3","7","Arkansas","05","Stone","137",,,,,,,"Stone","1",,"09",42,283,224,136,604,290,285,86,34,22,31,162,259,110,703,360,326,70,18,16
"G0501390","1970","3","7","Arkansas","05","Union","139",,,,,,,"Union","1",,"06",323,1176,1071,479,1378,1971,3321,1150,712,413,261,941,1071,601,1471,3355,4629,1167,615,253
"G0501410","1970","3","7","Arkansas","05","Van Buren","141",,,,,,,"Van Buren","1",,"09",57,254,315,144,572,462,500,97,59,38,26,147,290,198,576,602,609,104,66,23
"G0501430","1970","3","7","Arkansas","05","Washington","143",,,,,,,"Washington","1",,"01",140,958,1373,971,3458,2840,4133,1842,1100,1971,156,512,1115,798,3634,3949,5991,2165,1237,690
"G0501450","1970","3","7","Arkansas","05","White","145",,,,,,,"White","1",,"03",167,1128,1055,691,2000,1900,2193,611,318,327,160,739,996,689,2060,2847,2587,771,386,141
"G0501470","1970","3","7","Arkansas","05","Woodruff","147",,,,,,,"Woodruff","1",,"07",189,616,416,151,351,488,417,139,75,49,42,357,436,295,444,803,648,133,131,48
"G0501490","1970","3","7","Arkansas","05","Yell","149",,,,,"2720",,"Yell","1",,"02",67,488,414,292,737,729,940,221,76,50,44,283,480,317,757,929,1269,224,82,18
"G0600010","1970","4","9","California","06","Alameda","001",,,,,"7360",,"Alameda","0",,"A",3728,8023,11118,8149,23154,49149,84544,43126,20152,29370,4714,8517,11830,8165,26113,54929,112827,44549,19183,17333
"G0600030","1970","4","9","California","06","Alpine","003",,,,,,,"Alpine","1",,"09",0,5,0,0,13,20,55,31,4,0,4,5,12,0,19,23,43,26,0,4
"G0600050","1970","4","9","California","06","Amador","005",,,,,,,"Amador","1",,"09",18,46,120,82,562,658,1044,585,145,175,20,89,81,95,473,667,1270,629,186,87
"G0600070","1970","4","9","California","06","Butte","007",,,,,,,"Butte","1",,"04",256,749,1282,964,3783,5080,7579,4053,1464,1994,174,615,1024,797,3643,6115,10164,4458,1751,1090
"G0600090","1970","4","9","California","06","Calaveras","009",,,,,,,"Calaveras","1",,"09",69,208,136,182,665,966,1300,589,181,178,12,42,135,181,489,1079,1421,538,215,77
"G0600110","1970","4","9","California","06","Colusa","011",,,,,,,"Colusa","1",,"04",43,143,169,104,451,661,1095,520,148,188,54,97,119,65,409,789,1093,491,177,184
"G0600130","1970","4","9","California","06","Contra Costa","013",,,,,"7360",,"Contra Costa","1",,"A",1311,3352,4245,3734,11108,23495,42186,23890,15054,16371,1391,2971,3950,3401,11340,26055,59416,26533,11881,8353
"G0600150","1970","4","9","California","06","Del Norte","015",,,,,,,"Del Norte","1",,"01",75,118,141,165,693,926,1148,356,161,174,39,72,112,102,511,1016,1444,445,138,110
"G0600170","1970","4","9","California","06","El Dorado","017",,,,,"7360",,"El Dorado","1",,"09",67,311,403,312,1462,2184,4035,2218,762,802,68,152,309,220,1240,2523,5321,1976,726,370
"G0600190","1970","4","9","California","06","Fresno","019",,,,,"2840",,"Fresno","0",,"E",3297,6945,6138,4116,11211,16676,25714,15034,5764,6827,3394,6167,6503,4063,11742,20648,34084,15963,5324,3782
"G0600210","1970","4","9","California","06","Glenn","021",,,,,,,"Glenn","1",,"04",62,214,232,190,733,888,1625,583,172,196,36,168,167,143,707,1133,1835,661,228,108
"G0600230","1970","4","9","California","06","Humboldt","023",,,,,,,"Humboldt","1",,"01",171,655,1017,885,3849,5384,7992,3499,1300,1596,160,437,724,753,3383,5853,8832,3669,1449,888
"G0600250","1970","4","9","California","06","Imperial","025",,,,,,,"Imperial","1",,"08",1126,1703,1538,826,2109,2957,4108,2042,799,766,1064,1814,1527,707,2043,3222,4816,1987,569,528
"G0600270","1970","4","9","California","06","Inyo","027",,,,,"2840",,"Inyo","1",,"09",37,128,164,124,533,972,1582,589,267,314,29,88,104,99,345,962,2039,694,189,102
"G0600290","1970","4","9","California","06","Kern","029",,,,,"0680",,"Kern","0",,"J",1954,5344,4743,3219,9603,15503,21938,11792,4261,4675,1537,4059,4398,3424,10220,18555,27934,11480,3799,2496
"G0600310","1970","4","9","California","06","Kings","031",,,,,,,"Kings","1",,"06",664,1161,994,699,1913,2377,4405,1665,730,805,410,1127,838,780,1889,3110,4947,1703,669,481
"G0600330","1970","4","9","California","06","Lake","033",,,,,,,"Lake","1",,"01",44,241,243,272,1180,1376,1827,773,269,249,25,148,204,226,1096,1641,2507,735,309,141
"G0600350","1970","4","9","California","06","Lassen","035",,,,,"0680",,"Lassen","1",,"09",29,114,218,210,610,1218,1707,713,189,237,5,63,111,76,456,1040,1715,572,191,100
"G0600370","1970","4","9","California","06","Los Angeles","037",,,,,"4480",,"Los Angeles","0",,"F",26158,50847,83119,52720,150092,330809,532488,331800,147306,165379,32751,54199,94797,55486,179470,395722,761989,323734,114237,77641
"G0600390","1970","4","9","California","06","Madera","039",,,,,,,"Madera","1",,"06",393,1172,726,647,1685,1978,2525,1013,369,463,382,806,802,539,1571,2450,3091,1165,396,344
"G0600410","1970","4","9","California","06","Marin","041",,,,,"7360",,"Marin","1",,"A",276,1089,892,894,3656,6660,14872,11927,8841,10174,230,429,700,640,3219,6267,21892,14078,7653,5129
"G0600430","1970","4","9","California","06","Mariposa","043",,,,,,,"Mariposa","1",,"09",4,72,40,99,301,387,558,230,91,124,12,21,58,48,166,462,646,273,93,72
"G0600450","1970","4","9","California","06","Mendocino","045",,,,,,,"Mendocino","1",,"01",180,531,620,484,2139,2888,4656,1699,617,960,162,313,448,403,1473,3101,5519,2173,708,466
"G0600470","1970","4","9","California","06","Merced","047",,,,,,,"Merced","1",,"05",926,1935,1492,1015,3282,3815,7013,3266,1257,1175,684,1611,1434,943,3356,4754,8442,2953,1114,693
"G0600490","1970","4","9","California","06","Modoc","049",,,,,,,"Modoc","1",,"09",16,52,59,65,339,378,801,329,82,81,35,30,21,49,232,493,929,280,95,49
"G0600510","1970","4","9","California","06","Mono","051",,,,,"7360",,"Mono","1",,"09",5,13,6,17,164,192,417,278,88,53,0,12,4,10,106,194,449,211,59,45
"G0600530","1970","4","9","California","06","Monterey","053",,,,,"7120",,"Monterey","0",,"03",1311,3103,2654,1422,5298,8459,16742,9342,4773,5700,1190,2446,2385,1441,5378,9873,20183,10591,4575,2935
"G0600550","1970","4","9","California","06","Napa","055",,,,,"8720",,"Napa","0",,"02",255,619,663,502,3052,3720,7044,3827,1456,1573,242,399,641,497,2329,4032,8811,4366,1357,868
"G0600570","1970","4","9","California","06","Nevada","057",,,,,"8720",,"Nevada","1",,"09",58,193,229,219,1116,1483,2456,1233,425,418,58,96,174,208,1038,1573,3263,1531,492,277
"G0600590","1970","4","9","California","06","Orange","059",,,,,"0360",,"Orange","0",,"F",3032,4973,7928,6731,23213,54340,102528,75172,38175,36754,3307,4951,8277,6894,26977,65957,154319,70188,26051,15518
"G0600610","1970","4","9","California","06","Placer","061",,,,,"6920",,"Placer","1",,"09",576,576,723,548,2578,3150,7200,3550,1197,1340,327,499,550,439,2245,3960,8875,3611,1105,720
"G0600630","1970","4","9","California","06","Plumas","063",,,,,"6920",,"Plumas","1",,"09",36,59,111,148,427,731,1207,472,150,248,27,18,46,100,383,697,1395,562,140,105
"G0600650","1970","4","9","California","06","Riverside","065",,,,,"7280",,"Riverside","0",,"H",2240,5186,5746,3710,13452,21415,34551,19228,7528,8523,2119,4068,5494,3779,13362,25391,47853,20310,6726,4304
"G0600670","1970","4","9","California","06","Sacramento","067",,,,,"6920",,"Sacramento","0",,"C",2224,4023,5498,4634,13729,24278,49683,28503,13015,13938,2166,3455,4976,3916,14289,30200,69306,27635,9950,6554
"G0600690","1970","4","9","California","06","San Benito","069",,,,,"6920",,"San Benito","1",,"03",234,511,342,141,716,783,1056,499,159,202,149,450,325,207,585,890,1316,657,193,117
"G0600710","1970","4","9","California","06","San Bernardino","071",,,,,"7280",,"San Bernardino","0",,"H",2357,5312,7897,6103,18012,34630,50497,26071,8383,10977,2458,4112,7150,5664,19232,41109,66512,25680,7868,5557
"G0600730","1970","4","9","California","06","San Diego","073",,,,,"7320",,"San Diego","0",,"G",3241,6479,9991,8208,26163,59617,102567,56303,26156,31583,3721,7022,11376,8063,29640,65644,137641,57429,23192,15243
"G0600750","1970","4","9","California","06","San Francisco","075",,,,,"7360",,"San Francisco","0",,"A",5041,7796,12527,6815,18446,32750,55758,34298,20979,23826,7623,8400,12862,5779,21628,35715,79012,37726,18794,13056
"G0600770","1970","4","9","California","06","San Joaquin","077",,,,,"8120",,"San Joaquin","0",,"D",2770,5440,4736,3643,10257,14234,20209,9663,3341,3906,1804,3586,4411,3051,9820,16229,25787,9959,3020,2345
"G0600790","1970","4","9","California","06","San Luis Obispo","079",,,,,"8120",,"San Luis Obispo","1",,"03",400,982,1261,1021,3728,5074,8235,5191,1641,2153,181,617,1055,655,3046,5236,10011,4697,1555,1088
"G0600810","1970","4","9","California","06","San Mateo","081",,,,,"7360",,"San Mateo","1",,"A",1163,2573,4017,2874,9935,23122,45858,29652,16186,16551,1355,2564,4191,2486,11253,24758,66508,30073,13191,8348
"G0600830","1970","4","9","California","06","Santa Barbara","083",,,,,"7480",,"Santa Barbara","0",,"K",891,1845,2131,1032,4006,8647,19625,12612,6538,7771,870,1495,2000,1137,4701,10440,27101,13527,6434,3676
"G0600850","1970","4","9","California","06","Santa Clara","085",,,,,"7400",,"Santa Clara","0",,"B",3486,6724,7992,5675,18729,36785,69424,48807,29004,37107,3929,7083,8220,5980,20699,43609,102660,48499,24192,15734
"G0600870","1970","4","9","California","06","Santa Cruz","087",,,,,,,"Santa Cruz","1",,"03",473,1370,1367,760,3552,5134,9462,5819,2418,2803,444,1098,1291,884,3981,6448,13651,7263,2689,1693
"G0600890","1970","4","9","California","06","Shasta","089",,,,,,,"Shasta","1",,"09",134,509,769,758,2507,4313,6322,3220,1042,1171,116,294,590,526,2122,4868,8191,3647,802,650
"G0600910","1970","4","9","California","06","Sierra","091",,,,,,,"Sierra","1",,"09",10,24,55,12,118,140,284,77,12,34,4,17,20,23,73,130,257,118,41,54
"G0600930","1970","4","9","California","06","Siskiyou","093",,,,,"7400",,"Siskiyou","1",,"09",95,432,437,322,1455,1727,3328,1235,313,505,82,183,328,254,1224,1879,3710,1215,408,235
"G0600950","1970","4","9","California","06","Solano","095",,,,,"8720",,"Solano","0",,"A",447,1026,1379,1183,3462,7857,15682,6351,2364,2325,436,819,1367,1056,4107,8270,17358,5656,1925,1183
"G0600970","1970","4","9","California","06","Sonoma","097",,,,,"7500",,"Sonoma","0",,"02",948,1634,1733,1470,5993,8929,17070,9293,3503,3674,974,1260,1932,1206,5846,9919,23427,10611,3418,2170
"G0600990","1970","4","9","California","06","Stanislaus","099",,,,,"5170",,"Stanislaus","0",,"05",969,2980,2796,2229,7345,9031,13223,6725,2281,2606,844,2157,2841,2066,7612,11223,17621,6736,2264,1472
"G0601010","1970","4","9","California","06","Sutter","101",,,,,,,"Sutter","1",,"04",200,492,542,388,1254,1839,3109,1703,702,719,191,318,408,321,1313,2224,3814,1731,601,364
"G0601030","1970","4","9","California","06","Tehama","103",,,,,,,"Tehama","1",,"04",83,246,276,331,1156,1527,2860,1023,248,378,89,154,273,249,1031,1913,3177,979,312,281
"G0601050","1970","4","9","California","06","Trinity","105",,,,,,,"Trinity","1",,"09",12,50,94,92,403,427,620,362,125,153,7,5,44,50,203,543,815,307,68,79
"G0601070","1970","4","9","California","06","Tulare","107",,,,,,,"Tulare","1",,"06",2012,4390,3755,2282,6698,7916,10765,5954,1798,2193,1384,3508,3221,2545,7398,9807,13845,5860,1890,1193
"G0601090","1970","4","9","California","06","Tuolumne","109",,,,,"5170",,"Tuolumne","1",,"09",91,129,293,238,929,1520,2374,994,250,309,27,49,132,77,741,1398,2566,1016,341,187
"G0601110","1970","4","9","California","06","Ventura","111",,,,,"6000",,"Ventura","0",,"07",2038,3150,3468,2184,7400,14780,27839,16437,6955,7531,1594,2528,3460,2019,7671,18070,37600,15297,5409,3388
"G0601130","1970","4","9","California","06","Yolo","113",,,,,"6920",,"Yolo","1",,"04",386,907,1043,685,2443,3310,5762,2765,1347,3676,385,660,761,520,2274,3761,7380,3357,1731,1470
"G0601150","1970","4","9","California","06","Yuba","115",,,,,"6920",,"Yuba","1",,"04",158,513,583,352,1236,1762,3581,1541,587,449,119,271,554,281,1225,2259,3813,1440,453,257
"G0800010","1970","4","8","Colorado","08","Adams","001",,,,,"2080",,"Adams","1",,"A",315,754,1061,1429,4670,8403,15926,5710,2711,2008,246,541,989,1021,3864,9124,19895,5437,1929,790
"G0800030","1970","4","8","Colorado","08","Alamosa","003",,,,,,,"Alamosa","1",,"02",25,100,96,95,342,365,666,318,210,284,34,66,112,103,210,518,862,315,266,156
"G0800050","1970","4","8","Colorado","08","Arapahoe","005",,,,,"2080",,"Arapahoe","1",,"A",149,372,603,649,2840,4833,12111,6623,5949,5268,183,205,543,718,2707,5901,17771,8434,4579,1917
"G0800070","1970","4","8","Colorado","08","Archuleta","007",,,,,,,"Archuleta","1",,"02",23,53,49,29,100,128,229,59,34,5,18,32,51,20,94,147,207,52,34,8
"G0800090","1970","4","8","Colorado","08","Baca","009",,,,,,,"Baca","1",,"05",24,70,83,115,343,282,492,125,65,34,37,10,50,80,328,331,502,164,97,35
"G0800110","1970","4","8","Colorado","08","Bent","011",,,,,,,"Bent","1",,"05",12,123,132,117,504,411,486,195,93,61,13,37,139,77,287,353,507,214,42,32
"G0800130","1970","4","8","Colorado","08","Boulder","013",,,,,"2080",,"Boulder","1",,"D",162,387,553,655,2444,3215,8386,4983,3649,6344,192,387,352,484,2320,4194,11840,6139,4178,2650
"G0800150","1970","4","8","Colorado","08","Chaffee","015",,,,,,,"Chaffee","1",,"01",26,76,87,75,364,539,959,261,161,102,41,78,75,73,269,571,1234,300,143,32
"G0800170","1970","4","8","Colorado","08","Cheyenne","017",,,,,,,"Cheyenne","1",,"04",11,28,13,36,205,89,227,24,13,30,8,9,6,16,130,133,327,54,18,22
"G0800190","1970","4","8","Colorado","08","Clear Creek","019",,,,,,,"Clear Creek","1",,"01",0,9,38,56,109,309,498,199,104,68,9,6,27,44,96,240,484,183,121,53
"G0800210","1970","4","8","Colorado","08","Conejos","021",,,,,,,"Conejos","1",,"02",70,202,175,132,233,242,482,146,43,39,58,211,218,96,194,308,497,142,84,28
"G0800230","1970","4","8","Colorado","08","Costilla","023",,,,,,,"Costilla","1",,"02",16,116,85,47,101,89,185,48,26,43,61,89,76,57,83,119,178,71,44,6
"G0800250","1970","4","8","Colorado","08","Crowley","025",,,,,,,"Crowley","1",,"05",11,103,79,48,156,159,259,53,34,6,9,71,44,54,182,163,263,115,46,14
"G0800270","1970","4","8","Colorado","08","Custer","027",,,,,,,"Custer","1",,"05",0,20,6,28,74,45,110,41,25,4,0,5,0,0,56,72,125,68,9,0
"G0800290","1970","4","8","Colorado","08","Delta","029",,,,,,,"Delta","1",,"02",45,192,292,238,945,833,1235,486,148,126,22,107,248,118,836,969,1686,580,285,123
"G0800310","1970","4","8","Colorado","08","Denver","031",,,,,"2080",,"Denver","0",,"A",1524,3418,5337,4352,15044,21681,37034,17885,12416,13133,1602,3267,5110,4456,16864,27698,54334,22250,12592,6335
"G0800330","1970","4","8","Colorado","08","Dolores","033",,,,,,,"Dolores","1",,"02",0,5,40,30,81,105,98,51,0,9,0,4,31,22,84,111,120,49,5,5
"G0800350","1970","4","8","Colorado","08","Douglas","035",,,,,,,"Douglas","1",,"04",10,26,53,29,269,321,692,327,258,250,15,4,47,13,218,273,901,444,271,58
"G0800370","1970","4","8","Colorado","08","Eagle","037",,,,,,,"Eagle","1",,"01",16,57,62,75,237,453,569,207,161,103,9,34,68,39,170,385,631,243,129,49
"G0800390","1970","4","8","Colorado","08","Elbert","039",,,,,"2080",,"Elbert","1",,"04",0,23,21,30,328,170,385,125,46,17,4,33,26,22,180,197,416,150,88,26
"G0800410","1970","4","8","Colorado","08","El Paso","041",,,,,"1720",,"El Paso","0",,"B",225,683,938,913,4081,6644,19558,8116,5109,5526,234,587,1045,947,4609,8237,23139,9757,5060,2006
"G0800430","1970","4","8","Colorado","08","Fremont","043",,,,,,,"Fremont","1",,"05",74,162,274,331,1279,1732,1995,482,298,223,48,144,184,241,1135,1286,2455,773,278,138
"G0800450","1970","4","8","Colorado","08","Garfield","045",,,,,,,"Garfield","1",,"01",18,95,123,138,713,808,1260,415,296,242,16,26,71,67,570,801,1727,650,246,49
"G0800470","1970","4","8","Colorado","08","Gilpin","047",,,,,,,"Gilpin","1",,"01",0,7,13,8,50,45,170,33,33,7,0,17,0,20,47,52,160,45,23,7
"G0800490","1970","4","8","Colorado","08","Grand","049",,,,,,,"Grand","1",,"01",9,34,21,19,205,212,415,130,125,35,18,24,15,14,106,266,426,184,55,28
"G0800510","1970","4","8","Colorado","08","Gunnison","051",,,,,,,"Gunnison","1",,"01",13,26,18,77,161,240,362,241,178,201,4,5,11,17,156,182,426,311,188,137
"G0800530","1970","4","8","Colorado","08","Hinsdale","053",,,,,,,"Hinsdale","1",,"01",0,0,9,0,10,11,20,0,0,0,0,0,0,0,5,6,16,0,7,0
"G0800550","1970","4","8","Colorado","08","Huerfano","055",,,,,,,"Huerfano","1",,"05",75,248,205,122,344,218,420,146,55,42,68,235,142,107,285,354,539,165,128,40
"G0800570","1970","4","8","Colorado","08","Jackson","057",,,,,"1720",,"Jackson","1",,"01",0,8,15,6,126,65,178,61,35,11,0,5,0,13,69,62,174,65,31,9
"G0800590","1970","4","8","Colorado","08","Jefferson","059",,,,,"2080",,"Jefferson","1",,"A",327,553,940,1071,4550,7937,18444,9962,8180,7048,231,355,773,808,4494,8968,27076,11318,6495,2401
"G0800610","1970","4","8","Colorado","08","Kiowa","061",,,,,,,"Kiowa","1",,"04",6,29,23,42,91,139,144,39,14,22,0,0,10,10,63,99,277,80,10,6
"G0800630","1970","4","8","Colorado","08","Kit Carson","063",,,,,,,"Kit Carson","1",,"04",7,53,93,112,530,317,775,127,34,84,23,33,40,33,368,365,883,201,130,46
"G0800650","1970","4","8","Colorado","08","Lake","065",,,,,,,"Lake","1",,"01",17,47,76,64,294,475,755,210,77,77,32,33,43,74,179,404,762,212,94,38
"G0800670","1970","4","8","Colorado","08","La Plata","067",,,,,,,"La Plata","1",,"02",34,157,176,110,692,813,1471,588,271,390,52,108,201,97,480,1008,1948,747,413,96
"G0800690","1970","4","8","Colorado","08","Larimer","069",,,,,,,"Larimer","1",,"03",192,485,650,448,2346,2699,5998,3227,1904,3036,154,370,548,428,2334,3097,8162,4051,2240,1343
"G0800710","1970","4","8","Colorado","08","Las Animas","071",,,,,,,"Las Animas","1",,"05",147,512,307,108,834,607,1038,343,157,107,133,454,405,180,705,751,1231,505,180,70
"G0800730","1970","4","8","Colorado","08","Lincoln","073",,,,,,,"Lincoln","1",,"04",6,18,79,72,327,197,506,103,59,37,12,16,66,25,199,283,635,154,48,16
"G0800750","1970","4","8","Colorado","08","Logan","075",,,,,,,"Logan","1",,"03",69,143,221,125,812,720,1524,557,242,262,65,173,142,159,747,691,1991,789,263,102
"G0800770","1970","4","8","Colorado","08","Mesa","077",,,,,,,"Mesa","1",,"02",317,336,457,542,2180,2342,4189,2151,934,952,260,288,328,462,1920,2987,5664,2761,832,458
"G0800790","1970","4","8","Colorado","08","Mineral","079",,,,,,,"Mineral","1",,"01",0,7,5,0,26,46,84,20,20,11,0,0,0,13,11,48,134,24,22,0
"G0800810","1970","4","8","Colorado","08","Moffat","081",,,,,,,"Moffat","1",,"01",0,44,83,71,300,320,639,188,117,60,8,19,55,29,217,401,616,258,85,71
"G0800830","1970","4","8","Colorado","08","Montezuma","083",,,,,,,"Montezuma","1",,"02",110,136,166,157,600,612,874,323,159,156,115,146,144,114,496,703,1126,453,173,47
"G0800850","1970","4","8","Colorado","08","Montrose","085",,,,,,,"Montrose","1",,"02",77,168,214,164,947,817,1490,538,314,226,29,105,181,182,839,925,1722,721,211,124
"G0800870","1970","4","8","Colorado","08","Morgan","087",,,,,,,"Morgan","1",,"03",70,171,288,203,1134,959,1535,424,216,249,72,171,264,185,877,1040,1928,658,313,113
"G0800890","1970","4","8","Colorado","08","Otero","089",,,,,,,"Otero","1",,"05",106,326,460,323,1006,925,1668,637,243,224,114,312,402,290,901,1321,2136,735,306,116
"G0800910","1970","4","8","Colorado","08","Ouray","091",,,,,,,"Ouray","1",,"01",0,6,4,15,100,133,125,42,40,16,0,0,16,12,50,90,214,57,42,0
"G0800930","1970","4","8","Colorado","08","Park","093",,,,,,,"Park","1",,"01",9,22,16,24,105,96,203,66,57,46,0,0,11,15,76,99,251,76,70,11
"G0800950","1970","4","8","Colorado","08","Phillips","095",,,,,,,"Phillips","1",,"04",0,15,11,63,278,184,428,115,67,63,8,6,48,51,232,219,480,192,73,13
"G0800970","1970","4","8","Colorado","08","Pitkin","097",,,,,,,"Pitkin","1",,"01",0,6,14,27,99,151,337,421,344,384,22,0,8,11,56,142,397,461,380,108
"G0800990","1970","4","8","Colorado","08","Prowers","099",,,,,"2080",,"Prowers","1",,"05",70,124,132,151,618,467,1056,402,129,125,70,134,114,63,587,712,1216,431,158,101
"G0801010","1970","4","8","Colorado","08","Pueblo","101",,,,,"6560",,"Pueblo","0",,"C",630,1439,1837,1182,4666,5222,8532,3326,1426,1340,512,1289,1832,1163,4505,5880,10974,3769,1642,569
"G0801030","1970","4","8","Colorado","08","Rio Blanco","103",,,,,,,"Rio Blanco","1",,"01",12,24,19,45,184,142,507,189,91,60,6,10,14,41,113,259,540,191,60,25
"G0801050","1970","4","8","Colorado","08","Rio Grande","105",,,,,,,"Rio Grande","1",,"02",30,206,162,155,380,373,733,344,160,138,34,158,200,129,317,483,896,323,174,82
"G0801070","1970","4","8","Colorado","08","Routt","107",,,,,,,"Routt","1",,"01",0,58,18,37,262,330,612,151,190,127,2,37,40,21,200,317,666,286,146,92
"G0801090","1970","4","8","Colorado","08","Saguache","109",,,,,,,"Saguache","1",,"02",24,48,92,72,104,166,326,67,20,34,39,83,67,72,138,189,254,137,31,5
"G0801110","1970","4","8","Colorado","08","San Juan","111",,,,,,,"San Juan","1",,"01",6,0,6,16,19,31,64,17,32,29,0,14,8,0,49,40,76,30,19,0
"G0801130","1970","4","8","Colorado","08","San Miguel","113",,,,,,,"San Miguel","1",,"02",16,5,50,19,96,113,185,41,20,0,11,9,0,38,49,108,159,59,17,4
"G0801150","1970","4","8","Colorado","08","Sedgwick","115",,,,,,,"Sedgwick","1",,"03",11,50,43,31,241,175,290,59,41,33,8,40,34,46,147,165,378,142,74,10
"G0801170","1970","4","8","Colorado","08","Summit","117",,,,,,,"Summit","1",,"01",5,5,10,10,94,109,196,134,70,78,6,20,0,5,50,128,237,120,73,30
"G0801190","1970","4","8","Colorado","08","Teller","119",,,,,,,"Teller","1",,"01",6,9,20,17,49,248,377,99,49,63,14,0,6,12,71,167,475,100,71,63
"G0801210","1970","4","8","Colorado","08","Washington","121",,,,,,,"Washington","1",,"04",6,14,45,43,524,240,499,116,68,86,0,20,24,50,358,282,593,182,86,31
"G0801230","1970","4","8","Colorado","08","Weld","123",,,,,,,"Weld","1",,"03",293,913,1056,813,3403,3226,6278,2264,1105,1795,381,640,828,642,3020,3564,7887,3328,1526,811
"G0801250","1970","4","8","Colorado","08","Yuma","125",,,,,"6560",,"Yuma","1",,"04",14,66,118,116,598,385,760,234,98,114,19,35,78,94,622,453,912,269,144,78
"G0900010","1970","1","1","Connecticut","09","Fairfield","001",,,,,,,"Fairfield","1",,"A",2503,5027,10099,8214,25025,35388,52514,22707,26400,22865,4184,5455,11584,8223,28292,38702,84290,29522,20796,9427
"G0900030","1970","1","1","Connecticut","09","Hartford","003",,,,,,,"Hartford","1",,"C",3319,6479,11912,9150,26490,40190,58013,22902,19471,17315,4914,6716,12111,8464,27359,42646,88934,26007,14748,7685
"G0900050","1970","1","1","Connecticut","09","Litchfield","005",,,,,,,"Litchfield","1",,"01",420,826,1905,2065,6496,7167,10846,3590,3124,2590,539,786,1697,1570,6236,7844,15735,4735,2754,1370
"G0900070","1970","1","1","Connecticut","09","Middlesex","007",,,,,,,"Middlesex","1",,"02",286,570,1304,1392,4643,5554,9068,3537,2279,2149,418,619,1253,1094,4375,5928,12760,3722,2177,1158
"G0900090","1970","1","1","Connecticut","09","New Haven","009",,,,,,,"New Haven","1",,"B",3680,5692,9754,8827,27222,37492,53088,19181,13990,15258,5301,5952,9747,8865,30376,39236,80722,22689,11875,7434
"G0900110","1970","1","1","Connecticut","09","New London","011",,,,,,,"New London","1",,"02",1105,1166,2495,2966,8028,11506,17706,5466,4265,3825,1060,1177,2490,2503,8812,11460,22369,6459,3578,1666
"G0900130","1970","1","1","Connecticut","09","Tolland","013",,,,,,,"Tolland","1",,"02",636,317,749,1039,3102,4331,7037,2653,2310,2949,570,296,738,813,3098,4266,9292,2947,1873,1265
"G0900150","1970","1","1","Connecticut","09","Windham","015",,,,,,,"Windham","1",,"02",234,611,1663,1819,4105,4437,5211,1607,961,1124,393,760,1645,1608,4277,4978,7245,1911,1005,617
"G1000010","1970","3","5","Delaware","10","Kent","001",,,,,,,"Kent","1",,"01",151,725,1185,883,2334,4011,5951,1678,1352,944,146,309,1065,764,2510,4782,7190,2034,1167,340
"G1000030","1970","3","5","Delaware","10","New Castle","003",,,,,"9160",,"New Castle","0",,"A",988,2503,4441,4133,9083,19921,26478,9077,9144,10530,1196,2023,4310,3402,10207,23875,38763,11971,7676,3414
"G1000050","1970","3","5","Delaware","10","Sussex","005",,,,,"9160",,"Sussex","1",,"01",437,1087,1756,1365,3021,4842,5646,1248,1017,690,425,696,1420,1195,3121,6151,7183,2083,1114,242
"G1100010","1970","3","5","District Of Columbia","11","District Of Columbia","001",,,,,"8840",,"District Of Columbia","0",,"A",2612,9987,13161,9524,14581,38235,43825,18501,14542,26230,2497,7437,13531,9960,18093,50102,66942,28830,19622,14839
"G1200010","1970","3","5","Florida","12","Alachua","001",,,,,"2900",,"Alachua","0",,"03",686,1370,1325,798,1336,3227,4463,2616,1675,4930,596,1139,1375,998,1798,4177,7031,3110,2273,1938
"G1200030","1970","3","5","Florida","12","Baker","003",,,,,,,"Baker","1",,"03",74,375,296,175,276,313,603,111,30,41,65,208,248,149,307,633,668,117,67,35
"G1200050","1970","3","5","Florida","12","Bay","005",,,,,,,"Bay","1",,"01",290,1362,1216,764,1784,3120,5798,1916,1358,747,233,1108,1197,882,2057,4954,6388,2029,1130,340
"G1200070","1970","3","5","Florida","12","Bradford","007",,,,,,,"Bradford","1",,"02",97,437,441,320,493,916,1003,252,68,99,69,221,390,195,426,972,1012,244,116,66
"G1200090","1970","3","5","Florida","12","Brevard","009",,,,,"2900",,"Brevard","1",,"04",374,1337,1658,1287,3874,7565,19881,10390,7242,4944,315,951,1594,1265,3991,10634,25957,9897,4363,1428
"G1200110","1970","3","5","Florida","12","Broward","011",,,,,"2680",,"Broward","0",,"G",2503,5912,9081,7265,21875,36874,52065,23934,13855,9442,2064,4968,9158,6826,25426,43580,78932,25067,11162,3928
"G1200130","1970","3","5","Florida","12","Calhoun","013",,,,,,,"Calhoun","1",,"01",148,319,281,130,208,317,435,49,63,47,79,259,266,132,278,447,467,67,93,46
"G1200150","1970","3","5","Florida","12","Charlotte","015",,,,,,,"Charlotte","1",,"06",26,167,482,423,1893,1995,2813,1075,607,415,61,141,378,320,1671,2389,4173,1312,565,273
"G1200170","1970","3","5","Florida","12","Citrus","017",,,,,,,"Citrus","1",,"05",104,336,451,316,1238,1243,1570,613,259,203,40,244,393,252,1404,1625,2036,624,245,93
"G1200190","1970","3","5","Florida","12","Clay","019",,,,,,,"Clay","1",,"02",124,399,515,322,901,1404,2395,771,544,441,90,308,449,478,760,1796,3066,858,482,123
"G1200210","1970","3","5","Florida","12","Collier","021",,,,,,,"Collier","1",,"06",185,736,720,376,1343,1725,3141,1243,1276,843,195,401,527,334,1052,2074,3899,1681,1079,403
"G1200230","1970","3","5","Florida","12","Columbia","023",,,,,"2680",,"Columbia","1",,"03",198,670,603,322,711,1112,1480,463,309,305,151,518,562,373,703,1443,2119,525,300,164
"G1200250","1970","3","5","Florida","12","Dade","025",,,,,"5000",,"Dade","0",,"C",8802,16294,30075,14838,38604,59413,90733,45039,24908,24940,9851,16409,36563,15361,49598,74128,136126,44654,22064,11113
"G1200270","1970","3","5","Florida","12","DeSoto","027",,,,,,,"De Soto","1",,"05",125,357,435,191,640,752,880,205,76,89,90,235,301,348,650,954,1073,303,125,94
"G1200290","1970","3","5","Florida","12","Dixie","029",,,,,"5000",,"Dixie","1",,"02",23,204,152,134,156,278,304,39,30,46,41,157,123,123,199,235,389,65,64,17
"G1200310","1970","3","5","Florida","12","Duval","031",,,,,"3600",,"Duval","0",,"A",2219,6949,7871,5801,10840,27108,36866,14449,8464,5928,1598,6219,8607,6522,12448,35258,50814,13768,7068,2826
"G1200330","1970","3","5","Florida","12","Escambia","033",,,,,"6080",,"Escambia","0",,"D",888,2842,3062,2292,4537,8819,13892,5064,3015,2369,826,2223,3752,2539,4956,12654,17414,4551,2756,960
"G1200350","1970","3","5","Florida","12","Flagler","035",,,,,,,"Flagler","1",,"04",44,86,119,65,196,227,329,144,37,13,15,130,103,53,124,274,434,128,50,23
"G1200370","1970","3","5","Florida","12","Franklin","037",,,,,,,"Franklin","1",,"01",69,201,233,78,284,404,403,109,60,46,29,187,225,96,343,428,563,146,62,14
"G1200390","1970","3","5","Florida","12","Gadsden","039",,,,,,,"Gadsden","1",,"03",423,1941,1389,624,854,1637,1545,606,203,210,408,1594,1459,780,1268,2088,2605,673,384,164
"G1200410","1970","3","5","Florida","12","Gilchrist","041",,,,,,,"Gilchrist","1",,"03",38,152,91,75,149,169,213,45,9,24,14,66,113,80,200,204,249,63,21,0
"G1200430","1970","3","5","Florida","12","Glades","043",,,,,,,"Glades","1",,"06",85,110,101,61,143,200,231,51,16,15,64,49,77,58,109,268,219,66,24,5
"G1200450","1970","3","5","Florida","12","Gulf","045",,,,,,,"Gulf","1",,"01",87,301,252,179,241,466,692,183,96,47,77,195,220,151,279,594,901,157,131,25
"G1200470","1970","3","5","Florida","12","Hamilton","047",,,,,,,"Hamilton","1",,"03",136,288,246,129,234,262,398,84,50,47,120,259,245,127,281,371,506,80,94,28
"G1200490","1970","3","5","Florida","12","Hardee","049",,,,,,,"Hardee","1",,"05",130,483,428,266,531,759,851,234,95,87,111,260,394,241,551,830,1024,275,111,58
"G1200510","1970","3","5","Florida","12","Hendry","051",,,,,,,"Hendry","1",,"06",150,313,290,165,334,699,646,171,143,114,111,161,238,170,304,864,699,205,139,55
"G1200530","1970","3","5","Florida","12","Hernando","053",,,,,,,"Hernando","1",,"05",139,326,376,291,1002,944,1206,443,191,194,54,147,472,308,838,1377,1611,430,190,67
"G1200550","1970","3","5","Florida","12","Highlands","055",,,,,"6080",,"Highlands","1",,"05",160,789,777,580,1243,1660,1956,649,476,355,149,530,667,507,1283,1975,2866,1005,450,208
"G1200570","1970","3","5","Florida","12","Hillsborough","057",,,,,"8280",,"Hillsborough","0",,"B",2131,6713,9615,6627,13427,25247,34297,14209,7788,5876,2174,5642,9946,6936,14208,33399,47400,13076,6800,2667
"G1200590","1970","3","5","Florida","12","Holmes","059",,,,,,,"Holmes","1",,"03",72,487,399,261,372,518,704,75,71,47,141,370,429,293,397,760,657,141,62,32
"G1200610","1970","3","5","Florida","12","Indian River","061",,,,,,,"Indian River","1",,"04",154,546,601,359,1227,1884,2804,1068,849,503,124,421,567,365,1308,2438,4066,1252,736,206
"G1200630","1970","3","5","Florida","12","Jackson","063",,,,,,,"Jackson","1",,"03",519,1373,969,552,708,1397,1825,547,347,245,403,1093,983,623,1138,1841,2495,587,449,121
"G1200650","1970","3","5","Florida","12","Jefferson","065",,,,,,,"Jefferson","1",,"03",149,489,263,78,99,273,355,118,56,85,93,359,369,135,247,355,558,200,81,49
"G1200670","1970","3","5","Florida","12","Lafayette","067",,,,,,,"Lafayette","1",,"03",21,117,63,46,174,119,165,43,34,9,18,71,109,102,130,117,211,33,27,7
"G1200690","1970","3","5","Florida","12","Lake","069",,,,,,,"Lake","1",,"05",372,1357,1596,998,2808,4121,4877,2040,1352,881,172,1021,1268,982,2975,4911,7450,2675,1361,393
"G1200710","1970","3","5","Florida","12","Lee","071",,,,,"8280",,"Lee","1",,"06",460,1360,1593,1158,4477,6220,9055,3823,2342,1446,286,908,1469,1070,4370,7373,12435,4237,1975,877
"G1200730","1970","3","5","Florida","12","Leon","073",,,,,"8240",,"Leon","0",,"03",502,1431,1243,592,1132,2842,4478,3131,2503,4046,422,1077,1347,747,1223,3948,7731,3406,2634,2023
"G1200750","1970","3","5","Florida","12","Levy","075",,,,,,,"Levy","1",,"02",103,382,399,277,473,642,753,138,131,104,115,315,314,276,473,918,944,259,94,38
"G1200770","1970","3","5","Florida","12","Liberty","077",,,,,,,"Liberty","1",,"01",27,146,229,73,115,63,181,24,45,4,31,83,104,86,122,188,217,25,37,19
"G1200790","1970","3","5","Florida","12","Madison","079",,,,,,,"Madison","1",,"03",190,539,394,146,442,615,447,164,98,116,168,498,486,226,391,790,821,191,161,112
"G1200810","1970","3","5","Florida","12","Manatee","081",,,,,,,"Manatee","1",,"06",260,1158,1688,1298,5234,5618,8488,3526,2116,1262,255,904,1453,1263,5441,7342,12146,4898,2413,719
"G1200830","1970","3","5","Florida","12","Marion","083",,,,,,,"Marion","1",,"05",360,1397,1374,1018,2456,3411,5103,1819,908,597,222,1000,1313,892,2463,4735,6431,2224,1016,360
"G1200850","1970","3","5","Florida","12","Martin","085",,,,,,,"Martin","1",,"06",150,514,570,321,1232,1558,2429,839,564,230,51,342,549,272,1088,1968,3189,1171,433,164
"G1200870","1970","3","5","Florida","12","Monroe","087",,,,,,,"Monroe","1",,"06",191,538,753,613,1487,2714,4910,1501,956,609,153,442,677,501,1241,3048,5210,1537,729,275
"G1200890","1970","3","5","Florida","12","Nassau","089",,,,,,,"Nassau","1",,"02",145,548,497,342,641,988,1257,342,190,122,48,284,363,429,766,1351,1565,333,150,47
"G1200910","1970","3","5","Florida","12","Okaloosa","091",,,,,,,"Okaloosa","1",,"01",147,731,803,470,1104,2460,7966,2828,2103,1375,113,541,916,639,1388,3884,8414,2389,1496,319
"G1200930","1970","3","5","Florida","12","Okeechobee","093",,,,,"8240",,"Okeechobee","1",,"06",81,291,276,222,354,657,539,186,90,57,41,155,257,182,305,810,623,184,60,45
"G1200950","1970","3","5","Florida","12","Orange","095",,,,,"5960",,"Orange","0",,"E",1132,3846,4996,3450,8246,15875,24202,11561,7175,5574,1102,3141,4771,3763,9149,20848,35142,12148,6313,2433
"G1200970","1970","3","5","Florida","12","Osceola","097",,,,,"5960",,"Osceola","1",,"05",116,340,537,360,1357,1532,2031,576,302,246,76,223,441,446,1306,2089,2702,643,341,170
"G1200990","1970","3","5","Florida","12","Palm Beach","099",,,,,"8960",,"Palm Beach","0",,"F",1456,5232,6144,4007,10994,17368,25914,12896,8683,6600,1320,3935,5349,3738,12635,22426,39475,15126,7130,3048
"G1201010","1970","3","5","Florida","12","Pasco","101",,,,,"8960",,"Pasco","1",,"05",244,1166,1718,1186,5885,5251,6509,2407,978,519,155,879,1344,1093,5591,6956,8939,2461,848,346
"G1201030","1970","3","5","Florida","12","Pinellas","103",,,,,"8280",,"Pinellas","0",,"B",1664,5164,9033,7558,23999,32432,40819,20984,12104,8609,1502,4092,8211,7541,28046,42328,70064,25137,11462,4525
"G1201050","1970","3","5","Florida","12","Polk","105",,,,,,,"Polk","1",,"05",1090,4910,4892,3126,7302,12217,14424,6127,3616,2629,769,2965,4409,3479,7302,15568,19914,6978,3654,1278
"G1201070","1970","3","5","Florida","12","Putnam","107",,,,,,,"Putnam","1",,"02",276,884,832,579,1078,1875,2288,696,333,387,177,623,945,697,1192,2571,2936,688,271,231
"G1201090","1970","3","5","Florida","12","St Johns","109",,,,,,,"St Johns","1",,"02",159,499,618,342,1041,1560,2156,725,405,299,180,363,604,428,1188,2057,3128,847,578,198
"G1201110","1970","3","5","Florida","12","St Lucie","111",,,,,"8280",,"St Lucie","1",,"04",214,908,1167,725,1860,2751,3553,1420,721,522,211,628,843,763,1821,3445,4540,1656,739,339
"G1201130","1970","3","5","Florida","12","Santa Rosa","113",,,,,"6080",,"Santa Rosa","1",,"D",138,491,638,287,720,1342,2796,1085,699,425,78,344,651,441,864,2030,3237,876,492,131
"G1201150","1970","3","5","Florida","12","Sarasota","115",,,,,"6080",,"Sarasota","1",,"06",175,774,1317,967,5198,6341,11450,5538,4297,2571,252,648,1171,750,5525,7797,17705,7790,3896,1389
"G1201170","1970","3","5","Florida","12","Seminole","117",,,,,"5960",,"Seminole","1",,"E",305,1170,1166,1033,2002,3940,6243,2641,1555,1138,269,939,1223,868,2437,5059,8453,2826,1065,456
"G1201190","1970","3","5","Florida","12","Sumter","119",,,,,,,"Sumter","1",,"05",81,409,413,279,619,911,1016,198,120,99,64,190,306,253,619,1175,1240,174,103,68
"G1201210","1970","3","5","Florida","12","Suwannee","121",,,,,,,"Suwannee","1",,"03",111,546,526,216,606,659,818,177,120,105,126,288,551,244,638,1098,1121,254,150,96
"G1201230","1970","3","5","Florida","12","Taylor","123",,,,,,,"Taylor","1",,"02",125,512,321,183,378,635,787,230,152,95,118,375,426,243,395,843,1004,126,110,100
"G1201250","1970","3","5","Florida","12","Union","125",,,,,,,"Union","1",,"03",62,368,220,219,408,908,724,224,51,62,51,160,123,88,195,308,437,58,37,5
"G1201270","1970","3","5","Florida","12","Volusia","127",,,,,,,"Volusia","1",,"04",592,1958,2636,1796,6095,8537,14130,6207,3644,2696,444,1440,2543,1856,6942,11618,21538,8018,3774,1434
"G1201290","1970","3","5","Florida","12","Wakulla","129",,,,,,,"Wakulla","1",,"01",82,279,140,111,267,264,351,103,19,17,56,156,197,137,203,396,449,88,19,6
"G1201310","1970","3","5","Florida","12","Walton","131",,,,,,,"Walton","1",,"01",120,484,486,199,517,780,1141,287,198,155,140,394,535,276,668,1186,1171,254,215,56
"G1201330","1970","3","5","Florida","12","Washington","133",,,,,"5960",,"Washington","1",,"01",68,503,388,149,515,379,725,149,80,67,68,384,393,262,506,712,715,198,53,56
"G1300010","1970","3","5","Georgia","13","Appling","001",,,,,,,"Appling","1",,"08",75,501,317,361,297,696,551,93,52,39,66,201,330,414,327,1021,777,130,62,30
"G1300030","1970","3","5","Georgia","13","Atkinson","003",,,,,,,"Atkinson","1",,"08",75,254,183,140,151,286,167,60,16,14,38,214,212,150,178,333,219,91,58,0
"G1300050","1970","3","5","Georgia","13","Bacon","005",,,,,,,"Bacon","1",,"08",93,420,284,185,227,417,254,84,55,24,35,243,258,326,248,681,311,47,85,0
"G1300070","1970","3","5","Georgia","13","Baker","007",,,,,,,"Baker","1",,"07",32,204,117,87,44,204,116,36,8,20,29,171,156,76,97,281,158,30,21,4
"G1300090","1970","3","5","Georgia","13","Baldwin","009",,,,,,,"Baldwin","1",,"04",838,1429,1207,685,623,1702,1170,538,399,369,1043,1399,1371,963,756,2308,1788,672,552,169
"G1300110","1970","3","5","Georgia","13","Banks","011",,,,,,,"Banks","1",,"03",47,340,279,215,238,423,193,61,28,12,47,211,239,262,260,577,249,59,63,19
"G1300130","1970","3","5","Georgia","13","Barrow","013",,,,,,,"Barrow","1",,"03",113,608,467,388,521,1030,690,234,152,84,109,394,551,577,680,1505,778,244,164,72
"G1300150","1970","3","5","Georgia","13","Bartow","015",,,,,,,"Bartow","1",,"01",210,965,1112,886,953,1808,1509,417,236,224,151,793,1242,1068,1040,2381,1619,492,258,100
"G1300170","1970","3","5","Georgia","13","Ben Hill","017",,,,,,,"Ben Hill","1",,"07",198,501,493,247,302,644,553,191,135,63,114,507,539,282,414,1241,685,220,153,41
"G1300190","1970","3","5","Georgia","13","Berrien","019",,,,,,,"Berrien","1",,"08",72,465,371,273,350,784,391,212,30,23,57,311,382,325,468,953,500,135,101,5
"G1300210","1970","3","5","Georgia","13","Bibb","021",,,,,"4680",,"Bibb","0",,"F",797,3473,3089,2313,2160,7179,8399,2977,2231,1444,638,3339,3854,3698,3080,10158,10367,3731,2403,948
"G1300230","1970","3","5","Georgia","13","Bleckley","023",,,,,,,"Bleckley","1",,"06",126,396,297,135,173,510,383,148,38,88,107,319,323,207,285,880,424,173,43,36
"G1300250","1970","3","5","Georgia","13","Brantley","025",,,,,,,"Brantley","1",,"09",47,176,201,234,128,228,390,67,21,6,22,123,179,265,157,304,360,48,38,5
"G1300270","1970","3","5","Georgia","13","Brooks","027",,,,,,,"Brooks","1",,"08",149,581,393,219,315,719,443,233,115,43,148,439,483,309,399,1164,631,234,173,35
"G1300290","1970","3","5","Georgia","13","Bryan","029",,,,,,,"Bryan","1",,"09",95,213,194,136,176,410,226,58,43,21,54,158,169,172,152,548,219,68,43,28
"G1300310","1970","3","5","Georgia","13","Bulloch","031",,,,,,,"Bulloch","1",,"08",263,1057,707,473,493,1247,1146,598,399,387,131,624,709,537,604,2046,1460,697,511,254
"G1300330","1970","3","5","Georgia","13","Burke","033",,,,,,,"Burke","1",,"06",255,962,511,275,334,787,437,167,111,52,174,821,692,496,488,1186,471,269,249,20
"G1300350","1970","3","5","Georgia","13","Butts","035",,,,,,,"Butts","1",,"04",98,351,282,262,290,607,406,100,82,63,52,272,336,300,252,790,511,223,104,51
"G1300370","1970","3","5","Georgia","13","Calhoun","037",,,,,,,"Calhoun","1",,"07",132,416,160,88,101,252,117,100,63,19,84,316,254,122,101,510,181,128,80,14
"G1300390","1970","3","5","Georgia","13","Camden","039",,,,,,,"Camden","1",,"09",90,343,265,252,207,486,726,149,93,48,55,185,260,230,256,744,721,166,153,29
"G1300430","1970","3","5","Georgia","13","Candler","043",,,,,,,"Candler","1",,"08",56,283,195,136,139,414,198,99,72,32,38,178,191,187,189,648,216,98,134,30
"G1300450","1970","3","5","Georgia","13","Carroll","045",,,,,,,"Carroll","1",,"03",189,1069,1110,987,1106,2718,1809,791,432,494,172,1009,1235,1210,1236,3468,2127,757,575,205
"G1300470","1970","3","5","Georgia","13","Catoosa","047",,,,,,,"Catoosa","1",,"01",86,470,724,481,755,1627,2109,531,177,97,66,405,714,532,929,2103,2432,434,127,23
"G1300490","1970","3","5","Georgia","13","Charlton","049",,,,,"4680",,"Charlton","1",,"09",43,237,171,87,90,215,262,75,76,9,29,191,158,109,150,354,255,103,56,7
"G1300510","1970","3","5","Georgia","13","Chatham","051",,,,,"7520",,"Chatham","0",,"E",1049,3634,3465,2217,2995,8544,11891,5088,3109,1560,1024,3261,4293,2758,3648,12730,15835,4913,2887,918
"G1300530","1970","3","5","Georgia","13","Chattahoochee","053",,,,,"1800",,"Chattahoochee","1",,"C",41,65,36,43,174,379,1460,539,408,430,12,49,51,76,108,340,710,233,172,29
"G1300550","1970","3","5","Georgia","13","Chattooga","055",,,,,,,"Chattooga","1",,"01",98,753,769,554,671,1201,1016,210,74,74,135,629,788,771,735,1592,1055,196,103,51
"G1300570","1970","3","5","Georgia","13","Cherokee","057",,,,,,,"Cherokee","1",,"03",139,843,978,1074,995,1754,1407,442,247,84,110,606,1067,1157,974,2033,1712,411,299,38
"G1300590","1970","3","5","Georgia","13","Clarke","059",,,,,,,"Clarke","1",,"04",226,870,835,548,713,1452,2324,1431,1647,3192,252,898,1070,869,894,2362,3795,1951,1856,1194
"G1300610","1970","3","5","Georgia","13","Clay","061",,,,,"1800",,"Clay","1",,"07",47,150,111,70,78,170,73,42,37,45,36,163,100,83,103,361,80,85,59,5
"G1300630","1970","3","5","Georgia","13","Clayton","063",,,,,"0520",,"Clayton","1",,"B",151,831,1289,1274,1892,6171,7276,2715,1142,633,219,605,976,1124,1682,7260,8243,1957,804,225
"G1300650","1970","3","5","Georgia","13","Clinch","065",,,,,,,"Clinch","1",,"09",114,365,160,121,181,222,226,62,41,32,38,167,213,176,181,347,298,69,54,0
"G1300670","1970","3","5","Georgia","13","Cobb","067",,,,,"0520",,"Cobb","1",,"B",373,2064,3080,3057,3604,11027,13126,6467,4057,2385,420,1683,3251,3227,3669,14331,16047,4943,2711,536
"G1300690","1970","3","5","Georgia","13","Coffee","069",,,,,,,"Coffee","1",,"08",283,964,622,523,399,1062,813,390,176,121,140,673,613,514,579,1565,1049,500,282,22
"G1300710","1970","3","5","Georgia","13","Colquitt","071",,,,,,,"Colquitt","1",,"08",276,991,972,822,700,1560,1604,481,204,161,149,868,874,875,863,2626,2014,493,275,84
"G1300730","1970","3","5","Georgia","13","Columbia","073",,,,,,,"Columbia","1",,"04",155,466,445,302,320,1193,1479,462,133,96,96,339,402,436,469,1483,1398,398,262,68
"G1300750","1970","3","5","Georgia","13","Cook","075",,,,,,,"Cook","1",,"08",102,444,377,290,335,598,522,156,96,32,94,404,320,268,406,865,656,158,112,12
"G1300770","1970","3","5","Georgia","13","Coweta","077",,,,,,,"Coweta","1",,"04",220,1020,1067,675,765,1693,1412,572,397,204,132,691,1057,682,956,2860,1555,687,504,112
"G1300790","1970","3","5","Georgia","13","Crawford","079",,,,,,,"Crawford","1",,"05",71,269,193,94,88,287,234,25,19,21,59,182,217,164,134,408,244,58,32,0
"G1300810","1970","3","5","Georgia","13","Crisp","081",,,,,,,"Crisp","1",,"07",110,743,395,364,410,756,698,273,222,81,94,638,564,462,520,1327,830,339,357,50
"G1300830","1970","3","5","Georgia","13","Dade","083",,,,,,,"Dade","1",,"01",96,327,347,193,408,445,434,101,74,22,46,216,291,260,419,611,503,101,58,20
"G1300850","1970","3","5","Georgia","13","Dawson","085",,,,,,,"Dawson","1",,"02",41,149,113,167,103,216,97,52,14,0,22,97,152,154,102,305,114,30,36,0
"G1300870","1970","3","5","Georgia","13","Decatur","087",,,,,,,"Decatur","1",,"07",438,977,670,353,341,1151,853,267,159,89,348,923,675,447,508,1685,1128,391,191,71
"G1300890","1970","3","5","Georgia","13","DeKalb","089",,,,,"0520",,"De Kalb","0",,"B",774,3532,4368,4082,5233,17323,22893,16867,15369,10995,795,2602,4475,3960,5721,24964,37961,17905,10913,4126
"G1300910","1970","3","5","Georgia","13","Dodge","091",,,,,,,"Dodge","1",,"06",140,772,465,302,276,968,639,162,90,66,83,460,657,411,504,1312,680,226,168,32
"G1300930","1970","3","5","Georgia","13","Dooly","093",,,,,"0520",,"Dooly","1",,"07",108,497,309,200,222,556,263,167,58,17,123,406,369,220,234,855,348,218,128,24
"G1300950","1970","3","5","Georgia","13","Dougherty","095",,,,,"0120",,"Dougherty","0",,"07",522,1949,1334,963,1277,3670,5188,2107,1298,742,542,1950,1510,1057,1230,5266,6278,2379,1545,334
"G1300970","1970","3","5","Georgia","13","Douglas","097",,,,,,,"Douglas","1",,"03",91,587,707,637,849,1660,1752,472,285,138,55,407,698,699,749,2201,1904,403,236,91
"G1300990","1970","3","5","Georgia","13","Early","099",,,,,,,"Early","1",,"07",145,672,348,249,254,590,396,134,100,35,147,558,388,201,345,1198,422,155,120,23
"G1301010","1970","3","5","Georgia","13","Echols","101",,,,,,,"Echols","1",,"09",32,60,59,27,26,151,69,5,0,5,24,34,52,56,25,126,135,0,6,0
"G1301030","1970","3","5","Georgia","13","Effingham","103",,,,,,,"Effingham","1",,"09",111,404,349,277,327,1005,584,160,64,31,83,309,328,291,280,1244,708,142,87,8
"G1301050","1970","3","5","Georgia","13","Elbert","105",,,,,,,"Elbert","1",,"04",131,443,528,420,426,1458,509,213,157,87,53,309,542,608,514,1969,588,291,248,31
"G1301070","1970","3","5","Georgia","13","Emanuel","107",,,,,,,"Emanuel","1",,"08",251,699,591,372,391,1122,675,109,98,113,102,591,707,448,492,1570,833,224,197,65
"G1301090","1970","3","5","Georgia","13","Evans","109",,,,,,,"Evans","1",,"08",85,301,245,121,149,426,197,91,56,37,11,260,262,176,247,659,233,115,49,51
"G1301110","1970","3","5","Georgia","13","Fannin","111",,,,,,,"Fannin","1",,"02",82,505,564,335,516,578,756,160,78,56,88,416,628,547,551,762,731,242,101,33
"G1301130","1970","3","5","Georgia","13","Fayette","113",,,,,,,"Fayette","1",,"04",84,189,263,251,323,727,744,182,111,25,65,143,238,279,294,930,773,239,119,30
"G1301150","1970","3","5","Georgia","13","Floyd","115",,,,,,,"Floyd","1",,"01",491,1994,1983,1501,1791,4089,3936,1355,1080,535,362,1849,2427,1883,2220,5628,4874,1420,1042,222
"G1301170","1970","3","5","Georgia","13","Forsyth","117",,,,,,,"Forsyth","1",,"03",68,558,563,579,490,915,751,254,71,62,53,384,593,615,547,999,1031,203,84,17
"G1301190","1970","3","5","Georgia","13","Franklin","119",,,,,"0120",,"Franklin","1",,"03",74,352,344,306,395,1046,424,220,103,74,55,288,352,380,380,1393,529,225,163,61
"G1301210","1970","3","5","Georgia","13","Fulton","121",,,,,"0520",,"Fulton","0",,"B",2522,10625,11892,8438,9475,29515,29880,18374,16134,11783,2680,10155,13264,11244,12730,41775,45524,22045,14090,5506
"G1301230","1970","3","5","Georgia","13","Gilmer","123",,,,,,,"Gilmer","1",,"02",67,429,390,362,213,292,465,77,60,41,35,253,504,399,340,409,482,106,92,10
"G1301250","1970","3","5","Georgia","13","Glascock","125",,,,,,,"Glascock","1",,"05",17,135,136,72,65,101,60,11,0,10,13,88,141,96,103,257,56,19,5,0
"G1301270","1970","3","5","Georgia","13","Glynn","127",,,,,,,"Glynn","1",,"09",208,1006,991,815,900,2163,3281,1161,889,561,137,666,1091,863,1010,3319,3949,1321,832,251
"G1301290","1970","3","5","Georgia","13","Gordon","129",,,,,,,"Gordon","1",,"01",132,886,717,674,720,1372,1060,272,127,109,101,627,975,811,730,1715,1158,308,169,64
"G1301310","1970","3","5","Georgia","13","Grady","131",,,,,,,"Grady","1",,"07",186,758,609,350,348,900,737,243,163,72,151,553,623,485,534,1253,939,303,243,54
"G1301330","1970","3","5","Georgia","13","Greene","133",,,,,,,"Greene","1",,"04",82,456,291,247,257,456,446,91,73,48,80,360,355,333,297,613,666,147,140,53
"G1301350","1970","3","5","Georgia","13","Gwinnett","135",,,,,"0520",,"Gwinnett","1",,"B",261,1463,1729,1795,1612,4279,3977,1503,937,522,247,996,1426,1671,1710,5802,4632,1404,727,134
"G1301370","1970","3","5","Georgia","13","Habersham","137",,,,,,,"Habersham","1",,"02",137,570,575,597,556,1088,844,331,256,170,79,448,623,729,549,1350,1166,402,236,79
"G1301390","1970","3","5","Georgia","13","Hall","139",,,,,,,"Hall","1",,"03",322,1547,1776,1468,1426,3293,2552,1059,788,527,264,1300,1778,1782,1611,4406,3376,1166,767,275
"G1301410","1970","3","5","Georgia","13","Hancock","141",,,,,,,"Hancock","1",,"04",128,509,293,176,207,370,222,53,54,27,46,295,362,234,282,630,251,119,120,22
"G1301430","1970","3","5","Georgia","13","Haralson","143",,,,,,,"Haralson","1",,"03",162,405,438,395,521,911,806,306,100,39,95,315,486,525,654,1232,1123,163,115,18
"G1301450","1970","3","5","Georgia","13","Harris","145",,,,,,,"Harris","1",,"04",123,484,388,250,199,583,483,175,129,124,96,313,473,332,247,833,477,292,144,40
"G1301470","1970","3","5","Georgia","13","Hart","147",,,,,,,"Hart","1",,"04",52,389,558,284,454,1322,464,205,140,28,97,442,473,261,589,1730,530,188,150,22
"G1301490","1970","3","5","Georgia","13","Heard","149",,,,,,,"Heard","1",,"03",36,148,225,151,153,446,140,59,23,11,34,119,183,158,213,513,178,76,59,21
"G1301510","1970","3","5","Georgia","13","Henry","151",,,,,"0520",,"Henry","1",,"04",96,515,554,501,528,1797,1077,373,141,57,83,369,556,422,713,2129,1242,498,195,55
"G1301530","1970","3","5","Georgia","13","Houston","153",,,,,"4680",,"Houston","1",,"G",156,718,656,546,815,2208,5600,1879,1214,554,158,554,822,624,1022,3521,5745,1559,888,175
"G1301550","1970","3","5","Georgia","13","Irwin","155",,,,,,,"Irwin","1",,"07",109,296,308,177,202,431,285,105,70,40,73,189,274,255,279,546,380,211,112,18
"G1301570","1970","3","5","Georgia","13","Jackson","157",,,,,,,"Jackson","1",,"03",172,685,811,589,550,961,1010,243,218,103,151,621,741,805,738,1279,1190,346,187,72
"G1301590","1970","3","5","Georgia","13","Jasper","159",,,,,,,"Jasper","1",,"04",51,223,192,140,127,284,241,33,88,41,48,169,198,124,156,427,379,91,57,10
"G1301610","1970","3","5","Georgia","13","Jeff Davis","161",,,,,,,"Jeff Davis","1",,"08",50,363,303,221,203,510,402,98,69,39,58,239,331,243,248,687,495,104,85,22
"G1301630","1970","3","5","Georgia","13","Jefferson","163",,,,,,,"Jefferson","1",,"06",195,766,549,287,445,790,447,136,112,65,201,668,585,505,477,1289,562,245,135,63
"G1301650","1970","3","5","Georgia","13","Jenkins","165",,,,,,,"Jenkins","1",,"06",97,395,301,155,145,533,201,93,59,19,47,392,255,228,265,663,219,92,90,26
"G1301670","1970","3","5","Georgia","13","Johnson","167",,,,,,,"Johnson","1",,"06",128,345,243,140,194,449,248,81,22,40,48,251,254,289,200,664,323,72,62,19
"G1301690","1970","3","5","Georgia","13","Jones","169",,,,,,,"Jones","1",,"04",105,460,297,307,129,591,641,172,126,37,50,273,343,348,219,934,737,135,121,17
"G1301710","1970","3","5","Georgia","13","Lamar","171",,,,,,,"Lamar","1",,"04",80,397,250,225,290,599,311,175,61,78,38,321,399,335,285,725,500,242,132,44
"G1301730","1970","3","5","Georgia","13","Lanier","173",,,,,,,"Lanier","1",,"08",72,274,101,101,134,225,224,43,16,25,20,142,109,154,135,357,288,53,50,10
"G1301750","1970","3","5","Georgia","13","Laurens","175",,,,,,,"Laurens","1",,"06",335,1315,990,695,839,1955,1373,484,313,171,301,955,929,815,845,2593,1828,659,338,86
"G1301770","1970","3","5","Georgia","13","Lee","177",,,,,,,"Lee","1",,"07",74,255,171,94,94,369,243,120,50,53,29,221,188,133,152,534,221,108,59,20
"G1301790","1970","3","5","Georgia","13","Liberty","179",,,,,,,"Liberty","1",,"09",44,388,235,205,287,616,1052,273,192,143,66,334,305,172,294,910,778,192,224,56
"G1301810","1970","3","5","Georgia","13","Lincoln","181",,,,,,,"Lincoln","1",,"04",70,302,204,112,156,374,156,58,33,17,32,87,185,177,184,592,176,73,67,16
"G1301830","1970","3","5","Georgia","13","Long","183",,,,,,,"Long","1",,"09",50,160,159,65,90,157,145,22,16,17,23,91,145,111,101,324,112,40,35,5
"G1301850","1970","3","5","Georgia","13","Lowndes","185",,,,,,,"Lowndes","1",,"08",356,1468,925,741,939,2077,3050,1182,818,657,246,1012,1119,805,1192,3221,4031,1087,917,237
"G1301870","1970","3","5","Georgia","13","Lumpkin","187",,,,,,,"Lumpkin","1",,"02",40,333,293,290,210,386,244,113,54,62,35,174,372,313,227,431,352,127,66,36
"G1301890","1970","3","5","Georgia","13","McDuffie","189",,,,,,,"Mc Duffie","1",,"04",125,590,364,360,346,605,842,153,108,86,106,423,409,383,372,1014,1040,264,113,33
"G1301910","1970","3","5","Georgia","13","McIntosh","191",,,,,,,"Mc Intosh","1",,"09",92,347,258,134,133,275,259,65,39,47,32,220,223,237,156,428,338,94,83,27
"G1301930","1970","3","5","Georgia","13","Macon","193",,,,,,,"Macon","1",,"07",99,654,287,251,261,557,297,176,125,52,67,557,493,298,266,925,299,297,235,70
"G1301950","1970","3","5","Georgia","13","Madison","195",,,,,,,"Madison","1",,"03",97,522,399,391,398,872,482,173,72,43,92,311,412,383,407,1256,632,185,60,18
"G1301970","1970","3","5","Georgia","13","Marion","197",,,,,,,"Marion","1",,"05",69,252,176,92,94,242,142,64,21,5,36,141,204,128,115,487,97,67,73,5
"G1301990","1970","3","5","Georgia","13","Meriwether","199",,,,,,,"Meriwether","1",,"04",206,683,659,360,417,981,777,238,164,147,143,588,755,464,601,1339,874,374,253,84
"G1302010","1970","3","5","Georgia","13","Miller","201",,,,,,,"Miller","1",,"07",111,311,205,169,120,328,249,74,32,28,82,243,251,157,185,501,266,56,123,4
"G1302050","1970","3","5","Georgia","13","Mitchell","205",,,,,,,"Mitchell","1",,"07",259,860,529,264,352,1025,614,185,74,67,207,691,586,440,531,1389,807,291,241,56
"G1302070","1970","3","5","Georgia","13","Monroe","207",,,,,,,"Monroe","1",,"04",92,449,261,258,233,538,378,133,72,79,54,339,379,338,243,792,510,185,148,64
"G1302090","1970","3","5","Georgia","13","Montgomery","209",,,,,,,"Montgomery","1",,"08",30,226,202,127,177,355,243,101,48,23,51,150,166,130,212,506,274,92,51,9
"G1302110","1970","3","5","Georgia","13","Morgan","211",,,,,,,"Morgan","1",,"04",141,384,222,224,204,525,288,141,83,91,96,329,330,298,225,711,412,171,155,16
"G1302130","1970","3","5","Georgia","13","Murray","213",,,,,"4680",,"Murray","1",,"01",123,574,473,363,402,528,593,136,53,54,19,299,614,490,466,739,589,124,82,31
"G1302150","1970","3","5","Georgia","13","Muscogee","215",,,,,"1800",,"Muscogee","0",,"C",812,2663,2620,1688,2461,6409,11057,4503,2999,1718,705,3277,3663,2924,3655,9954,13096,4214,2537,892
"G1302170","1970","3","5","Georgia","13","Newton","217",,,,,,,"Newton","1",,"04",238,855,692,537,689,1457,1185,276,242,88,151,569,772,627,899,1983,1390,415,226,65
"G1302190","1970","3","5","Georgia","13","Oconee","219",,,,,,,"Oconee","1",,"04",49,241,262,167,200,298,402,177,62,136,31,147,153,203,268,515,580,115,125,57
"G1302210","1970","3","5","Georgia","13","Oglethorpe","221",,,,,,,"Oglethorpe","1",,"04",112,269,316,240,196,415,249,60,41,21,68,229,248,274,230,658,268,98,65,6
"G1302230","1970","3","5","Georgia","13","Paulding","223",,,,,,,"Paulding","1",,"03",79,538,601,370,714,1165,836,88,76,24,91,472,581,547,573,1402,788,136,80,11
"G1302250","1970","3","5","Georgia","13","Peach","225",,,,,,,"Peach","1",,"07",123,351,287,274,232,737,605,268,197,149,129,397,330,264,301,1111,574,441,312,135
"G1302270","1970","3","5","Georgia","13","Pickens","227",,,,,,,"Pickens","1",,"02",63,336,392,385,255,608,279,91,51,42,34,277,353,501,323,708,338,145,65,6
"G1302290","1970","3","5","Georgia","13","Pierce","229",,,,,,,"Pierce","1",,"09",46,364,294,252,225,460,437,101,59,33,19,227,312,264,327,696,538,161,62,23
"G1302310","1970","3","5","Georgia","13","Pike","231",,,,,,,"Pike","1",,"04",136,370,196,135,170,409,269,108,31,26,69,227,262,224,184,620,247,87,82,18
"G1302330","1970","3","5","Georgia","13","Polk","233",,,,,,,"Polk","1",,"01",169,1090,974,736,714,1636,1580,353,165,125,175,725,1352,963,1013,2457,1542,335,175,84
"G1302350","1970","3","5","Georgia","13","Pulaski","235",,,,,,,"Pulaski","1",,"07",116,350,258,129,158,431,317,118,88,21,89,327,199,193,217,677,377,184,173,24
"G1302370","1970","3","5","Georgia","13","Putnam","237",,,,,,,"Putnam","1",,"04",20,313,214,143,259,399,395,83,91,74,48,255,200,126,228,486,506,172,100,47
"G1302390","1970","3","5","Georgia","13","Quitman","239",,,,,,,"Quitman","1",,"07",58,115,78,20,40,84,75,16,0,0,28,101,137,27,58,125,106,16,16,5
"G1302410","1970","3","5","Georgia","13","Rabun","241",,,,,,,"Rabun","1",,"02",86,238,299,246,191,569,307,128,116,79,25,167,290,303,258,684,429,191,102,45
"G1302430","1970","3","5","Georgia","13","Randolph","243",,,,,"1800",,"Randolph","1",,"07",138,450,245,191,141,508,205,108,38,21,102,345,285,240,281,857,325,104,83,26
"G1302450","1970","3","5","Georgia","13","Richmond","245",,,,,"0600",,"Richmond","0",,"D",808,2937,2838,2037,2729,6125,9736,3620,2450,2316,728,2850,3275,2707,3530,8884,10799,4133,2703,776
"G1302470","1970","3","5","Georgia","13","Rockdale","247",,,,,,,"Rockdale","1",,"04",116,459,472,341,437,1097,1031,285,154,148,94,317,461,346,564,1287,1126,353,148,38
"G1302490","1970","3","5","Georgia","13","Schley","249",,,,,,,"Schley","1",,"07",40,116,108,54,92,148,99,22,10,7,18,97,71,88,68,308,120,51,26,8
"G1302510","1970","3","5","Georgia","13","Screven","251",,,,,,,"Screven","1",,"06",175,689,422,208,304,706,257,131,133,37,111,515,483,317,343,1076,337,218,150,9
"G1302530","1970","3","5","Georgia","13","Seminole","253",,,,,,,"Seminole","1",,"07",92,275,254,104,162,287,348,109,65,30,87,209,194,142,177,611,382,108,94,5
"G1302550","1970","3","5","Georgia","13","Spalding","255",,,,,,,"Spalding","1",,"04",379,1260,1110,724,800,2154,1844,788,374,335,246,1230,1370,1203,1149,3112,2178,677,503,81
"G1302570","1970","3","5","Georgia","13","Stephens","257",,,,,,,"Stephens","1",,"03",114,518,599,526,552,1212,1102,315,217,92,105,467,702,672,596,1558,1359,332,248,89
"G1302590","1970","3","5","Georgia","13","Stewart","259",,,,,,,"Stewart","1",,"07",67,386,183,104,110,289,182,55,40,31,111,241,265,132,118,486,246,90,74,12
"G1302610","1970","3","5","Georgia","13","Sumter","261",,,,,,,"Sumter","1",,"07",291,910,578,402,461,1168,755,589,248,223,290,899,842,488,544,1876,1145,839,376,140
"G1302630","1970","3","5","Georgia","13","Talbot","263",,,,,,,"Talbot","1",,"04",30,459,167,150,104,360,124,28,66,32,21,252,225,197,159,426,207,115,109,11
"G1302650","1970","3","5","Georgia","13","Taliaferro","265",,,,,,,"Taliaferro","1",,"04",72,127,67,48,33,161,45,8,24,0,37,122,97,101,75,231,36,20,13,12
"G1302670","1970","3","5","Georgia","13","Tattnall","267",,,,,,,"Tattnall","1",,"08",132,823,739,597,509,1365,952,321,77,33,82,434,435,409,424,1032,799,161,111,25
"G1302690","1970","3","5","Georgia","13","Taylor","269",,,,,,,"Taylor","1",,"05",119,384,237,128,232,395,214,49,54,26,62,277,320,209,262,639,214,151,93,6
"G1302710","1970","3","5","Georgia","13","Telfair","271",,,,,,,"Telfair","1",,"06",98,552,373,303,224,459,401,234,92,43,67,390,335,398,331,901,463,184,146,28
"G1302730","1970","3","5","Georgia","13","Terrell","273",,,,,,,"Terrell","1",,"07",155,458,293,184,227,505,329,230,74,52,126,405,327,255,232,922,513,303,127,20
"G1302750","1970","3","5","Georgia","13","Thomas","275",,,,,,,"Thomas","1",,"08",506,1311,1034,565,681,1656,1451,535,323,267,345,1002,1077,811,1045,2338,1975,691,461,173
"G1302770","1970","3","5","Georgia","13","Tift","277",,,,,,,"Tift","1",,"07",226,879,677,518,614,1259,984,444,311,297,160,746,815,585,632,1891,1219,670,361,110
"G1302790","1970","3","5","Georgia","13","Toombs","279",,,,,,,"Toombs","1",,"08",163,657,601,364,340,1070,679,349,176,66,183,541,563,493,592,1634,910,280,215,63
"G1302810","1970","3","5","Georgia","13","Towns","281",,,,,,,"Towns","1",,"02",66,153,129,177,117,228,180,111,18,46,15,162,138,240,125,200,290,93,46,17
"G1302830","1970","3","5","Georgia","13","Treutlen","283",,,,,,,"Treutlen","1",,"06",131,216,261,107,112,256,125,59,41,28,77,202,189,183,165,472,128,60,114,15
"G1302850","1970","3","5","Georgia","13","Troup","285",,,,,,,"Troup","1",,"04",282,1644,1383,972,942,2185,1985,666,442,314,250,1419,1828,1360,1278,3550,2350,775,568,173
"G1302870","1970","3","5","Georgia","13","Turner","287",,,,,,,"Turner","1",,"07",68,355,289,224,213,558,213,155,30,33,78,238,281,218,240,818,306,186,92,11
"G1302890","1970","3","5","Georgia","13","Twiggs","289",,,,,,,"Twiggs","1",,"05",103,473,258,177,147,372,215,58,38,9,88,285,312,212,179,569,221,111,40,0
"G1302910","1970","3","5","Georgia","13","Union","291",,,,,,,"Union","1",,"02",40,201,296,349,265,347,203,109,50,24,24,163,260,454,227,455,231,98,51,43
"G1302930","1970","3","5","Georgia","13","Upson","293",,,,,"0600",,"Upson","1",,"04",166,936,778,523,617,1256,1162,389,192,118,136,853,938,663,709,1635,1578,380,248,57
"G1302950","1970","3","5","Georgia","13","Walker","295",,,,,"1560",,"Walker","1",,"A",179,1412,1469,1243,1516,2870,2988,813,442,285,154,1080,1659,1475,1853,3562,3371,747,520,96
"G1302970","1970","3","5","Georgia","13","Walton","297",,,,,,,"Walton","1",,"04",181,728,748,572,639,1319,940,254,161,107,150,574,840,615,991,1809,1118,239,226,57
"G1302990","1970","3","5","Georgia","13","Ware","299",,,,,,,"Ware","1",,"09",221,935,903,585,713,2136,1538,607,345,246,80,848,1028,849,882,3010,1806,712,487,177
"G1303010","1970","3","5","Georgia","13","Warren","301",,,,,,,"Warren","1",,"04",123,347,200,136,117,237,184,55,39,17,101,245,239,201,170,540,220,126,45,13
"G1303030","1970","3","5","Georgia","13","Washington","303",,,,,,,"Washington","1",,"05",252,997,430,370,284,834,494,155,134,63,157,789,621,371,398,1545,580,283,174,59
"G1303050","1970","3","5","Georgia","13","Wayne","305",,,,,,,"Wayne","1",,"09",105,537,485,396,345,874,1042,278,160,82,84,436,458,486,415,1215,1104,292,180,81
"G1303070","1970","3","5","Georgia","13","Webster","307",,,,,,,"Webster","1",,"07",32,157,67,39,63,129,39,9,15,4,28,57,66,70,72,206,43,47,19,0
"G1303090","1970","3","5","Georgia","13","Wheeler","309",,,,,,,"Wheeler","1",,"06",40,256,213,91,108,274,80,42,26,9,27,192,190,194,98,343,92,79,65,17
"G1303110","1970","3","5","Georgia","13","White","311",,,,,,,"White","1",,"02",49,286,303,167,239,411,358,120,33,51,20,190,274,301,222,566,396,105,85,5
"G1303130","1970","3","5","Georgia","13","Whitfield","313",,,,,,,"Whitfield","1",,"01",311,1777,1707,1261,1554,2862,2572,644,626,286,237,1447,1786,1698,1965,3374,2927,763,517,122
"G1303150","1970","3","5","Georgia","13","Wilcox","315",,,,,,,"Wilcox","1",,"07",91,296,232,155,151,319,327,93,25,29,24,254,323,167,183,511,417,116,47,17
"G1303170","1970","3","5","Georgia","13","Wilkes","317",,,,,,,"Wilkes","1",,"04",123,363,304,242,252,613,415,164,80,79,108,285,326,217,300,822,580,256,191,35
"G1303190","1970","3","5","Georgia","13","Wilkinson","319",,,,,,,"Wilkinson","1",,"05",134,463,317,183,138,553,262,120,66,24,43,379,262,215,254,784,322,178,40,36
"G1303210","1970","3","5","Georgia","13","Worth","321",,,,,"1560",,"Worth","1",,"07",221,628,367,257,298,832,607,179,58,41,209,460,412,328,415,999,812,159,122,32
"G1500010","1970","4","9","Hawaii","15","Hawaii","001",,,,,,,"Hawaii","1",,"01",1352,1749,1596,769,1741,2874,5410,1316,666,647,680,1157,1597,664,1515,2665,5493,1322,554,734
"G1500030","1970","4","9","Hawaii","15","Honolulu","003",,,,,"3320",,"Honolulu","0",,"A",3619,7322,7279,3179,10673,20814,56758,19063,15556,12756,3490,5971,7977,3253,11261,20068,59019,20827,11096,8548
"G1500070","1970","4","9","Hawaii","15","Kauai","007",,,,,,,"Kauai","1",,"01",599,1245,765,357,1194,1020,2197,751,389,292,382,599,722,273,1329,858,2303,712,319,190
"G1500090","1970","4","9","Hawaii","15","Maui","009",,,,,"3320",,"Maui","1",,"01",1049,1514,1163,513,1956,1609,3461,908,545,489,525,827,1244,436,1800,1457,3666,1189,532,434
"G1600010","1970","4","8","Idaho","16","Ada","001",,,,,"1080",,"Ada","0",,"03",108,383,549,610,3289,4398,8901,5180,3040,2048,170,245,448,447,2625,4865,12932,6280,2339,695
"G1600030","1970","4","8","Idaho","16","Adams","003",,,,,,,"Adams","1",,"01",0,16,4,43,193,169,254,85,26,32,10,5,9,11,128,205,276,75,38,10
"G1600050","1970","4","8","Idaho","16","Bannock","005",,,,,,,"Bannock","1",,"04",67,177,277,278,1450,2126,3658,2387,827,872,73,132,270,217,1276,2632,4705,2168,764,372
"G1600070","1970","4","8","Idaho","16","Bear Lake","007",,,,,,,"Bear Lake","1",,"04",5,17,34,11,243,339,567,168,119,46,5,5,16,6,221,397,687,205,52,31
"G1600090","1970","4","8","Idaho","16","Benewah","009",,,,,,,"Benewah","1",,"02",19,73,106,103,421,335,498,122,82,63,19,24,35,73,287,369,529,213,65,47
"G1600110","1970","4","8","Idaho","16","Bingham","011",,,,,,,"Bingham","1",,"04",140,173,252,168,1061,1332,2077,1001,360,337,95,71,144,139,885,1290,2697,1242,309,119
"G1600130","1970","4","8","Idaho","16","Blaine","013",,,,,,,"Blaine","1",,"01",0,9,26,23,334,238,554,234,103,106,0,9,4,12,203,303,614,321,83,55
"G1600150","1970","4","8","Idaho","16","Boise","015",,,,,,,"Boise","1",,"01",7,5,10,5,93,122,216,47,35,0,0,5,0,6,56,124,149,67,22,4
"G1600170","1970","4","8","Idaho","16","Bonner","017",,,,,,,"Bonner","1",,"01",19,126,179,202,1018,837,1317,452,178,118,25,79,92,124,656,1123,1688,503,180,76
"G1600190","1970","4","8","Idaho","16","Bonneville","019",,,,,,,"Bonneville","1",,"04",63,127,264,223,1329,1642,3780,2032,1384,1142,68,96,122,248,1326,2064,5053,2295,941,215
"G1600210","1970","4","8","Idaho","16","Boundary","021",,,,,,,"Boundary","1",,"01",21,56,76,72,429,347,453,161,62,68,0,47,45,71,312,410,557,215,68,57
"G1600230","1970","4","8","Idaho","16","Butte","023",,,,,,,"Butte","1",,"01",5,10,16,16,132,134,254,121,45,32,5,6,0,12,71,179,281,134,23,7
"G1600250","1970","4","8","Idaho","16","Camas","025",,,,,,,"Camas","1",,"01",0,0,0,7,24,23,65,50,11,21,0,0,0,0,6,41,78,65,6,0
"G1600270","1970","4","8","Idaho","16","Canyon","027",,,,,,,"Canyon","1",,"03",308,569,727,579,2871,2621,4716,1686,857,782,270,278,463,413,2696,3489,5797,2392,924,332
"G1600290","1970","4","8","Idaho","16","Caribou","029",,,,,,,"Caribou","1",,"04",11,5,40,13,240,248,593,216,136,91,0,8,20,22,172,291,749,235,75,41
"G1600310","1970","4","8","Idaho","16","Cassia","031",,,,,,,"Cassia","1",,"03",36,103,126,88,691,931,1296,557,210,127,40,66,88,137,477,975,1558,737,176,34
"G1600330","1970","4","8","Idaho","16","Clark","033",,,,,,,"Clark","1",,"01",5,7,5,9,37,40,36,32,5,4,0,0,0,7,4,49,51,27,17,0
"G1600350","1970","4","8","Idaho","16","Clearwater","035",,,,,,,"Clearwater","1",,"01",0,62,110,142,625,744,947,254,132,96,9,46,33,82,508,696,994,280,92,14
"G1600370","1970","4","8","Idaho","16","Custer","037",,,,,,,"Custer","1",,"01",8,8,12,26,245,150,248,89,73,31,0,5,18,23,122,195,306,113,20,22
"G1600390","1970","4","8","Idaho","16","Elmore","039",,,,,,,"Elmore","1",,"01",33,46,84,102,393,570,1605,519,270,233,20,51,70,77,279,667,1568,508,243,104
"G1600410","1970","4","8","Idaho","16","Franklin","041",,,,,,,"Franklin","1",,"04",4,46,44,10,308,348,652,304,119,59,25,16,59,27,233,383,837,272,114,12
"G1600430","1970","4","8","Idaho","16","Fremont","043",,,,,,,"Fremont","1",,"04",9,33,60,94,317,397,647,366,129,100,10,15,45,40,324,427,813,359,81,22
"G1600450","1970","4","8","Idaho","16","Gem","045",,,,,,,"Gem","1",,"03",18,46,105,82,708,524,743,195,88,52,28,32,98,66,484,596,984,258,90,5
"G1600470","1970","4","8","Idaho","16","Gooding","047",,,,,,,"Gooding","1",,"03",4,55,63,110,490,551,750,240,98,87,4,43,42,53,354,552,945,365,130,54
"G1600490","1970","4","8","Idaho","16","Idaho","049",,,,,,,"Idaho","1",,"01",6,53,98,111,808,653,1069,291,207,143,22,23,104,122,545,654,1235,519,168,52
"G1600510","1970","4","8","Idaho","16","Jefferson","051",,,,,,,"Jefferson","1",,"04",32,76,81,142,448,586,930,378,89,79,6,53,39,61,385,669,1072,356,124,15
"G1600530","1970","4","8","Idaho","16","Jerome","053",,,,,,,"Jerome","1",,"03",19,104,142,145,606,570,691,307,140,66,11,47,83,99,425,613,1117,380,89,26
"G1600550","1970","4","8","Idaho","16","Kootenai","055",,,,,,,"Kootenai","1",,"02",34,211,382,352,1577,1762,2929,1387,518,388,35,74,270,156,1313,2369,3830,1459,412,228
"G1600570","1970","4","8","Idaho","16","Latah","057",,,,,,,"Latah","1",,"02",30,96,163,208,919,581,1631,843,334,1030,8,54,41,97,747,839,2009,1005,492,315
"G1600590","1970","4","8","Idaho","16","Lemhi","059",,,,,,,"Lemhi","1",,"01",17,13,102,47,368,293,419,176,93,105,0,28,73,21,229,274,531,297,84,25
"G1600610","1970","4","8","Idaho","16","Lewis","061",,,,,,,"Lewis","1",,"02",0,25,30,45,207,164,423,120,49,54,4,14,26,40,154,241,313,200,56,10
"G1600630","1970","4","8","Idaho","16","Lincoln","063",,,,,,,"Lincoln","1",,"03",0,29,24,31,145,216,266,106,14,27,4,0,21,18,100,248,289,136,18,8
"G1600650","1970","4","8","Idaho","16","Madison","065",,,,,,,"Madison","1",,"04",16,27,30,34,256,372,690,478,163,232,22,23,47,36,241,413,837,565,187,68
"G1600670","1970","4","8","Idaho","16","Minidoka","067",,,,,,,"Minidoka","1",,"03",69,121,168,134,621,627,1357,467,227,96,67,106,140,65,477,863,1364,608,160,25
"G1600690","1970","4","8","Idaho","16","Nez Perce","069",,,,,,,"Nez Perce","1",,"02",15,141,223,231,1196,1490,2796,949,572,415,49,39,160,184,986,1687,3116,1411,519,205
"G1600710","1970","4","8","Idaho","16","Oneida","071",,,,,,,"Oneida","1",,"04",0,11,23,34,152,116,178,183,90,40,8,0,15,13,131,130,312,182,48,20
"G1600730","1970","4","8","Idaho","16","Owyhee","073",,,,,,,"Owyhee","1",,"03",21,58,110,108,399,296,459,102,96,73,10,41,68,71,262,319,545,169,79,16
"G1600750","1970","4","8","Idaho","16","Payette","075",,,,,,,"Payette","1",,"03",33,100,177,118,663,614,1069,369,172,125,43,23,134,103,637,791,1354,423,164,61
"G1600770","1970","4","8","Idaho","16","Power","077",,,,,,,"Power","1",,"04",0,27,44,20,196,224,418,156,79,82,8,26,39,23,172,258,450,165,62,10
"G1600790","1970","4","8","Idaho","16","Shoshone","079",,,,,,,"Shoshone","1",,"01",23,84,212,229,1000,1269,1516,505,315,194,53,57,143,152,777,1230,1956,434,215,80
"G1600810","1970","4","8","Idaho","16","Teton","081",,,,,,,"Teton","1",,"04",9,10,7,20,94,113,202,84,40,22,4,15,4,10,65,117,220,106,34,12
"G1600830","1970","4","8","Idaho","16","Twin Falls","083",,,,,,,"Twin Falls","1",,"03",90,244,394,388,1941,1974,3590,1377,638,407,71,192,318,377,1720,2439,4496,1933,552,144
"G1600850","1970","4","8","Idaho","16","Valley","085",,,,,,,"Valley","1",,"01",15,4,56,48,179,216,286,105,70,58,18,9,9,8,122,189,380,169,87,18
"G1600870","1970","4","8","Idaho","16","Washington","087",,,,,"1080",,"Washington","1",,"03",15,95,139,87,473,443,654,162,62,56,22,66,66,90,419,488,788,282,67,17
"G1700010","1970","2","3","Illinois","17","Adams","001",,,,,,,"Adams","1",,"04",116,353,926,772,4021,3253,6147,1619,913,775,45,228,851,804,4227,3699,8360,2022,838,386
"G1700030","1970","2","3","Illinois","17","Alexander","003",,,,,,,"Alexander","1",,"11",105,373,404,194,531,548,798,158,77,41,70,298,322,403,828,716,1082,198,103,30
"G1700050","1970","2","3","Illinois","17","Bond","005",,,,,,,"Bond","1",,"07",14,95,161,246,1188,509,1016,254,179,139,37,43,141,192,1072,725,1238,353,254,114
"G1700070","1970","2","3","Illinois","17","Boone","007",,,,,"6880",,"Boone","1",,"02",21,163,231,333,1349,1158,2201,483,294,276,55,59,168,218,1048,1402,2668,601,246,135
"G1700090","1970","2","3","Illinois","17","Brown","009",,,,,,,"Brown","1",,"04",13,44,107,88,608,200,451,77,21,21,13,32,60,38,581,302,611,120,53,11
"G1700110","1970","2","3","Illinois","17","Bureau","011",,,,,,,"Bureau","1",,"03",52,306,486,426,2141,1784,3552,810,466,441,80,263,314,398,2156,2024,4443,1158,613,145
"G1700130","1970","2","3","Illinois","17","Calhoun","013",,,,,,,"Calhoun","1",,"04",17,103,169,155,614,154,389,75,21,18,7,60,114,116,640,215,442,76,23,22
"G1700150","1970","2","3","Illinois","17","Carroll","015",,,,,,,"Carroll","1",,"01",14,181,147,216,1236,775,1960,358,301,115,4,50,130,102,1233,891,2346,526,318,61
"G1700170","1970","2","3","Illinois","17","Cass","017",,,,,"6880",,"Cass","1",,"06",52,130,191,158,928,596,1480,148,111,61,14,69,193,199,979,861,1732,303,138,33
"G1700190","1970","2","3","Illinois","17","Champaign","019",,,,,"1400",,"Champaign","0",,"06",177,627,895,761,3289,4127,10558,3736,2852,7913,207,326,876,688,3903,5540,13599,4790,3394,3171
"G1700210","1970","2","3","Illinois","17","Christian","021",,,,,,,"Christian","1",,"06",98,305,436,402,2515,1632,3303,469,343,249,68,232,525,358,2303,2105,4343,748,440,132
"G1700230","1970","2","3","Illinois","17","Clark","023",,,,,,,"Clark","1",,"09",40,107,194,186,1431,612,1372,314,143,130,10,45,171,171,1741,850,1751,428,88,77
"G1700250","1970","2","3","Illinois","17","Clay","025",,,,,,,"Clay","1",,"08",20,142,204,158,1319,671,1188,260,101,47,16,110,176,174,1624,850,1362,284,115,46
"G1700270","1970","2","3","Illinois","17","Clinton","027",,,,,,,"Clinton","1",,"07",44,273,456,337,2385,912,1763,443,186,182,44,186,517,398,2545,969,2134,440,182,125
"G1700290","1970","2","3","Illinois","17","Coles","029",,,,,"1400",,"Coles","1",,"06",123,258,446,368,2267,1710,3210,1225,603,911,54,225,404,492,2619,2402,4217,1520,696,452
"G1700310","1970","2","3","Illinois","17","Cook","031",,,,"B","1600",,"Cook","0",,"C",21119,51789,77035,53579,192334,282743,377774,176255,103429,99642,29092,54321,84634,58761,243787,328723,528439,166957,86619,44467
"G1700330","1970","2","3","Illinois","17","Crawford","033",,,,,,,"Crawford","1",,"09",14,109,183,181,1540,759,2152,448,225,171,54,82,140,184,1849,1134,2408,524,163,126
"G1700350","1970","2","3","Illinois","17","Cumberland","035",,,,,,,"Cumberland","1",,"08",9,70,115,127,840,506,707,135,54,67,10,31,123,145,976,444,941,234,65,35
"G1700370","1970","2","3","Illinois","17","DeKalb","037",,,,,,,"De Kalb","1",,"01",139,259,394,444,2517,1889,4937,1598,1047,1909,107,155,286,283,2186,2512,6035,2062,1240,1087
"G1700390","1970","2","3","Illinois","17","De Witt","039",,,,,,,"De Witt","1",,"06",21,76,164,209,1161,807,1609,261,185,174,18,101,196,178,1002,1026,2043,543,183,92
"G1700410","1970","2","3","Illinois","17","Douglas","041",,,,,,,"Douglas","1",,"06",58,120,174,185,1070,568,1977,379,244,218,10,90,178,190,1224,885,2226,606,194,121
"G1700430","1970","2","3","Illinois","17","Dupage","043",,,,"B","1600",,"Du Page","0",,"C",595,1258,2025,1908,9935,17196,35989,20380,18716,14833,715,1392,2348,2045,11850,19663,55182,20362,12939,4395
"G1700450","1970","2","3","Illinois","17","Edgar","045",,,,,,,"Edgar","1",,"06",40,107,244,176,1361,1114,2108,491,235,136,22,108,240,112,1474,1318,2644,707,250,101
"G1700470","1970","2","3","Illinois","17","Edwards","047",,,,,,,"Edwards","1",,"09",4,54,84,79,679,269,719,94,46,46,0,35,94,75,657,484,824,203,16,4
"G1700490","1970","2","3","Illinois","17","Effingham","049",,,,,,,"Effingham","1",,"07",11,115,228,260,2112,674,1894,505,262,194,31,105,254,259,2235,983,2360,599,246,86
"G1700510","1970","2","3","Illinois","17","Fayette","051",,,,,,,"Fayette","1",,"07",38,164,310,262,2156,935,1654,261,113,145,18,112,235,238,2215,1041,1917,415,155,65
"G1700530","1970","2","3","Illinois","17","Ford","053",,,,,,,"Ford","1",,"06",7,48,159,142,935,632,1823,322,204,207,22,25,116,143,875,652,2295,554,225,81
"G1700550","1970","2","3","Illinois","17","Franklin","055",,,,,,,"Franklin","1",,"10",117,695,793,679,3038,1664,2855,800,295,284,223,840,938,724,3537,2542,3553,708,303,71
"G1700570","1970","2","3","Illinois","17","Fulton","057",,,,,,,"Fulton","1",,"03",60,247,400,406,2844,2151,4206,782,363,298,40,132,431,415,2734,2634,5025,1075,419,134
"G1700590","1970","2","3","Illinois","17","Gallatin","059",,,,,,,"Gallatin","1",,"09",22,133,166,211,622,345,480,80,59,32,49,115,136,131,643,452,545,82,48,8
"G1700610","1970","2","3","Illinois","17","Greene","061",,,,,,,"Greene","1",,"04",19,166,178,273,1255,737,1579,236,99,127,15,142,199,224,1247,997,1940,353,193,82
"G1700630","1970","2","3","Illinois","17","Grundy","063",,,,,,,"Grundy","1",,"05",9,105,256,254,1471,1293,2533,629,285,215,10,84,289,186,1149,1377,3343,558,310,87
"G1700650","1970","2","3","Illinois","17","Hamilton","065",,,,,,,"Hamilton","1",,"08",47,66,111,86,1038,410,594,131,74,71,9,40,149,124,1329,447,645,142,52,15
"G1700670","1970","2","3","Illinois","17","Hancock","067",,,,,,,"Hancock","1",,"03",44,138,175,218,1348,929,2420,612,213,219,29,101,166,128,1402,1224,2889,921,345,104
"G1700690","1970","2","3","Illinois","17","Hardin","069",,,,,,,"Hardin","1",,"11",12,131,186,127,443,117,305,48,45,45,11,85,176,112,518,184,388,70,32,11
"G1700710","1970","2","3","Illinois","17","Henderson","071",,,,,"1600",,"Henderson","1",,"03",0,57,83,69,465,502,843,196,71,59,37,33,98,44,402,504,1044,219,91,12
"G1700730","1970","2","3","Illinois","17","Henry","073",,,,,"1960",,"Henry","1",,"03",130,298,717,767,3020,2476,5125,706,575,496,130,148,526,634,2888,2902,6690,1271,574,146
"G1700750","1970","2","3","Illinois","17","Iroquois","075",,,,,,,"Iroquois","1",,"06",47,246,382,393,2278,1432,3278,522,308,231,33,175,335,330,2007,1853,4049,887,390,63
"G1700770","1970","2","3","Illinois","17","Jackson","077",,,,,,,"Jackson","1",,"11",72,370,467,269,2317,1257,2455,1572,732,2017,72,346,521,382,2704,1690,3387,1628,912,804
"G1700790","1970","2","3","Illinois","17","Jasper","079",,,,,,,"Jasper","1",,"08",20,46,74,88,1193,399,828,164,92,55,13,60,110,110,1293,461,959,176,64,25
"G1700810","1970","2","3","Illinois","17","Jefferson","081",,,,,,,"Jefferson","1",,"10",42,268,506,409,2585,1178,2299,655,388,322,40,221,487,456,3139,1694,2962,640,246,138
"G1700830","1970","2","3","Illinois","17","Jersey","083",,,,,,,"Jersey","1",,"04",42,154,316,242,1260,776,1330,262,174,151,38,89,242,274,1344,926,1664,307,188,67
"G1700850","1970","2","3","Illinois","17","Jo Daviess","085",,,,,,,"Jo Daviess","1",,"01",35,140,199,214,1678,847,2027,322,171,146,35,47,117,226,1518,998,2390,611,192,51
"G1700870","1970","2","3","Illinois","17","Johnson","087",,,,,"1960",,"Johnson","1",,"11",17,134,151,113,701,210,611,201,59,70,51,52,109,152,772,313,697,166,52,24
"G1700890","1970","2","3","Illinois","17","Kane","089",,,,"B","1600",,"Kane","1",,"C",722,1537,2543,2160,8483,11723,20481,7267,4380,3559,743,1311,2359,1913,10056,13712,26690,6996,3834,1220
"G1700910","1970","2","3","Illinois","17","Kankakee","091",,,,,,,"Kankakee","1",,"05",372,946,1334,1068,5025,4544,8066,2020,1195,859,416,740,1277,1237,4840,5362,10282,2264,1026,451
"G1700930","1970","2","3","Illinois","17","Kendall","093",,,,,,,"Kendall","1",,"05",24,78,126,126,984,1149,2775,815,393,304,25,20,88,137,792,1217,3287,786,409,104
"G1700950","1970","2","3","Illinois","17","Knox","095",,,,,,,"Knox","1",,"03",172,334,796,782,2644,3012,5833,1354,850,686,137,287,556,554,2478,3580,8080,1894,998,398
"G1700970","1970","2","3","Illinois","17","Lake","097",,,,"B","1600",,"Lake","1",,"C",793,1964,2823,2572,10320,15186,26687,11031,10607,9643,967,1739,2761,2039,10722,17027,34761,13100,8981,3202
"G1700990","1970","2","3","Illinois","17","La Salle","099",,,,,,,"La Salle","1",,"05",180,627,1177,1155,6417,5450,10243,2326,1065,1074,193,664,1304,1117,6951,6336,12344,3013,1097,405
"G1701010","1970","2","3","Illinois","17","Lawrence","101",,,,,,,"Lawrence","1",,"09",66,127,256,138,1000,766,1649,433,181,170,49,120,221,297,1487,893,2135,439,120,66
"G1701030","1970","2","3","Illinois","17","Lee","103",,,,,,,"Lee","1",,"01",355,524,459,468,2085,1438,3351,617,323,370,52,97,308,271,2010,1837,4512,1112,512,216
"G1701050","1970","2","3","Illinois","17","Livingston","105",,,,,,,"Livingston","1",,"06",21,173,308,429,2343,1785,4028,667,320,336,31,152,346,389,2388,2162,4578,1143,470,189
"G1701070","1970","2","3","Illinois","17","Logan","107",,,,,,,"Logan","1",,"06",187,147,324,357,1867,1801,2775,917,290,488,372,118,206,350,1708,1927,3556,1113,518,183
"G1701090","1970","2","3","Illinois","17","McDonough","109",,,,,,,"Mc Donough","1",,"03",31,74,192,214,1327,1299,2640,706,419,877,16,40,136,185,1263,1575,3245,1179,696,438
"G1701110","1970","2","3","Illinois","17","McHenry","111",,,,"B","1600",,"Mc Henry","1",,"C",214,428,1014,973,4884,5420,8826,3261,2010,1747,228,371,886,878,4780,5663,12603,3051,1735,539
"G1701130","1970","2","3","Illinois","17","McLean","113",,,,,"1040",,"Mc Lean","0",,"06",113,492,773,941,3752,3374,7553,2394,2230,2269,194,401,777,798,4227,4355,10093,3531,2198,1176
"G1701150","1970","2","3","Illinois","17","Macon","115",,,,,"2040",,"Macon","0",,"G",192,678,1427,1609,4610,6577,10310,2691,2083,1606,187,559,1312,1586,5354,8131,14111,3174,1760,672
"G1701170","1970","2","3","Illinois","17","Macoupin","117",,,,,"2040",,"Macoupin","1",,"04",143,451,799,631,3053,1820,4070,635,300,318,149,385,743,609,3431,2454,4762,914,470,121
"G1701190","1970","2","3","Illinois","17","Madison","119",,,,,"7040",,"Madison","1",,"F",737,2224,3362,3748,12704,10828,19800,5200,2995,3003,785,1995,3659,3503,15281,13546,25181,4258,2449,1267
"G1701210","1970","2","3","Illinois","17","Marion","121",,,,,,,"Marion","1",,"08",58,357,531,402,3007,1626,2998,889,366,336,82,281,483,520,3660,2118,3831,1068,315,182
"G1701230","1970","2","3","Illinois","17","Marshall","123",,,,,,,"Marshall","1",,"03",11,69,163,131,779,542,1422,240,188,96,0,89,100,129,731,678,1646,378,230,61
"G1701250","1970","2","3","Illinois","17","Mason","125",,,,,,,"Mason","1",,"06",11,88,266,217,1139,769,1578,272,156,103,3,96,207,248,1184,840,1853,401,171,58
"G1701270","1970","2","3","Illinois","17","Massac","127",,,,,,,"Massac","1",,"11",47,183,312,260,1132,510,1038,262,90,100,60,167,228,247,1320,702,1249,358,103,48
"G1701290","1970","2","3","Illinois","17","Menard","129",,,,,,,"Menard","1",,"06",6,85,109,161,640,427,925,175,86,74,20,35,135,87,658,514,1218,261,95,20
"G1701310","1970","2","3","Illinois","17","Mercer","131",,,,,,,"Mercer","1",,"03",23,66,134,142,1050,903,1716,436,123,127,52,22,77,103,816,992,2263,596,144,41
"G1701330","1970","2","3","Illinois","17","Monroe","133",,,,,,,"Monroe","1",,"07",21,190,271,246,1444,734,1581,246,187,113,14,200,327,272,1526,846,1798,244,164,57
"G1701350","1970","2","3","Illinois","17","Montgomery","135",,,,,,,"Montgomery","1",,"04",49,261,442,430,2230,1096,2750,507,220,255,58,195,526,403,2487,1393,3591,608,297,129
"G1701370","1970","2","3","Illinois","17","Morgan","137",,,,,,,"Morgan","1",,"04",93,240,382,301,1959,1501,3094,818,503,542,60,145,309,268,2144,1857,4437,1112,569,259
"G1701390","1970","2","3","Illinois","17","Moultrie","139",,,,,,,"Moultrie","1",,"06",12,58,119,226,963,594,1086,265,132,126,30,49,141,126,1012,939,1397,431,89,37
"G1701410","1970","2","3","Illinois","17","Ogle","141",,,,,"7040",,"Ogle","1",,"01",48,243,346,382,2266,2105,4122,825,542,429,20,141,280,285,2084,2055,5085,1341,574,157
"G1701430","1970","2","3","Illinois","17","Peoria","143",,,,,"6120",,"Peoria","0",,"D",411,1305,2049,2211,8213,8937,14975,4795,3895,3333,532,1018,2405,2203,9393,10920,21179,5218,3085,996
"G1701450","1970","2","3","Illinois","17","Perry","145",,,,,,,"Perry","1",,"10",43,263,361,363,1656,738,1502,326,140,138,38,203,400,355,1946,985,1804,422,155,42
"G1701470","1970","2","3","Illinois","17","Piatt","147",,,,,,,"Piatt","1",,"06",30,86,131,125,783,666,1677,373,183,192,14,66,125,73,760,900,1864,513,223,114
"G1701490","1970","2","3","Illinois","17","Pike","149",,,,,,,"Pike","1",,"04",31,94,276,260,1404,864,1872,419,211,95,45,109,170,188,1293,1213,2242,660,179,39
"G1701510","1970","2","3","Illinois","17","Pope","151",,,,,,,"Pope","1",,"11",14,89,74,89,360,134,256,50,36,25,10,53,120,101,409,171,256,34,26,7
"G1701530","1970","2","3","Illinois","17","Pulaski","153",,,,,,,"Pulaski","1",,"11",70,267,219,185,572,267,520,115,59,43,70,214,214,246,632,464,663,118,71,6
"G1701550","1970","2","3","Illinois","17","Putnam","155",,,,,,,"Putnam","1",,"03",15,41,50,32,358,194,563,91,52,18,21,26,67,35,295,242,575,133,42,20
"G1701570","1970","2","3","Illinois","17","Randolph","157",,,,,,,"Randolph","1",,"07",65,379,571,465,2757,1988,2791,403,198,205,46,248,381,454,2636,1837,2600,458,231,105
"G1701590","1970","2","3","Illinois","17","Richland","159",,,,,"6120",,"Richland","1",,"08",54,107,129,171,1349,506,1318,368,256,184,71,48,113,147,1608,753,1785,544,181,66
"G1701610","1970","2","3","Illinois","17","Rock Island","161",,,,,"1960",,"Rock Island","0",,"A",459,858,1811,1571,7012,8717,14271,4079,2670,2119,389,767,1445,1469,6927,9724,19877,4202,2236,742
"G1701630","1970","2","3","Illinois","17","St Clair","163",,,,,"7040",,"St Clair","1",,"F",821,3147,4303,3658,12310,13621,19033,5630,3334,2750,957,3127,5118,4643,15402,18085,23722,5155,2297,1285
"G1701650","1970","2","3","Illinois","17","Saline","165",,,,,"7040",,"Saline","1",,"10",109,387,576,307,2194,1003,1967,462,238,203,62,449,645,330,2863,1432,2323,574,240,99
"G1701670","1970","2","3","Illinois","17","Sangamon","167",,,,,"7880",,"Sangamon","0",,"E",323,1068,1670,1695,6156,7205,13054,3939,3242,2797,478,1029,1452,1520,7715,9400,20292,5015,2331,1125
"G1701690","1970","2","3","Illinois","17","Schuyler","169",,,,,,,"Schuyler","1",,"04",17,35,68,145,612,379,815,201,47,72,13,46,47,58,563,520,960,250,101,43
"G1701710","1970","2","3","Illinois","17","Scott","171",,,,,,,"Scott","1",,"04",6,49,69,56,623,307,453,78,41,24,0,0,46,45,576,393,666,142,51,30
"G1701730","1970","2","3","Illinois","17","Shelby","173",,,,,,,"Shelby","1",,"06",44,45,239,253,1962,889,2120,366,154,110,22,75,235,148,2004,1261,2422,558,170,52
"G1701750","1970","2","3","Illinois","17","Stark","175",,,,,,,"Stark","1",,"03",8,25,64,94,420,329,779,164,107,59,3,22,68,50,306,432,1005,247,124,26
"G1701770","1970","2","3","Illinois","17","Stephenson","177",,,,,"7880",,"Stephenson","1",,"01",59,196,388,543,2624,2159,4578,873,680,544,93,226,403,431,2860,2530,5752,1490,577,221
"G1701790","1970","2","3","Illinois","17","Tazewell","179",,,,,"6120",,"Tazewell","1",,"D",149,521,1295,1490,5551,5468,10568,2718,1810,1198,150,475,1078,1310,5554,6381,12842,2661,1413,429
"G1701810","1970","2","3","Illinois","17","Union","181",,,,,,,"Union","1",,"11",253,265,282,201,1432,579,1188,307,169,213,157,171,240,237,1722,850,1453,408,117,91
"G1701830","1970","2","3","Illinois","17","Vermilion","183",,,,,,,"Vermilion","1",,"06",224,908,1616,1371,5140,4730,8229,1986,1292,931,188,671,1482,1412,5475,5799,10451,2174,926,407
"G1701850","1970","2","3","Illinois","17","Wabash","185",,,,,,,"Wabash","1",,"09",14,86,146,137,792,519,1197,289,142,176,34,64,178,154,933,745,1411,415,124,55
"G1701870","1970","2","3","Illinois","17","Warren","187",,,,,,,"Warren","1",,"03",18,85,149,167,1055,1179,1796,529,305,234,3,42,137,143,937,1264,2549,754,413,148
"G1701890","1970","2","3","Illinois","17","Washington","189",,,,,,,"Washington","1",,"07",8,254,365,403,1421,379,871,213,126,94,22,324,333,322,1638,491,983,293,77,47
"G1701910","1970","2","3","Illinois","17","Wayne","191",,,,,,,"Wayne","1",,"08",30,159,274,347,1820,700,1177,208,145,74,15,86,240,335,1967,951,1441,309,167,46
"G1701930","1970","2","3","Illinois","17","White","193",,,,,,,"White","1",,"09",31,220,237,224,1512,764,1457,274,133,133,79,145,139,289,1983,954,1652,410,144,20
"G1701950","1970","2","3","Illinois","17","Whiteside","195",,,,,"6120",,"Whiteside","1",,"01",139,458,701,928,3671,2497,5150,1108,705,580,148,323,591,691,3542,3170,6467,1597,587,184
"G1701970","1970","2","3","Illinois","17","Will","197",,,,"B","1600",,"Will","1",,"C",525,1635,2731,2393,10213,14046,20360,6295,3397,2635,629,1157,2361,1961,10197,13957,24869,5280,2745,1094
"G1701990","1970","2","3","Illinois","17","Williamson","199",,,,,"1600",,"Williamson","1",,"10",169,561,776,611,3286,1855,4028,1281,468,677,142,590,895,675,4106,2640,4725,1330,439,253
"G1702010","1970","2","3","Illinois","17","Winnebago","201",,,,,"6880",,"Winnebago","0",,"B",702,1715,3112,2678,9353,12892,19375,5699,3867,2688,801,1244,2468,2252,9550,15200,25569,5950,3340,1039
"G1702030","1970","2","3","Illinois","17","Woodford","203",,,,,"6120",,"Woodford","1",,"06",48,147,294,335,1527,1024,2586,525,353,268,69,157,248,274,1478,1166,3499,710,348,81
"G1800010","1970","2","3","Indiana","18","Adams","001",,,,,,,"Adams","1",,"03",25,162,292,311,1409,1011,2648,380,126,228,32,106,226,400,1456,1254,3074,492,122,105
"G1800030","1970","2","3","Indiana","18","Allen","003",,,,,"2760",,"Allen","0",,"C",1307,1235,2115,2385,8458,12094,22848,8291,5198,4109,1239,1002,2092,2346,9708,14498,31333,8415,3399,1959
"G1800050","1970","2","3","Indiana","18","Bartholomew","005",,,,,,,"Bartholomew","1",,"05",123,399,631,445,1985,2400,5051,1237,1079,849,88,298,539,583,2499,2899,5650,1446,791,400
"G1800070","1970","2","3","Indiana","18","Benton","007",,,,,,,"Benton","1",,"09",11,71,96,82,444,485,1213,223,154,102,8,19,72,67,490,575,1520,303,99,42
"G1800090","1970","2","3","Indiana","18","Blackford","009",,,,,"2760",,"Blackford","1",,"03",24,78,168,175,758,744,1559,283,141,124,13,50,121,195,747,1125,1857,275,123,107
"G1800110","1970","2","3","Indiana","18","Boone","011",,,,,"3480",,"Boone","1",,"05",60,150,287,344,1206,1457,3257,734,302,356,19,113,200,303,1353,1649,4115,833,411,169
"G1800130","1970","2","3","Indiana","18","Brown","013",,,,,,,"Brown","1",,"07",22,95,134,82,505,473,649,198,75,158,11,53,90,116,449,555,791,243,102,74
"G1800150","1970","2","3","Indiana","18","Carroll","015",,,,,,,"Carroll","1",,"09",24,74,99,159,732,843,2113,356,144,227,30,49,108,95,794,1049,2475,446,120,113
"G1800170","1970","2","3","Indiana","18","Cass","017",,,,,"3480",,"Cass","1",,"09",156,281,350,391,1477,2000,4856,733,374,328,132,132,399,428,1889,2674,5571,868,297,203
"G1800190","1970","2","3","Indiana","18","Clark","019",,,,,"4520",,"Clark","1",,"F",207,711,1084,1044,3285,3832,5567,1626,715,709,146,386,911,980,3703,4721,7470,1449,509,275
"G1800210","1970","2","3","Indiana","18","Clay","021",,,,,"8320",,"Clay","1",,"06",62,139,370,282,1165,1286,2398,452,101,236,54,144,319,373,1473,1505,3033,483,229,88
"G1800230","1970","2","3","Indiana","18","Clinton","023",,,,,,,"Clinton","1",,"09",60,166,299,295,1337,1582,3246,476,328,271,71,89,237,322,1503,2231,3836,577,257,179
"G1800250","1970","2","3","Indiana","18","Crawford","025",,,,,,,"Crawford","1",,"07",17,94,224,199,684,280,553,86,38,53,13,50,145,188,789,376,588,138,65,11
"G1800270","1970","2","3","Indiana","18","Daviess","027",,,,,"8320",,"Daviess","1",,"06",46,86,229,216,1627,1295,2568,387,174,232,57,83,231,246,1616,1787,3057,449,205,147
"G1800290","1970","2","3","Indiana","18","Dearborn","029",,,,,"1640",,"Dearborn","1",,"08",61,253,360,327,1835,1332,2631,491,213,177,17,86,305,399,1892,1894,2998,465,171,119
"G1800310","1970","2","3","Indiana","18","Decatur","031",,,,,,,"Decatur","1",,"05",30,177,391,339,1104,1031,1972,378,193,182,36,95,257,287,1326,1247,2426,401,188,108
"G1800330","1970","2","3","Indiana","18","DeKalb","033",,,,,"1640",,"De Kalb","1",,"03",58,64,207,284,1460,1586,3074,621,268,207,29,64,228,224,1432,1882,3713,722,179,164
"G1800350","1970","2","3","Indiana","18","Delaware","035",,,,,"5280",,"Delaware","0",,"H",231,875,1606,1457,4004,6183,10148,2604,1447,1890,238,657,1358,1379,4462,8298,11809,2504,1625,1316
"G1800370","1970","2","3","Indiana","18","Dubois","037",,,,,,,"Dubois","1",,"07",46,195,429,406,2212,1187,2254,352,204,213,44,128,430,391,2384,1323,2504,428,208,140
"G1800390","1970","2","3","Indiana","18","Elkhart","039",,,,,,,"Elkhart","1",,"01",225,736,1190,1269,4913,6471,10482,2724,1797,1614,218,596,1121,1494,5071,7697,13380,2997,1565,721
"G1800410","1970","2","3","Indiana","18","Fayette","041",,,,,"5280",,"Fayette","1",,"04",50,238,443,452,1206,1358,2233,400,214,149,35,144,362,360,1293,1792,2735,462,154,92
"G1800430","1970","2","3","Indiana","18","Floyd","043",,,,,"4520",,"Floyd","1",,"F",105,598,911,859,2883,2811,3883,1044,554,530,97,343,795,805,3679,3479,5423,1005,399,224
"G1800450","1970","2","3","Indiana","18","Fountain","045",,,,,,,"Fountain","1",,"09",43,132,148,168,910,1015,1926,282,122,127,18,116,182,142,863,1231,2243,441,198,36
"G1800470","1970","2","3","Indiana","18","Franklin","047",,,,,,,"Franklin","1",,"08",37,158,337,392,1084,883,1043,131,72,95,27,105,274,266,1104,1017,1306,188,165,93
"G1800490","1970","2","3","Indiana","18","Fulton","049",,,,,,,"Fulton","1",,"02",13,159,163,126,661,827,2037,346,115,192,37,40,156,106,827,1004,2327,497,130,103
"G1800510","1970","2","3","Indiana","18","Gibson","051",,,,,,,"Gibson","1",,"06",41,198,484,306,1601,1431,2926,538,307,313,29,102,405,346,1803,2000,3541,636,257,216
"G1800530","1970","2","3","Indiana","18","Grant","053",,,,,,,"Grant","1",,"04",134,681,916,877,3278,4732,7338,1634,909,875,85,346,673,857,3548,5595,8505,1661,871,536
"G1800550","1970","2","3","Indiana","18","Greene","055",,,,,"4520",,"Greene","1",,"06",49,178,408,331,1689,1385,2667,398,237,242,35,144,324,332,1982,1809,3171,484,227,88
"G1800570","1970","2","3","Indiana","18","Hamilton","057",,,,,"3480",,"Hamilton","1",,"05",76,321,452,521,1525,2252,4967,1693,1229,821,61,223,398,491,1872,2694,6483,1710,874,386
"G1800590","1970","2","3","Indiana","18","Hancock","059",,,,,"3480",,"Hancock","1",,"05",32,201,344,348,1232,1546,3650,770,382,349,28,95,331,324,1276,1962,4316,718,338,141
"G1800610","1970","2","3","Indiana","18","Harrison","061",,,,,,,"Harrison","1",,"07",35,236,283,276,1316,842,1861,294,112,141,53,108,159,266,1457,1046,2131,336,99,68
"G1800630","1970","2","3","Indiana","18","Hendricks","063",,,,,"3480",,"Hendricks","1",,"05",70,221,304,329,1729,2228,5903,1431,672,712,66,114,331,375,1601,2648,6941,1367,558,392
"G1800650","1970","2","3","Indiana","18","Henry","065",,,,,,,"Henry","1",,"04",306,477,918,742,2437,2688,4590,711,389,420,252,427,853,523,2574,3462,5421,959,468,288
"G1800670","1970","2","3","Indiana","18","Howard","067",,,,,,,"Howard","1",,"04",59,328,674,867,2556,3952,7898,2107,1220,1073,58,274,674,919,3122,5230,9092,1992,801,459
"G1800690","1970","2","3","Indiana","18","Huntington","069",,,,,,,"Huntington","1",,"03",57,137,229,312,1268,1649,3765,684,371,381,55,113,269,396,1524,1979,4602,849,413,252
"G1800710","1970","2","3","Indiana","18","Jackson","071",,,,,,,"Jackson","1",,"08",48,269,417,390,1757,1509,3075,532,262,287,44,172,465,380,1890,2130,3484,598,290,127
"G1800730","1970","2","3","Indiana","18","Jasper","073",,,,,,,"Jasper","1",,"02",35,154,251,173,988,898,1712,258,155,240,38,91,159,174,967,965,2115,411,145,78
"G1800750","1970","2","3","Indiana","18","Jay","075",,,,,,,"Jay","1",,"03",51,129,249,302,1224,1275,2428,282,115,155,47,83,274,311,1418,1585,2575,381,158,151
"G1800770","1970","2","3","Indiana","18","Jefferson","077",,,,,,,"Jefferson","1",,"08",52,270,368,324,1335,1197,2143,574,257,347,45,177,420,263,1406,1605,2815,509,262,179
"G1800790","1970","2","3","Indiana","18","Jennings","079",,,,,,,"Jennings","1",,"08",362,177,260,261,899,871,1678,249,168,75,404,70,203,214,975,993,1871,256,106,77
"G1800810","1970","2","3","Indiana","18","Johnson","081",,,,,"3480",,"Johnson","1",,"05",124,351,603,584,2066,2576,5320,1258,682,742,57,276,469,452,2329,3338,6488,1457,639,397
"G1800830","1970","2","3","Indiana","18","Knox","083",,,,,,,"Knox","1",,"06",72,306,530,498,1834,1985,3616,855,376,469,64,243,528,561,2284,2406,4808,1295,339,267
"G1800850","1970","2","3","Indiana","18","Kosciusko","085",,,,,,,"Kosciusko","1",,"02",105,266,488,323,1962,2126,4941,1130,628,622,46,148,375,348,1896,2789,5694,1466,531,256
"G1800870","1970","2","3","Indiana","18","Lagrange","087",,,,,"3480",,"Lagrange","1",,"03",42,38,214,217,1362,1003,1503,231,155,138,56,72,189,223,1225,1091,1821,343,128,58
"G1800890","1970","2","3","Indiana","18","Lake","089",,,,"B","2960",,"Lake","0",,"A",2332,6410,8618,5877,17461,29060,43552,12023,5543,5063,2599,5415,7640,5636,18238,34925,52380,9931,4358,2741
"G1800910","1970","2","3","Indiana","18","LaPorte","091",,,,,,,"La Porte","1",,"01",266,745,1407,1313,4577,6531,8870,2321,1281,1079,221,571,1116,1276,4356,7120,11082,2061,918,473
"G1800930","1970","2","3","Indiana","18","Lawrence","093",,,,,"2960",,"Lawrence","1",,"07",62,316,610,498,2040,2195,3338,485,300,296,65,242,491,464,2225,2930,4006,524,310,138
"G1800950","1970","2","3","Indiana","18","Madison","095",,,,,"0400",,"Madison","0",,"04",210,952,1600,1892,5201,7197,12559,2587,1568,1393,183,653,1549,1722,5985,8752,14853,3000,1110,845
"G1800970","1970","2","3","Indiana","18","Marion","097",,,,,"3480",,"Marion","0",,"D",1642,5845,8034,7697,23644,39497,58028,22175,15358,13564,1467,4329,7784,7778,29206,50401,81838,22278,11914,7095
"G1800990","1970","2","3","Indiana","18","Marshall","099",,,,,"7800",,"Marshall","1",,"02",58,99,403,377,1525,1642,3424,661,372,499,53,129,240,452,1636,1907,4313,794,382,214
"G1801010","1970","2","3","Indiana","18","Martin","101",,,,,,,"Martin","1",,"07",33,101,125,75,797,529,895,101,75,48,0,62,61,129,714,675,933,183,78,45
"G1801030","1970","2","3","Indiana","18","Miami","103",,,,,,,"Miami","1",,"09",113,186,380,422,1357,1697,4159,738,312,287,89,136,311,363,1550,2200,4505,878,268,132
"G1801050","1970","2","3","Indiana","18","Monroe","105",,,,,,,"Monroe","1",,"07",89,260,600,357,2010,2485,4168,1877,1464,4431,67,145,441,408,2305,3272,5656,2252,1863,2221
"G1801070","1970","2","3","Indiana","18","Montgomery","107",,,,,"7800",,"Montgomery","1",,"09",99,84,232,209,1140,1502,3851,755,417,474,41,59,201,233,1234,2056,4770,713,405,247
"G1801090","1970","2","3","Indiana","18","Morgan","109",,,,,"3480",,"Morgan","1",,"06",107,302,397,474,1952,2325,3818,744,359,354,67,182,324,365,1849,2842,4714,672,343,202
"G1801110","1970","2","3","Indiana","18","Newton","111",,,,,,,"Newton","1",,"02",12,63,184,94,638,517,1196,190,70,88,10,20,96,113,539,667,1504,324,59,33
"G1801130","1970","2","3","Indiana","18","Noble","113",,,,,,,"Noble","1",,"03",47,146,261,280,1583,1516,3028,600,207,246,17,130,273,195,1525,1840,3696,671,257,166
"G1801150","1970","2","3","Indiana","18","Ohio","115",,,,,,,"Ohio","1",,"08",0,44,86,49,313,158,398,39,21,36,0,33,44,49,335,229,465,70,25,10
"G1801170","1970","2","3","Indiana","18","Orange","117",,,,,,,"Orange","1",,"07",36,166,333,220,1124,775,1459,202,175,121,30,136,253,238,1171,1015,1669,250,126,67
"G1801190","1970","2","3","Indiana","18","Owen","119",,,,,,,"Owen","1",,"06",9,41,174,200,827,682,1137,129,82,57,28,59,144,165,747,881,1342,207,45,34
"G1801210","1970","2","3","Indiana","18","Parke","121",,,,,,,"Parke","1",,"09",33,114,191,165,770,658,1641,258,132,125,13,89,137,101,785,877,1892,319,183,86
"G1801230","1970","2","3","Indiana","18","Perry","123",,,,,,,"Perry","1",,"07",24,233,389,369,1292,655,1261,280,163,168,29,136,364,277,1458,979,1648,232,77,72
"G1801250","1970","2","3","Indiana","18","Pike","125",,,,,"3480",,"Pike","1",,"06",13,76,216,259,870,564,1148,213,83,103,10,48,219,186,1056,797,1231,166,127,61
"G1801270","1970","2","3","Indiana","18","Porter","127",,,,"B","2960",,"Porter","1",,"A",74,289,709,831,2546,3921,7465,2159,1346,1425,71,198,463,593,2427,4555,9157,2177,1135,639
"G1801290","1970","2","3","Indiana","18","Posey","129",,,,,,,"Posey","1",,"06",43,179,264,242,1423,887,1986,403,145,180,36,125,223,213,1377,1093,2408,455,149,87
"G1801310","1970","2","3","Indiana","18","Pulaski","131",,,,,,,"Pulaski","1",,"02",27,102,121,221,748,550,1191,168,123,76,33,63,129,134,631,709,1348,352,110,100
"G1801330","1970","2","3","Indiana","18","Putnam","133",,,,,,,"Putnam","1",,"05",44,228,269,374,1109,1325,2471,482,282,388,22,71,193,219,1082,1461,2946,611,314,278
"G1801350","1970","2","3","Indiana","18","Randolph","135",,,,,,,"Randolph","1",,"04",44,132,315,320,1356,1647,3062,414,152,233,14,98,259,333,1264,2078,3529,617,212,135
"G1801370","1970","2","3","Indiana","18","Ripley","137",,,,,,,"Ripley","1",,"08",58,172,288,268,1372,1017,1814,277,133,136,55,104,368,309,1380,1059,2140,295,156,53
"G1801390","1970","2","3","Indiana","18","Rush","139",,,,,"2960",,"Rush","1",,"05",67,119,267,217,869,1015,1980,324,135,159,23,102,213,284,921,1334,2297,417,138,90
"G1801410","1970","2","3","Indiana","18","St Joseph","141",,,,,"7800",,"St Joseph","0",,"B",567,1703,2729,2609,8042,12895,19476,5316,3840,4188,644,1479,3181,2301,9103,15022,27534,5940,2767,1763
"G1801430","1970","2","3","Indiana","18","Scott","143",,,,,"7800",,"Scott","1",,"08",29,265,328,295,1066,635,1182,243,62,159,57,166,239,253,1080,966,1303,243,113,79
"G1801450","1970","2","3","Indiana","18","Shelby","145",,,,,"3480",,"Shelby","1",,"05",99,207,512,347,1439,2080,3445,714,301,406,75,201,440,353,1811,2599,4123,751,265,172
"G1801470","1970","2","3","Indiana","18","Spencer","147",,,,,,,"Spencer","1",,"06",37,166,199,205,1278,740,1390,262,94,218,13,104,212,180,1118,1047,1633,279,79,62
"G1801490","1970","2","3","Indiana","18","Starke","149",,,,,,,"Starke","1",,"02",56,156,353,313,1100,936,1556,283,114,79,46,181,214,245,1164,1207,1833,311,80,101
"G1801510","1970","2","3","Indiana","18","Steuben","151",,,,,"3480",,"Steuben","1",,"03",38,43,141,160,776,878,2028,581,192,321,11,67,58,98,639,1033,2451,680,244,175
"G1801530","1970","2","3","Indiana","18","Sullivan","153",,,,,"8320",,"Sullivan","1",,"06",11,162,252,282,1088,1147,2019,348,104,122,24,131,258,242,1329,1454,2441,449,164,109
"G1801550","1970","2","3","Indiana","18","Switzerland","155",,,,,"8320",,"Switzerland","1",,"08",20,88,150,83,604,310,445,36,30,54,5,67,67,80,555,424,562,106,36,22
"G1801570","1970","2","3","Indiana","18","Tippecanoe","157",,,,,"3920",,"Tippecanoe","0",,"09",89,336,593,599,2596,3358,7813,2649,2016,4386,119,269,687,552,2879,4185,10145,3158,2278,1704
"G1801590","1970","2","3","Indiana","18","Tipton","159",,,,,,,"Tipton","1",,"05",21,139,197,195,658,771,1787,328,170,120,26,89,186,147,735,1063,1978,387,159,101
"G1801610","1970","2","3","Indiana","18","Union","161",,,,,"3920",,"Union","1",,"04",21,63,125,72,317,324,614,91,35,51,21,11,47,63,271,433,788,126,64,39
"G1801630","1970","2","3","Indiana","18","Vanderburgh","163",,,,,"2440",,"Vanderburgh","0",,"E",263,1293,1807,1234,7655,6995,14499,4412,2615,2457,245,1204,1942,1936,9896,9909,18713,4454,2137,1292
"G1801650","1970","2","3","Indiana","18","Vermillion","165",,,,,"8320",,"Vermillion","1",,"09",101,178,250,257,958,964,1589,273,85,82,64,205,234,225,1081,1215,1863,290,129,69
"G1801670","1970","2","3","Indiana","18","Vigo","167",,,,,"8320",,"Vigo","0",,"G",215,765,1400,1310,3944,5888,8816,2375,1407,2023,277,772,1450,1258,5079,7103,11399,2960,1413,1251
"G1801690","1970","2","3","Indiana","18","Wabash","169",,,,,,,"Wabash","1",,"09",49,159,324,310,1270,1640,3496,795,326,356,27,93,288,299,1453,2104,4243,914,375,236
"G1801710","1970","2","3","Indiana","18","Warren","171",,,,,"8320",,"Warren","1",,"09",7,79,87,124,476,497,902,106,56,36,5,42,24,77,446,573,1025,184,77,29
"G1801730","1970","2","3","Indiana","18","Warrick","173",,,,,"2440",,"Warrick","1",,"06",56,230,271,203,1351,1160,2753,657,341,289,22,160,219,259,1560,1478,3144,646,210,136
"G1801750","1970","2","3","Indiana","18","Washington","175",,,,,,,"Washington","1",,"07",40,196,283,303,1465,851,1455,238,124,113,5,138,225,246,1358,1170,1767,388,109,59
"G1801770","1970","2","3","Indiana","18","Wayne","177",,,,,,,"Wayne","1",,"04",187,557,1019,1003,3075,4117,6791,1567,916,1062,160,460,925,924,3321,5521,8862,1839,848,496
"G1801790","1970","2","3","Indiana","18","Wells","179",,,,,,,"Wells","1",,"03",51,128,182,234,985,1067,2467,486,169,259,57,102,170,203,1059,1241,2978,603,213,158
"G1801810","1970","2","3","Indiana","18","White","181",,,,,,,"White","1",,"09",16,111,126,187,1056,1047,2340,414,181,163,33,86,178,171,903,1335,2829,504,170,85
"G1801830","1970","2","3","Indiana","18","Whitley","183",,,,,"2440",,"Whitley","1",,"03",27,55,93,192,1034,1095,2559,473,217,210,30,29,78,152,1024,1329,3155,459,145,108
"G1900010","1970","2","4","Iowa","19","Adair","001",,,,,,,"Adair","1",,"03",18,56,66,174,841,292,1049,133,91,89,0,38,40,131,614,298,1343,416,173,45
"G1900030","1970","2","4","Iowa","19","Adams","003",,,,,,,"Adams","1",,"03",7,20,64,117,517,263,644,100,73,51,15,6,37,66,493,257,800,294,99,21
"G1900050","1970","2","4","Iowa","19","Allamakee","005",,,,,,,"Allamakee","1",,"04",10,140,241,178,1285,466,1380,181,109,76,23,76,126,155,920,620,1730,476,149,39
"G1900070","1970","2","4","Iowa","19","Appanoose","007",,,,,,,"Appanoose","1",,"03",39,227,295,254,1015,583,1304,238,106,129,28,118,233,166,1039,869,1846,423,156,94
"G1900090","1970","2","4","Iowa","19","Audubon","009",,,,,,,"Audubon","1",,"01",4,42,169,192,951,311,811,105,44,53,0,31,71,87,829,315,1215,238,114,27
"G1900110","1970","2","4","Iowa","19","Benton","011",,,,,,,"Benton","1",,"05",33,111,184,223,1473,984,2356,413,232,146,51,37,108,224,1212,1024,2870,854,281,58
"G1900130","1970","2","4","Iowa","19","Black Hawk","013",,,,,"8920",,"Black Hawk","0",,"E",144,515,955,1123,4809,5036,11815,3326,1959,1815,133,284,801,857,4566,5867,14900,4927,2117,824
"G1900150","1970","2","4","Iowa","19","Boone","015",,,,,,,"Boone","1",,"02",102,189,261,317,1323,1143,2596,724,192,283,134,147,317,182,1251,1257,3534,1057,396,93
"G1900170","1970","2","4","Iowa","19","Bremer","017",,,,,,,"Bremer","1",,"04",26,112,215,215,1409,517,2034,608,250,332,42,139,191,124,1477,622,2374,840,358,123
"G1900190","1970","2","4","Iowa","19","Buchanan","019",,,,,,,"Buchanan","1",,"04",29,78,168,165,1340,869,2130,351,189,181,32,37,149,128,910,855,2664,756,238,91
"G1900210","1970","2","4","Iowa","19","Buena Vista","021",,,,,,,"Buena Vista","1",,"01",18,51,140,183,1215,725,1994,572,339,243,12,22,100,145,1007,759,2816,968,368,77
"G1900230","1970","2","4","Iowa","19","Butler","023",,,,,,,"Butler","1",,"04",21,93,223,279,1491,537,1548,285,98,138,14,39,145,167,1313,663,1902,635,158,62
"G1900250","1970","2","4","Iowa","19","Calhoun","025",,,,,,,"Calhoun","1",,"02",11,69,196,130,1029,487,1494,294,134,170,14,41,170,95,806,692,1825,657,226,97
"G1900270","1970","2","4","Iowa","19","Carroll","027",,,,,,,"Carroll","1",,"01",25,133,196,252,1664,723,1867,381,197,206,75,70,309,237,1750,825,2195,709,254,82
"G1900290","1970","2","4","Iowa","19","Cass","029",,,,,,,"Cass","1",,"01",6,76,135,185,1091,699,1843,297,313,194,14,69,121,119,1020,694,2316,806,301,58
"G1900310","1970","2","4","Iowa","19","Cedar","031",,,,,,,"Cedar","1",,"06",16,56,185,181,1142,713,1780,444,195,194,19,33,93,175,1086,663,2162,725,236,70
"G1900330","1970","2","4","Iowa","19","Cerro Gordo","033",,,,,,,"Cerro Gordo","1",,"04",86,181,440,419,2078,2013,4430,1534,869,690,70,189,355,286,2084,2428,6048,2347,860,261
"G1900350","1970","2","4","Iowa","19","Cherokee","035",,,,,,,"Cherokee","1",,"01",9,40,95,134,940,679,1849,372,236,211,32,25,82,79,879,678,2260,788,251,68
"G1900370","1970","2","4","Iowa","19","Chickasaw","037",,,,,,,"Chickasaw","1",,"04",24,95,156,168,1205,513,1325,251,108,92,10,55,120,126,986,558,1740,450,108,25
"G1900390","1970","2","4","Iowa","19","Clarke","039",,,,,,,"Clarke","1",,"03",15,27,42,118,570,366,874,127,63,30,16,34,31,69,527,391,1109,239,96,15
"G1900410","1970","2","4","Iowa","19","Clay","041",,,,,,,"Clay","1",,"02",0,51,128,140,892,704,1951,462,336,214,24,61,73,84,701,758,2629,823,324,53
"G1900430","1970","2","4","Iowa","19","Clayton","043",,,,,,,"Clayton","1",,"04",44,218,221,219,1850,745,1891,355,108,128,31,79,179,178,1714,883,2164,574,194,38
"G1900450","1970","2","4","Iowa","19","Clinton","045",,,,,,,"Clinton","1",,"06",109,187,463,449,2839,2626,5399,1252,763,659,46,149,356,455,2576,2570,7068,1919,742,292
"G1900470","1970","2","4","Iowa","19","Crawford","047",,,,,,,"Crawford","1",,"01",29,71,189,253,1469,603,1784,303,180,142,30,93,198,163,1258,633,2092,540,244,36
"G1900490","1970","2","4","Iowa","19","Dallas","049",,,,,,,"Dallas","1",,"02",9,67,136,217,1285,1117,3002,632,255,254,38,76,108,141,1143,1119,3666,999,422,86
"G1900510","1970","2","4","Iowa","19","Davis","051",,,,,,,"Davis","1",,"03",10,35,85,122,756,311,709,189,87,65,19,19,56,65,705,413,956,294,110,19
"G1900530","1970","2","4","Iowa","19","Decatur","053",,,,,,,"Decatur","1",,"03",23,67,99,100,753,347,812,186,46,159,4,42,65,88,657,468,1059,303,152,65
"G1900550","1970","2","4","Iowa","19","Delaware","055",,,,,,,"Delaware","1",,"04",25,73,165,172,1390,540,1705,290,126,167,45,64,74,102,1129,645,2146,483,163,66
"G1900570","1970","2","4","Iowa","19","Des Moines","057",,,,,,,"Des Moines","1",,"06",60,200,338,413,2347,1820,4655,1328,608,525,60,94,363,400,2359,2446,5944,1611,714,195
"G1900590","1970","2","4","Iowa","19","Dickinson","059",,,,,"8920",,"Dickinson","1",,"02",5,77,127,144,706,564,1272,389,178,144,16,32,31,115,574,572,1844,551,152,58
"G1900610","1970","2","4","Iowa","19","Dubuque","061",,,,,"2200",,"Dubuque","0",,"06",98,247,601,518,4879,3256,6652,1760,1176,1094,117,239,545,603,4878,3876,8659,2368,1316,836
"G1900630","1970","2","4","Iowa","19","Emmet","063",,,,,,,"Emmet","1",,"02",21,53,110,181,856,529,1210,346,135,134,11,19,66,163,696,584,1606,668,196,30
"G1900650","1970","2","4","Iowa","19","Fayette","065",,,,,,,"Fayette","1",,"04",61,151,240,242,1828,881,2576,507,323,197,28,101,247,233,1438,1119,3207,938,364,76
"G1900670","1970","2","4","Iowa","19","Floyd","067",,,,,,,"Floyd","1",,"04",19,80,130,185,1339,720,2138,399,257,187,8,67,120,153,991,742,2726,859,290,99
"G1900690","1970","2","4","Iowa","19","Franklin","069",,,,,,,"Franklin","1",,"02",9,63,159,192,1119,469,1235,359,138,93,14,47,64,105,884,579,1682,658,160,44
"G1900710","1970","2","4","Iowa","19","Fremont","071",,,,,,,"Fremont","1",,"01",10,61,84,107,591,374,1063,222,115,87,15,38,51,52,491,503,1188,458,194,31
"G1900730","1970","2","4","Iowa","19","Greene","073",,,,,,,"Greene","1",,"02",9,47,116,117,629,611,1401,300,156,146,28,27,73,62,668,710,1710,583,185,47
"G1900750","1970","2","4","Iowa","19","Grundy","075",,,,,,,"Grundy","1",,"05",13,45,116,174,1001,514,1430,305,143,140,5,60,129,131,892,495,1765,659,218,42
"G1900770","1970","2","4","Iowa","19","Guthrie","077",,,,,,,"Guthrie","1",,"03",17,44,106,149,867,619,1340,190,119,90,27,55,81,80,921,675,1694,323,88,43
"G1900790","1970","2","4","Iowa","19","Hamilton","079",,,,,,,"Hamilton","1",,"02",10,71,183,155,1074,632,1961,501,243,185,34,62,133,86,875,725,2483,863,289,59
"G1900810","1970","2","4","Iowa","19","Hancock","081",,,,,,,"Hancock","1",,"02",27,60,93,149,1038,480,1373,264,120,90,5,58,65,108,802,483,1661,653,154,16
"G1900830","1970","2","4","Iowa","19","Hardin","083",,,,,,,"Hardin","1",,"02",29,88,183,211,1310,839,2137,609,312,228,58,66,173,169,1267,835,2706,1177,306,140
"G1900850","1970","2","4","Iowa","19","Harrison","085",,,,,,,"Harrison","1",,"01",21,81,151,219,1116,792,1678,195,125,104,29,45,151,145,888,933,2227,413,157,21
"G1900870","1970","2","4","Iowa","19","Henry","087",,,,,,,"Henry","1",,"05",24,91,108,130,1135,627,1640,550,284,257,34,44,99,91,1092,766,2043,709,427,118
"G1900890","1970","2","4","Iowa","19","Howard","089",,,,,,,"Howard","1",,"04",25,61,168,205,1109,319,1041,178,62,46,10,65,115,135,866,406,1417,400,48,33
"G1900910","1970","2","4","Iowa","19","Humboldt","091",,,,,,,"Humboldt","1",,"02",0,37,69,98,707,560,1348,270,150,158,0,25,91,63,531,605,1722,499,162,52
"G1900930","1970","2","4","Iowa","19","Ida","093",,,,,,,"Ida","1",,"01",15,21,63,109,785,413,896,188,89,45,16,41,38,77,604,380,1211,342,180,5
"G1900950","1970","2","4","Iowa","19","Iowa","095",,,,,,,"Iowa","1",,"05",31,40,97,166,1311,452,1575,258,140,135,10,12,100,104,1154,503,1970,521,146,83
"G1900970","1970","2","4","Iowa","19","Jackson","097",,,,,,,"Jackson","1",,"06",30,113,234,234,1698,723,1764,389,115,134,50,83,183,232,1285,807,2231,585,172,118
"G1900990","1970","2","4","Iowa","19","Jasper","099",,,,,,,"Jasper","1",,"05",74,130,330,465,2021,1397,3517,761,508,330,37,101,157,303,1918,1740,4593,1144,436,180
"G1901010","1970","2","4","Iowa","19","Jefferson","101",,,,,,,"Jefferson","1",,"03",52,90,89,125,867,570,1499,367,275,159,19,23,75,86,851,641,1893,506,357,111
"G1901030","1970","2","4","Iowa","19","Johnson","103",,,,,,,"Johnson","1",,"06",90,187,259,315,1530,1390,4276,1755,1354,4331,23,111,192,238,1640,1468,5463,3011,2229,1864
"G1901050","1970","2","4","Iowa","19","Jones","105",,,,,,,"Jones","1",,"06",16,56,177,245,1331,739,1911,378,184,187,30,34,96,88,1135,829,2332,669,219,98
"G1901070","1970","2","4","Iowa","19","Keokuk","107",,,,,,,"Keokuk","1",,"05",32,41,96,122,961,532,1665,241,132,108,28,33,22,88,1043,584,1886,480,221,37
"G1901090","1970","2","4","Iowa","19","Kossuth","109",,,,,,,"Kossuth","1",,"02",22,66,201,269,1568,749,2271,416,264,177,14,58,175,203,1164,810,2904,882,293,42
"G1901110","1970","2","4","Iowa","19","Lee","111",,,,,"2200",,"Lee","1",,"06",102,273,409,461,2307,1789,4222,1054,489,483,106,185,386,368,2205,2316,5226,1302,598,170
"G1901130","1970","2","4","Iowa","19","Linn","113",,,,,"1360",,"Linn","0",,"F",266,460,848,1008,5102,5862,15880,4932,3629,2325,207,430,797,824,4775,6825,20688,5861,3130,968
"G1901150","1970","2","4","Iowa","19","Louisa","115",,,,,,,"Louisa","1",,"06",21,56,103,77,612,432,1149,250,124,122,18,33,58,49,486,420,1397,464,168,14
"G1901170","1970","2","4","Iowa","19","Lucas","117",,,,,,,"Lucas","1",,"03",12,74,161,177,580,506,1101,171,97,60,17,41,96,146,725,489,1384,357,106,39
"G1901190","1970","2","4","Iowa","19","Lyon","119",,,,,,,"Lyon","1",,"01",35,49,175,211,1280,330,1019,175,112,125,11,54,157,151,1160,403,1194,410,176,31
"G1901210","1970","2","4","Iowa","19","Madison","121",,,,,,,"Madison","1",,"03",8,64,129,131,705,511,1394,220,84,70,7,13,28,50,633,589,1759,441,134,47
"G1901230","1970","2","4","Iowa","19","Mahaska","123",,,,,,,"Mahaska","1",,"05",57,101,230,236,1754,710,2014,483,259,239,50,82,315,199,1538,998,2733,608,319,135
"G1901250","1970","2","4","Iowa","19","Marion","125",,,,,,,"Marion","1",,"03",36,218,393,394,2066,1032,2308,494,301,346,49,172,294,334,1773,968,2764,729,298,121
"G1901270","1970","2","4","Iowa","19","Marshall","127",,,,,,,"Marshall","1",,"05",54,192,284,416,1799,1868,4085,1161,571,571,58,74,240,340,1485,1988,5252,1718,567,197
"G1901290","1970","2","4","Iowa","19","Mills","129",,,,,,,"Mills","1",,"01",45,39,116,110,638,474,1335,200,115,81,51,38,62,66,537,522,1563,358,164,35
"G1901310","1970","2","4","Iowa","19","Mitchell","131",,,,,,,"Mitchell","1",,"04",10,80,105,171,954,513,1251,213,107,92,6,28,90,163,741,541,1606,521,186,45
"G1901330","1970","2","4","Iowa","19","Monona","133",,,,,,,"Monona","1",,"01",26,138,121,151,884,494,1234,217,153,87,17,42,96,131,767,581,1589,443,143,46
"G1901350","1970","2","4","Iowa","19","Monroe","135",,,,,,,"Monroe","1",,"03",5,71,125,137,722,366,977,114,60,76,5,55,77,102,667,494,1184,245,125,44
"G1901370","1970","2","4","Iowa","19","Montgomery","137",,,,,,,"Montgomery","1",,"01",10,55,142,157,842,501,1305,361,181,124,48,34,89,121,798,656,1712,666,158,60
"G1901390","1970","2","4","Iowa","19","Muscatine","139",,,,,,,"Muscatine","1",,"06",36,238,373,397,2133,1606,2948,915,525,527,71,209,343,345,2153,1788,3818,1246,552,156
"G1901410","1970","2","4","Iowa","19","O Brien","141",,,,,,,"O>Brien","1",,"01",28,96,171,180,1490,489,1546,361,120,241,25,58,162,172,1336,580,2010,700,271,79
"G1901430","1970","2","4","Iowa","19","Osceola","143",,,,,,,"Osceola","1",,"02",5,30,123,174,818,310,683,100,56,34,11,20,78,137,707,293,888,320,75,7
"G1901450","1970","2","4","Iowa","19","Page","145",,,,,,,"Page","1",,"01",54,108,182,235,1055,894,1831,540,188,261,10,36,133,215,1171,900,2473,935,385,54
"G1901470","1970","2","4","Iowa","19","Palo Alto","147",,,,,,,"Palo Alto","1",,"02",38,85,126,157,813,414,1375,268,96,162,29,37,111,106,633,573,1595,560,177,52
"G1901490","1970","2","4","Iowa","19","Plymouth","149",,,,,,,"Plymouth","1",,"01",26,105,243,319,1670,783,1983,381,240,322,15,73,230,191,1312,845,2589,872,356,123
"G1901510","1970","2","4","Iowa","19","Pocahontas","151",,,,,"1360",,"Pocahontas","1",,"02",29,66,136,138,762,490,1347,247,137,127,0,71,61,79,595,511,1724,561,180,41
"G1901530","1970","2","4","Iowa","19","Polk","153",,,,,"2120",,"Polk","0",,"C",552,1033,1667,1514,7396,11441,25857,9917,6540,5084,504,674,1623,1457,7330,14042,37977,11329,5830,2202
"G1901550","1970","2","4","Iowa","19","Pottawattamie","155",,,,,"5920",,"Pottawattamie","1",,"B",104,317,684,937,4261,4114,8235,1685,690,620,184,327,588,780,3978,4767,10085,2278,915,320
"G1901570","1970","2","4","Iowa","19","Poweshiek","157",,,,,,,"Poweshiek","1",,"05",20,53,72,128,969,683,1909,341,320,301,26,37,46,61,853,807,2376,673,417,178
"G1901590","1970","2","4","Iowa","19","Ringgold","159",,,,,,,"Ringgold","1",,"03",6,30,25,121,419,348,793,105,50,34,12,11,25,70,413,351,968,209,75,16
"G1901610","1970","2","4","Iowa","19","Sac","161",,,,,"5920",,"Sac","1",,"01",8,71,151,174,1199,512,1625,233,161,184,27,59,139,201,976,584,1923,635,263,22
"G1901630","1970","2","4","Iowa","19","Scott","163",,,,,"1960",,"Scott","0",,"D",264,419,1026,1176,5569,6568,11562,3807,2979,2054,240,307,964,1018,5706,7960,15374,4273,2209,708
"G1901650","1970","2","4","Iowa","19","Shelby","165",,,,,,,"Shelby","1",,"01",13,56,148,126,1178,451,1591,203,174,137,0,56,139,143,895,456,1927,553,174,28
"G1901670","1970","2","4","Iowa","19","Sioux","167",,,,,,,"Sioux","1",,"01",50,165,386,342,2322,728,1644,453,199,381,45,139,342,322,2498,601,2212,883,296,123
"G1901690","1970","2","4","Iowa","19","Story","169",,,,,,,"Story","1",,"02",63,117,263,265,1360,1249,3546,1651,1251,3449,56,54,174,199,1346,1360,5600,2373,1706,1260
"G1901710","1970","2","4","Iowa","19","Tama","171",,,,,,,"Tama","1",,"05",23,64,224,242,1484,829,2114,344,160,148,40,74,161,144,1415,707,2544,782,200,18
"G1901730","1970","2","4","Iowa","19","Taylor","173",,,,,,,"Taylor","1",,"03",23,37,86,119,720,395,956,139,93,59,0,19,34,52,712,475,1230,353,104,45
"G1901750","1970","2","4","Iowa","19","Union","175",,,,,,,"Union","1",,"03",26,27,118,173,887,530,1397,371,110,115,0,18,119,54,675,717,1899,608,222,59
"G1901770","1970","2","4","Iowa","19","Van Buren","177",,,,,,,"Van Buren","1",,"03",0,30,121,107,692,392,959,129,75,87,12,29,66,73,576,455,1128,322,84,46
"G1901790","1970","2","4","Iowa","19","Wapello","179",,,,,,,"Wapello","1",,"03",85,256,393,584,2808,1763,3792,888,466,320,60,142,365,530,2819,2442,5101,1318,432,223
"G1901810","1970","2","4","Iowa","19","Warren","181",,,,,,,"Warren","1",,"03",6,86,113,145,1006,1023,3067,695,357,337,16,27,43,109,804,1015,3625,916,385,186
"G1901830","1970","2","4","Iowa","19","Washington","183",,,,,,,"Washington","1",,"05",31,78,125,222,1315,567,1955,384,174,199,5,69,140,178,1312,751,2206,751,291,116
"G1901850","1970","2","4","Iowa","19","Wayne","185",,,,,,,"Wayne","1",,"03",12,51,70,125,721,348,951,168,62,82,4,28,60,88,566,490,1248,321,97,36
"G1901870","1970","2","4","Iowa","19","Webster","187",,,,,,,"Webster","1",,"02",80,187,272,460,2385,1850,4377,1418,593,631,63,173,324,331,2118,2254,5691,2237,757,203
"G1901890","1970","2","4","Iowa","19","Winnebago","189",,,,,,,"Winnebago","1",,"04",33,62,135,152,1002,378,1187,250,159,178,18,36,65,156,776,481,1445,692,198,34
"G1901910","1970","2","4","Iowa","19","Winneshiek","191",,,,,"1960",,"Winneshiek","1",,"04",9,120,279,266,1803,586,1322,347,240,358,19,78,266,141,1461,697,1982,647,264,103
"G1901930","1970","2","4","Iowa","19","Woodbury","193",,,,,"7720",,"Woodbury","0",,"A",236,486,809,752,4421,4709,8579,2794,1631,1484,319,391,723,727,3978,5185,12353,3939,1748,644
"G1901950","1970","2","4","Iowa","19","Worth","195",,,,,,,"Worth","1",,"04",10,26,133,127,708,400,937,168,97,47,41,0,73,73,552,383,1085,440,85,42
"G1901970","1970","2","4","Iowa","19","Wright","197",,,,,"7720",,"Wright","1",,"02",13,51,134,172,1182,614,1832,495,158,195,32,59,88,113,878,799,2252,863,266,64
"G2000010","1970","2","4","Kansas","20","Allen","001",,,,,,,"Allen","1",,"07",10,116,129,186,1116,683,1113,487,200,158,4,101,206,182,1002,955,1551,649,186,109
"G2000030","1970","2","4","Kansas","20","Anderson","003",,,,,,,"Anderson","1",,"07",0,67,90,116,795,302,715,156,53,106,0,14,24,141,743,443,984,223,137,35
"G2000050","1970","2","4","Kansas","20","Atchison","005",,,,,,,"Atchison","1",,"06",41,67,166,212,1003,781,1635,437,178,252,32,74,138,139,984,879,2085,711,272,185
"G2000070","1970","2","4","Kansas","20","Barber","007",,,,,,,"Barber","1",,"01",5,52,40,75,424,268,786,235,78,105,5,44,34,72,333,387,894,366,120,32
"G2000090","1970","2","4","Kansas","20","Barton","009",,,,,,,"Barton","1",,"02",51,154,171,296,1586,1223,2765,946,417,393,37,43,153,258,1716,1184,3672,1297,389,174
"G2000110","1970","2","4","Kansas","20","Bourbon","011",,,,,,,"Bourbon","1",,"07",19,97,196,171,1129,716,1206,482,199,133,29,71,111,158,1218,842,1864,602,163,160
"G2000130","1970","2","4","Kansas","20","Brown","013",,,,,,,"Brown","1",,"06",28,44,91,133,933,439,1227,272,178,92,10,38,112,115,880,558,1568,556,166,29
"G2000150","1970","2","4","Kansas","20","Butler","015",,,,,"9040",,"Butler","1",,"05",48,194,276,304,1648,1599,3778,1541,500,428,49,111,230,309,1603,2007,4505,1701,573,206
"G2000170","1970","2","4","Kansas","20","Chase","017",,,,,,,"Chase","1",,"05",16,23,61,16,212,141,398,107,22,37,5,17,30,46,208,175,459,151,63,14
"G2000190","1970","2","4","Kansas","20","Chautauqua","019",,,,,,,"Chautauqua","1",,"05",6,69,89,48,469,210,411,122,53,21,15,10,47,36,412,338,546,197,64,42
"G2000210","1970","2","4","Kansas","20","Cherokee","021",,,,,,,"Cherokee","1",,"08",38,178,292,307,1507,925,1808,506,199,120,25,128,314,289,1662,1421,2409,494,211,106
"G2000230","1970","2","4","Kansas","20","Cheyenne","023",,,,,,,"Cheyenne","1",,"02",18,41,74,120,345,136,384,62,45,32,17,45,28,76,312,196,467,126,95,16
"G2000250","1970","2","4","Kansas","20","Clark","025",,,,,,,"Clark","1",,"01",8,13,46,34,160,136,274,131,34,46,0,17,11,33,138,164,372,184,48,43
"G2000270","1970","2","4","Kansas","20","Clay","027",,,,,,,"Clay","1",,"03",16,50,76,90,840,425,1017,163,153,105,8,32,30,80,849,418,1341,367,148,63
"G2000290","1970","2","4","Kansas","20","Cloud","029",,,,,,,"Cloud","1",,"03",27,81,65,132,926,504,1155,274,194,247,28,45,89,170,1020,571,1613,524,230,175
"G2000310","1970","2","4","Kansas","20","Coffey","031",,,,,,,"Coffey","1",,"07",10,34,51,92,813,247,763,114,81,69,0,25,36,72,631,384,915,269,110,82
"G2000330","1970","2","4","Kansas","20","Comanche","033",,,,,,,"Comanche","1",,"01",13,7,18,46,125,140,266,118,42,32,0,5,17,22,156,132,336,169,64,18
"G2000350","1970","2","4","Kansas","20","Cowley","035",,,,,,,"Cowley","1",,"05",461,241,304,300,1651,1728,2863,1171,496,457,303,181,212,272,1696,2071,4153,1469,595,347
"G2000370","1970","2","4","Kansas","20","Crawford","037",,,,,,,"Crawford","1",,"08",94,444,512,381,2003,1399,2730,1179,484,682,116,346,483,413,2325,1967,3922,1455,530,320
"G2000390","1970","2","4","Kansas","20","Decatur","039",,,,,,,"Decatur","1",,"02",10,17,37,68,328,267,489,117,50,43,4,17,6,87,343,280,636,147,83,34
"G2000410","1970","2","4","Kansas","20","Dickinson","041",,,,,,,"Dickinson","1",,"03",6,124,120,238,1093,759,2201,560,291,225,47,90,142,208,1068,861,2661,847,320,147
"G2000430","1970","2","4","Kansas","20","Doniphan","043",,,,,,,"Doniphan","1",,"06",11,47,100,123,772,368,700,237,55,88,13,61,52,74,538,470,948,326,108,48
"G2000450","1970","2","4","Kansas","20","Douglas","045",,,,,,,"Douglas","1",,"06",77,248,289,320,1245,1727,3021,1504,816,2728,46,109,311,282,1294,1865,4217,1888,1329,1225
"G2000470","1970","2","4","Kansas","20","Edwards","047",,,,,,,"Edwards","1",,"02",10,6,76,50,257,146,452,135,103,81,10,13,41,61,254,206,536,236,94,58
"G2000490","1970","2","4","Kansas","20","Elk","049",,,,,,,"Elk","1",,"05",14,5,39,47,425,190,328,86,34,35,5,5,57,58,328,236,518,135,81,17
"G2000510","1970","2","4","Kansas","20","Ellis","051",,,,,,,"Ellis","1",,"02",35,79,160,161,968,629,1486,680,439,534,25,154,165,189,1219,599,1847,836,357,280
"G2000530","1970","2","4","Kansas","20","Ellsworth","053",,,,,,,"Ellsworth","1",,"02",23,41,40,71,541,273,560,169,59,85,10,48,44,77,485,265,673,315,142,27
"G2000550","1970","2","4","Kansas","20","Finney","055",,,,,,,"Finney","1",,"02",49,131,128,171,785,652,1358,595,276,306,76,115,179,118,567,738,1846,677,301,132
"G2000570","1970","2","4","Kansas","20","Ford","057",,,,,,,"Ford","1",,"01",30,136,153,171,1010,903,1718,873,374,271,47,118,201,188,895,881,2272,1267,418,149
"G2000590","1970","2","4","Kansas","20","Franklin","059",,,,,,,"Franklin","1",,"07",10,92,141,218,1108,868,1808,508,286,269,46,49,144,125,1106,1207,2366,588,374,137
"G2000610","1970","2","4","Kansas","20","Geary","061",,,,,,,"Geary","1",,"05",30,94,97,143,728,831,2457,611,373,372,33,55,125,102,834,933,2558,609,453,107
"G2000630","1970","2","4","Kansas","20","Gove","063",,,,,,,"Gove","1",,"02",6,21,28,26,278,112,446,60,61,23,6,42,4,25,238,114,407,206,47,16
"G2000650","1970","2","4","Kansas","20","Graham","065",,,,,,,"Graham","1",,"02",28,13,57,32,358,196,339,116,85,75,8,15,16,27,287,202,491,217,68,21
"G2000670","1970","2","4","Kansas","20","Grant","067",,,,,,,"Grant","1",,"01",39,39,56,53,240,253,474,207,89,66,18,17,31,31,239,291,516,245,87,8
"G2000690","1970","2","4","Kansas","20","Gray","069",,,,,,,"Gray","1",,"01",12,30,52,37,325,147,378,88,100,85,7,41,15,72,267,226,471,152,59,38
"G2000710","1970","2","4","Kansas","20","Greeley","071",,,,,,,"Greeley","1",,"01",0,18,21,21,71,108,205,87,43,14,0,0,0,3,72,76,223,125,26,13
"G2000730","1970","2","4","Kansas","20","Greenwood","073",,,,,,,"Greenwood","1",,"05",11,61,93,120,781,412,789,233,105,140,9,28,63,97,705,473,1213,354,151,51
"G2000750","1970","2","4","Kansas","20","Hamilton","075",,,,,,,"Hamilton","1",,"01",0,0,29,39,148,91,284,105,26,47,7,3,16,10,157,73,350,113,66,36
"G2000770","1970","2","4","Kansas","20","Harper","077",,,,,,,"Harper","1",,"03",10,61,70,74,501,398,840,256,79,118,0,16,74,100,547,420,1212,291,118,38
"G2000790","1970","2","4","Kansas","20","Harvey","079",,,,,,,"Harvey","1",,"03",55,158,196,203,1120,1094,2474,760,450,537,56,110,188,214,1117,1232,3303,1316,562,240
"G2000810","1970","2","4","Kansas","20","Haskell","081",,,,,,,"Haskell","1",,"01",0,19,18,29,110,127,371,139,65,62,4,16,7,10,82,209,374,172,44,17
"G2000830","1970","2","4","Kansas","20","Hodgeman","083",,,,,,,"Hodgeman","1",,"02",0,18,26,22,179,94,261,83,41,21,5,0,16,0,141,125,357,69,37,19
"G2000850","1970","2","4","Kansas","20","Jackson","085",,,,,,,"Jackson","1",,"06",33,46,76,33,719,404,1274,197,87,81,42,5,50,74,497,555,1487,336,106,51
"G2000870","1970","2","4","Kansas","20","Jefferson","087",,,,,,,"Jefferson","1",,"06",17,44,109,110,769,467,1386,181,170,93,22,27,48,45,617,623,1584,309,127,56
"G2000890","1970","2","4","Kansas","20","Jewell","089",,,,,"9040",,"Jewell","1",,"04",4,8,40,78,505,234,771,101,75,64,8,15,20,39,442,262,961,206,72,33
"G2000910","1970","2","4","Kansas","20","Johnson","091",,,,,"3760",,"Johnson","1",,"B",199,451,716,911,3417,5538,16288,10055,10244,7561,185,302,684,891,3607,6702,25356,12507,7354,2494
"G2000930","1970","2","4","Kansas","20","Kearny","093",,,,,,,"Kearny","1",,"01",9,6,31,32,144,149,261,88,25,63,23,0,26,25,80,147,316,137,50,14
"G2000950","1970","2","4","Kansas","20","Kingman","095",,,,,,,"Kingman","1",,"03",16,47,60,112,609,320,824,323,96,89,0,21,64,87,500,376,1167,359,124,66
"G2000970","1970","2","4","Kansas","20","Kiowa","097",,,,,,,"Kiowa","1",,"02",17,40,32,29,201,212,426,123,74,79,5,0,27,35,220,193,523,268,74,36
"G2000990","1970","2","4","Kansas","20","Labette","099",,,,,,,"Labette","1",,"08",49,197,269,292,1514,1112,2054,732,220,328,51,88,259,267,1599,1557,3051,1002,265,143
"G2001010","1970","2","4","Kansas","20","Lane","101",,,,,,,"Lane","1",,"02",0,5,20,21,192,86,321,56,45,30,11,0,25,24,152,106,366,70,32,24
"G2001030","1970","2","4","Kansas","20","Leavenworth","103",,,,,,,"Leavenworth","1",,"06",105,404,805,790,2836,3114,4371,1563,1216,1133,80,253,377,479,2057,2196,4924,1401,842,421
"G2001050","1970","2","4","Kansas","20","Lincoln","105",,,,,,,"Lincoln","1",,"02",0,16,20,42,538,187,473,92,30,69,18,9,38,34,374,224,619,230,53,19
"G2001070","1970","2","4","Kansas","20","Linn","107",,,,,,,"Linn","1",,"07",13,90,100,106,716,364,759,148,68,59,11,49,57,119,661,402,994,195,88,30
"G2001090","1970","2","4","Kansas","20","Logan","109",,,,,,,"Logan","1",,"01",9,8,23,66,254,123,360,81,60,62,11,22,20,25,220,137,403,155,84,23
"G2001110","1970","2","4","Kansas","20","Lyon","111",,,,,,,"Lyon","1",,"05",40,82,178,251,1143,967,2213,1220,466,677,38,58,100,162,1043,1220,3034,1442,627,364
"G2001130","1970","2","4","Kansas","20","McPherson","113",,,,,,,"Mc Pherson","1",,"03",31,84,205,196,1336,924,2055,855,396,413,8,102,165,211,1443,976,2685,1083,584,224
"G2001150","1970","2","4","Kansas","20","Marion","115",,,,,,,"Marion","1",,"03",30,108,146,204,1057,520,1265,320,164,165,9,124,162,144,1027,604,1485,623,220,110
"G2001170","1970","2","4","Kansas","20","Marshall","117",,,,,,,"Marshall","1",,"04",10,75,121,119,1325,476,1443,169,152,82,14,34,124,113,1144,617,1690,374,189,76
"G2001190","1970","2","4","Kansas","20","Meade","119",,,,,,,"Meade","1",,"01",16,15,54,49,315,203,443,145,63,82,27,15,60,29,248,232,558,246,81,28
"G2001210","1970","2","4","Kansas","20","Miami","121",,,,,,,"Miami","1",,"07",59,135,196,223,1184,829,2022,371,124,156,30,82,125,162,1291,1045,2378,549,243,225
"G2001230","1970","2","4","Kansas","20","Mitchell","123",,,,,,,"Mitchell","1",,"02",0,32,49,88,596,263,831,208,74,107,8,20,59,70,498,294,1104,333,111,71
"G2001250","1970","2","4","Kansas","20","Montgomery","125",,,,,,,"Montgomery","1",,"08",89,350,635,461,2132,1848,3087,1487,550,400,78,231,492,451,2455,2645,4719,1603,595,220
"G2001270","1970","2","4","Kansas","20","Morris","127",,,,,,,"Morris","1",,"05",16,34,80,76,540,271,730,123,74,35,18,30,51,70,432,322,861,212,125,53
"G2001290","1970","2","4","Kansas","20","Morton","129",,,,,,,"Morton","1",,"01",8,0,19,49,158,130,405,112,47,48,5,9,0,26,98,182,423,126,57,25
"G2001310","1970","2","4","Kansas","20","Nemaha","131",,,,,,,"Nemaha","1",,"06",17,90,130,129,1075,371,1036,216,88,87,22,52,163,121,938,492,1388,302,106,41
"G2001330","1970","2","4","Kansas","20","Neosho","133",,,,,,,"Neosho","1",,"08",38,159,186,247,1128,709,1573,684,242,234,24,93,172,176,1245,1039,2018,911,246,107
"G2001350","1970","2","4","Kansas","20","Ness","135",,,,,,,"Ness","1",,"02",12,64,55,82,347,171,470,96,82,44,37,41,47,50,325,178,579,194,54,32
"G2001370","1970","2","4","Kansas","20","Norton","137",,,,,,,"Norton","1",,"04",71,38,18,99,567,213,737,174,108,106,15,19,37,66,513,385,979,197,109,28
"G2001390","1970","2","4","Kansas","20","Osage","139",,,,,,,"Osage","1",,"07",30,44,199,133,839,643,1518,237,125,91,12,79,123,165,709,688,1786,412,162,36
"G2001410","1970","2","4","Kansas","20","Osborne","141",,,,,,,"Osborne","1",,"02",12,41,44,90,574,177,696,147,92,74,0,19,78,76,482,254,977,259,85,14
"G2001430","1970","2","4","Kansas","20","Ottawa","143",,,,,,,"Ottawa","1",,"03",5,20,53,74,423,293,676,145,89,60,3,25,25,50,367,382,868,266,80,41
"G2001450","1970","2","4","Kansas","20","Pawnee","145",,,,,,,"Pawnee","1",,"02",20,49,74,72,460,364,921,351,153,141,7,15,51,75,509,390,1037,456,159,49
"G2001470","1970","2","4","Kansas","20","Phillips","147",,,,,,,"Phillips","1",,"04",16,15,90,122,772,236,731,201,44,87,4,20,39,99,602,304,1069,229,96,30
"G2001490","1970","2","4","Kansas","20","Pottawatomie","149",,,,,,,"Pottawatomie","1",,"05",24,45,62,98,880,466,1186,290,184,122,32,8,79,52,628,570,1500,396,178,77
"G2001510","1970","2","4","Kansas","20","Pratt","151",,,,,,,"Pratt","1",,"02",10,20,65,99,483,452,926,425,199,136,10,21,41,100,475,525,1307,526,273,41
"G2001530","1970","2","4","Kansas","20","Rawlins","153",,,,,,,"Rawlins","1",,"02",4,39,54,33,388,133,405,113,37,57,9,13,40,14,266,170,526,165,70,43
"G2001550","1970","2","4","Kansas","20","Reno","155",,,,,,,"Reno","1",,"03",123,303,545,465,2412,2501,5237,2288,919,891,144,278,496,439,2583,3110,6792,2726,1172,369
"G2001570","1970","2","4","Kansas","20","Republic","157",,,,,,,"Republic","1",,"04",5,5,53,126,672,384,1006,185,143,67,21,24,87,76,643,388,1212,301,157,14
"G2001590","1970","2","4","Kansas","20","Rice","159",,,,,,,"Rice","1",,"03",24,70,67,120,657,598,1086,487,196,135,9,41,74,110,692,591,1588,536,260,61
"G2001610","1970","2","4","Kansas","20","Riley","161",,,,,,,"Riley","1",,"05",23,88,107,159,1055,1178,3240,1245,1038,2122,27,74,136,127,940,1335,3282,1630,1153,757
"G2001630","1970","2","4","Kansas","20","Rooks","163",,,,,,,"Rooks","1",,"02",4,23,59,93,611,271,708,166,88,82,13,28,32,53,485,322,988,301,108,21
"G2001650","1970","2","4","Kansas","20","Rush","165",,,,,,,"Rush","1",,"02",13,5,82,52,544,159,449,116,63,101,22,33,52,30,431,240,596,183,56,38
"G2001670","1970","2","4","Kansas","20","Russell","167",,,,,,,"Russell","1",,"02",5,88,104,71,604,349,865,416,121,139,7,52,95,73,686,460,1101,442,85,45
"G2001690","1970","2","4","Kansas","20","Saline","169",,,,,,,"Saline","1",,"03",73,128,264,242,1413,1698,4268,1426,866,639,60,115,231,257,1619,2211,5685,1809,922,377
"G2001710","1970","2","4","Kansas","20","Scott","171",,,,,"3760",,"Scott","1",,"01",12,26,34,60,306,221,523,154,59,94,0,34,31,45,276,244,609,199,90,23
"G2001730","1970","2","4","Kansas","20","Sedgwick","173",,,,,"9040",,"Sedgwick","0",,"A",453,1511,2376,2601,10314,13992,28760,12142,7134,6483,470,1235,2494,2415,10581,18167,38770,12946,6144,3021
"G2001750","1970","2","4","Kansas","20","Seward","175",,,,,"9040",,"Seward","1",,"01",32,61,98,115,513,724,1454,494,235,183,28,72,101,86,480,705,1721,591,244,107
"G2001770","1970","2","4","Kansas","20","Shawnee","177",,,,,"8440",,"Shawnee","0",,"C",356,582,973,1180,4917,6031,13459,4932,3126,3345,364,544,1006,1026,5009,7077,18646,5513,2923,1582
"G2001790","1970","2","4","Kansas","20","Sheridan","179",,,,,,,"Sheridan","1",,"02",16,30,12,32,343,95,355,62,62,29,5,14,23,11,224,95,423,177,58,23
"G2001810","1970","2","4","Kansas","20","Sherman","181",,,,,,,"Sherman","1",,"02",11,36,58,51,385,310,779,209,114,48,9,13,20,40,341,422,919,279,122,5
"G2001830","1970","2","4","Kansas","20","Smith","183",,,,,,,"Smith","1",,"04",5,23,87,46,682,195,720,174,92,66,0,22,44,49,548,345,955,252,90,56
"G2001850","1970","2","4","Kansas","20","Stafford","185",,,,,,,"Stafford","1",,"02",5,17,59,19,444,259,631,207,105,85,0,25,23,58,344,327,837,343,136,31
"G2001870","1970","2","4","Kansas","20","Stanton","187",,,,,,,"Stanton","1",,"01",4,5,7,12,92,98,189,99,73,23,10,10,5,8,63,103,210,110,46,20
"G2001890","1970","2","4","Kansas","20","Stevens","189",,,,,,,"Stevens","1",,"01",5,22,40,36,156,159,463,121,77,75,5,6,16,22,144,192,493,160,109,44
"G2001910","1970","2","4","Kansas","20","Sumner","191",,,,,,,"Sumner","1",,"03",42,113,177,183,1143,1255,2365,727,303,184,55,55,152,201,1263,1489,2893,916,266,161
"G2001930","1970","2","4","Kansas","20","Thomas","193",,,,,,,"Thomas","1",,"02",29,19,50,49,346,268,663,248,129,176,20,14,17,44,310,323,821,360,197,36
"G2001950","1970","2","4","Kansas","20","Trego","195",,,,,,,"Trego","1",,"02",5,16,58,69,386,163,354,122,45,61,25,12,26,31,342,198,446,168,74,45
"G2001970","1970","2","4","Kansas","20","Wabaunsee","197",,,,,,,"Wabaunsee","1",,"05",6,25,103,63,512,259,736,120,59,48,10,0,30,80,497,246,844,151,91,37
"G2001990","1970","2","4","Kansas","20","Wallace","199",,,,,,,"Wallace","1",,"01",0,11,10,32,197,82,178,48,22,11,6,3,0,8,113,148,214,52,42,14
"G2002010","1970","2","4","Kansas","20","Washington","201",,,,,,,"Washington","1",,"04",0,29,74,151,1181,253,848,109,62,115,10,34,53,152,892,324,1181,234,102,25
"G2002030","1970","2","4","Kansas","20","Wichita","203",,,,,,,"Wichita","1",,"01",16,33,37,27,174,84,298,62,48,50,11,17,22,4,144,114,302,126,27,31
"G2002050","1970","2","4","Kansas","20","Wilson","205",,,,,,,"Wilson","1",,"08",20,83,119,140,782,568,1084,274,121,138,16,65,96,98,815,719,1448,435,138,50
"G2002070","1970","2","4","Kansas","20","Woodson","207",,,,,"8440",,"Woodson","1",,"07",0,24,59,54,535,233,424,112,52,23,11,9,46,20,401,286,558,197,80,15
"G2002090","1970","2","4","Kansas","20","Wyandotte","209",,,,,"3760",,"Wyandotte","0",,"B",470,1818,2959,2522,7231,9454,13965,4426,1532,1988,549,1449,2751,2624,8514,12012,17899,4259,1911,1090
"G2100010","1970","3","6","Kentucky","21","Adair","001",,,,,,,"Adair","1",,"05",87,464,619,370,1132,305,445,131,49,54,53,249,413,353,1551,383,580,233,86,72
"G2100030","1970","3","6","Kentucky","21","Allen","003",,,,,,,"Allen","1",,"05",183,670,444,368,899,313,560,127,49,49,69,436,522,395,1183,420,799,156,89,18
"G2100050","1970","3","6","Kentucky","21","Anderson","005",,,,,,,"Anderson","1",,"06",45,150,201,136,830,303,620,81,91,89,22,95,134,136,791,451,898,155,82,20
"G2100070","1970","3","6","Kentucky","21","Ballard","007",,,,,,,"Ballard","1",,"01",19,230,185,118,536,432,748,116,27,50,27,127,168,130,623,555,831,200,43,21
"G2100090","1970","3","6","Kentucky","21","Barren","009",,,,,,,"Barren","1",,"04",224,1218,996,687,1828,730,1357,438,253,150,148,771,863,592,2458,1219,1803,519,286,136
"G2100110","1970","3","6","Kentucky","21","Bath","011",,,,,,,"Bath","1",,"06",96,317,372,229,757,294,338,76,24,33,38,172,302,234,855,399,409,123,81,34
"G2100130","1970","3","6","Kentucky","21","Bell","013",,,,,,,"Bell","1",,"09",383,1653,892,546,1466,813,1046,424,196,241,299,1486,1106,745,1751,1347,1402,422,351,127
"G2100150","1970","3","6","Kentucky","21","Boone","015",,,,,"1640",,"Boone","1",,"06",84,309,598,512,1461,1398,2354,681,358,336,37,183,426,392,1375,1981,3029,615,279,128
"G2100170","1970","3","6","Kentucky","21","Bourbon","017",,,,,"1640",,"Bourbon","1",,"07",99,442,488,354,935,798,1209,287,209,118,52,215,434,333,919,1033,1693,501,261,101
"G2100190","1970","3","6","Kentucky","21","Boyd","019",,,,,"3400",,"Boyd","0",,"C",174,658,1007,474,2377,2254,3930,1390,816,521,193,638,1056,636,2872,2915,4896,1767,758,199
"G2100210","1970","3","6","Kentucky","21","Boyle","021",,,,,,,"Boyle","1",,"06",141,436,453,399,860,944,1348,351,287,294,104,285,340,357,1159,1190,1966,463,400,190
"G2100230","1970","3","6","Kentucky","21","Bracken","023",,,,,,,"Bracken","1",,"06",37,124,176,123,803,300,361,40,41,32,24,56,111,136,669,417,676,69,45,15
"G2100250","1970","3","6","Kentucky","21","Breathitt","025",,,,,,,"Breathitt","1",,"09",208,786,555,184,633,236,287,177,154,98,162,506,582,313,846,398,414,171,85,72
"G2100270","1970","3","6","Kentucky","21","Breckinridge","027",,,,,,,"Breckinridge","1",,"03",126,547,458,302,1256,435,737,126,35,35,32,228,344,299,1376,668,975,179,65,31
"G2100290","1970","3","6","Kentucky","21","Bullitt","029",,,,,,,"Bullitt","1",,"03",119,571,568,357,1354,1117,1658,261,96,112,51,297,495,354,1353,1397,1759,238,122,56
"G2100310","1970","3","6","Kentucky","21","Butler","031",,,,,,,"Butler","1",,"03",99,563,312,286,769,216,378,55,72,11,49,298,302,172,980,406,431,95,64,26
"G2100330","1970","3","6","Kentucky","21","Caldwell","033",,,,,,,"Caldwell","1",,"03",130,343,294,180,774,568,1020,226,81,106,68,270,319,267,994,827,1212,181,116,46
"G2100350","1970","3","6","Kentucky","21","Calloway","035",,,,,"3400",,"Calloway","1",,"01",23,511,411,343,1585,971,1368,684,303,608,42,205,333,400,1889,1271,1647,895,353,356
"G2100370","1970","3","6","Kentucky","21","Campbell","037",,,,,"1640",,"Campbell","1",,"B",185,839,1716,1525,4563,4233,5414,1589,851,708,131,672,1919,1601,5631,5273,8018,1255,768,366
"G2100390","1970","3","6","Kentucky","21","Carlisle","039",,,,,,,"Carlisle","1",,"01",38,116,173,119,379,303,349,102,29,0,16,76,78,112,511,312,549,95,34,8
"G2100410","1970","3","6","Kentucky","21","Carroll","041",,,,,,,"Carroll","1",,"06",36,191,250,112,712,340,447,70,90,53,21,126,170,120,627,537,654,100,100,25
"G2100430","1970","3","6","Kentucky","21","Carter","043",,,,,,,"Carter","1",,"08",196,755,646,292,1449,613,738,202,107,106,97,477,613,340,1686,860,891,228,194,56
"G2100450","1970","3","6","Kentucky","21","Casey","045",,,,,,,"Casey","1",,"05",128,762,496,210,1005,267,333,177,91,58,81,455,444,373,1230,428,480,73,129,76
"G2100470","1970","3","6","Kentucky","21","Christian","047",,,,,,,"Christian","1",,"04",423,1249,1051,617,2218,1540,3166,896,451,383,216,724,958,747,2733,2520,3521,1338,538,218
"G2100490","1970","3","6","Kentucky","21","Clark","049",,,,,,,"Clark","1",,"07",142,576,497,373,1318,889,1412,513,282,146,47,407,485,385,1469,1241,1894,524,352,112
"G2100510","1970","3","6","Kentucky","21","Clay","051",,,,,,,"Clay","1",,"08",184,1227,637,262,966,314,321,154,161,73,137,771,771,370,1259,356,379,215,150,58
"G2100530","1970","3","6","Kentucky","21","Clinton","053",,,,,,,"Clinton","1",,"05",90,420,306,235,752,128,225,82,28,15,68,181,336,222,913,257,334,42,53,51
"G2100550","1970","3","6","Kentucky","21","Crittenden","055",,,,,,,"Crittenden","1",,"03",37,250,245,172,731,281,460,161,36,60,51,162,181,161,829,398,803,152,60,34
"G2100570","1970","3","6","Kentucky","21","Cumberland","057",,,,,"1640",,"Cumberland","1",,"05",107,427,280,155,509,119,228,47,44,29,30,384,250,216,642,231,248,58,72,30
"G2100590","1970","3","6","Kentucky","21","Daviess","059",,,,,"5990",,"Daviess","0",,"02",163,935,1181,885,3701,3291,5148,1736,1231,867,167,680,965,870,3943,4319,7431,2292,1034,450
"G2100610","1970","3","6","Kentucky","21","Edmonson","061",,,,,,,"Edmonson","1",,"03",86,457,393,134,540,268,342,79,27,25,49,327,277,181,664,453,360,54,42,11
"G2100630","1970","3","6","Kentucky","21","Elliott","063",,,,,,,"Elliott","1",,"08",65,324,233,115,446,87,169,74,25,14,42,149,254,133,545,119,151,83,44,23
"G2100650","1970","3","6","Kentucky","21","Estill","065",,,,,"5990",,"Estill","1",,"08",127,556,441,304,780,333,554,132,11,79,125,493,418,354,960,461,557,167,77,35
"G2100670","1970","3","6","Kentucky","21","Fayette","067",,,,,"4280",,"Fayette","0",,"E",559,1933,2324,1273,4705,6195,10349,5682,4071,4965,488,1203,2061,1534,5506,7841,15514,6680,3983,2351
"G2100690","1970","3","6","Kentucky","21","Fleming","069",,,,,,,"Fleming","1",,"06",89,445,319,269,934,367,558,93,48,93,31,187,291,221,1174,418,776,191,41,38
"G2100710","1970","3","6","Kentucky","21","Floyd","071",,,,,,,"Floyd","1",,"09",361,1738,1158,630,1928,1042,1257,507,212,166,255,1220,1357,941,2448,1163,1546,517,331,86
"G2100730","1970","3","6","Kentucky","21","Franklin","073",,,,,,,"Franklin","1",,"06",361,524,541,475,1592,1101,2143,1015,731,596,223,372,467,455,1786,1592,3411,988,631,343
"G2100750","1970","3","6","Kentucky","21","Fulton","075",,,,,,,"Fulton","1",,"01",103,322,315,147,456,426,628,160,81,83,58,293,318,211,620,506,924,282,116,18
"G2100770","1970","3","6","Kentucky","21","Gallatin","077",,,,,,,"Gallatin","1",,"06",22,82,155,101,317,141,222,66,11,4,6,45,52,93,311,233,332,67,21,15
"G2100790","1970","3","6","Kentucky","21","Garrard","079",,,,,,,"Garrard","1",,"06",123,358,295,258,554,368,552,72,74,55,43,159,264,212,604,572,780,117,105,27
"G2100810","1970","3","6","Kentucky","21","Grant","081",,,,,,,"Grant","1",,"06",57,271,283,165,721,475,605,143,56,47,4,103,221,175,770,584,837,127,95,17
"G2100830","1970","3","6","Kentucky","21","Graves","083",,,,,,,"Graves","1",,"01",60,655,783,598,2092,1557,2005,586,269,123,80,392,549,648,2467,2201,2860,749,217,76
"G2100850","1970","3","6","Kentucky","21","Grayson","085",,,,,,,"Grayson","1",,"03",158,843,513,340,1319,502,577,136,102,81,70,506,455,339,1570,592,695,214,144,44
"G2100870","1970","3","6","Kentucky","21","Green","087",,,,,,,"Green","1",,"03",103,584,408,202,1008,159,344,124,32,52,33,222,392,205,1190,348,503,136,80,29
"G2100890","1970","3","6","Kentucky","21","Greenup","089",,,,,,,"Greenup","1",,"08",83,832,625,471,1755,1441,2273,546,220,190,104,480,689,465,2046,1634,2620,584,224,121
"G2100910","1970","3","6","Kentucky","21","Hancock","091",,,,,,,"Hancock","1",,"03",33,139,133,133,497,261,539,99,26,79,0,53,69,88,571,312,553,119,38,5
"G2100930","1970","3","6","Kentucky","21","Hardin","093",,,,,,,"Hardin","1",,"03",178,812,717,602,2317,2118,5313,1070,631,701,113,498,695,559,2742,2299,5024,1100,556,218
"G2100950","1970","3","6","Kentucky","21","Harlan","095",,,,,,,"Harlan","1",,"09",349,1719,1348,600,1768,1199,1296,387,302,177,349,1535,1395,870,2199,1752,1698,495,273,110
"G2100970","1970","3","6","Kentucky","21","Harrison","097",,,,,,,"Harrison","1",,"07",38,333,359,308,1038,554,851,176,187,103,37,165,296,280,1019,857,1168,404,185,50
"G2100990","1970","3","6","Kentucky","21","Hart","099",,,,,"4280",,"Hart","1",,"03",134,725,554,274,984,426,536,119,53,53,63,350,438,311,1255,650,772,155,127,26
"G2101010","1970","3","6","Kentucky","21","Henderson","101",,,,,"2440",,"Henderson","1",,"D",127,658,673,564,1686,1496,2653,802,292,296,115,472,638,534,1953,2079,3338,826,360,143
"G2101030","1970","3","6","Kentucky","21","Henry","103",,,,,,,"Henry","1",,"06",91,350,285,195,761,432,728,166,92,50,46,152,284,199,821,537,1024,122,106,51
"G2101050","1970","3","6","Kentucky","21","Hickman","105",,,,,,,"Hickman","1",,"01",30,208,163,79,412,293,448,69,26,22,23,109,107,95,463,464,551,128,29,22
"G2101070","1970","3","6","Kentucky","21","Hopkins","107",,,,,,,"Hopkins","1",,"03",294,1058,1090,565,2166,1563,2506,501,292,277,163,962,1047,648,2474,2296,3140,624,415,119
"G2101090","1970","3","6","Kentucky","21","Jackson","109",,,,,"2440",,"Jackson","1",,"08",153,571,511,203,608,261,183,38,48,33,56,471,494,256,721,270,229,86,92,10
"G2101110","1970","3","6","Kentucky","21","Jefferson","111",,,,,"4520",,"Jefferson","0",,"A",1721,7233,10743,9045,27123,33425,43940,15641,11746,10033,1548,6381,10959,9524,33850,43821,62390,17152,9256,4873
"G2101130","1970","3","6","Kentucky","21","Jessamine","113",,,,,,,"Jessamine","1",,"07",97,357,357,289,865,624,804,308,190,360,49,222,336,182,809,837,1018,423,288,179
"G2101150","1970","3","6","Kentucky","21","Johnson","115",,,,,"4520",,"Johnson","1",,"09",156,704,641,362,1287,422,685,235,130,96,107,576,591,336,1476,766,916,219,163,55
"G2101170","1970","3","6","Kentucky","21","Kenton","117",,,,,"1640",,"Kenton","1",,"B",266,1143,2457,1865,6089,6363,7597,2783,1505,1407,248,1096,2567,2002,7039,8586,11874,2123,1288,687
"G2101190","1970","3","6","Kentucky","21","Knott","119",,,,,,,"Knott","1",,"09",236,635,520,269,915,299,319,140,68,63,161,604,462,330,925,472,373,172,158,60
"G2101210","1970","3","6","Kentucky","21","Knox","121",,,,,,,"Knox","1",,"09",257,1159,799,324,1475,590,647,278,102,166,150,929,878,502,1796,854,944,322,177,92
"G2101230","1970","3","6","Kentucky","21","Larue","123",,,,,,,"Larue","1",,"03",42,433,347,221,768,366,459,126,60,88,24,255,284,149,949,431,731,177,97,35
"G2101250","1970","3","6","Kentucky","21","Laurel","125",,,,,,,"Laurel","1",,"08",179,1005,766,505,1837,790,1114,358,238,131,67,725,831,643,2387,930,1174,485,275,126
"G2101270","1970","3","6","Kentucky","21","Lawrence","127",,,,,,,"Lawrence","1",,"08",74,541,350,208,763,343,429,107,64,46,93,345,447,206,878,422,498,147,101,18
"G2101290","1970","3","6","Kentucky","21","Lee","129",,,,,,,"Lee","1",,"08",67,349,272,125,464,210,139,62,28,0,28,246,360,143,449,259,198,90,58,15
"G2101310","1970","3","6","Kentucky","21","Leslie","131",,,,,,,"Leslie","1",,"09",111,587,377,180,741,236,174,73,36,59,105,437,406,143,785,353,254,110,114,32
"G2101330","1970","3","6","Kentucky","21","Letcher","133",,,,,,,"Letcher","1",,"09",219,995,697,487,1593,781,618,186,108,92,201,868,843,643,1538,943,892,272,144,34
"G2101350","1970","3","6","Kentucky","21","Lewis","135",,,,,,,"Lewis","1",,"08",96,548,373,326,864,303,444,75,93,27,41,272,306,342,1027,442,524,131,91,11
"G2101370","1970","3","6","Kentucky","21","Lincoln","137",,,,,,,"Lincoln","1",,"05",77,709,500,337,1192,640,769,145,88,50,72,466,485,322,1338,768,971,172,184,54
"G2101390","1970","3","6","Kentucky","21","Livingston","139",,,,,,,"Livingston","1",,"03",47,202,176,122,717,309,489,75,25,36,47,92,138,130,777,449,512,147,45,30
"G2101410","1970","3","6","Kentucky","21","Logan","141",,,,,,,"Logan","1",,"04",168,765,686,339,1499,784,1256,274,175,102,87,478,522,402,1672,1237,1492,402,205,108
"G2101430","1970","3","6","Kentucky","21","Lyon","143",,,,,,,"Lyon","1",,"03",52,190,238,166,578,315,496,107,18,41,12,69,61,75,522,188,447,82,44,19
"G2101450","1970","3","6","Kentucky","21","McCracken","145",,,,,,,"Mc Cracken","1",,"01",234,845,899,640,2518,2700,4412,1800,840,674,185,782,1019,778,3258,3950,5560,2011,697,327
"G2101470","1970","3","6","Kentucky","21","McCreary","147",,,,,,,"Mc Creary","1",,"09",189,592,435,327,653,243,258,83,73,61,150,538,576,371,751,450,226,99,90,29
"G2101490","1970","3","6","Kentucky","21","McLean","149",,,,,,,"Mc Lean","1",,"02",59,209,249,233,706,346,611,72,50,32,31,154,178,178,775,514,743,137,59,10
"G2101510","1970","3","6","Kentucky","21","Madison","151",,,,,,,"Madison","1",,"06",224,1152,887,582,1609,1284,1637,665,446,768,141,747,835,637,1842,1665,2291,996,563,573
"G2101530","1970","3","6","Kentucky","21","Magoffin","153",,,,,,,"Magoffin","1",,"08",46,256,280,201,986,305,298,84,30,16,89,348,265,217,945,259,306,74,74,8
"G2101550","1970","3","6","Kentucky","21","Marion","155",,,,,,,"Marion","1",,"06",131,471,401,260,966,479,732,112,91,98,87,292,342,295,1090,703,990,263,159,48
"G2101570","1970","3","6","Kentucky","21","Marshall","157",,,,,,,"Marshall","1",,"01",35,386,369,284,1510,866,1615,499,198,104,47,204,269,264,1826,1267,1710,472,165,30
"G2101590","1970","3","6","Kentucky","21","Martin","159",,,,,,,"Martin","1",,"09",123,677,367,124,426,198,141,32,13,37,57,340,389,160,651,268,178,93,91,24
"G2101610","1970","3","6","Kentucky","21","Mason","161",,,,,,,"Mason","1",,"06",56,325,424,478,1149,645,1075,227,121,137,81,232,384,247,1125,1080,1612,334,151,64
"G2101630","1970","3","6","Kentucky","21","Meade","163",,,,,,,"Meade","1",,"03",32,199,236,209,874,527,1129,329,461,347,29,80,147,198,879,693,1398,332,325,57
"G2101650","1970","3","6","Kentucky","21","Menifee","165",,,,,,,"Menifee","1",,"08",26,164,198,63,323,96,100,27,21,12,0,143,131,122,357,125,127,13,22,5
"G2101670","1970","3","6","Kentucky","21","Mercer","167",,,,,,,"Mercer","1",,"07",49,365,406,373,991,574,1135,245,150,152,20,265,308,260,997,1020,1388,378,207,78
"G2101690","1970","3","6","Kentucky","21","Metcalfe","169",,,,,,,"Metcalfe","1",,"05",81,527,408,227,594,156,205,59,68,26,31,257,333,235,821,325,288,124,51,12
"G2101710","1970","3","6","Kentucky","21","Monroe","171",,,,,,,"Monroe","1",,"05",110,620,624,216,863,190,436,59,46,68,82,439,427,251,1130,366,523,79,118,36
"G2101730","1970","3","6","Kentucky","21","Montgomery","173",,,,,,,"Montgomery","1",,"06",53,439,424,280,889,497,768,200,187,77,57,258,337,218,1196,783,1039,268,231,40
"G2101750","1970","3","6","Kentucky","21","Morgan","175",,,,,,,"Morgan","1",,"08",45,458,366,165,891,221,245,122,91,46,40,323,385,272,895,275,336,154,102,22
"G2101770","1970","3","6","Kentucky","21","Muhlenberg","177",,,,,,,"Muhlenberg","1",,"03",238,975,788,437,1745,1117,1711,343,114,106,106,697,805,535,2010,1658,1932,443,240,62
"G2101790","1970","3","6","Kentucky","21","Nelson","179",,,,,,,"Nelson","1",,"06",120,576,455,356,1230,714,1189,286,192,165,65,346,424,296,1351,964,1468,468,242,188
"G2101810","1970","3","6","Kentucky","21","Nicholas","181",,,,,,,"Nicholas","1",,"06",35,219,161,118,549,296,320,48,29,15,26,108,159,98,548,351,522,69,60,10
"G2101830","1970","3","6","Kentucky","21","Ohio","183",,,,,,,"Ohio","1",,"03",115,499,495,409,1559,734,1139,163,110,98,82,381,377,399,1794,991,1136,276,113,60
"G2101850","1970","3","6","Kentucky","21","Oldham","185",,,,,,,"Oldham","1",,"06",104,312,273,222,911,832,977,334,193,139,39,107,169,142,701,676,1073,364,144,77
"G2101870","1970","3","6","Kentucky","21","Owen","187",,,,,,,"Owen","1",,"06",34,241,264,202,618,283,451,100,53,24,16,131,174,175,650,375,616,106,66,17
"G2101890","1970","3","6","Kentucky","21","Owsley","189",,,,,,,"Owsley","1",,"08",46,344,224,133,245,152,88,22,49,19,64,220,281,163,337,132,67,44,30,20
"G2101910","1970","3","6","Kentucky","21","Pendleton","191",,,,,,,"Pendleton","1",,"06",29,158,230,105,943,420,604,95,44,30,20,102,170,119,858,484,869,145,84,14
"G2101930","1970","3","6","Kentucky","21","Perry","193",,,,,,,"Perry","1",,"09",318,1063,847,413,1352,735,903,234,219,149,325,800,801,561,1656,943,969,363,215,75
"G2101950","1970","3","6","Kentucky","21","Pike","195",,,,,,,"Pike","1",,"09",514,2610,2075,1124,3698,1729,1961,745,292,341,500,2231,2046,1341,3777,2184,2599,720,441,193
"G2101970","1970","3","6","Kentucky","21","Powell","197",,,,,,,"Powell","1",,"08",91,324,253,180,451,199,278,49,51,33,62,223,312,190,516,241,312,82,41,8
"G2101990","1970","3","6","Kentucky","21","Pulaski","199",,,,,,,"Pulaski","1",,"05",237,1418,1116,768,2429,983,1662,411,291,257,165,904,1053,871,2926,1394,2076,591,319,167
"G2102010","1970","3","6","Kentucky","21","Robertson","201",,,,,,,"Robertson","1",,"06",15,74,69,51,241,90,91,14,19,10,0,46,43,49,209,106,159,57,4,13
"G2102030","1970","3","6","Kentucky","21","Rockcastle","203",,,,,,,"Rockcastle","1",,"05",96,694,460,288,813,276,362,111,24,44,100,396,406,396,888,396,464,113,138,25
"G2102050","1970","3","6","Kentucky","21","Rowan","205",,,,,,,"Rowan","1",,"08",102,400,276,180,932,329,415,242,165,335,92,286,281,181,922,509,636,270,223,134
"G2102070","1970","3","6","Kentucky","21","Russell","207",,,,,,,"Russell","1",,"05",76,222,332,249,1097,266,375,204,56,51,63,275,315,253,1258,400,344,145,137,44
"G2102090","1970","3","6","Kentucky","21","Scott","209",,,,,,,"Scott","1",,"07",59,437,439,368,701,627,1065,260,232,224,66,220,324,297,862,916,1447,380,255,82
"G2102110","1970","3","6","Kentucky","21","Shelby","211",,,,,,,"Shelby","1",,"06",76,445,449,372,1140,834,1231,299,209,162,16,292,310,310,1239,1036,1784,380,239,59
"G2102130","1970","3","6","Kentucky","21","Simpson","213",,,,,,,"Simpson","1",,"04",88,427,341,198,810,430,766,186,118,94,38,244,332,234,949,631,949,360,113,73
"G2102150","1970","3","6","Kentucky","21","Spencer","215",,,,,,,"Spencer","1",,"06",53,197,158,184,454,126,248,15,28,16,14,126,124,79,429,245,331,26,50,20
"G2102170","1970","3","6","Kentucky","21","Taylor","217",,,,,,,"Taylor","1",,"03",91,576,469,260,1344,629,593,291,139,153,71,291,391,205,1562,719,1095,437,196,37
"G2102190","1970","3","6","Kentucky","21","Todd","219",,,,,,,"Todd","1",,"04",84,419,352,240,669,352,581,119,126,39,44,261,366,206,805,524,680,185,156,24
"G2102210","1970","3","6","Kentucky","21","Trigg","221",,,,,,,"Trigg","1",,"04",87,369,210,239,564,278,430,108,57,35,79,227,194,143,678,489,570,128,75,24
"G2102230","1970","3","6","Kentucky","21","Trimble","223",,,,,,,"Trimble","1",,"06",25,120,129,55,388,236,377,48,14,38,22,46,164,26,369,349,409,48,16,16
"G2102250","1970","3","6","Kentucky","21","Union","225",,,,,,,"Union","1",,"02",54,266,225,267,615,703,1032,201,128,111,56,156,189,234,773,810,1290,376,169,27
"G2102270","1970","3","6","Kentucky","21","Warren","227",,,,,,,"Warren","1",,"04",289,1219,1063,705,2515,1598,2945,1322,717,945,180,879,844,811,2886,2320,3684,1908,768,548
"G2102290","1970","3","6","Kentucky","21","Washington","229",,,,,,,"Washington","1",,"06",43,313,321,182,794,362,473,91,57,55,53,210,191,127,761,411,823,284,89,85
"G2102310","1970","3","6","Kentucky","21","Wayne","231",,,,,,,"Wayne","1",,"05",251,953,617,179,892,283,436,81,48,33,136,686,554,376,1105,361,579,125,86,37
"G2102330","1970","3","6","Kentucky","21","Webster","233",,,,,,,"Webster","1",,"02",75,288,362,294,1061,571,825,127,45,69,64,231,331,243,1217,904,1061,175,59,82
"G2102350","1970","3","6","Kentucky","21","Whitley","235",,,,,,,"Whitley","1",,"09",148,804,614,415,1691,779,915,322,223,211,162,732,784,505,2054,1158,1230,416,257,52
"G2102370","1970","3","6","Kentucky","21","Wolfe","237",,,,,,,"Wolfe","1",,"08",34,383,189,89,383,108,149,59,23,25,28,310,257,158,426,132,113,78,40,10
"G2102390","1970","3","6","Kentucky","21","Woodford","239",,,,,"1640",,"Woodford","1",,"07",92,229,296,294,594,577,849,324,210,207,53,113,254,212,711,762,1192,451,239,90
"G2200010","1970","3","7","Louisiana","22","Acadia","001",,,,,,,"Acadia","1",,"07",1420,1844,1815,982,897,1618,2354,677,346,269,1626,1831,1798,1224,1208,2335,2712,563,471,175
"G2200030","1970","3","7","Louisiana","22","Allen","003",,,,,,,"Allen","1",,"07",275,758,758,423,524,866,1030,226,135,78,232,644,711,557,403,1397,1198,261,139,25
"G2200050","1970","3","7","Louisiana","22","Ascension","005",,,,,,,"Ascension","1",,"06",318,1040,930,667,678,1541,2286,522,247,170,262,842,968,640,644,2165,2483,474,203,125
"G2200070","1970","3","7","Louisiana","22","Assumption","007",,,,,,,"Assumption","1",,"06",361,965,731,391,396,525,602,134,77,69,453,744,787,422,397,752,760,202,145,35
"G2200090","1970","3","7","Louisiana","22","Avoyelles","009",,,,,,,"Avoyelles","1",,"03",595,1450,1470,781,914,1550,1509,418,260,222,748,1222,1496,833,1073,2342,2013,453,261,57
"G2200110","1970","3","7","Louisiana","22","Beauregard","011",,,,,,,"Beauregard","1",,"08",132,490,622,370,547,952,1625,449,283,174,94,263,616,413,669,1378,1874,390,297,104
"G2200130","1970","3","7","Louisiana","22","Bienville","013",,,,,,,"Bienville","1",,"04",158,617,675,303,339,962,668,230,118,45,90,473,614,348,399,1386,795,300,171,106
"G2200150","1970","3","7","Louisiana","22","Bossier","015",,,,,"7680",,"Bossier","0",,"A",285,1056,953,506,825,2483,5176,1831,834,501,287,855,962,660,881,3726,5930,1534,772,218
"G2200170","1970","3","7","Louisiana","22","Caddo","017",,,,,"7680",,"Caddo","0",,"A",1474,4550,4287,2642,3679,10393,13620,6754,4557,2820,1343,4479,4768,3233,4567,16159,18906,7836,4717,1802
"G2200190","1970","3","7","Louisiana","22","Calcasieu","019",,,,,"3960",,"Calcasieu","0",,"D",1226,3143,3377,1988,2483,4959,9771,3558,2128,1374,1220,2833,3481,2388,2694,7141,11456,3254,2073,891
"G2200210","1970","3","7","Louisiana","22","Caldwell","021",,,,,,,"Caldwell","1",,"04",75,372,362,224,227,438,497,103,79,7,118,130,322,226,239,706,616,227,109,30
"G2200230","1970","3","7","Louisiana","22","Cameron","023",,,,,,,"Cameron","1",,"07",108,266,289,136,193,448,509,71,33,15,89,144,347,159,198,398,513,80,84,23
"G2200250","1970","3","7","Louisiana","22","Catahoula","025",,,,,,,"Catahoula","1",,"02",142,414,409,199,332,534,464,138,97,101,98,330,497,238,253,768,750,150,84,59
"G2200270","1970","3","7","Louisiana","22","Claiborne","027",,,,,,,"Claiborne","1",,"04",195,785,673,292,373,977,500,283,163,133,109,576,677,405,490,1633,676,384,319,65
"G2200290","1970","3","7","Louisiana","22","Concordia","029",,,,,,,"Concordia","1",,"02",192,759,548,362,452,941,1229,222,143,138,174,650,657,346,505,1405,1421,296,203,89
"G2200310","1970","3","7","Louisiana","22","De Soto","031",,,,,"3960",,"De Soto","1",,"08",312,1116,780,388,428,841,1130,220,148,200,314,870,900,579,572,1290,1417,366,342,104
"G2200330","1970","3","7","Louisiana","22","East Baton Rouge","033",,,,,"0760",,"East Baton Rouge","0",,"C",1133,3948,4241,2489,3561,10285,16482,8815,6894,6459,955,3469,4229,2958,3941,14409,22867,9733,6136,3071
"G2200350","1970","3","7","Louisiana","22","East Carroll","035",,,,,,,"East Carroll","1",,"02",205,601,369,153,237,423,364,98,86,76,187,550,541,281,232,569,503,236,117,46
"G2200370","1970","3","7","Louisiana","22","East Feliciana","037",,,,,,,"East Feliciana","1",,"05",361,883,841,411,437,689,785,189,115,69,263,637,677,477,472,918,1111,248,208,45
"G2200390","1970","3","7","Louisiana","22","Evangeline","039",,,,,,,"Evangeline","1",,"03",857,1502,1084,688,550,1039,1335,260,158,159,1043,1292,1359,822,630,1433,1456,300,173,46
"G2200410","1970","3","7","Louisiana","22","Franklin","041",,,,,,,"Franklin","1",,"02",385,979,854,397,455,954,1002,233,185,166,314,738,929,631,534,1270,1363,282,348,126
"G2200430","1970","3","7","Louisiana","22","Grant","043",,,,,,,"Grant","1",,"04",150,458,479,320,404,669,685,264,95,78,100,359,516,357,393,815,991,314,126,55
"G2200450","1970","3","7","Louisiana","22","Iberia","045",,,,,,,"Iberia","1",,"06",1118,1961,1549,832,946,2098,2714,782,518,411,1149,1694,1876,925,1046,2920,3342,838,545,104
"G2200470","1970","3","7","Louisiana","22","Iberville","047",,,,,,,"Iberville","1",,"06",554,1126,1039,432,618,1238,1202,344,183,152,451,1216,1041,523,816,1683,1434,441,168,77
"G2200490","1970","3","7","Louisiana","22","Jackson","049",,,,,"0760",,"Jackson","1",,"04",141,520,580,281,372,915,848,298,119,121,80,389,427,423,521,1385,941,341,206,74
"G2200510","1970","3","7","Louisiana","22","Jefferson","051",,,,,"5560",,"Jefferson","1",,"B",1365,4197,6414,4778,6719,13933,21503,9757,7000,5274,1452,3651,6139,4707,7521,18480,29658,8574,4558,1617
"G2200530","1970","3","7","Louisiana","22","Jefferson Davis","053",,,,,"5560",,"Jefferson Davis","1",,"07",530,1046,935,616,405,955,1626,384,227,216,673,857,1023,521,614,1312,1921,397,315,109
"G2200550","1970","3","7","Louisiana","22","Lafayette","055",,,,,"3880",,"Lafayette","0",,"03",1757,2488,2012,979,1594,3175,4956,2722,2321,1763,2095,2405,2187,1320,1518,4420,6742,3061,2060,652
"G2200570","1970","3","7","Louisiana","22","Lafourche","057",,,,,,,"Lafourche","1",,"06",1307,2425,2056,1317,1111,2121,3029,758,328,698,1199,2029,2328,1710,1380,2455,3442,776,526,226
"G2200590","1970","3","7","Louisiana","22","La Salle","059",,,,,,,"La Salle","1",,"04",68,357,462,284,465,738,826,185,98,72,44,360,363,281,375,996,1114,253,125,46
"G2200610","1970","3","7","Louisiana","22","Lincoln","061",,,,,,,"Lincoln","1",,"04",159,584,589,298,536,1171,1135,816,531,888,88,527,545,428,653,1632,1644,1048,760,547
"G2200630","1970","3","7","Louisiana","22","Livingston","063",,,,,,,"Livingston","1",,"05",230,958,962,630,892,1723,2231,529,284,215,195,676,873,625,794,2139,2705,630,188,168
"G2200650","1970","3","7","Louisiana","22","Madison","065",,,,,,,"Madison","1",,"02",257,673,448,200,292,545,485,121,170,73,225,705,556,298,298,879,617,162,235,48
"G2200670","1970","3","7","Louisiana","22","Morehouse","067",,,,,,,"Morehouse","1",,"02",402,1149,965,552,649,1368,1466,452,290,131,317,1011,1036,721,823,2239,1789,514,373,132
"G2200690","1970","3","7","Louisiana","22","Natchitoches","069",,,,,"3880",,"Natchitoches","1",,"01",380,1259,942,560,694,1189,1325,596,371,508,400,1268,1136,641,793,1615,1601,722,515,368
"G2200710","1970","3","7","Louisiana","22","Orleans","071",,,,,"5560",,"Orleans","0",,"B",2732,11341,15752,9506,15649,25797,27670,12711,9251,10716,3492,11390,17614,11643,22109,37120,45097,14772,9933,4577
"G2200730","1970","3","7","Louisiana","22","Ouachita","073",,,,,"5200",,"Ouachita","0",,"E",798,2247,2214,1449,2141,4861,6205,3029,1850,1499,593,2022,2694,1709,2197,7131,8659,3467,1928,840
"G2200750","1970","3","7","Louisiana","22","Plaquemines","075",,,,,,,"Plaquemines","1",,"05",281,651,741,458,678,1084,1441,356,184,159,258,485,625,408,558,1175,1440,324,117,82
"G2200770","1970","3","7","Louisiana","22","Pointe Coupee","077",,,,,,,"Pointe Coupee","1",,"03",482,919,683,407,498,760,862,210,129,60,375,916,753,528,503,1042,1005,224,165,54
"G2200790","1970","3","7","Louisiana","22","Rapides","079",,,,,,,"Rapides","1",,"01",1434,2697,2958,1708,2107,4483,6865,2518,1649,1408,1412,2381,3015,2044,2605,6529,9063,3117,1708,673
"G2200810","1970","3","7","Louisiana","22","Red River","081",,,,,,,"Red River","1",,"01",80,383,282,207,213,450,377,126,49,35,111,357,326,178,235,743,475,124,102,14
"G2200830","1970","3","7","Louisiana","22","Richland","083",,,,,,,"Richland","1",,"02",305,833,713,384,508,822,917,234,201,133,301,753,833,477,537,1288,1111,299,269,147
"G2200850","1970","3","7","Louisiana","22","Sabine","085",,,,,"5200",,"Sabine","1",,"08",239,744,699,539,451,533,1210,216,70,104,164,431,640,462,532,985,1561,192,189,145
"G2200870","1970","3","7","Louisiana","22","St Bernard","087",,,,,"5560",,"St Bernard","0",,"B",160,734,1175,941,1515,2346,3592,998,350,284,235,528,1213,815,1396,3306,4495,595,204,86
"G2200890","1970","3","7","Louisiana","22","St Charles","089",,,,,,,"St Charles","1",,"05",130,690,621,423,582,1131,1953,490,295,202,269,482,742,480,623,1375,2043,482,206,86
"G2200910","1970","3","7","Louisiana","22","St Helena","091",,,,,,,"St Helena","1",,"05",95,413,361,72,191,443,290,140,35,74,50,231,327,209,246,580,477,152,80,48
"G2200930","1970","3","7","Louisiana","22","St James","093",,,,,,,"St James","1",,"06",150,467,499,343,316,628,1077,222,130,99,291,420,540,512,405,837,1128,171,157,89
"G2200950","1970","3","7","Louisiana","22","St John The Baptist","095",,,,,,,"St John The Baptist","1",,"06",260,658,700,415,377,687,1582,301,114,93,279,657,570,495,417,1112,1623,209,129,81
"G2200970","1970","3","7","Louisiana","22","St Landry","097",,,,,,,"St Landry","1",,"03",2131,3773,2259,1372,1327,2307,2964,734,561,449,2371,3190,2910,1699,1697,3027,3662,962,653,367
"G2200990","1970","3","7","Louisiana","22","St Martin","099",,,,,,,"St Martin","1",,"06",989,1558,1073,544,522,1012,946,208,195,103,845,1252,1143,691,679,1195,1341,304,205,34
"G2201010","1970","3","7","Louisiana","22","St Mary","101",,,,,,,"St Mary","1",,"06",835,1668,1726,827,1073,2298,3208,1031,515,358,851,1515,1735,913,1175,2716,3645,828,560,167
"G2201030","1970","3","7","Louisiana","22","St Tammany","103",,,,,"5560",,"St Tammany","0",,"05",365,1230,1317,778,1526,2646,3622,1618,1248,948,210,845,1239,913,1390,3716,5140,1648,1011,371
"G2201050","1970","3","7","Louisiana","22","Tangipahoa","105",,,,,,,"Tangipahoa","1",,"05",778,1789,1937,1113,1320,2617,2798,850,556,655,794,1670,1932,1291,1634,3628,3721,852,766,440
"G2201070","1970","3","7","Louisiana","22","Tensas","107",,,,,,,"Tensas","1",,"02",120,560,330,114,131,340,333,127,73,43,139,489,502,196,172,495,378,135,155,10
"G2201090","1970","3","7","Louisiana","22","Terrebonne","109",,,,,,,"Terrebonne","1",,"06",1109,2355,1930,1216,1450,2603,3754,1065,593,457,1028,1874,2006,1321,1409,3341,4240,975,639,235
"G2201110","1970","3","7","Louisiana","22","Union","111",,,,,,,"Union","1",,"04",132,625,646,413,506,1032,889,230,94,99,159,460,687,390,477,1526,1169,276,265,64
"G2201130","1970","3","7","Louisiana","22","Vermilion","113",,,,,,,"Vermilion","1",,"07",1292,1523,1549,750,908,1633,1940,473,291,300,1499,1356,1796,855,978,2113,2229,565,329,55
"G2201150","1970","3","7","Louisiana","22","Vernon","115",,,,,,,"Vernon","1",,"08",182,423,674,480,687,1552,2871,596,451,463,132,334,571,546,760,1913,2540,430,340,88
"G2201170","1970","3","7","Louisiana","22","Washington","117",,,,,,,"Washington","1",,"05",291,1048,1187,725,1058,1934,2501,631,362,365,231,844,1233,926,1372,2749,3121,757,493,185
"G2201190","1970","3","7","Louisiana","22","Webster","119",,,,,,,"Webster","1",,"04",373,1063,1177,639,896,2167,2467,823,371,337,312,788,1103,744,1170,3208,3034,724,595,184
"G2201210","1970","3","7","Louisiana","22","West Baton Rouge","121",,,,,,,"West Baton Rouge","1",,"06",219,493,389,209,271,719,875,251,172,79,181,456,464,255,304,923,987,203,195,36
"G2201230","1970","3","7","Louisiana","22","West Carroll","123",,,,,,,"West Carroll","1",,"02",105,535,502,272,410,644,497,154,92,79,52,339,482,331,367,1042,793,173,85,56
"G2201250","1970","3","7","Louisiana","22","West Feliciana","125",,,,,,,"West Feliciana","1",,"05",140,502,513,309,645,1317,824,155,60,16,110,257,269,123,152,311,279,75,81,24
"G2201270","1970","3","7","Louisiana","22","Winn","127",,,,,"5560",,"Winn","1",,"04",186,498,586,347,485,948,695,275,147,65,102,396,572,348,476,1426,989,285,139,83
"G2300010","1970","1","1","Maine","23","Androscoggin","001",,,,,,,"Androscoggin","1",,"04",368,964,1812,1496,4161,4266,6258,1844,988,702,258,985,2084,1474,4742,4989,8551,2511,1054,331
"G2300030","1970","1","1","Maine","23","Aroostook","003",,,,,,,"Aroostook","1",,"01",383,1285,1832,1104,4039,3549,6645,1922,964,614,224,816,1345,1273,3867,4244,7332,2845,935,204
"G2300050","1970","1","1","Maine","23","Cumberland","005",,,,,,,"Cumberland","1",,"A",491,583,1364,1322,5744,9018,17006,5823,4312,2810,415,530,1470,1095,5438,10389,23746,8882,3913,1239
"G2300070","1970","1","1","Maine","23","Franklin","007",,,,,,,"Franklin","1",,"02",61,89,191,188,898,1233,1941,571,287,201,41,57,134,108,738,1275,2388,834,337,135
"G2300090","1970","1","1","Maine","23","Hancock","009",,,,,,,"Hancock","1",,"03",61,79,277,236,1630,1955,3448,781,574,370,34,55,184,106,1369,2240,4355,1524,505,248
"G2300110","1970","1","1","Maine","23","Kennebec","011",,,,,,,"Kennebec","1",,"04",303,555,1134,1103,3989,4374,7885,2306,1675,1240,200,526,1130,1005,3854,5222,10280,3706,1351,501
"G2300130","1970","1","1","Maine","23","Knox","013",,,,,,,"Knox","1",,"03",46,80,253,248,1518,1751,2684,716,448,341,49,66,105,166,1300,2127,3343,1308,526,189
"G2300150","1970","1","1","Maine","23","Lincoln","015",,,,,,,"Lincoln","1",,"03",28,54,133,109,1008,1296,1892,611,423,260,43,31,61,61,829,1191,2758,968,460,123
"G2300170","1970","1","1","Maine","23","Oxford","017",,,,,,,"Oxford","1",,"02",157,244,329,433,2102,2306,4103,908,544,370,95,110,359,361,1673,2817,5058,1412,540,154
"G2300190","1970","1","1","Maine","23","Penobscot","019",,,,,,,"Penobscot","1",,"02",297,596,1062,984,4785,5947,9981,2869,1937,1749,263,293,883,802,3956,7153,12874,4777,1696,768
"G2300210","1970","1","1","Maine","23","Piscataquis","021",,,,,,,"Piscataquis","1",,"02",43,103,226,212,845,990,1525,316,219,95,12,47,67,98,716,1119,1903,739,120,34
"G2300230","1970","1","1","Maine","23","Sagadahoc","023",,,,,,,"Sagadahoc","1",,"04",51,87,214,299,941,1324,2069,631,401,210,24,64,184,140,815,1593,2697,794,320,100
"G2300250","1970","1","1","Maine","23","Somerset","025",,,,,,,"Somerset","1",,"02",128,298,663,542,2343,2247,3243,669,367,273,113,187,381,342,1742,2962,4247,1115,412,112
"G2300270","1970","1","1","Maine","23","Waldo","027",,,,,,,"Waldo","1",,"03",48,93,248,197,1230,1426,1998,414,266,190,16,36,96,143,925,1634,2485,780,295,96
"G2300290","1970","1","1","Maine","23","Washington","029",,,,,,,"Washington","1",,"03",48,130,326,359,1976,1984,2575,538,215,155,56,42,241,249,1763,2239,3125,947,329,78
"G2300310","1970","1","1","Maine","23","York","031",,,,,,,"York","1",,"04",179,653,1387,1454,4791,5655,8915,2669,1456,1195,215,712,1507,1561,4946,6192,11576,3694,1501,524
"G2400010","1970","3","5","Maryland","24","Allegany","001",,,,,,,"Allegany","1",,"01",206,988,1902,1232,3177,4325,7441,1450,949,908,199,842,2109,1272,3517,5420,9678,2061,933,485
"G2400030","1970","3","5","Maryland","24","Anne Arundel","003",,,,,"0720",,"Anne Arundel","1",,"A",790,2639,4977,3945,7128,14259,21030,7761,6625,6098,697,1736,4350,3586,7335,16224,27600,7628,4450,1831
"G2400050","1970","3","5","Maryland","24","Baltimore","005",,,,,"0720",,"Baltimore","1",,"A",1515,3957,11093,9987,17259,33218,41092,17381,15533,13274,1625,3461,10738,10023,19714,39766,63723,15737,10515,4551
"G2400090","1970","3","5","Maryland","24","Calvert","009",,,,,,,"Calvert","1",,"03",94,552,495,565,497,907,1336,226,219,151,97,292,450,555,468,1181,1432,406,228,98
"G2400110","1970","3","5","Maryland","24","Caroline","011",,,,,,,"Caroline","1",,"04",86,407,581,641,591,1534,1042,211,176,147,63,193,458,542,710,1948,1281,365,224,71
"G2400130","1970","3","5","Maryland","24","Carroll","013",,,,,"0720",,"Carroll","1",,"C",347,931,2130,2065,2343,4559,3734,1173,812,693,290,573,1908,2203,1979,5482,5221,1266,797,317
"G2400150","1970","3","5","Maryland","24","Cecil","015",,,,,"9160",,"Cecil","1",,"04",139,725,1127,1375,1422,3376,3172,856,541,433,115,359,787,1085,1314,3568,4273,883,388,244
"G2400170","1970","3","5","Maryland","24","Charles","017",,,,,,,"Charles","1",,"03",148,471,756,923,1095,2140,3847,927,519,434,112,256,570,792,993,2631,4338,649,314,210
"G2400190","1970","3","5","Maryland","24","Dorchester","019",,,,,,,"Dorchester","1",,"04",103,806,1204,1018,864,2012,1334,440,257,172,102,464,824,1263,845,2999,1786,595,277,126
"G2400210","1970","3","5","Maryland","24","Frederick","021",,,,,,,"Frederick","1",,"02",250,794,1878,3153,1732,4891,4863,1343,1210,1454,123,551,1760,3393,1779,5589,6559,1925,1199,635
"G2400230","1970","3","5","Maryland","24","Garrett","023",,,,,"9160",,"Garrett","1",,"01",84,373,556,955,800,1020,1490,171,120,120,76,198,557,918,758,1248,1831,293,159,57
"G2400250","1970","3","5","Maryland","24","Harford","025",,,,,"0720",,"Harford","1",,"02",243,1016,1867,1950,2552,5414,7330,2762,2551,2522,186,703,1557,1844,2417,6876,9932,2930,1689,577
"G2400270","1970","3","5","Maryland","24","Howard","027",,,,,"0720",,"Howard","1",,"C",97,454,954,1052,1205,2679,3661,1658,2177,2227,68,367,840,831,1166,2992,5755,2040,1548,701
"G2400290","1970","3","5","Maryland","24","Kent","029",,,,,"0720",,"Kent","1",,"04",73,333,522,482,374,1062,752,258,201,242,39,139,263,454,442,1426,940,585,241,101
"G2400310","1970","3","5","Maryland","24","Montgomery","031",,,,,"8840",,"Montgomery","1",,"B",724,1795,3185,2839,5289,12309,27632,19555,21937,37726,1083,1531,3423,2636,6748,16488,54901,28658,22128,12108
"G2400330","1970","3","5","Maryland","24","Prince Georges","033",,,,,"8840",,"Prince Georges","1",,"B",862,2711,5851,5727,9523,26460,48550,21885,15673,19575,927,2141,5077,4873,10561,30393,69209,20292,12782,6771
"G2400350","1970","3","5","Maryland","24","Queen Anne's","035",,,,,,,"Queen Annes","1",,"04",87,504,691,605,519,1297,960,219,179,168,88,270,601,493,480,1478,1216,502,229,73
"G2400370","1970","3","5","Maryland","24","St Mary's","037",,,,,,,"St Marys","1",,"03",188,484,792,701,1049,1674,3512,878,817,520,85,352,382,598,911,2119,3585,934,594,170
"G2400390","1970","3","5","Maryland","24","Somerset","039",,,,,,,"Somerset","1",,"04",74,490,664,741,529,1494,706,169,56,84,104,351,753,639,655,1976,785,293,175,58
"G2400410","1970","3","5","Maryland","24","Talbot","041",,,,,,,"Talbot","1",,"04",101,362,584,618,751,1787,1052,557,407,433,67,303,472,553,625,2480,1685,849,434,194
"G2400430","1970","3","5","Maryland","24","Washington","043",,,,,,,"Washington","1",,"02",187,913,2067,1524,4419,5679,8286,1824,1387,987,215,818,2055,1737,4713,6811,10264,2309,1066,344
"G2400450","1970","3","5","Maryland","24","Wicomico","045",,,,,,,"Wicomico","1",,"04",160,941,1413,1225,1355,3505,3307,952,903,544,149,831,1276,1360,1327,4537,4054,1520,885,328
"G2400470","1970","3","5","Maryland","24","Worcester","047",,,,,"8840",,"Worcester","1",,"04",132,761,817,608,594,1642,1182,446,293,128,108,467,696,755,520,2401,1565,557,256,111
"G2405100","1970","3","5","Maryland","24","Baltimore City","510",,,,,"0720",,"Baltimore City","0",,"A",4214,16364,28856,18483,30665,51342,41199,14864,9028,11530,4532,14897,30806,21311,36925,67810,63172,14987,9157,6269
"G2500010","1970","1","1","Massachusetts","25","Barnstable","001",,,,,,,"Barnstable","1",,"02",178,339,800,494,2003,4229,9671,3976,2834,1783,241,313,610,464,1884,4702,12851,6139,2958,1230
"G2500030","1970","1","1","Massachusetts","25","Berkshire","003",,,,,,,"Berkshire","0",,"F",304,839,2452,2041,5047,7348,12075,3256,2887,2574,661,835,2260,2017,5312,8571,17162,4848,2434,1139
"G2500050","1970","1","1","Massachusetts","25","Bristol","005",,,,,,,"Bristol","0",,"E",5421,5817,11679,9462,16483,23887,25950,7748,5051,4190,6301,6617,12901,10014,19902,27938,37506,9950,4098,1916
"G2500070","1970","1","1","Massachusetts","25","Dukes","007",,,,,,,"Dukes","1",,"02",45,11,73,73,179,256,591,225,135,101,7,33,26,60,182,325,893,344,213,72
"G2500090","1970","1","1","Massachusetts","25","Essex","009",,,,,,,"Essex","1",,"C",2464,3390,7557,6665,17368,31297,52076,18850,13708,12046,3582,3910,7763,6744,20536,35445,79014,23769,10734,4271
"G2500110","1970","1","1","Massachusetts","25","Franklin","011",,,,,,,"Franklin","1",,"01",168,293,599,658,1883,3455,5458,1499,859,1079,275,222,524,557,1782,3503,7279,2225,1018,554
"G2500130","1970","1","1","Massachusetts","25","Hampden","013",,,,,,,"Hampden","1",,"A",1893,3236,6676,5656,12289,26232,35815,10568,7740,6635,2852,3681,7783,5495,13931,28151,52790,12215,6353,2848
"G2500150","1970","1","1","Massachusetts","25","Hampshire","015",,,,,,,"Hampshire","1",,"A",324,549,1365,1346,3637,6315,7637,2744,1812,3608,481,551,1324,1283,3490,5865,10648,4265,2288,1804
"G2500170","1970","1","1","Massachusetts","25","Middlesex","017",,,,,,,"Middlesex","1",,"C",4356,6320,13735,10740,27611,62480,105984,39242,34320,47123,6655,7358,14782,10946,32032,69982,167019,51595,31795,18973
"G2500190","1970","1","1","Massachusetts","25","Nantucket","019",,,,,,,"Nantucket","1",,"02",20,20,36,60,54,194,423,86,74,53,6,16,29,9,95,225,520,188,124,32
"G2500210","1970","1","1","Massachusetts","25","Norfolk","021",,,,,,,"Norfolk","1",,"C",1632,1734,4073,3305,10223,24357,50303,20301,17746,18790,2224,2050,4379,3140,11501,25274,81825,27037,15226,7847
"G2500230","1970","1","1","Massachusetts","25","Plymouth","023",,,,,,,"Plymouth","1",,"D",909,1375,2985,2947,7659,17581,28039,10053,6676,5455,1176,1169,2827,2196,6518,18061,40593,12270,5921,2123
"G2500250","1970","1","1","Massachusetts","25","Suffolk","025",,,,,,,"Suffolk","0",,"C",4029,5780,11187,7218,19479,38835,56132,16461,9848,13224,6438,6643,12773,7722,23590,45842,85430,18586,9751,6760
"G2500270","1970","1","1","Massachusetts","25","Worcester","027",,,,,,,"Worcester","0",,"B",2302,3819,9872,9997,22166,34370,45408,17769,9470,9942,3339,4258,10305,9034,24319,38291,67157,20190,8467,3758
"G2600010","1970","2","3","Michigan","26","Alcona","001",,,,,,,"Alcona","1",,"04",20,131,84,69,592,476,448,185,62,55,36,47,94,92,425,560,655,185,69,31
"G2600030","1970","2","3","Michigan","26","Alger","003",,,,,,,"Alger","1",,"02",36,137,179,101,499,472,749,108,55,89,43,65,120,98,294,494,926,112,103,30
"G2600050","1970","2","3","Michigan","26","Allegan","005",,,,,,,"Allegan","1",,"06",136,368,548,718,4094,3389,5111,1129,514,501,129,363,416,521,3777,3766,5867,1755,569,260
"G2600070","1970","2","3","Michigan","26","Alpena","007",,,,,,,"Alpena","1",,"04",47,295,346,383,1543,1238,2337,596,325,301,50,201,336,303,1464,1480,2771,769,373,155
"G2600090","1970","2","3","Michigan","26","Antrim","009",,,,,,,"Antrim","1",,"04",17,99,131,212,639,672,972,299,178,148,26,65,90,108,592,818,1324,351,141,100
"G2600110","1970","2","3","Michigan","26","Arenac","011",,,,,,,"Arenac","1",,"04",59,139,193,227,682,547,872,182,65,55,35,86,143,115,707,760,771,276,94,16
"G2600130","1970","2","3","Michigan","26","Baraga","013",,,,,,,"Baraga","1",,"01",89,91,147,174,413,491,569,160,52,70,74,64,106,98,307,426,745,175,65,11
"G2600150","1970","2","3","Michigan","26","Barry","015",,,,,,,"Barry","1",,"09",76,154,173,347,1798,2255,3686,775,385,310,40,87,196,249,1389,2539,4328,1048,390,191
"G2600170","1970","2","3","Michigan","26","Bay","017",,,,,"0800",,"Bay","0",,"C",245,695,1390,1520,5413,5804,8397,2646,1062,1096,305,784,1093,1313,5780,6543,10990,2615,903,598
"G2600190","1970","2","3","Michigan","26","Benzie","019",,,,,,,"Benzie","1",,"03",39,65,122,74,356,551,766,211,99,82,6,26,37,77,375,589,896,323,161,100
"G2600210","1970","2","3","Michigan","26","Berrien","021",,,,,,,"Berrien","1",,"06",462,1533,1957,1673,6631,7620,12580,4215,2549,2228,526,1188,1748,1643,7035,9652,15683,4728,2438,930
"G2600230","1970","2","3","Michigan","26","Branch","023",,,,,,,"Branch","1",,"09",638,250,316,382,1803,1903,3354,570,350,279,445,85,269,277,1689,2277,4032,914,339,159
"G2600250","1970","2","3","Michigan","26","Calhoun","025",,,,,,,"Calhoun","1",,"09",289,804,1518,1681,5054,8580,11829,3135,1879,1640,297,563,1119,1159,4841,9766,15300,4136,1862,836
"G2600270","1970","2","3","Michigan","26","Cass","027",,,,,,,"Cass","1",,"09",127,310,481,441,2004,2531,3938,772,486,304,29,242,336,462,1680,3109,4441,1057,469,132
"G2600290","1970","2","3","Michigan","26","Charlevoix","029",,,,,,,"Charlevoix","1",,"04",30,129,179,180,663,993,1357,382,148,165,34,52,110,118,621,1022,1761,504,234,115
"G2600310","1970","2","3","Michigan","26","Cheboygan","031",,,,,,,"Cheboygan","1",,"04",22,105,151,250,996,700,1426,268,127,155,14,67,128,165,857,975,1567,517,186,82
"G2600330","1970","2","3","Michigan","26","Chippewa","033",,,,,,,"Chippewa","1",,"02",62,316,334,314,1283,1300,2715,689,349,373,53,153,319,293,1124,1635,3149,751,293,156
"G2600350","1970","2","3","Michigan","26","Clare","035",,,,,"0800",,"Clare","1",,"04",42,140,131,213,1082,1016,1316,263,118,185,12,78,133,153,979,1351,1621,418,112,44
"G2600370","1970","2","3","Michigan","26","Clinton","037",,,,,"4040",,"Clinton","0",,"E",53,154,348,371,2422,2434,4112,834,441,449,54,81,197,277,1757,2411,5391,1162,557,103
"G2600390","1970","2","3","Michigan","26","Crawford","039",,,,,,,"Crawford","1",,"04",17,44,49,82,336,342,570,125,45,39,7,6,20,45,268,439,735,151,62,41
"G2600410","1970","2","3","Michigan","26","Delta","041",,,,,,,"Delta","1",,"02",92,403,553,497,1759,1652,2930,651,350,389,85,217,369,428,1777,1838,3826,814,355,125
"G2600430","1970","2","3","Michigan","26","Dickinson","043",,,,,,,"Dickinson","1",,"01",63,155,424,307,1361,1303,2208,462,289,256,45,159,333,244,1172,1500,2754,740,286,76
"G2600450","1970","2","3","Michigan","26","Eaton","045",,,,,"4040",,"Eaton","0",,"E",51,160,416,591,2314,3235,6145,1876,1112,895,70,108,292,348,1788,3722,7846,2072,957,390
"G2600470","1970","2","3","Michigan","26","Emmet","047",,,,,"4040",,"Emmet","1",,"04",31,105,174,200,754,810,1576,443,266,223,27,95,123,159,773,949,1958,740,296,87
"G2600490","1970","2","3","Michigan","26","Genesee","049",,,,,"2640",,"Genesee","0",,"D",815,2655,4697,4691,13961,25701,32884,10377,5063,4632,829,2038,3627,3785,12880,28504,44559,10309,4321,2193
"G2600510","1970","2","3","Michigan","26","Gladwin","051",,,,,,,"Gladwin","1",,"04",29,122,264,202,855,763,1069,256,48,59,53,82,132,106,744,1026,1234,320,87,28
"G2600530","1970","2","3","Michigan","26","Gogebic","053",,,,,,,"Gogebic","1",,"01",98,200,310,258,1029,1402,2019,396,212,145,110,185,371,225,863,1304,2647,621,186,60
"G2600550","1970","2","3","Michigan","26","Grand Traverse","055",,,,,,,"Grand Traverse","1",,"03",56,190,328,297,1770,1642,3122,1225,712,539,110,143,278,214,1827,1744,4337,1706,709,271
"G2600570","1970","2","3","Michigan","26","Gratiot","057",,,,,,,"Gratiot","1",,"05",38,146,266,395,1915,1761,3169,796,435,433,32,59,291,232,1731,2182,4030,1053,471,274
"G2600590","1970","2","3","Michigan","26","Hillsdale","059",,,,,,,"Hillsdale","1",,"09",18,219,203,307,1549,2099,3523,823,372,362,71,51,161,247,1423,2151,4306,1086,428,177
"G2600610","1970","2","3","Michigan","26","Houghton","061",,,,,,,"Houghton","1",,"01",85,540,710,626,1820,1648,1991,781,435,551,119,317,659,423,1582,1672,3082,998,468,156
"G2600630","1970","2","3","Michigan","26","Huron","063",,,,,"2640",,"Huron","1",,"05",52,331,618,442,2545,1411,2515,482,222,256,111,305,554,381,2467,1480,3073,746,296,108
"G2600650","1970","2","3","Michigan","26","Ingham","065",,,,,"4040",,"Ingham","0",,"E",459,1054,1687,1561,6177,9502,16502,7011,4862,8052,423,794,1407,1551,6094,10845,24057,8240,4829,3759
"G2600670","1970","2","3","Michigan","26","Ionia","067",,,,,,,"Ionia","1",,"07",105,227,343,355,2182,2349,3960,874,295,395,108,94,281,299,1723,2650,4618,1131,445,126
"G2600690","1970","2","3","Michigan","26","Iosco","069",,,,,,,"Iosco","1",,"04",34,139,144,215,950,1215,2302,579,328,254,57,81,189,171,727,1357,2547,777,274,97
"G2600710","1970","2","3","Michigan","26","Iron","071",,,,,,,"Iron","1",,"01",89,173,278,258,818,868,1221,287,164,127,95,150,205,167,627,877,1964,330,129,75
"G2600730","1970","2","3","Michigan","26","Isabella","073",,,,,"4040",,"Isabella","1",,"05",340,228,310,389,1668,1286,2356,807,378,873,207,74,197,261,1437,1630,3026,1046,544,435
"G2600750","1970","2","3","Michigan","26","Jackson","075",,,,,"3520",,"Jackson","0",,"H",339,942,1229,1737,5074,9879,11878,3581,2037,1536,246,529,1003,1229,4380,9938,14579,4009,1468,789
"G2600770","1970","2","3","Michigan","26","Kalamazoo","077",,,,,"3720",,"Kalamazoo","0",,"G",546,992,1617,1583,5714,8739,14216,5242,3662,4507,345,594,1281,1308,5878,10253,19379,6734,3821,2380
"G2600790","1970","2","3","Michigan","26","Kalkaska","079",,,,,"3720",,"Kalkaska","1",,"04",14,72,39,113,308,302,361,70,35,31,4,18,27,45,253,468,549,171,46,9
"G2600810","1970","2","3","Michigan","26","Kent","081",,,,,"3000",,"Kent","0",,"B",787,1788,3122,3734,14225,22180,27897,11853,6594,5790,934,1393,3173,3438,14906,24735,41263,13265,6019,2743
"G2600830","1970","2","3","Michigan","26","Keweenaw","083",,,,,,,"Keweenaw","1",,"01",7,47,78,48,242,90,202,31,21,0,4,38,52,56,165,152,178,25,9,16
"G2600850","1970","2","3","Michigan","26","Lake","085",,,,,"3000",,"Lake","1",,"04",11,125,70,146,360,385,364,80,30,55,7,78,124,96,398,346,447,135,68,28
"G2600870","1970","2","3","Michigan","26","Lapeer","087",,,,,"2640",,"Lapeer","1",,"07",91,426,467,556,2167,2754,4586,1090,360,335,352,303,280,439,1654,3018,5370,1152,471,146
"G2600890","1970","2","3","Michigan","26","Leelanau","089",,,,,,,"Leelanau","1",,"03",10,86,124,155,649,416,809,332,199,129,5,69,96,45,610,486,1160,349,151,78
"G2600910","1970","2","3","Michigan","26","Lenawee","091",,,,,,,"Lenawee","1",,"09",206,378,656,736,3526,4379,7102,1687,723,698,214,434,475,563,2826,5034,8953,2135,949,627
"G2600930","1970","2","3","Michigan","26","Livingston","093",,,,,,,"Livingston","1",,"07",149,267,453,557,2116,3236,4896,1564,737,691,164,177,393,344,1578,3393,6663,1568,650,298
"G2600950","1970","2","3","Michigan","26","Luce","095",,,,,,,"Luce","1",,"02",122,130,149,91,375,307,451,139,59,68,91,108,120,102,377,358,635,231,76,52
"G2600970","1970","2","3","Michigan","26","Mackinac","097",,,,,"2640",,"Mackinac","1",,"02",20,128,135,130,516,531,702,172,101,60,40,62,126,117,433,578,948,255,114,40
"G2600990","1970","2","3","Michigan","26","Macomb","099",,,,,"2160",,"Macomb","1",,"F",1247,2848,5446,5427,17859,35370,51574,16836,7657,7098,1398,3000,5290,4495,17358,36654,70564,11121,4953,2789
"G2601010","1970","2","3","Michigan","26","Manistee","101",,,,,,,"Manistee","1",,"03",26,89,267,258,1073,1098,1779,419,244,165,46,141,231,197,1146,1154,2169,572,167,109
"G2601030","1970","2","3","Michigan","26","Marquette","103",,,,,,,"Marquette","1",,"01",124,316,543,610,2236,2872,5687,1279,1053,954,120,280,498,406,1870,2878,6448,1626,879,432
"G2601050","1970","2","3","Michigan","26","Mason","105",,,,,,,"Mason","1",,"03",31,118,248,145,1311,1263,2055,559,280,193,37,101,175,161,1190,1314,2564,652,327,99
"G2601070","1970","2","3","Michigan","26","Mecosta","107",,,,,,,"Mecosta","1",,"04",40,123,171,240,1143,943,1693,780,224,469,48,70,122,234,960,1210,2153,748,292,240
"G2601090","1970","2","3","Michigan","26","Menominee","109",,,,,,,"Menominee","1",,"02",79,216,400,309,1382,1245,2185,363,232,161,74,188,429,290,1123,1324,2716,553,246,66
"G2601110","1970","2","3","Michigan","26","Midland","111",,,,,,,"Midland","1",,"05",79,219,315,455,2014,2035,4403,1445,1767,2417,119,170,218,247,1656,2648,5949,2217,1760,716
"G2601130","1970","2","3","Michigan","26","Missaukee","113",,,,,"2160",,"Missaukee","1",,"04",4,32,94,119,611,407,479,56,18,65,5,13,62,114,448,469,693,117,54,27
"G2601150","1970","2","3","Michigan","26","Monroe","115",,,,,"8400",,"Monroe","1",,"08",276,856,1566,1712,5885,6003,8705,2190,809,906,292,690,1247,1254,5158,7168,11407,1850,856,427
"G2601170","1970","2","3","Michigan","26","Montcalm","117",,,,,,,"Montcalm","1",,"05",53,165,311,547,2151,2198,3276,791,320,357,30,102,268,347,1658,2873,3938,1273,344,168
"G2601190","1970","2","3","Michigan","26","Montmorency","119",,,,,"8400",,"Montmorency","1",,"04",15,56,131,89,372,236,445,105,24,38,33,36,33,46,404,331,564,98,43,13
"G2601210","1970","2","3","Michigan","26","Muskegon","121",,,,,"5320",,"Muskegon","0",,"06",396,1128,1752,1821,6486,9516,10406,3506,1471,1492,355,854,1500,1367,6270,11403,14258,3664,1754,762
"G2601230","1970","2","3","Michigan","26","Newaygo","123",,,,,"5320",,"Newaygo","1",,"04",32,188,322,415,1723,1569,1938,454,258,204,93,137,219,297,1449,1721,2735,736,254,99
"G2601250","1970","2","3","Michigan","26","Oakland","125",,,,,"2160",,"Oakland","1",,"F",1792,3758,7014,6953,21874,42982,63471,30509,24175,25228,2339,3324,6420,5445,21127,47744,100237,30119,19296,9059
"G2601270","1970","2","3","Michigan","26","Oceana","127",,,,,,,"Oceana","1",,"03",59,148,170,216,1060,890,1408,393,134,154,50,57,128,167,922,1014,1764,558,144,90
"G2601290","1970","2","3","Michigan","26","Ogemaw","129",,,,,,,"Ogemaw","1",,"04",26,188,187,200,780,609,1003,167,70,88,31,79,130,117,668,927,1101,336,80,38
"G2601310","1970","2","3","Michigan","26","Ontonagon","131",,,,,,,"Ontonagon","1",,"01",56,102,217,190,508,553,964,210,99,83,38,81,93,109,455,501,1082,264,122,47
"G2601330","1970","2","3","Michigan","26","Osceola","133",,,,,,,"Osceola","1",,"04",31,85,156,237,938,748,1094,254,137,123,16,66,107,174,822,845,1414,399,197,54
"G2601350","1970","2","3","Michigan","26","Oscoda","135",,,,,,,"Oscoda","1",,"04",4,46,108,90,334,304,353,86,50,17,22,11,41,57,268,301,571,105,50,34
"G2601370","1970","2","3","Michigan","26","Otsego","137",,,,,,,"Otsego","1",,"04",68,103,118,95,419,453,891,294,121,121,71,57,80,91,354,468,1107,302,152,34
"G2601390","1970","2","3","Michigan","26","Ottawa","139",,,,,"3000",,"Ottawa","1",,"06",252,390,959,1224,6644,6301,8458,2782,1500,1623,278,310,833,955,6412,6347,11851,3143,1643,537
"G2601410","1970","2","3","Michigan","26","Presque Isle","141",,,,,,,"Presque Isle","1",,"04",58,249,188,214,796,665,787,201,126,112,43,128,188,155,840,628,1046,254,162,33
"G2601430","1970","2","3","Michigan","26","Roscommon","143",,,,,"3000",,"Roscommon","1",,"04",5,28,188,109,693,683,896,232,58,133,0,17,95,71,589,880,1198,281,91,44
"G2601450","1970","2","3","Michigan","26","Saginaw","145",,,,,"6960",,"Saginaw","0",,"A",505,1689,2199,2125,8308,12306,16248,4161,2768,2072,597,1303,1889,1812,8066,13132,22173,4632,2280,987
"G2601470","1970","2","3","Michigan","26","St Clair","147",,,,,,,"St Clair","1",,"08",219,723,1071,1189,5405,6608,9559,2868,1058,1164,252,659,928,1003,5066,7403,12555,3246,1300,585
"G2601490","1970","2","3","Michigan","26","St Joseph","149",,,,,,,"St Joseph","1",,"09",75,209,346,476,2133,2677,4368,1044,533,401,73,154,299,433,2188,2901,5383,1364,589,273
"G2601510","1970","2","3","Michigan","26","Sanilac","151",,,,,,,"Sanilac","1",,"05",92,357,335,492,2269,1629,2963,496,267,160,114,186,277,404,1862,1901,3639,800,257,82
"G2601530","1970","2","3","Michigan","26","Schoolcraft","153",,,,,,,"Schoolcraft","1",,"02",23,51,105,122,534,520,604,113,59,64,14,73,113,130,389,572,852,177,57,33
"G2601550","1970","2","3","Michigan","26","Shiawassee","155",,,,,,,"Shiawassee","1",,"07",98,285,399,675,2880,3200,5398,1205,555,494,83,152,423,421,2482,3688,6826,1407,625,272
"G2601570","1970","2","3","Michigan","26","Tuscola","157",,,,,,,"Tuscola","1",,"05",89,406,489,502,2763,2345,3884,857,362,260,156,273,398,473,2425,2741,4611,979,457,167
"G2601590","1970","2","3","Michigan","26","Van Buren","159",,,,,"6960",,"Van Buren","1",,"06",181,635,693,648,2522,3203,4363,1189,539,435,157,395,535,628,2633,3689,5117,1576,616,251
"G2601610","1970","2","3","Michigan","26","Washtenaw","161",,,,,"0440",,"Washtenaw","0",,"J",295,977,1550,1451,5255,7784,11811,5840,4206,12784,347,711,1284,1288,5021,8693,17073,8092,5915,6325
"G2601630","1970","2","3","Michigan","26","Wayne","163",,,,,"2160",,"Wayne","0",,"F",10848,30746,42312,32656,87187,162830,185696,64552,33180,33896,13781,27473,42043,30681,92501,184647,265466,57779,26299,18349
"G2601650","1970","2","3","Michigan","26","Wexford","165",,,,,"2160",,"Wexford","1",,"04",19,110,224,248,1053,1039,1477,444,268,184,25,89,128,176,994,1266,2133,516,225,120
"G2700010","1970","2","4","Minnesota","27","Aitkin","001",,,,,,,"Aitkin","1",,"02",26,158,196,203,1319,399,804,206,102,63,10,62,132,157,1019,531,1027,396,137,42
"G2700030","1970","2","4","Minnesota","27","Anoka","003",,,,,"5120",,"Anoka","1",,"B",149,265,711,954,4960,6000,13415,3854,2288,1925,120,198,465,469,3635,6099,17210,3879,1669,529
"G2700050","1970","2","4","Minnesota","27","Becker","005",,,,,,,"Becker","1",,"03",46,305,361,424,2166,857,1395,518,252,227,20,152,241,429,1628,989,2005,859,270,53
"G2700070","1970","2","4","Minnesota","27","Beltrami","007",,,,,,,"Beltrami","1",,"02",42,199,382,309,1487,873,1382,593,288,520,53,156,210,209,1129,1003,1972,928,359,166
"G2700090","1970","2","4","Minnesota","27","Benton","009",,,,,,,"Benton","1",,"04",39,166,318,195,1329,572,1516,358,185,249,47,126,228,152,1149,575,1755,511,308,88
"G2700110","1970","2","4","Minnesota","27","Big Stone","011",,,,,,,"Big Stone","1",,"05",6,45,82,106,691,302,662,151,112,84,6,45,60,71,652,315,730,325,125,32
"G2700130","1970","2","4","Minnesota","27","Blue Earth","013",,,,,,,"Blue Earth","1",,"07",28,203,401,484,2415,1559,3144,1549,810,972,52,153,315,355,2177,1518,4496,1914,1025,525
"G2700150","1970","2","4","Minnesota","27","Brown","015",,,,,,,"Brown","1",,"07",18,247,455,417,2460,715,2108,420,245,315,25,144,372,409,2406,840,2632,897,291,60
"G2700170","1970","2","4","Minnesota","27","Carlton","017",,,,,,,"Carlton","1",,"02",84,315,306,385,1610,1268,2380,489,279,292,134,176,279,245,1404,1261,3037,717,301,76
"G2700190","1970","2","4","Minnesota","27","Carver","019",,,,,,,"Carver","1",,"06",47,147,277,510,1939,814,2146,526,357,412,51,69,328,298,1727,845,2753,749,343,97
"G2700210","1970","2","4","Minnesota","27","Cass","021",,,,,,,"Cass","1",,"02",63,167,282,388,1593,754,1236,330,181,137,22,124,245,138,1274,954,1629,658,164,38
"G2700230","1970","2","4","Minnesota","27","Chippewa","023",,,,,,,"Chippewa","1",,"05",21,61,196,248,1377,522,1157,283,171,168,12,92,127,170,1075,460,1641,720,213,35
"G2700250","1970","2","4","Minnesota","27","Chisago","025",,,,,"5120",,"Chisago","1",,"04",27,108,221,125,1409,689,1556,365,199,129,39,47,135,122,1176,654,1725,628,231,53
"G2700270","1970","2","4","Minnesota","27","Clay","027",,,,,"2520",,"Clay","0",,"01",7,189,333,401,2191,1190,3401,1230,733,748,27,149,183,301,1766,1228,4359,1684,925,267
"G2700290","1970","2","4","Minnesota","27","Clearwater","029",,,,,,,"Clearwater","1",,"02",32,150,249,283,844,310,325,106,43,73,15,80,113,130,687,304,511,248,110,33
"G2700310","1970","2","4","Minnesota","27","Cook","031",,,,,,,"Cook","1",,"02",10,5,34,25,299,96,410,77,66,34,0,24,0,29,145,179,414,74,36,54
"G2700330","1970","2","4","Minnesota","27","Cottonwood","033",,,,,,,"Cottonwood","1",,"08",34,84,230,352,1203,502,1175,257,184,134,33,80,205,220,1069,503,1502,545,278,60
"G2700350","1970","2","4","Minnesota","27","Crow Wing","035",,,,,"2520",,"Crow Wing","1",,"02",321,259,509,478,2233,1401,2491,812,359,434,255,184,330,309,1907,1637,3669,1286,446,118
"G2700370","1970","2","4","Minnesota","27","Dakota","037",,,,,"5120",,"Dakota","1",,"B",175,286,686,973,4466,4342,11354,4336,3409,2840,131,301,563,713,4101,4499,14987,4863,2739,693
"G2700390","1970","2","4","Minnesota","27","Dodge","039",,,,,,,"Dodge","1",,"06",18,66,99,151,1078,538,1130,186,118,102,4,53,29,66,788,486,1406,524,205,38
"G2700410","1970","2","4","Minnesota","27","Douglas","041",,,,,,,"Douglas","1",,"03",40,159,236,414,2148,671,1697,467,189,265,9,98,212,267,1789,674,2363,789,302,56
"G2700430","1970","2","4","Minnesota","27","Faribault","043",,,,,,,"Faribault","1",,"08",46,154,237,319,1572,737,1810,348,206,277,38,144,290,168,1438,780,2355,796,284,58
"G2700450","1970","2","4","Minnesota","27","Fillmore","045",,,,,,,"Fillmore","1",,"07",34,115,247,305,2165,673,1835,427,273,178,4,61,185,216,1969,639,2204,892,287,62
"G2700470","1970","2","4","Minnesota","27","Freeborn","047",,,,,,,"Freeborn","1",,"07",51,148,430,495,2718,1500,3201,739,385,290,78,98,262,403,2328,1594,4003,1380,506,107
"G2700490","1970","2","4","Minnesota","27","Goodhue","049",,,,,,,"Goodhue","1",,"06",62,142,349,417,2829,1109,2910,773,432,400,28,89,229,297,2381,1302,3685,1431,486,130
"G2700510","1970","2","4","Minnesota","27","Grant","051",,,,,,,"Grant","1",,"05",0,4,108,131,896,263,642,141,35,54,16,46,61,84,612,313,737,316,111,24
"G2700530","1970","2","4","Minnesota","27","Hennepin","053",,,,,"5120",,"Hennepin","0",,"B",1293,2278,5638,6105,28067,33738,74282,35538,25642,24167,1434,2900,5283,5605,31636,39102,111143,41890,22818,8740
"G2700550","1970","2","4","Minnesota","27","Houston","055",,,,,,,"Houston","1",,"07",20,113,221,376,1403,556,1303,317,196,122,12,56,158,208,1160,615,1581,639,173,50
"G2700570","1970","2","4","Minnesota","27","Hubbard","057",,,,,,,"Hubbard","1",,"02",14,96,183,215,946,409,754,266,108,121,8,49,104,129,676,541,1026,443,136,44
"G2700590","1970","2","4","Minnesota","27","Isanti","059",,,,,,,"Isanti","1",,"04",173,94,240,293,1315,568,1089,258,177,150,223,70,125,122,1121,601,1480,469,134,38
"G2700610","1970","2","4","Minnesota","27","Itasca","061",,,,,,,"Itasca","1",,"02",113,324,485,528,2185,1563,2599,897,381,420,89,145,346,361,1704,1798,3457,1201,463,116
"G2700630","1970","2","4","Minnesota","27","Jackson","063",,,,,,,"Jackson","1",,"08",26,76,108,216,1381,417,1190,238,159,106,14,76,93,156,1087,546,1556,472,163,22
"G2700650","1970","2","4","Minnesota","27","Kanabec","065",,,,,,,"Kanabec","1",,"04",3,86,153,195,970,312,760,91,98,80,7,51,50,91,709,356,1009,328,107,10
"G2700670","1970","2","4","Minnesota","27","Kandiyohi","067",,,,,,,"Kandiyohi","1",,"05",52,177,357,387,2688,1132,2326,676,336,348,41,87,281,323,2116,1116,2990,1120,454,87
"G2700690","1970","2","4","Minnesota","27","Kittson","069",,,,,,,"Kittson","1",,"01",0,71,104,163,705,230,513,160,40,62,18,64,57,74,554,272,548,322,71,38
"G2700710","1970","2","4","Minnesota","27","Koochiching","071",,,,,,,"Koochiching","1",,"02",22,139,327,312,1087,750,1416,208,117,153,30,66,236,125,808,883,1752,417,153,16
"G2700730","1970","2","4","Minnesota","27","Lac Qui Parle","073",,,,,,,"Lac Qui Parle","1",,"05",30,69,135,177,1311,363,817,190,94,100,8,89,128,118,951,326,1131,491,118,48
"G2700750","1970","2","4","Minnesota","27","Lake","075",,,,,,,"Lake","1",,"02",11,59,89,155,673,604,1278,296,147,160,33,22,56,103,481,595,1578,320,154,54
"G2700770","1970","2","4","Minnesota","27","Lake Of The Woods","077",,,,,,,"Lake Of The Woods","1",,"02",5,23,72,60,328,151,337,57,78,35,3,28,37,39,196,193,326,167,70,0
"G2700790","1970","2","4","Minnesota","27","Le Sueur","079",,,,,,,"Le Sueur","1",,"07",21,176,441,322,1725,682,1399,300,304,262,25,161,225,244,1355,781,2036,731,277,68
"G2700810","1970","2","4","Minnesota","27","Lincoln","081",,,,,,,"Lincoln","1",,"08",5,84,131,113,1027,205,598,82,49,55,17,41,133,58,811,227,816,278,54,6
"G2700830","1970","2","4","Minnesota","27","Lyon","083",,,,,,,"Lyon","1",,"08",21,106,224,297,1833,822,1627,349,290,368,15,116,244,195,1573,721,2269,687,348,109
"G2700850","1970","2","4","Minnesota","27","McLeod","085",,,,,,,"Mc Leod","1",,"06",65,191,458,495,2292,928,2169,415,270,256,51,183,396,360,2161,749,2633,784,405,43
"G2700870","1970","2","4","Minnesota","27","Mahnomen","087",,,,,,,"Mahnomen","1",,"03",5,49,124,128,591,199,293,50,54,58,0,58,90,31,442,119,458,136,69,5
"G2700890","1970","2","4","Minnesota","27","Marshall","089",,,,,,,"Marshall","1",,"01",30,157,271,339,1404,470,734,206,84,87,19,77,137,162,1089,392,957,515,119,38
"G2700910","1970","2","4","Minnesota","27","Martin","091",,,,,,,"Martin","1",,"08",36,145,247,313,1913,907,2119,493,285,226,35,74,202,236,1801,881,2826,994,304,38
"G2700930","1970","2","4","Minnesota","27","Meeker","093",,,,,,,"Meeker","1",,"06",16,159,259,334,2004,569,1321,309,110,111,30,109,165,176,1592,609,1836,720,162,30
"G2700950","1970","2","4","Minnesota","27","Mille Lacs","095",,,,,,,"Mille Lacs","1",,"04",40,147,263,246,1460,524,1147,219,148,155,36,167,163,211,1110,645,1506,484,178,39
"G2700970","1970","2","4","Minnesota","27","Morrison","097",,,,,,,"Morrison","1",,"04",70,275,519,576,2461,719,1380,271,203,240,71,242,320,377,2090,840,2010,786,198,103
"G2700990","1970","2","4","Minnesota","27","Mower","099",,,,,,,"Mower","1",,"07",47,139,368,418,2759,1695,3914,947,570,443,28,70,291,330,2220,1769,5190,1672,589,217
"G2701010","1970","2","4","Minnesota","27","Murray","101",,,,,,,"Murray","1",,"08",16,58,131,281,1295,372,891,164,112,56,15,41,132,160,952,393,1222,379,139,9
"G2701030","1970","2","4","Minnesota","27","Nicollet","103",,,,,,,"Nicollet","1",,"07",130,125,221,357,1485,597,1668,571,349,386,111,72,167,121,1141,713,2332,904,383,86
"G2701050","1970","2","4","Minnesota","27","Nobles","105",,,,,,,"Nobles","1",,"08",26,139,302,355,1987,678,1663,444,228,174,18,96,206,315,1599,882,2138,875,232,103
"G2701070","1970","2","4","Minnesota","27","Norman","107",,,,,"5120",,"Norman","1",,"01",21,80,233,310,1070,385,732,185,42,54,18,94,74,146,860,448,873,414,52,28
"G2701090","1970","2","4","Minnesota","27","Olmsted","109",,,,,"6820",,"Olmsted","0",,"06",59,179,480,509,3466,1901,6256,2618,1722,2833,39,153,304,371,2992,2269,9056,4412,2240,901
"G2701110","1970","2","4","Minnesota","27","Otter Tail","111",,,,,,,"Otter Tail","1",,"03",125,475,848,903,4852,1336,3021,865,491,473,117,483,561,532,3783,1557,4292,1682,547,165
"G2701130","1970","2","4","Minnesota","27","Pennington","113",,,,,,,"Pennington","1",,"01",48,121,196,187,1132,375,903,264,136,167,43,89,150,160,928,416,1193,446,182,35
"G2701150","1970","2","4","Minnesota","27","Pine","115",,,,,,,"Pine","1",,"04",78,258,315,247,1752,683,1191,251,119,140,44,106,161,173,1139,781,1631,504,149,35
"G2701170","1970","2","4","Minnesota","27","Pipestone","117",,,,,,,"Pipestone","1",,"08",22,50,214,226,1255,393,786,169,117,164,4,49,187,188,1089,442,1072,464,150,39
"G2701190","1970","2","4","Minnesota","27","Polk","119",,,,,,,"Polk","1",,"01",83,272,605,575,3030,1095,2326,627,313,331,113,240,376,351,2369,1271,3046,1351,398,163
"G2701210","1970","2","4","Minnesota","27","Pope","121",,,,,"6820",,"Pope","1",,"05",12,96,220,177,1099,341,884,219,131,84,7,26,108,170,867,468,1089,435,168,26
"G2701230","1970","2","4","Minnesota","27","Ramsey","123",,,,,"5120",,"Ramsey","0",,"B",888,1750,3326,3727,15866,17118,36127,13748,9852,11867,1081,1826,3360,3376,19585,20233,53327,15767,9415,4096
"G2701250","1970","2","4","Minnesota","27","Red Lake","125",,,,,,,"Red Lake","1",,"01",0,76,97,92,501,178,299,99,40,48,19,45,93,69,391,118,378,167,71,18
"G2701270","1970","2","4","Minnesota","27","Redwood","127",,,,,,,"Redwood","1",,"05",103,116,233,329,1934,626,1543,324,146,184,27,71,173,164,1478,675,1990,813,286,44
"G2701290","1970","2","4","Minnesota","27","Renville","129",,,,,,,"Renville","1",,"05",54,113,294,327,2226,715,1530,315,200,165,24,116,200,239,1905,534,2001,809,227,62
"G2701310","1970","2","4","Minnesota","27","Rice","131",,,,,,,"Rice","1",,"06",552,269,336,347,2301,1145,2743,797,453,797,374,214,334,237,2001,1368,3806,1276,719,320
"G2701330","1970","2","4","Minnesota","27","Rock","133",,,,,,,"Rock","1",,"08",16,39,146,159,1217,334,749,178,80,94,10,65,69,111,989,349,1058,356,146,35
"G2701350","1970","2","4","Minnesota","27","Roseau","135",,,,,"5120",,"Roseau","1",,"01",19,220,353,186,1164,394,685,76,110,111,39,91,136,156,897,350,866,352,104,20
"G2701370","1970","2","4","Minnesota","27","St Louis","137",,,,,"2240",,"St Louis","0",,"A",634,1332,2391,2081,9723,11001,17992,6245,3371,2956,691,1360,1971,1809,7556,11926,24341,8205,3694,1329
"G2701390","1970","2","4","Minnesota","27","Scott","139",,,,,,,"Scott","1",,"06",30,121,366,455,2036,1026,2376,554,338,301,19,64,270,231,1756,958,3097,871,356,76
"G2701410","1970","2","4","Minnesota","27","Sherburne","141",,,,,,,"Sherburne","1",,"04",38,58,191,165,1087,601,1438,374,190,311,19,73,86,154,729,694,1589,589,301,119
"G2701430","1970","2","4","Minnesota","27","Sibley","143",,,,,,,"Sibley","1",,"07",34,138,336,376,1666,452,1071,174,137,100,6,74,220,327,1599,496,1303,325,126,25
"G2701450","1970","2","4","Minnesota","27","Stearns","145",,,,,,,"Stearns","1",,"06",146,487,1008,1262,6421,2203,5795,1649,975,1197,135,360,750,836,6121,2123,6738,2275,1264,506
"G2701470","1970","2","4","Minnesota","27","Steele","147",,,,,,,"Steele","1",,"06",28,92,327,281,1935,796,2200,558,398,310,13,97,230,165,1648,912,3055,845,440,84
"G2701490","1970","2","4","Minnesota","27","Stevens","149",,,,,,,"Stevens","1",,"05",9,62,131,102,844,308,790,190,100,180,4,45,56,110,622,255,1100,458,131,88
"G2701510","1970","2","4","Minnesota","27","Swift","151",,,,,,,"Swift","1",,"05",11,98,244,228,1348,431,851,194,157,109,31,87,130,153,971,474,1265,473,198,28
"G2701530","1970","2","4","Minnesota","27","Todd","153",,,,,,,"Todd","1",,"03",27,272,413,407,2204,660,1565,235,144,123,11,214,248,332,1894,847,1858,617,238,35
"G2701550","1970","2","4","Minnesota","27","Traverse","155",,,,,,,"Traverse","1",,"05",0,84,72,98,608,190,476,134,47,58,23,36,79,86,425,194,638,222,96,35
"G2701570","1970","2","4","Minnesota","27","Wabasha","157",,,,,,,"Wabasha","1",,"06",30,87,180,273,1548,609,1395,302,108,112,38,87,139,168,1231,574,1775,621,245,44
"G2701590","1970","2","4","Minnesota","27","Wadena","159",,,,,,,"Wadena","1",,"03",38,117,254,260,1036,319,822,158,114,159,66,87,172,191,888,467,983,448,130,38
"G2701610","1970","2","4","Minnesota","27","Waseca","161",,,,,"2240",,"Waseca","1",,"07",57,82,185,276,1326,528,1258,308,187,197,30,58,111,209,1125,573,1608,660,286,70
"G2701630","1970","2","4","Minnesota","27","Washington","163",,,,,"5120",,"Washington","1",,"B",150,219,493,667,2964,3126,7185,2118,1562,1444,126,124,302,368,2369,3130,8971,2319,1274,423
"G2701650","1970","2","4","Minnesota","27","Watonwan","165",,,,,,,"Watonwan","1",,"08",9,40,192,266,1136,495,1204,182,95,89,26,24,109,189,1186,442,1379,390,174,18
"G2701670","1970","2","4","Minnesota","27","Wilkin","167",,,,,,,"Wilkin","1",,"01",17,48,111,136,799,339,636,220,90,46,27,83,59,104,606,327,843,423,86,35
"G2701690","1970","2","4","Minnesota","27","Winona","169",,,,,,,"Winona","1",,"06",41,205,412,339,2781,1498,3113,987,530,756,22,189,419,330,2832,1558,3882,1542,642,369
"G2701710","1970","2","4","Minnesota","27","Wright","171",,,,,,,"Wright","1",,"06",75,294,467,530,2991,1304,3033,590,290,385,74,155,308,251,2236,1298,3918,1094,425,71
"G2701730","1970","2","4","Minnesota","27","Yellow Medicine","173",,,,,"5120",,"Yellow Medicine","1",,"05",27,154,170,162,1365,456,1286,228,77,160,0,60,116,105,1147,449,1478,582,180,19
"G2800010","1970","3","6","Mississippi","28","Adams","001",,,,,,,"Adams","1",,"03",266,1030,902,406,751,1419,1925,850,572,323,230,808,1000,534,927,2413,2914,813,561,178
"G2800030","1970","3","6","Mississippi","28","Alcorn","003",,,,,,,"Alcorn","1",,"04",168,780,725,499,1194,1058,1821,473,321,143,129,517,756,639,1533,1890,1925,501,343,40
"G2800050","1970","3","6","Mississippi","28","Amite","005",,,,,,,"Amite","1",,"03",167,567,459,225,473,618,540,180,111,69,66,323,360,216,618,953,729,202,175,38
"G2800070","1970","3","6","Mississippi","28","Attala","007",,,,,,,"Attala","1",,"06",128,709,602,315,740,980,903,362,165,76,94,390,462,367,825,1574,1393,305,225,80
"G2800090","1970","3","6","Mississippi","28","Benton","009",,,,,,,"Benton","1",,"02",74,275,254,197,297,288,301,50,63,5,57,213,191,152,363,471,367,60,57,21
"G2800110","1970","3","6","Mississippi","28","Bolivar","011",,,,,,,"Bolivar","1",,"01",586,2205,1249,539,788,1330,1437,596,518,330,496,2002,1525,747,1088,2153,2018,879,662,206
"G2800130","1970","3","6","Mississippi","28","Calhoun","013",,,,,,,"Calhoun","1",,"04",126,307,425,283,660,851,741,231,162,31,72,247,437,329,702,1180,999,214,91,70
"G2800150","1970","3","6","Mississippi","28","Carroll","015",,,,,,,"Carroll","1",,"02",65,451,318,164,343,405,303,125,76,43,38,178,317,137,513,600,474,163,77,16
"G2800170","1970","3","6","Mississippi","28","Chickasaw","017",,,,,,,"Chickasaw","1",,"05",111,465,455,335,613,954,662,227,154,92,46,319,397,334,820,1203,1153,264,168,47
"G2800190","1970","3","6","Mississippi","28","Choctaw","019",,,,,,,"Choctaw","1",,"06",58,242,228,80,414,571,342,91,43,59,37,96,209,130,402,696,667,143,71,33
"G2800210","1970","3","6","Mississippi","28","Claiborne","021",,,,,,,"Claiborne","1",,"03",74,384,272,154,365,240,236,95,180,97,38,207,281,252,466,383,512,170,155,72
"G2800230","1970","3","6","Mississippi","28","Clarke","023",,,,,,,"Clarke","1",,"06",173,505,389,174,629,777,750,260,153,58,75,390,480,250,652,1031,996,286,150,35
"G2800250","1970","3","6","Mississippi","28","Clay","025",,,,,,,"Clay","1",,"05",141,475,422,292,506,849,857,339,190,125,78,451,396,257,638,1204,1224,436,329,110
"G2800270","1970","3","6","Mississippi","28","Coahoma","027",,,,,,,"Coahoma","1",,"01",651,1930,968,362,662,1187,1176,521,502,312,508,1826,1323,681,1102,1760,1688,809,667,200
"G2800290","1970","3","6","Mississippi","28","Copiah","029",,,,,,,"Copiah","1",,"03",157,905,551,319,708,1179,1003,506,221,169,119,483,673,412,875,1859,1612,540,304,95
"G2800310","1970","3","6","Mississippi","28","Covington","031",,,,,,,"Covington","1",,"06",75,380,361,234,497,692,616,278,135,78,123,215,363,310,505,1001,1002,220,164,34
"G2800330","1970","3","6","Mississippi","28","DeSoto","033",,,,,,,"De Soto","1",,"02",244,989,807,382,782,1421,2254,837,275,200,167,668,788,475,985,1794,2594,634,331,81
"G2800350","1970","3","6","Mississippi","28","Forrest","035",,,,,,,"Forrest","1",,"07",312,941,863,626,1065,2175,3081,1788,989,1035,202,834,1031,610,1195,3505,4623,1914,1084,674
"G2800370","1970","3","6","Mississippi","28","Franklin","037",,,,,,,"Franklin","1",,"03",60,301,233,82,269,437,457,124,71,34,71,169,243,112,342,667,503,192,80,21
"G2800390","1970","3","6","Mississippi","28","George","039",,,,,,,"George","1",,"07",64,277,261,213,406,788,679,246,136,68,50,203,264,207,378,822,894,202,102,41
"G2800410","1970","3","6","Mississippi","28","Greene","041",,,,,,,"Greene","1",,"07",82,271,164,123,296,383,487,168,51,57,32,189,215,194,257,512,567,183,78,13
"G2800430","1970","3","6","Mississippi","28","Grenada","043",,,,,,,"Grenada","1",,"02",158,700,469,222,518,903,997,316,242,130,103,445,510,326,822,1333,1340,474,242,55
"G2800450","1970","3","6","Mississippi","28","Hancock","045",,,,,,,"Hancock","1",,"08",85,411,373,313,403,772,1094,470,283,189,61,297,426,216,469,1049,1438,423,255,78
"G2800470","1970","3","6","Mississippi","28","Harrison","047",,,,,"0920",,"Harrison","0",,"08",480,1801,2133,1278,2553,5177,9876,3755,2214,1510,492,1245,2086,1343,2798,7007,11302,3425,1745,514
"G2800490","1970","3","6","Mississippi","28","Hinds","049",,,,,"3560",,"Hinds","0",,"A",838,3425,3155,1570,3800,7190,11356,7055,5971,3929,642,2517,3317,1876,4728,10628,18753,9183,5192,1989
"G2800510","1970","3","6","Mississippi","28","Holmes","051",,,,,,,"Holmes","1",,"02",232,1175,695,295,595,680,614,265,176,141,165,779,796,503,980,1062,1000,534,287,72
"G2800530","1970","3","6","Mississippi","28","Humphreys","053",,,,,,,"Humphreys","1",,"01",217,618,428,188,386,496,331,197,120,40,184,597,532,305,418,722,483,251,122,39
"G2800550","1970","3","6","Mississippi","28","Issaquena","055",,,,,,,"Issaquena","1",,"01",38,133,101,27,46,106,85,61,12,0,40,125,84,38,93,121,126,13,19,0
"G2800570","1970","3","6","Mississippi","28","Itawamba","057",,,,,,,"Itawamba","1",,"04",97,445,600,327,891,892,690,387,92,103,65,277,566,317,1182,1259,951,220,80,55
"G2800590","1970","3","6","Mississippi","28","Jackson","059",,,,,,,"Jackson","1",,"08",250,1148,1115,819,1703,3799,6874,2654,1493,816,211,595,1095,827,1917,5011,7638,2176,1043,321
"G2800610","1970","3","6","Mississippi","28","Jasper","061",,,,,,,"Jasper","1",,"06",180,423,401,197,513,843,827,227,159,60,57,268,341,188,600,1212,1154,453,152,4
"G2800630","1970","3","6","Mississippi","28","Jefferson","063",,,,,,,"Jefferson","1",,"03",70,499,351,106,308,239,244,92,46,5,46,323,374,161,409,508,372,92,85,19
"G2800650","1970","3","6","Mississippi","28","Jefferson Davis","065",,,,,,,"Jefferson Davis","1",,"06",50,276,399,114,402,643,621,255,138,77,63,159,247,217,537,945,768,242,194,65
"G2800670","1970","3","6","Mississippi","28","Jones","067",,,,,,,"Jones","1",,"06",616,1398,1237,747,1656,2706,3180,1447,792,391,477,922,1360,777,1971,3780,4582,1566,711,337
"G2800690","1970","3","6","Mississippi","28","Kemper","069",,,,,,,"Kemper","1",,"06",188,450,297,128,294,479,404,178,28,55,139,335,261,239,419,557,511,167,60,47
"G2800710","1970","3","6","Mississippi","28","Lafayette","071",,,,,,,"Lafayette","1",,"04",85,483,374,275,480,707,917,442,332,813,68,245,392,289,572,1104,1410,605,411,363
"G2800730","1970","3","6","Mississippi","28","Lamar","073",,,,,,,"Lamar","1",,"07",81,339,398,211,425,790,998,260,119,97,44,210,319,270,520,1140,1190,265,137,38
"G2800750","1970","3","6","Mississippi","28","Lauderdale","075",,,,,,,"Lauderdale","1",,"06",463,1515,1213,619,1566,3121,4270,1758,962,685,506,1332,1549,689,1803,4651,6177,2164,931,312
"G2800770","1970","3","6","Mississippi","28","Lawrence","077",,,,,,,"Lawrence","1",,"06",67,358,313,125,324,633,618,199,73,61,26,153,250,207,332,1060,694,224,116,31
"G2800790","1970","3","6","Mississippi","28","Leake","079",,,,,,,"Leake","1",,"06",139,517,543,211,621,1084,892,274,114,86,81,306,397,256,741,1444,1224,284,181,64
"G2800810","1970","3","6","Mississippi","28","Lee","081",,,,,,,"Lee","1",,"05",278,708,794,553,1625,2315,2631,1399,955,364,154,640,826,697,1782,3381,3769,1222,738,129
"G2800830","1970","3","6","Mississippi","28","Leflore","083",,,,,,,"Leflore","1",,"01",514,1704,1014,463,886,1201,1534,754,567,316,380,1453,1381,610,1050,2183,2332,1041,656,192
"G2800850","1970","3","6","Mississippi","28","Lincoln","085",,,,,,,"Lincoln","1",,"03",163,660,659,316,795,1214,1533,551,332,209,142,404,615,387,951,1819,2121,730,367,60
"G2800870","1970","3","6","Mississippi","28","Lowndes","087",,,,,,,"Lowndes","1",,"05",334,1120,951,528,864,1603,2769,1283,819,443,282,838,1101,713,1218,2743,3379,1146,923,350
"G2800890","1970","3","6","Mississippi","28","Madison","089",,,,,,,"Madison","1",,"02",227,1107,807,332,678,1068,1020,525,247,162,186,719,903,449,970,1521,1716,537,376,82
"G2800910","1970","3","6","Mississippi","28","Marion","091",,,,,,,"Marion","1",,"06",146,714,679,269,732,1080,1153,323,271,90,99,361,523,351,952,1655,1498,487,343,75
"G2800930","1970","3","6","Mississippi","28","Marshall","093",,,,,,,"Marshall","1",,"02",166,940,772,365,690,798,665,204,261,136,157,608,835,332,876,1158,1046,302,251,86
"G2800950","1970","3","6","Mississippi","28","Monroe","095",,,,,,,"Monroe","1",,"05",277,983,826,456,1223,1758,1671,621,350,140,154,760,946,659,1366,2570,2337,570,329,53
"G2800970","1970","3","6","Mississippi","28","Montgomery","097",,,,,,,"Montgomery","1",,"06",153,342,364,170,473,663,617,226,107,47,84,303,340,189,539,1083,761,282,140,22
"G2800990","1970","3","6","Mississippi","28","Neshoba","099",,,,,,,"Neshoba","1",,"06",277,527,461,284,728,1232,1095,446,147,124,226,369,358,297,938,1610,1514,399,231,105
"G2801010","1970","3","6","Mississippi","28","Newton","101",,,,,,,"Newton","1",,"06",187,378,519,253,653,957,1104,471,98,172,119,259,385,248,795,1370,1676,408,231,59
"G2801030","1970","3","6","Mississippi","28","Noxubee","103",,,,,,,"Noxubee","1",,"05",213,685,338,146,359,471,428,227,119,80,143,543,407,236,487,726,681,271,136,33
"G2801050","1970","3","6","Mississippi","28","Oktibbeha","105",,,,,,,"Oktibbeha","1",,"05",143,609,422,255,472,743,894,549,484,948,129,397,496,301,691,1196,1361,664,560,414
"G2801070","1970","3","6","Mississippi","28","Panola","107",,,,,,,"Panola","1",,"02",255,1066,775,319,792,1112,1048,461,184,105,188,864,787,410,942,1664,1377,558,259,74
"G2801090","1970","3","6","Mississippi","28","Pearl River","109",,,,,,,"Pearl River","1",,"07",129,511,629,282,794,1249,1752,854,379,199,56,343,524,331,793,1901,2101,778,334,80
"G2801110","1970","3","6","Mississippi","28","Perry","111",,,,,,,"Perry","1",,"07",81,216,279,128,244,481,498,182,78,20,33,184,190,172,268,638,677,143,83,9
"G2801130","1970","3","6","Mississippi","28","Pike","113",,,,,,,"Pike","1",,"03",208,875,908,400,900,1350,1655,736,339,213,169,523,845,642,1148,2069,2678,728,460,103
"G2801150","1970","3","6","Mississippi","28","Pontotoc","115",,,,,,,"Pontotoc","1",,"04",118,497,511,320,903,1020,856,188,151,105,81,264,427,359,907,1512,1175,282,151,69
"G2801170","1970","3","6","Mississippi","28","Prentiss","117",,,,,,,"Prentiss","1",,"04",102,520,572,336,899,1078,1000,435,155,111,61,442,468,495,1177,1381,1282,452,156,90
"G2801190","1970","3","6","Mississippi","28","Quitman","119",,,,,,,"Quitman","1",,"01",281,911,459,222,329,460,335,194,154,52,156,694,530,338,439,697,582,172,148,66
"G2801210","1970","3","6","Mississippi","28","Rankin","121",,,,,"3560",,"Rankin","0",,"06",362,1188,1193,534,1273,2291,2869,1159,445,245,357,792,814,653,1391,2862,3911,932,360,127
"G2801230","1970","3","6","Mississippi","28","Scott","123",,,,,,,"Scott","1",,"06",163,669,718,324,751,960,1055,394,111,94,133,470,562,276,802,1591,1378,397,241,59
"G2801250","1970","3","6","Mississippi","28","Sharkey","125",,,,,,,"Sharkey","1",,"01",125,430,207,119,149,240,293,142,96,68,49,336,318,168,196,407,367,172,116,16
"G2801270","1970","3","6","Mississippi","28","Simpson","127",,,,,,,"Simpson","1",,"06",255,564,612,293,784,1026,1021,293,172,83,222,332,493,295,760,1401,1414,374,196,73
"G2801290","1970","3","6","Mississippi","28","Smith","129",,,,,,,"Smith","1",,"06",96,319,396,178,580,743,831,219,105,71,76,221,360,194,578,1034,1048,180,95,17
"G2801310","1970","3","6","Mississippi","28","Stone","131",,,,,,,"Stone","1",,"07",67,132,160,95,241,466,540,160,42,77,40,93,73,103,201,701,541,201,99,37
"G2801330","1970","3","6","Mississippi","28","Sunflower","133",,,,,,,"Sunflower","1",,"01",449,1837,1025,518,809,1523,1052,549,259,182,379,1441,1126,597,1044,1506,1297,783,563,97
"G2801350","1970","3","6","Mississippi","28","Tallahatchie","135",,,,,,,"Tallahatchie","1",,"01",344,1099,525,207,489,529,580,175,112,110,180,827,725,348,616,1029,632,277,200,38
"G2801370","1970","3","6","Mississippi","28","Tate","137",,,,,,,"Tate","1",,"02",120,715,466,209,545,667,652,311,166,41,80,457,570,268,554,1025,995,289,238,53
"G2801390","1970","3","6","Mississippi","28","Tippah","139",,,,,,,"Tippah","1",,"04",166,474,496,210,577,802,1084,253,66,116,72,269,406,245,756,1231,1133,247,145,106
"G2801410","1970","3","6","Mississippi","28","Tishomingo","141",,,,,,,"Tishomingo","1",,"04",110,361,473,291,855,724,895,305,55,110,80,209,488,357,955,1087,1063,241,103,41
"G2801430","1970","3","6","Mississippi","28","Tunica","143",,,,,,,"Tunica","1",,"01",255,754,382,112,226,225,216,114,80,19,175,568,426,257,326,484,339,115,138,16
"G2801450","1970","3","6","Mississippi","28","Union","145",,,,,,,"Union","1",,"04",97,551,458,274,830,1210,1017,302,195,112,77,353,467,309,909,1595,1412,334,204,86
"G2801470","1970","3","6","Mississippi","28","Walthall","147",,,,,,,"Walthall","1",,"06",113,473,382,228,314,633,618,177,109,48,63,209,315,232,510,943,877,182,153,40
"G2801490","1970","3","6","Mississippi","28","Warren","149",,,,,,,"Warren","1",,"03",368,1300,858,508,1030,1634,2415,1151,916,444,206,1125,875,612,1444,2423,3728,1427,783,179
"G2801510","1970","3","6","Mississippi","28","Washington","151",,,,,,,"Washington","1",,"01",877,2519,1496,864,1197,2377,2913,1232,889,543,651,2310,2250,1019,1845,3601,3880,1375,1087,266
"G2801530","1970","3","6","Mississippi","28","Wayne","153",,,,,,,"Wayne","1",,"06",115,566,361,180,572,937,742,229,149,50,91,337,438,188,708,1217,928,290,146,31
"G2801550","1970","3","6","Mississippi","28","Webster","155",,,,,,,"Webster","1",,"06",109,279,273,181,369,628,593,149,83,22,64,139,246,148,425,798,785,205,111,32
"G2801570","1970","3","6","Mississippi","28","Wilkinson","157",,,,,,,"Wilkinson","1",,"03",149,569,361,210,309,352,342,108,77,42,159,340,474,224,399,490,555,143,122,26
"G2801590","1970","3","6","Mississippi","28","Winston","159",,,,,,,"Winston","1",,"06",226,677,494,215,705,865,881,324,157,131,114,308,486,293,787,1252,1455,319,193,78
"G2801610","1970","3","6","Mississippi","28","Yalobusha","161",,,,,,,"Yalobusha","1",,"02",93,385,390,200,545,513,453,204,99,45,74,261,321,218,581,807,788,225,171,58
"G2801630","1970","3","6","Mississippi","28","Yazoo","163",,,,,"3560",,"Yazoo","1",,"02",339,1152,852,260,759,992,1080,326,300,179,246,837,893,473,917,1430,1706,592,352,109
"G2900010","1970","2","4","Missouri","29","Adair","001",,,,,,,"Adair","1",,"02",49,168,245,193,1168,755,1272,586,256,561,5,115,192,177,1260,915,1648,829,369,296
"G2900030","1970","2","4","Missouri","29","Andrew","003",,,,,,,"Andrew","1",,"01",32,61,92,144,846,577,1181,209,142,81,6,29,78,92,835,709,1515,279,158,41
"G2900050","1970","2","4","Missouri","29","Atchison","005",,,,,,,"Atchison","1",,"01",33,38,124,99,528,359,856,289,97,129,4,26,44,86,514,456,1006,454,163,81
"G2900070","1970","2","4","Missouri","29","Audrain","007",,,,,,,"Audrain","1",,"02",37,197,254,256,1718,1313,2092,413,282,222,55,115,229,287,1802,1331,2919,679,296,138
"G2900090","1970","2","4","Missouri","29","Barry","009",,,,,,,"Barry","1",,"04",45,215,264,269,1735,902,1636,424,132,144,45,219,217,219,1867,1148,2115,418,199,70
"G2900110","1970","2","4","Missouri","29","Barton","011",,,,,,,"Barton","1",,"03",12,123,127,190,910,551,842,218,81,71,7,102,94,204,912,634,1143,298,140,60
"G2900130","1970","2","4","Missouri","29","Bates","013",,,,,,,"Bates","1",,"03",28,154,214,207,1545,726,1291,240,100,107,13,120,156,179,1498,931,1711,366,154,45
"G2900150","1970","2","4","Missouri","29","Benton","015",,,,,,,"Benton","1",,"05",21,128,302,183,1096,358,791,124,91,73,8,104,223,140,1064,587,894,253,90,37
"G2900170","1970","2","4","Missouri","29","Bollinger","017",,,,,,,"Bollinger","1",,"06",72,276,287,156,827,370,427,94,50,27,52,190,228,200,940,404,502,88,59,15
"G2900190","1970","2","4","Missouri","29","Boone","019",,,,,"1740",,"Boone","0",,"02",139,391,491,426,2346,1594,3779,2069,1548,4180,58,247,412,413,2428,2250,5618,2949,2073,1763
"G2900210","1970","2","4","Missouri","29","Buchanan","021",,,,,"7000",,"Buchanan","0",,"01",215,634,937,839,4846,3867,7309,2434,1150,641,167,639,989,894,5849,5308,9823,2717,1022,437
"G2900230","1970","2","4","Missouri","29","Butler","023",,,,,,,"Butler","1",,"09",182,1303,913,662,1879,1343,1815,531,288,260,167,896,1019,828,2371,1878,2382,585,249,165
"G2900250","1970","2","4","Missouri","29","Caldwell","025",,,,,,,"Caldwell","1",,"02",4,60,123,128,657,460,845,169,44,64,5,34,64,61,721,505,1068,357,74,20
"G2900270","1970","2","4","Missouri","29","Callaway","027",,,,,,,"Callaway","1",,"02",76,286,415,451,1966,1121,1913,477,271,309,30,183,271,218,1742,1274,2258,696,284,124
"G2900290","1970","2","4","Missouri","29","Camden","029",,,,,,,"Camden","1",,"05",42,155,254,241,1094,659,1128,376,67,129,17,72,188,159,1105,996,1328,365,129,42
"G2900310","1970","2","4","Missouri","29","Cape Girardeau","031",,,,,,,"Cape Girardeau","1",,"06",101,517,633,536,2597,1838,3305,1183,683,701,94,420,661,653,3159,2005,4508,1254,798,323
"G2900330","1970","2","4","Missouri","29","Carroll","033",,,,,,,"Carroll","1",,"01",25,89,164,198,1058,535,1190,215,118,80,18,48,91,149,1094,736,1500,318,179,64
"G2900350","1970","2","4","Missouri","29","Carter","035",,,,,"7000",,"Carter","1",,"08",32,129,97,73,293,133,234,57,37,15,37,65,100,100,288,169,284,60,43,32
"G2900370","1970","2","4","Missouri","29","Cass","037",,,,,"3760",,"Cass","1",,"03",66,135,293,365,1831,1795,3858,891,339,460,48,113,217,295,1687,1906,4593,1047,404,202
"G2900390","1970","2","4","Missouri","29","Cedar","039",,,,,,,"Cedar","1",,"03",53,110,132,176,964,431,726,161,81,65,0,77,94,142,945,573,999,237,112,52
"G2900410","1970","2","4","Missouri","29","Chariton","041",,,,,,,"Chariton","1",,"02",21,114,221,139,1077,419,1021,184,105,75,19,38,106,135,895,640,1281,365,137,39
"G2900430","1970","2","4","Missouri","29","Christian","043",,,,,,,"Christian","1",,"07",22,179,235,83,1007,730,1435,283,99,94,19,108,172,174,1037,930,1556,321,162,52
"G2900450","1970","2","4","Missouri","29","Clark","045",,,,,,,"Clark","1",,"02",0,46,94,81,750,393,755,145,44,48,0,5,42,91,764,339,907,217,57,31
"G2900470","1970","2","4","Missouri","29","Clay","047",,,,,"3760",,"Clay","0",,"A",137,376,913,993,4090,5197,11757,3995,2239,1775,144,232,577,773,3977,6185,15228,3684,1684,742
"G2900490","1970","2","4","Missouri","29","Clinton","049",,,,,,,"Clinton","1",,"01",19,89,152,114,736,475,1226,356,155,125,22,48,150,122,670,699,1613,482,141,101
"G2900510","1970","2","4","Missouri","29","Cole","051",,,,,,,"Cole","1",,"06",68,297,644,486,2538,1716,3293,1390,974,1041,119,279,516,448,2558,1676,4466,1548,754,423
"G2900530","1970","2","4","Missouri","29","Cooper","053",,,,,,,"Cooper","1",,"03",34,104,191,145,1000,633,1340,220,120,152,13,97,146,125,1098,720,1581,392,141,80
"G2900550","1970","2","4","Missouri","29","Crawford","055",,,,,,,"Crawford","1",,"05",57,229,363,215,1304,736,818,234,93,83,28,179,242,245,1466,776,1132,204,140,49
"G2900570","1970","2","4","Missouri","29","Dade","057",,,,,,,"Dade","1",,"03",23,96,96,140,625,276,609,151,47,86,0,65,50,117,724,368,754,216,67,51
"G2900590","1970","2","4","Missouri","29","Dallas","059",,,,,,,"Dallas","1",,"07",32,189,167,136,909,487,807,203,56,103,21,133,192,139,749,656,1062,253,83,23
"G2900610","1970","2","4","Missouri","29","Daviess","061",,,,,,,"Daviess","1",,"02",4,51,122,104,688,442,827,180,43,94,17,22,90,74,658,551,990,292,90,46
"G2900630","1970","2","4","Missouri","29","DeKalb","063",,,,,,,"De Kalb","1",,"02",0,52,102,61,593,353,781,154,35,30,5,17,64,66,607,441,783,300,75,27
"G2900650","1970","2","4","Missouri","29","Dent","065",,,,,,,"Dent","1",,"08",94,153,218,264,1040,400,763,147,111,74,97,165,196,259,1121,618,816,201,81,40
"G2900670","1970","2","4","Missouri","29","Douglas","067",,,,,,,"Douglas","1",,"07",61,216,224,179,933,401,499,160,47,24,25,98,142,197,943,456,704,192,65,36
"G2900690","1970","2","4","Missouri","29","Dunklin","069",,,,,"3760",,"Dunklin","1",,"09",302,1388,975,631,1723,1286,1793,353,206,247,274,1141,1216,914,2100,1766,2268,478,337,124
"G2900710","1970","2","4","Missouri","29","Franklin","071",,,,,"7040",,"Franklin","1",,"06",115,575,805,880,4696,2108,3805,769,379,294,114,444,842,887,4642,2480,4541,654,423,222
"G2900730","1970","2","4","Missouri","29","Gasconade","073",,,,,,,"Gasconade","1",,"06",14,186,171,247,1540,382,768,138,36,126,12,147,241,259,1710,467,877,140,84,40
"G2900750","1970","2","4","Missouri","29","Gentry","075",,,,,"7040",,"Gentry","1",,"02",18,50,86,138,774,259,771,200,85,63,15,22,67,63,890,423,991,247,134,21
"G2900770","1970","2","4","Missouri","29","Greene","077",,,,,"7920",,"Greene","0",,"C",264,1037,1288,1174,6004,6020,12679,5461,2387,2131,250,693,1252,1258,7126,8328,16220,6196,2305,1315
"G2900790","1970","2","4","Missouri","29","Grundy","079",,,,,,,"Grundy","1",,"02",32,90,126,183,1011,558,1033,282,100,62,34,90,55,157,1017,749,1352,403,157,50
"G2900810","1970","2","4","Missouri","29","Harrison","081",,,,,,,"Harrison","1",,"02",0,37,126,154,981,525,968,198,87,69,0,19,83,97,1041,490,1346,363,105,50
"G2900830","1970","2","4","Missouri","29","Henry","083",,,,,,,"Henry","1",,"03",37,194,299,283,1529,794,1579,317,146,145,31,150,189,226,1567,1059,2096,602,230,76
"G2900850","1970","2","4","Missouri","29","Hickory","085",,,,,,,"Hickory","1",,"05",21,50,70,105,551,260,319,64,32,25,6,37,41,97,502,283,504,63,33,24
"G2900870","1970","2","4","Missouri","29","Holt","087",,,,,,,"Holt","1",,"01",20,57,101,59,502,313,751,150,71,52,9,35,46,76,492,337,977,267,72,42
"G2900890","1970","2","4","Missouri","29","Howard","089",,,,,,,"Howard","1",,"02",40,145,178,95,620,473,775,169,92,140,32,96,108,118,665,537,954,424,172,88
"G2900910","1970","2","4","Missouri","29","Howell","091",,,,,,,"Howell","1",,"07",166,475,491,434,1689,1116,1504,325,247,169,44,302,359,457,2006,1449,1921,519,206,105
"G2900930","1970","2","4","Missouri","29","Iron","093",,,,,"7920",,"Iron","1",,"08",51,270,271,193,700,288,588,113,63,67,17,210,271,194,752,469,669,128,123,55
"G2900950","1970","2","4","Missouri","29","Jackson","095",,,,,"3760",,"Jackson","0",,"A",1485,5035,7794,7662,20833,30875,53412,20307,10653,9361,1581,3963,7235,8063,23982,39626,76163,22866,9917,4972
"G2900970","1970","2","4","Missouri","29","Jasper","097",,,,,"3760",,"Jasper","1",,"04",125,775,965,803,4409,3625,6057,2391,876,829,156,573,1103,1067,4807,5047,8880,2635,884,504
"G2900990","1970","2","4","Missouri","29","Jefferson","099",,,,,"7040",,"Jefferson","1",,"B",129,824,1391,1520,5924,5078,8105,1641,846,640,143,512,1171,1158,6008,5926,9110,1445,723,328
"G2901010","1970","2","4","Missouri","29","Johnson","101",,,,,,,"Johnson","1",,"03",93,104,239,255,1419,873,2412,934,513,812,37,79,169,229,1376,1179,2670,1126,634,503
"G2901030","1970","2","4","Missouri","29","Knox","103",,,,,,,"Knox","1",,"02",11,49,41,72,452,240,660,124,45,33,5,14,31,62,428,312,742,205,63,33
"G2901050","1970","2","4","Missouri","29","Laclede","105",,,,,,,"Laclede","1",,"05",109,383,246,409,1443,779,1487,340,150,162,83,208,306,345,1696,1002,1807,368,151,83
"G2901070","1970","2","4","Missouri","29","Lafayette","107",,,,,,,"Lafayette","1",,"01",80,198,389,274,1821,1017,2404,524,258,296,30,234,306,315,1850,1373,2765,809,407,165
"G2901090","1970","2","4","Missouri","29","Lawrence","109",,,,,,,"Lawrence","1",,"04",67,291,431,345,1793,1173,2244,540,179,177,22,235,350,281,1800,1396,2924,665,296,123
"G2901110","1970","2","4","Missouri","29","Lewis","111",,,,,,,"Lewis","1",,"02",42,65,124,75,693,516,1012,226,74,97,6,21,53,49,648,650,1105,408,136,45
"G2901130","1970","2","4","Missouri","29","Lincoln","113",,,,,,,"Lincoln","1",,"02",37,136,337,269,1703,679,1306,286,135,69,37,100,236,257,1533,1076,1596,288,184,45
"G2901150","1970","2","4","Missouri","29","Linn","115",,,,,,,"Linn","1",,"02",26,141,191,143,1193,740,1448,330,112,161,32,107,141,168,1347,966,1913,559,123,97
"G2901170","1970","2","4","Missouri","29","Livingston","117",,,,,,,"Livingston","1",,"02",15,81,135,173,1049,612,1525,353,145,213,40,80,84,143,1158,799,1836,461,248,111
"G2901190","1970","2","4","Missouri","29","McDonald","119",,,,,,,"Mc Donald","1",,"04",82,252,242,229,947,655,850,218,57,38,50,125,139,202,1054,827,1111,232,111,44
"G2901210","1970","2","4","Missouri","29","Macon","121",,,,,,,"Macon","1",,"02",21,149,128,188,1576,440,1522,341,120,84,28,74,126,148,1606,899,1794,470,180,76
"G2901230","1970","2","4","Missouri","29","Madison","123",,,,,,,"Madison","1",,"08",24,240,234,96,702,324,595,152,53,77,10,140,212,155,922,455,680,170,77,44
"G2901250","1970","2","4","Missouri","29","Maries","125",,,,,,,"Maries","1",,"05",74,138,174,194,715,253,394,54,5,38,28,94,121,165,702,267,526,58,51,13
"G2901270","1970","2","4","Missouri","29","Marion","127",,,,,,,"Marion","1",,"02",67,207,412,315,1736,1283,2299,607,305,298,81,133,440,342,1929,1702,3116,860,346,122
"G2901290","1970","2","4","Missouri","29","Mercer","129",,,,,,,"Mercer","1",,"02",0,32,78,39,563,236,497,53,43,39,0,15,52,61,521,273,570,123,64,37
"G2901310","1970","2","4","Missouri","29","Miller","131",,,,,,,"Miller","1",,"05",28,201,311,275,1266,660,1032,249,111,78,22,152,265,233,1465,794,1222,400,167,19
"G2901330","1970","2","4","Missouri","29","Mississippi","133",,,,,,,"Mississippi","1",,"09",113,780,552,399,579,547,741,177,85,71,76,464,640,397,808,851,1064,242,174,27
"G2901350","1970","2","4","Missouri","29","Moniteau","135",,,,,,,"Moniteau","1",,"06",21,107,94,136,1160,384,783,166,68,97,0,52,91,121,1201,498,1110,247,116,34
"G2901370","1970","2","4","Missouri","29","Monroe","137",,,,,,,"Monroe","1",,"02",19,69,113,117,845,502,900,127,72,42,9,37,53,96,793,566,1122,259,176,31
"G2901390","1970","2","4","Missouri","29","Montgomery","139",,,,,,,"Montgomery","1",,"02",55,107,150,229,1052,531,833,126,95,71,22,93,149,167,1036,596,1008,260,88,35
"G2901410","1970","2","4","Missouri","29","Morgan","141",,,,,,,"Morgan","1",,"05",31,165,227,209,828,450,808,231,92,52,5,78,137,135,985,556,1067,236,75,66
"G2901430","1970","2","4","Missouri","29","New Madrid","143",,,,,,,"New Madrid","1",,"09",275,1076,674,443,964,814,1092,248,128,164,239,760,764,463,1269,1254,1281,311,215,53
"G2901450","1970","2","4","Missouri","29","Newton","145",,,,,,,"Newton","1",,"04",74,336,350,326,2088,1568,2740,807,393,312,92,220,310,355,2136,1999,3557,929,365,118
"G2901470","1970","2","4","Missouri","29","Nodaway","147",,,,,,,"Nodaway","1",,"01",35,38,98,230,1284,827,1635,623,194,415,22,67,75,107,1111,980,2177,928,378,262
"G2901490","1970","2","4","Missouri","29","Oregon","149",,,,,,,"Oregon","1",,"08",47,273,218,223,778,282,609,128,80,43,24,195,268,172,1006,456,694,150,59,41
"G2901510","1970","2","4","Missouri","29","Osage","151",,,,,,,"Osage","1",,"06",7,185,337,131,1081,272,708,133,38,84,9,126,262,166,1054,321,801,125,81,28
"G2901530","1970","2","4","Missouri","29","Ozark","153",,,,,,,"Ozark","1",,"07",64,157,187,109,546,288,465,98,36,24,39,70,192,144,652,291,535,68,26,6
"G2901550","1970","2","4","Missouri","29","Pemiscot","155",,,,,,,"Pemiscot","1",,"09",356,1216,868,428,1054,957,939,257,179,176,279,1041,1015,494,1435,1547,1268,339,204,93
"G2901570","1970","2","4","Missouri","29","Perry","157",,,,,,,"Perry","1",,"06",35,230,371,301,1525,569,615,113,65,111,13,215,305,303,1686,521,871,144,75,59
"G2901590","1970","2","4","Missouri","29","Pettis","159",,,,,,,"Pettis","1",,"03",95,280,431,463,2235,1299,3104,693,363,341,78,194,475,395,2367,1886,3915,1044,476,101
"G2901610","1970","2","4","Missouri","29","Phelps","161",,,,,,,"Phelps","1",,"05",46,343,405,329,1537,781,1446,719,492,1073,37,191,389,366,1850,1098,2054,642,524,242
"G2901630","1970","2","4","Missouri","29","Pike","163",,,,,"7040",,"Pike","1",,"02",24,191,332,245,1275,602,1430,256,225,105,26,106,234,231,1386,940,1686,422,179,64
"G2901650","1970","2","4","Missouri","29","Platte","165",,,,,"3760",,"Platte","0",,"01",43,132,168,177,1215,1193,3149,1216,748,477,20,72,153,124,1216,1392,3674,1236,600,213
"G2901670","1970","2","4","Missouri","29","Polk","167",,,,,,,"Polk","1",,"07",19,139,283,269,1246,576,1191,319,101,168,26,65,166,213,1411,823,1484,355,170,91
"G2901690","1970","2","4","Missouri","29","Pulaski","169",,,,,,,"Pulaski","1",,"05",29,262,278,204,1268,1091,3398,666,402,562,39,154,200,247,1376,1496,2631,615,250,85
"G2901710","1970","2","4","Missouri","29","Putnam","171",,,,,,,"Putnam","1",,"02",26,53,53,101,562,311,546,84,46,35,12,52,46,80,729,307,659,123,47,23
"G2901730","1970","2","4","Missouri","29","Ralls","173",,,,,,,"Ralls","1",,"02",24,88,109,103,660,376,724,117,38,42,12,18,52,57,562,523,895,152,101,27
"G2901750","1970","2","4","Missouri","29","Randolph","175",,,,,,,"Randolph","1",,"02",77,199,252,285,1646,1075,1864,584,190,217,58,154,289,251,1421,1333,2581,690,257,131
"G2901770","1970","2","4","Missouri","29","Ray","177",,,,,,,"Ray","1",,"01",10,167,269,212,1152,765,1845,271,128,131,43,102,173,202,1164,1129,1805,457,188,86
"G2901790","1970","2","4","Missouri","29","Reynolds","179",,,,,,,"Reynolds","1",,"08",48,231,149,96,503,205,337,83,33,16,32,150,124,208,497,360,346,39,11,13
"G2901810","1970","2","4","Missouri","29","Ripley","181",,,,,"3760",,"Ripley","1",,"08",74,477,305,245,901,277,413,137,37,29,16,210,305,306,1064,524,523,106,33,24
"G2901830","1970","2","4","Missouri","29","St Charles","183",,,,,"7040",,"St Charles","1",,"B",158,414,882,875,4418,3152,8210,2315,1148,897,193,270,950,685,4548,4009,9149,1892,896,378
"G2901850","1970","2","4","Missouri","29","St Clair","185",,,,,,,"St Clair","1",,"03",5,93,116,177,795,369,666,103,61,63,12,53,95,93,848,466,783,193,87,46
"G2901860","1970","2","4","Missouri","29","Ste Genevieve","186",,,,,,,"Ste Genevieve","1",,"06",32,201,322,189,1136,397,850,94,41,49,11,146,284,253,1143,483,972,106,55,42
"G2901870","1970","2","4","Missouri","29","St Francois","187",,,,,,,"St Francois","1",,"08",120,663,714,552,2115,1931,2438,687,326,288,135,564,761,639,2781,2370,3136,744,321,171
"G2901890","1970","2","4","Missouri","29","St Louis","189",,,,,"7040",,"St Louis","1",,"B",1538,4306,7347,8028,33852,38010,65561,31050,28450,24672,1901,4300,8409,8289,41813,45168,101153,30665,20712,8695
"G2901950","1970","2","4","Missouri","29","Saline","195",,,,,,,"Saline","1",,"01",65,321,297,407,1839,910,2040,468,319,245,78,141,303,288,1985,1174,2602,798,394,132
"G2901970","1970","2","4","Missouri","29","Schuyler","197",,,,,,,"Schuyler","1",,"02",5,48,54,77,449,156,479,109,17,21,26,9,23,33,453,195,663,159,21,29
"G2901990","1970","2","4","Missouri","29","Scotland","199",,,,,,,"Scotland","1",,"02",0,47,44,39,594,202,573,99,44,19,10,40,49,41,577,270,673,144,89,17
"G2902010","1970","2","4","Missouri","29","Scott","201",,,,,,,"Scott","1",,"09",167,750,655,445,1772,1226,2129,586,323,234,88,538,737,577,2058,1821,2696,631,318,174
"G2902030","1970","2","4","Missouri","29","Shannon","203",,,,,,,"Shannon","1",,"08",30,234,209,189,524,288,378,65,57,31,26,99,165,153,533,431,556,51,56,9
"G2902050","1970","2","4","Missouri","29","Shelby","205",,,,,,,"Shelby","1",,"02",11,47,80,99,635,364,825,164,42,56,0,40,54,84,717,393,1080,244,98,26
"G2902070","1970","2","4","Missouri","29","Stoddard","207",,,,,,,"Stoddard","1",,"09",213,949,659,657,1692,794,1444,316,177,137,95,618,714,601,2195,1450,1711,333,198,116
"G2902090","1970","2","4","Missouri","29","Stone","209",,,,,,,"Stone","1",,"07",44,262,260,170,738,509,666,217,96,105,15,92,142,188,896,666,877,282,62,63
"G2902110","1970","2","4","Missouri","29","Sullivan","211",,,,,,,"Sullivan","1",,"02",24,75,122,75,784,335,725,153,44,51,17,40,62,95,945,375,854,202,38,51
"G2902130","1970","2","4","Missouri","29","Taney","213",,,,,,,"Taney","1",,"07",37,186,198,151,882,652,1121,367,206,177,51,114,156,124,811,906,1384,481,200,91
"G2902150","1970","2","4","Missouri","29","Texas","215",,,,,,,"Texas","1",,"07",83,416,409,379,1398,730,1225,289,155,101,75,167,262,332,1702,947,1624,300,192,84
"G2902170","1970","2","4","Missouri","29","Vernon","217",,,,,,,"Vernon","1",,"03",46,212,320,357,1429,901,1733,313,158,130,48,114,261,332,1429,1347,2211,496,188,145
"G2902190","1970","2","4","Missouri","29","Warren","219",,,,,,,"Warren","1",,"06",31,137,182,246,875,337,616,164,87,81,17,53,110,148,982,447,906,191,46,39
"G2902210","1970","2","4","Missouri","29","Washington","221",,,,,,,"Washington","1",,"05",102,448,377,308,1139,533,617,123,33,99,90,415,323,259,1246,676,643,103,144,37
"G2902230","1970","2","4","Missouri","29","Wayne","223",,,,,,,"Wayne","1",,"08",91,281,377,130,763,335,514,70,56,27,25,144,235,201,869,507,610,93,28,14
"G2902250","1970","2","4","Missouri","29","Webster","225",,,,,,,"Webster","1",,"07",68,247,451,317,1112,661,1143,173,70,80,67,124,438,271,1204,863,1356,238,85,34
"G2902270","1970","2","4","Missouri","29","Worth","227",,,,,,,"Worth","1",,"02",6,20,22,10,353,185,249,87,39,25,0,39,11,45,285,142,398,148,61,17
"G2902290","1970","2","4","Missouri","29","Wright","229",,,,,,,"Wright","1",,"07",58,248,221,239,1347,532,957,198,76,69,0,241,238,229,1422,698,1189,186,117,54
"G2905100","1970","2","4","Missouri","29","St Louis City","510",,,,,"7040",,"St Louis City","0",,"B",2604,9929,13134,11395,33232,31563,30611,10049,5080,5660,2868,10399,16853,14797,48160,42747,46077,11129,5124,4053
"G3000010","1970","4","8","Montana","30","Beaverhead","001",,,,,,,"Beaverhead","1",,"01",10,92,61,91,395,334,690,295,145,163,4,22,20,18,257,266,679,453,234,37
"G3000030","1970","4","8","Montana","30","Big Horn","003",,,,,,,"Big Horn","1",,"03",25,82,154,159,491,535,566,156,126,130,0,63,174,120,398,470,655,300,151,45
"G3000050","1970","4","8","Montana","30","Blaine","005",,,,,,,"Blaine","1",,"02",21,77,102,137,418,263,506,170,61,55,9,38,60,53,282,325,562,233,89,26
"G3000070","1970","4","8","Montana","30","Broadwater","007",,,,,,,"Broadwater","1",,"01",0,6,28,8,194,115,242,51,18,74,6,11,6,15,72,108,264,103,96,0
"G3000090","1970","4","8","Montana","30","Carbon","009",,,,,,,"Carbon","1",,"03",27,71,120,74,535,360,637,160,74,91,27,50,71,61,426,362,775,340,95,56
"G3000110","1970","4","8","Montana","30","Carter","011",,,,,,,"Carter","1",,"04",0,5,5,22,172,100,215,49,11,10,0,0,0,9,64,79,187,182,34,4
"G3000130","1970","4","8","Montana","30","Cascade","013",,,,,"3040",,"Cascade","0",,"02",113,420,502,484,2918,2821,7162,2675,1850,1235,101,231,508,440,2298,3395,8222,3448,1717,470
"G3000150","1970","4","8","Montana","30","Chouteau","015",,,,,,,"Chouteau","1",,"02",16,34,29,69,407,280,691,199,76,55,12,11,26,50,199,263,673,347,126,39
"G3000170","1970","4","8","Montana","30","Custer","017",,,,,,,"Custer","1",,"04",23,132,133,153,664,445,963,381,170,172,21,44,111,95,544,535,1142,668,186,46
"G3000190","1970","4","8","Montana","30","Daniels","019",,,,,,,"Daniels","1",,"02",0,33,27,80,233,65,336,77,33,30,9,23,46,19,197,134,339,103,22,0
"G3000210","1970","4","8","Montana","30","Dawson","021",,,,,,,"Dawson","1",,"02",6,49,117,156,712,390,853,306,134,98,8,41,120,98,609,389,1056,378,136,61
"G3000230","1970","4","8","Montana","30","Deer Lodge","023",,,,,,,"Deer Lodge","1",,"01",111,187,242,231,978,777,1206,383,194,146,80,134,187,187,640,840,1521,586,251,76
"G3000250","1970","4","8","Montana","30","Fallon","025",,,,,,,"Fallon","1",,"02",0,19,46,49,289,190,335,75,15,35,8,33,44,14,227,187,297,159,55,11
"G3000270","1970","4","8","Montana","30","Fergus","027",,,,,,,"Fergus","1",,"02",18,81,150,131,699,534,1154,353,218,133,18,79,78,102,555,586,1329,665,206,55
"G3000290","1970","4","8","Montana","30","Flathead","029",,,,,,,"Flathead","1",,"01",52,195,393,405,2093,1674,3435,1140,523,460,48,159,213,183,1717,1901,4049,1637,616,148
"G3000310","1970","4","8","Montana","30","Gallatin","031",,,,,,,"Gallatin","1",,"01",15,112,144,129,999,873,2031,1236,642,1150,19,86,100,145,728,1006,2579,1555,904,384
"G3000330","1970","4","8","Montana","30","Garfield","033",,,,,,,"Garfield","1",,"04",0,29,11,38,165,59,146,27,11,15,4,11,5,0,50,67,172,93,18,6
"G3000350","1970","4","8","Montana","30","Glacier","035",,,,,,,"Glacier","1",,"02",24,70,181,85,397,598,753,296,146,55,6,89,104,86,294,677,863,338,130,34
"G3000370","1970","4","8","Montana","30","Golden Valley","037",,,,,,,"Golden Valley","1",,"04",0,6,0,10,82,40,68,20,10,21,0,0,7,0,31,46,91,70,30,0
"G3000390","1970","4","8","Montana","30","Granite","039",,,,,,,"Granite","1",,"01",6,25,16,40,158,195,312,80,34,27,0,0,4,18,85,136,357,119,23,4
"G3000410","1970","4","8","Montana","30","Hill","041",,,,,,,"Hill","1",,"02",41,94,144,176,692,599,1427,602,163,239,65,119,133,111,549,595,1633,722,281,65
"G3000430","1970","4","8","Montana","30","Jefferson","043",,,,,,,"Jefferson","1",,"01",192,29,43,60,319,179,345,103,52,45,139,21,42,21,153,223,413,170,90,20
"G3000450","1970","4","8","Montana","30","Judith Basin","045",,,,,,,"Judith Basin","1",,"02",10,6,20,21,140,141,300,108,49,25,0,14,25,8,88,96,189,248,43,25
"G3000470","1970","4","8","Montana","30","Lake","047",,,,,,,"Lake","1",,"01",60,113,240,165,693,583,1320,428,188,139,40,65,111,97,516,750,1492,588,292,88
"G3000490","1970","4","8","Montana","30","Lewis And Clark","049",,,,,,,"Lewis And Clark","1",,"01",28,141,230,162,1195,1104,2638,1227,916,807,28,110,184,140,787,1288,3974,1651,874,289
"G3000510","1970","4","8","Montana","30","Liberty","051",,,,,,,"Liberty","1",,"02",0,0,29,27,157,42,196,80,37,26,0,0,0,0,115,88,193,120,48,14
"G3000530","1970","4","8","Montana","30","Lincoln","053",,,,,,,"Lincoln","1",,"01",33,91,214,209,1014,951,1493,392,195,212,22,16,115,87,623,1092,1739,417,137,61
"G3000550","1970","4","8","Montana","30","McCone","055",,,,,,,"Mc Cone","1",,"02",16,22,23,35,273,92,251,51,15,22,8,26,27,13,100,97,284,129,35,6
"G3000570","1970","4","8","Montana","30","Madison","057",,,,,,,"Madison","1",,"01",6,57,70,71,252,215,438,208,115,67,6,21,21,32,204,270,515,304,94,5
"G3000590","1970","4","8","Montana","30","Meagher","059",,,,,,,"Meagher","1",,"01",9,8,29,25,190,109,181,27,75,10,4,0,4,13,99,102,191,82,9,14
"G3000610","1970","4","8","Montana","30","Mineral","061",,,,,,,"Mineral","1",,"01",30,24,11,8,133,176,271,104,46,32,0,0,9,36,53,171,289,146,46,11
"G3000630","1970","4","8","Montana","30","Missoula","063",,,,,,,"Missoula","1",,"01",78,239,384,327,1825,1955,3822,2199,1370,1740,46,153,288,216,1482,1894,5533,2535,1530,595
"G3000650","1970","4","8","Montana","30","Musselshell","065",,,,,,,"Musselshell","1",,"04",17,19,89,60,283,198,355,36,30,18,0,42,57,14,193,228,386,127,78,9
"G3000670","1970","4","8","Montana","30","Park","067",,,,,,,"Park","1",,"01",34,72,143,170,736,460,1138,272,109,160,13,66,83,79,424,589,1393,560,192,49
"G3000690","1970","4","8","Montana","30","Petroleum","069",,,,,,,"Petroleum","1",,"04",0,0,0,12,63,32,64,21,10,5,0,0,0,0,33,26,57,29,28,6
"G3000710","1970","4","8","Montana","30","Phillips","071",,,,,,,"Phillips","1",,"02",14,59,81,67,367,195,488,144,68,50,6,24,38,81,280,205,457,244,74,14
"G3000730","1970","4","8","Montana","30","Pondera","073",,,,,,,"Pondera","1",,"02",14,73,56,78,420,258,560,124,132,59,0,20,52,37,275,288,705,231,122,17
"G3000750","1970","4","8","Montana","30","Powder River","075",,,,,,,"Powder River","1",,"04",0,21,13,30,164,114,250,88,33,26,0,5,0,5,115,139,299,106,21,5
"G3000770","1970","4","8","Montana","30","Powell","077",,,,,,,"Powell","1",,"01",11,45,85,71,405,368,696,206,63,60,0,20,35,34,267,358,706,197,87,50
"G3000790","1970","4","8","Montana","30","Prairie","079",,,,,,,"Prairie","1",,"02",0,38,40,28,115,72,146,31,16,24,26,40,11,13,103,44,173,76,16,0
"G3000810","1970","4","8","Montana","30","Ravalli","081",,,,,,,"Ravalli","1",,"01",39,107,160,198,798,661,1216,364,315,190,44,33,96,118,742,821,1420,663,290,90
"G3000830","1970","4","8","Montana","30","Richland","083",,,,,,,"Richland","1",,"02",24,80,143,184,776,321,730,160,88,81,8,59,58,140,569,333,916,427,144,18
"G3000850","1970","4","8","Montana","30","Roosevelt","085",,,,,,,"Roosevelt","1",,"02",9,99,121,153,650,387,701,294,102,40,29,69,85,171,453,479,818,368,105,34
"G3000870","1970","4","8","Montana","30","Rosebud","087",,,,,,,"Rosebud","1",,"04",17,35,61,130,339,315,488,106,74,36,18,48,61,90,253,294,464,168,54,52
"G3000890","1970","4","8","Montana","30","Sanders","089",,,,,,,"Sanders","1",,"01",11,66,68,96,526,332,628,147,118,66,13,31,38,84,269,460,694,272,141,20
"G3000910","1970","4","8","Montana","30","Sheridan","091",,,,,,,"Sheridan","1",,"02",4,42,71,65,493,201,446,175,113,55,16,35,66,41,337,264,500,252,92,15
"G3000930","1970","4","8","Montana","30","Silver Bow","093",,,,,,,"Silver Bow","1",,"01",108,268,405,476,2082,2086,3159,1110,673,576,56,206,353,379,2060,2334,4500,1623,615,210
"G3000950","1970","4","8","Montana","30","Stillwater","095",,,,,,,"Stillwater","1",,"03",12,33,56,22,333,198,482,128,63,47,8,22,22,31,244,231,507,251,70,16
"G3000970","1970","4","8","Montana","30","Sweet Grass","097",,,,,,,"Sweet Grass","1",,"04",17,14,26,41,242,119,292,112,50,48,8,7,30,12,160,128,330,142,43,17
"G3000990","1970","4","8","Montana","30","Teton","099",,,,,,,"Teton","1",,"02",11,44,64,61,465,277,492,154,120,72,22,33,52,52,310,254,589,301,97,28
"G3001010","1970","4","8","Montana","30","Toole","101",,,,,,,"Toole","1",,"02",0,20,73,41,333,205,530,220,96,83,4,10,20,12,284,222,621,261,134,32
"G3001030","1970","4","8","Montana","30","Treasure","103",,,,,,,"Treasure","1",,"04",4,0,0,14,55,32,124,38,19,7,0,5,0,7,23,45,118,24,29,7
"G3001050","1970","4","8","Montana","30","Valley","105",,,,,,,"Valley","1",,"02",26,93,86,202,593,491,978,263,106,108,17,68,92,111,335,533,1130,396,144,61
"G3001070","1970","4","8","Montana","30","Wheatland","107",,,,,,,"Wheatland","1",,"04",5,4,18,19,192,122,284,48,31,37,0,0,0,10,162,110,228,162,53,5
"G3001090","1970","4","8","Montana","30","Wibaux","109",,,,,"3040",,"Wibaux","1",,"02",0,6,35,17,114,41,132,25,14,10,0,6,5,15,66,64,134,90,12,7
"G3001110","1970","4","8","Montana","30","Yellowstone","111",,,,,"0880",,"Yellowstone","0",,"03",207,498,756,796,3191,2795,6630,3313,1968,1405,223,395,567,496,2941,3234,8705,4398,1913,622
"G3001130","1970","4","8","Montana","30","Yellowstone National Park","113",,,,,"0880",,"Yellowstone National Park","1",,"01",0,0,0,0,0,6,0,6,0,0,0,0,0,0,0,0,14,0,0,0
"G3100010","1970","2","4","Nebraska","31","Adams","001",,,,,,,"Adams","1",,"05",35,117,187,298,1525,1140,2899,910,406,504,37,112,167,220,1471,1458,3814,1355,493,173
"G3100030","1970","2","4","Nebraska","31","Antelope","003",,,,,,,"Antelope","1",,"03",19,81,79,184,650,383,952,99,45,44,16,58,82,79,595,423,1050,355,83,20
"G3100050","1970","2","4","Nebraska","31","Arthur","005",,,,,,,"Arthur","1",,"01",0,0,4,6,23,39,53,5,0,5,0,0,0,5,5,20,52,46,0,5
"G3100070","1970","2","4","Nebraska","31","Banner","007",,,,,,,"Banner","1",,"02",0,9,6,0,95,50,103,53,16,10,0,0,0,0,51,44,126,62,16,0
"G3100090","1970","2","4","Nebraska","31","Blaine","009",,,,,,,"Blaine","1",,"01",0,0,18,10,40,28,93,24,11,15,6,3,9,0,35,20,80,72,24,0
"G3100110","1970","2","4","Nebraska","31","Boone","011",,,,,,,"Boone","1",,"03",19,49,85,68,778,293,779,123,33,59,18,29,48,89,562,263,930,320,109,14
"G3100130","1970","2","4","Nebraska","31","Box Butte","013",,,,,,,"Box Butte","1",,"02",39,85,115,82,514,420,1078,180,88,163,5,82,94,96,346,503,1306,496,133,37
"G3100150","1970","2","4","Nebraska","31","Boyd","015",,,,,,,"Boyd","1",,"03",7,35,26,68,406,145,366,25,32,11,0,23,29,22,298,178,421,135,36,9
"G3100170","1970","2","4","Nebraska","31","Brown","017",,,,,,,"Brown","1",,"01",0,25,50,52,270,142,383,100,90,41,13,18,36,52,266,194,459,175,65,12
"G3100190","1970","2","4","Nebraska","31","Buffalo","019",,,,,,,"Buffalo","1",,"03",33,99,187,222,1564,1043,2283,846,355,583,36,100,144,168,1282,1186,2689,1526,536,261
"G3100210","1970","2","4","Nebraska","31","Burt","021",,,,,,,"Burt","1",,"06",4,62,90,44,750,441,943,254,95,53,0,11,44,82,509,515,1160,501,128,15
"G3100230","1970","2","4","Nebraska","31","Butler","023",,,,,,,"Butler","1",,"05",7,106,97,70,892,452,798,167,52,121,13,68,89,68,715,477,1006,311,91,13
"G3100250","1970","2","4","Nebraska","31","Cass","025",,,,,,,"Cass","1",,"07",30,98,131,143,933,860,1972,470,120,151,30,51,151,107,724,813,2429,596,234,38
"G3100270","1970","2","4","Nebraska","31","Cedar","027",,,,,,,"Cedar","1",,"06",30,99,175,139,956,507,961,157,80,40,20,54,116,114,786,390,1234,373,88,51
"G3100290","1970","2","4","Nebraska","31","Chase","029",,,,,,,"Chase","1",,"02",9,31,32,24,352,190,414,58,51,31,0,9,37,28,291,173,504,181,77,29
"G3100310","1970","2","4","Nebraska","31","Cherry","031",,,,,,,"Cherry","1",,"01",15,56,63,148,431,314,692,114,45,96,10,20,16,46,357,341,773,299,85,26
"G3100330","1970","2","4","Nebraska","31","Cheyenne","033",,,,,,,"Cheyenne","1",,"02",43,62,68,98,585,357,1130,257,102,109,21,57,77,75,460,421,1336,522,138,48
"G3100350","1970","2","4","Nebraska","31","Clay","035",,,,,,,"Clay","1",,"05",12,44,132,77,598,347,798,184,47,91,8,47,122,60,460,365,1046,280,108,44
"G3100370","1970","2","4","Nebraska","31","Colfax","037",,,,,,,"Colfax","1",,"03",17,104,98,159,953,436,715,129,83,98,6,67,111,87,925,379,938,304,125,50
"G3100390","1970","2","4","Nebraska","31","Cuming","039",,,,,,,"Cuming","1",,"06",9,99,133,112,1173,402,1072,132,85,79,5,61,159,73,1070,350,1217,392,141,29
"G3100410","1970","2","4","Nebraska","31","Custer","041",,,,,,,"Custer","1",,"03",34,103,95,238,890,669,1579,300,114,107,6,50,104,84,756,819,1637,797,223,29
"G3100430","1970","2","4","Nebraska","31","Dakota","043",,,,,"7720",,"Dakota","1",,"06",5,112,123,123,660,642,1173,275,96,105,17,66,116,53,536,683,1357,407,151,37
"G3100450","1970","2","4","Nebraska","31","Dawes","045",,,,,,,"Dawes","1",,"01",13,22,96,86,459,373,615,344,59,186,5,36,45,70,337,469,862,482,172,66
"G3100470","1970","2","4","Nebraska","31","Dawson","047",,,,,,,"Dawson","1",,"03",22,104,167,195,1281,811,1889,486,172,202,20,101,115,165,916,944,2424,859,247,51
"G3100490","1970","2","4","Nebraska","31","Deuel","049",,,,,,,"Deuel","1",,"02",0,17,11,11,243,133,260,72,33,47,0,13,10,5,192,162,294,141,47,11
"G3100510","1970","2","4","Nebraska","31","Dixon","051",,,,,,,"Dixon","1",,"06",12,30,87,115,597,302,745,173,44,44,6,5,68,101,419,339,825,330,91,48
"G3100530","1970","2","4","Nebraska","31","Dodge","053",,,,,"7720",,"Dodge","1",,"06",30,128,283,253,1854,1593,3250,831,502,279,10,72,187,205,1884,1659,4352,1289,520,110
"G3100550","1970","2","4","Nebraska","31","Douglas","055",,,,,"5920",,"Douglas","0",,"B",1010,1940,2938,2709,11078,16061,29969,12751,8596,7512,1169,1710,2783,2444,12650,18016,45014,13706,6941,2734
"G3100570","1970","2","4","Nebraska","31","Dundy","057",,,,,,,"Dundy","1",,"04",3,22,59,39,219,140,277,72,30,49,3,6,21,19,219,151,356,160,38,16
"G3100590","1970","2","4","Nebraska","31","Fillmore","059",,,,,,,"Fillmore","1",,"05",11,57,62,72,563,261,988,195,60,95,5,52,35,90,529,372,1060,356,105,28
"G3100610","1970","2","4","Nebraska","31","Franklin","061",,,,,,,"Franklin","1",,"04",0,27,69,94,488,179,453,119,26,22,0,51,46,57,380,239,571,163,50,18
"G3100630","1970","2","4","Nebraska","31","Frontier","063",,,,,,,"Frontier","1",,"04",11,5,40,12,379,144,416,78,22,19,9,9,24,26,207,182,473,176,47,12
"G3100650","1970","2","4","Nebraska","31","Furnas","065",,,,,,,"Furnas","1",,"04",3,44,49,88,614,382,644,126,74,78,7,32,22,56,538,387,976,227,110,37
"G3100670","1970","2","4","Nebraska","31","Gage","067",,,,,,,"Gage","1",,"07",339,302,272,226,1486,978,2459,505,302,314,156,194,264,205,1624,1158,2983,932,360,113
"G3100690","1970","2","4","Nebraska","31","Garden","069",,,,,,,"Garden","1",,"01",10,5,37,27,236,127,308,92,28,25,5,7,5,17,184,141,398,146,26,18
"G3100710","1970","2","4","Nebraska","31","Garfield","071",,,,,,,"Garfield","1",,"01",12,9,38,43,232,107,206,49,14,26,9,32,11,6,153,153,305,126,19,5
"G3100730","1970","2","4","Nebraska","31","Gosper","073",,,,,,,"Gosper","1",,"04",5,4,15,32,208,74,253,40,0,15,0,0,6,9,151,107,269,76,19,4
"G3100750","1970","2","4","Nebraska","31","Grant","075",,,,,,,"Grant","1",,"01",0,0,5,5,47,32,100,15,9,10,0,0,0,0,27,23,115,48,19,11
"G3100770","1970","2","4","Nebraska","31","Greeley","077",,,,,,,"Greeley","1",,"03",7,19,51,39,295,201,402,62,28,20,19,4,23,23,207,166,523,183,15,5
"G3100790","1970","2","4","Nebraska","31","Hall","079",,,,,,,"Hall","1",,"03",76,111,299,370,1946,1915,4265,1093,603,453,74,92,286,254,1810,2146,5041,1827,502,261
"G3100810","1970","2","4","Nebraska","31","Hamilton","081",,,,,,,"Hamilton","1",,"05",14,32,77,38,579,413,896,204,71,60,0,15,31,25,452,336,1200,407,112,21
"G3100830","1970","2","4","Nebraska","31","Harlan","083",,,,,,,"Harlan","1",,"04",5,11,10,14,383,175,503,129,66,24,0,0,8,42,293,221,555,215,75,23
"G3100850","1970","2","4","Nebraska","31","Hayes","085",,,,,,,"Hayes","1",,"04",0,5,13,18,149,55,162,40,0,10,0,0,10,0,66,72,202,76,27,10
"G3100870","1970","2","4","Nebraska","31","Hitchcock","087",,,,,,,"Hitchcock","1",,"04",0,39,30,39,321,192,422,102,26,31,0,7,19,31,249,217,443,254,49,6
"G3100890","1970","2","4","Nebraska","31","Holt","089",,,,,,,"Holt","1",,"01",30,105,139,140,1062,481,1145,247,82,63,15,47,97,75,737,552,1515,518,103,46
"G3100910","1970","2","4","Nebraska","31","Hooker","091",,,,,,,"Hooker","1",,"01",4,5,0,15,73,46,146,13,16,0,0,10,18,8,16,72,132,51,16,5
"G3100930","1970","2","4","Nebraska","31","Howard","093",,,,,,,"Howard","1",,"03",0,44,64,116,603,234,558,174,35,66,6,33,44,50,401,234,732,287,94,31
"G3100950","1970","2","4","Nebraska","31","Jefferson","095",,,,,,,"Jefferson","1",,"05",9,109,111,162,842,441,918,253,73,91,14,60,135,110,823,516,1222,406,153,22
"G3100970","1970","2","4","Nebraska","31","Johnson","097",,,,,,,"Johnson","1",,"07",10,48,51,42,580,197,581,86,43,44,17,38,34,36,490,297,590,263,62,5
"G3100990","1970","2","4","Nebraska","31","Kearney","099",,,,,,,"Kearney","1",,"04",98,47,47,46,392,201,750,161,85,79,75,18,16,53,350,219,822,352,142,38
"G3101010","1970","2","4","Nebraska","31","Keith","101",,,,,,,"Keith","1",,"02",7,57,71,62,509,354,838,226,98,92,11,15,82,26,349,441,921,519,99,30
"G3101030","1970","2","4","Nebraska","31","Keya Paha","103",,,,,,,"Keya Paha","1",,"01",0,19,0,10,105,46,116,33,6,7,0,5,0,10,55,47,162,78,11,12
"G3101050","1970","2","4","Nebraska","31","Kimball","105",,,,,,,"Kimball","1",,"02",5,21,47,52,300,217,678,138,73,95,5,28,29,18,183,262,639,291,109,35
"G3101070","1970","2","4","Nebraska","31","Knox","107",,,,,"5920",,"Knox","1",,"03",26,111,167,103,1206,438,1037,144,66,75,12,43,143,122,904,382,1289,472,109,15
"G3101090","1970","2","4","Nebraska","31","Lancaster","109",,,,,"4360",,"Lancaster","0",,"A",182,472,879,850,4018,5371,13750,6001,3661,4945,229,428,824,719,4102,5848,18784,7767,4093,2224
"G3101110","1970","2","4","Nebraska","31","Lincoln","111",,,,,,,"Lincoln","1",,"03",73,153,254,289,1235,1334,3071,763,315,317,34,47,162,247,1117,1532,3692,1203,400,128
"G3101130","1970","2","4","Nebraska","31","Logan","113",,,,,,,"Logan","1",,"01",0,6,13,33,46,76,84,16,11,13,0,0,4,19,36,82,129,25,0,11
"G3101150","1970","2","4","Nebraska","31","Loup","115",,,,,,,"Loup","1",,"01",0,16,4,6,125,36,72,5,6,5,0,5,10,9,33,41,109,52,12,0
"G3101170","1970","2","4","Nebraska","31","McPherson","117",,,,,,,"Mc Pherson","1",,"01",5,4,0,4,68,19,44,12,11,0,0,0,0,0,32,30,55,24,16,0
"G3101190","1970","2","4","Nebraska","31","Madison","119",,,,,,,"Madison","1",,"03",26,176,263,333,1766,1065,2264,786,338,280,38,185,252,244,1602,1146,2959,1307,356,92
"G3101210","1970","2","4","Nebraska","31","Merrick","121",,,,,,,"Merrick","1",,"03",20,44,41,97,629,409,846,156,86,79,15,32,40,45,517,359,960,397,120,41
"G3101230","1970","2","4","Nebraska","31","Morrill","123",,,,,,,"Morrill","1",,"02",13,66,68,58,478,322,458,141,58,36,18,18,50,46,293,350,663,189,122,16
"G3101250","1970","2","4","Nebraska","31","Nance","125",,,,,,,"Nance","1",,"03",14,43,95,41,508,227,380,114,13,64,20,58,66,21,426,207,568,172,58,45
"G3101270","1970","2","4","Nebraska","31","Nemaha","127",,,,,,,"Nemaha","1",,"07",0,29,62,60,539,358,867,226,86,141,10,33,50,48,454,414,1020,416,210,62
"G3101290","1970","2","4","Nebraska","31","Nuckolls","129",,,,,,,"Nuckolls","1",,"04",3,20,71,86,590,317,823,102,54,71,24,44,83,47,480,385,997,208,97,14
"G3101310","1970","2","4","Nebraska","31","Otoe","131",,,,,,,"Otoe","1",,"07",37,112,140,145,1092,721,1593,314,160,102,10,87,122,195,1036,760,1986,594,190,76
"G3101330","1970","2","4","Nebraska","31","Pawnee","133",,,,,,,"Pawnee","1",,"07",5,28,60,77,308,233,560,62,35,27,11,6,51,16,319,235,607,196,66,15
"G3101350","1970","2","4","Nebraska","31","Perkins","135",,,,,,,"Perkins","1",,"02",4,9,44,80,230,151,363,78,69,10,0,5,18,26,224,169,394,150,81,5
"G3101370","1970","2","4","Nebraska","31","Phelps","137",,,,,,,"Phelps","1",,"04",24,37,66,124,544,331,963,282,132,131,10,47,72,94,440,423,1296,448,156,72
"G3101390","1970","2","4","Nebraska","31","Pierce","139",,,,,,,"Pierce","1",,"03",5,85,91,69,893,270,703,119,60,86,6,42,95,101,645,288,946,296,89,22
"G3101410","1970","2","4","Nebraska","31","Platte","141",,,,,,,"Platte","1",,"03",40,149,204,127,1817,862,2319,548,330,270,29,105,223,201,1455,890,3179,753,226,106
"G3101430","1970","2","4","Nebraska","31","Polk","143",,,,,,,"Polk","1",,"05",7,25,54,81,448,280,803,109,41,56,4,22,60,36,456,261,844,306,116,4
"G3101450","1970","2","4","Nebraska","31","Red Willow","145",,,,,,,"Red Willow","1",,"04",14,29,80,169,671,522,1070,424,124,148,4,28,52,53,571,664,1466,653,161,65
"G3101470","1970","2","4","Nebraska","31","Richardson","147",,,,,,,"Richardson","1",,"07",17,87,91,96,954,607,1220,275,123,111,15,74,154,140,874,706,1475,475,196,72
"G3101490","1970","2","4","Nebraska","31","Rock","149",,,,,,,"Rock","1",,"01",5,5,39,54,221,78,200,48,15,20,0,14,5,24,132,137,254,117,33,0
"G3101510","1970","2","4","Nebraska","31","Saline","151",,,,,"4360",,"Saline","1",,"05",18,69,140,170,960,560,1194,291,108,156,7,86,175,139,899,440,1630,412,170,63
"G3101530","1970","2","4","Nebraska","31","Sarpy","153",,,,,"5920",,"Sarpy","1",,"B",50,62,247,266,1108,1870,5538,2267,1506,1369,77,40,174,217,1098,2204,6679,2031,1059,278
"G3101550","1970","2","4","Nebraska","31","Saunders","155",,,,,,,"Saunders","1",,"07",29,97,163,148,1139,816,1673,483,110,123,24,93,123,119,1053,846,1876,604,194,41
"G3101570","1970","2","4","Nebraska","31","Scotts Bluff","157",,,,,,,"Scotts Bluff","1",,"02",121,346,382,369,1355,1619,2840,1019,480,518,132,269,385,315,1394,1765,3439,1520,623,182
"G3101590","1970","2","4","Nebraska","31","Seward","159",,,,,,,"Seward","1",,"05",22,52,114,147,959,471,1196,284,103,265,7,65,88,137,977,477,1520,406,198,44
"G3101610","1970","2","4","Nebraska","31","Sheridan","161",,,,,,,"Sheridan","1",,"01",14,58,58,97,503,365,672,141,91,66,26,24,67,99,346,349,810,416,87,21
"G3101630","1970","2","4","Nebraska","31","Sherman","163",,,,,,,"Sherman","1",,"03",4,84,99,70,430,189,385,66,36,29,10,43,57,33,388,187,414,167,47,21
"G3101650","1970","2","4","Nebraska","31","Sioux","165",,,,,,,"Sioux","1",,"01",0,13,19,35,159,106,182,53,19,11,0,5,0,16,101,104,234,75,41,14
"G3101670","1970","2","4","Nebraska","31","Stanton","167",,,,,,,"Stanton","1",,"03",11,44,60,74,531,252,425,111,42,39,0,17,66,68,416,241,577,182,66,10
"G3101690","1970","2","4","Nebraska","31","Thayer","169",,,,,,,"Thayer","1",,"05",0,46,101,99,751,223,747,178,116,54,5,33,46,79,674,377,969,271,111,31
"G3101710","1970","2","4","Nebraska","31","Thomas","171",,,,,,,"Thomas","1",,"01",0,0,5,22,69,22,62,37,11,14,0,11,0,6,43,64,83,58,0,14
"G3101730","1970","2","4","Nebraska","31","Thurston","173",,,,,,,"Thurston","1",,"06",17,64,95,112,459,300,542,122,61,33,21,23,58,101,417,338,559,265,49,19
"G3101750","1970","2","4","Nebraska","31","Valley","175",,,,,,,"Valley","1",,"03",33,45,52,70,547,229,607,72,42,39,6,28,69,68,460,241,657,226,68,11
"G3101770","1970","2","4","Nebraska","31","Washington","177",,,,,,,"Washington","1",,"06",20,39,89,128,706,734,1273,212,174,155,18,40,48,117,601,528,1692,455,167,50
"G3101790","1970","2","4","Nebraska","31","Wayne","179",,,,,,,"Wayne","1",,"06",8,46,47,80,783,249,648,250,67,182,0,51,41,68,601,269,730,542,182,79
"G3101810","1970","2","4","Nebraska","31","Webster","181",,,,,,,"Webster","1",,"04",5,41,50,35,495,292,515,102,51,30,0,11,11,65,396,295,719,188,85,29
"G3101830","1970","2","4","Nebraska","31","Wheeler","183",,,,,,,"Wheeler","1",,"01",5,0,19,11,117,32,96,11,3,0,10,0,15,16,64,16,118,44,5,0
"G3101850","1970","2","4","Nebraska","31","York","185",,,,,"5920",,"York","1",,"05",5,52,115,194,762,564,1262,396,183,139,38,97,97,106,654,521,1727,645,225,29
"G3200010","1970","4","8","Nevada","32","Churchill","001",,,,,,,"Churchill","1",,"01",24,76,86,127,386,543,1038,283,161,75,33,22,70,49,315,551,1154,341,127,47
"G3200030","1970","4","8","Nevada","32","Clark","003",,,,,"4120",,"Clark","0",,"A",360,1260,1868,1607,6219,14340,27533,11822,4587,4363,372,891,1671,1223,5000,15633,30500,10253,3598,1893
"G3200050","1970","4","8","Nevada","32","Douglas","005",,,,,,,"Douglas","1",,"01",14,36,21,21,271,338,902,313,165,114,5,5,9,13,231,290,914,380,144,28
"G3200070","1970","4","8","Nevada","32","Elko","007",,,,,,,"Elko","1",,"01",62,132,137,94,582,763,1195,572,223,205,38,59,92,83,411,744,1473,463,157,81
"G3200090","1970","4","8","Nevada","32","Esmeralda","009",,,,,,,"Esmeralda","1",,"01",7,0,19,0,44,85,30,33,6,0,0,5,0,0,11,27,28,18,7,0
"G3200110","1970","4","8","Nevada","32","Eureka","011",,,,,,,"Eureka","1",,"01",15,15,22,0,14,83,127,30,9,10,6,0,2,0,7,61,93,45,18,7
"G3200130","1970","4","8","Nevada","32","Humboldt","013",,,,,,,"Humboldt","1",,"01",5,57,70,64,405,406,596,177,91,91,0,23,21,49,249,450,596,223,98,9
"G3200150","1970","4","8","Nevada","32","Lander","015",,,,,,,"Lander","1",,"01",20,11,16,5,111,121,266,126,62,39,4,9,30,0,64,132,269,57,42,18
"G3200170","1970","4","8","Nevada","32","Lincoln","017",,,,,,,"Lincoln","1",,"01",0,8,27,10,132,119,242,74,47,23,4,3,5,19,101,147,230,115,19,25
"G3200190","1970","4","8","Nevada","32","Lyon","019",,,,,,,"Lyon","1",,"01",17,46,74,61,417,416,902,196,162,51,31,13,48,45,246,549,830,250,120,25
"G3200210","1970","4","8","Nevada","32","Mineral","021",,,,,,,"Mineral","1",,"01",21,43,98,60,285,406,700,153,45,71,14,19,38,54,144,420,739,237,61,33
"G3200230","1970","4","8","Nevada","32","Nye","023",,,,,,,"Nye","1",,"01",15,46,56,54,232,354,639,296,96,87,19,22,42,34,78,347,503,225,32,25
"G3200270","1970","4","8","Nevada","32","Pershing","027",,,,,,,"Pershing","1",,"01",0,16,47,26,121,181,229,110,61,45,0,12,23,24,64,166,312,94,39,15
"G3200290","1970","4","8","Nevada","32","Storey","029",,,,,"4120",,"Storey","1",,"01",0,8,27,0,0,49,72,6,20,21,3,12,4,6,6,42,79,37,14,0
"G3200310","1970","4","8","Nevada","32","Washoe","031",,,,,"6720",,"Washoe","0",,"01",220,466,997,606,3084,5517,11244,6135,2953,2639,176,440,668,425,2476,6282,14315,5862,2510,1187
"G3200330","1970","4","8","Nevada","32","White Pine","033",,,,,,,"White Pine","1",,"01",23,32,144,99,489,575,858,235,156,109,31,30,77,61,280,553,1065,326,105,12
"G3205100","1970","4","8","Nevada","32","Carson City","510",,,,,"6720",,"Carson City City","1",,"01",22,58,68,89,311,683,1563,788,407,420,10,31,81,35,183,700,1999,767,329,153
"G3300010","1970","1","1","New Hampshire","33","Belknap","001",,,,,,,"Belknap","1",,"01",255,103,280,317,1318,1875,2556,996,597,359,244,120,273,315,1403,1651,3624,1365,614,175
"G3300030","1970","1","1","New Hampshire","33","Carroll","003",,,,,,,"Carroll","1",,"01",7,57,108,109,1039,828,1672,677,476,271,34,22,54,86,697,1033,2222,1083,412,188
"G3300050","1970","1","1","New Hampshire","33","Cheshire","005",,,,,,,"Cheshire","1",,"02",116,132,429,450,2362,2790,4307,1247,822,787,102,90,347,343,2173,2827,5819,1665,1070,386
"G3300070","1970","1","1","New Hampshire","33","Coos","007",,,,,,,"Coos","1",,"01",111,333,755,467,1822,1793,2797,490,262,263,62,244,539,540,1803,2141,3634,885,357,94
"G3300090","1970","1","1","New Hampshire","33","Grafton","009",,,,,,,"Grafton","1",,"01",72,225,453,472,2374,2429,3870,1359,907,1499,99,90,341,317,1958,2473,5781,2344,1286,508
"G3300110","1970","1","1","New Hampshire","33","Hillsborough","011",,,,,,,"Hillsborough","1",,"A",572,1102,2654,2605,8784,9520,16680,6803,4691,2990,762,1191,2793,2548,10578,10685,22229,8062,3536,1220
"G3300130","1970","1","1","New Hampshire","33","Merrimack","013",,,,,,,"Merrimack","1",,"02",239,196,711,606,3476,3692,6887,2264,1769,1241,187,328,600,712,3325,4090,9392,3469,1557,679
"G3300150","1970","1","1","New Hampshire","33","Rockingham","015",,,,,,,"Rockingham","1",,"02",200,323,928,833,4141,6151,12600,4809,3359,2083,214,254,752,863,3802,6851,15634,5767,2796,818
"G3300170","1970","1","1","New Hampshire","33","Strafford","017",,,,,,,"Strafford","1",,"02",104,299,540,784,3451,2894,5014,1437,1069,1195,175,218,644,656,3355,3540,6485,2199,976,528
"G3300190","1970","1","1","New Hampshire","33","Sullivan","019",,,,,,,"Sullivan","1",,"01",87,189,358,355,1710,1579,2597,783,393,300,128,134,335,277,1336,1991,3182,1133,527,93
"G3400010","1970","1","2","New Jersey","34","Atlantic","001",,,,,"0560",,"Atlantic","0",,"E",913,2078,3723,3001,6988,9804,13161,3747,2163,1747,1176,1886,4198,3102,9202,12995,19819,3827,2013,618
"G3400030","1970","1","2","New Jersey","34","Bergen","003",,,,"A","6040",,"Bergen","1",,"G",2670,4310,9482,8753,28288,43733,68190,29131,28077,24971,4457,5664,11214,9347,37038,46164,109211,29250,20066,9613
"G3400050","1970","1","2","New Jersey","34","Burlington","005",,,,,"6160",,"Burlington","1",,"D",522,1608,3387,3060,7548,14063,25082,7995,7655,5740,776,1324,3303,2902,8576,16180,33052,7573,4610,1705
"G3400070","1970","1","2","New Jersey","34","Camden","007",,,,,"6160",,"Camden","1",,"D",1326,3762,7681,6255,14397,25566,31218,10605,9061,7361,1877,4062,7853,5938,17070,32150,48072,9114,5990,2164
"G3400090","1970","1","2","New Jersey","34","Cape May","009",,,,,"6160",,"Cape May","1",,"02",566,693,1174,1060,2729,3495,4624,1317,875,814,281,554,997,1014,3316,4661,6774,1484,760,283
"G3400110","1970","1","2","New Jersey","34","Cumberland","011",,,,,"8760",,"Cumberland","0",,"02",663,1928,2866,2464,4566,6379,8010,1794,1164,941,589,1640,2578,2228,5264,8949,10788,2313,1357,336
"G3400130","1970","1","2","New Jersey","34","Essex","013",,,,"A","5640",,"Essex","0",,"B",4795,11430,16327,11085,30013,47807,59341,21058,20386,19710,6868,11459,19039,12628,39342,59530,94174,23745,16842,7977
"G3400150","1970","1","2","New Jersey","34","Gloucester","015",,,,,"6160",,"Gloucester","1",,"D",509,1339,2952,2384,5561,9863,13256,3364,2480,2122,481,1198,2513,2157,6061,11685,17238,3151,2008,683
"G3400170","1970","1","2","New Jersey","34","Hudson","017",,,,"A","3640",,"Hudson","0",,"H",3639,8294,15644,10113,29544,38114,39272,10535,6687,6154,5514,10153,18385,11347,36808,44422,53909,8287,4733,2896
"G3400190","1970","1","2","New Jersey","34","Hunterdon","019",,,,,"3640",,"Hunterdon","1",,"01",162,439,805,890,2933,3384,5689,1798,1601,1317,145,342,718,689,2957,3579,7973,2019,1397,425
"G3400210","1970","1","2","New Jersey","34","Mercer","021",,,,,"8480",,"Mercer","0",,"C",995,3311,5774,3888,9051,15345,20694,6996,6242,8604,1333,3187,6649,3889,9810,17841,30238,8609,5952,3420
"G3400230","1970","1","2","New Jersey","34","Middlesex","023",,,,"A",,,"Middlesex","1",,"01",1885,3844,8093,6553,17759,29333,46693,14007,12220,10774,2807,4287,9182,6355,20248,29688,64133,11705,8021,3767
"G3400250","1970","1","2","New Jersey","34","Monmouth","025",,,,,"8480",,"Monmouth","1",,"01",1316,2592,4684,4131,12327,20396,32804,13911,12873,10908,1774,2614,5070,4028,15470,24707,53009,14217,8599,3091
"G3400270","1970","1","2","New Jersey","34","Morris","027",,,,"A","5640",,"Morris","1",,"B",837,1533,3235,3204,9232,14898,27695,12288,14776,12653,896,1665,3028,2726,11039,16756,44979,13538,10325,3782
"G3400290","1970","1","2","New Jersey","34","Ocean","029",,,,,"5640",,"Ocean","1",,"02",638,1521,3125,3087,8910,12301,16971,5410,3132,2564,923,1371,2857,2741,10645,14183,24290,4828,2487,763
"G3400310","1970","1","2","New Jersey","34","Passaic","031",,,,"A","6040",,"Passaic","0",,"G",2640,5109,9141,7107,18841,25549,31262,10515,7743,6193,4388,6405,10078,7663,22928,28783,44150,8985,5711,2682
"G3400330","1970","1","2","New Jersey","34","Salem","033",,,,,"9160",,"Salem","1",,"F",265,841,1352,1108,2417,3195,4845,905,632,459,202,706,934,1036,2230,4106,6059,1243,603,198
"G3400350","1970","1","2","New Jersey","34","Somerset","035",,,,"A",,,"Somerset","1",,"01",572,1198,2348,2239,5500,7865,14384,5317,7376,6620,765,1243,2215,1659,6400,8272,22530,6378,4936,1968
"G3400370","1970","1","2","New Jersey","34","Sussex","037",,,,,"9160",,"Sussex","1",,"01",103,292,1008,918,2760,4154,6321,2436,1490,1168,185,256,806,845,2674,4178,9173,2270,1088,426
"G3400390","1970","1","2","New Jersey","34","Union","039",,,,"A","5640",,"Union","1",,"B",2076,4065,8469,5511,16887,26965,42776,14769,15407,13712,3267,4926,9232,5977,21416,29998,65673,15697,11484,4742
"G3400410","1970","1","2","New Jersey","34","Warren","041",,,,,"0240",,"Warren","1",,"A",235,553,1232,1324,3159,3846,6266,1254,1041,899,276,554,1198,1135,3518,4561,8202,1597,799,294
"G3500010","1970","4","8","New Mexico","35","Bernalillo","001",,,,,"0200",,"Bernalillo","0",,"A",954,2619,2748,1877,5920,9906,21675,11913,7285,8775,970,2384,2946,2234,6328,13471,30200,12540,6278,3837
"G3500030","1970","4","8","New Mexico","35","Catron","003",,,,,,,"Catron","1",,"01",0,37,78,37,108,129,131,47,56,22,14,39,42,47,88,107,205,63,27,0
"G3500050","1970","4","8","New Mexico","35","Chaves","005",,,,,,,"Chaves","1",,"03",297,797,801,472,1009,1451,2542,1314,883,651,214,589,857,535,1057,2276,3590,1583,813,294
"G3500070","1970","4","8","New Mexico","35","Colfax","007",,,,,,,"Colfax","1",,"02",70,322,187,182,393,597,972,247,102,116,50,246,178,124,442,708,1165,249,143,82
"G3500090","1970","4","8","New Mexico","35","Curry","009",,,,,,,"Curry","1",,"02",110,460,466,401,668,1572,3156,1109,480,448,103,304,447,416,854,1934,3535,1193,460,254
"G3500110","1970","4","8","New Mexico","35","De Baca","011",,,,,,,"De Baca","1",,"02",24,72,70,26,133,132,180,31,29,34,21,41,95,31,142,192,194,59,29,13
"G3500130","1970","4","8","New Mexico","35","Dona Ana","013",,,,,,,"Dona Ana","1",,"03",563,1461,1178,424,1117,1752,3285,2163,1410,1543,635,1590,1302,478,1293,2056,4261,1936,1155,662
"G3500150","1970","4","8","New Mexico","35","Eddy","015",,,,,,,"Eddy","1",,"03",376,785,688,456,1046,1943,2743,1112,496,439,437,692,658,459,1050,2486,3520,1325,457,331
"G3500170","1970","4","8","New Mexico","35","Grant","017",,,,,,,"Grant","1",,"03",160,373,351,296,703,867,1307,653,299,304,164,303,406,327,618,1018,1480,675,328,213
"G3500190","1970","4","8","New Mexico","35","Guadalupe","019",,,,,,,"Guadalupe","1",,"02",45,132,75,118,159,212,301,41,45,17,69,171,128,30,174,208,275,86,35,14
"G3500210","1970","4","8","New Mexico","35","Harding","021",,,,,,,"Harding","1",,"02",24,46,44,34,66,33,99,40,0,8,28,13,31,23,33,59,104,31,12,7
"G3500230","1970","4","8","New Mexico","35","Hidalgo","023",,,,,,,"Hidalgo","1",,"03",44,71,114,46,187,248,267,68,49,34,67,37,107,69,166,286,343,81,39,39
"G3500250","1970","4","8","New Mexico","35","Lea","025",,,,,,,"Lea","1",,"03",211,629,768,589,1189,2997,3405,1540,627,499,210,465,549,433,1038,3643,4360,1464,559,296
"G3500270","1970","4","8","New Mexico","35","Lincoln","027",,,,,,,"Lincoln","1",,"03",75,137,158,72,221,307,661,288,68,109,60,127,91,104,261,505,714,291,55,63
"G3500280","1970","4","8","New Mexico","35","Los Alamos","028",,,,,,,"Los Alamos","1",,"01",5,14,26,15,83,327,929,675,617,1325,10,12,15,7,123,305,1531,813,793,337
"G3500290","1970","4","8","New Mexico","35","Luna","029",,,,,,,"Luna","1",,"03",95,250,274,165,405,563,662,273,101,98,119,271,198,214,356,723,845,216,124,117
"G3500310","1970","4","8","New Mexico","35","McKinley","031",,,,,,,"Mc Kinley","1",,"01",1318,656,766,306,584,1462,2041,617,307,485,2130,545,587,245,697,1412,2144,800,349,314
"G3500330","1970","4","8","New Mexico","35","Mora","033",,,,,,,"Mora","1",,"02",60,195,195,126,148,117,172,71,28,15,41,154,199,68,175,165,201,30,46,0
"G3500350","1970","4","8","New Mexico","35","Otero","035",,,,,,,"Otero","1",,"03",56,252,367,228,777,1230,3397,1275,793,760,100,308,302,290,756,1741,3683,1094,617,267
"G3500370","1970","4","8","New Mexico","35","Quay","037",,,,,,,"Quay","1",,"02",43,185,200,175,449,592,739,282,123,95,41,166,199,153,410,695,946,268,167,116
"G3500390","1970","4","8","New Mexico","35","Rio Arriba","039",,,,,,,"Rio Arriba","1",,"01",271,692,492,341,672,990,1272,333,211,176,319,602,553,340,861,1148,1438,265,141,110
"G3500410","1970","4","8","New Mexico","35","Roosevelt","041",,,,,,,"Roosevelt","1",,"02",46,221,243,236,444,656,867,518,194,311,42,154,209,191,418,880,1070,565,216,194
"G3500430","1970","4","8","New Mexico","35","Sandoval","043",,,,,,,"Sandoval","1",,"01",315,418,390,217,417,697,805,214,169,305,305,262,356,193,398,787,1044,286,166,108
"G3500450","1970","4","8","New Mexico","35","San Juan","045",,,,,,,"San Juan","1",,"01",1033,634,585,285,1126,1889,3286,1369,658,560,1320,545,439,339,1043,2271,3740,1477,563,271
"G3500470","1970","4","8","New Mexico","35","San Miguel","047",,,,,,,"San Miguel","1",,"02",181,795,545,283,724,600,817,482,200,338,251,594,520,275,892,800,964,450,265,247
"G3500490","1970","4","8","New Mexico","35","Santa Fe","049",,,,,,,"Santa Fe","1",,"01",280,602,593,496,1185,1941,3273,1803,1346,1204,215,678,616,584,1243,2142,4949,1755,1043,814
"G3500510","1970","4","8","New Mexico","35","Sierra","051",,,,,,,"Sierra","1",,"03",74,238,203,180,423,395,354,204,119,96,48,138,140,152,500,483,596,240,76,50
"G3500530","1970","4","8","New Mexico","35","Socorro","053",,,,,,,"Socorro","1",,"03",99,211,233,64,276,329,665,134,112,147,110,204,157,94,363,348,612,211,101,72
"G3500550","1970","4","8","New Mexico","35","Taos","055",,,,,,,"Taos","1",,"01",187,441,339,181,492,779,868,327,206,223,254,383,254,279,539,1009,993,270,236,117
"G3500570","1970","4","8","New Mexico","35","Torrance","057",,,,,,,"Torrance","1",,"02",75,162,178,48,229,203,268,137,59,41,41,95,139,86,184,292,377,129,49,28
"G3500590","1970","4","8","New Mexico","35","Union","059",,,,,,,"Union","1",,"02",20,73,68,68,212,296,399,109,47,53,11,67,6,61,191,347,479,207,90,42
"G3500610","1970","4","8","New Mexico","35","Valencia","061",,,,,"0200",,"Valencia","1",,"01",387,655,676,427,1007,1909,2545,702,346,450,366,487,544,489,941,2210,3070,611,258,205
"G3600010","1970","1","2","New York","36","Albany","001",,,,,"0160",,"Albany","0",,"F",876,1481,3828,3244,9201,14557,20262,7673,5610,7439,1100,1777,3745,3536,10743,16433,31851,9184,5324,3872
"G3600030","1970","1","2","New York","36","Allegany","003",,,,,"0160",,"Allegany","1",,"03",28,132,410,362,1752,2361,3121,1260,571,880,40,115,210,232,1540,2503,4431,1875,767,385
"G3600050","1970","1","2","New York","36","Bronx","005",,,,"A","5600",,"Bronx","0",,"G",11107,20312,34487,18819,53834,83804,94112,25794,14207,15926,18787,27988,45361,22461,71687,96931,138102,22621,11909,9583
"G3600070","1970","1","2","New York","36","Broome","007",,,,,"0960",,"Broome","0",,"E",507,1190,2280,1636,6979,10728,19285,6432,4651,3788,713,1160,2548,1873,7350,12917,26706,6924,3793,1608
"G3600090","1970","1","2","New York","36","Cattaraugus","009",,,,,,,"Cattaraugus","1",,"03",185,349,836,1082,3383,4576,6233,2022,837,941,179,347,598,939,3060,5253,8478,2889,896,524
"G3600110","1970","1","2","New York","36","Cayuga","011",,,,,,,"Cayuga","1",,"04",211,357,887,857,2758,5288,6293,1849,943,833,236,391,738,799,2769,4955,7739,2495,1027,498
"G3600130","1970","1","2","New York","36","Chautauqua","013",,,,,,,"Chautauqua","1",,"03",305,685,1811,1619,5743,9173,12236,3452,1518,1847,543,722,1843,1389,5464,9384,16465,5470,1887,941
"G3600150","1970","1","2","New York","36","Chemung","015",,,,,,,"Chemung","1",,"03",211,395,810,832,3285,5085,9108,2443,1531,1406,241,420,844,739,3683,5952,11918,3052,1848,741
"G3600170","1970","1","2","New York","36","Chenango","017",,,,,,,"Chenango","1",,"06",107,230,410,529,1812,2898,3686,1046,604,554,156,143,373,421,1530,2957,5051,1530,698,315
"G3600190","1970","1","2","New York","36","Clinton","019",,,,,,,"Clinton","1",,"07",142,419,1068,1046,2843,3683,5367,1494,712,980,105,284,709,825,2394,3888,5611,1881,964,596
"G3600210","1970","1","2","New York","36","Columbia","021",,,,,,,"Columbia","1",,"09",95,303,764,610,2733,3009,4284,1165,650,572,142,264,612,458,2566,3364,5562,1658,832,392
"G3600230","1970","1","2","New York","36","Cortland","023",,,,,,,"Cortland","1",,"04",85,162,439,499,1472,2410,3409,1068,554,778,85,179,411,366,1257,2793,4469,1567,650,464
"G3600250","1970","1","2","New York","36","Delaware","025",,,,,,,"Delaware","1",,"06",67,119,413,581,2345,2306,4002,1103,461,564,121,127,298,465,1751,2678,4542,1919,712,406
"G3600270","1970","1","2","New York","36","Dutchess","027",,,,,"0960",,"Dutchess","1",,"09",1832,1466,2638,2385,7500,9881,16873,7055,5561,5167,1864,1289,2495,2007,7471,11292,22391,8234,4442,2209
"G3600290","1970","1","2","New York","36","Erie","029",,,,,"1280",,"Erie","0",,"A",3770,7807,14316,14040,37758,63356,78110,30181,17524,18761,4687,7538,15310,14834,46454,74495,110075,29670,15751,9620
"G3600310","1970","1","2","New York","36","Essex","031",,,,,,,"Essex","1",,"07",55,118,447,589,1592,2069,2654,728,404,461,85,108,341,400,1358,2384,3610,1184,537,167
"G3600330","1970","1","2","New York","36","Franklin","033",,,,,,,"Franklin","1",,"07",252,380,726,706,2287,1894,2848,659,390,408,201,322,685,636,1886,2537,3600,1407,582,236
"G3600350","1970","1","2","New York","36","Fulton","035",,,,,,,"Fulton","1",,"05",139,262,862,906,2376,3628,3831,1078,484,620,139,224,984,749,2559,4032,5419,1420,599,283
"G3600370","1970","1","2","New York","36","Genesee","037",,,,,,,"Genesee","1",,"02",133,268,522,534,2088,3365,5235,1620,757,574,132,244,486,549,2005,3625,6368,1833,829,372
"G3600390","1970","1","2","New York","36","Greene","039",,,,,,,"Greene","1",,"09",76,160,393,482,1797,1821,2938,830,344,352,92,111,435,410,2040,2076,3702,957,473,172
"G3600410","1970","1","2","New York","36","Hamilton","041",,,,,,,"Hamilton","1",,"05",9,5,56,89,260,305,404,136,49,73,0,8,48,70,201,430,451,157,67,38
"G3600430","1970","1","2","New York","36","Herkimer","043",,,,,"8680",,"Herkimer","1",,"D",276,414,1004,1092,2977,4086,5167,1611,732,613,422,354,789,1033,3040,4570,7315,1736,815,319
"G3600450","1970","1","2","New York","36","Jefferson","045",,,,,"8680",,"Jefferson","1",,"07",154,312,841,1017,3553,5044,7133,2021,1112,845,133,281,896,765,3595,5699,9785,3086,1010,574
"G3600470","1970","1","2","New York","36","Kings","047",,,,"A","5600",,"Kings","0",,"G",23738,32155,58003,33047,94649,144900,170550,53668,29305,32844,36394,40958,72399,39908,128422,172520,246902,43530,20643,16337
"G3600490","1970","1","2","New York","36","Lewis","049",,,,,"5600",,"Lewis","1",,"07",30,117,403,323,1217,1343,1724,359,164,160,46,41,221,230,1071,1393,2111,648,320,118
"G3600510","1970","1","2","New York","36","Livingston","051",,,,,"6840",,"Livingston","1",,"02",668,225,586,623,1809,2997,3705,1293,618,837,719,155,383,459,1490,3127,4859,1779,908,484
"G3600530","1970","1","2","New York","36","Madison","053",,,,,"8160",,"Madison","1",,"C",120,237,561,823,1912,3415,4366,1522,834,1000,152,160,353,575,1685,3669,5894,2042,906,529
"G3600550","1970","1","2","New York","36","Monroe","055",,,,,"6840",,"Monroe","0",,"B",2347,4609,8117,6101,18159,35164,49717,22023,17099,16955,2838,5019,8969,6984,22858,41150,71050,24033,14952,6823
"G3600570","1970","1","2","New York","36","Montgomery","057",,,,,"6840",,"Montgomery","1",,"05",301,489,1089,875,2500,3586,4611,1058,542,537,512,623,1199,869,2868,3726,6117,1403,548,353
"G3600590","1970","1","2","New York","36","Nassau","059",,,,"A","5600",,"Nassau","1",,"G",3754,5389,11086,8513,33045,62477,109519,51708,41536,43192,6210,6164,13190,9651,45186,66875,179409,46808,30152,19884
"G3600610","1970","1","2","New York","36","New York","061",,,,"A","5600",,"New York","0",,"G",11480,21616,35313,18303,47717,74067,96287,47001,49981,69139,16810,28173,43746,20999,61545,88329,144875,61933,52650,41816
"G3600630","1970","1","2","New York","36","Niagara","063",,,,,"1280",,"Niagara","1",,"A",863,1831,3229,2878,7742,13893,18489,5595,3074,2770,1010,1722,3300,2953,7698,16074,24965,5744,2436,1385
"G3600650","1970","1","2","New York","36","Oneida","065",,,,,"8680",,"Oneida","0",,"D",2015,1877,3778,3787,10224,14035,19361,7007,4317,3984,1996,1842,3560,3501,11689,15990,28119,7172,3660,1974
"G3600670","1970","1","2","New York","36","Onondaga","067",,,,,"8160",,"Onondaga","0",,"C",1354,2453,4588,4441,12083,22120,35209,12769,11207,10556,1877,2360,4873,4197,13728,25405,51357,14393,9167,5355
"G3600690","1970","1","2","New York","36","Ontario","069",,,,,,,"Ontario","1",,"02",190,344,783,767,3154,4138,6730,2329,1343,1067,220,345,496,594,2537,4223,8283,2943,1393,644
"G3600710","1970","1","2","New York","36","Orange","071",,,,,"8160",,"Orange","1",,"09",604,1515,2977,2330,8151,11086,18138,5876,3229,3586,636,1351,2862,2219,8642,12483,23513,6326,3427,1875
"G3600730","1970","1","2","New York","36","Orleans","073",,,,,"6840",,"Orleans","1",,"01",133,262,527,743,1798,2168,2560,706,335,376,136,219,410,435,1616,2489,3505,912,435,227
"G3600750","1970","1","2","New York","36","Oswego","075",,,,,"8160",,"Oswego","1",,"C",266,443,1205,1473,4051,5835,6912,1873,822,1267,280,344,650,1107,3762,7059,9164,2082,1257,599
"G3600770","1970","1","2","New York","36","Otsego","077",,,,,,,"Otsego","1",,"06",138,175,583,507,2173,3014,4303,1284,615,1105,119,165,371,520,1964,3327,5351,2090,1196,643
"G3600790","1970","1","2","New York","36","Putnam","079",,,,,"8160",,"Putnam","1",,"09",142,172,365,384,1570,2267,5142,2212,1294,1175,134,132,295,375,1714,2433,7088,2071,950,456
"G3600810","1970","1","2","New York","36","Queens","081",,,,"A","5600",,"Queens","0",,"G",10586,15930,33658,20833,79236,111105,157696,62813,39273,40218,17123,20265,42251,23700,108238,124124,245688,52225,27837,20178
"G3600830","1970","1","2","New York","36","Rensselaer","083",,,,,"0160",,"Rensselaer","0",,"F",339,905,1962,2416,5812,7978,10448,3517,1985,2482,446,744,1954,2112,6912,9366,15738,4000,1932,1248
"G3600850","1970","1","2","New York","36","Richmond","085",,,,"A","5600",,"Richmond","0",,"G",1980,1515,3145,2950,9247,17670,23050,7650,4098,5308,2173,1772,3798,2888,11761,18121,33502,5526,2945,2304
"G3600870","1970","1","2","New York","36","Rockland","087",,,,"A","5600",,"Rockland","1",,"G",1828,1097,1943,1579,5203,9120,15421,7188,6560,7620,1998,1309,2056,1648,6655,9206,25107,7399,4915,3157
"G3600890","1970","1","2","New York","36","St Lawrence","089",,,,,"5600",,"St Lawrence","1",,"07",219,491,1293,1247,4482,5813,7442,2221,1222,1616,183,466,930,1147,4202,6424,8971,4228,1471,934
"G3600910","1970","1","2","New York","36","Saratoga","091",,,,,"0160",,"Saratoga","1",,"F",272,490,1361,1346,3929,6068,9049,3266,2413,2123,272,558,1052,1353,4009,6395,12870,3679,1933,979
"G3600930","1970","1","2","New York","36","Schenectady","093",,,,,"0160",,"Schenectady","0",,"F",491,886,1830,1558,4553,7638,13615,4319,3769,4337,817,1119,2053,1474,5543,9412,20065,5130,3155,1800
"G3600950","1970","1","2","New York","36","Schoharie","095",,,,,,,"Schoharie","1",,"06",30,92,281,308,1304,1287,1980,617,149,304,32,41,322,310,1026,1366,2490,822,270,199
"G3600970","1970","1","2","New York","36","Schuyler","097",,,,,,,"Schuyler","1",,"03",28,84,192,217,755,960,1422,333,177,186,15,40,130,112,658,1057,1868,431,219,122
"G3600990","1970","1","2","New York","36","Seneca","099",,,,,,,"Seneca","1",,"02",484,281,343,418,1657,1857,3024,730,524,416,372,259,395,403,1392,2182,3652,1116,470,192
"G3601010","1970","1","2","New York","36","Steuben","101",,,,,"0160",,"Steuben","1",,"03",154,514,1169,1418,4053,5321,8333,2344,1422,1327,169,352,713,998,3694,6152,10211,3547,1660,703
"G3601030","1970","1","2","New York","36","Suffolk","103",,,,"A","5600",,"Suffolk","1",,"G",3265,5027,11022,10352,29862,54733,85337,34469,20717,24032,4331,5009,10516,8939,35136,60579,126745,27134,15985,9225
"G3601050","1970","1","2","New York","36","Sullivan","105",,,,,"5600",,"Sullivan","1",,"09",234,314,855,634,3057,3078,4229,1456,752,770,319,190,599,499,2521,2964,5463,1719,728,335
"G3601070","1970","1","2","New York","36","Tioga","107",,,,,"0960",,"Tioga","1",,"03",68,128,321,463,1586,2076,3936,1209,976,699,65,82,305,391,1285,2388,5353,1479,693,266
"G3601090","1970","1","2","New York","36","Tompkins","109",,,,,,,"Tompkins","1",,"03",72,105,295,383,1510,2492,4398,1695,1636,4293,92,140,312,283,1433,2905,6461,2533,2215,1819
"G3601110","1970","1","2","New York","36","Ulster","111",,,,,,,"Ulster","1",,"09",273,744,1921,1458,5730,6926,10869,4207,2648,2441,365,659,1652,1563,6551,7536,13688,4821,2380,1256
"G3601130","1970","1","2","New York","36","Warren","113",,,,,,,"Warren","1",,"08",87,200,517,577,1803,2294,3774,1323,959,819,119,209,474,483,1812,3045,5347,1831,837,435
"G3601150","1970","1","2","New York","36","Washington","115",,,,,"0960",,"Washington","1",,"08",103,187,578,638,2422,3072,4130,1091,493,520,73,208,537,655,1947,3395,5051,1708,752,325
"G3601170","1970","1","2","New York","36","Wayne","117",,,,,"6840",,"Wayne","1",,"01",717,738,1179,1327,3356,4086,5706,1703,801,983,674,464,951,1089,3189,4399,7939,2011,1060,381
"G3601190","1970","1","2","New York","36","Westchester","119",,,,"A","5600",,"Westchester","1",,"G",3348,5707,10994,6741,21498,38309,63452,27318,30568,35311,4743,6701,12638,7264,28773,41472,105985,33813,28064,17142
"G3601210","1970","1","2","New York","36","Wyoming","121",,,,,,,"Wyoming","1",,"02",108,215,423,586,1791,3079,3070,906,328,325,37,53,186,273,1234,2392,3769,1158,491,227
"G3601230","1970","1","2","New York","36","Yates","123",,,,,"5600",,"Yates","1",,"02",19,66,195,121,868,1391,1462,456,210,243,19,21,107,145,706,1253,2011,825,382,179
"G3700010","1970","3","5","North Carolina","37","Alamance","001",,,,,,,"Alamance","1",,"03",409,1909,2472,2285,2304,5698,4840,2054,1740,931,377,1458,2362,2404,2631,8040,6488,2438,1459,370
"G3700030","1970","3","5","North Carolina","37","Alexander","003",,,,,,,"Alexander","1",,"02",107,443,666,837,602,1181,885,146,98,86,77,493,547,860,553,1374,1109,243,116,48
"G3700050","1970","3","5","North Carolina","37","Alleghany","005",,,,,,,"Alleghany","1",,"01",24,268,336,391,266,417,388,94,65,23,39,145,300,446,287,588,539,192,48,23
"G3700070","1970","3","5","North Carolina","37","Anson","007",,,,,,,"Anson","1",,"05",258,914,670,555,588,1139,1060,233,101,105,247,785,687,466,643,1680,1585,365,211,74
"G3700090","1970","3","5","North Carolina","37","Ashe","009",,,,,,,"Ashe","1",,"01",118,655,944,824,674,930,812,180,136,71,54,459,663,963,667,1370,1294,212,145,47
"G3700110","1970","3","5","North Carolina","37","Avery","011",,,,,,,"Avery","1",,"01",65,361,474,322,446,642,525,213,120,75,64,287,477,365,361,746,739,213,163,52
"G3700130","1970","3","5","North Carolina","37","Beaufort","013",,,,,,,"Beaufort","1",,"10",203,1312,1163,852,790,1748,1901,512,281,256,164,967,1045,1091,922,2547,2550,724,490,135
"G3700150","1970","3","5","North Carolina","37","Bertie","015",,,,,,,"Bertie","1",,"07",295,992,979,469,331,848,574,215,146,53,129,505,861,668,500,1476,914,295,310,43
"G3700170","1970","3","5","North Carolina","37","Bladen","017",,,,,,,"Bladen","1",,"11",230,966,830,620,660,1513,1059,303,138,95,193,651,853,696,543,1969,1484,423,174,48
"G3700190","1970","3","5","North Carolina","37","Brunswick","019",,,,,"9200",,"Brunswick","1",,"11",90,732,727,671,664,1498,1255,244,137,129,103,480,796,606,628,1847,1372,325,190,45
"G3700210","1970","3","5","North Carolina","37","Buncombe","021",,,,,"0480",,"Buncombe","0",,"A",456,2582,2942,2806,3674,9259,8961,3978,2684,1766,367,1821,2886,2762,3507,12306,12743,5569,2960,1074
"G3700230","1970","3","5","North Carolina","37","Burke","023",,,,,,,"Burke","1",,"02",419,1675,1975,1621,1839,3571,2888,922,582,408,426,1126,1725,1672,1735,4786,3757,1403,684,183
"G3700250","1970","3","5","North Carolina","37","Cabarrus","025",,,,,,,"Cabarrus","1",,"04",414,1877,2533,2197,2113,4744,3115,1221,723,466,329,1579,2617,2269,2228,6276,4265,1775,913,181
"G3700270","1970","3","5","North Carolina","37","Caldwell","027",,,,,,,"Caldwell","1",,"02",267,1496,1705,1544,1801,3283,2436,811,422,340,207,1227,1568,1534,1510,4277,3090,1121,619,147
"G3700290","1970","3","5","North Carolina","37","Camden","029",,,,,,,"Camden","1",,"10",19,151,204,142,108,427,188,86,27,13,14,116,182,175,145,481,238,92,66,19
"G3700310","1970","3","5","North Carolina","37","Carteret","031",,,,,,,"Carteret","1",,"11",136,593,788,751,787,1991,1986,616,291,285,98,262,674,879,744,2558,2356,905,370,112
"G3700330","1970","3","5","North Carolina","37","Caswell","033",,,,,,,"Caswell","1",,"03",180,736,736,486,472,982,693,149,118,61,99,478,515,647,426,1382,936,250,145,32
"G3700350","1970","3","5","North Carolina","37","Catawba","035",,,,,,,"Catawba","1",,"04",323,1586,1943,2038,2466,5806,4597,1993,1502,901,236,1377,2154,2079,2393,7113,6017,2601,1434,275
"G3700370","1970","3","5","North Carolina","37","Chatham","037",,,,,,,"Chatham","1",,"04",175,718,908,879,847,1782,1515,335,283,243,145,479,700,917,775,2112,2065,538,343,100
"G3700390","1970","3","5","North Carolina","37","Cherokee","039",,,,,,,"Cherokee","1",,"01",75,583,537,659,627,796,727,221,110,81,57,463,617,755,617,968,1022,285,152,20
"G3700410","1970","3","5","North Carolina","37","Chowan","041",,,,,,,"Chowan","1",,"07",79,313,360,322,269,546,457,96,110,73,61,226,351,349,202,807,603,283,171,52
"G3700430","1970","3","5","North Carolina","37","Clay","043",,,,,,,"Clay","1",,"01",34,185,202,179,151,353,177,60,43,53,15,144,143,255,239,406,253,93,58,5
"G3700450","1970","3","5","North Carolina","37","Cleveland","045",,,,,,,"Cleveland","1",,"05",501,1741,1804,1520,1683,4662,3500,1214,731,412,336,1509,1962,1902,1771,5879,4239,1659,985,177
"G3700470","1970","3","5","North Carolina","37","Columbus","047",,,,,,,"Columbus","1",,"11",300,1652,1451,1132,1088,2532,2049,611,375,173,256,1124,1353,1328,1328,3509,2426,952,491,114
"G3700490","1970","3","5","North Carolina","37","Craven","049",,,,,"0480",,"Craven","1",,"11",276,1175,1050,850,1014,2528,3803,1228,813,488,234,770,1110,1083,1059,3530,4521,1360,802,199
"G3700510","1970","3","5","North Carolina","37","Cumberland","051",,,,,"2560",,"Cumberland","0",,"09",647,2282,2171,1746,2467,7482,14523,4531,2886,1900,561,1769,2512,1850,3025,10505,13761,4453,2713,738
"G3700530","1970","3","5","North Carolina","37","Currituck","053",,,,,,,"Currituck","1",,"10",62,203,233,227,248,496,277,129,11,30,31,149,187,181,229,675,337,189,48,28
"G3700550","1970","3","5","North Carolina","37","Dare","055",,,,,,,"Dare","1",,"10",42,67,156,270,211,571,324,175,92,45,0,52,196,226,196,795,389,250,89,35
"G3700570","1970","3","5","North Carolina","37","Davidson","057",,,,,,,"Davidson","0",,"04",522,2501,3068,2674,2776,6562,4235,1288,888,504,496,1728,2704,2621,2949,7927,5662,1814,1057,243
"G3700590","1970","3","5","North Carolina","37","Davie","059",,,,,,,"Davie","1",,"04",101,469,656,630,676,1257,938,163,113,94,88,351,386,598,628,1749,1221,261,216,48
"G3700610","1970","3","5","North Carolina","37","Duplin","061",,,,,"2560",,"Duplin","1",,"11",339,1274,1108,893,896,2132,1889,525,227,149,218,726,968,947,914,2962,2622,820,458,77
"G3700630","1970","3","5","North Carolina","37","Durham","063",,,,,"2280",,"Durham","0",,"F",662,2904,2934,2119,2292,6328,6102,2547,2131,3806,616,2193,3307,2112,2707,8541,9054,4217,3024,1875
"G3700650","1970","3","5","North Carolina","37","Edgecombe","065",,,,,"2280",,"Edgecombe","1",,"08",422,2139,1330,877,953,2729,2005,658,486,261,236,1632,1650,1021,1275,4009,2789,926,582,178
"G3700670","1970","3","5","North Carolina","37","Forsyth","067",,,,,"3120",,"Forsyth","0",,"B",776,3149,4404,4363,4305,11755,11928,4705,4198,3403,872,3077,4747,4616,4881,15917,16380,6047,4412,1602
"G3700690","1970","3","5","North Carolina","37","Franklin","069",,,,,,,"Franklin","1",,"06",278,1095,1045,591,490,1668,925,237,161,95,189,643,1074,839,642,2142,1404,435,299,53
"G3700710","1970","3","5","North Carolina","37","Gaston","071",,,,,,,"Gaston","1",,"05",755,4072,4590,3294,4157,9117,6088,2435,1479,898,831,3875,5165,4276,4325,11788,7263,2694,1648,453
"G3700730","1970","3","5","North Carolina","37","Gates","073",,,,,,,"Gates","1",,"07",35,350,437,199,223,540,289,71,43,17,38,203,279,220,202,784,388,184,73,4
"G3700750","1970","3","5","North Carolina","37","Graham","075",,,,,,,"Graham","1",,"01",53,350,289,184,211,267,307,50,37,16,38,216,354,149,170,475,315,25,61,30
"G3700770","1970","3","5","North Carolina","37","Granville","077",,,,,,,"Granville","1",,"03",531,1065,985,662,754,2129,1359,444,185,135,416,640,780,794,821,2805,1702,644,374,97
"G3700790","1970","3","5","North Carolina","37","Greene","079",,,,,,,"Greene","1",,"08",89,613,479,397,331,651,564,165,78,34,81,302,361,415,319,1170,702,202,162,63
"G3700810","1970","3","5","North Carolina","37","Guilford","081",,,,,"3120",,"Guilford","0",,"C",1268,4629,6487,5097,5743,16364,13354,7154,6583,4301,1243,3723,5983,5716,6385,21659,18776,9600,6032,2639
"G3700830","1970","3","5","North Carolina","37","Halifax","083",,,,,,,"Halifax","1",,"07",564,2549,1663,1105,1174,2198,2328,608,445,254,507,1921,1902,1317,1300,3380,2961,882,600,144
"G3700850","1970","3","5","North Carolina","37","Harnett","085",,,,,,,"Harnett","1",,"06",304,1469,1404,1030,1220,3102,1982,687,383,263,142,1044,1405,1146,1266,4480,2419,852,423,132
"G3700870","1970","3","5","North Carolina","37","Haywood","087",,,,,,,"Haywood","1",,"01",179,1030,1298,1256,936,2791,2689,684,371,273,141,779,1271,1259,1118,3521,3146,849,452,168
"G3700890","1970","3","5","North Carolina","37","Henderson","089",,,,,,,"Henderson","1",,"01",167,1039,981,835,1226,2765,2627,979,809,401,151,721,937,944,1109,3575,3640,1515,743,246
"G3700910","1970","3","5","North Carolina","37","Hertford","091",,,,,,,"Hertford","1",,"07",191,860,777,563,449,1038,942,353,229,138,153,464,698,572,595,1643,1411,518,369,88
"G3700930","1970","3","5","North Carolina","37","Hoke","093",,,,,,,"Hoke","1",,"09",121,540,435,355,344,727,719,130,137,50,91,330,372,382,415,1101,733,268,124,15
"G3700950","1970","3","5","North Carolina","37","Hyde","095",,,,,,,"Hyde","1",,"10",63,166,208,194,125,384,140,37,70,19,43,128,163,193,146,510,258,84,63,13
"G3700970","1970","3","5","North Carolina","37","Iredell","097",,,,,,,"Iredell","1",,"04",384,1362,2201,1986,1903,4766,3597,1081,834,414,387,1299,1933,1865,1967,6275,4665,1823,822,220
"G3700990","1970","3","5","North Carolina","37","Jackson","099",,,,,,,"Jackson","1",,"01",112,698,673,607,477,1052,801,259,102,339,116,400,536,557,561,1285,1236,388,227,213
"G3701010","1970","3","5","North Carolina","37","Johnston","101",,,,,,,"Johnston","1",,"06",438,2255,2311,1855,1339,3127,2935,713,419,219,244,1524,2351,1932,1526,4303,4234,958,618,158
"G3701030","1970","3","5","North Carolina","37","Jones","103",,,,,,,"Jones","1",,"11",51,290,251,249,294,554,450,104,73,29,21,186,300,231,240,753,673,105,96,18
"G3701050","1970","3","5","North Carolina","37","Lee","105",,,,,,,"Lee","1",,"06",185,670,741,697,616,1922,1568,596,398,219,92,370,640,587,925,2561,1972,817,475,124
"G3701070","1970","3","5","North Carolina","37","Lenoir","107",,,,,,,"Lenoir","1",,"08",739,1617,1437,962,978,2797,2524,937,554,459,659,1148,1554,1095,1438,3995,3255,1356,880,221
"G3701090","1970","3","5","North Carolina","37","Lincoln","109",,,,,,,"Lincoln","1",,"05",184,760,938,844,1151,2414,1397,415,269,181,171,602,863,784,1062,2994,1836,575,378,72
"G3701110","1970","3","5","North Carolina","37","McDowell","111",,,,,,,"Mc Dowell","1",,"02",129,887,1214,855,941,1738,1491,394,260,128,108,756,1018,920,1121,2318,1858,470,313,70
"G3701130","1970","3","5","North Carolina","37","Macon","113",,,,,,,"Macon","1",,"01",114,524,656,746,522,725,809,191,88,130,35,318,577,700,514,1089,1248,306,161,63
"G3701150","1970","3","5","North Carolina","37","Madison","115",,,,,,,"Madison","1",,"01",191,726,561,579,490,814,667,228,71,125,92,418,595,694,511,962,906,301,153,89
"G3701170","1970","3","5","North Carolina","37","Martin","117",,,,,"3120",,"Martin","1",,"07",206,1097,779,542,611,1185,931,321,176,93,117,668,827,725,751,1732,1351,382,220,48
"G3701190","1970","3","5","North Carolina","37","Mecklenburg","119",,,,,"1520",,"Mecklenburg","0",,"D",995,4287,5458,4038,5441,20013,18800,12345,10014,5010,1134,4005,5698,4485,5730,25098,27997,14689,8447,2339
"G3701210","1970","3","5","North Carolina","37","Mitchell","121",,,,,,,"Mitchell","1",,"01",69,551,541,456,323,642,741,192,139,71,64,586,543,452,385,851,855,283,168,39
"G3701230","1970","3","5","North Carolina","37","Montgomery","123",,,,,,,"Montgomery","1",,"04",117,652,710,505,484,1038,857,260,126,106,134,428,565,555,493,1621,1093,367,198,70
"G3701250","1970","3","5","North Carolina","37","Moore","125",,,,,,,"Moore","1",,"09",228,939,1069,900,965,2152,1996,719,416,396,203,621,1035,965,864,2927,2623,1181,662,204
"G3701270","1970","3","5","North Carolina","37","Nash","127",,,,,"1520",,"Nash","1",,"08",461,2197,1940,1189,1313,2677,2833,835,524,354,299,1575,1891,1409,1506,4307,3500,1129,793,165
"G3701290","1970","3","5","North Carolina","37","New Hanover","129",,,,,"9200",,"New Hanover","0",,"11",260,1299,1510,1106,1652,4451,5641,2296,1559,791,301,1090,1577,1218,1920,6024,7293,2843,1601,377
"G3701310","1970","3","5","North Carolina","37","Northampton","131",,,,,,,"Northampton","1",,"07",297,1317,831,487,471,1053,611,218,105,102,154,720,823,746,521,1642,946,375,339,83
"G3701330","1970","3","5","North Carolina","37","Onslow","133",,,,,"9200",,"Onslow","1",,"11",259,887,928,917,1252,3571,5410,1182,1304,627,158,506,918,851,1203,3918,5967,1627,814,161
"G3701350","1970","3","5","North Carolina","37","Orange","135",,,,,"2280",,"Orange","1",,"03",190,829,1079,695,685,1867,1513,909,977,3677,207,527,1023,733,764,2366,2544,1701,1872,1692
"G3701370","1970","3","5","North Carolina","37","Pamlico","137",,,,,,,"Pamlico","1",,"11",45,273,278,268,274,691,404,109,37,35,29,175,274,212,260,965,641,125,42,17
"G3701390","1970","3","5","North Carolina","37","Pasquotank","139",,,,,,,"Pasquotank","1",,"10",126,752,780,409,592,1356,1278,470,298,227,113,497,705,596,686,1949,1522,672,463,180
"G3701410","1970","3","5","North Carolina","37","Pender","141",,,,,,,"Pender","1",,"11",164,587,520,438,471,1250,777,234,75,68,133,430,436,395,499,1456,1095,365,157,27
"G3701430","1970","3","5","North Carolina","37","Perquimans","143",,,,,,,"Perquimans","1",,"07",67,324,297,258,184,389,446,112,57,70,19,208,237,321,230,473,635,225,128,23
"G3701450","1970","3","5","North Carolina","37","Person","145",,,,,,,"Person","1",,"03",245,979,813,633,787,1363,1165,271,130,138,150,622,850,730,676,1820,1543,549,275,74
"G3701470","1970","3","5","North Carolina","37","Pitt","147",,,,,,,"Pitt","1",,"08",519,2094,1836,1118,1462,3148,2717,1487,895,898,492,1460,1791,1564,1495,4581,3575,1917,1349,570
"G3701490","1970","3","5","North Carolina","37","Polk","149",,,,,"2280",,"Polk","1",,"05",66,401,323,259,281,796,545,186,248,119,44,355,285,286,319,1003,844,335,284,89
"G3701510","1970","3","5","North Carolina","37","Randolph","151",,,,,"3120",,"Randolph","0",,"04",316,1850,2503,2446,2290,5197,3391,1152,673,317,271,1259,2240,2471,2204,6742,4639,1177,816,183
"G3701530","1970","3","5","North Carolina","37","Richmond","153",,,,,,,"Richmond","1",,"09",319,1201,1049,964,1028,2213,1930,504,336,121,220,1156,1175,978,1171,3366,2080,692,437,142
"G3701550","1970","3","5","North Carolina","37","Robeson","155",,,,,,,"Robeson","1",,"09",717,2884,2396,1478,1924,3838,2731,915,843,380,595,1975,2537,1990,2168,5664,3348,1524,1094,226
"G3701570","1970","3","5","North Carolina","37","Rockingham","157",,,,,,,"Rockingham","1",,"03",506,2089,2302,2152,1943,4415,3367,1034,710,287,437,1614,2372,2508,2006,5617,4669,1537,622,227
"G3701590","1970","3","5","North Carolina","37","Rowan","159",,,,,,,"Rowan","1",,"04",460,2136,2894,2601,2531,6227,4532,1313,1057,816,428,1566,2772,2631,2717,7885,5513,2123,1285,250
"G3701610","1970","3","5","North Carolina","37","Rutherford","161",,,,,,,"Rutherford","1",,"05",340,1365,1380,1303,1340,2954,2325,704,417,286,258,1058,1582,1483,1419,4238,2861,889,563,159
"G3701630","1970","3","5","North Carolina","37","Sampson","163",,,,,,,"Sampson","1",,"06",282,1613,1450,1078,1206,2580,2142,463,244,164,181,895,1263,1151,1078,3319,3229,886,531,108
"G3701650","1970","3","5","North Carolina","37","Scotland","165",,,,,,,"Scotland","1",,"09",309,938,730,376,464,1096,926,422,304,233,275,730,789,590,596,1618,961,656,461,162
"G3701670","1970","3","5","North Carolina","37","Stanly","167",,,,,,,"Stanly","1",,"04",177,975,1340,1084,1236,2831,2356,707,479,216,142,778,1436,1140,1198,3663,2973,946,517,101
"G3701690","1970","3","5","North Carolina","37","Stokes","169",,,,,,,"Stokes","1",,"03",203,838,884,921,558,1342,1313,167,123,61,125,535,693,1083,646,1696,1562,267,125,31
"G3701710","1970","3","5","North Carolina","37","Surry","171",,,,,,,"Surry","1",,"03",397,1485,1909,1961,1245,2778,2461,707,451,201,303,1227,1724,2088,1433,3642,3390,947,635,114
"G3701730","1970","3","5","North Carolina","37","Swain","173",,,,,,,"Swain","1",,"01",58,234,233,319,240,349,413,87,65,73,29,249,246,343,259,561,417,101,91,50
"G3701750","1970","3","5","North Carolina","37","Transylvania","175",,,,,,,"Transylvania","1",,"01",89,355,443,524,366,1015,1234,462,363,216,86,274,447,447,339,1264,1522,556,313,126
"G3701770","1970","3","5","North Carolina","37","Tyrrell","177",,,,,"3120",,"Tyrrell","1",,"10",17,194,178,123,95,215,98,40,23,0,12,123,187,132,94,325,156,31,34,5
"G3701790","1970","3","5","North Carolina","37","Union","179",,,,,"1520",,"Union","1",,"05",249,1235,1429,1399,1346,3597,2589,819,414,317,229,660,1405,1295,1424,4646,3268,1110,635,143
"G3701810","1970","3","5","North Carolina","37","Vance","181",,,,,"1520",,"Vance","1",,"03",164,1048,1152,771,767,1713,1333,461,263,245,172,855,1206,742,784,2428,1616,962,469,99
"G3701830","1970","3","5","North Carolina","37","Wake","183",,,,,"6640",,"Wake","0",,"E",1158,3530,4211,3147,3310,10406,10754,6861,5896,6097,875,2493,3818,3094,3871,14363,15866,9190,5675,2353
"G3701850","1970","3","5","North Carolina","37","Warren","185",,,,,,,"Warren","1",,"06",82,615,726,377,336,831,686,120,68,60,69,429,488,463,349,1188,965,307,126,102
"G3701870","1970","3","5","North Carolina","37","Washington","187",,,,,,,"Washington","1",,"07",86,593,387,272,318,585,760,174,158,73,41,345,412,257,300,835,949,249,135,53
"G3701890","1970","3","5","North Carolina","37","Watauga","189",,,,,,,"Watauga","1",,"01",96,515,487,754,539,876,787,375,305,408,34,367,498,877,472,1050,1109,568,329,254
"G3701910","1970","3","5","North Carolina","37","Wayne","191",,,,,,,"Wayne","1",,"08",887,2227,1864,1424,1588,4001,4941,1411,938,515,424,1513,2010,1752,1727,5703,5789,1917,1256,269
"G3701930","1970","3","5","North Carolina","37","Wilkes","193",,,,,,,"Wilkes","1",,"02",249,1507,1876,1897,1444,2557,2357,577,337,140,301,962,1535,2287,1505,3126,3070,710,424,116
"G3701950","1970","3","5","North Carolina","37","Wilson","195",,,,,"6640",,"Wilson","1",,"08",495,1854,1716,1153,1221,2901,2314,973,637,446,422,1426,1749,1302,1347,4021,3126,1253,977,237
"G3701970","1970","3","5","North Carolina","37","Yadkin","197",,,,,"3120",,"Yadkin","1",,"03",188,778,888,974,775,1419,1318,270,115,88,140,507,927,995,642,1817,1824,348,216,27
"G3701990","1970","3","5","North Carolina","37","Yancey","199",,,,,"3120",,"Yancey","1",,"01",151,464,552,360,464,664,535,130,70,49,85,438,581,417,416,824,759,139,131,24
"G3800010","1970","2","4","North Dakota","38","Adams","001",,,,,,,"Adams","1",,"01",9,15,62,64,354,118,258,99,28,52,11,22,21,24,258,152,353,175,43,5
"G3800030","1970","2","4","North Dakota","38","Barnes","003",,,,,,,"Barnes","1",,"03",31,68,119,184,1290,483,989,363,176,186,5,79,141,99,939,482,1212,749,206,97
"G3800050","1970","2","4","North Dakota","38","Benson","005",,,,,,,"Benson","1",,"03",23,74,135,163,694,355,476,188,64,72,19,74,88,101,570,324,504,341,56,14
"G3800070","1970","2","4","North Dakota","38","Billings","007",,,,,,,"Billings","1",,"01",0,16,17,41,124,47,45,22,12,13,0,12,14,21,77,55,48,37,4,0
"G3800090","1970","2","4","North Dakota","38","Bottineau","009",,,,,,,"Bottineau","1",,"03",23,84,76,227,982,244,644,291,86,60,15,44,111,97,579,397,788,514,83,25
"G3800110","1970","2","4","North Dakota","38","Bowman","011",,,,,,,"Bowman","1",,"01",6,27,15,25,368,114,322,87,69,24,12,21,16,10,224,156,327,234,40,13
"G3800130","1970","2","4","North Dakota","38","Burke","013",,,,,,,"Burke","1",,"02",0,42,81,68,579,163,306,110,16,28,0,34,28,25,425,166,395,216,50,4
"G3800150","1970","2","4","North Dakota","38","Burleigh","015",,,,,,,"Burleigh","1",,"02",82,263,368,441,2190,901,2389,1606,888,659,72,356,360,347,1967,912,3474,2268,709,238
"G3800170","1970","2","4","North Dakota","38","Cass","017",,,,,"2520",,"Cass","0",,"04",63,282,463,613,3423,1916,4735,2888,1570,1620,67,197,503,441,2807,2125,6711,4008,1482,505
"G3800190","1970","2","4","North Dakota","38","Cavalier","019",,,,,,,"Cavalier","1",,"03",9,113,124,120,865,226,581,213,58,42,5,56,94,80,519,221,642,506,79,0
"G3800210","1970","2","4","North Dakota","38","Dickey","021",,,,,,,"Dickey","1",,"05",10,91,105,99,678,188,456,234,62,55,15,103,76,94,515,223,513,404,112,13
"G3800230","1970","2","4","North Dakota","38","Divide","023",,,,,,,"Divide","1",,"02",22,25,44,64,483,184,372,139,35,16,0,17,34,51,329,172,391,215,27,5
"G3800250","1970","2","4","North Dakota","38","Dunn","025",,,,,,,"Dunn","1",,"01",3,47,94,90,514,168,246,58,47,22,16,47,18,65,410,144,263,153,52,5
"G3800270","1970","2","4","North Dakota","38","Eddy","027",,,,,,,"Eddy","1",,"03",25,30,60,70,420,131,223,90,51,37,3,24,28,59,295,161,342,229,39,14
"G3800290","1970","2","4","North Dakota","38","Emmons","029",,,,,,,"Emmons","1",,"02",35,118,136,143,714,127,290,149,49,54,54,111,175,126,627,149,371,175,10,6
"G3800310","1970","2","4","North Dakota","38","Foster","031",,,,,,,"Foster","1",,"03",8,61,29,64,399,175,341,74,37,48,20,19,37,55,314,180,413,219,45,9
"G3800330","1970","2","4","North Dakota","38","Golden Valley","033",,,,,,,"Golden Valley","1",,"01",6,14,30,33,209,143,172,35,40,6,0,17,16,16,152,114,216,176,38,0
"G3800350","1970","2","4","North Dakota","38","Grand Forks","035",,,,,,,"Grand Forks","1",,"04",47,216,380,458,2631,1376,3999,1799,1202,1436,19,186,408,212,2373,1563,4572,2616,1174,385
"G3800370","1970","2","4","North Dakota","38","Grant","037",,,,,,,"Grant","1",,"01",20,82,54,121,569,133,313,42,46,0,17,45,111,55,417,141,323,177,17,0
"G3800390","1970","2","4","North Dakota","38","Griggs","039",,,,,,,"Griggs","1",,"03",4,42,98,71,492,162,274,121,27,46,0,17,31,83,373,104,347,172,50,11
"G3800410","1970","2","4","North Dakota","38","Hettinger","041",,,,,,,"Hettinger","1",,"01",4,55,110,103,420,132,281,80,69,69,11,93,86,98,304,108,350,189,56,37
"G3800430","1970","2","4","North Dakota","38","Kidder","043",,,,,,,"Kidder","1",,"02",6,82,110,105,441,131,227,71,30,15,4,69,96,48,348,141,318,109,10,0
"G3800450","1970","2","4","North Dakota","38","LaMoure","045",,,,,,,"La Moure","1",,"03",18,76,114,139,792,221,454,122,70,53,14,72,124,56,558,183,559,381,84,5
"G3800470","1970","2","4","North Dakota","38","Logan","047",,,,,,,"Logan","1",,"02",9,86,129,82,561,94,124,43,0,14,23,105,113,123,368,80,217,87,11,10
"G3800490","1970","2","4","North Dakota","38","McHenry","049",,,,,,,"Mc Henry","1",,"03",38,121,141,142,869,281,607,189,68,51,63,84,118,108,597,230,747,428,65,4
"G3800510","1970","2","4","North Dakota","38","McIntosh","051",,,,,,,"Mc Intosh","1",,"02",40,191,160,150,624,63,184,107,45,57,49,253,151,146,564,54,284,153,35,5
"G3800530","1970","2","4","North Dakota","38","McKenzie","053",,,,,,,"Mc Kenzie","1",,"01",11,36,39,86,686,209,412,116,70,30,10,41,34,30,360,255,485,334,35,7
"G3800550","1970","2","4","North Dakota","38","McLean","055",,,,,,,"Mc Lean","1",,"02",8,92,166,188,1208,320,726,236,101,118,34,94,173,145,795,314,852,587,129,16
"G3800570","1970","2","4","North Dakota","38","Mercer","057",,,,,,,"Mercer","1",,"01",26,158,185,148,618,186,302,84,30,38,17,165,205,144,553,153,310,151,56,0
"G3800590","1970","2","4","North Dakota","38","Morton","059",,,,,,,"Morton","1",,"01",92,224,363,328,1710,413,1084,436,210,180,118,297,300,285,1538,457,1306,676,197,51
"G3800610","1970","2","4","North Dakota","38","Mountrail","061",,,,,,,"Mountrail","1",,"02",20,84,122,174,771,296,620,160,62,71,21,41,68,96,463,347,738,400,72,5
"G3800630","1970","2","4","North Dakota","38","Nelson","063",,,,,,,"Nelson","1",,"03",23,81,63,66,769,184,431,140,43,45,0,48,81,88,476,198,514,303,50,9
"G3800650","1970","2","4","North Dakota","38","Oliver","065",,,,,,,"Oliver","1",,"01",4,34,40,50,273,77,109,35,11,0,9,17,26,16,218,80,113,53,14,0
"G3800670","1970","2","4","North Dakota","38","Pembina","067",,,,,,,"Pembina","1",,"04",18,98,180,242,875,426,743,255,119,88,3,79,183,90,721,364,941,588,93,10
"G3800690","1970","2","4","North Dakota","38","Pierce","069",,,,,,,"Pierce","1",,"03",26,82,129,121,542,167,342,154,60,41,16,76,80,107,478,188,393,334,90,12
"G3800710","1970","2","4","North Dakota","38","Ramsey","071",,,,,,,"Ramsey","1",,"03",15,97,147,197,896,390,901,453,215,148,42,94,178,115,690,466,1129,606,144,47
"G3800730","1970","2","4","North Dakota","38","Ransom","073",,,,,,,"Ransom","1",,"05",11,91,113,153,668,223,566,222,57,71,13,74,111,59,441,227,734,332,84,11
"G3800750","1970","2","4","North Dakota","38","Renville","075",,,,,,,"Renville","1",,"03",0,25,34,86,334,151,296,125,31,25,0,11,21,20,179,173,383,193,39,12
"G3800770","1970","2","4","North Dakota","38","Richland","077",,,,,,,"Richland","1",,"05",6,117,240,298,1601,456,961,600,206,190,22,109,203,178,1296,497,1301,903,233,32
"G3800790","1970","2","4","North Dakota","38","Rolette","079",,,,,,,"Rolette","1",,"03",139,232,212,175,633,316,418,126,132,74,97,174,203,76,495,446,608,260,111,41
"G3800810","1970","2","4","North Dakota","38","Sargent","081",,,,,,,"Sargent","1",,"05",4,55,81,112,645,154,470,115,62,13,11,8,62,56,450,207,487,278,35,0
"G3800830","1970","2","4","North Dakota","38","Sheridan","083",,,,,,,"Sheridan","1",,"02",33,45,106,82,390,99,151,44,11,20,8,27,80,76,303,85,216,124,20,5
"G3800850","1970","2","4","North Dakota","38","Sioux","085",,,,,,,"Sioux","1",,"01",20,47,75,38,214,88,162,67,24,38,5,22,27,41,167,175,213,60,24,11
"G3800870","1970","2","4","North Dakota","38","Slope","087",,,,,,,"Slope","1",,"01",0,4,13,10,131,78,108,35,8,4,0,14,4,3,72,35,103,75,22,0
"G3800890","1970","2","4","North Dakota","38","Stark","089",,,,,,,"Stark","1",,"01",86,301,250,219,1241,419,971,397,182,242,119,316,259,224,1274,406,1088,667,224,89
"G3800910","1970","2","4","North Dakota","38","Steele","091",,,,,,,"Steele","1",,"03",12,15,29,54,391,110,375,111,28,8,12,6,19,32,223,104,386,198,45,9
"G3800930","1970","2","4","North Dakota","38","Stutsman","093",,,,,,,"Stutsman","1",,"03",85,306,468,341,2023,743,1398,501,237,263,99,212,341,254,1589,697,1922,1094,370,98
"G3800950","1970","2","4","North Dakota","38","Towner","095",,,,,,,"Towner","1",,"03",10,57,40,47,456,128,384,130,38,35,6,17,33,22,314,225,469,163,30,34
"G3800970","1970","2","4","North Dakota","38","Traill","097",,,,,,,"Traill","1",,"04",0,42,154,131,825,283,687,321,132,138,21,46,88,81,693,260,731,652,175,54
"G3800990","1970","2","4","North Dakota","38","Walsh","099",,,,,,,"Walsh","1",,"04",329,238,267,293,1488,476,923,343,145,142,287,164,260,171,1179,497,1224,711,158,24
"G3801010","1970","2","4","North Dakota","38","Ward","101",,,,,,,"Ward","1",,"03",40,204,424,568,2648,1511,4254,1951,1033,846,83,147,363,365,2157,1693,4868,2601,900,304
"G3801030","1970","2","4","North Dakota","38","Wells","103",,,,,,,"Wells","1",,"03",12,85,171,144,693,239,582,172,59,61,24,71,156,122,561,235,629,315,86,22
"G3801050","1970","2","4","North Dakota","38","Williams","105",,,,,"2520",,"Williams","1",,"02",14,85,131,172,1571,613,1462,573,160,187,19,70,117,122,1141,601,1837,969,163,51
"G3900010","1970","2","3","Ohio","39","Adams","001",,,,,,,"Adams","1",,"07",106,312,421,280,1684,718,1323,235,71,103,53,236,276,284,1803,1004,1433,258,115,28
"G3900030","1970","2","3","Ohio","39","Allen","003",,,,,"4320",,"Allen","0",,"O",233,723,1299,1276,3787,6035,10022,2137,1193,1216,178,472,1321,1181,3983,6992,12743,2242,1191,442
"G3900050","1970","2","3","Ohio","39","Ashland","005",,,,,,,"Ashland","1",,"04",74,138,316,408,1706,2234,3870,802,598,581,59,164,396,339,1654,2303,5209,970,710,201
"G3900070","1970","2","3","Ohio","39","Ashtabula","007",,,,,,,"Ashtabula","1",,"05",313,486,1048,1307,3431,6269,9211,1613,850,825,282,495,1046,1055,3160,6645,11762,2093,806,437
"G3900090","1970","2","3","Ohio","39","Athens","009",,,,,,,"Athens","1",,"08",76,327,446,336,1767,1848,3363,954,541,1377,98,192,493,212,1762,2276,4396,1297,899,632
"G3900110","1970","2","3","Ohio","39","Auglaize","011",,,,,"4320",,"Auglaize","1",,"02",24,165,294,308,1674,2239,3622,749,391,247,61,100,421,220,1504,2397,4832,819,304,101
"G3900130","1970","2","3","Ohio","39","Belmont","013",,,,,"9000",,"Belmont","1",,"J",323,917,1465,1160,4509,4269,7407,1050,608,612,426,802,1493,1322,4726,5051,9561,1271,515,259
"G3900150","1970","2","3","Ohio","39","Brown","015",,,,,"9000",,"Brown","1",,"07",73,193,467,418,1804,1412,1999,276,104,193,48,165,281,209,1694,1772,2664,468,141,134
"G3900170","1970","2","3","Ohio","39","Butler","017",,,,,"3200",,"Butler","0",,"D",519,2035,3433,2939,8164,11248,16009,4397,2559,3241,356,1484,3354,3151,9207,13887,20610,4008,2589,1374
"G3900190","1970","2","3","Ohio","39","Carroll","019",,,,,,,"Carroll","1",,"06",29,158,299,200,1143,1290,2065,263,127,123,36,43,207,158,1110,1399,2360,419,178,71
"G3900210","1970","2","3","Ohio","39","Champaign","021",,,,,"3200",,"Champaign","1",,"03",51,221,354,304,1155,1735,3137,495,257,194,49,125,304,318,1216,2014,3726,657,235,92
"G3900230","1970","2","3","Ohio","39","Clark","023",,,,,"7960",,"Clark","0",,"N",296,897,2052,1866,5469,8966,13108,3236,1762,1795,249,774,1884,1692,5938,11227,17133,3091,1670,781
"G3900250","1970","2","3","Ohio","39","Clermont","025",,,,,"1640",,"Clermont","1",,"07",220,691,1344,1429,4204,5597,6263,1753,712,882,157,519,1086,1262,4325,6278,8462,1573,716,324
"G3900270","1970","2","3","Ohio","39","Clinton","027",,,,,,,"Clinton","1",,"03",67,153,379,261,1455,1414,2831,667,363,328,57,161,347,238,1333,1528,3697,763,435,146
"G3900290","1970","2","3","Ohio","39","Columbiana","029",,,,,,,"Columbiana","1",,"05",229,733,1630,1768,5099,6264,9625,1623,897,707,309,662,1421,1547,5344,7151,12197,2101,883,427
"G3900310","1970","2","3","Ohio","39","Coshocton","031",,,,,,,"Coshocton","1",,"06",48,161,362,315,1637,2004,3312,636,327,222,36,156,318,238,1655,2270,4237,734,317,99
"G3900330","1970","2","3","Ohio","39","Crawford","033",,,,,"1640",,"Crawford","1",,"02",87,236,451,286,2194,2609,5125,909,569,436,63,262,479,357,2155,2917,6260,1174,562,194
"G3900350","1970","2","3","Ohio","39","Cuyahoga","035",,,,,"1680",,"Cuyahoga","0",,"E",5691,14172,24048,15881,46674,102023,128559,45691,33242,31723,8218,14872,28097,16935,56685,114937,191118,45343,28243,13717
"G3900370","1970","2","3","Ohio","39","Darke","037",,,,,,,"Darke","1",,"03",79,218,484,511,2703,2622,4569,765,398,339,59,162,325,408,2817,3018,5751,1007,436,124
"G3900390","1970","2","3","Ohio","39","Defiance","039",,,,,"1680",,"Defiance","1",,"01",47,176,342,368,1397,1703,3332,677,396,328,55,160,325,335,1375,1994,3838,863,398,149
"G3900410","1970","2","3","Ohio","39","Delaware","041",,,,,"1840",,"Delaware","1",,"03",38,162,479,315,1233,1977,3844,1129,608,777,50,157,288,198,1284,2326,4726,1242,763,380
"G3900430","1970","2","3","Ohio","39","Erie","043",,,,,,,"Erie","1",,"04",131,377,874,647,2473,4345,6967,1695,1064,930,118,315,674,596,2374,4451,9156,1907,932,281
"G3900450","1970","2","3","Ohio","39","Fairfield","045",,,,,,,"Fairfield","1",,"06",78,295,752,571,3088,3778,7371,1374,841,662,97,191,627,438,2953,4724,8951,1868,738,262
"G3900470","1970","2","3","Ohio","39","Fayette","047",,,,,"1840",,"Fayette","1",,"03",105,212,413,417,1074,1549,2263,380,246,144,40,112,347,223,1302,1831,2906,542,231,37
"G3900490","1970","2","3","Ohio","39","Franklin","049",,,,,"1840",,"Franklin","0",,"B",1830,4516,8097,6953,18445,38522,59994,23331,16823,20437,1584,3559,8184,6097,21059,46816,89722,25039,16493,7996
"G3900510","1970","2","3","Ohio","39","Fulton","051",,,,,,,"Fulton","1",,"01",63,115,257,168,1380,1664,3485,543,262,232,64,83,256,200,1459,1642,4083,736,315,116
"G3900530","1970","2","3","Ohio","39","Gallia","053",,,,,"1840",,"Gallia","1",,"08",554,488,514,288,1358,1113,1764,341,208,194,523,387,489,340,1404,1424,2150,487,218,93
"G3900550","1970","2","3","Ohio","39","Geauga","055",,,,,"1680",,"Geauga","1",,"05",77,207,439,546,1944,3050,5070,1546,1428,1334,116,145,400,332,1891,3052,6827,1758,1361,510
"G3900570","1970","2","3","Ohio","39","Greene","057",,,,,"2000",,"Greene","1",,"C",235,462,1110,1155,3266,5226,9515,3001,2523,3518,193,415,833,870,3267,5917,13253,3329,2065,890
"G3900590","1970","2","3","Ohio","39","Guernsey","059",,,,,"2000",,"Guernsey","1",,"06",114,365,621,510,1959,2424,3292,556,305,327,122,149,475,591,2137,2478,4616,790,257,136
"G3900610","1970","2","3","Ohio","39","Hamilton","061",,,,,"1640",,"Hamilton","0",,"K",2379,8070,11821,9701,30591,46094,54742,24152,18284,21338,2459,7442,14064,10750,40465,60621,86742,24574,15426,8424
"G3900630","1970","2","3","Ohio","39","Hancock","063",,,,,,,"Hancock","1",,"02",110,164,407,510,1880,2631,5839,1642,1236,961,114,123,400,467,2003,3204,7847,1863,1020,322
"G3900650","1970","2","3","Ohio","39","Hardin","065",,,,,,,"Hardin","1",,"02",47,166,330,241,1469,1424,2719,533,261,356,38,124,182,210,1507,1656,3484,636,437,120
"G3900670","1970","2","3","Ohio","39","Harrison","067",,,,,,,"Harrison","1",,"06",63,101,204,195,1171,976,1592,214,51,101,25,64,176,161,1031,1059,2108,290,155,77
"G3900690","1970","2","3","Ohio","39","Henry","069",,,,,,,"Henry","1",,"01",19,143,331,197,1540,1244,2667,351,226,243,72,119,303,213,1440,1181,3269,614,245,70
"G3900710","1970","2","3","Ohio","39","Highland","071",,,,,,,"Highland","1",,"07",94,207,328,356,1824,1596,2591,437,145,250,52,110,320,248,1813,1889,3395,607,184,106
"G3900730","1970","2","3","Ohio","39","Hocking","073",,,,,,,"Hocking","1",,"08",13,189,223,209,1215,1191,1715,253,169,185,30,68,206,237,1113,1430,2203,320,143,78
"G3900750","1970","2","3","Ohio","39","Holmes","075",,,,,,,"Holmes","1",,"04",29,54,179,223,2293,946,1273,165,106,107,55,89,271,224,2127,992,1692,322,78,37
"G3900770","1970","2","3","Ohio","39","Huron","077",,,,,,,"Huron","1",,"04",79,260,491,537,2014,2490,4741,787,380,458,95,209,452,365,1827,2570,5961,1329,538,166
"G3900790","1970","2","3","Ohio","39","Jackson","079",,,,,"1640",,"Jackson","1",,"08",99,421,459,415,1560,1306,2087,307,193,203,88,290,585,404,1721,1737,2570,397,202,67
"G3900810","1970","2","3","Ohio","39","Jefferson","081",,,,,"8080",,"Jefferson","0",,"06",609,1049,1720,1593,4254,5299,8280,1616,710,767,486,777,1964,1423,4453,5943,11218,1355,725,404
"G3900830","1970","2","3","Ohio","39","Knox","083",,,,,"8080",,"Knox","1",,"06",138,137,297,269,1484,2199,4383,749,584,527,116,71,257,204,1746,2312,5574,1048,523,299
"G3900850","1970","2","3","Ohio","39","Lake","085",,,,,"1680",,"Lake","1",,"E",365,706,1524,1626,4610,11543,17658,5275,3366,2493,382,768,1477,1267,4765,11272,24395,4735,2368,833
"G3900870","1970","2","3","Ohio","39","Lawrence","087",,,,,"3400",,"Lawrence","1",,"L",187,887,1221,613,2355,2879,5019,832,450,277,182,647,1282,718,2632,3917,5628,809,387,190
"G3900890","1970","2","3","Ohio","39","Licking","089",,,,,,,"Licking","1",,"06",167,485,1188,961,3787,5870,10278,2238,1321,1242,167,296,827,758,3873,6901,12774,2527,1253,409
"G3900910","1970","2","3","Ohio","39","Logan","091",,,,,"3400",,"Logan","1",,"02",67,115,325,400,1344,1967,4078,545,268,207,17,89,284,338,1404,2500,4635,828,295,64
"G3900930","1970","2","3","Ohio","39","Lorain","093",,,,,"4440",,"Lorain","0",,"M",715,2017,3005,2672,7808,14771,21179,4736,2605,2821,754,1651,2855,2144,7683,15058,27408,5263,2575,1159
"G3900950","1970","2","3","Ohio","39","Lucas","095",,,,,"8400",,"Lucas","0",,"A",1103,3882,6281,5005,16388,27502,35430,12150,7330,7335,1524,3532,6332,5567,19142,30400,50687,12532,6806,3240
"G3900970","1970","2","3","Ohio","39","Madison","097",,,,,"8400",,"Madison","1",,"03",43,236,381,408,1707,2019,2508,508,156,169,29,136,297,263,1117,1714,2741,617,278,107
"G3900990","1970","2","3","Ohio","39","Mahoning","099",,,,,"9320",,"Mahoning","0",,"H",1557,2852,4843,3190,9327,18373,24328,7366,3875,3871,1672,3031,4899,3296,10329,19675,35074,7273,3215,1380
"G3901010","1970","2","3","Ohio","39","Marion","101",,,,,"9320",,"Marion","1",,"02",93,344,812,693,2324,3907,6416,1329,724,467,90,231,545,606,2299,4394,7348,1373,630,225
"G3901030","1970","2","3","Ohio","39","Medina","103",,,,,"1680",,"Medina","1",,"04",96,311,708,720,2407,4447,7807,1902,1364,908,124,226,666,538,2316,4566,10187,1874,992,258
"G3901050","1970","2","3","Ohio","39","Meigs","105",,,,,,,"Meigs","1",,"08",40,261,351,294,1261,1058,1680,259,93,69,42,195,356,354,1336,1292,1922,323,115,49
"G3901070","1970","2","3","Ohio","39","Mercer","107",,,,,"1680",,"Mercer","1",,"02",56,153,168,229,2208,1835,2782,444,313,307,60,115,251,235,1924,1845,3748,644,287,116
"G3901090","1970","2","3","Ohio","39","Miami","109",,,,,"2000",,"Miami","1",,"C",114,373,782,915,2970,4666,7975,1925,1062,871,74,337,707,726,3198,5418,9943,2264,924,287
"G3901110","1970","2","3","Ohio","39","Monroe","111",,,,,,,"Monroe","1",,"08",32,81,204,167,1093,745,1501,214,125,118,3,99,274,174,1110,823,1635,241,76,27
"G3901130","1970","2","3","Ohio","39","Montgomery","113",,,,,"2000",,"Montgomery","0",,"C",1218,4409,7618,6718,19279,29507,45497,14953,11938,11341,1227,3254,6530,6378,21823,35243,65747,16429,9348,3538
"G3901150","1970","2","3","Ohio","39","Morgan","115",,,,,,,"Morgan","1",,"08",27,76,141,121,790,621,1284,179,76,48,18,43,129,80,879,734,1355,288,69,56
"G3901170","1970","2","3","Ohio","39","Morrow","117",,,,,,,"Morrow","1",,"06",40,129,178,225,1024,1064,2340,344,116,100,44,89,123,115,819,1314,2647,426,184,57
"G3901190","1970","2","3","Ohio","39","Muskingum","119",,,,,,,"Muskingum","1",,"06",105,353,871,718,3565,4444,6664,1374,751,672,108,348,827,759,3596,5347,8905,1648,682,378
"G3901210","1970","2","3","Ohio","39","Noble","121",,,,,,,"Noble","1",,"08",4,51,106,154,620,624,1050,102,56,61,42,37,89,82,744,617,1161,155,64,35
"G3901230","1970","2","3","Ohio","39","Ottawa","123",,,,,,,"Ottawa","1",,"01",91,270,494,315,1609,2187,3194,880,383,348,179,194,426,395,1439,2249,4311,857,424,135
"G3901250","1970","2","3","Ohio","39","Paulding","125",,,,,,,"Paulding","1",,"01",17,62,173,196,862,1153,1758,328,90,108,27,55,181,134,864,968,2125,453,147,59
"G3901270","1970","2","3","Ohio","39","Perry","127",,,,,"2000",,"Perry","1",,"06",52,127,361,314,1720,1435,2562,238,120,142,35,109,274,289,1549,2031,2779,481,124,32
"G3901290","1970","2","3","Ohio","39","Pickaway","129",,,,,"1840",,"Pickaway","1",,"03",92,224,433,399,1591,2604,3722,690,389,339,95,188,304,323,1249,2550,4559,933,328,191
"G3901310","1970","2","3","Ohio","39","Pike","131",,,,,"1840",,"Pike","1",,"08",100,433,404,331,1146,686,1259,254,153,177,57,259,412,369,1068,1015,1404,301,269,88
"G3901330","1970","2","3","Ohio","39","Portage","133",,,,,"0080",,"Portage","1",,"05",209,548,1002,1258,3337,6260,8796,2412,1569,2445,257,376,863,901,3136,6364,11604,2406,1826,1126
"G3901350","1970","2","3","Ohio","39","Preble","135",,,,,"2000",,"Preble","1",,"03",52,261,411,576,1464,1908,3282,434,234,307,58,180,365,477,1486,2149,3966,582,299,101
"G3901370","1970","2","3","Ohio","39","Putnam","137",,,,,"4320",,"Putnam","1",,"01",70,141,250,261,1647,1456,2601,443,196,189,80,115,228,148,1287,1435,3289,684,227,139
"G3901390","1970","2","3","Ohio","39","Richland","139",,,,,"4800",,"Richland","0",,"04",265,935,1560,1581,5055,7308,11436,2261,1458,1159,236,703,1533,1185,5060,8148,14690,2462,1341,449
"G3901410","1970","2","3","Ohio","39","Ross","141",,,,,,,"Ross","1",,"07",161,618,1212,1059,3263,3935,5226,1111,642,542,150,366,666,604,2841,4066,5996,1077,603,194
"G3901430","1970","2","3","Ohio","39","Sandusky","143",,,,,,,"Sandusky","1",,"01",73,376,606,469,2373,3389,5810,1161,397,478,122,293,555,415,2315,3406,7271,1510,647,208
"G3901450","1970","2","3","Ohio","39","Scioto","145",,,,,,,"Scioto","1",,"08",272,1226,1595,1165,4277,3496,5528,1198,524,600,237,1124,1530,1434,5010,4651,7259,1395,618,245
"G3901470","1970","2","3","Ohio","39","Seneca","147",,,,,,,"Seneca","1",,"02",100,292,563,480,2690,2847,5389,1262,552,534,105,181,533,541,2414,3382,6735,1678,628,268
"G3901490","1970","2","3","Ohio","39","Shelby","149",,,,,"4800",,"Shelby","1",,"03",56,215,361,274,1776,2085,3335,588,313,240,64,147,386,327,1459,2191,4180,663,349,199
"G3901510","1970","2","3","Ohio","39","Stark","151",,,,,"1320",,"Stark","0",,"G",983,2418,4529,4314,14219,20252,33115,7210,4833,4055,1156,2124,4143,3900,15399,23284,43932,7838,4092,1434
"G3901530","1970","2","3","Ohio","39","Summit","153",,,,,"0080",,"Summit","0",,"F",1295,3590,6212,4979,16473,30689,43136,14468,10533,9330,1641,3167,6540,5083,18327,35157,61780,14734,8043,3318
"G3901550","1970","2","3","Ohio","39","Trumbull","155",,,,,"9320",,"Trumbull","0",,"H",749,1599,2955,2382,7013,13937,21458,4558,2489,2430,814,1593,2796,2101,7191,14713,27822,4734,2317,823
"G3901570","1970","2","3","Ohio","39","Tuscarawas","157",,,,,,,"Tuscarawas","1",,"06",132,377,936,1106,3721,4238,7357,1350,624,618,164,349,843,790,4045,4926,9610,1362,524,204
"G3901590","1970","2","3","Ohio","39","Union","159",,,,,"9320",,"Union","1",,"02",36,64,321,164,968,1262,2377,408,205,256,13,43,230,218,947,1623,2852,654,334,84
"G3901610","1970","2","3","Ohio","39","Van Wert","161",,,,,"4320",,"Van Wert","1",,"01",26,92,238,224,1380,1426,3028,714,302,222,15,97,238,226,1413,1545,4024,713,258,97
"G3901630","1970","2","3","Ohio","39","Vinton","163",,,,,"4320",,"Vinton","1",,"08",14,84,229,191,663,380,713,118,48,80,6,50,171,164,681,533,777,143,56,46
"G3901650","1970","2","3","Ohio","39","Warren","165",,,,,"1640",,"Warren","1",,"03",172,828,1372,1369,3499,4135,6274,1551,638,676,189,495,956,1021,3572,5081,7202,1369,785,371
"G3901670","1970","2","3","Ohio","39","Washington","167",,,,,,,"Washington","1",,"08",66,242,519,453,2614,2748,5320,1151,753,683,82,209,550,456,2739,3057,6788,1277,689,281
"G3901690","1970","2","3","Ohio","39","Wayne","169",,,,,,,"Wayne","1",,"04",204,310,812,1098,3849,4298,7266,1303,1003,1282,145,284,663,862,3853,4250,9456,1901,1096,506
"G3901710","1970","2","3","Ohio","39","Williams","171",,,,,"1640",,"Williams","1",,"01",56,96,247,330,1529,1630,3460,682,362,315,60,61,197,205,1480,2039,4063,963,357,123
"G3901730","1970","2","3","Ohio","39","Wood","173",,,,,"8400",,"Wood","1",,"01",162,335,724,812,2670,3919,7137,1658,1197,1655,151,322,557,582,2420,4376,9537,2253,1219,701
"G3901750","1970","2","3","Ohio","39","Wyandot","175",,,,,"8400",,"Wyandot","1",,"02",27,61,157,209,1011,1095,2207,441,141,123,14,73,164,175,1177,1127,2678,604,191,34
"G4000010","1970","3","7","Oklahoma","40","Adair","001",,,,,,,"Adair","1",,"10",230,510,537,280,740,719,620,160,89,72,113,370,478,298,930,889,856,171,112,98
"G4000030","1970","3","7","Oklahoma","40","Alfalfa","003",,,,,,,"Alfalfa","1",,"02",5,67,51,82,477,327,706,241,151,88,5,30,85,48,484,397,942,390,154,65
"G4000050","1970","3","7","Oklahoma","40","Atoka","005",,,,,,,"Atoka","1",,"09",134,407,405,240,680,597,576,157,52,95,79,223,389,254,570,806,560,123,59,53
"G4000070","1970","3","7","Oklahoma","40","Beaver","007",,,,,,,"Beaver","1",,"01",0,32,60,85,398,417,512,184,88,70,0,63,50,61,277,426,681,256,75,38
"G4000090","1970","3","7","Oklahoma","40","Beckham","009",,,,,,,"Beckham","1",,"04",96,302,335,272,844,951,1068,369,147,202,35,171,366,266,1196,1217,1544,433,181,122
"G4000110","1970","3","7","Oklahoma","40","Blaine","011",,,,,,,"Blaine","1",,"02",34,138,258,136,651,683,980,343,90,120,31,134,205,148,733,842,1155,355,113,78
"G4000130","1970","3","7","Oklahoma","40","Bryan","013",,,,,,,"Bryan","1",,"07",209,677,665,421,910,1268,1490,638,261,410,99,402,672,562,1176,1738,1796,777,332,359
"G4000150","1970","3","7","Oklahoma","40","Caddo","015",,,,,,,"Caddo","1",,"04",160,599,623,533,1328,1479,2027,577,233,203,132,369,597,609,1455,2081,2224,645,302,168
"G4000170","1970","3","7","Oklahoma","40","Canadian","017",,,,,"5880",,"Canadian","0",,"D",37,267,388,312,1197,1368,2848,1167,430,386,85,134,360,226,1092,1838,3738,967,403,160
"G4000190","1970","3","7","Oklahoma","40","Carter","019",,,,,,,"Carter","1",,"07",159,768,802,534,1405,1775,2628,1182,605,413,172,637,838,616,1617,2639,3737,1074,495,199
"G4000210","1970","3","7","Oklahoma","40","Cherokee","021",,,,,,,"Cherokee","1",,"10",167,550,551,299,1032,818,884,559,239,375,119,443,562,309,1063,1255,1232,464,320,249
"G4000230","1970","3","7","Oklahoma","40","Choctaw","023",,,,,,,"Choctaw","1",,"07",203,636,562,390,648,619,659,267,132,59,107,455,525,425,850,992,961,244,158,96
"G4000250","1970","3","7","Oklahoma","40","Cimarron","025",,,,,,,"Cimarron","1",,"01",10,67,5,48,191,199,361,150,64,59,5,18,6,88,165,277,414,189,43,18
"G4000270","1970","3","7","Oklahoma","40","Cleveland","027",,,,,"5880",,"Cleveland","0",,"B",96,652,728,713,1623,2729,4566,2904,1762,2911,97,370,605,639,1819,3559,6697,2811,1806,1275
"G4000290","1970","3","7","Oklahoma","40","Coal","029",,,,,"5880",,"Coal","1",,"06",50,173,171,89,324,254,258,153,29,40,41,196,177,121,358,313,354,138,51,36
"G4000310","1970","3","7","Oklahoma","40","Comanche","031",,,,,"4200",,"Comanche","0",,"04",148,595,960,587,1780,3258,7918,3396,1824,1245,209,445,1011,777,2202,4839,8226,2956,1290,672
"G4000330","1970","3","7","Oklahoma","40","Cotton","033",,,,,,,"Cotton","1",,"04",67,148,133,93,343,372,604,152,64,12,40,78,131,102,440,528,660,183,56,50
"G4000350","1970","3","7","Oklahoma","40","Craig","035",,,,,"4200",,"Craig","1",,"03",75,311,363,262,901,816,1203,252,130,138,59,142,257,229,1081,858,1650,460,159,80
"G4000370","1970","3","7","Oklahoma","40","Creek","037",,,,,"8560",,"Creek","1",,"C",250,960,1171,959,1793,2333,3196,803,304,357,105,644,1064,1012,2112,3264,4075,875,426,205
"G4000390","1970","3","7","Oklahoma","40","Custer","039",,,,,,,"Custer","1",,"01",66,235,259,238,789,825,1542,745,352,445,101,173,271,159,911,1115,1852,836,376,304
"G4000410","1970","3","7","Oklahoma","40","Delaware","041",,,,,,,"Delaware","1",,"10",86,501,477,319,1237,888,1060,325,165,126,58,246,362,346,1210,1160,1533,406,127,100
"G4000430","1970","3","7","Oklahoma","40","Dewey","043",,,,,,,"Dewey","1",,"01",36,69,128,75,407,287,492,126,59,49,14,48,58,72,454,386,600,215,37,35
"G4000450","1970","3","7","Oklahoma","40","Ellis","045",,,,,,,"Ellis","1",,"01",34,73,136,105,350,207,362,151,63,53,64,51,70,125,298,307,564,162,74,39
"G4000470","1970","3","7","Oklahoma","40","Garfield","047",,,,,,,"Garfield","1",,"02",130,387,488,457,2189,2444,4710,1888,1095,735,157,303,483,530,2488,2966,6078,2333,1186,402
"G4000490","1970","3","7","Oklahoma","40","Garvin","049",,,,,,,"Garvin","1",,"05",172,559,587,419,1221,1356,1693,591,271,215,181,381,648,430,1513,1728,2088,705,275,147
"G4000510","1970","3","7","Oklahoma","40","Grady","051",,,,,,,"Grady","1",,"04",112,556,668,479,1286,1512,2151,670,252,365,45,389,593,540,1425,2193,2442,940,508,228
"G4000530","1970","3","7","Oklahoma","40","Grant","053",,,,,,,"Grant","1",,"02",23,25,68,96,395,348,822,282,81,82,7,40,5,74,430,439,1003,363,76,60
"G4000550","1970","3","7","Oklahoma","40","Greer","055",,,,,,,"Greer","1",,"04",35,110,251,132,408,517,557,184,77,108,18,112,213,165,499,635,717,281,72,59
"G4000570","1970","3","7","Oklahoma","40","Harmon","057",,,,,,,"Harmon","1",,"04",49,153,152,108,260,283,272,76,19,96,59,84,134,126,237,388,451,141,71,50
"G4000590","1970","3","7","Oklahoma","40","Harper","059",,,,,,,"Harper","1",,"01",39,63,62,54,364,204,467,127,86,40,12,15,44,45,306,269,586,251,60,34
"G4000610","1970","3","7","Oklahoma","40","Haskell","061",,,,,,,"Haskell","1",,"08",61,362,313,203,611,401,481,179,47,63,46,274,357,256,577,692,525,100,102,36
"G4000630","1970","3","7","Oklahoma","40","Hughes","063",,,,,,,"Hughes","1",,"06",130,418,488,251,707,689,808,208,91,93,82,276,356,432,846,1072,1137,254,155,76
"G4000650","1970","3","7","Oklahoma","40","Jackson","065",,,,,,,"Jackson","1",,"04",104,386,366,374,698,1103,2700,868,427,325,111,276,387,435,854,1801,2609,938,346,198
"G4000670","1970","3","7","Oklahoma","40","Jefferson","067",,,,,,,"Jefferson","1",,"07",79,250,197,143,354,371,447,156,68,89,55,86,187,158,366,658,748,119,104,37
"G4000690","1970","3","7","Oklahoma","40","Johnston","069",,,,,,,"Johnston","1",,"07",69,275,360,106,494,261,335,172,78,73,53,203,270,142,514,607,379,146,110,27
"G4000710","1970","3","7","Oklahoma","40","Kay","071",,,,,,,"Kay","1",,"02",103,315,570,471,2010,2248,3662,1988,1194,909,62,269,566,541,2176,2864,5499,2374,975,401
"G4000730","1970","3","7","Oklahoma","40","Kingfisher","073",,,,,,,"Kingfisher","1",,"02",43,105,126,155,781,605,1193,372,100,103,36,151,150,116,711,767,1331,425,171,99
"G4000750","1970","3","7","Oklahoma","40","Kiowa","075",,,,,,,"Kiowa","1",,"04",68,295,257,178,617,655,1050,315,83,141,23,257,279,175,806,900,1281,385,151,104
"G4000770","1970","3","7","Oklahoma","40","Latimer","077",,,,,"8560",,"Latimer","1",,"09",74,305,219,174,430,330,357,192,85,94,40,207,233,196,433,494,555,191,59,43
"G4000790","1970","3","7","Oklahoma","40","Le Flore","079",,,,,"2720",,"Le Flore","1",,"09",290,1032,1006,657,1497,1254,1809,737,270,214,170,940,1035,750,1846,2055,2053,622,283,129
"G4000810","1970","3","7","Oklahoma","40","Lincoln","081",,,,,,,"Lincoln","1",,"05",67,342,438,312,1340,863,1441,395,131,231,59,223,360,393,1267,1143,1936,526,205,134
"G4000830","1970","3","7","Oklahoma","40","Logan","083",,,,,,,"Logan","1",,"05",46,240,377,246,915,992,1381,504,206,201,28,172,297,298,1050,1269,1912,564,221,231
"G4000850","1970","3","7","Oklahoma","40","Love","085",,,,,,,"Love","1",,"07",29,168,178,132,252,301,369,101,52,43,29,113,115,105,367,422,502,61,46,28
"G4000870","1970","3","7","Oklahoma","40","McClain","087",,,,,,,"Mc Clain","1",,"05",66,289,383,249,739,730,950,342,125,101,27,167,289,272,806,974,1263,322,100,80
"G4000890","1970","3","7","Oklahoma","40","McCurtain","089",,,,,,,"Mc Curtain","1",,"09",257,1300,869,555,1274,1028,1459,381,224,129,201,889,984,698,1299,1694,1772,384,238,91
"G4000910","1970","3","7","Oklahoma","40","McIntosh","091",,,,,,,"Mc Intosh","1",,"08",137,377,391,247,730,570,696,239,86,109,55,356,562,239,682,735,970,220,148,49
"G4000930","1970","3","7","Oklahoma","40","Major","093",,,,,,,"Major","1",,"02",22,52,122,98,442,407,723,161,101,86,21,51,113,114,517,448,765,271,91,45
"G4000950","1970","3","7","Oklahoma","40","Marshall","095",,,,,,,"Marshall","1",,"07",40,224,212,221,395,391,381,221,87,96,74,129,204,203,460,615,654,238,63,65
"G4000970","1970","3","7","Oklahoma","40","Mayes","097",,,,,,,"Mayes","1",,"03",103,496,468,415,1264,1158,1760,556,209,207,64,334,460,451,1315,1538,2128,619,176,83
"G4000990","1970","3","7","Oklahoma","40","Murray","099",,,,,,,"Murray","1",,"07",54,224,391,217,519,597,689,271,122,115,15,152,299,295,527,825,858,294,110,88
"G4001010","1970","3","7","Oklahoma","40","Muskogee","101",,,,,,,"Muskogee","1",,"08",347,1294,1341,609,2317,2799,3678,1616,866,554,224,824,1371,971,2859,4247,5394,1669,813,464
"G4001030","1970","3","7","Oklahoma","40","Noble","103",,,,,,,"Noble","1",,"02",74,144,176,139,501,420,778,370,117,157,77,114,99,105,663,607,1079,329,135,48
"G4001050","1970","3","7","Oklahoma","40","Nowata","105",,,,,,,"Nowata","1",,"03",107,190,265,206,633,534,695,151,69,64,37,134,282,140,690,765,878,251,89,20
"G4001070","1970","3","7","Oklahoma","40","Okfuskee","107",,,,,"2720",,"Okfuskee","1",,"06",43,421,357,218,431,545,587,153,88,67,35,248,353,222,615,706,826,222,104,76
"G4001090","1970","3","7","Oklahoma","40","Oklahoma","109",,,,,"5880",,"Oklahoma","0",,"B",1099,3795,5689,5193,12432,23553,36694,21423,11899,10531,1163,3203,5312,5139,14204,30849,56348,20944,9812,5036
"G4001110","1970","3","7","Oklahoma","40","Okmulgee","111",,,,,"5880",,"Okmulgee","1",,"08",181,833,913,511,1331,1817,2258,835,333,336,198,671,924,554,1747,2543,3071,888,266,275
"G4001130","1970","3","7","Oklahoma","40","Osage","113",,,,,"8560",,"Osage","0",,"A",110,486,624,456,1332,1558,2307,769,426,380,75,367,593,467,1344,2195,3193,844,326,78
"G4001150","1970","3","7","Oklahoma","40","Ottawa","115",,,,,,,"Ottawa","1",,"03",73,477,532,415,1401,1257,1957,1055,318,311,82,371,635,496,1471,1796,2949,942,354,199
"G4001170","1970","3","7","Oklahoma","40","Pawnee","117",,,,,,,"Pawnee","1",,"05",57,169,205,191,759,535,888,262,131,136,22,158,179,225,818,789,1147,326,89,44
"G4001190","1970","3","7","Oklahoma","40","Payne","119",,,,,,,"Payne","1",,"05",53,376,552,460,1336,1222,2286,1574,886,2084,78,294,474,423,1631,1819,3457,1859,1060,832
"G4001210","1970","3","7","Oklahoma","40","Pittsburg","121",,,,,,,"Pittsburg","1",,"09",227,966,900,732,1622,2328,2624,1150,346,325,210,726,903,656,1803,2356,3297,948,337,212
"G4001230","1970","3","7","Oklahoma","40","Pontotoc","123",,,,,,,"Pontotoc","1",,"06",107,656,730,344,999,1253,1598,860,393,480,93,478,675,588,1337,1606,2311,930,452,411
"G4001250","1970","3","7","Oklahoma","40","Pottawatomie","125",,,,,,,"Pottawatomie","1",,"05",162,603,879,582,1841,2069,3267,1014,530,492,147,536,909,726,2279,2743,4318,1217,488,229
"G4001270","1970","3","7","Oklahoma","40","Pushmataha","127",,,,,,,"Pushmataha","1",,"09",74,319,333,202,584,386,476,168,74,55,31,309,263,217,548,634,647,194,110,20
"G4001290","1970","3","7","Oklahoma","40","Roger Mills","129",,,,,,,"Roger Mills","1",,"01",13,117,92,111,331,243,301,89,66,5,0,49,50,74,285,399,476,99,19,25
"G4001310","1970","3","7","Oklahoma","40","Rogers","131",,,,,,,"Rogers","1",,"03",81,398,419,548,1219,1502,2231,797,330,215,74,226,389,554,1278,1771,3020,661,217,114
"G4001330","1970","3","7","Oklahoma","40","Seminole","133",,,,,"8560",,"Seminole","1",,"06",242,695,611,458,1125,1329,1597,575,196,210,282,458,602,537,1339,1913,2115,628,215,158
"G4001350","1970","3","7","Oklahoma","40","Sequoyah","135",,,,,"2720",,"Sequoyah","1",,"08",169,693,652,433,1056,1055,1112,460,152,215,191,565,589,484,1122,1424,1501,338,180,139
"G4001370","1970","3","7","Oklahoma","40","Stephens","137",,,,,,,"Stephens","1",,"07",121,547,652,561,1400,1982,3008,901,592,341,88,350,584,605,1671,2878,3891,1128,445,124
"G4001390","1970","3","7","Oklahoma","40","Texas","139",,,,,,,"Texas","1",,"01",50,143,181,147,642,742,1172,573,248,233,22,80,111,101,663,963,1391,630,276,99
"G4001410","1970","3","7","Oklahoma","40","Tillman","141",,,,,"2720",,"Tillman","1",,"04",90,270,261,249,455,663,817,374,124,105,117,161,333,254,631,970,1079,385,138,79
"G4001430","1970","3","7","Oklahoma","40","Tulsa","143",,,,,"8560",,"Tulsa","0",,"A",1013,3176,4335,3624,9874,17216,30891,14676,9920,8293,844,2383,4142,4024,11554,22949,45789,15679,7053,3110
"G4001450","1970","3","7","Oklahoma","40","Wagoner","145",,,,,,,"Wagoner","1",,"08",104,540,525,273,966,1192,1481,516,159,110,74,370,368,343,926,1600,1990,481,118,62
"G4001470","1970","3","7","Oklahoma","40","Washington","147",,,,,,,"Washington","1",,"03",85,267,457,341,1016,1475,3264,1625,1809,1381,116,220,414,428,1322,1891,5232,2055,1225,372
"G4001490","1970","3","7","Oklahoma","40","Washita","149",,,,,,,"Washita","1",,"04",0,154,268,252,634,660,993,300,148,97,12,101,217,241,736,848,1163,362,164,72
"G4001510","1970","3","7","Oklahoma","40","Woods","151",,,,,,,"Woods","1",,"01",15,113,135,139,684,387,709,483,230,237,16,28,74,110,744,617,983,508,336,193
"G4001530","1970","3","7","Oklahoma","40","Woodward","153",,,,,"8560",,"Woodward","1",,"01",23,110,215,228,773,788,1469,458,220,160,40,97,168,172,804,1047,1678,593,150,73
"G4100010","1970","4","9","Oregon","41","Baker","001",,,,,,,"Baker","1",,"04",39,64,178,131,818,857,1332,461,198,172,22,65,100,86,656,1058,1603,575,222,140
"G4100030","1970","4","9","Oregon","41","Benton","003",,,,,,,"Benton","1",,"02",54,73,193,337,1102,1328,2668,1704,1107,3059,48,79,130,219,858,1518,4188,2122,1465,1366
"G4100050","1970","4","9","Oregon","41","Clackamas","005",,,,,"6440",,"Clackamas","0",,"A",245,741,1335,1491,5866,7512,13162,5959,3751,3780,267,520,804,1031,4927,8214,19368,6864,3278,1727
"G4100070","1970","4","9","Oregon","41","Clatsop","007",,,,,,,"Clatsop","1",,"01",69,174,346,345,1184,1637,2539,900,352,485,77,144,208,303,1140,1935,3218,1059,408,232
"G4100090","1970","4","9","Oregon","41","Columbia","009",,,,,,,"Columbia","1",,"01",72,223,369,416,1440,1527,2451,706,306,311,65,97,250,245,1104,1711,3198,716,278,201
"G4100110","1970","4","9","Oregon","41","Coos","011",,,,,,,"Coos","1",,"01",123,398,669,823,2629,3311,4814,1440,526,706,83,291,469,720,2261,3744,5531,1457,651,355
"G4100130","1970","4","9","Oregon","41","Crook","013",,,,,,,"Crook","1",,"04",20,78,138,114,510,519,982,271,104,95,4,26,52,103,511,560,1107,357,110,27
"G4100150","1970","4","9","Oregon","41","Curry","015",,,,,,,"Curry","1",,"01",11,87,118,226,714,855,1188,343,121,158,12,40,54,129,390,980,1480,396,149,82
"G4100170","1970","4","9","Oregon","41","Deschutes","017",,,,,,,"Deschutes","1",,"04",54,163,245,268,1227,1543,2892,1118,498,461,47,89,187,203,1003,1656,3636,1369,470,229
"G4100190","1970","4","9","Oregon","41","Douglas","019",,,,,,,"Douglas","1",,"01",134,389,929,1104,3281,4574,5743,1576,812,959,88,252,489,649,2569,4772,7668,1860,775,405
"G4100210","1970","4","9","Oregon","41","Gilliam","021",,,,,,,"Gilliam","1",,"03",8,24,29,7,58,80,242,107,31,40,0,6,5,5,68,89,309,96,35,28
"G4100230","1970","4","9","Oregon","41","Grant","023",,,,,,,"Grant","1",,"04",5,43,49,82,398,432,638,252,66,84,0,19,19,61,250,494,778,262,54,33
"G4100250","1970","4","9","Oregon","41","Harney","025",,,,,,,"Harney","1",,"04",17,18,111,74,367,420,690,200,142,88,0,17,66,71,278,398,692,306,73,33
"G4100270","1970","4","9","Oregon","41","Hood River","027",,,,,,,"Hood River","1",,"02",27,105,116,207,711,729,1185,376,144,165,15,61,112,91,505,866,1609,434,146,74
"G4100290","1970","4","9","Oregon","41","Jackson","029",,,,,,,"Jackson","1",,"01",135,464,1117,1124,3643,5492,8095,3283,1408,1553,83,308,561,769,3427,5873,10647,3479,1415,760
"G4100310","1970","4","9","Oregon","41","Jefferson","031",,,,,,,"Jefferson","1",,"04",14,50,75,90,343,454,664,286,125,128,27,35,82,62,222,500,908,272,110,17
"G4100330","1970","4","9","Oregon","41","Josephine","033",,,,,,,"Josephine","1",,"01",51,233,404,498,1895,2341,3140,1011,367,448,49,139,368,400,1781,2559,4117,1206,405,196
"G4100350","1970","4","9","Oregon","41","Klamath","035",,,,,,,"Klamath","1",,"04",115,396,413,479,1923,2357,4667,1935,786,625,89,171,302,281,1411,2928,5244,1807,744,272
"G4100370","1970","4","9","Oregon","41","Lake","037",,,,,"6440",,"Lake","1",,"04",12,49,67,103,331,345,548,166,133,99,6,8,40,26,203,389,653,309,54,46
"G4100390","1970","4","9","Oregon","41","Lane","039",,,,,"2400",,"Lane","0",,"B",261,919,1605,2002,7396,9680,16249,6532,3502,5791,206,658,995,1495,6384,10491,22294,7646,3578,2838
"G4100410","1970","4","9","Oregon","41","Lincoln","041",,,,,,,"Lincoln","1",,"01",74,166,351,421,1344,1508,2311,881,354,341,46,58,191,281,1155,1763,3286,959,340,145
"G4100430","1970","4","9","Oregon","41","Linn","043",,,,,,,"Linn","1",,"02",115,409,701,867,3516,3650,6172,2011,596,826,70,273,465,586,2977,4149,7768,2158,760,450
"G4100450","1970","4","9","Oregon","41","Malheur","045",,,,,"2400",,"Malheur","1",,"04",90,292,255,269,1037,985,1800,696,347,291,59,156,236,132,834,1209,2263,904,244,135
"G4100470","1970","4","9","Oregon","41","Marion","047",,,,,"7080",,"Marion","0",,"02",525,930,1323,1211,6091,6255,12040,5013,3180,2903,409,584,1045,941,5671,7397,17404,6234,2855,1332
"G4100490","1970","4","9","Oregon","41","Morrow","049",,,,,"7080",,"Morrow","1",,"03",4,40,27,44,184,271,424,185,57,47,3,24,18,33,161,232,551,178,64,35
"G4100510","1970","4","9","Oregon","41","Multnomah","051",,,,,"6440",,"Multnomah","0",,"A",1240,2856,4905,4962,19672,26750,44227,22181,11647,11063,1455,2274,4107,4500,20182,32229,67020,23695,10211,5454
"G4100530","1970","4","9","Oregon","41","Polk","053",,,,,"7080",,"Polk","0",,"02",86,239,322,433,1399,1466,2552,1001,572,870,46,97,259,362,1457,1670,3564,1300,646,439
"G4100550","1970","4","9","Oregon","41","Sherman","055",,,,,,,"Sherman","1",,"03",0,18,6,20,119,117,203,66,48,35,6,16,5,0,87,113,265,88,49,10
"G4100570","1970","4","9","Oregon","41","Tillamook","057",,,,,,,"Tillamook","1",,"01",11,109,223,203,1148,969,1690,311,234,240,22,46,162,125,808,1348,2019,479,237,97
"G4100590","1970","4","9","Oregon","41","Umatilla","059",,,,,,,"Umatilla","1",,"03",279,375,423,511,2078,1998,4020,1515,588,595,210,156,309,304,1732,2505,4774,1966,713,337
"G4100610","1970","4","9","Oregon","41","Union","061",,,,,,,"Union","1",,"04",19,93,147,184,887,834,1732,609,284,342,23,27,137,119,703,1129,2044,719,301,189
"G4100630","1970","4","9","Oregon","41","Wallowa","063",,,,,,,"Wallowa","1",,"04",0,40,38,67,348,301,633,252,95,89,10,5,35,66,264,318,693,302,162,33
"G4100650","1970","4","9","Oregon","41","Wasco","065",,,,,"7080",,"Wasco","1",,"03",201,103,181,129,993,967,1896,651,312,263,151,105,148,169,706,1137,2568,662,260,129
"G4100670","1970","4","9","Oregon","41","Washington","067",,,,,"6440",,"Washington","0",,"A",311,402,805,993,4084,5041,12256,7177,4909,4477,160,394,574,826,3947,6133,18307,7363,4034,1531
"G4100690","1970","4","9","Oregon","41","Wheeler","069",,,,,,,"Wheeler","1",,"04",0,23,18,41,95,103,182,63,39,12,0,5,7,5,85,139,189,53,14,15
"G4100710","1970","4","9","Oregon","41","Yamhill","071",,,,,"6440",,"Yamhill","1",,"02",80,324,444,478,1914,1878,3072,1049,467,764,80,154,318,346,1648,2125,4344,1550,593,304
"G4200010","1970","1","2","Pennsylvania","42","Adams","001",,,,,"9280",,"Adams","1",,"07",151,359,868,658,3544,2556,4028,645,684,708,132,333,879,686,3630,2871,4927,1108,659,309
"G4200030","1970","1","2","Pennsylvania","42","Allegheny","003",,,,,"6280",,"Allegheny","0",,"D",6050,11432,23524,16811,52567,82870,133192,36166,34290,30626,7316,12593,26766,18702,66546,94937,199577,36822,24049,13933
"G4200050","1970","1","2","Pennsylvania","42","Armstrong","005",,,,,,,"Armstrong","1",,"01",193,619,1082,1369,5213,3755,6487,818,539,509,224,519,890,1189,5180,4061,8560,1307,696,165
"G4200070","1970","1","2","Pennsylvania","42","Beaver","007",,,,,"6280",,"Beaver","1",,"D",936,2156,3254,2706,8378,11666,18802,3830,2507,1768,1185,1710,3161,2504,8481,13055,24549,3831,2093,873
"G4200090","1970","1","2","Pennsylvania","42","Bedford","009",,,,,"6280",,"Bedford","1",,"05",49,363,835,514,2793,2070,3719,458,283,275,82,285,825,387,2560,2374,4691,817,361,64
"G4200110","1970","1","2","Pennsylvania","42","Berks","011",,,,,"6680",,"Berks","0",,"L",705,2213,6086,5816,14674,17171,23705,5227,3698,3279,1219,2298,6662,5564,17206,20235,30764,5016,3393,1306
"G4200130","1970","1","2","Pennsylvania","42","Blair","013",,,,,"0280",,"Blair","0",,"F",307,821,2173,2040,6016,7244,12582,2234,1250,1100,363,797,2562,2068,6564,9133,17509,2141,1222,530
"G4200150","1970","1","2","Pennsylvania","42","Bradford","015",,,,,"0280",,"Bradford","1",,"02",106,214,531,471,2539,3181,5510,907,580,582,231,198,453,419,2123,3116,7079,1493,783,192
"G4200170","1970","1","2","Pennsylvania","42","Bucks","017",,,,,"6160",,"Bucks","1",,"B",742,1385,3862,3979,11291,21411,33465,10505,9309,7854,886,1310,3697,3210,12052,23411,46793,9579,6159,2559
"G4200190","1970","1","2","Pennsylvania","42","Butler","019",,,,,"6160",,"Butler","1",,"01",250,550,1182,1239,6034,6212,11427,2587,1509,1472,274,501,979,994,5597,6439,15047,3259,1532,688
"G4200210","1970","1","2","Pennsylvania","42","Cambria","021",,,,,"3680",,"Cambria","0",,"E",1094,2062,4185,3446,8399,8305,15471,2088,1922,1543,1118,2109,3794,3342,9560,9641,21282,2616,1455,732
"G4200230","1970","1","2","Pennsylvania","42","Cameron","023",,,,,,,"Cameron","1",,"03",5,22,60,105,315,348,705,114,94,47,13,53,55,59,325,466,908,147,59,31
"G4200250","1970","1","2","Pennsylvania","42","Carbon","025",,,,,,,"Carbon","1",,"06",177,519,961,785,2642,3084,5005,477,374,290,234,476,1284,844,2965,3376,5902,967,426,101
"G4200270","1970","1","2","Pennsylvania","42","Centre","027",,,,,"3680",,"Centre","1",,"05",99,297,525,559,2958,2921,6164,1630,1728,4510,104,200,476,451,2872,3231,8432,2472,2283,1568
"G4200290","1970","1","2","Pennsylvania","42","Chester","029",,,,,"6160",,"Chester","1",,"B",1292,1587,3132,2798,7440,11877,20128,7214,8483,7266,1129,1194,2931,2388,7060,12986,29876,8986,6788,2718
"G4200310","1970","1","2","Pennsylvania","42","Clarion","031",,,,,,,"Clarion","1",,"04",46,198,423,489,2572,1648,2948,521,344,462,38,169,361,380,2215,1590,4342,777,464,177
"G4200330","1970","1","2","Pennsylvania","42","Clearfield","033",,,,,,,"Clearfield","1",,"04",266,577,1234,1505,4624,3564,6235,934,554,509,174,567,1102,1045,4629,4290,8603,1357,537,214
"G4200350","1970","1","2","Pennsylvania","42","Clinton","035",,,,,,,"Clinton","1",,"03",55,142,389,324,1731,2088,3695,604,350,387,35,143,379,207,1528,2642,4405,761,474,246
"G4200370","1970","1","2","Pennsylvania","42","Columbia","037",,,,,,,"Columbia","1",,"06",115,287,657,609,2404,3061,5539,749,544,508,147,300,578,635,2350,3572,6791,1264,628,221
"G4200390","1970","1","2","Pennsylvania","42","Crawford","039",,,,,"6160",,"Crawford","1",,"01",134,236,655,724,3616,4263,7974,1613,956,838,93,260,498,593,3294,4815,10383,2262,981,402
"G4200410","1970","1","2","Pennsylvania","42","Cumberland","041",,,,,"3240",,"Cumberland","1",,"H",226,659,1435,1401,5745,6432,13819,3515,3725,3074,112,440,1542,1300,6255,8016,19403,4269,2681,1133
"G4200430","1970","1","2","Pennsylvania","42","Dauphin","043",,,,,"3240",,"Dauphin","0",,"H",624,1509,3182,2334,7751,12499,21272,4004,3284,3061,679,1444,3909,2398,9138,15344,28959,4509,2785,1312
"G4200450","1970","1","2","Pennsylvania","42","Delaware","045",,,,,"6160",,"Delaware","1",,"B",1387,2882,6437,5606,14222,29561,47917,16164,16202,13956,1799,3432,7908,5796,17841,35894,75940,15629,11135,5300
"G4200470","1970","1","2","Pennsylvania","42","Elk","047",,,,,"6160",,"Elk","1",,"03",74,206,558,462,1445,2370,3360,593,418,243,105,156,340,414,1410,2141,4790,817,315,99
"G4200490","1970","1","2","Pennsylvania","42","Erie","049",,,,,"2360",,"Erie","0",,"A",602,1355,2497,1807,7996,14066,23825,6242,4519,2990,726,1278,2801,2055,8162,15087,32989,6431,3687,1213
"G4200510","1970","1","2","Pennsylvania","42","Fayette","051",,,,,,,"Fayette","1",,"04",747,2251,3363,2315,8699,7248,12660,2015,1242,976,743,1951,3447,2641,9294,8476,16570,2369,1359,492
"G4200530","1970","1","2","Pennsylvania","42","Forest","053",,,,,,,"Forest","1",,"03",23,44,76,94,401,254,468,79,10,20,20,18,85,30,264,277,658,123,26,0
"G4200550","1970","1","2","Pennsylvania","42","Franklin","055",,,,,,,"Franklin","1",,"07",183,638,1369,1157,6477,4631,8152,1415,1011,1135,144,466,1368,1224,6334,5873,10273,2067,1172,503
"G4200570","1970","1","2","Pennsylvania","42","Fulton","057",,,,,,,"Fulton","1",,"05",17,77,201,168,893,526,803,60,62,55,0,67,177,127,1002,551,919,92,46,36
"G4200590","1970","1","2","Pennsylvania","42","Greene","059",,,,,,,"Greene","1",,"04",122,513,608,805,2511,1364,2656,461,239,342,76,378,699,751,2711,1831,3387,617,317,152
"G4200610","1970","1","2","Pennsylvania","42","Huntingdon","061",,,,,,,"Huntingdon","1",,"05",144,343,484,529,2496,2133,3224,522,348,356,82,138,490,524,2290,2048,4309,676,531,127
"G4200630","1970","1","2","Pennsylvania","42","Indiana","063",,,,,,,"Indiana","1",,"04",185,632,1192,782,4556,2858,6458,879,814,909,256,433,966,641,4275,3446,8425,1516,930,612
"G4200650","1970","1","2","Pennsylvania","42","Jefferson","065",,,,,,,"Jefferson","1",,"04",115,282,550,660,3060,2089,3768,622,423,300,84,230,645,422,3065,2348,5519,944,385,131
"G4200670","1970","1","2","Pennsylvania","42","Juniata","067",,,,,"2360",,"Juniata","1",,"05",35,93,142,210,1579,654,1383,145,46,101,14,33,98,215,1459,848,1740,257,175,29
"G4200690","1970","1","2","Pennsylvania","42","Lackawanna","069",,,,,"7560",,"Lackawanna","0",,"C",1162,2609,4476,3602,8536,13498,19913,4751,2800,2339,1798,3176,5710,4211,10446,14730,29649,5350,2239,1098
"G4200710","1970","1","2","Pennsylvania","42","Lancaster","071",,,,,"4000",,"Lancaster","0",,"K",528,1229,3894,4325,19896,17100,21394,4350,4511,4008,468,1378,4150,4225,20695,19437,30360,5691,4267,1512
"G4200730","1970","1","2","Pennsylvania","42","Lawrence","073",,,,,,,"Lawrence","1",,"01",398,868,1377,1182,4334,6617,9444,2018,1070,996,470,842,1337,1127,4163,7432,12693,2438,1164,518
"G4200750","1970","1","2","Pennsylvania","42","Lebanon","075",,,,,"4000",,"Lebanon","1",,"07",260,576,1368,1497,4660,5832,9345,1186,1085,876,232,611,1675,1443,5044,6534,10993,1530,1087,319
"G4200770","1970","1","2","Pennsylvania","42","Lehigh","077",,,,,"0240",,"Lehigh","0",,"M",645,1242,4569,3878,10301,14109,22126,5147,4505,4144,656,1583,5027,4119,12965,16866,28071,5854,3344,1299
"G4200790","1970","1","2","Pennsylvania","42","Luzerne","079",,,,,"9120",,"Luzerne","0",,"G",1978,3797,7312,5428,13838,18886,31191,5890,3724,3111,2920,4897,9623,6067,16220,20893,44094,5944,3323,1334
"G4200810","1970","1","2","Pennsylvania","42","Lycoming","081",,,,,,,"Lycoming","1",,"03",146,379,1051,1164,4709,5832,10890,2104,1606,1243,188,293,1166,993,5052,7260,14494,2497,1322,506
"G4200830","1970","1","2","Pennsylvania","42","McKean","083",,,,,,,"Mc Kean","1",,"01",77,207,637,466,2521,2757,5262,738,645,437,129,279,503,522,2166,3120,6966,1427,705,183
"G4200850","1970","1","2","Pennsylvania","42","Mercer","085",,,,,,,"Mercer","1",,"01",404,697,1129,1108,5405,6621,11979,2374,1630,1426,484,566,1139,1030,5053,6500,16463,2895,1722,640
"G4200870","1970","1","2","Pennsylvania","42","Mifflin","087",,,,,,,"Mifflin","1",,"05",66,181,521,539,2435,2568,4407,427,376,304,30,237,475,512,2799,3213,5017,719,415,177
"G4200890","1970","1","2","Pennsylvania","42","Monroe","089",,,,,"9120",,"Monroe","1",,"06",89,191,603,411,1789,2528,4385,1001,742,581,48,139,516,473,1925,2881,5666,1016,769,328
"G4200910","1970","1","2","Pennsylvania","42","Montgomery","091",,,,,"6160",,"Montgomery","1",,"B",1391,2706,6260,6017,15324,28731,47457,18643,20053,19485,1971,2953,6918,6138,18825,33231,76035,20679,14905,6751
"G4200930","1970","1","2","Pennsylvania","42","Montour","093",,,,,,,"Montour","1",,"06",84,130,264,173,1037,763,1513,224,104,195,90,144,374,213,1164,866,1910,368,276,124
"G4200950","1970","1","2","Pennsylvania","42","Northampton","095",,,,,"0240",,"Northampton","0",,"M",788,1622,4390,3273,9156,12054,17120,3284,3150,3172,1040,1907,5417,3339,10436,14260,22351,4028,2377,950
"G4200970","1970","1","2","Pennsylvania","42","Northumberland","097",,,,,"0240",,"Northumberland","1",,"06",226,990,1942,1257,4971,5243,10031,1167,902,655,457,1122,2291,1841,5987,6360,12232,1321,808,268
"G4200990","1970","1","2","Pennsylvania","42","Perry","099",,,,,"3240",,"Perry","1",,"05",78,179,432,353,1946,1347,2652,284,192,205,54,107,342,305,2030,1525,3199,399,198,32
"G4201010","1970","1","2","Pennsylvania","42","Philadelphia","101",,,,,"6160",,"Philadelphia","0",,"B",10892,24790,42497,29839,63028,132975,124168,32940,21486,25841,14968,24540,47798,33955,83148,165708,186287,27909,17349,11811
"G4201030","1970","1","2","Pennsylvania","42","Pike","103",,,,,,,"Pike","1",,"06",37,51,125,106,586,792,1207,277,184,168,26,38,158,158,603,755,1568,333,175,107
"G4201050","1970","1","2","Pennsylvania","42","Potter","105",,,,,,,"Potter","1",,"02",50,75,190,188,842,907,1599,182,138,135,28,80,117,179,730,1083,1841,448,179,36
"G4201070","1970","1","2","Pennsylvania","42","Schuylkill","107",,,,,,,"Schuylkill","1",,"06",597,1968,3398,2289,8139,9848,15907,1767,1163,817,918,2070,3999,2672,9412,10522,20184,2320,1162,326
"G4201090","1970","1","2","Pennsylvania","42","Snyder","109",,,,,"6160",,"Snyder","1",,"05",30,202,352,265,2120,1385,2226,330,266,280,55,112,192,186,2572,1409,2621,440,272,176
"G4201110","1970","1","2","Pennsylvania","42","Somerset","111",,,,,"3680",,"Somerset","1",,"E",321,912,1870,1396,5119,3146,6168,849,494,563,333,872,1767,1223,5095,3784,8318,952,529,299
"G4201130","1970","1","2","Pennsylvania","42","Sullivan","113",,,,,"3680",,"Sullivan","1",,"03",5,26,68,110,334,333,618,85,45,29,35,47,35,39,242,428,756,94,49,4
"G4201150","1970","1","2","Pennsylvania","42","Susquehanna","115",,,,,"0960",,"Susquehanna","1",,"02",77,237,460,401,1600,1985,3351,542,276,273,86,173,329,344,1333,2043,4308,773,323,124
"G4201170","1970","1","2","Pennsylvania","42","Tioga","117",,,,,,,"Tioga","1",,"02",57,175,439,361,1616,2461,3291,609,342,446,71,87,230,239,1452,2435,4408,904,463,230
"G4201190","1970","1","2","Pennsylvania","42","Union","119",,,,,,,"Union","1",,"05",31,138,242,345,1551,1706,2514,538,394,477,144,176,259,158,1490,1367,2790,508,404,223
"G4201210","1970","1","2","Pennsylvania","42","Venango","121",,,,,,,"Venango","1",,"01",1377,192,468,604,2956,3075,6107,852,710,418,1169,216,475,554,2800,3513,7864,1335,628,196
"G4201230","1970","1","2","Pennsylvania","42","Warren","123",,,,,"0960",,"Warren","1",,"01",138,254,519,606,2207,2586,4825,799,633,428,118,229,509,518,1847,2827,6388,1253,640,194
"G4201250","1970","1","2","Pennsylvania","42","Washington","125",,,,,"6280",,"Washington","1",,"D",824,2180,3603,3106,10219,10803,18547,3553,2484,2142,961,2038,3619,2788,10409,11992,25004,4302,2088,915
"G4201270","1970","1","2","Pennsylvania","42","Wayne","127",,,,,,,"Wayne","1",,"02",190,304,487,496,1807,1775,2739,434,267,252,87,114,418,354,1702,1591,3593,734,275,68
"G4201290","1970","1","2","Pennsylvania","42","Westmoreland","129",,,,,"6280",,"Westmoreland","1",,"D",1605,2973,5752,5968,16342,17942,35347,6603,5244,4357,1818,3109,5774,4854,17680,19613,48277,7065,3914,1687
"G4201310","1970","1","2","Pennsylvania","42","Wyoming","131",,,,,"6280",,"Wyoming","1",,"02",10,95,202,208,779,1006,1873,329,255,216,25,75,185,159,680,1192,2278,602,164,81
"G4201330","1970","1","2","Pennsylvania","42","York","133",,,,,"9280",,"York","0",,"J",393,1847,4667,4494,15077,14145,21665,4434,3654,2835,361,1835,4663,4265,17113,16114,27322,5082,3121,988
"G4400010","1970","1","1","Rhode Island","44","Bristol","001",,,,,,,"Bristol","1",,"A",373,660,670,738,1304,1984,2704,1035,1142,1166,495,820,763,560,1401,2136,4199,1432,1024,441
"G4400030","1970","1","1","Rhode Island","44","Kent","003",,,,,,,"Kent","0",,"A",389,786,1898,1821,4273,8847,11022,3468,2667,1769,473,849,1909,1753,4783,9667,15237,3717,1930,724
"G4400050","1970","1","1","Rhode Island","44","Newport","005",,,,,,,"Newport","1",,"01",257,456,1154,1057,2221,4508,6735,1751,2055,1940,243,423,938,852,2239,4554,8104,2296,1502,641
"G4400070","1970","1","1","Rhode Island","44","Providence","007",,,,,,,"Providence","1",,"A",3403,5907,11009,9846,21112,37636,36652,11477,8055,8008,4608,6421,13373,11062,25962,45034,54153,12723,6902,3587
"G4400090","1970","1","1","Rhode Island","44","Washington","009",,,,,,,"Washington","1",,"01",541,368,638,788,2088,4543,5636,1888,1589,1793,501,342,608,731,2174,4140,7477,2088,1444,820
"G4500010","1970","3","5","South Carolina","45","Abbeville","001",,,,,,,"Abbeville","1",,"04",104,619,564,455,508,1444,740,274,258,147,196,514,705,417,581,1928,862,474,370,74
"G4500030","1970","3","5","South Carolina","45","Aiken","003",,,,,"0600",,"Aiken","1",,"B",530,2189,1982,1361,1937,4375,5066,1874,1826,1033,475,1764,2097,1672,2217,5896,6211,2496,1387,394
"G4500050","1970","3","5","South Carolina","45","Allendale","005",,,,,,,"Allendale","1",,"06",145,420,210,158,199,388,367,122,118,41,118,514,248,137,236,641,379,204,162,57
"G4500070","1970","3","5","South Carolina","45","Anderson","007",,,,,,,"Anderson","1",,"02",587,3004,2847,2408,2948,6777,4862,1717,1177,757,559,2588,3269,2489,2933,9261,5792,2238,1568,324
"G4500090","1970","3","5","South Carolina","45","Bamberg","009",,,,,,,"Bamberg","1",,"06",141,551,420,291,316,840,499,171,150,86,158,433,357,248,422,1207,692,237,157,46
"G4500110","1970","3","5","South Carolina","45","Barnwell","011",,,,,,,"Barnwell","1",,"06",237,667,424,258,322,925,597,258,135,100,210,495,485,337,440,1275,715,378,240,41
"G4500130","1970","3","5","South Carolina","45","Beaufort","013",,,,,"0600",,"Beaufort","1",,"08",225,712,657,365,599,1814,2414,920,725,497,326,758,709,491,564,1986,2682,1101,814,162
"G4500150","1970","3","5","South Carolina","45","Berkeley","015",,,,,"1440",,"Berkeley","1",,"08",418,1208,1088,692,1011,2512,3282,694,425,197,405,890,1109,813,1042,3527,3564,797,488,91
"G4500170","1970","3","5","South Carolina","45","Calhoun","017",,,,,,,"Calhoun","1",,"06",109,414,321,243,227,527,243,178,121,55,89,338,439,186,218,795,361,262,185,35
"G4500190","1970","3","5","South Carolina","45","Charleston","019",,,,,"1440",,"Charleston","0",,"C",1153,3639,3759,3180,3777,10943,16021,5695,4426,2934,1111,3541,4439,3468,3970,14053,16735,6512,4304,1258
"G4500210","1970","3","5","South Carolina","45","Cherokee","021",,,,,,,"Cherokee","1",,"03",299,1183,1376,1027,790,1976,1396,428,339,177,256,1062,1448,1360,917,2444,1615,553,598,106
"G4500230","1970","3","5","South Carolina","45","Chester","023",,,,,,,"Chester","1",,"03",239,960,922,552,806,1674,1136,359,320,131,235,900,1150,740,754,2377,1231,492,427,118
"G4500250","1970","3","5","South Carolina","45","Chesterfield","025",,,,,,,"Chesterfield","1",,"05",476,1155,1004,810,737,1654,1189,394,337,132,231,908,1040,770,796,2423,1688,543,444,56
"G4500270","1970","3","5","South Carolina","45","Clarendon","027",,,,,,,"Clarendon","1",,"06",344,1165,727,398,450,1129,571,279,137,42,204,846,931,539,721,1543,835,273,314,46
"G4500290","1970","3","5","South Carolina","45","Colleton","029",,,,,,,"Colleton","1",,"08",361,1074,786,544,581,1505,1074,222,228,78,313,717,878,557,697,2213,1219,422,308,71
"G4500310","1970","3","5","South Carolina","45","Darlington","031",,,,,,,"Darlington","1",,"06",530,1829,1259,811,1116,2711,2105,759,557,381,487,1580,1392,1081,1329,3722,2407,1198,852,209
"G4500330","1970","3","5","South Carolina","45","Dillon","033",,,,,,,"Dillon","1",,"07",339,1087,933,592,478,796,1068,288,235,147,238,957,940,806,673,1450,1230,482,390,59
"G4500350","1970","3","5","South Carolina","45","Dorchester","035",,,,,,,"Dorchester","1",,"08",289,935,630,504,502,1281,2119,522,463,236,215,809,673,512,490,1897,2241,702,459,109
"G4500370","1970","3","5","South Carolina","45","Edgefield","037",,,,,,,"Edgefield","1",,"04",84,530,449,236,460,861,408,212,166,87,101,432,462,373,349,1137,626,293,231,64
"G4500390","1970","3","5","South Carolina","45","Fairfield","039",,,,,,,"Fairfield","1",,"04",189,823,688,366,390,985,599,224,199,82,179,626,668,456,471,1194,702,402,347,44
"G4500410","1970","3","5","South Carolina","45","Florence","041",,,,,,,"Florence","1",,"07",775,2741,2150,1296,1564,4857,3917,1383,1263,719,620,1938,2270,1589,1882,7086,4989,2107,1319,203
"G4500430","1970","3","5","South Carolina","45","Georgetown","043",,,,,"1440",,"Georgetown","1",,"08",346,1351,982,567,598,1399,1205,296,302,168,338,1171,879,569,706,2223,1315,519,516,140
"G4500450","1970","3","5","South Carolina","45","Greenville","045",,,,,"3160",,"Greenville","0",,"D",1022,4517,4992,3778,4985,14496,12686,5739,5015,2492,1122,4117,6055,4181,5786,19051,15864,6816,4319,1244
"G4500470","1970","3","5","South Carolina","45","Greenwood","047",,,,,,,"Greenwood","1",,"02",319,1249,1400,1056,1312,2827,2258,813,770,439,219,1004,1387,1241,1315,4084,2936,1186,983,217
"G4500490","1970","3","5","South Carolina","45","Hampton","049",,,,,,,"Hampton","1",,"06",233,573,443,246,393,779,523,213,137,105,164,534,517,351,367,1065,629,286,225,72
"G4500510","1970","3","5","South Carolina","45","Horry","051",,,,,,,"Horry","1",,"07",493,2059,1765,1325,1282,3530,3548,1267,829,482,451,1315,1953,1580,1520,4658,4181,1507,1006,191
"G4500530","1970","3","5","South Carolina","45","Jasper","053",,,,,,,"Jasper","1",,"08",201,525,341,181,318,460,463,90,62,43,152,429,541,214,283,653,504,80,170,22
"G4500550","1970","3","5","South Carolina","45","Kershaw","055",,,,,,,"Kershaw","1",,"05",239,1020,1002,599,682,1497,1577,596,659,345,135,828,931,670,793,2058,2250,821,599,209
"G4500570","1970","3","5","South Carolina","45","Lancaster","057",,,,,,,"Lancaster","1",,"03",272,1165,1318,956,1079,2536,1968,529,339,210,193,883,1415,1036,1176,3405,2360,754,556,97
"G4500590","1970","3","5","South Carolina","45","Laurens","059",,,,,,,"Laurens","1",,"02",840,1507,1496,1084,1384,2759,1806,562,552,292,756,1465,1537,1159,1390,4060,1940,829,784,131
"G4500610","1970","3","5","South Carolina","45","Lee","061",,,,,"3160",,"Lee","1",,"06",209,769,590,263,315,704,597,212,137,73,118,539,602,388,425,1083,749,300,203,47
"G4500630","1970","3","5","South Carolina","45","Lexington","063",,,,,"1760",,"Lexington","1",,"A",320,1484,1649,1827,1912,4900,4986,2355,1541,1035,233,1092,1756,1404,2053,6817,5935,2596,1397,308
"G4500650","1970","3","5","South Carolina","45","McCormick","065",,,,,,,"Mc Cormick","1",,"04",77,349,212,173,193,379,259,46,48,21,11,186,257,134,197,713,296,136,63,11
"G4500670","1970","3","5","South Carolina","45","Marion","067",,,,,,,"Marion","1",,"07",229,1097,930,576,592,1201,1229,348,244,167,271,841,857,707,695,2086,1597,554,473,68
"G4500690","1970","3","5","South Carolina","45","Marlboro","069",,,,,,,"Marlboro","1",,"06",315,1072,820,483,462,1338,752,328,256,108,236,949,976,742,780,1689,926,492,366,79
"G4500710","1970","3","5","South Carolina","45","Newberry","071",,,,,,,"Newberry","1",,"04",165,973,950,636,920,1639,1093,511,384,271,208,721,937,578,986,2566,1390,638,657,154
"G4500730","1970","3","5","South Carolina","45","Oconee","073",,,,,,,"Oconee","1",,"01",261,1373,1408,1130,1256,2417,1716,446,328,169,204,981,1403,1272,1292,3342,2113,532,325,126
"G4500750","1970","3","5","South Carolina","45","Orangeburg","075",,,,,"1760",,"Orangeburg","1",,"06",699,2424,1663,995,1183,3444,2418,1128,882,532,565,2067,1765,1214,1519,4886,2723,1456,1317,412
"G4500770","1970","3","5","South Carolina","45","Pickens","077",,,,,"3160",,"Pickens","1",,"01",273,1564,1556,1399,1520,2835,2184,1058,704,952,177,1122,1573,1391,1486,4047,3057,1211,935,350
"G4500790","1970","3","5","South Carolina","45","Richland","079",,,,,"1760",,"Richland","0",,"A",1169,3522,3592,2086,3243,9162,11263,6386,5334,4450,959,2815,4253,2582,3707,12766,13975,7661,5717,2083
"G4500810","1970","3","5","South Carolina","45","Saluda","081",,,,,,,"Saluda","1",,"04",90,299,443,245,493,1122,609,128,86,39,70,244,392,222,428,1370,730,236,299,49
"G4500830","1970","3","5","South Carolina","45","Spartanburg","083",,,,,,,"Spartanburg","1",,"02",1168,4490,4998,3465,4047,9823,7908,3439,2742,1592,1039,3925,5296,4111,4816,13907,10086,3795,2737,904
"G4500850","1970","3","5","South Carolina","45","Sumter","085",,,,,,,"Sumter","1",,"06",517,2094,1582,1011,1136,3014,3857,1485,1188,577,398,1531,1800,1103,1547,4550,4606,1660,1240,324
"G4500870","1970","3","5","South Carolina","45","Union","087",,,,,,,"Union","1",,"03",172,867,997,856,807,1544,1150,324,309,120,175,804,1190,862,980,2130,1608,439,315,122
"G4500890","1970","3","5","South Carolina","45","Williamsburg","089",,,,,,,"Williamsburg","1",,"07",368,1413,940,602,598,1400,889,357,224,115,335,1089,968,603,803,2251,1152,542,577,117
"G4500910","1970","3","5","South Carolina","45","York","091",,,,,"1760",,"York","1",,"03",504,2148,2194,1707,1830,4934,3546,1344,932,653,456,1905,2219,2010,2070,6301,4209,1907,1338,476
"G4600030","1970","2","4","South Dakota","46","Aurora","003",,,,,,,"Aurora","1",,"03",17,18,24,31,533,99,268,73,31,44,0,27,24,25,346,97,345,223,63,10
"G4600050","1970","2","4","South Dakota","46","Beadle","005",,,,,,,"Beadle","1",,"02",38,87,199,151,1486,646,1563,506,354,338,10,67,169,162,1121,684,2094,1213,437,100
"G4600070","1970","2","4","South Dakota","46","Bennett","007",,,,,,,"Bennett","1",,"01",0,24,43,44,227,81,205,57,27,22,0,12,19,34,126,163,198,138,36,30
"G4600090","1970","2","4","South Dakota","46","Bon Homme","009",,,,,,,"Bon Homme","1",,"03",20,77,47,106,874,207,486,238,83,118,0,118,94,77,777,223,526,449,120,45
"G4600110","1970","2","4","South Dakota","46","Brookings","011",,,,,,,"Brookings","1",,"04",28,61,145,130,1344,434,1138,423,364,715,10,44,114,92,869,546,1514,1085,461,282
"G4600130","1970","2","4","South Dakota","46","Brown","013",,,,,,,"Brown","1",,"02",68,281,295,191,2107,1017,2309,1157,714,534,76,243,285,268,1755,1120,3212,1905,451,266
"G4600150","1970","2","4","South Dakota","46","Brule","015",,,,,,,"Brule","1",,"03",7,16,47,49,542,179,446,105,104,64,11,28,36,24,365,244,469,363,85,26
"G4600170","1970","2","4","South Dakota","46","Buffalo","017",,,,,,,"Buffalo","1",,"03",0,11,51,19,103,61,71,17,23,0,11,5,19,15,35,112,78,42,5,8
"G4600190","1970","2","4","South Dakota","46","Butte","019",,,,,,,"Butte","1",,"01",14,49,102,91,531,263,707,212,87,97,11,27,43,65,370,407,737,437,148,20
"G4600210","1970","2","4","South Dakota","46","Campbell","021",,,,,,,"Campbell","1",,"02",15,34,67,30,327,57,136,59,66,16,0,22,79,49,216,36,227,85,44,0
"G4600230","1970","2","4","South Dakota","46","Charles Mix","023",,,,,,,"Charles Mix","1",,"03",18,106,90,119,1040,389,666,124,112,77,15,60,89,105,826,311,768,410,126,28
"G4600250","1970","2","4","South Dakota","46","Clark","025",,,,,,,"Clark","1",,"02",6,52,77,80,690,198,415,123,35,18,17,35,33,56,408,194,604,264,86,0
"G4600270","1970","2","4","South Dakota","46","Clay","027",,,,,,,"Clay","1",,"05",4,32,50,45,559,254,596,278,205,545,5,31,20,30,406,298,780,558,391,148
"G4600290","1970","2","4","South Dakota","46","Codington","029",,,,,,,"Codington","1",,"04",18,78,203,214,1403,624,1440,481,235,216,16,64,145,163,1083,824,2058,895,239,53
"G4600310","1970","2","4","South Dakota","46","Corson","031",,,,,,,"Corson","1",,"01",38,57,65,70,411,193,251,68,12,32,4,58,101,61,246,166,328,153,25,11
"G4600330","1970","2","4","South Dakota","46","Custer","033",,,,,,,"Custer","1",,"01",10,11,26,40,346,220,321,163,122,65,9,7,35,26,222,212,500,296,66,4
"G4600350","1970","2","4","South Dakota","46","Davison","035",,,,,,,"Davison","1",,"03",23,72,114,144,1223,556,1096,453,301,216,28,75,126,193,1068,645,1613,845,385,97
"G4600370","1970","2","4","South Dakota","46","Day","037",,,,,,,"Day","1",,"02",6,89,124,139,922,264,670,172,55,85,0,61,85,109,769,267,694,397,143,28
"G4600390","1970","2","4","South Dakota","46","Deuel","039",,,,,,,"Deuel","1",,"04",10,53,72,82,685,152,467,92,43,27,4,42,55,60,423,167,593,262,20,10
"G4600410","1970","2","4","South Dakota","46","Dewey","041",,,,,,,"Dewey","1",,"01",5,47,86,41,328,230,223,83,44,77,22,22,72,42,298,180,347,112,53,16
"G4600430","1970","2","4","South Dakota","46","Douglas","043",,,,,,,"Douglas","1",,"03",5,37,107,45,559,129,254,49,9,24,20,59,52,48,502,140,320,171,25,0
"G4600450","1970","2","4","South Dakota","46","Edmunds","045",,,,,,,"Edmunds","1",,"02",48,128,71,45,639,125,301,111,47,44,57,116,51,50,546,100,373,193,53,5
"G4600470","1970","2","4","South Dakota","46","Fall River","047",,,,,,,"Fall River","1",,"01",11,137,161,94,760,501,614,253,97,101,15,32,14,56,334,358,858,395,112,19
"G4600490","1970","2","4","South Dakota","46","Faulk","049",,,,,,,"Faulk","1",,"02",9,31,24,51,341,137,347,60,35,28,7,30,33,31,253,133,373,226,17,0
"G4600510","1970","2","4","South Dakota","46","Grant","051",,,,,,,"Grant","1",,"04",16,33,99,148,1037,216,599,175,38,82,24,57,98,64,779,298,779,328,108,24
"G4600530","1970","2","4","South Dakota","46","Gregory","053",,,,,,,"Gregory","1",,"03",10,99,104,99,719,217,493,90,53,55,31,37,60,95,498,284,618,279,74,11
"G4600550","1970","2","4","South Dakota","46","Haakon","055",,,,,,,"Haakon","1",,"01",0,11,20,18,188,94,282,41,41,35,0,5,16,33,72,85,265,196,41,6
"G4600570","1970","2","4","South Dakota","46","Hamlin","057",,,,,,,"Hamlin","1",,"04",14,26,58,66,610,157,437,103,43,37,20,21,56,69,343,213,475,270,63,4
"G4600590","1970","2","4","South Dakota","46","Hand","059",,,,,,,"Hand","1",,"02",0,35,63,59,546,186,524,88,35,66,0,6,20,53,302,229,614,312,66,12
"G4600610","1970","2","4","South Dakota","46","Hanson","061",,,,,,,"Hanson","1",,"03",5,29,79,91,354,94,241,114,11,5,0,22,38,31,338,78,302,168,40,0
"G4600630","1970","2","4","South Dakota","46","Harding","063",,,,,,,"Harding","1",,"01",5,10,23,17,178,86,145,40,17,5,0,0,0,7,123,78,141,109,17,0
"G4600650","1970","2","4","South Dakota","46","Hughes","065",,,,,,,"Hughes","1",,"02",10,65,44,77,561,377,789,288,358,281,36,33,36,43,397,309,1430,564,254,110
"G4600670","1970","2","4","South Dakota","46","Hutchinson","067",,,,,,,"Hutchinson","1",,"03",16,166,195,180,1216,225,580,274,61,66,65,185,239,138,1120,260,596,407,137,47
"G4600690","1970","2","4","South Dakota","46","Hyde","069",,,,,,,"Hyde","1",,"02",6,13,30,5,260,105,201,19,31,25,0,0,23,9,151,71,254,120,35,17
"G4600710","1970","2","4","South Dakota","46","Jackson","071",,,,,,,"Jackson","1",,"01",0,18,16,18,155,51,97,34,23,21,5,10,6,11,118,73,142,68,38,10
"G4600730","1970","2","4","South Dakota","46","Jerauld","073",,,,,,,"Jerauld","1",,"03",0,18,40,38,353,111,256,84,35,10,0,41,22,55,287,109,230,170,56,8
"G4600750","1970","2","4","South Dakota","46","Jones","075",,,,,,,"Jones","1",,"01",0,5,7,0,185,74,158,44,16,4,0,7,7,13,92,106,135,115,19,0
"G4600770","1970","2","4","South Dakota","46","Kingsbury","077",,,,,,,"Kingsbury","1",,"04",3,56,135,171,710,257,659,157,89,42,0,31,75,72,500,308,853,433,58,5
"G4600790","1970","2","4","South Dakota","46","Lake","079",,,,,,,"Lake","1",,"05",9,49,81,94,870,340,853,266,98,230,3,41,61,66,590,399,1120,565,191,76
"G4600810","1970","2","4","South Dakota","46","Lawrence","081",,,,,,,"Lawrence","1",,"01",0,51,106,161,1080,725,1144,441,196,248,34,30,105,142,625,700,1721,793,262,102
"G4600830","1970","2","4","South Dakota","46","Lincoln","083",,,,,,,"Lincoln","1",,"05",7,58,85,162,1160,400,943,265,105,126,18,58,117,86,808,445,1238,536,171,19
"G4600850","1970","2","4","South Dakota","46","Lyman","085",,,,,,,"Lyman","1",,"01",22,40,62,19,357,172,312,88,39,20,4,17,39,39,177,227,321,182,10,5
"G4600870","1970","2","4","South Dakota","46","McCook","087",,,,,,,"Mc Cook","1",,"03",18,57,56,80,713,253,540,134,115,39,20,46,51,48,597,203,684,396,40,9
"G4600890","1970","2","4","South Dakota","46","McPherson","089",,,,,,,"Mc Pherson","1",,"02",30,104,128,58,631,99,184,103,38,44,47,156,115,60,562,84,286,131,43,5
"G4600910","1970","2","4","South Dakota","46","Marshall","091",,,,,,,"Marshall","1",,"02",4,18,88,105,671,253,434,92,30,32,0,12,56,79,427,278,454,340,34,23
"G4600930","1970","2","4","South Dakota","46","Meade","093",,,,,,,"Meade","1",,"01",11,66,130,66,831,571,1527,460,267,251,19,18,57,33,476,582,1425,813,256,49
"G4600950","1970","2","4","South Dakota","46","Mellette","095",,,,,,,"Mellette","1",,"01",7,24,19,33,180,41,232,52,23,11,0,11,49,21,76,76,183,123,25,0
"G4600970","1970","2","4","South Dakota","46","Miner","097",,,,,,,"Miner","1",,"03",10,25,64,52,470,119,424,59,41,15,0,17,29,16,391,201,396,249,66,0
"G4600990","1970","2","4","South Dakota","46","Minnehaha","099",,,,,"7760",,"Minnehaha","0",,"05",96,287,492,658,5009,2971,7560,2923,1672,1291,95,233,375,531,4079,3411,10434,4435,1625,492
"G4601010","1970","2","4","South Dakota","46","Moody","101",,,,,,,"Moody","1",,"05",0,40,45,76,689,246,593,129,71,64,0,22,6,61,436,308,806,322,85,34
"G4601030","1970","2","4","South Dakota","46","Pennington","103",,,,,,,"Pennington","1",,"01",50,165,278,294,2547,1841,4902,1827,1102,779,81,70,205,271,1806,2316,6133,2703,1075,203
"G4601050","1970","2","4","South Dakota","46","Perkins","105",,,,,,,"Perkins","1",,"01",12,37,26,30,484,175,321,159,54,54,27,16,23,34,305,204,364,296,51,21
"G4601070","1970","2","4","South Dakota","46","Potter","107",,,,,,,"Potter","1",,"02",9,39,62,40,403,146,285,87,51,57,0,27,28,64,343,97,429,159,47,0
"G4601090","1970","2","4","South Dakota","46","Roberts","109",,,,,,,"Roberts","1",,"04",18,131,171,208,1259,376,691,190,72,116,16,145,96,112,1008,379,866,429,132,29
"G4601110","1970","2","4","South Dakota","46","Sanborn","111",,,,,,,"Sanborn","1",,"03",0,26,58,18,375,153,317,49,26,22,3,18,39,31,283,112,298,208,62,12
"G4601130","1970","2","4","South Dakota","46","Shannon","113",,,,,,,"Shannon","1",,"01",22,99,177,96,296,388,278,102,47,94,15,94,201,48,270,447,270,175,40,42
"G4601150","1970","2","4","South Dakota","46","Spink","115",,,,,,,"Spink","1",,"02",0,27,47,103,1075,440,966,186,107,38,6,58,63,81,646,444,1171,548,113,62
"G4601170","1970","2","4","South Dakota","46","Stanley","117",,,,,,,"Stanley","1",,"01",9,4,6,46,232,96,190,46,16,5,0,0,15,14,125,90,271,66,12,4
"G4601190","1970","2","4","South Dakota","46","Sully","119",,,,,,,"Sully","1",,"02",6,17,11,39,210,72,169,78,23,10,0,10,29,7,94,55,281,96,16,0
"G4601210","1970","2","4","South Dakota","46","Todd","121",,,,,,,"Todd","1",,"01",7,41,128,103,347,224,288,130,29,50,0,38,96,97,243,286,321,191,35,31
"G4601230","1970","2","4","South Dakota","46","Tripp","123",,,,,,,"Tripp","1",,"03",9,39,100,95,671,312,676,182,88,55,4,20,54,34,515,361,727,439,63,11
"G4601250","1970","2","4","South Dakota","46","Turner","125",,,,,,,"Turner","1",,"05",14,112,147,83,1111,306,729,271,64,85,15,53,96,109,733,412,1002,580,74,26
"G4601270","1970","2","4","South Dakota","46","Union","127",,,,,,,"Union","1",,"05",0,72,135,126,830,342,773,195,105,81,13,35,83,78,674,425,938,458,102,20
"G4601290","1970","2","4","South Dakota","46","Walworth","129",,,,,,,"Walworth","1",,"02",57,149,93,72,603,160,565,194,113,94,59,86,116,138,474,244,612,347,108,44
"G4601310","1970","2","4","South Dakota","46","Washabaugh","131",,,,,,,"Washabaugh","1",,"01",20,0,29,16,73,25,82,33,0,0,0,7,13,21,59,23,74,32,26,0
"G4601350","1970","2","4","South Dakota","46","Yankton","135",,,,,,,"Yankton","1",,"05",43,99,208,155,1599,404,1238,474,214,327,45,116,176,162,1260,591,1709,936,393,124
"G4601370","1970","2","4","South Dakota","46","Ziebach","137",,,,,"7760",,"Ziebach","1",,"01",0,15,25,42,208,105,169,30,0,6,6,0,17,23,82,180,95,100,31,12
"G4700010","1970","3","6","Tennessee","47","Anderson","001",,,,,"3840",,"Anderson","1",,"D",161,1246,1179,579,1958,1957,4142,1555,1383,1671,226,1126,1230,634,2216,2684,5668,2128,1268,528
"G4700030","1970","3","6","Tennessee","47","Bedford","003",,,,,,,"Bedford","1",,"05",83,577,620,378,1296,1233,1818,381,307,95,90,379,604,399,1530,1615,2210,511,272,84
"G4700050","1970","3","6","Tennessee","47","Benton","005",,,,,,,"Benton","1",,"02",53,353,309,271,942,495,723,168,71,53,90,222,282,339,970,706,861,256,96,16
"G4700070","1970","3","6","Tennessee","47","Bledsoe","007",,,,,,,"Bledsoe","1",,"07",54,323,246,125,405,315,346,63,41,17,38,194,230,123,538,359,384,120,38,11
"G4700090","1970","3","6","Tennessee","47","Blount","009",,,,,"3840",,"Blount","1",,"D",272,1651,1437,669,2587,2555,4715,1694,888,697,245,1169,1519,1043,3101,3259,5318,1940,923,331
"G4700110","1970","3","6","Tennessee","47","Bradley","011",,,,,,,"Bradley","1",,"08",221,1278,1147,644,2396,2003,2889,1065,565,357,231,946,1346,916,2563,2590,3581,1198,398,98
"G4700130","1970","3","6","Tennessee","47","Campbell","013",,,,,,,"Campbell","1",,"08",248,1308,1084,469,1319,824,932,266,104,97,244,1148,1357,536,1635,1310,1142,361,203,32
"G4700150","1970","3","6","Tennessee","47","Cannon","015",,,,,,,"Cannon","1",,"06",55,397,326,138,462,460,437,69,30,27,20,204,302,166,694,483,567,103,51,26
"G4700170","1970","3","6","Tennessee","47","Carroll","017",,,,,,,"Carroll","1",,"02",160,661,737,500,1892,1180,1373,387,185,111,106,485,643,509,2224,1614,1842,438,206,108
"G4700190","1970","3","6","Tennessee","47","Carter","019",,,,,,,"Carter","1",,"08",222,1033,993,542,2406,2001,2440,905,422,322,194,1025,1227,717,2534,2200,3321,845,394,166
"G4700210","1970","3","6","Tennessee","47","Cheatham","021",,,,,,,"Cheatham","1",,"04",95,432,432,209,660,555,850,233,55,57,30,236,362,258,685,773,992,157,79,23
"G4700230","1970","3","6","Tennessee","47","Chester","023",,,,,,,"Chester","1",,"02",59,332,251,248,704,321,432,100,43,73,50,182,340,255,766,490,479,236,48,36
"G4700250","1970","3","6","Tennessee","47","Claiborne","025",,,,,,,"Claiborne","1",,"08",159,954,690,405,1117,570,811,100,147,85,117,692,762,410,1411,750,950,236,183,30
"G4700270","1970","3","6","Tennessee","47","Clay","027",,,,,,,"Clay","1",,"06",49,380,294,205,347,233,220,30,36,40,54,291,275,166,579,242,260,42,51,16
"G4700290","1970","3","6","Tennessee","47","Cocke","029",,,,,,,"Cocke","1",,"08",284,1013,863,482,1408,862,1192,189,147,61,201,819,786,549,1643,1117,1387,394,130,31
"G4700310","1970","3","6","Tennessee","47","Coffee","031",,,,,,,"Coffee","1",,"06",188,776,536,406,1342,1267,2073,628,729,609,118,430,637,531,1666,1727,2811,836,501,87
"G4700330","1970","3","6","Tennessee","47","Crockett","033",,,,,,,"Crockett","1",,"01",131,402,410,240,727,806,843,163,77,57,58,218,410,296,957,1076,1036,209,115,25
"G4700350","1970","3","6","Tennessee","47","Cumberland","035",,,,,"3840",,"Cumberland","1",,"07",134,844,690,372,1258,746,810,229,131,126,136,448,654,477,1417,982,1138,265,194,56
"G4700370","1970","3","6","Tennessee","47","Davidson","037",,,,,"5360",,"Davidson","0",,"B",2074,6255,7298,5862,12808,20840,27974,11083,8372,8603,1762,4558,7586,6000,16279,27868,41817,12982,7959,4357
"G4700390","1970","3","6","Tennessee","47","Decatur","039",,,,,,,"Decatur","1",,"02",88,303,310,228,701,353,525,144,51,32,61,172,246,341,806,520,573,164,44,53
"G4700410","1970","3","6","Tennessee","47","DeKalb","041",,,,,,,"De Kalb","1",,"06",38,326,300,252,1005,363,597,111,61,71,53,318,298,275,1157,525,679,152,58,36
"G4700430","1970","3","6","Tennessee","47","Dickson","043",,,,,,,"Dickson","1",,"03",187,663,629,481,1414,768,1220,314,168,104,111,375,574,409,1785,1216,1604,270,101,34
"G4700450","1970","3","6","Tennessee","47","Dyer","045",,,,,,,"Dyer","1",,"01",189,1187,980,628,1373,1484,1450,398,250,131,210,919,994,705,1790,2023,1936,465,252,54
"G4700470","1970","3","6","Tennessee","47","Fayette","047",,,,,,,"Fayette","1",,"01",234,1094,571,358,743,739,629,207,151,59,192,603,749,490,983,1120,819,316,154,45
"G4700490","1970","3","6","Tennessee","47","Fentress","049",,,,,,,"Fentress","1",,"07",190,666,455,266,720,267,365,126,97,9,110,501,553,395,799,431,416,98,123,4
"G4700510","1970","3","6","Tennessee","47","Franklin","051",,,,,,,"Franklin","1",,"06",179,623,744,398,1308,934,1712,396,342,355,132,383,639,411,1529,1324,2209,660,304,182
"G4700530","1970","3","6","Tennessee","47","Gibson","053",,,,,,,"Gibson","1",,"01",231,1151,1327,759,2255,2517,3044,771,433,252,193,746,1248,822,2585,3847,3977,989,544,127
"G4700550","1970","3","6","Tennessee","47","Giles","055",,,,,,,"Giles","1",,"05",130,778,567,454,1112,994,1413,298,158,159,123,599,570,438,1341,1415,1683,550,253,36
"G4700570","1970","3","6","Tennessee","47","Grainger","057",,,,,,,"Grainger","1",,"08",96,638,570,228,1020,429,530,103,65,18,36,560,561,274,966,557,740,148,74,18
"G4700590","1970","3","6","Tennessee","47","Greene","059",,,,,,,"Greene","1",,"08",322,1460,1370,918,2556,2087,2619,530,536,245,301,892,1292,870,2907,2451,3572,969,490,197
"G4700610","1970","3","6","Tennessee","47","Grundy","061",,,,,,,"Grundy","1",,"07",101,456,320,277,720,434,348,66,22,10,31,382,431,229,812,484,504,75,25,17
"G4700630","1970","3","6","Tennessee","47","Hamblen","063",,,,,"5360",,"Hamblen","1",,"08",186,798,1144,465,1760,1762,2515,646,529,248,101,618,1105,628,2109,1959,2969,913,479,94
"G4700650","1970","3","6","Tennessee","47","Hamilton","065",,,,,"1560",,"Hamilton","0",,"C",791,4125,5271,2872,6935,11531,17248,6983,5435,3303,882,3851,5652,3704,8671,16241,24450,8368,4384,1389
"G4700670","1970","3","6","Tennessee","47","Hancock","067",,,,,,,"Hancock","1",,"08",55,435,227,201,415,160,187,49,46,13,55,323,329,245,404,258,195,52,37,15
"G4700690","1970","3","6","Tennessee","47","Hardeman","069",,,,,,,"Hardeman","1",,"01",323,821,724,392,1082,974,895,197,127,111,250,789,601,481,1321,1324,1369,302,137,58
"G4700710","1970","3","6","Tennessee","47","Hardin","071",,,,,,,"Hardin","1",,"02",169,739,455,336,1120,722,999,226,151,78,122,435,575,360,1375,1031,1182,224,128,28
"G4700730","1970","3","6","Tennessee","47","Hawkins","073",,,,,,,"Hawkins","1",,"08",190,1288,1080,726,1985,1067,1942,348,206,92,151,801,1064,777,2232,1603,2280,596,256,36
"G4700750","1970","3","6","Tennessee","47","Haywood","075",,,,,,,"Haywood","1",,"01",223,967,699,222,690,721,599,218,132,70,192,535,792,363,967,977,859,344,228,41
"G4700770","1970","3","6","Tennessee","47","Henderson","077",,,,,,,"Henderson","1",,"02",180,539,520,435,1315,731,816,126,111,58,126,368,444,598,1497,948,971,171,106,26
"G4700790","1970","3","6","Tennessee","47","Henry","079",,,,,,,"Henry","1",,"02",136,597,699,463,1509,1014,1472,487,199,178,115,378,642,598,1604,1526,2118,492,208,84
"G4700810","1970","3","6","Tennessee","47","Hickman","081",,,,,,,"Hickman","1",,"03",60,459,456,339,751,633,519,109,62,29,38,287,294,305,981,793,716,110,60,26
"G4700830","1970","3","6","Tennessee","47","Houston","083",,,,,,,"Houston","1",,"03",61,218,200,119,397,319,246,41,44,21,49,142,175,112,402,282,392,79,29,24
"G4700850","1970","3","6","Tennessee","47","Humphreys","085",,,,,,,"Humphreys","1",,"03",89,327,368,159,763,574,943,218,189,87,39,280,300,289,867,706,1139,234,89,11
"G4700870","1970","3","6","Tennessee","47","Jackson","087",,,,,,,"Jackson","1",,"06",117,391,468,197,676,139,248,58,13,20,32,269,436,227,914,309,255,52,48,0
"G4700890","1970","3","6","Tennessee","47","Jefferson","089",,,,,,,"Jefferson","1",,"08",128,769,696,336,1355,950,1475,382,141,172,49,430,631,479,1407,1341,1847,419,365,91
"G4700910","1970","3","6","Tennessee","47","Johnson","091",,,,,"1560",,"Johnson","1",,"08",83,532,394,229,750,413,499,165,79,21,52,312,434,288,1017,435,639,122,101,28
"G4700930","1970","3","6","Tennessee","47","Knox","093",,,,,"3840",,"Knox","0",,"D",760,4658,4936,2819,8390,11694,17655,7560,5307,5044,796,4228,6023,3663,10570,15437,25537,9009,4882,1978
"G4700950","1970","3","6","Tennessee","47","Lake","095",,,,,,,"Lake","1",,"01",119,450,219,214,272,254,225,58,55,30,100,343,304,253,297,372,364,105,36,21
"G4700970","1970","3","6","Tennessee","47","Lauderdale","097",,,,,,,"Lauderdale","1",,"01",253,926,750,366,926,914,754,207,90,97,74,567,770,369,1436,1154,957,264,189,58
"G4700990","1970","3","6","Tennessee","47","Lawrence","099",,,,,,,"Lawrence","1",,"03",158,915,855,568,2053,1099,1480,319,156,97,142,591,819,706,2457,1520,1903,402,77,49
"G4701010","1970","3","6","Tennessee","47","Lewis","101",,,,,,,"Lewis","1",,"03",29,186,225,160,428,230,359,52,53,16,10,120,234,137,531,417,437,111,32,17
"G4701030","1970","3","6","Tennessee","47","Lincoln","103",,,,,,,"Lincoln","1",,"05",142,771,688,460,1066,1205,1463,440,219,138,83,445,784,416,1250,1692,1933,527,248,62
"G4701050","1970","3","6","Tennessee","47","Loudon","105",,,,,,,"Loudon","1",,"08",151,772,845,314,1241,984,1464,397,234,121,117,623,767,515,1540,1391,1933,394,118,50
"G4701070","1970","3","6","Tennessee","47","McMinn","107",,,,,,,"Mc Minn","1",,"08",192,1013,1117,372,1988,1322,2127,614,365,191,159,760,976,659,2453,1712,2642,724,337,117
"G4701090","1970","3","6","Tennessee","47","McNairy","109",,,,,,,"Mc Nairy","1",,"02",127,469,512,264,1301,1010,1024,241,119,77,76,303,429,448,1618,1202,1186,267,104,45
"G4701110","1970","3","6","Tennessee","47","Macon","111",,,,,,,"Macon","1",,"06",111,701,626,291,839,436,411,75,44,34,56,517,487,309,1184,532,586,119,92,7
"G4701130","1970","3","6","Tennessee","47","Madison","113",,,,,,,"Madison","1",,"01",330,1527,1522,869,2286,2714,3736,1576,868,695,358,1031,1596,1156,2637,3939,5215,2112,1015,383
"G4701150","1970","3","6","Tennessee","47","Marion","115",,,,,,,"Marion","1",,"07",142,892,694,342,993,768,960,167,135,83,65,696,622,538,997,1092,1178,273,147,56
"G4701170","1970","3","6","Tennessee","47","Marshall","117",,,,,,,"Marshall","1",,"05",98,374,444,265,1050,860,1174,265,124,82,68,242,406,308,1092,1336,1461,447,141,68
"G4701190","1970","3","6","Tennessee","47","Maury","119",,,,,,,"Maury","1",,"05",302,1159,960,621,1873,2184,2819,609,419,315,155,720,932,759,2169,3010,3561,1064,448,102
"G4701210","1970","3","6","Tennessee","47","Meigs","121",,,,,,,"Meigs","1",,"08",37,255,210,124,287,163,214,37,32,14,43,186,141,129,324,217,276,86,12,15
"G4701230","1970","3","6","Tennessee","47","Monroe","123",,,,,,,"Monroe","1",,"08",159,981,875,526,1322,770,930,239,103,115,104,724,805,546,1862,796,1111,397,191,53
"G4701250","1970","3","6","Tennessee","47","Montgomery","125",,,,,,,"Montgomery","1",,"04",225,1101,898,634,2084,1962,3758,1310,728,720,215,668,926,692,2350,3060,4412,1429,836,296
"G4701270","1970","3","6","Tennessee","47","Moore","127",,,,,,,"Moore","1",,"05",8,109,121,43,249,208,194,62,20,16,10,49,81,70,295,204,253,82,15,15
"G4701290","1970","3","6","Tennessee","47","Morgan","129",,,,,,,"Morgan","1",,"07",91,513,464,170,782,670,776,89,78,41,61,360,459,230,738,629,830,145,81,20
"G4701310","1970","3","6","Tennessee","47","Obion","131",,,,,,,"Obion","1",,"01",194,842,826,469,1456,1773,1718,469,325,179,131,458,704,576,1723,2277,2712,553,333,79
"G4701330","1970","3","6","Tennessee","47","Overton","133",,,,,,,"Overton","1",,"06",134,670,728,428,991,399,490,83,97,69,80,467,575,456,1333,615,595,209,70,23
"G4701350","1970","3","6","Tennessee","47","Perry","135",,,,,,,"Perry","1",,"03",38,226,187,176,327,232,288,50,37,11,43,167,233,106,443,287,331,53,33,5
"G4701370","1970","3","6","Tennessee","47","Pickett","137",,,,,,,"Pickett","1",,"06",54,210,146,115,266,89,113,16,34,5,10,122,121,152,335,126,189,35,43,5
"G4701390","1970","3","6","Tennessee","47","Polk","139",,,,,,,"Polk","1",,"08",104,537,354,220,517,409,675,128,89,54,83,395,509,224,708,487,743,127,84,41
"G4701410","1970","3","6","Tennessee","47","Putnam","141",,,,,,,"Putnam","1",,"06",211,1160,1002,566,1865,1005,1443,631,415,475,164,838,1139,856,2367,1302,1829,583,388,187
"G4701430","1970","3","6","Tennessee","47","Rhea","143",,,,,,,"Rhea","1",,"08",109,600,422,290,1017,547,946,182,137,89,69,299,532,324,1275,760,1223,235,135,52
"G4701450","1970","3","6","Tennessee","47","Roane","145",,,,,,,"Roane","1",,"08",122,1040,1011,572,1838,1643,2207,652,575,371,122,834,1257,662,2034,2157,3163,777,414,109
"G4701470","1970","3","6","Tennessee","47","Robertson","147",,,,,,,"Robertson","1",,"04",246,986,843,383,1331,1463,1837,366,237,158,139,616,889,432,1380,1773,2517,551,220,77
"G4701490","1970","3","6","Tennessee","47","Rutherford","149",,,,,,,"Rutherford","1",,"05",299,1116,1212,639,2537,2147,3678,1323,871,820,216,667,1042,698,2328,2844,4629,1557,813,446
"G4701510","1970","3","6","Tennessee","47","Scott","151",,,,,,,"Scott","1",,"07",160,764,529,238,780,352,457,196,76,66,86,650,609,294,872,673,525,193,88,14
"G4701530","1970","3","6","Tennessee","47","Sequatchie","153",,,,,,,"Sequatchie","1",,"07",34,216,200,99,404,261,318,47,29,10,30,125,156,167,388,303,418,75,50,5
"G4701550","1970","3","6","Tennessee","47","Sevier","155",,,,,"3840",,"Sevier","1",,"08",187,1016,702,367,1780,1109,1648,430,258,195,108,774,813,503,1944,1376,1866,614,237,65
"G4701570","1970","3","6","Tennessee","47","Shelby","157",,,,,"4920",,"Shelby","0",,"A",2995,11882,12227,8065,16351,31431,44784,17599,11768,9305,2605,9845,12892,9108,19890,44185,65284,19507,11007,4145
"G4701590","1970","3","6","Tennessee","47","Smith","159",,,,,,,"Smith","1",,"05",43,519,381,242,920,524,672,152,63,85,29,318,344,302,1246,605,779,180,104,25
"G4701610","1970","3","6","Tennessee","47","Stewart","161",,,,,,,"Stewart","1",,"03",87,293,268,132,539,323,367,50,40,36,23,202,221,151,624,470,398,115,49,13
"G4701630","1970","3","6","Tennessee","47","Sullivan","163",,,,,"4920",,"Sullivan","1",,"08",552,2580,2969,2259,4287,5340,8690,2928,2444,1470,539,2304,3187,2555,5069,6804,11122,3592,2059,539
"G4701650","1970","3","6","Tennessee","47","Sumner","165",,,,,"5360",,"Sumner","1",,"04",250,1593,1365,784,2545,2365,3575,1110,778,472,180,934,1197,870,2950,2897,4593,1427,616,179
"G4701670","1970","3","6","Tennessee","47","Tipton","167",,,,,,,"Tipton","1",,"01",255,1054,834,490,1187,922,1363,286,138,133,222,878,780,552,1362,1481,1604,322,169,42
"G4701690","1970","3","6","Tennessee","47","Trousdale","169",,,,,,,"Trousdale","1",,"05",146,346,144,88,248,160,248,31,7,34,57,190,166,145,344,267,248,130,39,10
"G4701710","1970","3","6","Tennessee","47","Unicoi","171",,,,,,,"Unicoi","1",,"08",60,447,474,265,786,685,797,295,176,94,121,318,434,350,1021,884,944,392,124,49
"G4701730","1970","3","6","Tennessee","47","Union","173",,,,,,,"Union","1",,"08",49,452,350,142,616,273,387,74,21,15,33,318,413,164,793,322,301,103,37,6
"G4701750","1970","3","6","Tennessee","47","Van Buren","175",,,,,,,"Van Buren","1",,"07",31,182,125,57,286,116,155,34,20,6,31,84,128,88,341,163,184,27,8,0
"G4701770","1970","3","6","Tennessee","47","Warren","177",,,,,,,"Warren","1",,"06",141,678,787,400,1580,1138,1695,382,204,167,85,461,686,599,1867,1593,2034,450,216,30
"G4701790","1970","3","6","Tennessee","47","Washington","179",,,,,,,"Washington","1",,"08",319,1724,2107,1208,3055,3461,4179,1878,1024,995,281,1269,1920,1102,2656,4296,5312,2238,1296,503
"G4701810","1970","3","6","Tennessee","47","Wayne","181",,,,,,,"Wayne","1",,"03",103,495,459,250,804,412,582,47,49,27,23,370,523,284,949,557,604,107,75,9
"G4701830","1970","3","6","Tennessee","47","Weakley","183",,,,,,,"Weakley","1",,"02",185,697,784,496,1869,1239,1517,385,205,288,89,500,774,491,2010,1794,1974,551,280,190
"G4701850","1970","3","6","Tennessee","47","White","185",,,,,,,"White","1",,"06",138,640,508,282,1071,701,679,233,79,94,99,480,493,453,1256,865,1085,185,79,14
"G4701870","1970","3","6","Tennessee","47","Williamson","187",,,,,,,"Williamson","1",,"05",254,1027,630,515,1446,1229,2031,776,714,458,133,573,696,521,1511,1830,2927,900,489,191
"G4701890","1970","3","6","Tennessee","47","Wilson","189",,,,,"5360",,"Wilson","1",,"05",181,813,879,547,2076,1675,2327,718,397,257,194,627,727,447,2114,2282,3252,740,339,166
"G4800010","1970","3","7","Texas","48","Anderson","001",,,,,,,"Anderson","1",,"12",167,732,731,664,917,2065,1559,549,299,291,79,392,570,572,1004,2940,2190,815,292,214
"G4800030","1970","3","7","Texas","48","Andrews","003",,,,,,,"Andrews","1",,"05",27,75,164,113,270,661,891,236,126,112,20,62,82,82,230,880,896,331,127,78
"G4800050","1970","3","7","Texas","48","Angelina","005",,,,,,,"Angelina","1",,"13",260,1089,1404,897,1361,2898,2833,960,630,380,171,681,1142,1035,1390,4118,3455,1046,598,338
"G4800070","1970","3","7","Texas","48","Aransas","007",,,,,,,"Aransas","1",,"11",89,235,201,150,285,472,578,344,100,74,78,180,214,115,226,647,791,364,82,26
"G4800090","1970","3","7","Texas","48","Archer","009",,,,,"9080",,"Archer","1",,"K",22,42,84,118,276,404,388,207,64,29,14,42,94,123,181,466,604,157,65,27
"G4800110","1970","3","7","Texas","48","Armstrong","011",,,,,,,"Armstrong","1",,"04",0,15,57,35,70,178,117,74,51,0,0,18,30,42,52,201,142,100,33,5
"G4800130","1970","3","7","Texas","48","Atascosa","013",,,,,,,"Atascosa","1",,"11",470,654,542,391,474,643,946,268,150,133,506,536,562,326,448,931,1067,392,177,106
"G4800150","1970","3","7","Texas","48","Austin","015",,,,,,,"Austin","1",,"14",89,443,610,598,605,598,698,274,110,93,56,528,693,639,654,875,684,348,112,44
"G4800170","1970","3","7","Texas","48","Bailey","017",,,,,,,"Bailey","1",,"05",89,143,196,121,230,438,590,149,78,99,46,160,194,110,218,489,699,159,103,82
"G4800190","1970","3","7","Texas","48","Bandera","019",,,,,,,"Bandera","1",,"02",22,103,72,132,174,331,369,133,99,54,0,63,93,115,154,564,410,154,28,23
"G4800210","1970","3","7","Texas","48","Bastrop","021",,,,,,,"Bastrop","1",,"09",187,635,713,537,547,923,694,235,147,149,184,545,784,556,635,1214,988,360,113,68
"G4800230","1970","3","7","Texas","48","Baylor","023",,,,,,,"Baylor","1",,"06",37,102,207,142,176,423,296,126,67,43,36,84,150,129,207,605,361,170,71,31
"G4800250","1970","3","7","Texas","48","Bee","025",,,,,,,"Bee","1",,"11",379,512,440,229,358,1076,1238,334,263,217,518,608,340,220,402,1311,1386,499,243,85
"G4800270","1970","3","7","Texas","48","Bell","027",,,,,"9080",,"Bell","1",,"08",407,1248,1517,1314,2303,6011,8133,3039,1653,1482,546,1015,1561,1250,2316,7185,7518,3284,1475,697
"G4800290","1970","3","7","Texas","48","Bexar","029",,,,,"7240",,"Bexar","0",,"F",8621,15592,15452,8704,13635,31745,44672,21923,12116,12748,12309,17472,19552,10467,16822,40854,59092,22247,10998,5669
"G4800310","1970","3","7","Texas","48","Blanco","031",,,,,,,"Blanco","1",,"02",25,38,106,164,124,289,230,66,26,5,25,62,106,85,146,371,319,62,43,13
"G4800330","1970","3","7","Texas","48","Borden","033",,,,,,,"Borden","1",,"06",11,24,24,10,34,31,40,5,29,28,0,11,0,12,12,77,39,19,33,12
"G4800350","1970","3","7","Texas","48","Bosque","035",,,,,"7240",,"Bosque","1",,"07",42,221,282,391,521,920,667,278,191,89,31,122,259,244,459,1493,938,317,162,58
"G4800370","1970","3","7","Texas","48","Bowie","037",,,,,"8360",,"Bowie","0",,"12",311,1442,1545,983,1808,3625,4656,2112,881,632,259,1210,1312,923,2061,5096,6168,1861,824,489
"G4800390","1970","3","7","Texas","48","Brazoria","039",,,,,"3360",,"Brazoria","1",,"14",462,1577,1538,1593,2378,6133,8111,3778,2087,1449,480,1111,1387,1356,1794,6308,9401,2976,1491,562
"G4800410","1970","3","7","Texas","48","Brazos","041",,,,,"1260",,"Brazos","0",,"09",323,1011,787,572,774,1863,1669,1424,1088,2857,329,772,864,567,986,2741,3246,1754,1034,827
"G4800430","1970","3","7","Texas","48","Brewster","043",,,,,,,"Brewster","1",,"01",164,139,134,25,98,218,277,218,138,171,86,178,157,65,151,253,312,312,114,104
"G4800450","1970","3","7","Texas","48","Briscoe","045",,,,,,,"Briscoe","1",,"04",13,69,64,53,44,172,241,59,41,27,29,31,43,57,86,253,191,91,30,21
"G4800470","1970","3","7","Texas","48","Brooks","047",,,,,,,"Brooks","1",,"03",196,376,216,80,154,279,258,132,73,65,236,391,262,105,142,277,406,177,111,17
"G4800490","1970","3","7","Texas","48","Brown","049",,,,,,,"Brown","1",,"06",120,350,500,466,672,1979,1428,889,330,368,114,338,585,466,891,2706,1851,982,474,323
"G4800510","1970","3","7","Texas","48","Burleson","051",,,,,,,"Burleson","1",,"09",136,360,417,290,371,474,496,135,40,86,84,327,415,316,420,676,590,209,59,92
"G4800530","1970","3","7","Texas","48","Burnet","053",,,,,,,"Burnet","1",,"07",65,209,298,300,366,876,779,282,235,131,114,187,195,213,472,1268,972,330,143,84
"G4800550","1970","3","7","Texas","48","Caldwell","055",,,,,,,"Caldwell","1",,"10",351,646,492,418,398,862,820,298,173,182,357,656,591,363,559,1197,1055,381,152,145
"G4800570","1970","3","7","Texas","48","Calhoun","057",,,,,,,"Calhoun","1",,"14",152,321,395,263,378,758,1099,462,207,160,144,356,326,257,308,914,1319,379,241,53
"G4800590","1970","3","7","Texas","48","Callahan","059",,,,,"1260",,"Callahan","1",,"06",17,120,249,130,310,801,437,285,69,59,19,70,124,141,398,1018,689,276,72,73
"G4800610","1970","3","7","Texas","48","Cameron","061",,,,,"1240",,"Cameron","0",,"15",3818,4758,3439,1239,2082,3682,4796,2948,1504,1088,5208,5985,4169,1543,2179,4089,7073,3038,1520,681
"G4800630","1970","3","7","Texas","48","Camp","063",,,,,,,"Camp","1",,"12",76,197,198,140,281,539,426,165,68,46,28,131,201,149,315,849,544,180,80,54
"G4800650","1970","3","7","Texas","48","Carson","065",,,,,,,"Carson","1",,"04",9,62,70,102,188,453,488,196,118,91,32,39,48,120,201,470,629,211,97,76
"G4800670","1970","3","7","Texas","48","Cass","067",,,,,,,"Cass","1",,"12",98,638,588,529,717,1494,1506,505,251,139,115,440,554,537,828,1994,2172,422,276,161
"G4800690","1970","3","7","Texas","48","Castro","069",,,,,,,"Castro","1",,"04",144,295,181,148,170,366,609,223,96,120,102,237,188,106,188,441,654,244,114,59
"G4800710","1970","3","7","Texas","48","Chambers","071",,,,,,,"Chambers","1",,"14",98,340,325,156,335,729,638,323,135,136,58,243,260,274,365,872,806,267,99,47
"G4800730","1970","3","7","Texas","48","Cherokee","073",,,,,,,"Cherokee","1",,"12",248,1134,1185,796,1002,2191,1406,754,293,235,185,839,919,716,1275,3162,2058,912,257,300
"G4800750","1970","3","7","Texas","48","Childress","075",,,,,,,"Childress","1",,"06",15,130,230,150,153,610,450,141,77,59,12,64,113,146,282,838,622,147,102,45
"G4800770","1970","3","7","Texas","48","Clay","077",,,,,,,"Clay","1",,"06",16,102,190,232,353,642,493,200,79,56,20,50,146,144,417,957,621,237,71,35
"G4800790","1970","3","7","Texas","48","Cochran","079",,,,,,,"Cochran","1",,"05",57,131,97,73,137,340,255,108,31,41,66,99,64,67,157,407,364,115,34,26
"G4800810","1970","3","7","Texas","48","Coke","081",,,,,,,"Coke","1",,"02",29,66,60,72,82,244,225,58,41,15,30,67,32,52,111,305,260,118,47,16
"G4800830","1970","3","7","Texas","48","Coleman","083",,,,,"1240",,"Coleman","1",,"06",89,250,335,255,385,772,564,275,133,72,60,155,263,267,427,1162,919,286,185,69
"G4800850","1970","3","7","Texas","48","Collin","085",,,,,"1920",,"Collin","1",,"C",270,979,1170,1155,1553,3593,3945,2087,1456,930,320,659,1208,1039,1678,4734,5388,1932,918,388
"G4800870","1970","3","7","Texas","48","Collingsworth","087",,,,,,,"Collingsworth","1",,"06",13,151,122,76,202,307,304,125,51,29,28,63,91,96,195,544,373,169,60,23
"G4800890","1970","3","7","Texas","48","Colorado","089",,,,,,,"Colorado","1",,"14",133,537,742,592,542,1046,690,281,160,87,84,547,700,723,716,1282,904,320,117,56
"G4800910","1970","3","7","Texas","48","Comal","091",,,,,,,"Comal","1",,"02",348,480,795,547,655,1303,1155,560,391,218,410,532,887,628,718,1557,1587,571,274,105
"G4800930","1970","3","7","Texas","48","Comanche","093",,,,,,,"Comanche","1",,"07",113,171,342,362,428,1116,668,212,126,81,79,173,299,319,511,1538,875,295,117,55
"G4800950","1970","3","7","Texas","48","Concho","095",,,,,,,"Concho","1",,"02",31,109,77,54,53,274,159,68,42,29,43,71,58,56,89,297,211,136,36,6
"G4800970","1970","3","7","Texas","48","Cooke","097",,,,,,,"Cooke","1",,"07",69,330,513,436,736,1320,1508,874,167,241,33,199,365,457,879,1796,2103,781,316,160
"G4800990","1970","3","7","Texas","48","Coryell","099",,,,,,,"Coryell","1",,"07",74,219,299,376,598,1349,2597,690,332,273,53,179,347,320,520,1828,2150,610,306,122
"G4801010","1970","3","7","Texas","48","Cottle","101",,,,,,,"Cottle","1",,"06",31,85,77,64,130,261,191,44,23,28,22,97,59,80,115,311,215,71,53,29
"G4801030","1970","3","7","Texas","48","Crane","103",,,,,,,"Crane","1",,"05",14,41,73,73,126,304,321,129,33,17,11,27,74,51,116,458,273,96,24,15
"G4801050","1970","3","7","Texas","48","Crockett","105",,,,,,,"Crockett","1",,"06",74,59,132,33,61,139,314,136,30,36,73,109,22,40,92,244,255,131,85,0
"G4801070","1970","3","7","Texas","48","Crosby","107",,,,,,,"Crosby","1",,"05",80,245,184,114,221,637,508,155,69,45,119,201,136,133,266,654,707,215,63,34
"G4801090","1970","3","7","Texas","48","Culberson","109",,,,,,,"Culberson","1",,"01",55,87,74,30,60,101,159,87,57,57,63,84,82,51,67,117,171,62,42,28
"G4801110","1970","3","7","Texas","48","Dallam","111",,,,,,,"Dallam","1",,"04",66,86,84,111,232,414,424,128,80,22,28,41,101,78,149,483,508,194,76,50
"G4801130","1970","3","7","Texas","48","Dallas","113",,,,,"1920",,"Dallas","0",,"C",4248,13338,18315,14630,22584,66719,76921,47603,34388,28920,4238,9769,16767,15609,25293,89805,116502,49427,26851,10397
"G4801150","1970","3","7","Texas","48","Dawson","115",,,,,,,"Dawson","1",,"05",234,460,349,243,416,996,757,377,191,131,262,301,370,334,402,1221,1003,365,227,111
"G4801170","1970","3","7","Texas","48","Deaf Smith","117",,,,,,,"Deaf Smith","1",,"04",236,376,280,266,410,894,932,502,224,211,238,286,213,220,415,1025,1143,648,171,151
"G4801190","1970","3","7","Texas","48","Delta","119",,,,,,,"Delta","1",,"08",24,174,119,106,230,389,287,125,34,26,29,82,171,95,241,530,446,108,13,39
"G4801210","1970","3","7","Texas","48","Denton","121",,,,,"1920",,"Denton","1",,"O",284,722,973,864,1468,3848,3605,2355,1344,1579,310,450,857,826,1428,4408,5011,2335,1596,1187
"G4801230","1970","3","7","Texas","48","DeWitt","123",,,,,,,"De Witt","1",,"11",316,695,739,514,584,1023,790,260,123,156,282,764,843,518,821,1407,951,371,204,85
"G4801250","1970","3","7","Texas","48","Dickens","125",,,,,,,"Dickens","1",,"06",63,53,93,101,147,347,186,70,17,49,17,31,74,105,136,454,307,92,52,5
"G4801270","1970","3","7","Texas","48","Dimmit","127",,,,,,,"Dimmit","1",,"03",479,452,178,145,122,193,199,71,47,49,393,476,205,73,174,316,289,67,75,32
"G4801290","1970","3","7","Texas","48","Donley","129",,,,,,,"Donley","1",,"06",0,85,99,76,137,312,162,130,42,36,0,21,127,60,140,411,278,161,55,25
"G4801310","1970","3","7","Texas","48","Duval","131",,,,,,,"Duval","1",,"03",341,568,364,235,230,422,450,125,51,49,409,575,393,236,250,529,502,129,121,25
"G4801330","1970","3","7","Texas","48","Eastland","133",,,,,"1920",,"Eastland","1",,"07",69,364,551,381,779,1300,853,643,184,204,47,287,528,436,938,1971,1393,594,224,152
"G4801350","1970","3","7","Texas","48","Ector","135",,,,,"5800",,"Ector","0",,"05",450,1188,1393,1038,1930,5053,6334,3220,1342,894,363,905,1125,1082,1749,5880,8171,2775,1233,464
"G4801370","1970","3","7","Texas","48","Edwards","137",,,,,"5800",,"Edwards","1",,"16",18,88,21,30,61,77,89,56,31,16,13,85,34,18,40,119,97,59,76,11
"G4801390","1970","3","7","Texas","48","Ellis","139",,,,,"1920",,"Ellis","1",,"C",348,1073,1142,730,1303,2646,2925,1145,459,390,369,903,1050,947,1229,3699,3762,1049,685,204
"G4801410","1970","3","7","Texas","48","El Paso","141",,,,,"2320",,"El Paso","0",,"A",3316,6442,6215,2524,5438,10326,20604,10176,6493,4595,4731,8734,9374,2909,6900,12904,25163,8732,5292,2210
"G4801430","1970","3","7","Texas","48","Erath","143",,,,,,,"Erath","1",,"07",49,211,380,316,683,1413,952,399,237,314,35,117,323,400,625,2089,1342,682,244,129
"G4801450","1970","3","7","Texas","48","Falls","145",,,,,,,"Falls","1",,"08",245,596,649,512,488,1147,718,211,137,149,190,564,674,483,669,1668,930,340,172,136
"G4801470","1970","3","7","Texas","48","Fannin","147",,,,,,,"Fannin","1",,"08",105,531,657,601,957,1906,1292,509,139,206,88,294,720,608,1059,2504,1616,602,202,146
"G4801490","1970","3","7","Texas","48","Fayette","149",,,,,,,"Fayette","1",,"10",111,765,1055,908,794,697,689,292,203,127,86,673,1173,1070,914,1184,807,188,188,58
"G4801510","1970","3","7","Texas","48","Fisher","151",,,,,,,"Fisher","1",,"06",120,129,216,133,217,525,318,132,14,65,99,122,215,183,219,592,433,143,56,36
"G4801530","1970","3","7","Texas","48","Floyd","153",,,,,,,"Floyd","1",,"04",96,279,253,146,308,685,642,215,143,52,92,176,198,190,275,816,892,227,154,46
"G4801550","1970","3","7","Texas","48","Foard","155",,,,,,,"Foard","1",,"06",26,69,61,72,84,215,66,44,30,30,34,49,100,45,73,292,107,82,40,9
"G4801570","1970","3","7","Texas","48","Fort Bend","157",,,,,"3360",,"Fort Bend","0",,"14",644,1538,1609,933,1262,2402,2427,1060,497,433,702,1372,1493,962,1021,2721,2839,860,457,214
"G4801590","1970","3","7","Texas","48","Franklin","159",,,,,,,"Franklin","1",,"12",32,143,142,88,186,470,355,115,25,57,25,63,72,191,255,687,375,89,68,29
"G4801610","1970","3","7","Texas","48","Freestone","161",,,,,,,"Freestone","1",,"09",56,297,354,301,494,894,479,182,71,84,28,191,308,291,545,1228,789,250,145,74
"G4801630","1970","3","7","Texas","48","Frio","163",,,,,,,"Frio","1",,"11",447,366,168,103,204,448,354,156,134,79,472,389,245,104,205,477,464,226,126,54
"G4801650","1970","3","7","Texas","48","Gaines","165",,,,,"3360",,"Gaines","1",,"05",124,238,226,195,299,679,541,300,125,162,99,111,224,157,268,863,762,294,112,90
"G4801670","1970","3","7","Texas","48","Galveston","167",,,,,"2920",,"Galveston","0",,"M",947,2867,3774,2945,3426,9712,9665,4441,2530,3310,964,2324,3239,2756,3741,12515,13438,4768,2299,1285
"G4801690","1970","3","7","Texas","48","Garza","169",,,,,,,"Garza","1",,"06",65,117,134,84,125,376,274,89,56,33,49,103,101,124,101,552,342,129,46,12
"G4801710","1970","3","7","Texas","48","Gillespie","171",,,,,,,"Gillespie","1",,"02",72,193,349,431,392,523,585,251,143,131,54,265,453,638,397,608,722,266,86,49
"G4801730","1970","3","7","Texas","48","Glasscock","173",,,,,,,"Glasscock","1",,"16",25,16,17,24,33,98,64,24,0,12,0,24,6,13,18,116,57,58,10,11
"G4801750","1970","3","7","Texas","48","Goliad","175",,,,,,,"Goliad","1",,"11",126,192,191,135,113,141,222,105,27,29,98,166,135,183,174,209,287,135,83,18
"G4801770","1970","3","7","Texas","48","Gonzales","177",,,,,,,"Gonzales","1",,"10",322,723,616,456,397,837,676,152,169,69,418,527,535,561,532,1160,841,327,127,53
"G4801790","1970","3","7","Texas","48","Gray","179",,,,,"2920",,"Gray","1",,"04",61,296,441,298,744,1851,2079,930,458,390,50,209,383,335,754,2102,2819,1039,492,228
"G4801810","1970","3","7","Texas","48","Grayson","181",,,,,"7640",,"Grayson","0",,"08",208,1298,1639,1239,2425,4364,5677,2510,1342,1067,167,778,1635,1591,2608,6924,7455,2545,1109,594
"G4801830","1970","3","7","Texas","48","Gregg","183",,,,,,,"Gregg","1",,"12",302,1079,1337,882,1478,4181,5065,2878,1362,1023,179,784,1149,1082,1842,6026,6965,3050,962,526
"G4801850","1970","3","7","Texas","48","Grimes","185",,,,,"7640",,"Grimes","1",,"10",102,522,334,305,390,650,442,251,73,88,84,350,444,437,505,888,587,276,114,100
"G4801870","1970","3","7","Texas","48","Guadalupe","187",,,,,"7240",,"Guadalupe","1",,"10",413,846,831,673,941,1617,1699,713,356,368,592,982,1061,602,906,2025,2006,809,420,194
"G4801890","1970","3","7","Texas","48","Hale","189",,,,,,,"Hale","1",,"04",401,673,717,436,807,1855,1829,800,542,309,340,669,590,452,685,2215,2612,955,562,176
"G4801910","1970","3","7","Texas","48","Hall","191",,,,,,,"Hall","1",,"06",26,167,169,167,245,387,303,184,48,34,29,94,157,105,286,598,471,187,52,34
"G4801930","1970","3","7","Texas","48","Hamilton","193",,,,,,,"Hamilton","1",,"07",23,140,252,220,293,615,487,212,45,57,9,130,265,189,362,831,583,288,69,83
"G4801950","1970","3","7","Texas","48","Hansford","195",,,,,,,"Hansford","1",,"04",36,61,87,89,224,345,485,205,106,68,9,45,71,48,152,413,571,269,62,53
"G4801970","1970","3","7","Texas","48","Hardeman","197",,,,,,,"Hardeman","1",,"06",38,208,235,132,239,529,363,96,78,58,11,135,234,151,323,784,529,143,66,31
"G4801990","1970","3","7","Texas","48","Hardin","199",,,,,"7240",,"Hardin","1",,"13",193,712,758,681,525,1922,1799,617,314,251,156,545,637,492,682,2788,2034,540,346,127
"G4802010","1970","3","7","Texas","48","Harris","201",,,,,"3360",,"Harris","0",,"G",7125,21703,29015,21368,31036,90326,88911,59017,43841,39453,7151,16819,26827,20117,32340,118206,131917,59841,32674,14889
"G4802030","1970","3","7","Texas","48","Harrison","203",,,,,,,"Harrison","1",,"12",272,892,1103,807,1080,2517,2371,1064,602,511,226,637,1044,1018,1204,3366,3539,1231,731,364
"G4802050","1970","3","7","Texas","48","Hartley","205",,,,,,,"Hartley","1",,"04",13,14,48,21,38,145,296,93,38,70,0,12,11,23,44,201,337,149,42,32
"G4802070","1970","3","7","Texas","48","Haskell","207",,,,,,,"Haskell","1",,"06",85,155,246,219,314,644,585,131,95,53,69,195,198,253,286,755,796,249,82,17
"G4802090","1970","3","7","Texas","48","Hays","209",,,,,,,"Hays","1",,"02",455,627,453,271,464,610,831,675,334,588,730,629,461,210,321,873,1137,754,471,358
"G4802110","1970","3","7","Texas","48","Hemphill","211",,,,,,,"Hemphill","1",,"04",38,23,33,36,109,161,305,84,38,33,6,14,37,45,112,210,334,114,28,24
"G4802130","1970","3","7","Texas","48","Henderson","213",,,,,"3360",,"Henderson","1",,"12",160,669,800,485,779,1848,1267,764,251,250,149,408,620,497,1009,2516,1911,827,246,128
"G4802150","1970","3","7","Texas","48","Hidalgo","215",,,,,"4880",,"Hidalgo","0",,"15",5989,7326,4195,1546,2316,4052,5517,2893,1603,1421,7216,8959,5359,1902,2672,4298,6920,3041,2077,747
"G4802170","1970","3","7","Texas","48","Hill","217",,,,,,,"Hill","1",,"08",131,513,662,541,807,1809,1274,590,113,179,67,426,601,432,1013,2404,1708,693,309,138
"G4802190","1970","3","7","Texas","48","Hockley","219",,,,,,,"Hockley","1",,"05",258,473,414,353,470,1075,1084,470,191,168,219,260,371,303,407,1426,1370,562,251,98
"G4802210","1970","3","7","Texas","48","Hood","221",,,,,,,"Hood","1",,"07",35,82,192,173,237,510,347,223,62,20,11,72,181,102,193,646,589,103,131,71
"G4802230","1970","3","7","Texas","48","Hopkins","223",,,,,,,"Hopkins","1",,"12",88,426,469,534,755,1382,1343,527,192,198,39,303,495,469,790,1871,1705,585,285,142
"G4802250","1970","3","7","Texas","48","Houston","225",,,,,,,"Houston","1",,"12",201,565,677,504,646,1375,659,324,151,93,101,320,446,372,547,1783,955,411,164,131
"G4802270","1970","3","7","Texas","48","Howard","227",,,,,,,"Howard","1",,"05",295,501,664,526,765,1806,2705,1252,614,446,319,357,598,500,796,2492,3241,1247,503,237
"G4802290","1970","3","7","Texas","48","Hudspeth","229",,,,,,,"Hudspeth","1",,"01",59,72,55,7,58,63,134,36,14,25,38,94,57,11,21,112,96,35,22,42
"G4802310","1970","3","7","Texas","48","Hunt","231",,,,,,,"Hunt","1",,"08",207,689,831,635,1357,2522,2672,1429,781,983,135,553,814,829,1256,3975,3355,1547,849,524
"G4802330","1970","3","7","Texas","48","Hutchinson","233",,,,,,,"Hutchinson","1",,"04",65,235,326,330,812,1465,2052,921,452,353,67,148,276,314,698,1891,2583,882,420,221
"G4802350","1970","3","7","Texas","48","Irion","235",,,,,,,"Irion","1",,"16",9,26,18,5,68,87,15,55,16,5,0,17,38,19,25,74,51,75,0,15
"G4802370","1970","3","7","Texas","48","Jack","237",,,,,,,"Jack","1",,"07",6,113,197,154,311,474,551,89,58,83,8,86,132,169,337,703,624,156,43,41
"G4802390","1970","3","7","Texas","48","Jackson","239",,,,,,,"Jackson","1",,"14",139,361,387,329,348,615,743,250,90,91,111,267,400,377,313,877,888,276,114,67
"G4802410","1970","3","7","Texas","48","Jasper","241",,,,,,,"Jasper","1",,"13",200,662,723,429,756,1580,1286,401,245,148,113,447,726,491,793,2145,1573,552,189,134
"G4802430","1970","3","7","Texas","48","Jeff Davis","243",,,,,"4880",,"Jeff Davis","1",,"01",56,65,62,23,11,34,86,48,18,18,38,53,84,17,10,35,70,70,36,28
"G4802450","1970","3","7","Texas","48","Jefferson","245",,,,,"0840",,"Jefferson","0",,"H",1804,4633,4442,2839,4486,13716,15614,6826,3972,3390,1639,3674,4767,3544,4967,19092,19231,7309,3314,1722
"G4802470","1970","3","7","Texas","48","Jim Hogg","247",,,,,,,"Jim Hogg","1",,"03",150,291,164,53,82,150,165,21,37,14,206,248,221,87,110,155,189,21,29,12
"G4802490","1970","3","7","Texas","48","Jim Wells","249",,,,,"0840",,"Jim Wells","1",,"11",722,1259,793,451,562,1316,1345,637,298,249,789,1144,935,537,542,1642,1731,621,314,188
"G4802510","1970","3","7","Texas","48","Johnson","251",,,,,"2800",,"Johnson","0",,"B",173,510,970,775,1449,3156,3197,1217,496,377,98,316,915,775,1335,4222,4127,1285,490,189
"G4802530","1970","3","7","Texas","48","Jones","253",,,,,"0040",,"Jones","0",,"P",164,376,411,410,587,1229,828,365,173,108,149,247,547,362,538,1696,1176,447,169,65
"G4802550","1970","3","7","Texas","48","Karnes","255",,,,,"0040",,"Karnes","1",,"11",345,472,475,260,310,634,508,181,95,78,334,528,409,297,378,803,654,219,140,50
"G4802570","1970","3","7","Texas","48","Kaufman","257",,,,,"1920",,"Kaufman","1",,"08",270,928,1155,806,887,2237,1700,505,248,217,209,646,1112,858,1090,2893,2440,614,265,236
"G4802590","1970","3","7","Texas","48","Kendall","259",,,,,,,"Kendall","1",,"02",69,86,160,234,224,434,366,235,98,124,61,103,216,219,200,629,461,248,88,39
"G4802610","1970","3","7","Texas","48","Kenedy","261",,,,,,,"Kenedy","1",,"03",38,43,31,5,5,18,17,0,8,5,39,32,27,6,13,0,27,13,7,0
"G4802630","1970","3","7","Texas","48","Kent","263",,,,,,,"Kent","1",,"06",11,26,29,32,52,141,107,76,6,6,6,6,17,42,42,188,151,43,7,5
"G4802650","1970","3","7","Texas","48","Kerr","265",,,,,,,"Kerr","1",,"02",101,312,500,477,523,1184,1214,771,347,341,101,212,492,398,596,1766,1853,940,481,201
"G4802670","1970","3","7","Texas","48","Kimble","267",,,,,,,"Kimble","1",,"16",43,81,125,74,104,255,255,73,45,38,17,55,72,102,97,230,365,182,67,12
"G4802690","1970","3","7","Texas","48","King","269",,,,,,,"King","1",,"06",5,3,10,6,19,61,31,14,0,4,3,4,4,0,0,57,41,22,6,0
"G4802710","1970","3","7","Texas","48","Kinney","271",,,,,,,"Kinney","1",,"16",37,111,84,11,57,73,59,35,5,10,67,141,92,20,19,69,65,48,5,9
"G4802730","1970","3","7","Texas","48","Kleberg","273",,,,,,,"Kleberg","1",,"03",236,676,539,270,589,845,1336,863,579,561,393,633,652,323,413,1201,1501,836,533,339
"G4802750","1970","3","7","Texas","48","Knox","275",,,,,,,"Knox","1",,"06",35,153,172,104,172,429,420,130,38,46,49,109,170,178,228,504,555,128,69,15
"G4802770","1970","3","7","Texas","48","Lamar","277",,,,,,,"Lamar","1",,"08",148,850,918,646,1103,2196,2207,844,416,379,123,545,783,872,1288,3035,2932,1158,528,262
"G4802790","1970","3","7","Texas","48","Lamb","279",,,,,,,"Lamb","1",,"05",203,408,441,248,526,1277,962,365,141,144,228,326,397,280,435,1426,1350,443,219,120
"G4802810","1970","3","7","Texas","48","Lampasas","281",,,,,,,"Lampasas","1",,"07",86,86,141,212,286,681,716,155,91,84,74,100,184,102,297,744,897,322,106,85
"G4802830","1970","3","7","Texas","48","La Salle","283",,,,,,,"La Salle","1",,"03",201,231,168,64,110,152,113,39,54,29,346,183,117,83,70,216,163,75,51,14
"G4802850","1970","3","7","Texas","48","Lavaca","285",,,,,,,"Lavaca","1",,"10",120,724,836,573,697,840,854,272,182,154,134,669,940,816,864,1263,972,196,180,106
"G4802870","1970","3","7","Texas","48","Lee","287",,,,,,,"Lee","1",,"09",17,265,368,364,408,358,401,116,50,67,34,227,513,339,368,578,392,115,62,29
"G4802890","1970","3","7","Texas","48","Leon","289",,,,,"1920",,"Leon","1",,"09",77,288,281,182,266,702,381,182,93,84,51,172,283,276,313,877,593,236,113,48
"G4802910","1970","3","7","Texas","48","Liberty","291",,,,,"3360",,"Liberty","1",,"14",376,844,965,658,922,2076,1673,685,188,281,178,734,901,747,1009,2677,2064,664,293,144
"G4802930","1970","3","7","Texas","48","Limestone","293",,,,,,,"Limestone","1",,"08",362,309,415,354,631,1323,888,347,150,93,1045,307,533,468,618,1833,1182,518,216,125
"G4802950","1970","3","7","Texas","48","Lipscomb","295",,,,,,,"Lipscomb","1",,"04",0,46,44,50,162,197,345,62,101,29,13,12,60,22,156,189,410,172,82,0
"G4802970","1970","3","7","Texas","48","Live Oak","297",,,,,,,"Live Oak","1",,"11",140,201,158,168,258,341,360,104,21,38,160,176,138,159,169,498,366,162,66,65
"G4802990","1970","3","7","Texas","48","Llano","299",,,,,,,"Llano","1",,"02",18,92,174,178,364,557,550,257,100,100,5,103,200,137,311,700,780,347,121,68
"G4803010","1970","3","7","Texas","48","Loving","301",,,,,"3360",,"Loving","1",,"01",6,0,0,12,0,0,8,0,0,0,0,7,0,8,0,0,0,0,0,0
"G4803030","1970","3","7","Texas","48","Lubbock","303",,,,,"4600",,"Lubbock","0",,"L",1132,2442,2415,1892,2781,6707,9239,5950,3476,3313,1116,2103,2335,1902,3023,9259,12785,6030,2999,1795
"G4803050","1970","3","7","Texas","48","Lynn","305",,,,,,,"Lynn","1",,"05",123,185,301,135,232,586,464,168,67,55,128,201,223,165,203,739,525,209,97,31
"G4803070","1970","3","7","Texas","48","McCulloch","307",,,,,"4600",,"Mc Culloch","1",,"02",97,252,254,140,241,661,409,273,66,74,102,211,226,181,285,723,631,355,132,50
"G4803090","1970","3","7","Texas","48","McLennan","309",,,,,"8800",,"Mc Lennan","0",,"D",636,2446,3323,2291,3560,8934,8475,4166,2449,2218,732,1949,3022,2354,3913,12150,11577,4518,2585,1252
"G4803110","1970","3","7","Texas","48","McMullen","311",,,,,,,"Mc Mullen","1",,"03",26,51,36,14,26,89,78,6,16,5,27,36,22,9,23,113,52,17,23,0
"G4803130","1970","3","7","Texas","48","Madison","313",,,,,,,"Madison","1",,"09",32,168,192,143,204,465,330,183,67,119,17,95,184,112,204,809,415,193,114,51
"G4803150","1970","3","7","Texas","48","Marion","315",,,,,,,"Marion","1",,"12",90,306,229,242,234,514,438,156,88,34,19,151,273,155,316,807,584,214,118,21
"G4803170","1970","3","7","Texas","48","Martin","317",,,,,,,"Martin","1",,"05",110,130,111,68,126,263,214,87,81,24,81,161,78,63,103,400,226,102,32,25
"G4803190","1970","3","7","Texas","48","Mason","319",,,,,,,"Mason","1",,"02",31,90,131,48,138,289,183,97,15,18,48,58,118,93,120,318,270,106,58,20
"G4803210","1970","3","7","Texas","48","Matagorda","321",,,,,,,"Matagorda","1",,"14",352,662,759,523,766,1328,1337,674,411,277,272,535,694,549,626,1965,1938,778,312,179
"G4803230","1970","3","7","Texas","48","Maverick","323",,,,,,,"Maverick","1",,"03",428,928,543,112,150,454,363,240,195,163,570,972,883,201,251,439,584,168,116,61
"G4803250","1970","3","7","Texas","48","Medina","325",,,,,,,"Medina","1",,"02",497,617,556,327,476,838,1141,343,134,112,625,579,425,398,492,1143,1204,291,187,75
"G4803270","1970","3","7","Texas","48","Menard","327",,,,,"8800",,"Menard","1",,"16",31,78,38,99,74,228,85,69,45,28,32,123,70,47,67,285,128,74,54,0
"G4803290","1970","3","7","Texas","48","Midland","329",,,,,"5040",,"Midland","0",,"05",257,642,707,484,934,2278,3854,2420,3052,1667,315,448,669,447,872,3357,5840,3425,1893,618
"G4803310","1970","3","7","Texas","48","Milam","331",,,,,,,"Milam","1",,"08",184,560,603,505,675,1331,1085,368,180,118,156,452,623,597,691,1787,1382,459,196,144
"G4803330","1970","3","7","Texas","48","Mills","333",,,,,,,"Mills","1",,"07",0,79,143,126,168,398,284,119,17,44,10,78,115,77,168,490,391,178,62,0
"G4803350","1970","3","7","Texas","48","Mitchell","335",,,,,,,"Mitchell","1",,"06",115,221,226,167,319,572,454,250,67,92,118,174,238,182,210,789,625,247,202,64
"G4803370","1970","3","7","Texas","48","Montague","337",,,,,"5040",,"Montague","1",,"07",41,297,428,404,721,1175,965,265,139,95,56,163,410,343,699,1825,1211,347,185,100
"G4803390","1970","3","7","Texas","48","Montgomery","339",,,,,"3360",,"Montgomery","0",,"13",213,968,1088,818,1108,2891,3291,1234,926,445,179,593,912,836,1175,4063,3868,1159,576,279
"G4803410","1970","3","7","Texas","48","Moore","341",,,,,,,"Moore","1",,"04",38,170,195,143,476,737,1178,395,151,190,33,55,159,73,383,897,1428,391,129,110
"G4803430","1970","3","7","Texas","48","Morris","343",,,,,,,"Morris","1",,"12",91,218,266,303,323,937,618,278,81,96,59,125,298,235,304,1212,1010,223,189,82
"G4803450","1970","3","7","Texas","48","Motley","345",,,,,,,"Motley","1",,"06",22,60,47,50,74,182,118,63,17,15,11,61,47,89,66,245,133,70,18,9
"G4803470","1970","3","7","Texas","48","Nacogdoches","347",,,,,,,"Nacogdoches","1",,"12",192,798,735,584,755,1667,1412,920,368,717,126,428,651,713,861,2402,2044,872,545,566
"G4803490","1970","3","7","Texas","48","Navarro","349",,,,,,,"Navarro","1",,"08",122,768,892,677,863,2278,1566,760,336,315,179,652,907,804,1031,3421,2024,1054,319,230
"G4803510","1970","3","7","Texas","48","Newton","351",,,,,,,"Newton","1",,"13",99,316,410,188,376,710,649,90,130,51,70,230,191,315,426,873,898,106,102,48
"G4803530","1970","3","7","Texas","48","Nolan","353",,,,,"3360",,"Nolan","1",,"06",88,369,404,389,449,1155,875,376,191,166,91,218,392,358,511,1727,1174,421,162,128
"G4803550","1970","3","7","Texas","48","Nueces","355",,,,,"1880",,"Nueces","0",,"N",2894,4512,4360,2300,3740,9709,13561,6720,3980,3095,3598,5418,4480,2682,3855,11393,17050,7037,3359,1392
"G4803570","1970","3","7","Texas","48","Ochiltree","357",,,,,,,"Ochiltree","1",,"04",5,78,110,103,181,642,882,319,160,79,13,50,77,88,181,611,1059,312,136,31
"G4803590","1970","3","7","Texas","48","Oldham","359",,,,,"1880",,"Oldham","1",,"04",0,25,27,34,63,116,137,65,6,27,0,7,21,11,63,119,217,49,13,32
"G4803610","1970","3","7","Texas","48","Orange","361",,,,,"0840",,"Orange","0",,"H",301,1131,1436,1192,1284,4136,5137,1545,780,646,315,839,1307,1057,1469,5687,5694,1133,605,339
"G4803630","1970","3","7","Texas","48","Palo Pinto","363",,,,,,,"Palo Pinto","1",,"07",52,359,481,334,708,1534,1842,1169,504,382,65,180,458,462,650,2060,2355,851,439,148
"G4803650","1970","3","7","Texas","48","Panola","365",,,,,,,"Panola","1",,"12",87,428,392,368,446,1080,807,392,174,140,84,328,480,405,438,1486,1125,515,202,116
"G4803670","1970","3","7","Texas","48","Parker","367",,,,,,,"Parker","1",,"07",85,289,587,634,873,2186,2304,1287,403,362,95,243,460,489,910,2694,2803,1000,363,155
"G4803690","1970","3","7","Texas","48","Parmer","369",,,,,,,"Parmer","1",,"04",90,168,205,158,327,542,710,256,112,70,94,127,111,132,195,636,787,278,140,34
"G4803710","1970","3","7","Texas","48","Pecos","371",,,,,,,"Pecos","1",,"01",225,296,400,111,259,655,783,350,140,130,216,174,309,205,218,849,842,308,193,59
"G4803730","1970","3","7","Texas","48","Polk","373",,,,,"0840",,"Polk","1",,"13",148,533,470,376,541,804,641,261,84,109,87,361,541,347,495,1284,818,237,100,90
"G4803750","1970","3","7","Texas","48","Potter","375",,,,,"0320",,"Potter","0",,"J",233,966,1356,1134,2310,5449,6203,2965,1294,902,228,677,1337,1175,2369,7009,8473,3225,1170,746
"G4803770","1970","3","7","Texas","48","Presidio","377",,,,,,,"Presidio","1",,"01",194,233,171,56,77,128,144,106,41,33,192,380,166,38,95,120,221,80,95,21
"G4803790","1970","3","7","Texas","48","Rains","379",,,,,,,"Rains","1",,"12",5,161,164,95,198,269,186,60,24,19,25,89,59,126,172,428,252,45,30,40
"G4803810","1970","3","7","Texas","48","Randall","381",,,,,"0320",,"Randall","0",,"J",30,129,258,209,619,1960,3896,2661,1652,1508,44,121,186,169,645,2394,5355,2822,1372,734
"G4803830","1970","3","7","Texas","48","Reagan","383",,,,,,,"Reagan","1",,"16",14,68,40,59,88,180,278,82,23,33,10,16,58,44,48,272,301,85,12,19
"G4803850","1970","3","7","Texas","48","Real","385",,,,,,,"Real","1",,"16",23,66,63,38,97,126,50,53,13,20,24,39,38,33,54,227,91,51,22,8
"G4803870","1970","3","7","Texas","48","Red River","387",,,,,,,"Red River","1",,"12",74,558,547,431,630,918,622,234,79,67,38,322,523,456,662,1535,803,344,128,35
"G4803890","1970","3","7","Texas","48","Reeves","389",,,,,,,"Reeves","1",,"01",410,450,342,199,320,700,789,277,155,101,274,452,329,146,345,783,1043,337,99,60
"G4803910","1970","3","7","Texas","48","Refugio","391",,,,,,,"Refugio","1",,"11",188,263,197,183,191,565,518,173,54,58,259,249,175,158,242,615,642,199,85,29
"G4803930","1970","3","7","Texas","48","Roberts","393",,,,,,,"Roberts","1",,"04",6,0,11,16,29,105,71,41,10,5,9,0,16,0,16,137,65,44,24,4
"G4803950","1970","3","7","Texas","48","Robertson","395",,,,,"0320",,"Robertson","1",,"09",131,562,611,291,380,763,736,168,131,74,147,456,519,449,422,1191,887,201,130,121
"G4803970","1970","3","7","Texas","48","Rockwall","397",,,,,"1920",,"Rockwall","1",,"08",34,123,85,87,184,582,467,125,144,51,58,92,136,114,197,598,614,191,93,62
"G4803990","1970","3","7","Texas","48","Runnels","399",,,,,,,"Runnels","1",,"06",152,329,409,319,419,938,495,192,136,64,156,260,338,363,473,1339,636,275,118,103
"G4804010","1970","3","7","Texas","48","Rusk","401",,,,,,,"Rusk","1",,"12",239,698,864,634,1040,2451,2018,1023,269,250,177,430,801,744,1176,3339,2883,1001,322,269
"G4804030","1970","3","7","Texas","48","Sabine","403",,,,,,,"Sabine","1",,"13",63,333,302,193,167,414,301,96,65,81,45,182,311,197,295,595,368,58,64,41
"G4804050","1970","3","7","Texas","48","San Augustine","405",,,,,,,"San Augustine","1",,"13",42,248,359,221,192,475,286,109,67,49,44,218,287,204,279,619,484,124,63,66
"G4804070","1970","3","7","Texas","48","San Jacinto","407",,,,,"1920",,"San Jacinto","1",,"13",93,368,281,124,184,397,251,60,38,17,85,168,233,243,281,476,267,128,58,20
"G4804090","1970","3","7","Texas","48","San Patricio","409",,,,,"1880",,"San Patricio","1",,"11",1175,1337,930,527,906,1753,2248,1045,637,344,1316,1413,967,487,818,2247,2629,1029,606,115
"G4804110","1970","3","7","Texas","48","San Saba","411",,,,,,,"San Saba","1",,"02",72,117,185,151,173,539,278,89,53,28,50,78,107,193,214,684,372,162,53,23
"G4804130","1970","3","7","Texas","48","Schleicher","413",,,,,,,"Schleicher","1",,"16",33,70,47,49,34,133,213,47,29,23,16,33,55,49,31,184,198,97,79,21
"G4804150","1970","3","7","Texas","48","Scurry","415",,,,,,,"Scurry","1",,"06",93,316,314,218,410,1071,1033,395,192,187,114,190,368,238,458,1235,1308,464,211,70
"G4804170","1970","3","7","Texas","48","Shackelford","417",,,,,,,"Shackelford","1",,"06",6,38,116,63,112,347,192,117,20,28,5,34,65,84,119,441,255,129,78,6
"G4804190","1970","3","7","Texas","48","Shelby","419",,,,,,,"Shelby","1",,"12",161,607,678,615,664,1180,941,313,140,134,126,344,611,602,722,1926,1228,427,124,161
"G4804210","1970","3","7","Texas","48","Sherman","421",,,,,"1880",,"Sherman","1",,"04",0,62,43,35,99,202,274,125,91,28,0,29,8,25,85,213,300,192,53,30
"G4804230","1970","3","7","Texas","48","Smith","423",,,,,"8640",,"Smith","0",,"12",264,1538,1832,1465,2051,5376,5771,3674,1734,1235,205,1008,1585,1440,2311,7355,8557,3841,1674,766
"G4804250","1970","3","7","Texas","48","Somervell","425",,,,,,,"Somervell","1",,"07",7,75,70,83,128,255,159,40,23,18,6,17,45,98,164,248,263,41,24,18
"G4804270","1970","3","7","Texas","48","Starr","427",,,,,,,"Starr","1",,"03",747,875,499,180,166,469,396,109,155,121,884,975,673,221,226,356,650,124,171,28
"G4804290","1970","3","7","Texas","48","Stephens","429",,,,,,,"Stephens","1",,"06",25,136,179,192,392,663,512,273,52,81,35,82,208,195,294,1126,612,275,78,35
"G4804310","1970","3","7","Texas","48","Sterling","431",,,,,,,"Sterling","1",,"16",5,23,34,6,26,77,41,31,29,10,10,8,11,24,12,86,75,37,18,9
"G4804330","1970","3","7","Texas","48","Stonewall","433",,,,,,,"Stonewall","1",,"06",4,66,49,88,104,130,192,53,10,42,9,63,60,39,141,228,208,28,38,12
"G4804350","1970","3","7","Texas","48","Sutton","435",,,,,,,"Sutton","1",,"16",111,104,51,67,49,129,126,93,65,49,117,82,74,25,50,132,228,123,56,8
"G4804370","1970","3","7","Texas","48","Swisher","437",,,,,"8640",,"Swisher","1",,"04",117,200,208,220,246,692,526,225,155,82,135,163,150,163,270,788,704,265,115,102
"G4804390","1970","3","7","Texas","48","Tarrant","439",,,,,"2800",,"Tarrant","0",,"B",2026,6752,10637,8952,13424,40635,43476,26303,14810,12520,2086,4843,9589,8638,14782,55134,59450,23610,11776,5157
"G4804410","1970","3","7","Texas","48","Taylor","441",,,,,"0040",,"Taylor","0",,"P",561,1194,1232,1063,1673,4469,6524,3145,1835,1469,619,828,1127,1022,1748,6263,8889,3542,1851,877
"G4804430","1970","3","7","Texas","48","Terrell","443",,,,,,,"Terrell","1",,"16",37,33,52,21,64,109,81,79,21,9,56,50,52,14,22,127,115,76,28,10
"G4804450","1970","3","7","Texas","48","Terry","445",,,,,,,"Terry","1",,"05",195,282,265,229,327,690,895,314,197,88,194,280,213,167,327,848,1138,312,180,57
"G4804470","1970","3","7","Texas","48","Throckmorton","447",,,,,,,"Throckmorton","1",,"06",21,8,51,30,77,175,186,82,47,21,24,6,39,43,66,230,283,104,35,17
"G4804490","1970","3","7","Texas","48","Titus","449",,,,,"0040",,"Titus","1",,"12",70,392,484,343,514,1219,955,368,153,155,29,269,367,337,587,1726,1385,397,203,132
"G4804510","1970","3","7","Texas","48","Tom Green","451",,,,,"7200",,"Tom Green","0",,"02",530,1207,1407,879,1359,3247,4047,2492,1084,1077,581,1082,1408,1016,1720,4885,5470,2465,1136,490
"G4804530","1970","3","7","Texas","48","Travis","453",,,,,"0640",,"Travis","0",,"E",2234,3169,3570,2687,3629,10731,15314,9878,6888,9711,1768,2736,3997,2850,4166,13693,21792,11509,6958,4057
"G4804550","1970","3","7","Texas","48","Trinity","455",,,,,,,"Trinity","1",,"13",67,333,293,205,213,460,352,94,62,70,56,153,331,135,292,818,478,91,76,50
"G4804570","1970","3","7","Texas","48","Tyler","457",,,,,,,"Tyler","1",,"13",72,395,408,317,419,818,660,194,78,139,75,250,374,322,354,1206,778,210,167,104
"G4804590","1970","3","7","Texas","48","Upshur","459",,,,,,,"Upshur","1",,"12",110,387,507,462,606,1482,1318,452,176,185,65,326,467,423,632,1965,1622,586,189,112
"G4804610","1970","3","7","Texas","48","Upton","461",,,,,,,"Upton","1",,"16",57,60,91,59,91,270,341,121,68,27,40,79,95,41,107,343,373,108,44,25
"G4804630","1970","3","7","Texas","48","Uvalde","463",,,,,,,"Uvalde","1",,"16",351,592,368,200,409,728,737,366,210,154,402,545,437,288,383,1055,886,433,263,105
"G4804650","1970","3","7","Texas","48","Val Verde","465",,,,,,,"Val Verde","1",,"16",509,716,537,203,414,826,1527,441,500,231,739,740,680,296,363,1027,1641,579,287,95
"G4804670","1970","3","7","Texas","48","Van Zandt","467",,,,,,,"Van Zandt","1",,"12",123,486,616,526,870,1621,1508,527,154,143,53,298,508,584,938,2187,1914,566,195,94
"G4804690","1970","3","7","Texas","48","Victoria","469",,,,,,,"Victoria","1",,"14",611,1136,1136,701,1036,2495,2855,1421,755,604,804,1108,1153,750,1099,2831,3942,1416,822,254
"G4804710","1970","3","7","Texas","48","Walker","471",,,,,,,"Walker","1",,"13",253,965,1020,790,826,1766,1215,722,374,608,74,317,378,357,415,1458,1158,558,474,364
"G4804730","1970","3","7","Texas","48","Waller","473",,,,,,,"Waller","1",,"14",110,423,243,277,189,534,487,289,146,307,69,212,257,240,308,740,738,346,200,194
"G4804750","1970","3","7","Texas","48","Ward","475",,,,,,,"Ward","1",,"01",151,178,184,195,335,752,870,323,251,122,107,211,197,160,262,985,962,329,135,80
"G4804770","1970","3","7","Texas","48","Washington","477",,,,,"0640",,"Washington","1",,"10",126,588,725,630,809,710,554,619,197,294,91,581,748,674,1093,1071,1056,481,168,119
"G4804790","1970","3","7","Texas","48","Webb","479",,,,,"4080",,"Webb","0",,"03",1713,2789,1878,771,751,1461,2364,1398,850,466,2532,3382,2946,864,1001,1911,3213,1194,693,226
"G4804810","1970","3","7","Texas","48","Wharton","481",,,,,,,"Wharton","1",,"14",447,1232,1097,644,935,1730,1496,773,374,440,381,1067,1117,811,1129,2192,1982,1026,439,190
"G4804830","1970","3","7","Texas","48","Wheeler","483",,,,,"4080",,"Wheeler","1",,"06",17,111,135,134,263,472,487,157,119,49,16,48,197,107,230,490,728,230,96,16
"G4804850","1970","3","7","Texas","48","Wichita","485",,,,,"9080",,"Wichita","0",,"K",434,1258,1751,1388,2364,5370,8414,4083,2209,1744,338,1089,1907,1556,2708,8021,10935,4125,2036,811
"G4804870","1970","3","7","Texas","48","Wilbarger","487",,,,,,,"Wilbarger","1",,"06",122,362,527,349,478,1133,878,251,181,185,95,317,465,335,457,1457,1450,409,160,82
"G4804890","1970","3","7","Texas","48","Willacy","489",,,,,,,"Willacy","1",,"15",518,623,311,229,298,398,420,215,111,101,686,679,460,199,242,428,594,215,219,42
"G4804910","1970","3","7","Texas","48","Williamson","491",,,,,,,"Williamson","1",,"08",422,1031,1231,948,1130,2199,1660,703,287,302,393,855,1394,1108,1125,2734,2242,776,387,259
"G4804930","1970","3","7","Texas","48","Wilson","493",,,,,,,"Wilson","1",,"11",246,460,520,312,371,579,450,204,83,71,297,465,358,260,481,745,657,178,55,109
"G4804950","1970","3","7","Texas","48","Winkler","495",,,,,,,"Winkler","1",,"05",47,132,189,149,316,476,656,343,104,114,65,108,119,174,205,641,945,211,117,67
"G4804970","1970","3","7","Texas","48","Wise","497",,,,,,,"Wise","1",,"07",46,281,458,415,673,1554,1314,472,206,126,34,73,392,407,711,2020,1638,423,194,152
"G4804990","1970","3","7","Texas","48","Wood","499",,,,,,,"Wood","1",,"12",64,394,551,512,752,1361,912,450,221,198,74,239,491,491,837,1908,1283,613,136,192
"G4805010","1970","3","7","Texas","48","Yoakum","501",,,,,,,"Yoakum","1",,"05",96,149,125,76,178,360,543,231,76,49,85,139,92,68,113,444,648,175,44,44
"G4805030","1970","3","7","Texas","48","Young","503",,,,,,,"Young","1",,"06",62,313,478,387,517,1110,835,447,204,150,30,217,446,461,529,1566,1343,445,200,155
"G4805050","1970","3","7","Texas","48","Zapata","505",,,,,,,"Zapata","1",,"03",128,336,162,43,46,109,162,63,55,22,119,372,259,47,93,85,116,43,35,0
"G4805070","1970","3","7","Texas","48","Zavala","507",,,,,"9080",,"Zavala","1",,"03",689,479,261,145,127,244,219,78,102,56,685,605,218,144,130,214,365,163,54,28
"G4900010","1970","4","8","Utah","49","Beaver","001",,,,,,,"Beaver","1",,"03",0,4,31,6,107,273,316,175,48,54,4,4,14,12,93,264,406,182,43,29
"G4900030","1970","4","8","Utah","49","Box Elder","003",,,,,,,"Box Elder","1",,"01",67,118,158,145,482,1179,2169,1154,589,476,46,62,112,110,552,1225,2960,1118,404,155
"G4900050","1970","4","8","Utah","49","Cache","005",,,,,,,"Cache","1",,"01",32,78,114,118,609,1421,2145,1730,999,1722,45,50,114,125,635,1382,3436,2026,969,496
"G4900070","1970","4","8","Utah","49","Carbon","007",,,,,,,"Carbon","1",,"03",114,183,259,150,543,1030,965,570,125,216,47,195,195,102,527,1153,1376,619,170,77
"G4900090","1970","4","8","Utah","49","Daggett","009",,,,,,,"Daggett","1",,"03",0,0,4,0,23,37,36,21,10,5,0,0,7,0,20,47,75,8,0,0
"G4900110","1970","4","8","Utah","49","Davis","011",,,,,"7160",,"Davis","1",,"02",199,176,243,306,1046,3242,7348,3882,2132,2086,124,109,317,283,1053,3751,9878,3782,1434,378
"G4900130","1970","4","8","Utah","49","Duchesne","013",,,,,,,"Duchesne","1",,"03",15,22,53,60,254,458,567,114,80,156,5,16,32,61,155,488,623,216,89,56
"G4900150","1970","4","8","Utah","49","Emery","015",,,,,,,"Emery","1",,"03",0,24,24,46,219,288,462,179,73,63,4,9,18,31,145,330,510,241,50,9
"G4900170","1970","4","8","Utah","49","Garfield","017",,,,,,,"Garfield","1",,"03",5,0,6,6,137,175,283,99,53,44,0,0,5,15,126,191,316,120,23,21
"G4900190","1970","4","8","Utah","49","Grand","019",,,,,,,"Grand","1",,"03",9,19,49,36,225,398,556,177,98,53,19,6,0,41,154,437,606,197,57,26
"G4900210","1970","4","8","Utah","49","Iron","021",,,,,,,"Iron","1",,"03",10,21,39,36,170,423,734,740,210,261,19,20,41,5,128,489,956,763,241,56
"G4900230","1970","4","8","Utah","49","Juab","023",,,,,,,"Juab","1",,"03",17,21,23,36,125,253,532,77,37,60,10,7,10,39,106,272,528,164,62,24
"G4900250","1970","4","8","Utah","49","Kane","025",,,,,,,"Kane","1",,"03",0,14,3,13,75,121,197,104,75,33,5,0,10,12,40,130,264,119,43,20
"G4900270","1970","4","8","Utah","49","Millard","027",,,,,,,"Millard","1",,"03",17,25,24,64,114,458,560,318,124,97,0,5,39,32,168,423,697,390,105,30
"G4900290","1970","4","8","Utah","49","Morgan","029",,,,,,,"Morgan","1",,"01",3,6,6,11,55,149,361,222,76,32,0,0,7,10,68,144,445,168,64,22
"G4900310","1970","4","8","Utah","49","Piute","031",,,,,,,"Piute","1",,"03",0,0,9,5,24,51,151,29,29,29,0,0,0,5,50,67,126,63,0,12
"G4900330","1970","4","8","Utah","49","Rich","033",,,,,,,"Rich","1",,"01",4,0,0,10,35,80,192,42,24,29,4,0,6,0,22,103,161,73,40,16
"G4900350","1970","4","8","Utah","49","Salt Lake","035",,,,,"7160",,"Salt Lake","0",,"A",723,1389,2310,2514,7589,19794,31718,18602,9407,11598,877,1128,2296,2257,8396,22586,46752,18684,8384,3843
"G4900370","1970","4","8","Utah","49","San Juan","037",,,,,,,"San Juan","1",,"03",398,124,61,58,167,258,441,247,86,126,439,69,129,25,137,274,439,216,101,24
"G4900390","1970","4","8","Utah","49","Sanpete","039",,,,,,,"Sanpete","1",,"01",19,49,105,59,340,642,758,450,196,161,19,13,77,66,313,735,1047,547,152,68
"G4900410","1970","4","8","Utah","49","Sevier","041",,,,,,,"Sevier","1",,"01",0,24,75,60,294,491,912,455,217,120,8,21,47,61,340,624,1154,425,149,42
"G4900430","1970","4","8","Utah","49","Summit","043",,,,,,,"Summit","1",,"01",6,0,14,42,102,337,604,171,108,63,0,8,21,5,95,354,691,211,89,11
"G4900450","1970","4","8","Utah","49","Tooele","045",,,,,,,"Tooele","1",,"03",37,49,169,102,517,1241,1946,469,368,341,31,54,106,75,393,1259,2235,575,248,60
"G4900470","1970","4","8","Utah","49","Uintah","047",,,,,"7160",,"Uintah","1",,"03",25,33,78,63,290,749,1031,418,199,117,17,53,62,24,272,767,1212,387,138,59
"G4900490","1970","4","8","Utah","49","Utah","049",,,,,"6520",,"Utah","0",,"02",290,226,396,363,1673,4367,8288,5690,2558,3351,311,160,333,281,1711,4939,11407,5878,2007,977
"G4900510","1970","4","8","Utah","49","Wasatch","051",,,,,,,"Wasatch","1",,"01",16,17,28,19,106,277,571,211,81,97,6,5,21,34,140,285,720,179,53,47
"G4900530","1970","4","8","Utah","49","Washington","053",,,,,,,"Washington","1",,"03",21,28,56,126,401,627,807,552,215,272,11,47,54,63,285,765,1098,733,210,44
"G4900550","1970","4","8","Utah","49","Wayne","055",,,,,"6520",,"Wayne","1",,"03",0,0,17,17,74,105,93,71,33,12,0,10,0,0,31,135,160,62,25,6
"G4900570","1970","4","8","Utah","49","Weber","057",,,,,"5840",,"Weber","0",,"B",196,330,748,863,2466,5526,8716,5714,2228,2338,258,425,587,624,2883,6347,12869,4876,1706,674
"G5000010","1970","1","1","Vermont","50","Addison","001",,,,,,,"Addison","1",,"01",56,99,244,213,1235,924,1532,495,370,504,31,49,147,120,1111,920,2008,925,473,202
"G5000030","1970","1","1","Vermont","50","Bennington","003",,,,,,,"Bennington","1",,"02",23,94,268,329,1675,1278,2145,717,539,526,28,78,306,207,1458,1552,2833,1369,627,200
"G5000050","1970","1","1","Vermont","50","Caledonia","005",,,,,,,"Caledonia","1",,"02",20,86,170,277,1332,1067,2063,417,283,236,17,50,179,178,1128,1183,2568,881,344,89
"G5000070","1970","1","1","Vermont","50","Chittenden","007",,,,,,,"Chittenden","1",,"01",172,321,855,754,3140,2848,5968,2980,2228,2500,156,336,833,617,3035,3420,8523,4046,2272,998
"G5000090","1970","1","1","Vermont","50","Essex","009",,,,,,,"Essex","1",,"02",12,93,111,44,480,262,326,100,58,34,3,30,71,100,326,280,534,113,42,7
"G5000110","1970","1","1","Vermont","50","Franklin","011",,,,,,,"Franklin","1",,"01",67,207,465,429,1786,1430,2304,557,367,246,32,141,451,426,1642,1541,2955,851,390,67
"G5000130","1970","1","1","Vermont","50","Grand Isle","013",,,,,,,"Grand Isle","1",,"01",18,26,36,34,210,208,224,104,59,33,5,9,46,39,203,183,281,149,63,18
"G5000150","1970","1","1","Vermont","50","Lamoille","015",,,,,,,"Lamoille","1",,"02",31,44,150,96,773,579,916,227,324,183,7,10,94,79,561,613,1122,580,367,74
"G5000170","1970","1","1","Vermont","50","Orange","017",,,,,,,"Orange","1",,"02",44,60,171,168,1158,895,1344,416,204,164,39,20,78,101,866,903,1659,890,260,117
"G5000190","1970","1","1","Vermont","50","Orleans","019",,,,,,,"Orleans","1",,"01",30,151,276,304,1410,888,1397,323,199,172,51,89,222,236,1242,1245,1673,643,188,75
"G5000210","1970","1","1","Vermont","50","Rutland","021",,,,,,,"Rutland","1",,"02",234,316,491,495,2506,2223,4447,1169,908,444,233,271,376,307,2127,2729,5664,2339,1069,290
"G5000230","1970","1","1","Vermont","50","Washington","023",,,,,,,"Washington","1",,"02",119,217,406,367,2399,1751,3482,1234,919,955,154,165,323,337,2005,2106,5456,1905,928,329
"G5000250","1970","1","1","Vermont","50","Windham","025",,,,,,,"Windham","1",,"02",27,132,273,272,1563,1641,2678,868,611,571,47,76,220,239,1291,1742,3578,1542,675,302
"G5000270","1970","1","1","Vermont","50","Windsor","027",,,,,,,"Windsor","1",,"02",67,110,292,409,2297,2185,3960,1327,730,753,73,127,159,196,1879,2174,5035,2179,875,264
"G5100010","1970","3","5","Virginia","51","Accomack","001",,,,,,,"Accomack","1",,"09",296,1265,1096,788,690,1578,1410,473,214,161,200,805,1071,939,878,2412,1939,705,306,111
"G5100030","1970","3","5","Virginia","51","Albemarle","003",,,,,,,"Albemarle","1",,"05",268,886,926,710,638,1250,1496,693,933,1514,145,520,771,697,590,1634,2327,1347,1036,490
"G5100050","1970","3","5","Virginia","51","Alleghany","005",,,,,,,"Alleghany","1",,"03",58,284,405,378,335,587,958,145,149,83,89,181,240,324,303,909,974,246,171,6
"G5100070","1970","3","5","Virginia","51","Amelia","007",,,,,,,"Amelia","1",,"06",63,333,291,272,255,418,187,77,29,54,0,141,235,233,222,675,264,134,113,25
"G5100090","1970","3","5","Virginia","51","Amherst","009",,,,,"4640",,"Amherst","1",,"F",911,637,837,811,558,1228,1104,288,174,135,904,496,662,662,570,1519,1540,431,258,129
"G5100110","1970","3","5","Virginia","51","Appomattox","011",,,,,"4640",,"Appomattox","1",,"06",118,296,407,348,260,582,433,156,68,64,61,203,285,379,271,751,596,184,84,24
"G5100130","1970","3","5","Virginia","51","Arlington","013",,,,,"8840",,"Arlington","1",,"B",172,568,1269,1251,2104,4982,11354,6963,7725,11622,253,553,1227,1175,2880,7020,21310,10596,7703,3921
"G5100150","1970","3","5","Virginia","51","Augusta","015",,,,,,,"Augusta","1",,"04",235,1032,1513,1633,835,2479,2678,807,488,407,172,688,1038,1506,988,3089,3393,1205,526,133
"G5100170","1970","3","5","Virginia","51","Bath","017",,,,,,,"Bath","1",,"03",41,225,180,286,99,252,358,59,40,26,39,92,175,218,152,312,399,128,44,12
"G5100190","1970","3","5","Virginia","51","Bedford","019",,,,,,,"Bedford","1",,"06",218,781,1145,1350,741,1196,1347,270,173,121,152,387,625,1431,678,1608,1841,402,225,55
"G5100210","1970","3","5","Virginia","51","Bland","021",,,,,,,"Bland","1",,"02",44,174,212,353,164,467,173,64,10,12,9,91,118,313,201,551,125,87,16,5
"G5100230","1970","3","5","Virginia","51","Botetourt","023",,,,,,,"Botetourt","1",,"03",108,453,544,721,352,962,1258,316,162,95,103,269,412,708,403,1290,1377,477,181,68
"G5100250","1970","3","5","Virginia","51","Brunswick","025",,,,,,,"Brunswick","1",,"07",196,742,627,669,263,884,307,131,89,67,68,432,499,658,389,1170,491,326,141,76
"G5100270","1970","3","5","Virginia","51","Buchanan","027",,,,,,,"Buchanan","1",,"01",327,1796,1220,1168,571,1044,865,199,104,82,372,1185,1164,1284,697,1047,1140,329,205,32
"G5100290","1970","3","5","Virginia","51","Buckingham","029",,,,,"8840",,"Buckingham","1",,"06",276,518,453,376,204,319,375,105,54,61,166,279,356,434,209,536,478,149,106,52
"G5100310","1970","3","5","Virginia","51","Campbell","031",,,,,"4640",,"Campbell","1",,"F",269,937,1172,1531,1052,1923,2673,819,619,361,158,497,923,1342,822,2630,3575,1242,505,181
"G5100330","1970","3","5","Virginia","51","Caroline","033",,,,,,,"Caroline","1",,"08",98,552,540,458,229,928,505,99,119,47,39,217,394,472,346,1049,629,207,130,34
"G5100350","1970","3","5","Virginia","51","Carroll","035",,,,,,,"Carroll","1",,"02",188,709,967,1808,550,1052,815,149,81,107,151,570,938,2018,543,1205,1138,294,93,29
"G5100360","1970","3","5","Virginia","51","Charles City","036",,,,,,,"Charles City","1",,"08",42,238,218,239,111,284,160,59,28,32,20,135,162,206,139,389,196,75,60,0
"G5100370","1970","3","5","Virginia","51","Charlotte","037",,,,,"4640",,"Charlotte","1",,"07",158,474,452,595,300,524,357,148,63,12,31,256,383,432,311,654,765,170,162,20
"G5100410","1970","3","5","Virginia","51","Chesterfield","041",,,,,"6760",,"Chesterfield","1",,"C",197,808,1459,1519,1443,4158,4466,1820,2018,1320,145,514,1057,1298,1284,5315,5918,2332,1520,399
"G5100430","1970","3","5","Virginia","51","Clarke","043",,,,,,,"Clarke","1",,"04",27,152,248,295,204,441,495,143,132,113,28,155,208,256,225,488,571,238,166,35
"G5100450","1970","3","5","Virginia","51","Craig","045",,,,,,,"Craig","1",,"03",22,97,121,214,67,205,195,49,11,19,22,96,108,229,71,221,221,65,29,13
"G5100470","1970","3","5","Virginia","51","Culpeper","047",,,,,,,"Culpeper","1",,"05",107,599,577,603,472,816,968,322,204,131,103,282,727,455,524,1060,1244,540,244,83
"G5100490","1970","3","5","Virginia","51","Cumberland","049",,,,,,,"Cumberland","1",,"06",113,348,287,145,126,261,210,47,37,19,38,191,235,203,198,364,287,115,89,15
"G5100510","1970","3","5","Virginia","51","Dickenson","051",,,,,"6760",,"Dickenson","1",,"01",140,753,707,778,337,487,479,166,82,53,98,541,755,1019,358,606,584,169,103,15
"G5100530","1970","3","5","Virginia","51","Dinwiddie","053",,,,,"6140",,"Dinwiddie","1",,"06",429,997,899,739,654,1299,974,329,185,116,290,736,676,692,619,1599,1368,418,168,71
"G5100570","1970","3","5","Virginia","51","Essex","057",,,,,"6140",,"Essex","1",,"08",67,242,205,264,174,321,369,101,69,48,24,178,174,211,194,333,560,187,105,26
"G5100590","1970","3","5","Virginia","51","Fairfax","059",,,,,"8840",,"Fairfax","1",,"B",427,1641,2664,2668,4542,11763,25637,16511,20422,26342,393,936,2176,2362,4704,14250,46318,22650,16294,6235
"G5100610","1970","3","5","Virginia","51","Fauquier","061",,,,,,,"Fauquier","1",,"05",266,631,839,871,472,927,1460,569,429,279,109,505,669,795,550,1313,2072,579,386,138
"G5100630","1970","3","5","Virginia","51","Floyd","063",,,,,,,"Floyd","1",,"03",52,235,478,859,194,381,459,112,41,28,50,109,367,896,269,493,688,93,31,18
"G5100650","1970","3","5","Virginia","51","Fluvanna","065",,,,,,,"Fluvanna","1",,"06",52,240,363,331,144,344,321,94,38,78,50,97,314,264,148,468,485,135,52,30
"G5100670","1970","3","5","Virginia","51","Franklin","067",,,,,,,"Franklin","1",,"07",234,943,1157,1472,595,967,1001,314,166,168,119,465,1012,1542,506,1199,1507,518,255,61
"G5100690","1970","3","5","Virginia","51","Frederick","069",,,,,,,"Frederick","1",,"04",122,647,852,1056,999,1459,1637,395,274,240,53,325,763,917,884,1724,2256,598,266,39
"G5100710","1970","3","5","Virginia","51","Giles","071",,,,,,,"Giles","1",,"03",106,370,541,611,495,789,1150,243,195,109,109,339,429,482,429,1101,1388,464,165,35
"G5100730","1970","3","5","Virginia","51","Gloucester","073",,,,,,,"Gloucester","1",,"08",88,338,544,460,389,707,882,217,90,168,57,199,337,440,348,996,1119,423,211,53
"G5100750","1970","3","5","Virginia","51","Goochland","075",,,,,,,"Goochland","1",,"06",74,401,364,290,233,684,362,97,79,67,18,260,258,297,200,856,443,210,115,9
"G5100770","1970","3","5","Virginia","51","Grayson","077",,,,,,,"Grayson","1",,"02",64,512,623,985,410,741,786,110,69,50,70,321,500,1169,491,791,1109,213,108,20
"G5100790","1970","3","5","Virginia","51","Greene","079",,,,,,,"Greene","1",,"05",82,185,241,227,143,160,252,32,4,23,49,135,168,119,211,235,303,88,18,19
"G5100810","1970","3","5","Virginia","51","Greensville","081",,,,,,,"Greensville","1",,"10",123,513,484,212,151,405,249,66,81,18,83,300,466,305,198,624,382,70,53,25
"G5100830","1970","3","5","Virginia","51","Halifax","083",,,,,"8840",,"Halifax","1",,"07",264,1327,1218,1260,667,1425,1059,238,128,98,138,766,891,1118,807,2078,1770,435,216,49
"G5100850","1970","3","5","Virginia","51","Hanover","085",,,,,"6760",,"Hanover","1",,"08",181,747,1125,1070,823,2537,1571,800,512,356,120,410,817,900,830,3260,2428,973,480,172
"G5100870","1970","3","5","Virginia","51","Henrico","087",,,,,"6760",,"Henrico","1",,"C",379,1183,2410,2699,2702,9012,9425,4999,4223,3216,302,738,2101,2283,2859,11836,14225,6086,3777,1028
"G5100890","1970","3","5","Virginia","51","Henry","089",,,,,,,"Henry","1",,"07",345,1634,1786,2172,1128,2211,2513,505,437,207,182,928,1564,2178,1057,2630,3704,813,368,82
"G5100910","1970","3","5","Virginia","51","Highland","091",,,,,,,"Highland","1",,"03",23,57,119,114,75,136,166,41,12,24,0,26,43,148,96,179,219,79,43,23
"G5100930","1970","3","5","Virginia","51","Isle Of Wight","093",,,,,,,"Isle Of Wight","1",,"10",182,601,670,475,509,1007,794,227,93,59,132,346,465,549,432,1409,1025,349,138,48
"G5100950","1970","3","5","Virginia","51","James City","095",,,,,,,"James City","1",,"08",164,421,456,324,369,877,1031,361,291,343,123,219,368,342,466,1102,1403,425,341,179
"G5100970","1970","3","5","Virginia","51","King And Queen","097",,,,,,,"King And Queen","1",,"08",32,283,203,218,105,220,308,73,43,41,32,108,183,165,104,364,388,82,79,17
"G5100990","1970","3","5","Virginia","51","King George","099",,,,,,,"King George","1",,"08",37,132,230,171,208,379,464,183,186,163,48,74,222,126,215,441,602,186,182,63
"G5101010","1970","3","5","Virginia","51","King William","101",,,,,,,"King William","1",,"08",67,180,334,234,145,275,432,149,117,67,39,165,162,224,149,340,627,221,131,25
"G5101030","1970","3","5","Virginia","51","Lancaster","103",,,,,,,"Lancaster","1",,"08",84,267,389,344,190,436,542,171,106,97,73,195,324,273,182,705,710,292,124,63
"G5101050","1970","3","5","Virginia","51","Lee","105",,,,,"6760",,"Lee","1",,"01",276,1362,984,760,489,790,649,159,106,65,151,1208,1075,843,736,1009,933,216,202,56
"G5101070","1970","3","5","Virginia","51","Loudoun","107",,,,,"8840",,"Loudoun","1",,"05",116,618,906,858,533,1546,2495,1016,882,636,145,396,637,772,593,1731,3423,1344,731,186
"G5101090","1970","3","5","Virginia","51","Louisa","109",,,,,,,"Louisa","1",,"06",137,592,779,508,320,573,747,71,85,66,90,331,449,522,408,789,983,223,99,50
"G5101110","1970","3","5","Virginia","51","Lunenburg","111",,,,,,,"Lunenberg","1",,"07",91,504,438,427,292,659,453,91,77,46,66,218,380,377,378,917,622,285,118,29
"G5101130","1970","3","5","Virginia","51","Madison","113",,,,,,,"Madison","1",,"05",96,375,420,339,169,341,449,94,49,64,99,144,378,324,158,508,495,210,114,17
"G5101150","1970","3","5","Virginia","51","Mathews","115",,,,,,,"Mathews","1",,"08",24,126,225,255,316,560,407,117,97,43,25,62,211,214,321,658,642,227,145,41
"G5101170","1970","3","5","Virginia","51","Mecklenburg","117",,,,,,,"Mecklenburg","1",,"07",262,1096,1108,925,679,1408,1184,509,216,225,156,717,927,946,659,1998,1868,732,344,71
"G5101190","1970","3","5","Virginia","51","Middlesex","119",,,,,,,"Middlesex","1",,"08",50,264,290,201,178,378,229,136,48,89,19,112,244,204,155,442,436,236,127,39
"G5101210","1970","3","5","Virginia","51","Montgomery","121",,,,,,,"Montgomery","1",,"03",139,684,972,1285,701,1609,1820,785,623,1602,147,606,922,1356,650,1993,2366,1191,918,462
"G5101230","1970","3","5","Virginia","51","Nansemond","123",,,,,,,"Nansemond","1",,"10",327,1329,1226,788,688,1941,1438,387,275,204,240,885,1099,827,905,2717,1624,649,418,97
"G5101250","1970","3","5","Virginia","51","Nelson","125",,,,,,,"Nelson","1",,"06",168,514,503,537,303,709,306,69,96,40,154,237,381,553,280,1052,382,213,114,38
"G5101270","1970","3","5","Virginia","51","New Kent","127",,,,,,,"New Kent","1",,"08",42,185,175,149,185,294,226,52,40,21,44,113,91,169,99,375,302,104,29,5
"G5101310","1970","3","5","Virginia","51","Northampton","131",,,,,,,"Northampton","1",,"09",155,591,537,475,339,675,632,219,90,95,91,435,589,494,375,926,935,433,231,31
"G5101330","1970","3","5","Virginia","51","Northumberland","133",,,,,,,"Northumberland","1",,"08",73,335,440,401,164,526,406,129,70,122,19,167,297,409,209,689,643,373,130,46
"G5101350","1970","3","5","Virginia","51","Nottoway","135",,,,,,,"Nottoway","1",,"06",147,596,485,452,267,791,638,235,124,103,163,310,503,512,386,982,859,410,200,74
"G5101370","1970","3","5","Virginia","51","Orange","137",,,,,,,"Orange","1",,"05",156,354,617,557,292,684,649,175,140,97,95,231,460,462,404,867,943,328,221,33
"G5101390","1970","3","5","Virginia","51","Page","139",,,,,,,"Page","1",,"04",139,490,690,611,530,998,640,203,155,71,63,377,673,603,589,1186,1013,281,126,22
"G5101410","1970","3","5","Virginia","51","Patrick","141",,,,,,,"Patrick","1",,"07",207,783,797,837,308,485,653,79,41,63,185,511,590,782,338,712,1024,185,85,47
"G5101430","1970","3","5","Virginia","51","Pittsylvania","143",,,,,,,"Pittsylvania","1",,"07",631,2266,2539,2276,1309,2609,2350,454,285,238,433,1463,2011,2289,1364,3488,3412,969,370,117
"G5101450","1970","3","5","Virginia","51","Powhatan","145",,,,,,,"Powhatan","1",,"06",61,276,310,292,316,543,364,141,70,68,34,61,154,173,194,495,417,158,80,32
"G5101470","1970","3","5","Virginia","51","Prince Edward","147",,,,,"8840",,"Prince Edward","1",,"06",139,434,458,285,274,714,412,205,160,207,95,236,443,381,286,817,585,436,313,152
"G5101490","1970","3","5","Virginia","51","Prince George","149",,,,,"6140",,"Prince George","1",,"10",105,314,320,266,459,1057,2085,653,486,343,35,180,322,257,429,1108,1605,542,245,65
"G5101530","1970","3","5","Virginia","51","Prince William","153",,,,,"8840",,"Prince William","1",,"05",219,800,1159,1270,1666,3745,8746,3123,2401,1706,183,366,694,1025,1413,4554,10456,3302,1609,447
"G5101550","1970","3","5","Virginia","51","Pulaski","155",,,,,,,"Pulaski","1",,"03",239,573,855,1287,621,1517,1658,483,299,176,142,451,841,1303,708,2122,1893,719,327,123
"G5101570","1970","3","5","Virginia","51","Rappahannock","157",,,,,,,"Rappahannock","1",,"05",111,297,246,163,156,200,159,50,15,42,45,230,237,161,123,236,275,149,28,6
"G5101590","1970","3","5","Virginia","51","Richmond","159",,,,,"8840",,"Richmond","1",,"08",64,249,305,234,146,245,283,44,61,25,8,149,234,230,202,324,439,74,93,4
"G5101610","1970","3","5","Virginia","51","Roanoke","161",,,,,"6800",,"Roanoke","1",,"A",181,767,1240,1461,1254,2896,5062,2417,1725,956,140,463,884,1482,1125,3618,7047,2680,1165,364
"G5101630","1970","3","5","Virginia","51","Rockbridge","163",,,,,,,"Rockbridge","1",,"03",152,507,764,738,393,681,733,184,115,208,77,347,535,749,361,872,1139,346,239,51
"G5101650","1970","3","5","Virginia","51","Rockingham","165",,,,,,,"Rockingham","1",,"04",191,809,1368,1740,1103,2320,2882,734,520,507,155,681,1110,1656,1029,2714,3582,1268,623,308
"G5101670","1970","3","5","Virginia","51","Russell","167",,,,,,,"Russell","1",,"02",197,1008,930,1326,484,1232,704,252,129,84,150,607,950,1283,732,1487,893,470,144,51
"G5101690","1970","3","5","Virginia","51","Scott","169",,,,,,,"Scott","1",,"02",253,1147,1116,892,708,1038,1081,177,154,77,144,959,962,1284,808,1195,1480,258,194,30
"G5101710","1970","3","5","Virginia","51","Shenandoah","171",,,,,,,"Shenandoah","1",,"04",115,471,762,1194,569,1182,1480,317,169,164,58,292,617,1407,470,1380,1877,643,277,82
"G5101730","1970","3","5","Virginia","51","Smyth","173",,,,,,,"Smyth","1",,"02",393,1038,1040,1186,925,2131,1043,472,295,176,249,716,904,1233,1181,2540,1453,763,300,65
"G5101750","1970","3","5","Virginia","51","Southampton","175",,,,,,,"Southampton","1",,"10",267,1057,709,429,265,851,525,188,157,71,192,639,691,484,282,1253,766,424,170,27
"G5101770","1970","3","5","Virginia","51","Spotsylvania","177",,,,,,,"Spotsylvania","1",,"05",81,341,516,557,376,1005,915,199,158,116,37,196,407,495,322,1217,1258,273,166,28
"G5101790","1970","3","5","Virginia","51","Stafford","179",,,,,,,"Stafford","1",,"05",84,333,619,728,501,1273,1498,348,242,323,47,272,418,560,444,1378,1939,501,211,83
"G5101810","1970","3","5","Virginia","51","Surry","181",,,,,,,"Surry","1",,"10",35,253,268,213,97,388,148,49,20,18,36,104,226,239,109,393,220,138,67,17
"G5101830","1970","3","5","Virginia","51","Sussex","183",,,,,,,"Sussex","1",,"10",88,577,488,295,232,402,340,55,133,59,58,321,359,321,325,619,532,262,135,17
"G5101850","1970","3","5","Virginia","51","Tazewell","185",,,,,,,"Tazewell","1",,"01",290,1582,1574,1578,875,1604,1598,708,257,182,218,1091,1673,1726,974,2328,2135,951,378,67
"G5101870","1970","3","5","Virginia","51","Warren","187",,,,,,,"Warren","1",,"04",117,353,497,478,375,928,1055,226,131,105,60,185,550,530,337,976,1472,408,138,32
"G5101910","1970","3","5","Virginia","51","Washington","191",,,,,,,"Washington","1",,"02",245,1312,1342,1579,1284,2025,1729,739,346,300,151,757,1262,1709,1230,2765,2239,1088,534,138
"G5101930","1970","3","5","Virginia","51","Westmoreland","193",,,,,,,"Westmoreland","1",,"08",95,448,519,431,335,496,603,88,83,113,89,223,487,520,261,661,733,281,135,18
"G5101950","1970","3","5","Virginia","51","Wise","195",,,,,,,"Wise","1",,"01",256,1478,1508,1329,998,1309,1180,413,273,205,247,1302,1641,1650,1051,1857,1717,508,231,75
"G5101970","1970","3","5","Virginia","51","Wythe","197",,,,,"6800",,"Wythe","1",,"02",91,601,720,1167,438,952,1108,360,184,187,82,441,622,1403,404,1251,1510,561,288,112
"G5101990","1970","3","5","Virginia","51","York","199",,,,,"5680",,"York","1",,"E",78,395,475,589,496,1692,2274,846,727,501,61,162,487,408,471,2340,2654,989,496,131
"G5105100","1970","3","5","Virginia","51","Alexandria City","510",,,,,"8840",,"Alexandria City","1",,"B",156,929,1240,1095,1526,3949,6730,3914,4460,5547,180,663,1271,1004,1764,5153,11008,5259,3941,1712
"G5105150","1970","3","5","Virginia","51","Bedford City","515",,,,,,,"Bedford City","1",,"06",4,136,190,271,265,307,315,147,91,86,14,75,151,197,171,325,563,241,117,25
"G5105200","1970","3","5","Virginia","51","Bristol City","520",,,,,,,"Bristol City","1",,"02",70,289,314,329,447,793,778,291,149,138,61,293,434,403,536,1139,1120,539,246,43
"G5105300","1970","3","5","Virginia","51","Buena Vista City","530",,,,,,,"Buena Vista City","1",,"03",58,197,304,192,94,280,300,68,61,66,41,157,269,250,99,333,403,160,52,37
"G5105400","1970","3","5","Virginia","51","Charlottesville City","540",,,,,"8840",,"Charlottesville City","1",,"05",107,363,674,584,655,1704,1810,876,667,1989,84,355,746,714,696,2373,2858,1629,1229,880
"G5105500","1970","3","5","Virginia","51","Chesapeake City","550",,,,,"5720",,"Chesapeake City","1",,"D",373,1644,2236,1949,2203,5723,5010,1568,726,559,241,1190,1769,1694,2293,7154,6427,1581,824,322
"G5105600","1970","3","5","Virginia","51","Clifton Forge City","560",,,,,"5720",,"Clifton Forge City","1",,"03",6,100,132,94,108,219,568,97,64,63,20,89,127,81,148,381,652,210,87,22
"G5105700","1970","3","5","Virginia","51","Colonial Heights City","570",,,,,"6140",,"Colonial Heights City","0",,"06",26,77,195,227,301,918,1131,534,265,240,6,64,140,222,330,1434,1371,522,259,45
"G5105800","1970","3","5","Virginia","51","Covington City","580",,,,,,,"Covington City","1",,"03",40,124,333,317,323,650,698,144,92,20,44,91,272,342,363,817,780,293,124,16
"G5105900","1970","3","5","Virginia","51","Danville City","590",,,,,,,"Danville City","1",,"07",290,1120,1355,1094,1002,2301,2589,959,671,457,336,1138,1583,1311,1262,3370,3627,1406,708,293
"G5105950","1970","3","5","Virginia","51","Emporia City","595",,,,,"6140",,"Emporia City","1",,"05",80,222,180,150,122,264,184,82,51,40,41,240,152,99,137,508,266,102,108,12
"G5106000","1970","3","5","Virginia","51","Fairfax City","600",,,,,"8840",,"Fairfax City","1",,"B",5,67,183,100,260,600,1467,726,912,869,45,50,94,75,266,784,2467,963,649,210
"G5106100","1970","3","5","Virginia","51","Falls Church City","610",,,,,"8840",,"Falls Church City","1",,"B",16,86,63,66,127,366,660,474,434,553,10,32,85,48,169,455,1312,717,381,195
"G5106200","1970","3","5","Virginia","51","Franklin City","620",,,,,,,"Franklin City","1",,"10",35,268,203,136,136,313,223,113,133,117,33,215,243,209,116,575,238,270,177,33
"G5106300","1970","3","5","Virginia","51","Fredericksburg City","630",,,,,,,"Fredericksburg City","1",,"05",55,201,352,219,178,633,810,231,265,458,46,193,457,288,248,734,1153,447,429,245
"G5106400","1970","3","5","Virginia","51","Galax City","640",,,,,"8840",,"Galax City","1",,"02",32,218,168,309,118,274,282,139,93,69,23,147,246,371,184,417,289,249,117,19
"G5106500","1970","3","5","Virginia","51","Hampton City","650",,,,,"5680",,"Hampton City","0",,"E",377,1202,1936,1776,2022,5869,8374,3517,2470,1648,228,707,1427,1578,2069,8168,9539,3405,2007,676
"G5106600","1970","3","5","Virginia","51","Harrisonburg City","660",,,,,"5680",,"Harrisonburg City","1",,"04",20,124,233,251,362,514,722,335,253,341,58,106,249,219,438,754,1138,524,330,209
"G5106700","1970","3","5","Virginia","51","Hopewell City","670",,,,,"6140",,"Hopewell City","1",,"10",47,336,353,424,551,1152,1835,572,343,214,68,262,359,437,563,1661,1902,602,309,78
"G5106780","1970","3","5","Virginia","51","Lexington City","678",,,,,"6140",,"Lexington City","1",,"03",17,80,104,159,128,194,180,113,152,360,15,41,139,152,125,314,393,352,246,119
"G5106800","1970","3","5","Virginia","51","Lynchburg City","680",,,,,"4640",,"Lynchburg City","0",,"F",281,905,1192,1236,1145,2738,2597,1093,1195,913,286,817,1394,1443,1371,4033,3981,2050,1224,579
"G5106900","1970","3","5","Virginia","51","Martinsville City","690",,,,,"4640",,"Martinsville City","1",,"07",123,418,536,651,379,732,902,509,463,277,67,317,508,673,421,1153,1356,841,417,112
"G5107000","1970","3","5","Virginia","51","Newport News City","700",,,,,"5680",,"Newport News City","0",,"E",455,1933,2294,2074,2296,6527,8448,3449,2577,2167,482,1108,2119,1951,2590,9029,10330,3586,2341,595
"G5107100","1970","3","5","Virginia","51","Norfolk City","710",,,,,"5720",,"Norfolk City","0",,"D",1249,4050,4882,4043,5752,16149,19204,7084,4322,3794,751,3081,5226,4418,5920,19152,21415,7462,3906,1493
"G5107200","1970","3","5","Virginia","51","Norton City","720",,,,,"5720",,"Norton City","1",,"01",34,144,115,73,103,153,219,74,68,42,23,104,170,149,126,260,276,89,81,6
"G5107300","1970","3","5","Virginia","51","Petersburg City","730",,,,,"6140",,"Petersburg City","0",,"06",255,1014,1032,693,751,1579,1737,697,571,325,207,950,1236,901,1050,2303,2244,968,760,194
"G5107400","1970","3","5","Virginia","51","Portsmouth City","740",,,,,"5720",,"Portsmouth City","0",,"D",460,1941,2633,2359,2561,6960,5805,2142,855,924,349,1402,2662,2157,2778,9555,7911,2570,1299,538
"G5107500","1970","3","5","Virginia","51","Radford City","750",,,,,"5720",,"Radford City","1",,"03",28,142,186,251,185,370,593,203,266,172,19,158,169,327,169,503,766,462,234,120
"G5107600","1970","3","5","Virginia","51","Richmond City","760",,,,,"6760",,"Richmond City","0",,"C",1009,4457,6122,4998,5314,13967,10832,5887,4489,4425,827,3855,6382,5807,6641,20826,18460,8545,5344,2214
"G5107700","1970","3","5","Virginia","51","Roanoke City","770",,,,,"6800",,"Roanoke City","0",,"A",211,1428,2081,1995,2353,4853,5954,2422,1602,1032,326,1134,2258,2516,2625,6284,9266,3462,1697,704
"G5107750","1970","3","5","Virginia","51","Salem City","775",,,,,"6800",,"Salem City","1",,"A",55,359,511,655,426,1205,1685,659,483,310,41,144,393,536,438,1126,1998,850,483,92
"G5107800","1970","3","5","Virginia","51","South Boston City","780",,,,,,,"South Boston City","1",,"07",27,166,161,189,176,328,388,102,99,96,50,129,191,274,122,416,596,228,127,51
"G5107900","1970","3","5","Virginia","51","Staunton City","790",,,,,,,"Staunton City","1",,"04",161,383,548,673,444,1224,1504,624,401,456,185,468,627,691,521,1592,2252,906,560,232
"G5108000","1970","3","5","Virginia","51","Suffolk City","800",,,,,"6800",,"Suffolk City","1",,"10",75,300,320,182,266,447,506,228,146,106,36,288,231,259,346,761,728,406,268,25
"G5108100","1970","3","5","Virginia","51","Virginia Beach City","810",,,,,"5720",,"Virginia Beach City","1",,"D",385,1038,1678,1706,2265,7324,12771,4887,3948,2804,211,800,1314,1386,2404,8836,15133,5619,3297,751
"G5108200","1970","3","5","Virginia","51","Waynesboro City","820",,,,,,,"Waynesboro City","1",,"04",46,194,431,361,212,682,1099,454,574,272,24,176,381,349,303,961,1479,735,380,116
"G5108300","1970","3","5","Virginia","51","Williamsburg City","830",,,,,,,"Williamsburg City","1",,"08",11,89,73,58,56,123,364,230,218,434,0,36,63,73,103,147,501,481,292,206
"G5108400","1970","3","5","Virginia","51","Winchester City","840",,,,,"5720",,"Winchester City","1",,"04",85,163,448,257,495,746,890,311,224,176,40,247,388,350,604,906,1432,616,256,62
"G5300010","1970","4","9","Washington","53","Adams","001",,,,,,,"Adams","1",,"07",47,183,220,110,450,424,976,345,192,152,64,149,140,118,308,414,1266,377,144,73
"G5300030","1970","4","9","Washington","53","Asotin","003",,,,,,,"Asotin","1",,"07",40,92,91,172,668,591,1115,466,184,182,36,38,51,135,706,873,1429,588,150,150
"G5300050","1970","4","9","Washington","53","Benton","005",,,,,,,"Benton","1",,"06",66,327,430,392,1852,2454,5765,2485,1532,2027,81,225,360,317,1573,2937,7775,3049,1122,667
"G5300070","1970","4","9","Washington","53","Chelan","007",,,,,,,"Chelan","1",,"05",42,289,391,484,2018,1925,3368,1590,661,721,73,202,389,388,1646,2306,4627,1891,510,427
"G5300090","1970","4","9","Washington","53","Clallam","009",,,,,,,"Clallam","1",,"01",73,137,391,275,1620,1998,3188,1113,475,515,49,110,264,276,1181,2336,3751,1328,416,346
"G5300110","1970","4","9","Washington","53","Clark","011",,,,,"6440",,"Clark","1",,"C",125,526,1023,1221,4500,6038,10997,4803,1829,2003,165,421,844,1047,4331,7140,14221,4884,1462,1082
"G5300130","1970","4","9","Washington","53","Columbia","013",,,,,,,"Columbia","1",,"07",44,157,111,54,213,201,383,108,71,72,22,35,65,50,132,346,430,177,42,41
"G5300150","1970","4","9","Washington","53","Cowlitz","015",,,,,,,"Cowlitz","1",,"04",65,307,632,572,2788,3514,6000,2431,819,854,88,207,449,598,2317,3832,7609,2228,687,460
"G5300170","1970","4","9","Washington","53","Douglas","017",,,,,,,"Douglas","1",,"07",10,126,166,157,598,832,1541,674,254,235,20,67,105,125,595,842,1869,711,194,138
"G5300190","1970","4","9","Washington","53","Ferry","019",,,,,,,"Ferry","1",,"08",6,19,30,45,196,258,297,81,30,57,0,6,38,41,126,179,380,91,20,18
"G5300210","1970","4","9","Washington","53","Franklin","021",,,,,,,"Franklin","1",,"07",66,159,171,134,667,1219,2332,903,305,439,27,124,131,122,666,1211,2747,1036,302,277
"G5300230","1970","4","9","Washington","53","Garfield","023",,,,,,,"Garfield","1",,"07",6,5,21,21,150,107,313,106,33,66,5,0,19,22,108,141,327,213,30,38
"G5300250","1970","4","9","Washington","53","Grant","025",,,,,,,"Grant","1",,"07",104,368,465,282,1418,1838,3401,1329,683,604,93,253,297,212,1098,1935,4119,1720,456,354
"G5300270","1970","4","9","Washington","53","Grays Harbor","027",,,,,,,"Grays Harbor","1",,"01",146,370,745,729,2607,3544,5207,1626,716,680,116,292,515,496,2360,3601,6643,1953,489,400
"G5300290","1970","4","9","Washington","53","Island","029",,,,,,,"Island","1",,"02",36,93,133,128,542,1064,2702,1054,531,455,30,67,93,80,609,1039,2952,1288,545,236
"G5300310","1970","4","9","Washington","53","Jefferson","031",,,,,"6440",,"Jefferson","1",,"01",24,44,116,125,571,525,1046,321,145,253,9,16,58,40,438,631,1244,430,122,101
"G5300330","1970","4","9","Washington","53","King","033",,,,,"7600",,"King","0",,"A",2121,4146,7401,8291,27505,46897,93774,48732,33663,33670,2161,3466,6101,7019,27449,54231,130894,54247,24841,17655
"G5300350","1970","4","9","Washington","53","Kitsap","035",,,,,,,"Kitsap","1",,"03",77,435,565,636,3365,5219,9811,3947,1748,1507,78,172,558,599,3137,5469,11647,3960,1526,853
"G5300370","1970","4","9","Washington","53","Kittitas","037",,,,,,,"Kittitas","1",,"06",34,141,205,134,811,826,1555,969,404,641,24,87,138,141,646,998,1991,910,453,347
"G5300390","1970","4","9","Washington","53","Klickitat","039",,,,,,,"Klickitat","1",,"06",10,104,180,149,690,725,986,325,134,134,11,51,80,106,529,745,1341,395,82,60
"G5300410","1970","4","9","Washington","53","Lewis","041",,,,,,,"Lewis","1",,"04",49,261,591,749,2457,2265,4029,1091,481,506,67,233,405,481,2149,2603,5240,1466,395,383
"G5300430","1970","4","9","Washington","53","Lincoln","043",,,,,,,"Lincoln","1",,"07",13,36,69,139,529,435,987,412,162,127,21,26,49,86,350,422,1167,613,131,115
"G5300450","1970","4","9","Washington","53","Mason","045",,,,,,,"Mason","1",,"01",41,126,220,200,960,1223,1974,618,281,348,13,64,117,118,675,1425,2304,824,249,144
"G5300470","1970","4","9","Washington","53","Okanogan","047",,,,,,,"Okanogan","1",,"05",37,202,280,318,1304,1392,2362,705,424,320,77,135,180,266,1061,1605,2666,815,321,186
"G5300490","1970","4","9","Washington","53","Pacific","049",,,,,,,"Pacific","1",,"01",20,141,259,235,875,893,1554,328,182,156,41,73,200,188,709,1093,1838,443,138,94
"G5300510","1970","4","9","Washington","53","Pend Oreille","051",,,,,"7600",,"Pend Oreille","1",,"08",4,43,65,65,409,396,525,135,58,81,5,30,20,87,237,434,627,243,48,38
"G5300530","1970","4","9","Washington","53","Pierce","053",,,,,"8200",,"Pierce","0",,"B",961,1459,2833,3195,12010,18801,36396,12014,5662,6424,906,1116,2512,2989,11577,21718,42912,12028,4376,4058
"G5300550","1970","4","9","Washington","53","San Juan","055",,,,,,,"San Juan","1",,"02",12,11,22,16,124,195,452,215,113,134,0,15,35,7,143,185,510,272,130,59
"G5300570","1970","4","9","Washington","53","Skagit","057",,,,,,,"Skagit","1",,"02",91,361,466,449,2517,2301,4738,2092,723,854,52,164,281,405,2046,3026,5860,2484,756,502
"G5300590","1970","4","9","Washington","53","Skamania","059",,,,,"8200",,"Skamania","1",,"04",5,33,49,79,230,382,538,136,74,104,11,10,32,42,213,277,662,213,64,45
"G5300610","1970","4","9","Washington","53","Snohomish","061",,,,,"7600",,"Snohomish","0",,"E",346,786,1778,2496,7989,13037,23908,9531,3829,4005,249,638,1300,1764,7317,14021,29651,8921,2970,2173
"G5300630","1970","4","9","Washington","53","Spokane","063",,,,,"7840",,"Spokane","0",,"D",914,1342,1951,1915,9089,11260,24216,11812,5345,5289,708,766,1730,1636,8618,13737,32846,13815,4265,3466
"G5300650","1970","4","9","Washington","53","Stevens","065",,,,,,,"Stevens","1",,"08",27,118,199,289,1096,883,1602,372,180,174,46,13,160,155,828,908,1974,587,170,109
"G5300670","1970","4","9","Washington","53","Thurston","067",,,,,,,"Thurston","1",,"04",108,326,397,464,2341,3106,6740,2926,1672,1698,66,208,369,477,2000,3944,9241,3210,1425,819
"G5300690","1970","4","9","Washington","53","Wahkiakum","069",,,,,,,"Wahkiakum","1",,"01",0,32,49,69,280,171,263,117,22,24,5,35,15,22,168,184,397,134,20,26
"G5300710","1970","4","9","Washington","53","Walla Walla","071",,,,,,,"Walla Walla","1",,"07",72,299,334,397,1734,1839,3329,1868,771,828,41,223,235,279,1526,1942,4337,1978,879,510
"G5300730","1970","4","9","Washington","53","Whatcom","073",,,,,,,"Whatcom","1",,"02",123,328,776,645,3285,3215,7151,2463,1060,1577,95,225,629,571,2997,3848,8793,3084,984,897
"G5300750","1970","4","9","Washington","53","Whitman","075",,,,,,,"Whitman","1",,"07",17,94,196,157,780,838,2252,1382,624,1875,62,51,150,123,763,989,2736,1719,825,596
"G5300770","1970","4","9","Washington","53","Yakima","077",,,,,"7840",,"Yakima","1",,"06",781,1762,2239,1645,6676,6549,10007,4211,1770,1980,566,1285,1707,1471,6329,8289,12997,4979,1892,1105
"G5400010","1970","3","5","West Virginia","54","Barbour","001",,,,,,,"Barbour","1",,"03",120,310,368,216,1057,514,805,144,78,108,38,158,432,280,1297,642,897,233,159,72
"G5400030","1970","3","5","West Virginia","54","Berkeley","003",,,,,,,"Berkeley","1",,"06",107,577,1011,744,2035,1838,2692,610,479,221,114,448,924,616,1875,1824,3292,807,390,115
"G5400050","1970","3","5","West Virginia","54","Boone","005",,,,,,,"Boone","1",,"04",100,971,993,425,1362,1182,1057,307,96,84,85,731,911,603,1465,1417,1163,256,181,97
"G5400070","1970","3","5","West Virginia","54","Braxton","007",,,,,,,"Braxton","1",,"02",64,233,406,245,1306,343,617,133,65,79,63,213,429,276,1291,492,709,185,88,65
"G5400090","1970","3","5","West Virginia","54","Brooke","009",,,,,"8080",,"Brooke","0",,"01",108,371,587,497,1411,1566,2286,474,324,265,171,265,577,447,1499,1782,3045,416,294,157
"G5400110","1970","3","5","West Virginia","54","Cabell","011",,,,,"3400",,"Cabell","0",,"B",477,1605,1995,1140,4043,4915,7415,2880,1915,1515,406,1219,2465,1291,5042,6543,10565,3317,1726,1066
"G5400130","1970","3","5","West Virginia","54","Calhoun","013",,,,,,,"Calhoun","1",,"02",63,281,169,101,679,168,343,65,25,50,16,123,226,139,861,228,339,76,47,23
"G5400150","1970","3","5","West Virginia","54","Clay","015",,,,,,,"Clay","1",,"02",88,414,335,195,644,264,324,77,12,30,90,238,301,212,766,343,363,64,24,27
"G5400170","1970","3","5","West Virginia","54","Doddridge","017",,,,,,,"Doddridge","1",,"02",32,95,205,185,550,275,348,41,65,26,24,50,170,144,590,288,469,102,59,27
"G5400190","1970","3","5","West Virginia","54","Fayette","019",,,,,,,"Fayette","1",,"04",270,1365,1385,921,2951,2283,2177,692,252,276,277,878,1735,1079,3037,3249,3203,858,401,175
"G5400210","1970","3","5","West Virginia","54","Gilmer","021",,,,,,,"Gilmer","1",,"02",33,155,214,84,593,149,334,118,55,101,30,117,151,96,614,250,373,178,154,57
"G5400230","1970","3","5","West Virginia","54","Grant","023",,,,,,,"Grant","1",,"05",53,237,293,166,550,363,466,91,43,92,24,126,256,191,640,384,579,142,43,39
"G5400250","1970","3","5","West Virginia","54","Greenbrier","025",,,,,,,"Greenbrier","1",,"05",162,599,956,710,1899,1355,1907,665,291,181,76,416,768,483,2311,1857,2710,809,310,110
"G5400270","1970","3","5","West Virginia","54","Hampshire","027",,,,,"3400",,"Hampshire","1",,"05",68,226,401,246,744,357,787,119,139,103,61,133,260,318,905,362,901,187,138,79
"G5400290","1970","3","5","West Virginia","54","Hancock","029",,,,,"8080",,"Hancock","0",,"01",147,428,827,668,1857,1903,3425,650,297,348,196,403,774,675,1868,2246,4280,588,303,163
"G5400310","1970","3","5","West Virginia","54","Hardy","031",,,,,,,"Hardy","1",,"05",76,202,411,195,597,309,496,71,69,35,81,204,359,209,549,425,556,155,64,30
"G5400330","1970","3","5","West Virginia","54","Harrison","033",,,,,,,"Harrison","1",,"03",305,764,1325,937,3315,3363,6152,1797,1036,783,246,697,1280,828,3698,4575,8144,2435,1060,382
"G5400350","1970","3","5","West Virginia","54","Jackson","035",,,,,,,"Jackson","1",,"02",57,223,304,248,1422,750,1645,360,241,219,71,151,310,198,1502,973,1874,471,181,70
"G5400370","1970","3","5","West Virginia","54","Jefferson","037",,,,,"8080",,"Jefferson","1",,"06",124,458,584,369,745,942,1198,342,249,358,67,304,438,375,909,1181,1432,513,392,164
"G5400390","1970","3","5","West Virginia","54","Kanawha","039",,,,,"1480",,"Kanawha","0",,"C",639,2892,4303,2632,7693,9753,17746,6567,4523,3153,569,2676,5575,3099,8783,12484,24567,6630,3633,1479
"G5400410","1970","3","5","West Virginia","54","Lewis","041",,,,,,,"Lewis","1",,"02",189,400,511,304,1446,681,1156,236,131,69,177,252,521,308,1723,921,1493,398,186,50
"G5400430","1970","3","5","West Virginia","54","Lincoln","043",,,,,,,"Lincoln","1",,"02",117,830,647,280,1303,534,845,169,83,40,130,494,603,330,1493,696,900,186,130,68
"G5400450","1970","3","5","West Virginia","54","Logan","045",,,,,,,"Logan","1",,"04",347,1765,1837,797,1581,1988,2073,459,287,229,283,1174,1873,1010,1803,2703,2781,571,352,184
"G5400470","1970","3","5","West Virginia","54","McDowell","047",,,,,,,"Mc Dowell","1",,"04",517,1877,1868,1325,1602,2367,1959,375,198,175,398,1559,1937,1092,1707,3236,2685,509,270,122
"G5400490","1970","3","5","West Virginia","54","Marion","049",,,,,"1480",,"Marion","1",,"03",304,879,1132,739,3152,2783,4832,1445,696,572,243,604,1135,800,3494,3399,6807,1746,973,303
"G5400510","1970","3","5","West Virginia","54","Marshall","051",,,,,"9000",,"Marshall","1",,"A",136,462,796,762,2097,2145,3076,574,218,238,119,210,824,626,2260,2172,3889,456,313,93
"G5400530","1970","3","5","West Virginia","54","Mason","053",,,,,,,"Mason","1",,"02",140,367,616,408,1687,946,1707,312,119,210,118,204,600,321,1670,1384,1975,364,178,79
"G5400550","1970","3","5","West Virginia","54","Mercer","055",,,,,,,"Mercer","1",,"04",365,1243,1443,1084,2263,2942,4056,1447,692,591,306,1025,1622,1150,2370,4238,5088,2087,1008,358
"G5400570","1970","3","5","West Virginia","54","Mineral","057",,,,,,,"Mineral","1",,"05",64,287,485,337,1106,1150,1819,508,165,183,37,231,413,316,1240,1477,2294,466,173,127
"G5400590","1970","3","5","West Virginia","54","Mingo","059",,,,,,,"Mingo","1",,"04",337,1467,1259,523,1211,1167,1203,252,187,169,231,1156,1257,741,1358,1688,1530,321,226,100
"G5400610","1970","3","5","West Virginia","54","Monongalia","061",,,,,,,"Monongalia","1",,"03",180,699,801,648,2284,2364,3274,1171,763,2475,135,450,1043,635,2569,2786,4706,1794,1080,1013
"G5400630","1970","3","5","West Virginia","54","Monroe","063",,,,,,,"Monroe","1",,"05",52,168,268,170,868,398,791,190,84,74,47,179,288,191,854,688,999,273,160,56
"G5400650","1970","3","5","West Virginia","54","Morgan","065",,,,,,,"Morgan","1",,"06",33,107,333,203,581,376,449,89,60,83,20,121,275,157,606,503,583,167,66,26
"G5400670","1970","3","5","West Virginia","54","Nicholas","067",,,,,,,"Nicholas","1",,"02",175,485,783,339,1592,711,1234,291,123,97,53,399,576,312,1875,967,1499,359,180,52
"G5400690","1970","3","5","West Virginia","54","Ohio","069",,,,,"9000",,"Ohio","0",,"A",192,623,986,964,2972,2865,5067,1099,812,1061,259,637,1250,1028,3578,4030,7030,1229,872,517
"G5400710","1970","3","5","West Virginia","54","Pendleton","071",,,,,,,"Pendleton","1",,"05",24,107,181,148,754,159,499,72,26,57,25,91,164,133,869,256,438,99,25,27
"G5400730","1970","3","5","West Virginia","54","Pleasants","073",,,,,,,"Pleasants","1",,"01",47,81,115,90,391,280,469,153,65,78,57,62,73,67,432,317,676,195,87,33
"G5400750","1970","3","5","West Virginia","54","Pocahontas","075",,,,,,,"Pocahontas","1",,"05",36,263,299,243,629,362,519,119,72,67,45,213,276,213,601,495,657,169,97,35
"G5400770","1970","3","5","West Virginia","54","Preston","077",,,,,,,"Preston","1",,"03",112,513,740,420,1819,1063,1572,253,113,192,86,296,654,390,1922,1215,2076,346,216,84
"G5400790","1970","3","5","West Virginia","54","Putnam","079",,,,,,,"Putnam","1",,"02",107,400,695,273,1602,1124,2196,513,204,195,39,241,697,283,1914,1389,2439,441,163,101
"G5400810","1970","3","5","West Virginia","54","Raleigh","081",,,,,,,"Raleigh","1",,"04",423,1764,1982,1192,3253,3297,3878,1363,532,436,251,1189,2167,1321,3921,4430,5281,1522,733,262
"G5400830","1970","3","5","West Virginia","54","Randolph","083",,,,,,,"Randolph","1",,"05",108,403,718,483,1496,790,1606,435,255,263,96,310,579,476,1544,1108,1961,610,256,141
"G5400850","1970","3","5","West Virginia","54","Ritchie","085",,,,,,,"Ritchie","1",,"02",30,194,241,130,909,458,643,172,28,49,46,67,214,193,1002,553,801,203,53,35
"G5400870","1970","3","5","West Virginia","54","Roane","087",,,,,,,"Roane","1",,"02",159,338,464,189,1336,478,774,153,117,112,94,240,463,180,1677,528,965,195,95,38
"G5400890","1970","3","5","West Virginia","54","Summers","089",,,,,,,"Summers","1",,"05",61,313,432,331,890,587,656,171,73,78,75,254,441,294,1062,730,1010,248,141,36
"G5400910","1970","3","5","West Virginia","54","Taylor","091",,,,,,,"Taylor","1",,"03",123,235,303,235,861,564,1089,232,67,92,59,154,294,289,1011,732,1277,323,125,105
"G5400930","1970","3","5","West Virginia","54","Tucker","093",,,,,,,"Tucker","1",,"05",66,149,199,99,506,281,520,98,84,78,15,116,241,132,503,393,649,129,48,33
"G5400950","1970","3","5","West Virginia","54","Tyler","095",,,,,,,"Tyler","1",,"01",36,97,190,145,558,415,905,154,66,86,31,88,173,163,747,478,974,207,95,26
"G5400970","1970","3","5","West Virginia","54","Upshur","097",,,,,"9000",,"Upshur","1",,"02",62,228,419,334,1181,551,1141,274,216,269,60,182,386,311,1327,825,1376,414,245,127
"G5400990","1970","3","5","West Virginia","54","Wayne","099",,,,,"3400",,"Wayne","0",,"B",181,733,1107,488,1860,1815,2590,699,190,181,174,650,1032,491,2176,2332,2846,483,262,185
"G5401010","1970","3","5","West Virginia","54","Webster","101",,,,,,,"Webster","1",,"02",146,365,431,214,583,321,362,80,46,32,38,325,303,206,744,462,531,101,43,19
"G5401030","1970","3","5","West Virginia","54","Wetzel","103",,,,,,,"Wetzel","1",,"01",73,216,423,215,1178,745,1761,305,277,240,50,130,318,382,1328,873,2019,496,226,63
"G5401050","1970","3","5","West Virginia","54","Wirt","105",,,,,,,"Wirt","1",,"02",5,71,82,97,384,133,325,48,17,9,0,41,75,79,374,170,396,41,10,11
"G5401070","1970","3","5","West Virginia","54","Wood","107",,,,,,,"Wood","1",,"01",206,588,1294,741,4356,3701,7439,1994,1192,857,115,476,1192,905,5243,4430,9289,2378,1020,363
"G5401090","1970","3","5","West Virginia","54","Wyoming","109",,,,,"3400",,"Wyoming","1",,"04",135,848,866,553,1528,1390,1496,213,107,113,164,543,882,613,1589,1624,1583,336,174,47
"G5500010","1970","2","3","Wisconsin","55","Adams","001",,,,,,,"Adams","1",,"05",21,104,203,235,745,435,730,89,97,57,15,67,132,154,724,507,764,240,86,19
"G5500030","1970","2","3","Wisconsin","55","Ashland","003",,,,,,,"Ashland","1",,"01",21,158,256,243,1017,790,1159,394,170,207,37,130,207,165,923,948,1599,527,229,88
"G5500050","1970","2","3","Wisconsin","55","Barron","005",,,,,,,"Barron","1",,"02",78,330,455,474,3002,1232,2532,520,309,343,73,255,342,402,2470,1546,3140,1045,471,112
"G5500070","1970","2","3","Wisconsin","55","Bayfield","007",,,,,,,"Bayfield","1",,"01",25,115,230,218,899,628,1014,225,67,81,30,69,74,133,585,584,1320,405,147,29
"G5500090","1970","2","3","Wisconsin","55","Brown","009",,,,,"3080",,"Brown","0",,"G",254,1152,1546,1629,6007,4893,12876,3283,2478,2074,225,1134,1403,1268,7109,4907,17312,3565,2132,575
"G5500110","1970","2","3","Wisconsin","55","Buffalo","011",,,,,,,"Buffalo","1",,"02",19,140,179,226,1224,505,981,272,121,125,9,44,148,123,1015,439,1281,549,176,40
"G5500130","1970","2","3","Wisconsin","55","Burnett","013",,,,,"3080",,"Burnett","1",,"01",44,132,182,139,956,434,678,167,83,65,4,53,83,88,817,478,1017,233,117,21
"G5500150","1970","2","3","Wisconsin","55","Calumet","015",,,,,"0460",,"Calumet","0",,"07",40,217,403,338,1726,823,2163,380,259,259,35,65,331,257,1667,804,2671,504,268,19
"G5500170","1970","2","3","Wisconsin","55","Chippewa","017",,,,,,,"Chippewa","1",,"04",527,478,663,571,3058,1564,3651,707,374,424,273,323,408,455,2841,1701,4682,1236,479,191
"G5500190","1970","2","3","Wisconsin","55","Clark","019",,,,,,,"Clark","1",,"04",90,348,481,442,2759,1241,2079,381,174,241,68,258,347,343,2321,1037,2986,720,294,70
"G5500210","1970","2","3","Wisconsin","55","Columbia","021",,,,,,,"Columbia","1",,"08",93,216,430,365,2543,1722,3643,938,459,413,33,175,308,364,2251,1625,4667,1506,592,131
"G5500230","1970","2","3","Wisconsin","55","Crawford","023",,,,,"0460",,"Crawford","1",,"03",12,148,213,258,1249,593,1253,153,155,142,7,104,100,181,1192,636,1312,482,161,52
"G5500250","1970","2","3","Wisconsin","55","Dane","025",,,,,"4720",,"Dane","0",,"B",591,833,1569,1924,7909,7072,20353,7356,6818,12184,630,689,1401,1376,7866,7965,27864,10958,7639,5324
"G5500270","1970","2","3","Wisconsin","55","Dodge","027",,,,,,,"Dodge","1",,"08",153,548,1115,1087,5018,3320,5263,1166,619,640,97,410,917,835,4731,2617,6690,1684,822,186
"G5500290","1970","2","3","Wisconsin","55","Door","029",,,,,"4720",,"Door","1",,"06",41,258,299,235,1418,683,1864,429,223,225,51,206,275,253,1457,758,2013,728,238,45
"G5500310","1970","2","3","Wisconsin","55","Douglas","031",,,,,"2240",,"Douglas","0",,"A",104,277,332,603,2145,2252,3850,1135,497,595,70,210,398,328,1666,2596,4910,1459,652,305
"G5500330","1970","2","3","Wisconsin","55","Dunn","033",,,,,,,"Dunn","1",,"02",46,259,375,484,1893,929,1913,563,242,498,29,148,209,269,1702,936,2548,844,414,212
"G5500350","1970","2","3","Wisconsin","55","Eau Claire","035",,,,,,,"Eau Claire","1",,"04",51,318,479,613,3155,1899,5445,1717,1057,1079,45,264,515,411,3235,2295,7318,2175,1132,503
"G5500370","1970","2","3","Wisconsin","55","Florence","037",,,,,,,"Florence","1",,"01",21,23,88,56,215,116,323,26,27,51,8,20,15,20,139,231,393,53,14,13
"G5500390","1970","2","3","Wisconsin","55","Fond du Lac","039",,,,,,,"Fond Du Lac","1",,"07",95,523,997,1005,4627,3264,6775,1481,971,914,140,497,1056,871,4637,3458,8752,2096,1339,464
"G5500410","1970","2","3","Wisconsin","55","Forest","041",,,,,,,"Forest","1",,"01",37,133,141,121,485,396,582,98,73,27,44,97,134,89,466,362,666,145,39,6
"G5500430","1970","2","3","Wisconsin","55","Grant","043",,,,,,,"Grant","1",,"03",85,203,389,508,3365,1348,3380,969,392,659,50,174,197,361,2859,1776,4329,1532,773,279
"G5500450","1970","2","3","Wisconsin","55","Green","045",,,,,,,"Green","1",,"03",62,113,268,245,2136,991,2293,514,298,221,75,111,211,170,1943,1047,2910,872,349,157
"G5500470","1970","2","3","Wisconsin","55","Green Lake","047",,,,,,,"Green Lake","1",,"08",31,193,171,153,1433,683,1367,380,199,144,29,105,258,139,1148,681,1835,622,257,35
"G5500490","1970","2","3","Wisconsin","55","Iowa","049",,,,,,,"Iowa","1",,"03",13,66,197,195,1261,715,1724,399,191,132,39,51,92,163,1018,679,1980,825,205,93
"G5500510","1970","2","3","Wisconsin","55","Iron","051",,,,,,,"Iron","1",,"01",45,118,194,107,313,353,636,109,95,40,57,117,95,89,392,403,703,192,61,6
"G5500530","1970","2","3","Wisconsin","55","Jackson","053",,,,,,,"Jackson","1",,"05",4,202,232,278,1393,533,1336,138,83,115,41,72,142,139,1181,731,1484,314,161,38
"G5500550","1970","2","3","Wisconsin","55","Jefferson","055",,,,,,,"Jefferson","1",,"08",303,341,747,730,3411,2402,4740,1309,681,785,257,219,624,607,3305,2474,6336,1687,903,266
"G5500570","1970","2","3","Wisconsin","55","Juneau","057",,,,,"2240",,"Juneau","1",,"05",50,207,269,315,1422,728,1499,346,76,127,38,156,184,181,1068,968,1750,674,205,49
"G5500590","1970","2","3","Wisconsin","55","Kenosha","059",,,,,"3800",,"Kenosha","0",,"F",418,772,1511,1135,4860,7309,8754,2597,1259,1149,586,713,1436,990,4586,7376,12076,2512,1256,552
"G5500610","1970","2","3","Wisconsin","55","Kewaunee","061",,,,,"3800",,"Kewaunee","1",,"06",60,251,233,316,1272,559,1674,296,101,92,29,161,244,253,1485,577,1780,316,140,25
"G5500630","1970","2","3","Wisconsin","55","La Crosse","063",,,,,"3870",,"La Crosse","0",,"02",81,383,590,644,4006,2487,6669,2088,1330,1190,73,274,650,668,4004,2742,8731,2789,1460,657
"G5500650","1970","2","3","Wisconsin","55","Lafayette","065",,,,,,,"Lafayette","1",,"03",42,83,125,192,1345,533,1550,267,149,148,56,32,65,105,1115,583,1912,524,193,62
"G5500670","1970","2","3","Wisconsin","55","Langlade","067",,,,,,,"Langlade","1",,"01",43,292,245,299,1316,759,1442,261,151,182,39,231,260,217,1172,838,1736,738,221,34
"G5500690","1970","2","3","Wisconsin","55","Lincoln","069",,,,,,,"Lincoln","1",,"01",45,232,410,370,1816,973,1809,373,191,180,12,160,270,347,1740,984,2251,712,272,93
"G5500710","1970","2","3","Wisconsin","55","Manitowoc","071",,,,,,,"Manitowoc","1",,"07",157,502,795,971,5290,3053,7486,1186,843,811,158,493,741,849,5611,2955,8933,1724,945,300
"G5500730","1970","2","3","Wisconsin","55","Marathon","073",,,,,,,"Marathon","1",,"04",237,928,1386,1290,6632,3144,7009,2026,1211,949,179,712,1273,964,6212,3428,9329,2570,1208,367
"G5500750","1970","2","3","Wisconsin","55","Marinette","075",,,,,,,"Marinette","1",,"06",117,546,583,421,2276,1430,3237,556,359,336,87,342,458,376,2164,1670,4243,904,302,101
"G5500770","1970","2","3","Wisconsin","55","Marquette","077",,,,,,,"Marquette","1",,"05",8,106,173,161,822,337,780,166,81,29,0,52,113,134,690,401,905,314,126,30
"G5500780","1970","2","3","Wisconsin","55","Menominee","078",,,,,"3870",,"Menominee","1",,"06",0,17,75,8,90,177,105,42,0,0,0,10,12,30,75,200,89,45,20,5
"G5500790","1970","2","3","Wisconsin","55","Milwaukee","079",,,,,"5080",,"Milwaukee","0",,"C",2995,7011,12369,10153,39479,52319,80155,30622,18302,17084,3410,7069,13231,10573,49168,55432,115559,29468,16546,7555
"G5500810","1970","2","3","Wisconsin","55","Monroe","081",,,,,,,"Monroe","1",,"02",68,188,668,446,2405,1184,2855,537,298,258,45,140,286,278,1964,1160,3307,999,395,89
"G5500830","1970","2","3","Wisconsin","55","Oconto","083",,,,,,,"Oconto","1",,"06",107,437,450,304,2081,957,1993,283,169,186,98,231,405,310,1804,1113,2368,579,204,40
"G5500850","1970","2","3","Wisconsin","55","Oneida","085",,,,,"5080",,"Oneida","1",,"01",43,226,203,256,1259,1263,2150,810,275,307,65,89,299,178,1165,1236,2904,813,335,98
"G5500870","1970","2","3","Wisconsin","55","Outagamie","087",,,,,"0460",,"Outagamie","0",,"07",177,669,1282,1199,5481,3812,9605,2227,1658,1476,167,581,945,1180,6029,3620,12271,2941,1684,561
"G5500890","1970","2","3","Wisconsin","55","Ozaukee","089",,,,,"5080",,"Ozaukee","1",,"08",100,161,316,410,2263,2044,3926,1644,1540,1127,78,119,328,371,2325,1685,5721,1843,1331,284
"G5500910","1970","2","3","Wisconsin","55","Pepin","091",,,,,,,"Pepin","1",,"02",7,102,59,143,638,227,498,117,23,83,0,28,70,74,605,248,626,228,89,7
"G5500930","1970","2","3","Wisconsin","55","Pierce","093",,,,,,,"Pierce","1",,"02",27,136,259,324,1687,840,1884,588,236,363,29,80,151,201,1328,869,2424,834,418,129
"G5500950","1970","2","3","Wisconsin","55","Polk","095",,,,,,,"Polk","1",,"02",70,211,344,408,2370,863,2399,433,237,177,53,111,287,260,1643,1068,2893,879,324,91
"G5500970","1970","2","3","Wisconsin","55","Portage","097",,,,,,,"Portage","1",,"05",142,685,712,362,2161,1185,3129,963,633,711,94,576,533,375,2016,1203,3994,1142,783,314
"G5500990","1970","2","3","Wisconsin","55","Price","099",,,,,"5080",,"Price","1",,"01",56,228,315,199,1259,584,1071,290,164,111,23,121,287,167,1066,593,1441,393,108,47
"G5501010","1970","2","3","Wisconsin","55","Racine","101",,,,,"6600",,"Racine","0",,"D",614,1084,2097,1625,7184,8525,12674,3585,2534,2086,697,1063,1837,1313,6917,9062,17266,4494,2409,694
"G5501030","1970","2","3","Wisconsin","55","Richland","103",,,,,,,"Richland","1",,"02",21,127,206,294,1284,583,1350,363,144,140,29,69,172,223,1116,876,1484,710,196,59
"G5501050","1970","2","3","Wisconsin","55","Rock","105",,,,,,,"Rock","1",,"08",182,423,911,1216,5329,5962,12188,2998,1855,1548,250,344,794,791,4788,6150,15552,3771,2192,715
"G5501070","1970","2","3","Wisconsin","55","Rusk","107",,,,,,,"Rusk","1",,"01",37,205,198,188,1100,621,1080,165,129,110,38,110,227,162,813,679,1178,532,199,37
"G5501090","1970","2","3","Wisconsin","55","St Croix","109",,,,,,,"St Croix","1",,"02",72,321,274,321,1692,1131,3026,805,487,413,71,113,196,240,1519,1027,3599,1263,649,174
"G5501110","1970","2","3","Wisconsin","55","Sauk","111",,,,,,,"Sauk","1",,"02",90,269,468,669,2877,1493,3020,709,439,419,38,195,370,431,2562,1668,3784,1447,540,151
"G5501130","1970","2","3","Wisconsin","55","Sawyer","113",,,,,,,"Sawyer","1",,"01",19,126,213,81,788,487,762,241,116,75,10,98,150,138,568,542,1013,255,122,50
"G5501150","1970","2","3","Wisconsin","55","Shawano","115",,,,,,,"Shawano","1",,"06",44,540,633,570,2753,1058,2511,505,313,239,82,454,394,413,2658,1077,3039,889,262,63
"G5501170","1970","2","3","Wisconsin","55","Sheboygan","117",,,,,,,"Sheboygan","1",,"07",184,430,1047,1265,5802,3922,8518,1838,1086,1113,231,409,1113,1119,6443,3691,10712,2534,1090,337
"G5501190","1970","2","3","Wisconsin","55","Taylor","119",,,,,,,"Taylor","1",,"04",41,247,369,326,1359,603,1055,205,89,106,40,160,197,251,1218,623,1159,483,205,32
"G5501210","1970","2","3","Wisconsin","55","Trempealeau","121",,,,,,,"Trempealeau","1",,"02",108,338,527,455,1986,775,1853,318,177,178,69,188,333,421,1715,837,2210,580,266,61
"G5501230","1970","2","3","Wisconsin","55","Vernon","123",,,,,,,"Vernon","1",,"02",88,286,375,559,2352,817,1878,388,196,167,59,186,228,410,2086,1000,2046,871,282,134
"G5501250","1970","2","3","Wisconsin","55","Vilas","125",,,,,,,"Vilas","1",,"01",49,37,135,172,659,580,1098,299,161,161,4,49,147,90,683,629,1242,397,156,62
"G5501270","1970","2","3","Wisconsin","55","Walworth","127",,,,,,,"Walworth","1",,"08",111,356,512,580,2879,2358,5284,1606,967,1100,88,219,417,409,2563,2638,6658,2312,1230,457
"G5501290","1970","2","3","Wisconsin","55","Washburn","129",,,,,"6600",,"Washburn","1",,"01",34,136,116,217,779,536,786,255,127,73,5,53,70,117,650,649,1140,368,188,21
"G5501310","1970","2","3","Wisconsin","55","Washington","131",,,,,"5080",,"Washington","0",,"08",78,285,613,792,3521,2230,5301,1279,802,763,54,201,552,523,3608,2053,6557,1619,736,223
"G5501330","1970","2","3","Wisconsin","55","Waukesha","133",,,,,"5080",,"Waukesha","1",,"E",316,665,1210,1518,6982,8847,18351,7558,6558,4756,285,566,1136,1211,6769,8237,27075,8056,5225,1411
"G5501350","1970","2","3","Wisconsin","55","Waupaca","135",,,,,,,"Waupaca","1",,"06",65,400,633,564,3110,1413,3201,690,405,328,70,346,457,391,2669,1639,4158,1140,454,118
"G5501370","1970","2","3","Wisconsin","55","Waushara","137",,,,,"5080",,"Waushara","1",,"05",61,204,199,240,1262,638,1153,311,112,84,38,166,147,166,1164,705,1426,461,180,68
"G5501390","1970","2","3","Wisconsin","55","Winnebago","139",,,,,"0460",,"Winnebago","0",,"07",184,458,1171,1416,5433,5325,10756,2941,2029,1888,288,570,1243,951,5879,5248,14155,3499,2122,805
"G5501410","1970","2","3","Wisconsin","55","Wood","141",,,,,"0460",,"Wood","1",,"04",68,443,740,470,3855,2241,5512,1198,904,717,91,332,454,534,3498,2336,7231,1781,874,202
"G5600010","1970","4","8","Wyoming","56","Albany","001",,,,,,,"Albany","1",,"01",27,131,125,111,529,643,1166,1206,678,1212,20,84,90,93,458,700,1810,1168,777,398
"G5600030","1970","4","8","Wyoming","56","Big Horn","003",,,,,,,"Big Horn","1",,"02",36,100,130,109,564,512,849,275,147,126,21,39,85,64,340,564,1111,463,192,32
"G5600050","1970","4","8","Wyoming","56","Campbell","005",,,,,,,"Campbell","1",,"02",3,55,77,76,632,624,1195,424,155,81,0,27,30,43,231,735,1165,422,131,20
"G5600070","1970","4","8","Wyoming","56","Carbon","007",,,,,,,"Carbon","1",,"01",43,112,155,110,587,744,1350,458,201,128,21,62,71,99,435,675,1466,514,191,76
"G5600090","1970","4","8","Wyoming","56","Converse","009",,,,,,,"Converse","1",,"02",0,25,95,34,247,270,638,166,71,96,15,25,30,5,224,285,721,289,124,23
"G5600110","1970","4","8","Wyoming","56","Crook","011",,,,,,,"Crook","1",,"02",0,11,19,36,273,184,461,131,61,37,0,0,12,22,162,181,413,286,118,7
"G5600130","1970","4","8","Wyoming","56","Fremont","013",,,,,,,"Fremont","1",,"02",227,208,195,156,1151,1332,2240,823,384,351,88,26,84,141,769,1558,2883,973,419,186
"G5600150","1970","4","8","Wyoming","56","Goshen","015",,,,,,,"Goshen","1",,"02",36,117,128,145,504,460,899,390,132,156,29,64,132,82,399,530,1277,474,204,41
"G5600170","1970","4","8","Wyoming","56","Hot Springs","017",,,,,,,"Hot Springs","1",,"02",25,29,79,44,293,242,461,168,54,50,10,10,50,35,227,321,607,193,66,25
"G5600190","1970","4","8","Wyoming","56","Johnson","019",,,,,,,"Johnson","1",,"02",0,34,53,51,383,298,525,125,80,82,5,4,17,15,194,262,566,389,117,17
"G5600210","1970","4","8","Wyoming","56","Laramie","021",,,,,,,"Laramie","1",,"02",102,304,353,441,1625,2137,5095,2002,1275,978,111,232,317,337,1387,2568,6474,2259,1206,425
"G5600230","1970","4","8","Wyoming","56","Lincoln","023",,,,,,,"Lincoln","1",,"01",26,55,65,43,286,500,830,243,84,122,6,61,59,62,237,461,903,247,141,49
"G5600250","1970","4","8","Wyoming","56","Natrona","025",,,,,,,"Natrona","1",,"01",69,178,353,286,1493,1914,4285,2157,1277,857,57,155,224,259,1129,2298,5474,2612,1043,329
"G5600270","1970","4","8","Wyoming","56","Niobrara","027",,,,,,,"Niobrara","1",,"02",0,29,16,38,261,117,297,67,30,34,17,21,42,12,106,165,381,175,15,9
"G5600290","1970","4","8","Wyoming","56","Park","029",,,,,,,"Park","1",,"02",25,76,111,108,668,693,1599,618,367,352,32,56,96,53,509,817,2003,793,345,132
"G5600310","1970","4","8","Wyoming","56","Platte","031",,,,,,,"Platte","1",,"02",12,27,60,44,454,344,639,180,88,49,11,20,33,31,289,421,741,289,77,48
"G5600330","1970","4","8","Wyoming","56","Sheridan","033",,,,,,,"Sheridan","1",,"02",34,124,212,187,910,817,1637,699,322,324,32,82,166,126,658,957,1922,1084,386,182
"G5600350","1970","4","8","Wyoming","56","Sublette","035",,,,,,,"Sublette","1",,"01",0,18,25,11,159,157,375,167,62,59,0,7,11,27,63,176,332,202,98,36
"G5600370","1970","4","8","Wyoming","56","Sweetwater","037",,,,,,,"Sweetwater","1",,"01",60,283,264,153,578,954,1742,448,373,210,66,140,212,124,576,983,1989,538,245,132
"G5600390","1970","4","8","Wyoming","56","Teton","039",,,,,,,"Teton","1",,"01",0,6,20,39,168,192,401,228,136,121,6,11,0,12,79,175,507,296,134,64
"G5600410","1970","4","8","Wyoming","56","Uinta","041",,,,,,,"Uinta","1",,"01",19,32,120,88,310,295,691,211,67,126,9,16,59,17,190,414,826,234,109,50
"G5600430","1970","4","8","Wyoming","56","Washakie","043",,,,,,,"Washakie","1",,"02",36,42,86,65,283,327,644,294,124,127,42,45,42,28,199,377,793,296,134,47
"G5600450","1970","4","8","Wyoming","56","Weston","045",,,,,,,"Weston","1",,"02",18,45,47,83,340,304,549,116,83,60,10,12,32,10,229,298,698,282,91,13
