GISJOIN,YEAR,STATE,STATEA,COUNTY,COUNTYA,AREANAME,STATEICP,COUNTYICP,BWW001,BWW002,BWW003,BWW004,BWW005,BWW006,BWW007,BWW008,BWW009,BWW010,BWW011,BWW012,BWW013,BWW014,BWW015,BWW016,BWW017,BWW018
"G0100010","1940","Alabama","010","Autauga","0010","Autauga","41","10",434,1491,917,783,463,237,123,91,86,396,1347,1118,864,525,273,207,95,46
"G0100030","1940","Alabama","010","Baldwin","0030","Baldwin","41","30",557,1771,1474,2017,977,545,315,222,237,331,1238,1472,1896,1042,816,437,143,169
"G0100050","1940","Alabama","010","Barbour","0050","Barbour","41","50",831,2323,1189,1041,617,296,216,141,243,836,2420,1279,1085,698,374,356,145,250
"G0100070","1940","Alabama","010","Bibb","0070","Bibb","41","70",401,1375,964,1004,468,220,104,90,39,261,971,1047,1113,533,227,181,79,27
"G0100090","1940","Alabama","010","Blount","0090","Blount","41","90",347,1374,1630,1913,792,305,134,110,79,197,1062,1620,1929,838,347,221,70,46
"G0100110","1940","Alabama","010","Bullock","0110","Bullock","41","110",409,1674,680,382,348,223,125,75,126,460,1654,902,474,368,265,240,122,128
"G0100130","1940","Alabama","010","Butler","0130","Butler","41","130",896,1945,1300,1179,844,364,149,117,93,755,1813,1525,1382,949,484,286,127,97
"G0100150","1940","Alabama","010","Calhoun","0150","Calhoun","41","150",1005,3209,3311,3051,1888,1168,539,565,127,811,2719,3676,3372,2075,1361,872,524,92
"G0100170","1940","Alabama","010","Chambers","0170","Chambers","41","170",684,2379,1992,2179,1255,646,220,184,132,570,2257,2328,2227,1417,707,381,177,115
"G0100190","1940","Alabama","010","Cherokee","0190","Cherokee","41","190",285,996,974,1286,498,209,96,63,126,166,710,1028,1324,543,203,146,70,122
"G0100210","1940","Alabama","010","Chilton","0210","Chilton","41","210",437,1455,1447,1613,839,380,131,131,91,312,1285,1540,1711,844,361,213,106,97
"G0100230","1940","Alabama","010","Choctaw","0230","Choctaw","41","230",523,1475,934,789,411,250,103,51,32,358,1109,1010,833,498,213,213,52,19
"G0100250","1940","Alabama","010","Clarke","0250","Clarke","41","250",678,1963,1267,1120,740,353,140,128,76,451,1544,1395,1177,855,430,251,133,50
"G0100270","1940","Alabama","010","Clay","0270","Clay","41","270",209,738,733,1126,665,253,104,81,56,143,650,791,1249,624,262,167,75,42
"G0100290","1940","Alabama","010","Cleburne","0290","Cleburne","41","290",232,735,749,765,362,90,58,39,15,169,638,794,761,333,93,95,46,10
"G0100310","1940","Alabama","010","Coffee","0310","Coffee","41","310",564,1800,1411,1593,842,303,168,97,85,440,1594,1566,1686,853,370,319,112,74
"G0100330","1940","Alabama","010","Colbert","0330","Colbert","41","330",433,1655,1598,1877,1118,662,319,315,62,363,1361,1665,1954,1288,851,457,240,42
"G0100350","1940","Alabama","010","Conecuh","0350","Conecuh","41","350",554,1654,1083,1029,500,216,90,81,120,478,1401,1329,1151,591,312,192,108,104
"G0100370","1940","Alabama","010","Coosa","0370","Coosa","41","370",229,769,608,792,383,157,73,51,13,168,565,641,804,371,183,130,56,16
"G0100390","1940","Alabama","010","Covington","0390","Covington","41","390",704,2420,2102,2062,1149,566,248,182,117,561,2034,2404,2376,1296,712,375,186,101
"G0100410","1940","Alabama","010","Crenshaw","0410","Crenshaw","41","410",488,1324,1178,1118,642,219,125,67,96,382,1119,1338,1226,693,296,193,81,63
"G0100430","1940","Alabama","010","Cullman","0430","Cullman","41","430",390,1937,2367,3542,1318,453,220,196,98,211,1635,2488,3587,1320,503,323,130,66
"G0100450","1940","Alabama","010","Dale","0450","Dale","41","450",402,1380,1052,1129,629,246,100,94,69,341,1221,1198,1194,689,313,243,106,65
"G0100470","1940","Alabama","010","Dallas","0470","Dallas","41","470",1452,4093,1857,1534,1088,1013,479,351,368,1491,3971,2748,1832,1399,1392,766,405,293
"G0100490","1940","Alabama","010","DeKalb","0490","Dekalb","41","490",401,1942,2309,2878,1264,480,218,151,95,249,1577,2531,3049,1311,482,293,153,79
"G0100510","1940","Alabama","010","Elmore","0510","Elmore","41","510",755,2041,1556,1845,1027,500,149,157,149,538,1793,1602,1813,1065,568,266,183,135
"G0100530","1940","Alabama","010","Escambia","0530","Escambia","41","530",625,2012,1458,1430,907,420,177,154,253,385,1413,1456,1469,970,488,323,142,187
"G0100550","1940","Alabama","010","Etowah","0550","Etowah","41","550",960,3266,3331,4233,2639,1731,639,509,143,669,2721,3545,4490,2805,1929,833,409,123
"G0100570","1940","Alabama","010","Fayette","0570","Fayette","41","570",234,908,1153,1461,708,288,120,83,26,173,799,1192,1449,761,299,202,60,18
"G0100590","1940","Alabama","010","Franklin","0590","Franklin","41","590",366,1266,1375,1508,908,292,168,87,28,256,1123,1387,1592,884,346,202,71,20
"G0100610","1940","Alabama","010","Geneva","0610","Geneva","41","610",506,1600,1461,1485,708,310,131,104,131,401,1388,1642,1602,780,336,215,105,106
"G0100630","1940","Alabama","010","Greene","0630","Greene","41","630",857,1768,648,349,277,127,89,63,28,776,1753,919,464,298,155,200,98,22
"G0100650","1940","Alabama","010","Hale","0650","Hale","41","650",832,2020,987,676,446,232,148,100,77,721,1871,1203,788,582,307,281,122,57
"G0100670","1940","Alabama","010","Henry","0670","Henry","41","670",654,1338,864,929,461,220,65,72,40,582,1184,935,971,545,257,136,73,28
"G0100690","1940","Alabama","010","Houston","0690","Houston","41","690",797,2596,1814,2150,1231,674,347,252,760,713,2463,1900,2306,1430,794,524,237,739
"G0100710","1940","Alabama","010","Jackson","0710","Jackson","41","710",649,2541,2023,1813,1178,462,194,114,166,412,1948,2253,2024,1136,444,346,111,94
"G0100730","1940","Alabama","010","Jefferson","0730","Jefferson","41","730",5934,21283,18821,28828,17055,15406,6399,6361,1010,5196,18470,19834,30805,20874,20345,7797,5340,817
"G0100750","1940","Alabama","010","Lamar","0750","Lamar","41","750",213,816,1137,1394,505,189,113,62,13,141,682,1144,1430,533,203,180,61,17
"G0100770","1940","Alabama","010","Lauderdale","0770","Lauderdale","41","770",504,2437,2255,2452,1309,721,417,331,117,349,1990,2466,2698,1522,809,715,300,87
"G0100790","1940","Alabama","010","Lawrence","0790","Lawrence","41","790",360,1617,1448,1303,682,194,123,67,83,273,1376,1591,1428,701,238,205,51,90
"G0100810","1940","Alabama","010","Lee","0810","Lee","41","810",678,2483,1391,1048,802,506,344,560,224,523,2310,1774,1186,948,816,553,425,149
"G0100830","1940","Alabama","010","Limestone","0830","Limestone","41","830",670,2348,1554,1415,892,429,139,129,199,524,1900,1818,1520,1001,521,321,205,132
"G0100850","1940","Alabama","010","Lowndes","0850","Lowndes","41","850",767,2040,570,409,318,195,101,56,46,785,2070,834,494,338,260,172,89,54
"G0100870","1940","Alabama","010","Macon","0870","Macon","41","870",690,1930,1049,684,555,314,256,212,312,675,1750,1442,817,665,390,349,232,108
"G0100890","1940","Alabama","010","Madison","0890","Madison","41","890",941,4423,3093,2651,1881,1019,439,357,268,736,3897,3664,2991,2033,1356,629,305,232
"G0100910","1940","Alabama","010","Marengo","0910","Marengo","41","910",1334,3082,1162,907,713,400,213,160,111,1247,2788,1477,977,847,504,406,181,53
"G0100930","1940","Alabama","010","Marion","0930","Marion","41","930",262,1114,1381,1801,920,334,183,98,42,207,1011,1476,1863,852,273,220,68,26
"G0100950","1940","Alabama","010","Marshall","0950","Marshall","41","950",449,1916,2317,2610,1328,530,256,176,57,318,1615,2572,2597,1347,532,359,169,54
"G0100970","1940","Alabama","010","Mobile","0970","Mobile","41","970",1886,6945,6096,8212,5423,4664,1381,1561,1035,1611,6066,6641,8616,6707,7149,1724,907,1064
"G0100990","1940","Alabama","010","Monroe","0990","Monroe","41","990",785,1993,1042,968,638,361,139,126,50,542,1604,1264,1147,803,425,322,120,51
"G0101010","1940","Alabama","010","Montgomery","1010","Montgomery","41","1010",1741,6284,4220,4936,4354,3838,1612,1698,599,1928,6179,4861,5162,4852,4851,2305,1318,621
"G0101030","1940","Alabama","010","Morgan","1030","Morgan","41","1030",571,2139,2287,2814,1812,891,380,315,288,472,1800,2363,3003,2026,1033,584,301,194
"G0101050","1940","Alabama","010","Perry","1050","Perry","41","1050",614,2066,913,702,439,206,189,148,103,519,1826,1293,864,565,305,308,195,96
"G0101070","1940","Alabama","010","Pickens","1070","Pickens","41","1070",764,1924,1102,1144,670,311,141,98,39,624,1692,1249,1194,749,350,283,107,28
"G0101090","1940","Alabama","010","Pike","1090","Pike","41","1090",718,2373,1264,1254,843,393,257,148,206,663,1980,1642,1311,894,479,467,234,144
"G0101110","1940","Alabama","010","Randolph","1110","Randolph","41","1110",635,1295,1196,1325,690,223,142,86,70,573,1111,1316,1406,716,274,227,82,81
"G0101130","1940","Alabama","010","Russell","1130","Russell","41","1130",927,2754,1241,1189,758,348,146,89,138,984,2948,1627,1301,780,427,188,93,110
"G0101150","1940","Alabama","010","St Clair","1150","St Clair","41","1150",419,1743,1467,1530,636,352,129,108,126,276,1221,1501,1630,713,378,214,112,69
"G0101170","1940","Alabama","010","Shelby","1170","Shelby","41","1170",475,1609,1369,1713,924,438,152,141,115,295,1139,1460,1717,1029,443,267,258,95
"G0101190","1940","Alabama","010","Sumter","1190","Sumter","41","1190",1061,2091,908,598,433,323,194,121,110,970,2013,1349,669,479,372,356,158,88
"G0101210","1940","Alabama","010","Talladega","1210","Talladega","41","1210",915,3043,2264,2150,1316,784,287,295,66,642,2547,2796,2525,1520,857,488,367,57
"G0101230","1940","Alabama","010","Tallapoosa","1230","Tallapoosa","41","1230",676,2034,1613,1778,1223,488,196,164,83,523,1695,1802,1969,1258,590,346,131,54
"G0101250","1940","Alabama","010","Tuscaloosa","1250","Tuscaloosa","41","1250",1779,4284,3647,3615,2385,1526,868,953,132,1336,3536,3885,3859,2576,1963,1250,976,143
"G0101270","1940","Alabama","010","Walker","1270","Walker","41","1270",736,3154,3215,3770,1868,854,389,278,107,581,2546,3421,3645,1911,899,547,269,63
"G0101290","1940","Alabama","010","Washington","1290","Washington","41","1290",416,1040,715,743,323,148,66,45,122,265,803,749,718,372,174,145,37,92
"G0101310","1940","Alabama","010","Wilcox","1310","Wilcox","41","1310",763,2184,778,613,380,318,137,140,84,736,1990,1068,759,468,400,251,178,99
"G0101330","1940","Alabama","010","Winston","1330","Winston","41","1330",185,808,969,1067,462,233,81,54,35,165,669,1051,1070,445,200,141,34,33
"G0250015","1940","Alaska Territory","025","First Judicial Dist","0015","First Judicicial Dist","81","3000",432,807,781,3268,1542,1466,642,489,436,380,382,374,1297,938,1126,585,360,68
"G0250035","1940","Alaska Territory","025","Fourth Judicial Dist","0035","Fourth Judicicial Dist","81","3300",1044,699,482,1564,616,705,401,352,105,952,271,162,403,262,363,311,185,50
"G0250075","1940","Alaska Territory","025","Second Judicial Dist","0075","Second Judicicial Dist","81","3100",1026,615,333,447,146,158,79,108,26,974,457,234,176,68,82,70,79,26
"G0250115","1940","Alaska Territory","025","Third Judicial Dist","0115","Third Judicicial Dist","81","3200",583,804,650,2305,962,854,467,328,219,433,326,243,766,487,573,402,232,97
"G0400010","1940","Arizona","040","Apache","0010","Apache","61","10",2126,561,475,750,374,348,172,157,38,2232,272,275,488,288,377,197,157,31
"G0400030","1940","Arizona","040","Cochise","0030","Cochise","61","30",373,1053,1020,2906,1523,1365,525,559,82,454,992,907,2126,1347,1397,691,467,47
"G0400050","1940","Arizona","040","Coconino","0050","Coconino","61","50",959,494,406,1087,546,551,277,277,78,959,294,308,691,529,517,328,274,37
"G0400070","1940","Arizona","040","Gila","0070","Gila","61","70",387,685,689,1903,1090,836,361,316,106,445,614,576,1275,1009,835,438,262,70
"G0400090","1940","Arizona","040","Graham","0090","Graham","61","90",222,318,336,809,450,319,191,143,27,189,247,268,674,452,346,214,88,28
"G0400110","1940","Arizona","040","Greenlee","0110","Greenlee","61","110",129,268,225,579,355,370,147,131,17,156,234,206,373,340,302,138,92,7
"G0400130","1940","Arizona","040","Maricopa","0130","Maricopa","61","130",2314,5817,5202,15055,7169,7391,3977,3462,725,2021,4104,4172,12362,7644,8870,4416,2834,524
"G0400150","1940","Arizona","040","Mohave","0150","Mohave","61","150",143,244,263,1047,473,407,184,161,32,84,100,143,526,384,355,181,115,8
"G0400170","1940","Arizona","040","Navajo","0170","Navajo","61","170",1395,604,538,1227,806,676,276,226,54,1365,492,376,857,711,621,356,204,25
"G0400190","1940","Arizona","040","Pima","0190","Pima","61","190",1692,1989,2019,4650,2611,2861,1592,1935,257,1763,1802,1767,3848,2831,3871,1992,1700,213
"G0400210","1940","Arizona","040","Pinal","0210","Pinal","61","210",679,1354,1097,2019,1015,765,328,299,226,553,829,866,1391,822,645,314,270,98
"G0400230","1940","Arizona","040","Santa Cruz","0230","Santa Cruz","61","230",188,309,286,583,317,332,184,184,38,180,397,309,454,243,321,167,129,27
"G0400250","1940","Arizona","040","Yavapai","0250","Yavapai","61","250",469,768,786,2684,1276,1114,491,478,141,361,495,520,1753,1107,1186,601,407,82
"G0400270","1940","Arizona","040","Yuma","0270","Yuma","61","270",402,742,649,1751,850,706,322,297,48,274,470,436,1186,719,631,303,196,41
"G0500010","1940","Arkansas","050","Arkansas","0010","Arkansas","42","10",306,1422,1156,1859,685,455,282,130,28,235,992,971,1729,811,594,308,109,17
"G0500030","1940","Arkansas","050","Ashley","0030","Ashley","42","30",418,1764,1221,1504,897,393,223,135,75,305,1272,1207,1524,955,461,279,95,65
"G0500050","1940","Arkansas","050","Baxter","0050","Baxter","42","50",98,448,422,978,243,152,87,65,58,66,318,424,929,285,176,90,33,22
"G0500070","1940","Arkansas","050","Benton","0070","Benton","42","70",176,1103,1465,4243,1194,1002,441,294,68,104,708,1288,4233,1509,1395,594,219,40
"G0500090","1940","Arkansas","050","Boone","0090","Boone","42","90",74,428,557,1804,570,465,154,106,27,56,307,553,1768,653,523,192,66,25
"G0500110","1940","Arkansas","050","Bradley","0110","Bradley","42","110",152,980,781,1256,737,344,121,72,68,108,637,743,1287,889,476,166,51,49
"G0500130","1940","Arkansas","050","Calhoun","0130","Calhoun","42","130",65,472,453,648,398,151,49,23,30,52,362,419,658,437,153,60,13,21
"G0500150","1940","Arkansas","050","Carroll","0150","Carroll","42","150",116,556,699,1683,372,307,148,88,12,70,327,616,1759,474,391,187,70,11
"G0500170","1940","Arkansas","050","Chicot","0170","Chicot","42","170",701,2438,1268,1249,517,346,172,118,118,587,2029,1454,1322,601,417,218,72,86
"G0500190","1940","Arkansas","050","Clark","0190","Clark","42","190",213,1158,1168,1679,807,427,256,203,82,162,776,1101,1710,982,523,289,240,110
"G0500210","1940","Arkansas","050","Clay","0210","Clay","42","210",317,1702,1347,2429,484,243,168,90,66,169,1232,1356,2523,567,266,207,47,45
"G0500230","1940","Arkansas","050","Cleburne","0230","Cleburne","42","230",94,494,768,1239,243,162,84,43,23,47,349,684,1309,248,183,77,22,31
"G0500250","1940","Arkansas","050","Cleveland","0250","Cleveland","42","250",88,710,598,837,454,145,38,33,37,75,511,546,768,480,189,77,30,45
"G0500270","1940","Arkansas","050","Columbia","0270","Columbia","42","270",489,1453,1123,1930,1021,531,272,158,158,376,1078,1187,2002,1232,663,335,93,131
"G0500290","1940","Arkansas","050","Conway","0290","Conway","42","290",125,906,998,1679,666,333,145,83,32,99,685,1039,1648,699,392,177,81,40
"G0500310","1940","Arkansas","050","Craighead","0310","Craighead","42","310",423,2390,2093,3581,1219,768,475,296,133,216,1674,2160,3661,1421,927,508,220,93
"G0500330","1940","Arkansas","050","Crawford","0330","Crawford","42","330",234,1011,1032,2069,725,482,186,87,24,157,755,1040,2130,805,566,208,68,17
"G0500350","1940","Arkansas","050","Crittenden","0350","Crittenden","42","350",1240,4910,2031,1450,662,443,196,140,61,765,3783,2449,1608,699,471,263,137,43
"G0500370","1940","Arkansas","050","Cross","0370","Cross","42","370",374,2006,1280,1354,504,265,150,78,135,281,1376,1360,1395,603,351,198,64,87
"G0500390","1940","Arkansas","050","Dallas","0390","Dallas","42","390",109,706,712,930,576,281,129,67,49,93,470,651,1009,686,344,148,57,31
"G0500410","1940","Arkansas","050","Desha","0410","Desha","42","410",496,2464,1393,1232,624,404,186,120,118,351,1808,1459,1260,647,437,198,80,100
"G0500430","1940","Arkansas","050","Drew","0430","Drew","42","430",162,1067,847,993,612,246,193,121,465,131,737,802,1142,748,338,222,105,443
"G0500450","1940","Arkansas","050","Faulkner","0450","Faulkner","42","450",153,815,1099,2284,852,407,308,241,46,133,572,1098,2313,924,519,390,263,30
"G0500470","1940","Arkansas","050","Franklin","0470","Franklin","42","470",82,594,649,1573,487,234,125,53,48,69,416,670,1566,563,270,121,41,37
"G0500490","1940","Arkansas","050","Fulton","0490","Fulton","42","490",59,386,501,1179,183,148,40,26,17,57,282,459,1126,194,151,50,19,6
"G0500510","1940","Arkansas","050","Garland","0510","Garland","42","510",238,1742,1832,3578,2027,1382,788,528,171,185,1413,1937,3323,2009,1696,775,368,144
"G0500530","1940","Arkansas","050","Grant","0530","Grant","42","530",50,416,496,920,449,149,88,29,17,26,290,504,846,459,155,74,35,17
"G0500550","1940","Arkansas","050","Greene","0550","Greene","42","550",292,1744,1426,2309,777,394,197,113,63,160,1211,1468,2454,862,411,188,60,58
"G0500570","1940","Arkansas","050","Hempstead","0570","Hempstead","42","570",306,1759,1455,2212,1129,533,243,170,84,236,1211,1422,2406,1383,695,363,122,66
"G0500590","1940","Arkansas","050","Hot Spring","0590","Hot Spring","42","590",108,904,957,1424,714,316,115,73,56,81,626,913,1480,787,359,150,54,54
"G0500610","1940","Arkansas","050","Howard","0610","Howard","42","610",146,747,805,1384,623,238,120,67,11,149,557,737,1433,631,328,144,27,10
"G0500630","1940","Arkansas","050","Independence","0630","Independence","42","630",157,1101,1127,1923,975,479,210,154,81,112,757,1126,1906,1184,561,224,103,77
"G0500650","1940","Arkansas","050","Izard","0650","Izard","42","650",110,348,538,1493,317,176,53,28,29,56,283,541,1506,307,172,41,26,15
"G0500670","1940","Arkansas","050","Jackson","0670","Jackson","42","670",358,1716,1415,1533,685,348,189,115,61,212,1244,1444,1603,764,386,188,90,50
"G0500690","1940","Arkansas","050","Jefferson","0690","Jefferson","42","690",709,4778,3307,3183,1973,1379,561,486,155,638,4220,3579,3409,2397,1798,815,329,103
"G0500710","1940","Arkansas","050","Johnson","0710","Johnson","42","710",112,758,803,2046,447,252,147,101,43,64,563,770,2022,515,344,158,89,37
"G0500730","1940","Arkansas","050","Lafayette","0730","Lafayette","42","730",282,1220,747,954,455,213,119,55,61,188,934,780,968,520,266,126,45,59
"G0500750","1940","Arkansas","050","Lawrence","0750","Lawrence","42","750",220,1280,1059,1741,506,286,116,85,68,137,915,1068,1852,533,314,133,54,47
"G0500770","1940","Arkansas","050","Lee","0770","Lee","42","770",447,2499,1368,1070,489,251,162,88,118,371,1868,1577,1176,560,357,218,63,55
"G0500790","1940","Arkansas","050","Lincoln","0790","Lincoln","42","790",341,1955,1046,1151,509,182,87,56,100,206,1325,1012,987,423,175,97,36,73
"G0500810","1940","Arkansas","050","Little River","0810","Little River","42","810",235,1048,885,980,395,212,92,51,22,198,783,774,1027,464,271,128,47,14
"G0500830","1940","Arkansas","050","Logan","0830","Logan","42","830",147,954,1081,2512,887,422,193,152,19,112,683,1031,2592,935,509,248,94,14
"G0500850","1940","Arkansas","050","Lonoke","0850","Lonoke","42","850",357,1800,1428,2046,835,364,214,129,45,234,1305,1432,2046,930,546,261,86,41
"G0500870","1940","Arkansas","050","Madison","0870","Madison","42","870",94,592,835,1613,183,146,51,29,39,52,386,749,1593,227,170,57,18,26
"G0500890","1940","Arkansas","050","Marion","0890","Marion","42","890",92,348,358,1079,210,136,61,28,22,80,245,353,1046,224,146,51,18,16
"G0500910","1940","Arkansas","050","Miller","0910","Miller","42","910",406,1792,1449,1898,1117,730,313,239,19,336,1309,1524,2015,1304,999,457,204,22
"G0500930","1940","Arkansas","050","Mississippi","0930","Mississippi","42","930",1382,6234,3566,4146,1627,1063,504,299,646,812,4570,3685,4198,1787,1192,549,230,395
"G0500950","1940","Arkansas","050","Monroe","0950","Monroe","42","950",352,1542,1161,1121,505,308,135,83,32,254,1098,1205,1178,594,358,197,81,16
"G0500970","1940","Arkansas","050","Montgomery","0970","Montgomery","42","970",57,474,493,715,219,117,57,33,4,45,388,488,664,249,113,54,17,2
"G0500990","1940","Arkansas","050","Nevada","0990","Nevada","42","990",147,1033,818,1386,728,334,156,71,62,125,749,881,1416,751,409,183,52,61
"G0501010","1940","Arkansas","050","Newton","1010","Newton","42","1010",61,415,475,1182,147,94,49,26,9,48,367,412,1058,132,91,59,10,4
"G0501030","1940","Arkansas","050","Ouachita","1030","Ouachita","42","1030",253,1540,1274,1772,1235,709,374,210,123,199,1116,1288,2005,1488,928,399,140,83
"G0501050","1940","Arkansas","050","Perry","1050","Perry","42","1050",72,387,415,681,194,123,51,17,33,60,281,358,687,232,116,66,12,23
"G0501070","1940","Arkansas","050","Phillips","1070","Phillips","42","1070",1326,4046,2433,2131,1050,710,302,206,169,949,3181,2605,2254,1198,904,402,151,120
"G0501090","1940","Arkansas","050","Pike","1090","Pike","42","1090",69,492,553,1114,398,194,79,42,8,51,344,535,1152,395,181,88,20,5
"G0501110","1940","Arkansas","050","Poinsett","1110","Poinsett","42","1110",614,2656,1800,2268,818,449,162,118,84,359,1850,1813,1996,834,466,204,69,47
"G0501130","1940","Arkansas","050","Polk","1130","Polk","42","1130",103,618,745,1646,434,267,119,91,15,71,440,737,1540,513,327,176,77,8
"G0501150","1940","Arkansas","050","Pope","1150","Pope","42","1150",186,1022,1092,2164,775,431,276,175,25,111,827,1187,2216,803,513,323,102,15
"G0501170","1940","Arkansas","050","Prairie","1170","Prairie","42","1170",157,841,777,1262,415,162,73,45,42,96,562,712,1221,445,225,104,32,29
"G0501190","1940","Arkansas","050","Pulaski","1190","Pulaski","42","1190",1229,5747,5790,10760,6173,6670,3089,2905,1610,1245,5002,6282,11671,7712,9303,3567,1829,360
"G0501210","1940","Arkansas","050","Randolph","1210","Randolph","42","1210",229,978,835,1669,331,201,82,57,90,157,654,805,1739,347,202,108,25,68
"G0501230","1940","Arkansas","050","St Francis","1230","St Francis","42","1230",593,2975,1913,1671,687,469,220,170,152,398,2251,2049,1708,838,588,286,139,90
"G0501250","1940","Arkansas","050","Saline","1250","Saline","42","1250",317,931,963,1665,644,389,179,91,198,172,787,960,1639,729,412,210,82,106
"G0501270","1940","Arkansas","050","Scott","1270","Scott","42","1270",107,592,654,1315,329,181,75,52,9,73,445,614,1232,353,178,105,31,6
"G0501290","1940","Arkansas","050","Searcy","1290","Searcy","42","1290",111,457,562,1173,218,193,72,28,19,69,378,592,1167,192,169,55,14,10
"G0501310","1940","Arkansas","050","Sebastian","1310","Sebastian","42","1310",484,1985,2348,5566,2407,2053,768,611,154,361,1490,2287,5832,2954,2854,912,563,125
"G0501330","1940","Arkansas","050","Sevier","1330","Sevier","42","1330",70,639,754,1276,467,321,143,80,23,62,455,653,1340,551,369,191,62,16
"G0501350","1940","Arkansas","050","Sharp","1350","Sharp","42","1350",91,452,479,1153,313,160,66,29,29,57,340,498,1165,312,171,68,17,19
"G0501370","1940","Arkansas","050","Stone","1370","Stone","42","1370",76,373,383,891,151,93,30,16,15,72,300,358,827,130,63,26,9,8
"G0501390","1940","Arkansas","050","Union","1390","Union","42","1390",612,2480,1942,3093,2010,1364,754,462,161,526,1911,1989,3073,2422,1612,908,343,135
"G0501410","1940","Arkansas","050","Van Buren","1410","Van Buren","42","1410",68,534,650,1147,304,153,50,35,21,73,409,645,1119,295,132,60,21,14
"G0501430","1940","Arkansas","050","Washington","1430","Washington","42","1430",296,1370,1605,4180,1236,1065,625,540,33,141,909,1519,4171,1510,1502,847,433,31
"G0501450","1940","Arkansas","050","White","1450","White","42","1450",263,1725,1741,3364,1130,586,284,151,48,182,1065,1624,3445,1237,675,361,168,45
"G0501470","1940","Arkansas","050","Woodruff","1470","Woodruff","42","1470",312,1524,1144,1176,494,257,118,72,106,189,1164,1130,1279,588,284,185,75,67
"G0501490","1940","Arkansas","050","Yell","1490","Yell","42","1490",111,929,941,1807,655,417,182,101,38,72,723,951,1701,738,392,201,55,23
"G0600010","1940","California","060","Alameda","0010","Alameda","71","10",4556,9002,11373,48069,25427,35463,12910,16742,1708,4009,7209,9775,47116,29681,46884,14596,12764,1430
"G0600030","1940","California","060","Alpine","0030","Alpine","71","30",14,17,7,41,15,16,6,7,3,17,7,5,15,15,9,2,5,0
"G0600050","1940","California","060","Amador","0050","Amador","71","50",117,312,267,1252,389,391,175,132,8,102,133,120,845,393,393,185,90,4
"G0600070","1940","California","060","Butte","0070","Butte","71","70",271,987,1308,5442,2385,1897,986,682,339,104,466,795,4006,2306,2079,1103,689,175
"G0600090","1940","California","060","Calaveras","0090","Calaveras","71","90",92,220,232,1354,506,441,131,139,24,45,84,124,868,402,419,132,108,13
"G0600110","1940","California","060","Colusa","0110","Colusa","71","110",179,335,277,1174,581,494,235,162,114,59,77,129,734,540,499,230,160,21
"G0600130","1940","California","060","Contra Costa","0130","Contra Costa","71","130",1413,2785,2647,10534,5588,5749,2100,2308,409,838,1638,1740,7710,5218,6361,1993,1669,204
"G0600150","1940","California","060","Del Norte","0150","Del Norte","71","150",69,101,137,738,240,250,98,74,11,44,43,63,448,206,293,85,57,9
"G0600170","1940","California","060","El Dorado","0170","El Dorado","71","170",75,360,447,2138,920,645,318,214,48,20,129,202,1194,739,648,286,145,12
"G0600190","1940","California","060","Fresno","0190","Fresno","71","190",2832,4346,4847,17269,8949,7866,3521,2779,788,2294,3022,3664,14462,8785,8737,3794,2458,535
"G0600210","1940","California","060","Glenn","0210","Glenn","71","210",108,280,298,1491,792,616,300,193,55,36,117,153,988,671,582,318,188,19
"G0600230","1940","California","060","Humboldt","0230","Humboldt","71","230",315,1220,1529,6560,2602,1891,858,620,180,169,671,879,4630,2627,2078,900,618,142
"G0600250","1940","California","060","Imperial","0250","Imperial","71","250",1424,2563,2119,5273,2516,2155,1027,687,188,901,1434,1331,3110,2009,1888,873,607,54
"G0600270","1940","California","060","Inyo","0270","Inyo","71","270",115,163,231,858,485,499,201,171,77,107,74,106,533,350,442,169,136,32
"G0600290","1940","California","060","Kern","0290","Kern","71","290",1157,3877,3917,13340,6484,5758,2713,1961,870,766,2293,2758,10344,6287,6205,2718,1681,489
"G0600310","1940","California","060","Kings","0310","Kings","71","310",649,1041,1027,3300,1655,1217,563,417,179,481,682,767,2588,1558,1338,626,365,98
"G0600330","1940","California","060","Lake","0330","Lake","71","330",44,148,201,1091,489,421,200,150,164,29,80,124,803,471,486,236,122,34
"G0600350","1940","California","060","Lassen","0350","Lassen","71","350",99,311,400,1819,957,738,313,179,55,53,144,190,996,825,677,284,152,14
"G0600370","1940","California","060","Los Angeles","0370","Los Angeles","71","370",16223,41732,59320,242948,158814,193441,85744,76904,11492,17248,36529,55024,241848,182457,260723,90202,55925,5732
"G0600390","1940","California","060","Madera","0390","Madera","71","390",209,913,817,2320,890,688,295,238,199,157,581,581,1773,850,766,318,266,117
"G0600410","1940","California","060","Marin","0410","Marin","71","410",373,1398,1504,6145,3429,3807,1585,1711,228,99,504,601,3836,2264,4289,1405,1088,136
"G0600430","1940","California","060","Mariposa","0430","Mariposa","71","430",24,157,189,874,373,306,156,125,16,15,43,63,430,309,292,116,107,10
"G0600450","1940","California","060","Mendocino","0450","Mendocino","71","450",368,1360,1129,4057,1466,1334,494,404,113,144,653,647,2694,1254,1299,511,295,89
"G0600470","1940","California","060","Merced","0470","Merced","71","470",966,1828,1702,5155,1890,1551,716,524,184,576,1018,1011,3657,1748,1619,722,465,74
"G0600490","1940","California","060","Modoc","0490","Modoc","71","490",53,164,168,1367,558,456,189,132,45,30,53,85,723,438,415,180,98,17
"G0600510","1940","California","060","Mono","0510","Mono","71","510",32,67,62,281,171,166,95,52,0,36,16,27,125,119,127,72,34,1
"G0600530","1940","California","060","Monterey","0530","Monterey","71","530",947,3392,2634,8895,4163,3463,1375,1422,203,440,1115,1172,5417,3342,3910,1459,1172,120
"G0600550","1940","California","060","Napa","0550","Napa","71","550",378,915,1028,4417,1743,1522,664,600,141,182,435,560,3294,1613,1671,666,428,152
"G0600570","1940","California","060","Nevada","0570","Nevada","71","570",78,380,531,2742,1224,1013,398,343,98,42,167,283,1771,1090,1132,432,211,41
"G0600590","1940","California","060","Orange","0590","Orange","71","590",1077,2403,2804,12363,6350,6752,3609,2599,690,891,1832,2419,11347,7464,9236,4347,2438,498
"G0600610","1940","California","060","Placer","0610","Placer","71","610",319,885,923,3769,1664,1375,567,441,79,184,404,494,2435,1391,1448,547,368,52
"G0600630","1940","California","060","Plumas","0630","Plumas","71","630",94,257,367,1695,914,644,262,193,88,35,75,127,756,654,490,209,141,17
"G0600650","1940","California","060","Riverside","0650","Riverside","71","650",1014,2680,2585,9608,5015,5145,2599,2083,533,808,1783,2101,8041,5046,6483,2866,1778,333
"G0600670","1940","California","060","Sacramento","0670","Sacramento","71","670",2021,4948,5296,19723,10070,9736,4253,3632,335,1194,2185,3009,14419,9401,11576,4032,2536,145
"G0600690","1940","California","060","San Benito","0690","San Benito","71","690",238,487,409,1369,496,389,194,131,34,146,258,222,1064,459,435,231,151,16
"G0600710","1940","California","060","San Bernardino","0710","San Bernardino","71","710",2096,3570,4288,15544,8006,7925,3741,2917,1392,1593,2558,3412,13555,8304,9908,4148,2618,792
"G0600730","1940","California","060","San Diego","0730","San Diego","71","730",1705,4685,6344,26117,17648,18534,7621,7364,463,1240,3521,5231,23063,18385,23500,9339,5682,341
"G0600750","1940","California","060","San Francisco","0750","San Francisco","71","750",4738,15487,18096,75144,35832,44894,15440,18140,4108,4389,9713,11949,68419,37682,59670,15295,11402,2456
"G0600770","1940","California","060","San Joaquin","0770","San Joaquin","71","770",4072,6875,5802,17166,6557,5499,2067,1779,447,1456,2557,2740,12340,6054,6206,2197,1369,261
"G0600790","1940","California","060","San Luis Obispo","0790","San Luis Obispo","71","790",372,956,981,3918,1614,1603,849,612,185,211,468,598,2927,1682,1883,979,531,101
"G0600810","1940","California","060","San Mateo","0810","San Mateo","71","810",836,2539,2704,12349,5715,7562,3208,3635,124,591,1304,1704,9888,5794,9987,3174,2207,93
"G0600830","1940","California","060","Santa Barbara","0830","Santa Barbara","71","830",795,1758,1964,6424,3519,3544,1789,1725,365,487,1162,1392,5455,3768,5030,2028,1677,359
"G0600850","1940","California","060","Santa Clara","0850","Santa Clara","71","850",2677,4802,4288,17170,8152,8422,3885,5000,463,2290,3342,3365,16266,8946,11366,4944,4396,289
"G0600870","1940","California","060","Santa Cruz","0870","Santa Cruz","71","870",628,1281,1573,5370,2629,2291,938,880,65,326,667,974,4435,2906,3206,1007,741,44
"G0600890","1940","California","060","Shasta","0890","Shasta","71","890",182,571,776,3763,2006,1577,687,477,151,105,209,431,2217,1735,1494,645,345,53
"G0600910","1940","California","060","Sierra","0910","Sierra","71","910",34,74,115,515,246,182,63,61,11,10,26,43,234,137,149,67,43,0
"G0600930","1940","California","060","Siskiyou","0930","Siskiyou","71","930",265,868,815,3945,1488,1452,650,414,271,123,379,431,2365,1303,1317,640,345,103
"G0600950","1940","California","060","Solano","0950","Solano","71","950",536,1451,1657,6310,3268,2975,935,842,119,320,570,784,4246,2775,3215,948,596,49
"G0600970","1940","California","060","Sonoma","0970","Sonoma","71","970",1030,1665,2149,9464,3249,3135,1239,1078,296,867,1008,1433,7738,3535,4184,1373,932,171
"G0600990","1940","California","060","Stanislaus","0990","Stanislaus","71","990",668,1808,2135,9012,3440,3110,1515,1022,247,424,1073,1524,7155,3457,3759,1638,998,177
"G0601010","1940","California","060","Sutter","1010","Sutter","71","1010",199,429,549,2475,933,816,312,234,202,60,193,344,1581,881,833,387,229,29
"G0601030","1940","California","060","Tehama","1030","Tehama","71","1030",87,227,361,1973,847,679,307,213,50,37,103,209,1362,857,747,376,214,35
"G0601050","1940","California","060","Trinity","1050","Trinity","71","1050",28,106,134,659,360,213,93,73,17,6,26,61,310,238,193,62,61,4
"G0601070","1940","California","060","Tulare","1070","Tulare","71","1070",1279,3043,3403,10913,4591,3478,1775,1172,677,804,1820,2410,8705,4649,4100,1971,1056,434
"G0601090","1940","California","060","Tuolumne","1090","Tuolumne","71","1090",132,322,434,1674,675,517,222,163,11,64,104,172,1049,617,550,215,123,5
"G0601110","1940","California","060","Ventura","1110","Ventura","71","1110",1307,1833,1779,6623,3334,3147,1550,1156,235,958,1315,1356,5112,3396,3701,1729,1114,151
"G0601130","1940","California","060","Yolo","1130","Yolo","71","1130",638,1396,1036,3263,1434,1116,563,535,38,250,404,387,2076,1217,1252,632,432,11
"G0601150","1940","California","060","Yuba","1150","Yuba","71","1150",156,543,651,2273,923,749,318,251,147,62,173,286,1490,804,760,322,170,33
"G0800010","1940","Colorado","080","Adams","0010","Adams","62","10",191,497,625,2705,1074,768,332,254,179,155,340,429,1897,950,984,433,175,111
"G0800030","1940","Colorado","080","Alamosa","0030","Alamosa","62","30",81,261,285,863,449,409,221,163,2,85,210,201,588,464,491,260,167,2
"G0800050","1940","Colorado","080","Arapahoe","0050","Arapahoe","62","50",43,406,754,3865,1652,1388,541,494,60,42,240,600,3012,1855,1860,622,326,56
"G0800070","1940","Colorado","080","Archuleta","0070","Archuleta","62","70",94,179,127,301,118,85,21,20,4,96,125,92,200,108,77,62,18,2
"G0800090","1940","Colorado","080","Baca","0090","Baca","62","90",11,151,179,846,236,121,74,73,18,12,65,103,635,274,163,106,40,3
"G0800110","1940","Colorado","080","Bent","0110","Bent","62","110",75,207,212,981,405,291,168,111,735,55,135,161,714,367,378,197,99,29
"G0800130","1940","Colorado","080","Boulder","0130","Boulder","62","130",182,768,928,3965,1689,1395,818,891,42,138,489,745,3380,2034,2232,1184,1013,27
"G0800150","1940","Colorado","080","Chaffee","0150","Chaffee","62","150",101,222,254,870,396,307,104,109,10,83,148,208,633,420,445,161,79,8
"G0800170","1940","Colorado","080","Cheyenne","0170","Cheyenne","62","170",8,51,70,436,133,89,44,29,11,1,23,42,283,139,126,76,32,3
"G0800190","1940","Colorado","080","Clear Creek","0190","Clear Creek","62","190",6,61,88,478,242,235,93,80,25,6,22,48,305,194,264,92,58,7
"G0800210","1940","Colorado","080","Conejos","0210","Conejos","62","210",203,563,390,626,297,235,102,48,23,227,449,318,494,270,292,127,56,12
"G0800230","1940","Colorado","080","Costilla","0230","Costilla","62","230",112,401,292,449,164,128,45,29,4,178,373,272,224,122,99,56,24,1
"G0800250","1940","Colorado","080","Crowley","0250","Crowley","62","250",44,165,175,574,208,136,49,52,26,33,112,109,463,210,166,96,52,15
"G0800270","1940","Colorado","080","Custer","0270","Custer","62","270",10,74,93,336,102,57,25,30,5,4,32,67,208,92,96,43,24,3
"G0800290","1940","Colorado","080","Delta","0290","Delta","62","290",106,330,414,1899,714,602,250,191,57,79,162,280,1488,760,798,380,180,17
"G0800310","1940","Colorado","080","Denver","0310","Denver","62","310",1903,4921,6449,31223,15181,18518,8686,9694,1398,1866,3882,5871,30361,17981,27678,10090,6927,1231
"G0800330","1940","Colorado","080","Dolores","0330","Dolores","62","330",1,51,57,269,75,49,23,19,7,1,18,40,183,70,45,32,6,6
"G0800350","1940","Colorado","080","Douglas","0350","Douglas","62","350",13,48,98,511,177,151,53,56,10,5,24,50,344,173,181,116,39,8
"G0800370","1940","Colorado","080","Eagle","0370","Eagle","62","370",31,113,153,681,320,231,87,63,7,12,49,72,386,241,259,131,42,1
"G0800390","1940","Colorado","080","Elbert","0390","Elbert","62","390",26,93,136,895,201,182,68,45,14,12,33,65,594,218,197,133,46,12
"G0800410","1940","Colorado","080","El Paso","0410","El Paso","62","410",155,737,1221,5623,2625,2705,1219,1203,261,130,512,1028,5461,3292,4447,1760,1185,220
"G0800430","1940","Colorado","080","Fremont","0430","Fremont","62","430",197,728,679,2485,1024,739,296,249,46,109,361,416,1797,922,918,429,178,17
"G0800450","1940","Colorado","080","Garfield","0450","Garfield","62","450",57,221,254,1318,517,410,190,136,44,29,127,153,928,569,560,285,128,19
"G0800470","1940","Colorado","080","Gilpin","0470","Gilpin","62","470",7,30,43,252,105,85,39,28,2,0,17,20,150,87,82,43,18,2
"G0800490","1940","Colorado","080","Grand","0490","Grand","62","490",9,51,84,514,225,169,78,50,10,1,19,34,259,183,174,116,71,9
"G0800510","1940","Colorado","080","Gunnison","0510","Gunnison","62","510",36,172,203,720,295,208,104,121,10,19,94,107,434,254,266,207,107,7
"G0800530","1940","Colorado","080","Hinsdale","0530","Hinsdale","62","530",0,5,10,61,17,18,9,6,0,0,4,6,21,17,26,12,3,1
"G0800550","1940","Colorado","080","Huerfano","0550","Huerfano","62","550",325,1001,657,1113,397,312,96,104,61,314,780,531,838,372,327,182,83,36
"G0800570","1940","Colorado","080","Jackson","0570","Jackson","62","570",11,32,44,264,110,90,45,20,9,2,4,22,142,74,83,58,23,2
"G0800590","1940","Colorado","080","Jefferson","0590","Jefferson","62","590",91,457,699,3544,1579,1394,716,596,88,51,257,499,2899,1752,2063,895,423,66
"G0800610","1940","Colorado","080","Kiowa","0610","Kiowa","62","610",10,34,72,413,129,89,46,23,2,4,8,34,275,142,123,91,16,3
"G0800630","1940","Colorado","080","Kit Carson","0630","Kit Carson","62","630",18,131,226,1092,279,178,68,65,17,13,75,143,794,325,296,130,59,6
"G0800650","1940","Colorado","080","Lake","0650","Lake","62","650",44,159,241,751,389,339,122,128,20,12,102,172,528,323,360,119,75,11
"G0800670","1940","Colorado","080","La Plata","0670","La Plata","62","670",159,431,434,1451,706,602,234,178,36,153,281,306,1048,701,735,342,151,19
"G0800690","1940","Colorado","080","Larimer","0690","Larimer","62","690",134,650,860,3852,1355,1322,853,831,73,134,524,620,3299,1686,1950,1163,736,43
"G0800710","1940","Colorado","080","Las Animas","0710","Las Animas","62","710",690,1820,1146,2330,792,710,295,243,162,637,1324,984,1885,864,934,379,225,78
"G0800730","1940","Colorado","080","Lincoln","0730","Lincoln","62","730",34,117,156,813,235,209,89,64,6,8,51,91,564,244,275,150,69,1
"G0800750","1940","Colorado","080","Logan","0750","Logan","62","750",78,368,470,1967,687,678,281,211,28,49,248,373,1504,682,881,441,208,18
"G0800770","1940","Colorado","080","Mesa","0770","Mesa","62","770",139,623,815,3577,1666,1406,609,471,170,104,337,560,2758,1815,1809,832,420,162
"G0800790","1940","Colorado","080","Mineral","0790","Mineral","62","790",3,20,17,110,48,65,14,15,3,1,6,11,67,35,50,23,8,1
"G0800810","1940","Colorado","080","Moffat","0810","Moffat","62","810",9,123,131,643,281,223,142,86,13,6,33,57,366,251,235,158,58,4
"G0800830","1940","Colorado","080","Montezuma","0830","Montezuma","62","830",122,307,324,1035,417,250,132,103,4,100,152,222,800,422,313,175,82,14
"G0800850","1940","Colorado","080","Montrose","0850","Montrose","62","850",102,410,410,1756,625,531,255,179,35,66,199,242,1292,682,623,347,135,25
"G0800870","1940","Colorado","080","Morgan","0870","Morgan","62","870",103,403,452,1904,684,518,267,194,69,68,265,338,1507,657,765,402,214,45
"G0800890","1940","Colorado","080","Otero","0890","Otero","62","890",236,599,651,2284,888,713,360,264,167,209,450,556,1921,999,1046,516,234,127
"G0800910","1940","Colorado","080","Ouray","0910","Ouray","62","910",7,25,60,306,115,90,35,21,3,8,16,36,177,103,111,61,30,4
"G0800930","1940","Colorado","080","Park","0930","Park","62","930",8,59,89,494,201,166,66,64,5,1,12,29,251,184,171,85,51,5
"G0800950","1940","Colorado","080","Phillips","0950","Phillips","62","950",7,65,124,722,226,159,80,54,5,4,20,80,553,254,208,121,45,3
"G0800970","1940","Colorado","080","Pitkin","0970","Pitkin","62","970",15,39,41,309,81,84,27,23,6,10,28,30,196,63,101,42,20,7
"G0800990","1940","Colorado","080","Prowers","0990","Prowers","62","990",57,262,305,1451,431,419,202,157,73,56,155,208,1113,504,482,257,149,40
"G0801010","1940","Colorado","080","Pueblo","1010","Pueblo","62","1010",991,2346,2331,7228,3103,2764,986,862,242,825,1686,2154,6240,3461,3717,1264,656,266
"G0801030","1940","Colorado","080","Rio Blanco","1030","Rio Blanco","62","1030",4,61,67,448,140,106,62,32,8,2,13,44,236,145,156,79,23,4
"G0801050","1940","Colorado","080","Rio Grande","1050","Rio Grande","62","1050",109,378,335,1046,471,443,220,142,14,89,326,237,721,479,546,260,157,7
"G0801070","1940","Colorado","080","Routt","1070","Routt","62","1070",105,331,304,1396,512,400,143,107,40,38,96,166,817,486,419,235,119,15
"G0801090","1940","Colorado","080","Saguache","1090","Saguache","62","1090",68,228,213,511,207,191,82,69,2,52,161,142,358,203,193,121,62,0
"G0801110","1940","Colorado","080","San Juan","1110","San Juan","62","1110",6,32,33,222,73,84,31,33,1,4,20,21,113,66,64,35,20,0
"G0801130","1940","Colorado","080","San Miguel","1130","San Miguel","62","1130",26,83,105,474,182,165,64,48,16,10,49,53,249,147,158,84,26,4
"G0801150","1940","Colorado","080","Sedgwick","1150","Sedgwick","62","1150",20,119,136,627,216,190,87,54,19,19,77,91,417,230,215,141,51,16
"G0801170","1940","Colorado","080","Summit","1170","Summit","62","1170",2,19,38,305,126,95,48,49,2,0,2,16,109,85,108,47,35,0
"G0801190","1940","Colorado","080","Teller","1190","Teller","62","1190",12,72,156,881,454,283,107,73,21,3,45,96,480,409,347,112,64,22
"G0801210","1940","Colorado","080","Washington","1210","Washington","62","1210",15,124,216,1320,291,234,69,63,17,11,50,119,888,316,295,161,55,11
"G0801230","1940","Colorado","080","Weld","1230","Weld","62","1230",509,1694,1723,6659,2358,1912,1053,816,184,383,1061,1290,5122,2426,2434,1667,998,108
"G0801250","1940","Colorado","080","Yuma","1250","Yuma","62","1250",28,176,346,1766,445,271,139,96,18,17,84,188,1408,457,478,218,97,15
"G0900010","1940","Connecticut","090","Fairfield","0010","Fairfield","1","10",4753,7906,11496,52254,16109,15264,5059,9360,2899,5598,7140,11397,52856,16805,22256,6353,4994,2291
"G0900030","1940","Connecticut","090","Hartford","0030","Hartford","1","30",5726,9462,10688,47291,20941,18126,5390,8308,6490,6412,8158,9626,46398,22367,25853,7524,4765,5709
"G0900050","1940","Connecticut","090","Litchfield","0050","Litchfield","1","50",982,1829,2356,12312,3409,3116,800,1466,227,1056,1382,1938,10956,3361,5054,1260,821,154
"G0900070","1940","Connecticut","090","Middlesex","0070","Middlesex","1","70",650,1161,1477,7761,2294,1961,554,941,334,725,1076,1202,7359,2501,2976,960,607,308
"G0900090","1940","Connecticut","090","New Haven","0090","New Haven","1","90",7280,11186,12410,57950,19064,18998,5250,8952,2063,8289,9415,11429,58110,19685,27307,7309,4927,1930
"G0900110","1940","Connecticut","090","New London","0110","New London","1","110",2053,2891,3760,16504,4859,4191,1336,1687,665,2081,2313,3358,15798,4809,5918,2044,1026,502
"G0900130","1940","Connecticut","090","Tolland","0130","Tolland","1","130",655,568,835,4804,1157,845,300,467,68,731,497,728,4404,1129,1280,480,344,41
"G0900150","1940","Connecticut","090","Windham","0150","Windham","1","150",565,1437,2323,7490,1749,1532,537,670,283,605,1257,2248,7552,1691,2075,807,409,231
"G1000010","1940","Delaware","100","Kent","0010","Kent","11","10",404,1577,1916,3251,1433,792,382,386,204,258,1055,1517,3073,1706,1310,504,297,139
"G1000030","1940","Delaware","100","New Castle","0030","New Castle","11","30",1823,4942,6380,16954,9188,6751,2247,4321,1271,1692,4020,5757,16280,10365,10122,2497,2294,1122
"G1000050","1940","Delaware","100","Sussex","0050","Sussex","11","50",583,2171,2760,4994,2223,1219,521,520,409,444,1468,2343,4779,2493,1942,583,366,380
"G1100010","1940","District Of Columbia","110","District Of Columbia","0010","District Of Columbia","98","10",3300,15301,20768,52496,29221,31605,17815,30029,2906,3407,13164,20530,55762,36235,55235,23250,17223,2496
"G1200010","1940","Florida","120","Alachua","0010","Alachua","43","10",687,2515,1363,1858,1209,823,557,778,187,481,2071,1454,1875,1518,1373,764,557,149
"G1200030","1940","Florida","120","Baker","0030","Baker","43","30",129,459,321,354,116,59,25,22,11,69,368,344,300,138,57,30,12,9
"G1200050","1940","Florida","120","Bay","0050","Bay","43","50",162,1024,893,1379,560,642,205,202,184,134,819,900,1307,611,733,280,130,143
"G1200070","1940","Florida","120","Bradford","0070","Bradford","43","70",103,500,393,523,251,129,61,47,104,101,434,390,514,264,141,86,26,63
"G1200090","1940","Florida","120","Brevard","0090","Brevard","43","90",181,847,650,1313,619,639,308,255,55,133,575,577,1199,689,887,389,200,26
"G1200110","1940","Florida","120","Broward","0110","Broward","43","110",453,1948,1525,2933,1608,1777,775,837,143,277,1338,1386,2584,1789,2382,859,595,74
"G1200130","1940","Florida","120","Calhoun","0130","Calhoun","43","130",190,521,387,455,159,118,26,31,14,112,399,359,466,196,114,44,20,8
"G1200150","1940","Florida","120","Charlotte","0150","Charlotte","43","150",77,211,152,326,143,135,53,50,26,37,131,131,274,190,161,57,42,13
"G1200170","1940","Florida","120","Citrus","0170","Citrus","43","170",124,360,249,432,236,130,59,44,9,77,273,213,360,265,167,80,32,5
"G1200190","1940","Florida","120","Clay","0190","Clay","43","190",98,449,239,412,191,145,86,129,154,55,308,253,441,189,228,131,64,56
"G1200210","1940","Florida","120","Collier","0210","Collier","43","210",165,545,327,378,200,114,46,46,18,72,202,211,252,154,109,53,32,7
"G1200230","1940","Florida","120","Columbia","0230","Columbia","43","230",296,1231,673,934,438,330,134,135,134,196,949,637,899,601,432,211,87,113
"G1200250","1940","Florida","120","Dade","0250","Dade","43","250",1874,7060,8474,22816,13352,15872,6888,6895,1776,1728,5488,8115,22163,15769,21509,6655,4773,1420
"G1200270","1940","Florida","120","DeSoto","0270","De Soto","43","270",120,368,273,571,353,215,114,92,95,72,285,270,543,340,286,163,65,37
"G1200290","1940","Florida","120","Dixie","0290","Dixie","43","290",240,650,391,413,224,76,44,22,27,113,419,323,348,205,116,42,22,16
"G1200310","1940","Florida","120","Duval","0310","Duval","43","310",1689,8802,8917,15667,8140,8606,3539,3193,1350,1465,7485,9184,16061,10211,11347,3901,2284,983
"G1200330","1940","Florida","120","Escambia","0330","Escambia","43","330",739,2813,2907,5135,2910,2240,807,1114,567,601,2395,3155,4792,3124,2659,916,569,464
"G1200350","1940","Florida","120","Flagler","0350","Flagler","43","350",112,286,130,208,101,54,33,19,11,50,178,116,157,100,77,31,14,5
"G1200370","1940","Florida","120","Franklin","0370","Franklin","43","370",83,384,303,354,171,128,45,59,44,73,333,276,316,214,170,77,41,36
"G1200390","1940","Florida","120","Gadsden","0390","Gadsden","43","390",709,2059,1141,1237,758,542,205,159,1271,702,1925,1289,1332,903,711,366,171,1300
"G1200410","1940","Florida","120","Gilchrist","0410","Gilchrist","43","410",79,310,202,281,88,52,25,13,7,54,206,159,266,90,54,20,14,6
"G1200430","1940","Florida","120","Glades","0430","Glades","43","430",72,199,142,224,103,46,18,19,6,56,97,106,131,87,44,38,12,3
"G1200450","1940","Florida","120","Gulf","0450","Gulf","43","450",180,494,290,418,248,161,68,55,51,85,336,253,325,214,186,83,20,18
"G1200470","1940","Florida","120","Hamilton","0470","Hamilton","43","470",304,755,390,432,180,125,48,24,37,221,620,424,408,225,177,74,17,30
"G1200490","1940","Florida","120","Hardee","0490","Hardee","43","490",88,321,383,1009,385,244,128,65,100,64,244,335,892,437,330,132,44,70
"G1200510","1940","Florida","120","Hendry","0510","Hendry","43","510",164,353,239,341,245,132,68,67,61,59,192,199,254,203,164,53,38,23
"G1200530","1940","Florida","120","Hernando","0530","Hernando","43","530",110,320,277,447,204,148,54,71,2,62,177,188,388,238,218,69,42,1
"G1200550","1940","Florida","120","Highlands","0550","Highlands","43","550",106,405,360,632,312,306,159,191,73,70,256,314,596,414,452,212,176,22
"G1200570","1940","Florida","120","Hillsborough","0570","Hillsborough","43","570",1914,8398,8329,13687,7992,6428,2854,2431,245,1961,7080,8155,13422,9327,8485,2948,1920,191
"G1200590","1940","Florida","120","Holmes","0590","Holmes","43","590",213,877,791,960,325,157,53,33,87,167,689,783,984,351,163,71,29,54
"G1200610","1940","Florida","120","Indian River","0610","Indian River","43","610",167,472,388,692,313,237,137,129,36,89,334,323,579,350,343,169,82,20
"G1200630","1940","Florida","120","Jackson","0630","Jackson","43","630",724,2230,1349,1523,711,404,211,176,225,650,1989,1617,1628,852,529,293,135,164
"G1200650","1940","Florida","120","Jefferson","0650","Jefferson","43","650",424,932,428,373,209,134,71,61,71,473,817,512,379,271,187,143,47,70
"G1200670","1940","Florida","120","Lafayette","0670","Lafayette","43","670",46,287,178,330,90,60,16,14,65,41,180,198,290,105,64,21,13,12
"G1200690","1940","Florida","120","Lake","0690","Lake","43","690",431,1367,1103,2065,941,958,500,489,64,224,940,983,1912,1197,1339,670,437,44
"G1200710","1940","Florida","120","Lee","0710","Lee","43","710",252,736,717,1131,754,629,312,310,334,120,539,641,1115,834,899,378,253,146
"G1200730","1940","Florida","120","Leon","0730","Leon","43","730",598,1878,1050,1251,839,844,473,619,177,590,1578,1272,1304,1010,1178,808,625,124
"G1200750","1940","Florida","120","Levy","0750","Levy","43","750",383,1046,673,742,318,195,79,61,33,199,664,615,678,337,212,125,39,23
"G1200770","1940","Florida","120","Liberty","0770","Liberty","43","770",82,261,194,221,87,39,20,9,5,64,184,151,207,91,59,26,4,6
"G1200790","1940","Florida","120","Madison","0790","Madison","43","790",394,1307,613,649,326,197,81,50,48,335,1088,719,698,432,253,136,53,36
"G1200810","1940","Florida","120","Manatee","0810","Manatee","43","810",339,1179,956,1956,1069,898,468,439,134,215,826,998,1804,1264,1368,546,347,89
"G1200830","1940","Florida","120","Marion","0830","Marion","43","830",669,1715,1286,1932,1133,834,346,307,188,467,1309,1249,1981,1357,1102,477,295,46
"G1200850","1940","Florida","120","Martin","0850","Martin","43","850",161,371,256,534,289,235,98,130,10,61,231,222,427,270,285,125,70,5
"G1200870","1940","Florida","120","Monroe","0870","Monroe","43","870",187,671,845,1121,599,390,137,171,78,139,576,803,1045,646,515,133,88,41
"G1200890","1940","Florida","120","Nassau","0890","Nassau","43","890",208,658,511,692,267,238,80,94,66,100,450,443,709,331,288,92,49,47
"G1200910","1940","Florida","120","Okaloosa","0910","Okaloosa","43","910",154,712,631,785,332,188,79,78,57,136,589,669,811,344,239,97,65,35
"G1200930","1940","Florida","120","Okeechobee","0930","Okeechobee","43","930",62,138,154,228,138,51,28,19,3,37,99,113,200,148,68,44,14,1
"G1200950","1940","Florida","120","Orange","0950","Orange","43","950",688,3008,2356,4810,2861,3231,1505,1602,257,493,2141,2414,4999,3529,4939,1849,1334,191
"G1200970","1940","Florida","120","Osceola","0970","Osceola","43","970",176,456,499,1062,389,359,139,127,13,90,294,384,1026,523,546,163,98,1
"G1200990","1940","Florida","120","Palm Beach","0990","Palm Beach","43","990",892,3967,3511,6177,2933,3437,1390,1525,466,502,2840,3081,6263,3509,4810,1541,1148,200
"G1201010","1940","Florida","120","Pasco","1010","Pasco","43","1010",189,694,531,1317,597,402,181,196,72,98,407,514,1133,653,560,230,145,31
"G1201030","1940","Florida","120","Pinellas","1030","Pinellas","43","1030",700,2126,2795,7941,4370,5172,2431,2457,525,598,1763,2735,8314,5766,8167,3071,2029,443
"G1201050","1940","Florida","120","Polk","1050","Polk","43","1050",1145,3748,3775,6379,3234,2656,1312,1205,484,745,2685,3522,6026,3980,3728,1587,1083,311
"G1201070","1940","Florida","120","Putnam","1070","Putnam","43","1070",422,1233,775,1198,520,523,211,210,112,280,962,810,1200,715,652,278,156,60
"G1201090","1940","Florida","120","St Johns","1090","St Johns","43","1090",269,1083,908,1423,634,652,249,266,17,200,903,875,1435,969,1014,360,226,15
"G1201110","1940","Florida","120","St Lucie","1110","St Lucie","43","1110",139,648,423,842,495,422,181,167,111,92,409,421,714,550,492,222,130,46
"G1201130","1940","Florida","120","Santa Rosa","1130","Santa Rosa","43","1130",234,1023,842,981,367,159,69,60,52,178,821,812,1008,427,250,110,35,34
"G1201150","1940","Florida","120","Sarasota","1150","Sarasota","43","1150",151,583,541,1290,739,787,340,404,67,83,434,547,1067,786,1129,459,297,50
"G1201170","1940","Florida","120","Seminole","1170","Seminole","43","1170",429,1501,1019,1377,727,650,322,224,34,265,1138,1024,1248,852,891,420,237,12
"G1201190","1940","Florida","120","Sumter","1190","Sumter","43","1190",178,614,576,926,392,202,95,62,11,92,403,455,765,444,273,110,58,10
"G1201210","1940","Florida","120","Suwannee","1210","Suwannee","43","1210",349,1146,769,994,368,235,93,90,91,224,838,858,1010,484,313,135,80,55
"G1201230","1940","Florida","120","Taylor","1230","Taylor","43","1230",335,934,550,644,330,183,83,37,39,210,692,574,571,365,224,98,33,12
"G1201250","1940","Florida","120","Union","1250","Union","43","1250",321,751,462,564,235,157,72,32,15,76,284,227,378,141,89,32,12,5
"G1201270","1940","Florida","120","Volusia","1270","Volusia","43","1270",639,2054,1946,4283,2181,2260,1091,1165,81,447,1596,1828,4536,3005,3678,1547,1016,74
"G1201290","1940","Florida","120","Wakulla","1290","Wakulla","43","1290",122,320,275,365,87,70,19,18,35,95,256,265,295,162,91,49,11,23
"G1201310","1940","Florida","120","Walton","1310","Walton","43","1310",240,780,672,945,336,170,81,58,52,197,633,699,963,382,228,114,66,29
"G1201330","1940","Florida","120","Washington","1330","Washington","43","1330",224,772,576,704,262,124,50,48,22,166,645,668,745,270,170,72,44,18
"G1300010","1940","Georgia","130","Appling","0010","Appling","44","10",230,973,670,651,232,142,85,49,22,136,638,727,768,323,151,137,46,14
"G1300030","1940","Georgia","130","Atkinson","0030","Atkinson","44","30",165,501,264,275,211,78,48,25,16,108,351,313,255,224,75,66,13,4
"G1300050","1940","Georgia","130","Bacon","0050","Bacon","44","50",135,569,389,394,124,93,42,25,6,72,427,396,413,147,104,58,18,2
"G1300070","1940","Georgia","130","Baker","0070","Baker","44","70",281,555,244,198,133,37,22,13,22,232,472,309,217,180,68,39,16,8
"G1300090","1940","Georgia","130","Baldwin","0090","Baldwin","44","90",1040,1908,804,1435,704,292,206,232,214,1022,1969,1070,1857,913,485,389,358,262
"G1300110","1940","Georgia","130","Banks","0110","Banks","44","110",122,488,412,538,267,53,39,20,10,99,430,412,556,280,91,64,25,8
"G1300130","1940","Georgia","130","Barrow","0130","Barrow","44","130",193,638,593,806,432,217,84,64,44,141,522,677,1023,506,308,126,59,22
"G1300150","1940","Georgia","130","Bartow","0150","Bartow","44","150",400,1544,1222,1239,592,288,182,129,110,270,1274,1367,1439,713,395,262,138,110
"G1300170","1940","Georgia","130","Ben Hill","0170","Ben Hill","44","170",273,852,610,568,539,255,162,83,18,180,738,736,666,661,361,213,72,13
"G1300190","1940","Georgia","130","Berrien","0190","Berrien","44","190",329,1038,725,737,333,91,73,42,9,230,805,768,815,363,127,111,39,10
"G1300210","1940","Georgia","130","Bibb","0210","Bibb","44","210",1682,5187,3201,3518,2768,2335,1083,1063,181,1580,5051,4029,4095,3758,3500,1618,1023,117
"G1300230","1940","Georgia","130","Bleckley","0230","Bleckley","44","230",237,771,346,336,249,65,47,42,35,190,662,439,368,321,79,112,46,28
"G1300250","1940","Georgia","130","Brantley","0250","Brantley","44","250",111,515,344,362,156,71,31,17,34,63,322,304,351,164,68,41,10,27
"G1300270","1940","Georgia","130","Brooks","0270","Brooks","44","270",525,1516,730,690,569,220,139,92,49,411,1191,835,704,733,349,232,94,34
"G1300290","1940","Georgia","130","Bryan","0290","Bryan","44","290",149,546,261,215,151,50,35,25,28,120,399,241,208,203,81,46,21,12
"G1300310","1940","Georgia","130","Bulloch","0310","Bulloch","44","310",448,1836,964,900,897,328,228,158,64,275,1227,1069,993,1079,481,338,164,33
"G1300330","1940","Georgia","130","Burke","0330","Burke","44","330",927,2331,796,549,461,261,148,97,207,858,2193,1132,679,535,390,262,119,152
"G1300350","1940","Georgia","130","Butts","0350","Butts","44","350",149,689,349,308,378,111,57,37,87,90,540,424,377,446,218,137,35,68
"G1300370","1940","Georgia","130","Calhoun","0370","Calhoun","44","370",351,978,283,233,230,111,90,42,16,284,849,431,316,284,147,122,52,18
"G1300390","1940","Georgia","130","Camden","0390","Camden","44","390",151,588,210,183,156,56,45,26,20,122,462,236,190,164,95,51,28,15
"G1300430","1940","Georgia","130","Candler","0430","Candler","44","430",214,612,353,319,288,96,54,27,41,155,456,389,342,340,150,98,19,23
"G1300450","1940","Georgia","130","Carroll","0450","Carroll","44","450",425,1745,1550,1880,1542,485,218,163,125,296,1509,1769,1949,1653,648,308,167,119
"G1300470","1940","Georgia","130","Catoosa","0470","Catoosa","44","470",39,543,629,1004,419,205,56,83,66,24,393,595,895,364,223,80,38,57
"G1300490","1940","Georgia","130","Charlton","0490","Charlton","44","490",145,444,223,234,87,61,21,25,5,83,307,223,237,77,86,42,22,3
"G1300510","1940","Georgia","130","Chatham","0510","Chatham","44","510",1594,6682,5200,6851,4062,3519,1467,1474,180,1897,6830,5856,7328,5257,5049,1799,1002,113
"G1300530","1940","Georgia","130","Chattahoochee","0530","Chattahoochee","44","530",90,368,523,1553,1044,497,215,572,22,62,209,208,239,158,245,194,119,1
"G1300550","1940","Georgia","130","Chattooga","0550","Chattooga","44","550",238,955,891,828,706,293,86,60,131,158,754,962,882,747,370,160,70,61
"G1300570","1940","Georgia","130","Cherokee","0570","Cherokee","44","570",213,1071,1134,1102,738,152,121,80,46,128,971,1238,1190,786,220,182,76,37
"G1300590","1940","Georgia","130","Clarke","0590","Clarke","44","590",415,1619,1076,1125,751,740,397,649,65,394,1453,1497,1399,984,1148,698,662,59
"G1300610","1940","Georgia","130","Clay","0610","Clay","44","610",269,574,201,144,170,87,56,28,6,211,509,285,167,211,142,109,38,2
"G1300630","1940","Georgia","130","Clayton","0630","Clayton","44","630",178,547,500,695,563,146,112,58,50,111,403,492,803,619,232,129,64,34
"G1300650","1940","Georgia","130","Clinch","0650","Clinch","44","650",148,578,312,264,170,67,46,31,3,70,378,296,249,212,83,52,21,0
"G1300670","1940","Georgia","130","Cobb","0670","Cobb","44","670",439,2012,1782,2314,1351,756,373,298,151,342,1769,1962,2576,1466,1017,507,237,95
"G1300690","1940","Georgia","130","Coffee","0690","Coffee","44","690",284,1505,875,837,593,302,137,97,39,189,1067,968,923,610,362,219,79,36
"G1300710","1940","Georgia","130","Colquitt","0710","Colquitt","44","710",476,2126,1380,1429,855,474,283,187,151,297,1716,1480,1553,1139,568,395,181,121
"G1300730","1940","Georgia","130","Columbia","0730","Columbia","44","730",345,722,333,305,223,100,53,27,23,231,538,344,306,270,219,71,41,18
"G1300750","1940","Georgia","130","Cook","0750","Cook","44","750",234,728,548,565,341,147,67,42,32,177,584,566,569,417,187,112,38,23
"G1300770","1940","Georgia","130","Coweta","0770","Coweta","44","770",352,1710,1399,1149,791,463,218,163,77,301,1442,1568,1274,915,689,373,232,61
"G1300790","1940","Georgia","130","Crawford","0790","Crawford","44","790",125,628,313,218,136,56,16,17,21,76,505,374,272,164,93,34,21,10
"G1300810","1940","Georgia","130","Crisp","0810","Crisp","44","810",426,1328,595,572,525,288,145,119,53,321,1213,789,624,678,400,268,133,34
"G1300830","1940","Georgia","130","Dade","0830","Dade","44","830",64,331,282,359,130,92,21,16,134,31,223,271,341,141,120,36,16,8
"G1300850","1940","Georgia","130","Dawson","0850","Dawson","44","850",58,275,282,259,92,26,12,13,4,33,203,309,271,80,27,27,3,2
"G1300870","1940","Georgia","130","Decatur","0870","Decatur","44","870",611,1631,812,683,671,313,162,102,62,479,1318,1022,778,801,462,317,90,59
"G1300890","1940","Georgia","130","DeKalb","0890","De Kalb","44","890",665,2807,2684,4678,3706,4047,2116,2402,94,553,2481,3015,5037,4397,5961,2558,1822,55
"G1300910","1940","Georgia","130","Dodge","0910","Dodge","44","910",466,1562,903,749,568,115,117,76,22,315,1214,1053,936,700,167,192,71,16
"G1300930","1940","Georgia","130","Dooly","0930","Dooly","44","930",495,1318,600,467,481,148,96,49,20,418,1053,681,556,651,221,182,55,21
"G1300950","1940","Georgia","130","Dougherty","0950","Dougherty","44","950",597,2232,901,894,805,834,432,310,102,607,2297,1233,981,983,1087,537,317,74
"G1300970","1940","Georgia","130","Douglas","0970","Douglas","44","970",102,546,502,581,328,140,59,45,19,73,439,513,625,390,176,96,40,18
"G1300990","1940","Georgia","130","Early","0990","Early","44","990",549,1402,641,625,475,132,101,56,65,436,1193,783,691,652,184,198,70,35
"G1301010","1940","Georgia","130","Echols","1010","Echols","44","1010",154,272,122,111,58,15,11,4,13,84,195,151,118,63,23,10,3,5
"G1301030","1940","Georgia","130","Effingham","1030","Effingham","44","1030",245,710,384,435,293,92,39,46,40,167,582,410,489,363,122,91,32,34
"G1301050","1940","Georgia","130","Elbert","1050","Elbert","44","1050",313,1040,856,1005,719,368,165,113,37,192,785,954,1074,745,533,237,115,40
"G1301070","1940","Georgia","130","Emanuel","1070","Emanuel","44","1070",509,1670,926,886,644,279,154,83,45,324,1316,1072,913,752,389,215,97,31
"G1301090","1940","Georgia","130","Evans","1090","Evans","44","1090",110,508,281,312,224,82,54,36,53,74,354,303,370,294,121,98,36,34
"G1301110","1940","Georgia","130","Fannin","1110","Fannin","44","1110",211,770,751,786,266,168,74,44,8,205,708,809,780,299,167,78,42,15
"G1301130","1940","Georgia","130","Fayette","1130","Fayette","44","1130",109,582,434,370,211,97,33,25,20,59,429,458,441,291,140,69,22,7
"G1301150","1940","Georgia","130","Floyd","1150","Floyd","44","1150",663,3095,2807,2641,1894,1093,483,479,420,497,2639,3144,2937,2058,1413,735,452,326
"G1301170","1940","Georgia","130","Forsyth","1170","Forsyth","44","1170",156,539,597,777,261,79,52,26,13,101,465,702,818,254,106,71,13,10
"G1301190","1940","Georgia","130","Franklin","1190","Franklin","44","1190",311,799,616,675,651,198,134,72,28,197,648,725,804,719,273,204,69,16
"G1301210","1940","Georgia","130","Fulton","1210","Fulton","44","1210",3746,17128,16886,22799,15597,14501,7361,7798,728,3569,16733,19717,25550,19360,20801,8786,5874,529
"G1301230","1940","Georgia","130","Gilmer","1230","Gilmer","44","1230",192,541,454,494,156,68,42,30,8,194,442,569,478,149,94,46,16,7
"G1301250","1940","Georgia","130","Glascock","1250","Glascock","44","1250",85,266,201,176,106,46,15,12,22,53,231,230,211,129,65,28,11,12
"G1301270","1940","Georgia","130","Glynn","1270","Glynn","44","1270",409,1413,992,1209,704,585,225,305,64,336,1128,1009,1268,826,821,344,230,54
"G1301290","1940","Georgia","130","Gordon","1290","Gordon","44","1290",147,1138,985,1084,505,145,148,66,42,120,950,1059,1163,591,238,165,55,36
"G1301310","1940","Georgia","130","Grady","1310","Grady","44","1310",371,1547,845,716,497,194,90,76,106,299,1103,919,765,672,306,187,91,60
"G1301330","1940","Georgia","130","Greene","1330","Greene","44","1330",236,1066,520,582,368,135,122,79,48,159,903,663,662,457,201,163,77,49
"G1301350","1940","Georgia","130","Gwinnett","1350","Gwinnett","44","1350",383,1576,1464,2012,772,389,183,109,48,286,1243,1585,2139,836,533,266,130,43
"G1301370","1940","Georgia","130","Habersham","1370","Habersham","44","1370",205,674,645,819,491,178,139,116,11,155,592,768,849,493,245,204,130,12
"G1301390","1940","Georgia","130","Hall","1390","Hall","44","1390",455,1618,1597,1899,1092,615,307,288,51,388,1477,1886,2135,1165,819,438,311,52
"G1301410","1940","Georgia","130","Hancock","1410","Hancock","44","1410",268,1015,483,350,266,107,70,53,42,191,720,635,421,385,149,130,67,24
"G1301430","1940","Georgia","130","Haralson","1430","Haralson","44","1430",162,671,664,833,606,184,92,46,31,126,526,769,898,683,232,107,46,34
"G1301450","1940","Georgia","130","Harris","1450","Harris","44","1450",311,1023,337,300,297,170,100,53,7,229,820,484,328,347,234,180,69,8
"G1301470","1940","Georgia","130","Hart","1470","Hart","44","1470",220,865,688,784,449,178,99,60,62,190,581,740,893,577,233,125,65,45
"G1301490","1940","Georgia","130","Heard","1490","Heard","44","1490",74,574,401,347,293,73,33,25,41,47,443,454,399,312,91,59,14,46
"G1301510","1940","Georgia","130","Henry","1510","Henry","44","1510",183,1029,636,617,620,152,111,51,108,117,705,703,705,721,239,173,69,103
"G1301530","1940","Georgia","130","Houston","1530","Houston","44","1530",312,955,355,250,291,126,73,49,9,266,861,435,269,349,199,124,54,3
"G1301550","1940","Georgia","130","Irwin","1550","Irwin","44","1550",310,953,474,415,357,113,57,37,10,207,656,576,476,438,142,98,35,3
"G1301570","1940","Georgia","130","Jackson","1570","Jackson","44","1570",315,1152,924,956,733,212,119,106,28,220,987,1101,1047,859,347,192,120,24
"G1301590","1940","Georgia","130","Jasper","1590","Jasper","44","1590",245,631,306,293,322,54,83,47,71,189,550,340,331,393,111,139,35,72
"G1301610","1940","Georgia","130","Jeff Davis","1610","Jeff Davis","44","1610",149,605,422,398,171,77,29,20,10,85,406,450,463,200,107,77,23,2
"G1301630","1940","Georgia","130","Jefferson","1630","Jefferson","44","1630",388,1542,760,520,428,250,131,84,58,352,1277,923,667,576,385,188,97,55
"G1301650","1940","Georgia","130","Jenkins","1650","Jenkins","44","1650",277,967,362,286,306,93,77,55,138,238,897,473,316,387,133,110,54,126
"G1301670","1940","Georgia","130","Johnson","1670","Johnson","44","1670",175,985,485,532,243,115,55,30,90,157,793,607,637,290,156,108,41,60
"G1301690","1940","Georgia","130","Jones","1690","Jones","44","1690",219,696,361,231,133,91,73,40,17,190,489,453,280,187,151,103,50,15
"G1301710","1940","Georgia","130","Lamar","1710","Lamar","44","1710",197,681,435,379,333,155,74,57,47,128,588,502,470,420,236,152,60,40
"G1301730","1940","Georgia","130","Lanier","1730","Lanier","44","1730",160,454,231,269,170,50,25,16,11,89,268,244,250,152,76,39,17,9
"G1301750","1940","Georgia","130","Laurens","1750","Laurens","44","1750",742,2357,1352,1281,858,428,197,112,100,536,1928,1593,1367,1053,642,363,105,57
"G1301770","1940","Georgia","130","Lee","1770","Lee","44","1770",392,735,187,94,136,102,31,24,8,380,629,291,133,167,126,51,25,5
"G1301790","1940","Georgia","130","Liberty","1790","Liberty","44","1790",162,893,291,210,248,68,59,38,76,97,628,355,247,277,133,72,21,62
"G1301810","1940","Georgia","130","Lincoln","1810","Lincoln","44","1810",167,445,221,276,272,48,38,20,42,138,363,237,256,347,66,82,29,46
"G1301830","1940","Georgia","130","Long","1830","Long","44","1830",57,352,168,202,73,37,28,11,23,21,218,200,226,79,62,40,8,14
"G1301850","1940","Georgia","130","Lowndes","1850","Lowndes","44","1850",518,2038,1485,1279,918,623,327,244,94,423,1887,1712,1366,1102,835,491,240,48
"G1301870","1940","Georgia","130","Lumpkin","1870","Lumpkin","44","1870",163,396,330,277,83,40,54,49,0,125,308,408,322,92,55,69,39,0
"G1301890","1940","Georgia","130","McDuffie","1890","Mcduffie","44","1890",304,828,337,385,281,148,66,49,81,193,617,465,410,349,272,119,59,73
"G1301910","1940","Georgia","130","McIntosh","1910","Mcintosh","44","1910",91,498,266,163,151,73,48,40,17,60,425,260,174,128,115,74,38,13
"G1301930","1940","Georgia","130","Macon","1930","Macon","44","1930",482,1299,483,343,445,143,134,80,18,431,1108,775,405,539,248,223,71,12
"G1301950","1940","Georgia","130","Madison","1950","Madison","44","1950",211,962,662,622,367,102,79,48,40,118,778,747,689,411,143,128,51,30
"G1301970","1940","Georgia","130","Marion","1970","Marion","44","1970",172,516,287,211,194,56,39,23,7,125,361,371,271,235,93,74,26,4
"G1301990","1940","Georgia","130","Meriwether","1990","Meriwether","44","1990",510,1632,856,683,603,347,182,107,39,420,1324,1042,765,776,501,289,141,30
"G1302010","1940","Georgia","130","Miller","2010","Miller","44","2010",165,760,388,255,271,73,54,22,132,106,544,425,289,363,109,86,14,133
"G1302050","1940","Georgia","130","Mitchell","2050","Mitchell","44","2050",877,1655,747,594,609,249,131,95,42,686,1384,962,642,748,337,291,94,47
"G1302070","1940","Georgia","130","Monroe","2070","Monroe","44","2070",292,778,398,393,301,128,68,74,12,198,643,546,406,310,204,185,110,3
"G1302090","1940","Georgia","130","Montgomery","2090","Montgomery","44","2090",133,712,391,433,188,69,61,38,56,66,487,471,478,279,85,116,37,37
"G1302110","1940","Georgia","130","Morgan","2110","Morgan","44","2110",350,943,391,457,297,206,77,75,52,301,833,513,512,351,278,160,98,25
"G1302130","1940","Georgia","130","Murray","2130","Murray","44","2130",117,698,560,551,284,111,50,36,35,87,503,570,585,299,175,69,17,26
"G1302150","1940","Georgia","130","Muscogee","2150","Muscogee","44","2150",1067,4354,3004,3743,2481,2011,873,776,176,1099,4866,4008,4102,2793,2536,1183,607,83
"G1302170","1940","Georgia","130","Newton","2170","Newton","44","2170",259,1229,837,1002,579,200,155,120,55,215,1034,988,1045,664,304,233,129,46
"G1302190","1940","Georgia","130","Oconee","2190","Oconee","44","2190",209,461,325,338,287,88,51,32,34,142,379,343,362,353,138,69,42,15
"G1302210","1940","Georgia","130","Oglethorpe","2210","Oglethorpe","44","2210",305,840,522,562,287,92,58,45,67,173,642,602,578,404,163,99,64,40
"G1302230","1940","Georgia","130","Paulding","2230","Paulding","44","2230",134,716,624,768,567,112,50,23,48,118,594,701,717,510,105,57,24,35
"G1302250","1940","Georgia","130","Peach","2250","Peach","44","2250",265,760,370,314,305,172,87,102,4,220,722,464,335,388,221,174,113,4
"G1302270","1940","Georgia","130","Pickens","2270","Pickens","44","2270",123,544,430,543,240,95,76,41,21,119,455,498,571,256,126,85,35,16
"G1302290","1940","Georgia","130","Pierce","2290","Pierce","44","2290",122,742,634,538,251,111,63,40,7,84,562,610,586,299,174,86,39,12
"G1302310","1940","Georgia","130","Pike","2310","Pike","44","2310",222,747,406,380,274,113,58,38,47,136,546,499,411,353,171,99,48,35
"G1302330","1940","Georgia","130","Polk","2330","Polk","44","2330",462,1617,1308,1267,953,383,173,138,143,330,1292,1576,1358,988,482,318,133,113
"G1302350","1940","Georgia","130","Pulaski","2350","Pulaski","44","2350",278,848,312,268,274,94,81,38,56,225,673,426,290,327,169,154,42,44
"G1302370","1940","Georgia","130","Putnam","2370","Putnam","44","2370",253,655,280,225,245,98,65,41,9,212,577,371,226,304,127,128,42,6
"G1302390","1940","Georgia","130","Quitman","2390","Quitman","44","2390",76,304,118,99,67,26,17,8,1,61,233,162,118,75,40,30,5,0
"G1302410","1940","Georgia","130","Rabun","2410","Rabun","44","2410",95,372,400,400,183,164,58,64,14,90,328,412,388,205,168,104,62,6
"G1302430","1940","Georgia","130","Randolph","2430","Randolph","44","2430",486,1427,527,414,397,189,92,80,34,356,1250,792,476,519,263,253,125,31
"G1302450","1940","Georgia","130","Richmond","2450","Richmond","44","2450",1639,5289,3152,4290,2553,2152,853,981,664,1599,5051,3722,4531,3053,3367,1106,732,486
"G1302470","1940","Georgia","130","Rockdale","2470","Rockdale","44","2470",118,489,381,467,217,77,41,35,25,86,402,440,484,239,122,79,30,27
"G1302490","1940","Georgia","130","Schley","2490","Schley","44","2490",88,417,161,132,177,55,40,12,8,49,294,240,167,226,78,65,16,2
"G1302510","1940","Georgia","130","Screven","2510","Screven","44","2510",540,1698,702,615,422,172,118,61,84,404,1401,841,646,609,252,179,71,71
"G1302530","1940","Georgia","130","Seminole","2530","Seminole","44","2530",254,595,318,267,192,90,54,22,13,207,515,334,317,230,119,96,23,24
"G1302550","1940","Georgia","130","Spalding","2550","Spalding","44","2550",389,1897,1348,1179,871,446,265,205,93,354,1735,1699,1347,1029,672,320,197,65
"G1302570","1940","Georgia","130","Stephens","2570","Stephens","44","2570",182,589,534,632,491,253,111,87,12,133,512,611,703,508,303,177,83,5
"G1302590","1940","Georgia","130","Stewart","2590","Stewart","44","2590",266,834,326,253,226,93,77,34,34,248,702,469,326,290,156,136,50,32
"G1302610","1940","Georgia","130","Sumter","2610","Sumter","44","2610",680,1920,656,628,746,449,281,176,26,570,1803,974,756,914,720,479,185,23
"G1302630","1940","Georgia","130","Talbot","2630","Talbot","44","2630",210,702,307,229,195,68,31,34,17,123,529,423,297,245,103,83,36,14
"G1302650","1940","Georgia","130","Taliaferro","2650","Taliaferro","44","2650",161,465,259,206,122,70,34,26,13,121,407,279,233,186,118,64,25,10
"G1302670","1940","Georgia","130","Tattnall","2670","Tattnall","44","2670",283,1264,824,800,580,146,112,74,75,124,802,710,727,531,169,159,45,50
"G1302690","1940","Georgia","130","Taylor","2690","Taylor","44","2690",317,768,408,406,234,54,69,35,19,261,644,448,483,314,109,111,29,14
"G1302710","1940","Georgia","130","Telfair","2710","Telfair","44","2710",365,1054,662,721,357,97,112,60,35,211,714,728,803,469,133,179,73,35
"G1302730","1940","Georgia","130","Terrell","2730","Terrell","44","2730",610,1535,405,317,404,178,122,56,10,523,1402,617,384,541,261,245,80,6
"G1302750","1940","Georgia","130","Thomas","2750","Thomas","44","2750",790,2074,1229,1165,959,500,245,223,159,703,1743,1352,1308,1273,770,476,267,86
"G1302770","1940","Georgia","130","Tift","2770","Tift","44","2770",420,1147,712,820,697,249,185,158,70,261,957,823,836,797,290,299,130,40
"G1302790","1940","Georgia","130","Toombs","2790","Toombs","44","2790",291,1122,695,739,436,235,146,94,62,204,873,772,836,542,296,179,87,34
"G1302810","1940","Georgia","130","Towns","2810","Towns","44","2810",38,233,286,310,128,32,58,26,0,46,163,274,338,120,58,45,20,1
"G1302830","1940","Georgia","130","Treutlen","2830","Treutlen","44","2830",192,705,382,287,146,40,32,24,33,114,397,431,305,173,79,58,27,31
"G1302850","1940","Georgia","130","Troup","2850","Troup","44","2850",693,2796,1875,1733,1335,828,385,330,180,527,2645,2476,1881,1434,969,603,431,169
"G1302870","1940","Georgia","130","Turner","2870","Turner","44","2870",248,816,427,440,324,110,55,39,8,142,650,476,450,394,159,100,28,3
"G1302890","1940","Georgia","130","Twiggs","2890","Twiggs","44","2890",291,824,313,185,121,69,33,32,9,204,621,410,250,142,97,90,33,10
"G1302910","1940","Georgia","130","Union","2910","Union","44","2910",85,343,411,552,169,49,39,27,55,74,281,398,581,164,51,60,12,61
"G1302930","1940","Georgia","130","Upson","2930","Upson","44","2930",367,1668,1101,1259,619,344,144,106,83,316,1407,1384,1395,685,478,198,103,39
"G1302950","1940","Georgia","130","Walker","2950","Walker","44","2950",280,1632,1697,1946,1047,530,236,183,73,188,1259,1720,2134,1065,657,260,148,67
"G1302970","1940","Georgia","130","Walton","2970","Walton","44","2970",274,1476,938,1042,520,234,116,104,107,197,1246,1092,1152,631,314,193,103,91
"G1302990","1940","Georgia","130","Ware","2990","Ware","44","2990",396,1561,1079,1473,772,613,287,237,72,332,1406,1226,1470,1009,803,428,206,52
"G1303010","1940","Georgia","130","Warren","3010","Warren","44","3010",270,821,347,322,226,140,30,47,38,199,691,437,394,294,171,102,54,34
"G1303030","1940","Georgia","130","Washington","3030","Washington","44","3030",529,1879,898,820,610,226,144,99,62,426,1655,1083,879,871,409,272,104,59
"G1303050","1940","Georgia","130","Wayne","3050","Wayne","44","3050",310,913,558,649,349,147,94,52,12,171,595,574,697,429,170,120,37,6
"G1303070","1940","Georgia","130","Webster","3070","Webster","44","3070",92,452,156,114,108,52,18,10,1,74,326,225,132,133,90,45,10,1
"G1303090","1940","Georgia","130","Wheeler","3090","Wheeler","44","3090",206,585,359,395,149,57,29,24,25,128,480,377,431,207,90,45,24,21
"G1303110","1940","Georgia","130","White","3110","White","44","3110",89,373,302,385,132,58,32,23,2,68,302,333,416,133,72,47,11,5
"G1303130","1940","Georgia","130","Whitfield","3130","Whitfield","44","3130",283,1358,1272,1562,629,349,186,145,154,227,1070,1449,1791,679,447,239,156,143
"G1303150","1940","Georgia","130","Wilcox","3150","Wilcox","44","3150",374,862,515,541,280,80,82,28,12,238,606,637,593,385,140,117,36,9
"G1303170","1940","Georgia","130","Wilkes","3170","Wilkes","44","3170",542,1002,530,530,333,248,129,86,60,412,868,566,544,463,376,235,100,46
"G1303190","1940","Georgia","130","Wilkinson","3190","Wilkinson","44","3190",305,962,467,411,267,119,72,34,25,173,673,487,418,319,183,123,39,12
"G1303210","1940","Georgia","130","Worth","3210","Worth","44","3210",626,1626,744,695,431,160,107,51,135,475,1334,910,835,534,234,178,59,92
"G1550015","1940","Hawaii Territory","155","Hawaii","0015","Hawaii","82","10",5669,6245,3429,3139,1526,1261,340,564,86,2010,2601,2426,1999,802,807,456,412,18
"G1550035","1940","Hawaii Territory","155","Honolulu","0035","Honolulu","82","30",10194,9649,7804,14689,9535,9758,2730,5105,277,7032,6283,6158,8956,5236,7468,3167,3060,103
"G1550075","1940","Hawaii Territory","155","Kauai","0075","Kauai","82","70",3444,3881,1537,1859,557,541,195,231,38,1079,1203,789,1108,284,318,228,169,9
"G1550095","1940","Hawaii Territory","155","Maui","0095","Maui","82","90",4562,3994,2218,2565,1088,854,246,397,53,1653,1751,1617,1762,515,512,321,314,19
"G1600010","1940","Idaho","160","Ada","0010","Ada","63","10",117,643,883,5304,2536,2639,1410,1252,333,53,341,557,4210,2732,3599,1809,792,174
"G1600030","1940","Idaho","160","Adams","0030","Adams","63","30",8,36,87,569,138,109,48,34,19,1,13,39,366,147,116,71,22,5
"G1600050","1940","Idaho","160","Bannock","0050","Bannock","63","50",115,451,607,3074,1705,1395,915,546,254,62,250,395,2512,1764,1732,1040,386,112
"G1600070","1940","Idaho","160","Bear Lake","0070","Bear Lake","63","70",22,89,139,745,444,296,167,74,31,10,58,94,634,435,312,169,23,27
"G1600090","1940","Idaho","160","Benewah","0090","Benewah","63","90",51,179,232,1096,369,230,116,68,29,22,62,118,628,316,330,137,40,14
"G1600110","1940","Idaho","160","Bingham","0110","Bingham","63","110",133,364,428,2184,963,618,394,184,89,83,205,332,1576,930,747,511,120,31
"G1600130","1940","Idaho","160","Blaine","0130","Blaine","63","130",9,67,110,641,284,264,152,72,16,6,30,55,397,263,259,186,44,3
"G1600150","1940","Idaho","160","Boise","0150","Boise","63","150",4,54,54,419,137,83,54,25,5,4,10,20,190,128,82,41,18,3
"G1600170","1940","Idaho","160","Bonner","0170","Bonner","63","170",60,397,506,2328,679,477,219,146,58,19,172,309,1448,739,529,375,86,31
"G1600190","1940","Idaho","160","Bonneville","0190","Bonneville","63","190",76,278,439,2616,1237,874,596,315,78,22,158,288,1943,1188,1085,691,190,40
"G1600210","1940","Idaho","160","Boundary","0210","Boundary","63","210",35,149,171,834,256,165,112,50,21,30,55,94,553,252,191,168,33,10
"G1600230","1940","Idaho","160","Butte","0230","Butte","63","230",1,31,37,233,98,76,46,14,10,1,10,24,130,89,62,58,13,3
"G1600250","1940","Idaho","160","Camas","0250","Camas","63","250",0,24,26,179,82,44,29,11,0,0,9,11,106,53,66,50,10,0
"G1600270","1940","Idaho","160","Canyon","0270","Canyon","63","270",71,588,906,4959,1877,1517,822,568,212,38,347,644,3761,2014,2013,1115,459,121
"G1600290","1940","Idaho","160","Caribou","0290","Caribou","63","290",3,35,42,252,116,92,57,24,12,1,15,27,180,117,83,75,20,2
"G1600310","1940","Idaho","160","Cassia","0310","Cassia","63","310",37,166,243,1325,708,463,318,175,71,24,85,167,1015,686,550,390,90,35
"G1600330","1940","Idaho","160","Clark","0330","Clark","63","330",0,13,22,141,58,46,24,21,3,0,6,10,75,53,39,24,11,0
"G1600350","1940","Idaho","160","Clearwater","0350","Clearwater","63","350",86,223,288,1330,362,281,144,76,59,17,62,119,756,341,267,201,43,23
"G1600370","1940","Idaho","160","Custer","0370","Custer","63","370",25,78,107,484,214,130,63,43,16,9,31,51,295,169,143,73,19,10
"G1600390","1940","Idaho","160","Elmore","0390","Elmore","63","390",9,80,141,804,261,240,100,80,14,6,24,65,479,253,257,144,44,11
"G1600410","1940","Idaho","160","Franklin","0410","Franklin","63","410",17,103,120,696,525,395,285,101,32,8,70,87,628,533,443,277,60,18
"G1600430","1940","Idaho","160","Fremont","0430","Fremont","63","430",16,107,191,1084,486,294,208,96,13,12,58,111,890,426,347,247,66,16
"G1600450","1940","Idaho","160","Gem","0450","Gem","63","450",24,153,228,1282,404,309,156,80,29,13,85,189,917,437,357,205,56,15
"G1600470","1940","Idaho","160","Gooding","0470","Gooding","63","470",32,99,171,1100,430,362,209,111,36,22,53,114,691,404,411,306,90,21
"G1600490","1940","Idaho","160","Idaho","0490","Idaho","63","490",29,270,394,1995,555,463,221,141,42,20,130,217,1240,478,454,349,89,20
"G1600510","1940","Idaho","160","Jefferson","0510","Jefferson","63","510",16,128,208,1070,517,300,188,82,22,12,64,112,887,489,298,206,41,13
"G1600530","1940","Idaho","160","Jerome","0530","Jerome","63","530",32,120,191,1105,434,319,188,103,154,15,58,137,751,406,357,254,66,87
"G1600550","1940","Idaho","160","Kootenai","0550","Kootenai","63","550",66,464,592,3153,965,837,420,310,28,51,221,375,2308,1108,1035,655,192,22
"G1600570","1940","Idaho","160","Latah","0570","Latah","63","570",39,291,478,2461,719,613,479,520,63,17,129,298,1787,740,746,743,391,28
"G1600590","1940","Idaho","160","Lemhi","0590","Lemhi","63","590",29,100,178,976,328,236,139,78,22,12,36,95,556,301,237,142,39,12
"G1600610","1940","Idaho","160","Lewis","0610","Lewis","63","610",12,62,116,676,222,175,91,48,19,7,25,71,459,184,199,171,31,6
"G1600630","1940","Idaho","160","Lincoln","0630","Lincoln","63","630",15,49,89,487,211,160,106,41,74,6,28,47,293,182,173,135,30,9
"G1600650","1940","Idaho","160","Madison","0650","Madison","63","650",24,117,144,730,390,261,264,101,32,11,71,112,643,422,293,244,57,23
"G1600670","1940","Idaho","160","Minidoka","0670","Minidoka","63","670",25,148,196,1055,437,323,197,96,37,19,85,141,799,436,353,241,71,14
"G1600690","1940","Idaho","160","Nez Perce","0690","Nez Perce","63","690",83,316,413,2203,939,893,517,344,45,59,197,300,1692,856,994,777,226,51
"G1600710","1940","Idaho","160","Oneida","0710","Oneida","63","710",7,78,99,529,246,134,122,54,49,4,30,78,460,232,174,138,29,34
"G1600730","1940","Idaho","160","Owyhee","0730","Owyhee","63","730",27,126,149,823,238,158,84,46,66,25,49,78,437,219,197,130,31,25
"G1600750","1940","Idaho","160","Payette","0750","Payette","63","750",15,136,212,1204,461,376,193,132,14,7,63,137,934,449,495,238,93,7
"G1600770","1940","Idaho","160","Power","0770","Power","63","770",29,86,111,520,145,125,67,44,11,31,62,59,325,164,142,78,21,3
"G1600790","1940","Idaho","160","Shoshone","0790","Shoshone","63","790",65,346,550,2925,1189,1127,470,411,186,35,152,294,1657,1036,1150,546,222,36
"G1600810","1940","Idaho","160","Teton","0810","Teton","63","810",4,47,57,331,183,75,68,20,17,2,15,32,249,151,107,80,12,9
"G1600830","1940","Idaho","160","Twin Falls","0830","Twin Falls","63","830",103,511,713,3983,1733,1563,882,480,263,51,250,466,2956,1815,1936,1097,336,105
"G1600850","1940","Idaho","160","Valley","0850","Valley","63","850",9,65,70,567,215,208,75,44,8,12,28,33,338,181,186,106,34,2
"G1600870","1940","Idaho","160","Washington","0870","Washington","63","870",17,127,211,1172,449,331,156,95,38,7,57,123,884,431,426,240,83,10
"G1600875","1940","Idaho","160","Yellowstone National Park","0875","Yellowstone National Park","63","875",,,,,,,,,,,,,,,,,,
"G1700010","1940","Illinois","170","Adams","0010","Adams","21","10",151,1376,2742,9930,2569,1963,902,710,151,105,956,2605,9290,2963,2800,1130,473,203
"G1700030","1940","Illinois","170","Alexander","0030","Alexander","21","30",340,1439,1135,2186,792,613,260,151,223,248,1151,1029,2210,927,883,297,111,144
"G1700050","1940","Illinois","170","Bond","0050","Bond","21","50",71,438,494,2245,424,276,179,147,35,43,302,444,2156,485,413,287,128,22
"G1700070","1940","Illinois","170","Boone","0070","Boone","21","70",18,170,414,2604,696,539,142,142,104,12,76,285,2076,843,871,264,110,79
"G1700090","1940","Illinois","170","Brown","0090","Brown","21","90",24,201,250,1433,242,215,78,56,8,6,106,191,1286,299,302,159,36,6
"G1700110","1940","Illinois","170","Bureau","0110","Bureau","21","110",303,802,964,5387,1600,1424,421,428,157,288,613,835,4586,1661,2011,754,275,102
"G1700130","1940","Illinois","170","Calhoun","0130","Calhoun","21","130",50,352,413,1202,162,74,58,31,22,36,229,341,1066,177,99,46,13,4
"G1700150","1940","Illinois","170","Carroll","0150","Carroll","21","150",45,289,446,2823,804,708,207,208,108,40,192,346,2310,806,1079,431,136,64
"G1700170","1940","Illinois","170","Cass","0170","Cass","21","170",50,326,456,2465,536,481,202,167,64,20,208,352,2141,691,825,281,111,48
"G1700190","1940","Illinois","170","Champaign","0190","Champaign","21","190",117,805,1423,7504,2947,3027,1342,2447,201,101,644,1273,7090,3328,4341,1727,1814,168
"G1700210","1940","Illinois","170","Christian","0210","Christian","21","210",246,1047,1236,5488,1374,1124,380,330,190,172,688,995,4868,1585,1642,592,232,157
"G1700230","1940","Illinois","170","Clark","0230","Clark","21","230",43,352,525,3155,465,519,242,159,90,19,208,405,3266,498,673,298,108,84
"G1700250","1940","Illinois","170","Clay","0250","Clay","21","250",47,394,605,2923,518,472,257,127,38,22,236,501,2957,586,492,239,74,21
"G1700270","1940","Illinois","170","Clinton","0270","Clinton","21","270",18,689,1310,3298,438,340,121,111,58,17,582,1250,3017,465,358,201,59,40
"G1700290","1940","Illinois","170","Coles","0290","Coles","21","290",138,802,957,5430,1475,1066,550,477,79,62,525,893,5212,1842,1493,869,374,59
"G1700310","1940","Illinois","170","Cook","0310","Cook","21","310",47529,95917,107236,494108,182506,169295,73609,87135,6139,50810,85741,106059,512270,202772,215190,65414,48220,5401
"G1700330","1940","Illinois","170","Crawford","0330","Crawford","21","330",41,398,459,3293,671,782,268,206,69,26,257,403,3370,741,903,340,128,68
"G1700350","1940","Illinois","170","Cumberland","0350","Cumberland","21","350",22,219,252,2012,265,245,133,68,42,11,142,237,1946,293,308,181,59,39
"G1700370","1940","Illinois","170","DeKalb","0370","De Kalb","21","370",108,446,737,4980,1676,1456,569,543,104,76,282,527,4013,1857,1943,1093,441,71
"G1700390","1940","Illinois","170","De Witt","0390","De Witt","21","390",35,280,410,2751,771,635,240,177,18,21,165,308,2442,925,924,395,101,8
"G1700410","1940","Illinois","170","Douglas","0410","Douglas","21","410",48,302,446,2460,621,625,244,177,38,39,223,391,2234,765,792,380,176,26
"G1700430","1940","Illinois","170","Dupage","0430","Du Page","21","430",188,960,1761,11195,4241,4979,2605,3785,382,190,822,1710,11613,4956,6831,2898,2235,323
"G1700450","1940","Illinois","170","Edgar","0450","Edgar","21","450",81,502,669,3450,1019,818,359,270,72,40,294,488,3226,1248,1205,572,195,46
"G1700470","1940","Illinois","170","Edwards","0470","Edwards","21","470",19,205,221,1465,225,285,148,75,11,9,153,195,1447,292,325,176,51,15
"G1700490","1940","Illinois","170","Effingham","0490","Effingham","21","490",47,419,762,3232,591,577,241,275,76,34,304,710,3141,683,627,298,91,59
"G1700510","1940","Illinois","170","Fayette","0510","Fayette","21","510",131,849,1076,4726,777,726,321,171,106,68,503,807,4032,795,759,285,82,68
"G1700530","1940","Illinois","170","Ford","0530","Ford","21","530",11,159,418,2152,626,642,219,183,83,9,99,324,1930,605,918,339,126,54
"G1700550","1940","Illinois","170","Franklin","0550","Franklin","21","550",616,2343,2031,6769,1207,1031,478,341,393,464,1676,1775,6643,1416,1134,548,178,298
"G1700570","1940","Illinois","170","Fulton","0570","Fulton","21","570",134,922,1298,6494,1966,1557,505,388,289,83,565,948,5603,2099,2224,784,304,205
"G1700590","1940","Illinois","170","Gallatin","0590","Gallatin","21","590",85,602,453,1520,222,132,103,59,16,56,403,422,1368,237,184,106,27,14
"G1700610","1940","Illinois","170","Greene","0610","Greene","21","610",82,587,673,2675,806,720,187,136,83,41,334,510,2468,934,955,246,108,64
"G1700630","1940","Illinois","170","Grundy","0630","Grundy","21","630",101,452,674,2697,764,555,190,149,61,72,322,471,2145,872,859,343,94,45
"G1700650","1940","Illinois","170","Hamilton","0650","Hamilton","21","650",85,445,483,2187,271,190,133,56,9,39,297,431,2262,281,207,106,43,8
"G1700670","1940","Illinois","170","Hancock","0670","Hancock","21","670",40,440,635,3930,1125,966,394,318,89,29,306,536,3558,1353,1475,661,251,55
"G1700690","1940","Illinois","170","Hardin","0690","Hardin","21","690",90,398,325,876,99,112,49,54,13,68,312,253,927,121,109,46,23,6
"G1700710","1940","Illinois","170","Henderson","0710","Henderson","21","710",24,154,251,1378,387,341,92,74,15,8,82,186,1099,403,428,183,62,8
"G1700730","1940","Illinois","170","Henry","0730","Henry","21","730",192,788,1321,6660,1909,1559,489,502,144,160,536,1022,5740,1980,2440,826,405,92
"G1700750","1940","Illinois","170","Iroquois","0750","Iroquois","21","750",83,637,1022,4896,1236,1016,362,359,138,44,370,693,4239,1399,1454,595,233,95
"G1700770","1940","Illinois","170","Jackson","0770","Jackson","21","770",197,1243,1253,4719,1089,879,569,459,205,172,974,1222,4603,1269,1073,751,351,140
"G1700790","1940","Illinois","170","Jasper","0790","Jasper","21","790",30,223,337,2601,270,223,140,76,15,16,152,296,2485,326,255,145,30,20
"G1700810","1940","Illinois","170","Jefferson","0810","Jefferson","21","810",120,992,1130,5074,908,784,397,276,123,81,704,1029,5142,1013,887,454,157,84
"G1700830","1940","Illinois","170","Jersey","0830","Jersey","21","830",54,450,500,1956,508,301,120,131,71,25,277,361,1774,576,416,173,78,46
"G1700850","1940","Illinois","170","Jo Daviess","0850","Jo Daviess","21","850",20,314,587,3382,738,586,217,156,103,17,189,430,2961,841,864,399,127,71
"G1700870","1940","Illinois","170","Johnson","0870","Johnson","21","870",100,329,347,1564,231,174,128,51,11,63,264,282,1575,222,184,126,22,9
"G1700890","1940","Illinois","170","Kane","0890","Kane","21","890",389,1681,3413,17282,6423,5834,2000,2100,1071,394,1443,2986,16990,6862,8328,2525,1363,848
"G1700910","1940","Illinois","170","Kankakee","0910","Kankakee","21","910",448,1622,2205,7943,2388,1809,728,657,2163,273,1174,1901,7445,2663,2647,911,364,1838
"G1700930","1940","Illinois","170","Kendall","0930","Kendall","21","930",19,114,220,1669,612,456,153,120,22,15,68,178,1324,607,695,232,85,12
"G1700950","1940","Illinois","170","Knox","0950","Knox","21","950",119,602,1038,7055,2680,2419,974,753,182,78,420,792,6169,2901,3596,1362,730,147
"G1700970","1940","Illinois","170","Lake","0970","Lake","21","970",847,2490,2916,13959,5510,5174,2159,3281,401,700,1640,2378,12415,5462,7037,2626,1817,170
"G1700990","1940","Illinois","170","La Salle","0990","La Salle","21","990",394,2404,3030,13812,3579,3091,1098,1076,658,325,1918,2603,12508,3925,4591,1514,696,417
"G1701010","1940","Illinois","170","Lawrence","1010","Lawrence","21","1010",76,499,599,2797,599,559,296,183,118,47,320,555,2923,659,757,325,104,91
"G1701030","1940","Illinois","170","Lee","1030","Lee","21","1030",623,587,711,4717,1291,1258,498,438,108,531,368,527,4126,1323,1925,739,273,77
"G1701050","1940","Illinois","170","Livingston","1050","Livingston","21","1050",66,622,1142,5876,1444,1178,437,394,206,48,472,884,5070,1407,1768,729,311,164
"G1701070","1940","Illinois","170","Logan","1070","Logan","21","1070",583,722,816,3442,1229,820,420,287,112,792,577,726,3188,1475,1193,624,223,59
"G1701090","1940","Illinois","170","McDonough","1090","Mcdonough","21","1090",38,305,555,3765,1317,1040,492,368,97,16,191,471,3337,1570,1505,860,340,68
"G1701110","1940","Illinois","170","McHenry","1110","Mchenry","21","1110",43,421,1051,5804,1689,1604,557,491,199,32,312,772,4847,1747,2128,663,362,117
"G1701130","1940","Illinois","170","McLean","1130","Mclean","21","1130",171,999,1640,9750,2868,2772,1333,1203,375,148,675,1350,9131,3557,4178,2208,1200,320
"G1701150","1940","Illinois","170","Macon","1150","Macon","21","1150",250,1363,2495,9403,5101,3159,1431,1161,224,206,1031,2316,9005,5947,4651,1742,881,154
"G1701170","1940","Illinois","170","Macoupin","1170","Macoupin","21","1170",410,1509,2073,6878,1441,1119,450,346,199,347,1159,1630,6438,1672,1590,608,245,115
"G1701190","1940","Illinois","170","Madison","1190","Madison","21","1190",1244,4161,5582,19778,5447,4147,1438,1601,685,986,3443,5120,18903,5929,5199,1844,915,490
"G1701210","1940","Illinois","170","Marion","1210","Marion","21","1210",167,921,1351,6664,2076,1660,753,492,254,98,606,1132,5987,1988,1839,763,244,123
"G1701230","1940","Illinois","170","Marshall","1230","Marshall","21","1230",57,281,394,1854,550,486,168,141,45,30,197,272,1642,560,724,304,89,17
"G1701250","1940","Illinois","170","Mason","1250","Mason","21","1250",42,321,555,2263,548,514,206,147,88,26,213,418,2064,609,713,279,94,74
"G1701270","1940","Illinois","170","Massac","1270","Massac","21","1270",123,606,523,2061,314,348,115,94,8,90,488,487,2045,385,393,164,53,11
"G1701290","1940","Illinois","170","Menard","1290","Menard","21","1290",27,265,345,1588,378,321,122,109,17,20,156,253,1394,489,492,221,64,14
"G1701310","1940","Illinois","170","Mercer","1310","Mercer","21","1310",34,243,407,2538,906,700,255,186,35,19,138,277,2152,926,987,421,147,21
"G1701330","1940","Illinois","170","Monroe","1330","Monroe","21","1330",68,507,659,2099,249,220,83,76,71,56,379,646,1887,212,227,84,29,37
"G1701350","1940","Illinois","170","Montgomery","1350","Montgomery","21","1350",135,905,1297,5191,1028,856,293,260,299,94,679,1192,4878,1208,1268,436,155,266
"G1701370","1940","Illinois","170","Morgan","1370","Morgan","21","1370",129,732,1120,4615,1375,1145,578,491,927,64,445,839,4403,1657,1887,866,534,954
"G1701390","1940","Illinois","170","Moultrie","1390","Moultrie","21","1390",34,297,386,1760,554,460,173,113,79,21,177,316,1597,651,627,247,85,73
"G1701410","1940","Illinois","170","Ogle","1410","Ogle","21","1410",54,313,664,4831,1297,1215,446,394,111,31,209,421,4017,1329,1632,826,285,48
"G1701430","1940","Illinois","170","Peoria","1430","Peoria","21","1430",511,2792,4414,20279,7385,6974,2770,2652,428,350,2126,3750,19264,7903,9594,2817,1571,449
"G1701450","1940","Illinois","170","Perry","1450","Perry","21","1450",160,906,936,3049,646,453,210,132,110,115,724,901,2904,741,555,290,85,96
"G1701470","1940","Illinois","170","Piatt","1470","Piatt","21","1470",26,230,433,1828,695,547,168,192,9,12,188,320,1711,794,718,318,140,7
"G1701490","1940","Illinois","170","Pike","1490","Pike","21","1490",72,544,816,3905,1016,785,330,170,124,50,295,617,3418,1087,980,474,140,75
"G1701510","1940","Illinois","170","Pope","1510","Pope","21","1510",89,338,286,1281,94,106,77,50,21,59,219,244,1194,125,122,102,23,14
"G1701530","1940","Illinois","170","Pulaski","1530","Pulaski","21","1530",195,829,693,1627,349,270,96,76,72,174,623,599,1644,467,346,154,57,55
"G1701550","1940","Illinois","170","Putnam","1550","Putnam","21","1550",90,254,209,657,194,147,56,47,3,38,156,144,543,182,207,102,34,0
"G1701570","1940","Illinois","170","Randolph","1570","Randolph","21","1570",419,1424,1847,5360,1372,634,268,252,304,80,698,1265,4028,1078,727,336,112,91
"G1701590","1940","Illinois","170","Richland","1590","Richland","21","1590",25,218,466,2699,452,611,192,171,45,16,144,390,2750,554,777,223,68,45
"G1701610","1940","Illinois","170","Rock Island","1610","Rock Island","21","1610",452,1846,3230,15602,6491,5111,1812,1694,336,328,1277,2493,13631,6585,6819,1965,990,157
"G1701630","1940","Illinois","170","St Clair","1630","St Clair","21","1630",1048,4912,7442,22708,6299,3973,1709,1653,407,956,4582,7341,22110,6927,4896,1801,827,304
"G1701650","1940","Illinois","170","Saline","1650","Saline","21","1650",322,1576,1547,4790,839,798,357,245,59,231,1290,1402,4924,996,941,339,147,50
"G1701670","1940","Illinois","170","Sangamon","1670","Sangamon","21","1670",836,2450,3437,14491,5133,4633,1740,2001,519,639,1780,2841,14409,6391,7388,2134,1156,422
"G1701690","1940","Illinois","170","Schuyler","1690","Schuyler","21","1690",59,207,285,1769,470,400,121,74,58,20,102,193,1589,487,479,225,59,49
"G1701710","1940","Illinois","170","Scott","1710","Scott","21","1710",10,165,188,1332,285,186,96,49,73,14,130,174,1150,348,309,142,41,43
"G1701730","1940","Illinois","170","Shelby","1730","Shelby","21","1730",88,512,816,4423,694,621,268,193,58,54,378,713,4185,937,870,415,119,39
"G1701750","1940","Illinois","170","Stark","1750","Stark","21","1750",22,100,202,1289,461,368,111,84,17,12,47,161,1038,460,575,203,80,6
"G1701770","1940","Illinois","170","Stephenson","1770","Stephenson","21","1770",92,524,1080,6311,1549,1380,567,486,153,50,415,911,6157,1810,2154,845,342,127
"G1701790","1940","Illinois","170","Tazewell","1790","Tazewell","21","1790",127,1099,1837,8238,2404,1965,703,626,181,89,781,1437,7161,2474,2665,963,398,94
"G1701810","1940","Illinois","170","Union","1810","Union","21","1810",267,720,663,3089,505,480,254,133,446,78,497,572,2989,558,571,299,76,507
"G1701830","1940","Illinois","170","Vermilion","1830","Vermilion","21","1830",548,2512,3066,11366,3355,2715,1065,900,855,383,1630,2428,10803,3757,3693,1454,566,235
"G1701850","1940","Illinois","170","Wabash","1850","Wabash","21","1850",46,278,400,1828,546,452,220,142,99,30,201,403,1834,592,574,199,71,64
"G1701870","1940","Illinois","170","Warren","1870","Warren","21","1870",49,214,308,3200,958,821,414,319,85,37,131,244,2679,1109,1352,547,295,55
"G1701890","1940","Illinois","170","Washington","1890","Washington","21","1890",60,642,754,2580,240,169,132,137,77,64,561,702,2344,313,261,193,63,62
"G1701910","1940","Illinois","170","Wayne","1910","Wayne","21","1910",73,581,813,3531,431,350,282,124,45,27,334,628,3508,501,401,234,63,26
"G1701930","1940","Illinois","170","White","1930","White","21","1930",92,635,615,2975,572,484,244,158,39,60,443,568,3059,554,508,253,70,13
"G1701950","1940","Illinois","170","Whiteside","1950","Whiteside","21","1950",92,571,1194,6787,1725,1447,582,397,49,53,398,854,5641,1896,2279,784,276,34
"G1701970","1940","Illinois","170","Will","1970","Will","21","1970",805,3313,4241,16931,5871,3928,1442,1352,411,529,2146,3137,13446,4903,4919,1534,858,298
"G1701990","1940","Illinois","170","Williamson","1990","Williamson","21","1990",424,2146,2029,6783,1314,954,455,313,309,298,1680,1892,6735,1492,1190,571,204,161
"G1702010","1940","Illinois","170","Winnebago","2010","Winnebago","21","2010",796,1972,3531,16178,6288,4990,1563,1682,327,740,1527,2869,14064,6707,7221,2112,1179,260
"G1702030","1940","Illinois","170","Woodford","2030","Woodford","21","2030",51,363,579,2829,707,579,241,233,87,22,264,461,2498,709,902,443,187,63
"G1800010","1940","Indiana","180","Adams","0010","Adams","22","10",46,354,592,3097,561,730,239,184,20,41,319,628,2832,623,799,303,107,17
"G1800030","1940","Indiana","180","Allen","0030","Allen","22","30",347,1796,3718,19746,7011,6931,2538,2486,639,249,1478,3588,20581,7935,8632,2637,1383,837
"G1800050","1940","Indiana","180","Bartholomew","0050","Bartholomew","22","50",103,681,788,3659,1118,1048,399,281,87,62,483,723,3670,1260,1291,415,199,75
"G1800070","1940","Indiana","180","Benton","0070","Benton","22","70",21,162,242,1382,418,527,162,161,84,9,126,188,1213,456,659,227,129,33
"G1800090","1940","Indiana","180","Blackford","0090","Blackford","22","90",23,280,477,1701,555,532,150,118,43,13,247,436,1689,612,655,166,96,30
"G1800110","1940","Indiana","180","Boone","0110","Boone","22","110",48,250,569,3222,859,1040,334,309,40,34,178,557,3245,917,1242,412,182,19
"G1800130","1940","Indiana","180","Brown","0130","Brown","22","130",44,272,230,860,123,112,69,44,36,27,168,187,734,135,92,68,31,24
"G1800150","1940","Indiana","180","Carroll","0150","Carroll","22","150",29,196,293,2197,675,795,203,149,50,14,140,277,2032,782,934,227,103,26
"G1800170","1940","Indiana","180","Cass","0170","Cass","22","170",319,503,847,5351,1790,1604,478,389,76,297,393,672,5090,2105,2173,543,269,81
"G1800190","1940","Indiana","180","Clark","0190","Clark","22","190",187,872,1122,3948,1100,871,252,251,104,114,636,992,4109,1241,1225,298,137,76
"G1800210","1940","Indiana","180","Clay","0210","Clay","22","210",88,773,946,3412,883,749,289,221,65,61,564,807,3501,976,857,428,167,62
"G1800230","1940","Indiana","180","Clinton","0230","Clinton","22","230",57,400,665,3739,1351,1233,375,326,220,23,350,619,3585,1468,1598,403,210,160
"G1800250","1940","Indiana","180","Crawford","0250","Crawford","22","250",67,449,490,1342,146,144,121,65,12,38,327,468,1381,153,157,103,33,10
"G1800270","1940","Indiana","180","Daviess","0270","Daviess","22","270",56,603,976,3326,743,875,269,192,61,46,417,883,3331,838,1072,293,149,43
"G1800290","1940","Indiana","180","Dearborn","0290","Dearborn","22","290",77,614,972,3275,666,681,189,287,52,47,420,869,3088,772,880,248,156,33
"G1800310","1940","Indiana","180","Decatur","0310","Decatur","22","310",56,430,658,2426,665,631,206,165,81,42,245,560,2350,724,789,325,124,28
"G1800330","1940","Indiana","180","DeKalb","0330","De Kalb","22","330",32,226,545,3489,1066,1130,383,272,211,37,148,482,3304,1167,1368,479,189,209
"G1800350","1940","Indiana","180","Delaware","0350","Delaware","22","350",237,1476,2369,8458,3841,3405,1173,1005,145,185,1065,1961,8067,4148,4068,1272,828,56
"G1800370","1940","Indiana","180","Dubois","0370","Dubois","22","370",29,847,1103,2964,353,456,204,156,36,19,716,1107,2805,392,453,213,106,41
"G1800390","1940","Indiana","180","Elkhart","0390","Elkhart","22","390",162,866,1695,9157,3774,3126,1054,895,176,127,724,1542,9077,3979,3938,1147,565,131
"G1800410","1940","Indiana","180","Fayette","0410","Fayette","22","410",66,329,521,2485,1006,849,218,169,128,35,230,460,2119,1116,1056,273,121,79
"G1800430","1940","Indiana","180","Floyd","0430","Floyd","22","430",107,957,1366,4648,1172,1143,357,325,62,87,751,1447,5103,1307,1593,368,215,46
"G1800450","1940","Indiana","180","Fountain","0450","Fountain","22","450",69,444,492,2588,678,786,199,168,40,37,328,440,2398,733,917,224,125,29
"G1800470","1940","Indiana","180","Franklin","0470","Franklin","22","470",62,381,822,1992,364,257,128,107,64,31,229,663,1843,429,360,191,74,39
"G1800490","1940","Indiana","180","Fulton","0490","Fulton","22","490",35,187,359,2279,641,746,221,178,44,23,108,278,2165,678,875,292,103,25
"G1800510","1940","Indiana","180","Gibson","0510","Gibson","22","510",130,789,1211,3664,1112,1064,365,319,97,77,573,1095,3664,1351,1277,415,223,30
"G1800530","1940","Indiana","180","Grant","0530","Grant","22","530",201,1005,1427,6430,2402,2361,837,640,1955,131,776,1355,6542,2546,2826,954,421,300
"G1800550","1940","Indiana","180","Greene","0550","Greene","22","550",90,877,1284,4225,925,968,367,227,85,80,641,1102,4118,1085,1038,451,167,58
"G1800570","1940","Indiana","180","Hamilton","0570","Hamilton","22","570",61,324,539,3267,1130,1351,367,305,52,45,216,490,3244,1192,1602,417,198,50
"G1800590","1940","Indiana","180","Hancock","0590","Hancock","22","590",37,280,416,2450,735,908,261,196,33,21,150,386,2366,834,1175,304,138,24
"G1800610","1940","Indiana","180","Harrison","0610","Harrison","22","610",63,597,731,2393,317,418,199,117,19,35,380,638,2394,390,426,183,67,9
"G1800630","1940","Indiana","180","Hendricks","0630","Hendricks","22","630",35,299,417,2590,791,1039,415,347,107,26,204,345,2459,890,1218,548,289,55
"G1800650","1940","Indiana","180","Henry","0650","Henry","22","650",109,669,1207,5041,1731,1903,448,398,288,62,451,910,4744,2010,2259,598,269,145
"G1800670","1940","Indiana","180","Howard","0670","Howard","22","670",136,824,1273,5771,2176,1952,598,537,198,114,689,1251,5666,2266,2385,626,316,132
"G1800690","1940","Indiana","180","Huntington","0690","Huntington","22","690",40,421,659,3650,1302,1538,475,371,145,29,397,680,3761,1432,1785,548,291,93
"G1800710","1940","Indiana","180","Jackson","0710","Jackson","22","710",130,811,1148,3018,930,841,278,237,57,100,641,994,3089,999,980,384,145,54
"G1800730","1940","Indiana","180","Jasper","0730","Jasper","22","730",40,280,402,1804,569,478,158,171,160,23,192,309,1573,553,578,278,101,92
"G1800750","1940","Indiana","180","Jay","0750","Jay","22","750",35,430,645,3371,814,847,305,182,52,26,284,539,3304,899,954,298,133,40
"G1800770","1940","Indiana","180","Jefferson","0770","Jefferson","22","770",137,631,835,2799,582,530,206,196,275,104,404,670,2782,772,726,272,179,276
"G1800790","1940","Indiana","180","Jennings","0790","Jennings","22","790",63,348,466,1670,438,360,155,91,641,39,201,338,1531,548,485,177,52,163
"G1800810","1940","Indiana","180","Johnson","0810","Johnson","22","810",90,422,524,2839,947,1045,395,348,84,56,276,466,2766,1026,1300,493,298,50
"G1800830","1940","Indiana","180","Knox","0830","Knox","22","830",147,1192,1616,5145,1693,1483,537,483,128,125,856,1329,5034,1922,1836,786,314,101
"G1800850","1940","Indiana","180","Kosciusko","0850","Kosciusko","22","850",43,311,759,4056,1179,1461,429,367,124,29,245,627,3787,1308,1704,584,225,79
"G1800870","1940","Indiana","180","Lagrange","0870","Lagrange","22","870",18,219,385,1927,546,529,199,129,25,19,185,330,1701,602,642,256,90,11
"G1800890","1940","Indiana","180","Lake","0890","Lake","22","890",4038,9275,10626,30146,14059,12128,3855,3951,434,3268,6391,8454,25583,13240,12528,3627,2214,293
"G1800910","1940","Indiana","180","LaPorte","0910","Laporte","22","910",605,1798,2457,8238,3292,2655,760,775,248,323,1057,1791,6720,3110,2890,807,440,145
"G1800930","1940","Indiana","180","Lawrence","0930","Lawrence","22","930",144,1175,1438,3839,1057,966,351,259,119,99,901,1254,3868,1233,1187,450,210,62
"G1800950","1940","Indiana","180","Madison","0950","Madison","22","950",251,1766,2520,10741,4539,3777,1196,1026,284,191,1269,2231,10319,4652,4568,1256,619,203
"G1800970","1940","Indiana","180","Marion","0970","Marion","22","970",1775,7837,11286,50081,23393,22493,8506,9621,1696,1612,6891,11297,53511,26657,30722,9383,6666,1012
"G1800990","1940","Indiana","180","Marshall","0990","Marshall","22","990",58,385,676,3290,1064,1066,417,341,83,47,312,528,3182,1085,1330,557,222,54
"G1801010","1940","Indiana","180","Martin","1010","Martin","22","1010",28,354,431,1335,186,202,93,46,61,13,222,342,1328,180,230,68,42,27
"G1801030","1940","Indiana","180","Miami","1030","Miami","22","1030",61,399,789,3798,1232,1219,342,294,199,41,320,736,3665,1364,1551,416,191,134
"G1801050","1940","Indiana","180","Monroe","1050","Monroe","22","1050",111,887,938,4321,1204,957,492,687,104,75,600,774,4161,1375,1264,718,626,75
"G1801070","1940","Indiana","180","Montgomery","1070","Montgomery","22","1070",53,387,596,3382,1291,1476,457,457,79,27,262,547,3338,1440,1942,544,253,50
"G1801090","1940","Indiana","180","Morgan","1090","Morgan","22","1090",47,391,530,2552,814,841,285,209,34,34,232,476,2459,884,932,393,165,30
"G1801110","1940","Indiana","180","Newton","1110","Newton","22","1110",47,183,303,1463,424,413,169,111,49,17,112,210,1266,426,585,209,82,15
"G1801130","1940","Indiana","180","Noble","1130","Noble","22","1130",37,252,559,3336,976,954,338,227,57,20,157,432,3184,1122,1204,441,202,42
"G1801150","1940","Indiana","180","Ohio","1150","Ohio","22","1150",21,116,217,536,113,92,36,30,5,10,57,163,552,118,148,61,17,3
"G1801170","1940","Indiana","180","Orange","1170","Orange","22","1170",70,499,581,2534,369,438,179,198,74,38,324,604,2405,455,523,230,83,48
"G1801190","1940","Indiana","180","Owen","1190","Owen","22","1190",39,269,307,1816,434,424,149,96,35,16,180,235,1780,426,517,175,52,32
"G1801210","1940","Indiana","180","Parke","1210","Parke","22","1210",52,436,568,2369,585,699,219,172,85,30,296,501,2125,686,825,326,145,57
"G1801230","1940","Indiana","180","Perry","1230","Perry","22","1230",88,792,895,2162,267,285,151,122,11,70,599,858,1998,336,358,171,64,11
"G1801250","1940","Indiana","180","Pike","1250","Pike","22","1250",54,524,609,2424,374,420,232,104,28,37,376,515,2429,529,410,216,62,22
"G1801270","1940","Indiana","180","Porter","1270","Porter","22","1270",99,461,726,3299,1285,1256,506,516,143,65,305,610,2849,1378,1482,673,292,77
"G1801290","1940","Indiana","180","Posey","1290","Posey","22","1290",87,736,817,2342,626,526,214,143,78,72,540,703,2392,667,646,275,98,26
"G1801310","1940","Indiana","180","Pulaski","1310","Pulaski","22","1310",33,288,338,1681,434,365,109,102,25,27,187,253,1480,488,448,183,69,8
"G1801330","1940","Indiana","180","Putnam","1330","Putnam","22","1330",94,458,530,3026,926,1040,327,308,30,29,183,346,2470,840,1168,452,338,27
"G1801350","1940","Indiana","180","Randolph","1350","Randolph","22","1350",36,312,692,3641,1249,1246,378,291,212,22,244,604,3494,1310,1468,515,203,132
"G1801370","1940","Indiana","180","Ripley","1370","Ripley","22","1370",49,655,1040,2650,442,443,216,150,79,31,480,892,2488,461,471,250,93,92
"G1801390","1940","Indiana","180","Rush","1390","Rush","22","1390",48,274,552,2347,853,902,254,200,52,30,160,460,2334,908,1116,372,168,36
"G1801410","1940","Indiana","180","St Joseph","1410","St Joseph","22","1410",606,3273,5921,17311,8041,6457,2212,2782,444,556,2737,5385,16986,8614,8359,2497,1489,286
"G1801430","1940","Indiana","180","Scott","1430","Scott","22","1430",46,222,316,1223,300,294,87,83,16,21,143,235,1168,279,374,118,43,10
"G1801450","1940","Indiana","180","Shelby","1450","Shelby","22","1450",81,485,838,3444,1220,1064,367,250,68,47,376,737,3524,1316,1272,403,182,50
"G1801470","1940","Indiana","180","Spencer","1470","Spencer","22","1470",51,565,698,2359,400,390,134,171,30,37,440,599,2171,429,437,201,71,20
"G1801490","1940","Indiana","180","Starke","1490","Starke","22","1490",81,389,472,1513,398,389,105,95,131,59,311,395,1372,435,401,157,53,99
"G1801510","1940","Indiana","180","Steuben","1510","Steuben","22","1510",3,118,217,1900,661,632,412,196,29,10,59,167,1768,657,793,424,115,16
"G1801530","1940","Indiana","180","Sullivan","1530","Sullivan","22","1530",102,795,871,3641,870,886,348,218,41,78,529,758,3660,954,1033,450,179,40
"G1801550","1940","Indiana","180","Switzerland","1550","Switzerland","22","1550",37,244,311,1330,219,193,72,44,19,22,107,222,1307,221,306,106,37,15
"G1801570","1940","Indiana","180","Tippecanoe","1570","Tippecanoe","22","1570",89,694,1108,6052,2067,2187,916,1563,160,57,539,926,6021,2390,3349,1053,981,174
"G1801590","1940","Indiana","180","Tipton","1590","Tipton","22","1590",45,198,378,2116,628,588,186,157,23,22,166,333,1995,664,775,208,116,14
"G1801610","1940","Indiana","180","Union","1610","Union","22","1610",33,122,169,752,326,218,75,75,33,6,91,142,652,338,350,100,60,20
"G1801630","1940","Indiana","180","Vanderburgh","1630","Vanderburgh","22","1630",614,3573,4454,15436,5271,4720,1637,1582,672,514,3227,4805,17054,5801,5974,1726,997,398
"G1801650","1940","Indiana","180","Vermillion","1650","Vermillion","22","1650",220,911,923,2830,629,560,163,154,42,107,611,803,2627,778,762,290,115,30
"G1801670","1940","Indiana","180","Vigo","1670","Vigo","22","1670",539,2946,3420,11846,4307,3612,1407,1385,168,425,2148,3155,12207,5164,4772,1876,1384,133
"G1801690","1940","Indiana","180","Wabash","1690","Wabash","22","1690",32,336,620,3365,1213,1264,341,369,114,28,228,501,3203,1268,1639,531,292,83
"G1801710","1940","Indiana","180","Warren","1710","Warren","22","1710",18,153,213,1414,302,332,96,69,22,12,87,168,1216,343,382,159,45,13
"G1801730","1940","Indiana","180","Warrick","1730","Warrick","22","1730",105,655,688,2730,498,571,215,162,13,60,502,689,2591,578,645,273,99,15
"G1801750","1940","Indiana","180","Washington","1750","Washington","22","1750",68,301,463,2732,346,415,221,100,103,51,179,355,2766,420,471,196,80,93
"G1801770","1940","Indiana","180","Wayne","1770","Wayne","22","1770",224,985,1642,6798,3128,2990,809,774,314,131,813,1393,6682,3385,3957,1035,703,245
"G1801790","1940","Indiana","180","Wells","1790","Wells","22","1790",53,238,502,2772,666,836,263,145,86,40,195,450,2786,668,992,282,84,66
"G1801810","1940","Indiana","180","White","1810","White","22","1810",38,265,392,2310,785,732,194,180,47,21,184,305,2084,783,925,294,120,27
"G1801830","1940","Indiana","180","Whitley","1830","Whitley","22","1830",15,159,378,2558,687,785,221,170,44,14,90,312,2360,793,881,293,92,22
"G1900010","1940","Iowa","190","Adair","0010","Adair","31","10",22,125,262,2252,453,554,122,100,11,15,80,138,1731,596,846,220,83,3
"G1900030","1940","Iowa","190","Adams","0030","Adams","31","30",17,69,213,1708,393,315,111,74,5,12,32,121,1338,494,528,183,56,2
"G1900050","1940","Iowa","190","Allamakee","0050","Allamakee","31","50",53,400,724,2671,489,395,156,162,53,43,229,493,2145,569,765,235,108,43
"G1900070","1940","Iowa","190","Appanoose","0070","Appanoose","31","70",129,813,886,3192,712,708,231,187,99,86,453,697,2990,913,1108,329,134,70
"G1900090","1940","Iowa","190","Audubon","0090","Audubon","31","90",15,100,253,2157,320,345,109,89,7,4,62,175,1733,319,581,188,64,4
"G1900110","1940","Iowa","190","Benton","0110","Benton","31","110",33,197,453,3595,1042,914,302,222,57,18,115,305,3029,951,1295,497,159,30
"G1900130","1940","Iowa","190","Black Hawk","0130","Black Hawk","31","130",136,774,1422,8997,4119,4007,1899,1305,581,106,536,1170,7740,4353,5272,2789,1122,494
"G1900150","1940","Iowa","190","Boone","0150","Boone","31","150",162,591,1049,3915,1084,1183,369,277,88,150,387,838,3481,1305,1700,571,214,70
"G1900170","1940","Iowa","190","Bremer","0170","Bremer","31","170",33,446,603,2432,573,539,290,216,80,13,366,576,2216,556,767,415,125,52
"G1900190","1940","Iowa","190","Buchanan","0190","Buchanan","31","190",48,302,649,3225,795,825,316,207,70,47,152,373,2566,974,1260,561,165,91
"G1900210","1940","Iowa","190","Buena Vista","0210","Buena Vista","31","210",24,206,427,2811,806,848,427,306,39,20,130,330,2145,826,1147,745,235,31
"G1900230","1940","Iowa","190","Butler","0230","Butler","31","230",26,295,538,2669,642,579,215,157,39,15,187,400,2247,724,769,461,95,17
"G1900250","1940","Iowa","190","Calhoun","0250","Calhoun","31","250",18,199,337,2705,687,669,261,188,30,8,124,268,2042,763,1073,417,132,19
"G1900270","1940","Iowa","190","Carroll","0270","Carroll","31","270",22,190,509,3281,745,710,277,238,47,21,183,441,2938,773,1066,369,191,18
"G1900290","1940","Iowa","190","Cass","0290","Cass","31","290",21,144,384,2895,812,844,303,211,20,14,76,262,2300,927,1367,390,146,21
"G1900310","1940","Iowa","190","Cedar","0310","Cedar","31","310",10,102,271,2860,730,686,324,184,76,4,64,194,2458,688,901,435,146,47
"G1900330","1940","Iowa","190","Cerro Gordo","0330","Cerro Gordo","31","330",73,492,888,5142,2095,2065,929,625,199,62,307,673,4076,2204,3135,1328,457,121
"G1900350","1940","Iowa","190","Cherokee","0350","Cherokee","31","350",9,128,285,2742,637,712,244,199,961,12,91,183,2038,718,1045,447,179,779
"G1900370","1940","Iowa","190","Chickasaw","0370","Chickasaw","31","370",19,168,430,2463,546,532,132,135,56,10,110,336,1954,576,862,234,89,34
"G1900390","1940","Iowa","190","Clarke","0390","Clarke","31","390",12,108,213,1641,392,368,145,83,22,13,51,119,1350,462,659,209,64,18
"G1900410","1940","Iowa","190","Clay","0410","Clay","31","410",13,106,328,2405,796,834,336,230,94,11,54,176,1766,886,1209,492,194,78
"G1900430","1940","Iowa","190","Clayton","0430","Clayton","31","430",48,467,818,3803,780,776,277,229,61,22,282,597,3204,818,1138,473,152,42
"G1900450","1940","Iowa","190","Clinton","0450","Clinton","31","450",54,453,1297,6948,1900,1820,626,530,39,52,291,991,5990,2029,2830,892,352,27
"G1900470","1940","Iowa","190","Crawford","0470","Crawford","31","470",22,233,554,3428,676,625,216,170,39,13,186,458,2735,665,885,336,127,14
"G1900490","1940","Iowa","190","Dallas","0490","Dallas","31","490",55,314,517,3398,1173,1177,352,284,108,32,174,337,2749,1312,1646,603,249,80
"G1900510","1940","Iowa","190","Davis","0510","Davis","31","510",12,128,214,1904,327,287,148,83,85,2,64,131,1804,390,437,210,50,96
"G1900530","1940","Iowa","190","Decatur","0530","Decatur","31","530",38,223,325,1980,522,500,204,122,105,16,110,238,1631,706,759,325,87,70
"G1900550","1940","Iowa","190","Delaware","0550","Delaware","31","550",27,197,427,2524,733,688,280,217,39,15,96,296,2074,791,1000,475,182,27
"G1900570","1940","Iowa","190","Des Moines","0570","Des Moines","31","570",60,406,907,5408,1471,1324,580,450,431,48,335,787,5367,1732,2039,807,357,395
"G1900590","1940","Iowa","190","Dickinson","0590","Dickinson","31","590",10,134,256,1597,638,554,208,136,39,5,64,167,1125,604,788,380,100,30
"G1900610","1940","Iowa","190","Dubuque","0610","Dubuque","31","610",59,661,1592,8971,2287,2156,696,925,218,39,479,1412,8872,2685,3352,904,748,276
"G1900630","1940","Iowa","190","Emmet","0630","Emmet","31","630",11,115,267,2001,587,494,234,143,71,8,55,191,1405,583,754,407,113,33
"G1900650","1940","Iowa","190","Fayette","0650","Fayette","31","650",51,359,787,4099,1151,1240,373,311,86,45,215,545,3465,1191,1741,654,255,57
"G1900670","1940","Iowa","190","Floyd","0670","Floyd","31","670",41,215,426,2886,925,881,344,250,35,15,148,299,2225,982,1294,594,201,18
"G1900690","1940","Iowa","190","Franklin","0690","Franklin","31","690",17,190,430,2601,606,549,204,163,56,11,119,308,1973,651,807,393,119,41
"G1900710","1940","Iowa","190","Fremont","0710","Fremont","31","710",41,199,310,1933,605,691,247,165,19,23,116,200,1561,656,907,402,142,13
"G1900730","1940","Iowa","190","Greene","0730","Greene","31","730",17,132,315,2289,880,752,219,185,24,11,61,194,1762,884,1217,396,160,19
"G1900750","1940","Iowa","190","Grundy","0750","Grundy","31","750",13,79,219,2363,462,505,225,125,55,11,66,177,1948,402,683,357,114,31
"G1900770","1940","Iowa","190","Guthrie","0770","Guthrie","31","770",35,140,305,2782,678,707,168,163,12,19,63,167,2191,839,1032,292,132,8
"G1900790","1940","Iowa","190","Hamilton","0790","Hamilton","31","790",14,130,417,3051,720,780,321,215,62,9,99,244,2406,778,1195,457,167,40
"G1900810","1940","Iowa","190","Hancock","0810","Hancock","31","810",13,172,358,2480,447,449,246,138,56,7,115,259,1839,460,716,394,102,50
"G1900830","1940","Iowa","190","Hardin","0830","Hardin","31","830",10,132,463,3252,886,867,515,310,108,10,92,388,2685,965,1258,737,285,99
"G1900850","1940","Iowa","190","Harrison","0850","Harrison","31","850",28,241,567,3168,1097,759,262,199,47,12,130,350,2448,1222,1306,393,150,19
"G1900870","1940","Iowa","190","Henry","0870","Henry","31","870",64,267,407,2628,789,724,397,252,152,50,141,283,2437,873,983,570,258,128
"G1900890","1940","Iowa","190","Howard","0890","Howard","31","890",22,273,424,2067,421,424,146,131,35,20,186,347,1703,441,660,229,99,21
"G1900910","1940","Iowa","190","Humboldt","0910","Humboldt","31","910",15,85,245,1991,603,545,235,140,31,8,47,136,1469,557,815,341,128,16
"G1900930","1940","Iowa","190","Ida","0930","Ida","31","930",6,107,220,1873,414,382,122,117,41,4,63,185,1528,370,534,241,96,24
"G1900950","1940","Iowa","190","Iowa","0950","Iowa","31","950",6,106,321,3027,576,595,187,165,58,10,54,204,2539,564,958,283,101,36
"G1900970","1940","Iowa","190","Jackson","0970","Jackson","31","970",24,315,658,2948,735,598,219,165,52,20,180,462,2537,735,963,313,91,42
"G1900990","1940","Iowa","190","Jasper","0990","Jasper","31","990",43,397,715,4291,1280,1262,503,340,112,27,205,470,3671,1394,1987,724,292,92
"G1901010","1940","Iowa","190","Jefferson","1010","Jefferson","31","1010",23,147,296,2398,594,645,276,231,126,12,88,190,2016,678,976,411,225,115
"G1901030","1940","Iowa","190","Johnson","1030","Johnson","31","1030",54,345,668,3649,1233,1511,707,1347,110,43,275,513,3178,1285,2459,1151,1215,117
"G1901050","1940","Iowa","190","Jones","1050","Jones","31","1050",51,266,494,3303,874,708,256,200,20,25,136,302,2375,788,1017,417,147,7
"G1901070","1940","Iowa","190","Keokuk","1070","Keokuk","31","1070",18,174,425,2903,669,797,266,183,16,11,96,312,2551,792,1120,399,148,17
"G1901090","1940","Iowa","190","Kossuth","1090","Kossuth","31","1090",71,349,618,3811,805,896,350,274,84,37,228,416,2844,894,1307,553,218,61
"G1901110","1940","Iowa","190","Lee","1110","Lee","31","1110",142,754,1334,6080,1931,1583,563,421,195,66,428,952,5225,2104,2284,653,284,165
"G1901130","1940","Iowa","190","Linn","1130","Linn","31","1130",172,1146,2083,9899,4844,4669,1927,1836,281,134,949,1821,8764,5357,7036,2655,1538,183
"G1901150","1940","Iowa","190","Louisa","1150","Louisa","31","1150",26,167,267,1591,494,475,202,120,35,13,80,159,1267,528,647,328,96,28
"G1901170","1940","Iowa","190","Lucas","1170","Lucas","31","1170",35,311,391,2044,492,525,192,126,52,25,134,294,1885,615,847,263,91,48
"G1901190","1940","Iowa","190","Lyon","1190","Lyon","31","1190",11,206,538,2318,434,372,147,140,23,9,162,396,1912,409,586,270,84,14
"G1901210","1940","Iowa","190","Madison","1210","Madison","31","1210",29,118,232,2292,540,625,223,130,42,21,58,136,1905,649,900,310,99,33
"G1901230","1940","Iowa","190","Mahaska","1230","Mahaska","31","1230",66,407,711,3858,899,950,411,347,69,31,217,495,3528,1139,1509,617,310,70
"G1901250","1940","Iowa","190","Marion","1250","Marion","31","1250",235,806,1141,3880,970,802,344,287,185,87,364,724,3269,936,1071,526,232,126
"G1901270","1940","Iowa","190","Marshall","1270","Marshall","31","1270",44,352,835,4064,1758,1686,682,505,615,37,233,589,3458,1966,2365,1008,350,274
"G1901290","1940","Iowa","190","Mills","1290","Mills","31","1290",24,175,335,1848,577,483,197,143,508,12,64,186,1487,638,770,363,115,620
"G1901310","1940","Iowa","190","Mitchell","1310","Mitchell","31","1310",19,136,314,2139,612,517,199,131,42,15,116,240,1681,645,778,327,120,23
"G1901330","1940","Iowa","190","Monona","1330","Monona","31","1330",24,242,460,2519,774,679,193,159,45,12,152,279,1911,816,952,368,129,30
"G1901350","1940","Iowa","190","Monroe","1350","Monroe","31","1350",86,488,499,2007,473,386,138,98,25,50,252,396,1745,566,637,196,79,23
"G1901370","1940","Iowa","190","Montgomery","1370","Montgomery","31","1370",16,148,313,2267,687,709,340,192,30,15,93,248,1796,764,1105,504,163,32
"G1901390","1940","Iowa","190","Muscatine","1390","Muscatine","31","1390",69,461,814,4928,1218,1055,385,360,99,35,285,582,4587,1383,1577,540,242,70
"G1901410","1940","Iowa","190","O Brien","1410","O Brien","31","1410",11,189,392,2971,693,718,253,216,114,7,120,301,2464,658,1065,413,147,84
"G1901430","1940","Iowa","190","Osceola","1430","Osceola","31","1430",12,126,264,1657,344,258,105,88,37,4,75,211,1317,329,413,177,66,28
"G1901450","1940","Iowa","190","Page","1450","Page","31","1450",52,305,532,3797,1008,1100,540,322,66,38,193,346,3229,1087,1673,744,302,40
"G1901470","1940","Iowa","190","Palo Alto","1470","Palo Alto","31","1470",12,196,366,2196,569,625,231,171,69,13,88,211,1571,633,853,384,126,49
"G1901490","1940","Iowa","190","Plymouth","1490","Plymouth","31","1490",22,313,794,3569,742,661,280,260,100,13,202,600,2827,771,1079,466,210,47
"G1901510","1940","Iowa","190","Pocahontas","1510","Pocahontas","31","1510",26,171,421,2218,585,635,252,164,54,11,121,303,1645,584,910,414,127,35
"G1901530","1940","Iowa","190","Polk","1530","Polk","31","1530",615,2599,4097,17822,9480,11494,4699,4636,1012,482,1699,3425,17077,10909,17540,6025,3354,845
"G1901550","1940","Iowa","190","Pottawattamie","1550","Pottawattamie","31","1550",168,857,1316,8983,3103,2741,940,710,112,116,536,1098,7871,3458,4310,1357,523,98
"G1901570","1940","Iowa","190","Poweshiek","1570","Poweshiek","31","1570",16,167,459,2562,856,782,293,304,67,9,98,337,2070,905,1370,478,289,42
"G1901590","1940","Iowa","190","Ringgold","1590","Ringgold","31","1590",10,121,201,1557,460,527,155,84,130,5,37,121,1315,491,733,258,75,98
"G1901610","1940","Iowa","190","Sac","1610","Sac","31","1610",15,180,358,2581,723,697,245,197,55,9,126,272,2034,773,1008,455,147,23
"G1901630","1940","Iowa","190","Scott","1630","Scott","31","1630",165,824,2029,11659,4816,3569,1578,1502,72,147,614,1697,11096,5184,5100,1722,915,90
"G1901650","1940","Iowa","190","Shelby","1650","Shelby","31","1650",25,116,425,2606,555,487,167,129,18,17,79,343,2086,604,786,282,102,10
"G1901670","1940","Iowa","190","Sioux","1670","Sioux","31","1670",32,476,935,3859,613,554,205,255,67,28,328,820,3485,552,928,315,127,43
"G1901690","1940","Iowa","190","Story","1690","Story","31","1690",85,225,626,3425,1400,1411,794,1315,235,70,140,401,2915,1484,2281,1327,974,205
"G1901710","1940","Iowa","190","Tama","1710","Tama","31","1710",20,306,476,3471,910,857,315,225,136,23,243,390,2787,805,1296,519,181,74
"G1901730","1940","Iowa","190","Taylor","1730","Taylor","31","1730",18,117,220,2419,594,487,176,100,20,13,64,130,1998,739,817,285,111,18
"G1901750","1940","Iowa","190","Union","1750","Union","31","1750",14,111,319,2555,716,725,225,176,40,3,62,197,2103,798,1244,380,155,36
"G1901770","1940","Iowa","190","Van Buren","1770","Van Buren","31","1770",9,75,190,1982,620,517,162,109,65,7,38,125,1738,646,759,233,98,51
"G1901790","1940","Iowa","190","Wapello","1790","Wapello","31","1790",112,766,1259,5948,1876,1666,610,476,178,52,521,987,5446,2128,2598,879,431,109
"G1901810","1940","Iowa","190","Warren","1810","Warren","31","1810",23,131,304,2565,696,695,336,206,109,7,73,177,2033,783,1107,504,229,93
"G1901830","1940","Iowa","190","Washington","1830","Washington","31","1830",21,179,413,2795,857,814,359,212,90,12,131,332,2434,915,1250,557,195,83
"G1901850","1940","Iowa","190","Wayne","1850","Wayne","31","1850",13,158,250,2162,559,468,161,108,76,7,67,210,1994,648,700,222,86,47
"G1901870","1940","Iowa","190","Webster","1870","Webster","31","1870",68,637,1152,5386,1559,1634,770,559,116,42,402,793,4468,1789,2515,1192,416,72
"G1901890","1940","Iowa","190","Winnebago","1890","Winnebago","31","1890",19,207,338,2223,433,374,224,148,35,25,175,289,1623,430,614,332,84,31
"G1901910","1940","Iowa","190","Winneshiek","1910","Winneshiek","31","1910",17,276,1008,3433,636,549,223,255,92,8,220,891,2931,653,881,321,158,102
"G1901930","1940","Iowa","190","Woodbury","1930","Woodbury","31","1930",397,1661,2709,11414,4935,4779,1897,1665,318,332,1110,1982,9909,5500,7192,2511,1342,259
"G1901950","1940","Iowa","190","Worth","1950","Worth","31","1950",42,202,389,1748,447,341,138,95,23,30,182,252,1276,439,559,235,55,15
"G1901970","1940","Iowa","190","Wright","1970","Wright","31","1970",14,151,362,2955,802,799,345,233,80,9,113,268,2126,856,1208,569,179,61
"G2000010","1940","Kansas","200","Allen","0010","Allen","32","10",94,392,471,2870,798,628,326,227,28,56,241,413,2671,958,1060,473,170,22
"G2000030","1940","Kansas","200","Anderson","0030","Anderson","32","30",13,163,272,2072,389,313,124,98,16,9,91,205,1734,451,549,190,83,10
"G2000050","1940","Kansas","200","Atchison","0050","Atchison","32","50",91,373,581,2965,990,760,355,313,76,53,226,436,2709,1240,1160,463,312,92
"G2000070","1940","Kansas","200","Barber","0070","Barber","32","70",25,151,206,1209,340,391,172,113,15,10,71,127,1022,421,489,239,101,10
"G2000090","1940","Kansas","200","Barton","0090","Barton","32","90",38,325,473,3211,861,1126,528,341,93,26,243,383,2674,953,1341,644,268,78
"G2000110","1940","Kansas","200","Bourbon","0110","Bourbon","32","110",86,400,528,3271,766,572,338,208,52,60,227,397,2880,1032,1006,531,185,30
"G2000130","1940","Kansas","200","Brown","0130","Brown","32","130",44,230,402,2398,743,711,311,216,60,39,152,308,2204,876,1063,393,179,25
"G2000150","1940","Kansas","200","Butler","0150","Butler","32","150",88,452,685,4183,1476,1246,583,419,83,56,249,540,3614,1641,1674,832,363,43
"G2000170","1940","Kansas","200","Chase","0170","Chase","32","170",23,86,141,920,219,285,109,73,31,9,47,65,710,274,396,174,61,18
"G2000190","1940","Kansas","200","Chautauqua","0190","Chautauqua","32","190",24,192,258,1404,295,302,122,83,9,21,99,183,1243,394,364,184,59,3
"G2000210","1940","Kansas","200","Cherokee","0210","Cherokee","32","210",137,904,1071,3987,897,774,291,208,58,114,577,932,3604,1236,1124,420,175,27
"G2000230","1940","Kansas","200","Cheyenne","0230","Cheyenne","32","230",6,126,190,795,169,182,46,45,12,5,64,112,663,230,255,93,39,9
"G2000250","1940","Kansas","200","Clark","0250","Clark","32","250",9,51,75,538,169,200,82,57,18,9,25,32,421,180,235,109,65,6
"G2000270","1940","Kansas","200","Clay","0270","Clay","32","270",23,163,319,2083,465,522,190,162,27,11,86,233,1965,528,830,251,107,25
"G2000290","1940","Kansas","200","Cloud","0290","Cloud","32","290",45,251,349,2466,556,746,319,214,87,30,176,271,2285,663,1035,399,181,148
"G2000310","1940","Kansas","200","Coffey","0310","Coffey","32","310",26,159,266,2189,355,417,150,100,13,14,75,183,1875,478,676,195,83,9
"G2000330","1940","Kansas","200","Comanche","0330","Comanche","32","330",4,54,98,542,158,201,102,63,8,2,29,54,439,193,259,130,50,4
"G2000350","1940","Kansas","200","Cowley","0350","Cowley","32","350",332,613,880,4543,1798,1424,811,518,48,305,418,736,4147,2129,2121,1161,529,26
"G2000370","1940","Kansas","200","Crawford","0370","Crawford","32","370",328,1810,1714,5341,1543,1294,586,557,74,239,1270,1394,5097,2012,1938,943,538,38
"G2000390","1940","Kansas","200","Decatur","0390","Decatur","32","390",18,90,145,1172,238,260,75,72,19,12,40,85,992,286,403,95,58,16
"G2000410","1940","Kansas","200","Dickinson","0410","Dickinson","32","410",61,331,544,3090,947,1021,377,310,69,35,227,425,2805,1079,1580,489,229,54
"G2000430","1940","Kansas","200","Doniphan","0430","Doniphan","32","430",38,295,411,2041,396,428,159,115,40,20,154,295,1628,504,573,204,112,18
"G2000450","1940","Kansas","200","Douglas","0450","Douglas","32","450",81,331,499,2896,987,984,644,896,52,81,227,429,2597,1254,1714,922,985,38
"G2000470","1940","Kansas","200","Edwards","0470","Edwards","32","470",19,96,207,821,182,265,102,92,18,13,55,172,782,192,321,177,70,15
"G2000490","1940","Kansas","200","Elk","0490","Elk","32","490",18,102,187,1390,320,252,124,66,4,10,58,110,1208,368,422,161,45,3
"G2000510","1940","Kansas","200","Ellis","0510","Ellis","32","510",54,301,485,1508,541,485,296,277,52,78,334,514,1437,430,510,355,228,35
"G2000530","1940","Kansas","200","Ellsworth","0530","Ellsworth","32","530",47,220,255,1346,313,382,164,101,26,35,162,268,1143,298,544,215,93,22
"G2000550","1940","Kansas","200","Finney","0550","Finney","32","550",41,178,215,1085,415,317,250,145,51,35,119,161,881,409,499,306,129,38
"G2000570","1940","Kansas","200","Ford","0570","Ford","32","570",60,209,331,1943,698,755,436,247,58,54,160,251,1733,784,1017,508,218,52
"G2000590","1940","Kansas","200","Franklin","0590","Franklin","32","590",63,349,568,3028,972,804,374,307,38,29,165,409,2693,1049,1141,497,311,37
"G2000610","1940","Kansas","200","Geary","0610","Geary","32","610",35,269,450,1969,733,669,232,256,51,29,171,297,1332,668,848,325,164,45
"G2000630","1940","Kansas","200","Gove","0630","Gove","32","630",7,95,115,623,108,140,61,37,4,7,71,99,448,157,181,80,36,2
"G2000650","1940","Kansas","200","Graham","0650","Graham","32","650",17,91,110,951,130,165,65,42,65,7,36,79,698,188,259,84,38,65
"G2000670","1940","Kansas","200","Grant","0670","Grant","32","670",2,21,42,255,64,75,42,20,6,2,8,19,172,93,100,34,15,3
"G2000690","1940","Kansas","200","Gray","0690","Gray","32","690",15,85,120,575,149,152,59,41,9,11,67,78,490,141,202,103,32,5
"G2000710","1940","Kansas","200","Greeley","0710","Greeley","32","710",9,17,14,220,51,66,24,24,2,2,10,9,162,44,82,33,9,1
"G2000730","1940","Kansas","200","Greenwood","0730","Greenwood","32","730",37,261,358,2397,626,553,288,171,52,12,116,227,2012,758,839,438,129,28
"G2000750","1940","Kansas","200","Hamilton","0750","Hamilton","32","750",6,28,43,393,97,102,45,24,13,5,11,28,229,122,142,73,30,10
"G2000770","1940","Kansas","200","Harper","0770","Harper","32","770",28,166,248,1642,498,521,206,129,30,15,86,186,1455,570,705,285,101,24
"G2000790","1940","Kansas","200","Harvey","0790","Harvey","32","790",81,309,458,2600,872,878,372,335,64,77,281,387,2336,1067,1363,524,292,53
"G2000810","1940","Kansas","200","Haskell","0810","Haskell","32","810",4,30,44,257,74,86,38,16,2,8,11,24,195,93,102,54,14,2
"G2000830","1940","Kansas","200","Hodgeman","0830","Hodgeman","32","830",6,45,72,557,85,104,44,34,13,5,26,38,423,90,177,63,26,11
"G2000850","1940","Kansas","200","Jackson","0850","Jackson","32","850",34,224,311,2128,464,514,216,111,34,34,144,208,1792,595,737,235,99,19
"G2000870","1940","Kansas","200","Jefferson","0870","Jefferson","32","870",21,139,228,2256,452,467,169,122,33,12,67,161,1860,507,711,201,125,19
"G2000890","1940","Kansas","200","Jewell","0890","Jewell","32","890",17,130,214,1840,437,521,185,101,117,13,65,150,1567,481,804,233,95,100
"G2000910","1940","Kansas","200","Johnson","0910","Johnson","32","910",69,427,667,4134,1399,1754,813,861,74,48,267,486,3874,1647,2408,1013,581,65
"G2000930","1940","Kansas","200","Kearny","0930","Kearny","32","930",8,43,60,351,92,74,42,22,14,11,29,29,234,86,115,64,19,5
"G2000950","1940","Kansas","200","Kingman","0950","Kingman","32","950",28,159,274,1660,383,412,207,154,30,20,110,185,1381,414,632,258,108,25
"G2000970","1940","Kansas","200","Kiowa","0970","Kiowa","32","970",5,50,71,692,199,215,96,51,13,4,24,63,572,222,260,158,60,10
"G2000990","1940","Kansas","200","Labette","0990","Labette","32","990",216,575,835,4060,1233,1066,473,337,65,206,370,640,3837,1652,1606,723,304,43
"G2001010","1940","Kansas","200","Lane","1010","Lane","32","1010",4,43,41,408,104,113,43,26,8,1,15,35,284,123,154,59,25,7
"G2001030","1940","Kansas","200","Leavenworth","1030","Leavenworth","32","1030",547,1735,2329,7042,2922,1457,789,663,167,100,548,850,4004,1453,1883,729,489,48
"G2001050","1940","Kansas","200","Lincoln","1050","Lincoln","32","1050",19,118,161,1416,198,271,126,71,23,25,62,142,1246,238,366,175,59,24
"G2001070","1940","Kansas","200","Linn","1070","Linn","32","1070",23,228,328,2027,343,388,132,98,34,14,112,223,1835,451,555,217,91,20
"G2001090","1940","Kansas","200","Logan","1090","Logan","32","1090",9,39,81,497,120,153,35,42,20,3,29,42,373,124,205,66,39,10
"G2001110","1940","Kansas","200","Lyon","1110","Lyon","32","1110",83,339,604,3334,1083,1008,623,473,79,63,219,439,2890,1284,1490,1033,580,60
"G2001130","1940","Kansas","200","McPherson","1130","Mcpherson","32","1130",64,397,594,2912,985,871,550,390,81,60,309,470,2753,959,1252,660,357,46
"G2001150","1940","Kansas","200","Marion","1150","Marion","32","1150",80,441,483,2467,668,586,281,226,60,82,395,464,2248,723,812,364,169,64
"G2001170","1940","Kansas","200","Marshall","1170","Marshall","32","1170",34,291,462,3360,783,872,270,224,50,22,173,311,2763,914,1276,346,174,35
"G2001190","1940","Kansas","200","Meade","1190","Meade","32","1190",4,84,99,678,186,216,107,63,12,4,58,104,537,214,263,149,55,12
"G2001210","1940","Kansas","200","Miami","1210","Miami","32","1210",312,471,522,3080,740,678,250,177,20,283,277,339,2841,962,1053,369,161,17
"G2001230","1940","Kansas","200","Mitchell","1230","Mitchell","32","1230",5,114,206,1702,459,517,196,112,31,5,59,138,1439,458,781,231,112,25
"G2001250","1940","Kansas","200","Montgomery","1250","Montgomery","32","1250",183,980,1305,5946,2192,1879,865,609,196,139,685,1179,5590,2581,2775,1143,506,158
"G2001270","1940","Kansas","200","Morris","1270","Morris","32","1270",36,145,213,1613,335,419,164,118,12,26,55,128,1384,384,582,236,104,14
"G2001290","1940","Kansas","200","Morton","1290","Morton","32","1290",5,29,46,296,76,84,45,23,12,1,10,32,197,96,114,38,18,3
"G2001310","1940","Kansas","200","Nemaha","1310","Nemaha","32","1310",22,169,338,2661,516,516,173,132,28,15,129,268,2164,613,909,261,106,22
"G2001330","1940","Kansas","200","Neosho","1330","Neosho","32","1330",82,400,579,3090,796,823,381,242,17,62,267,511,2875,971,1129,485,215,15
"G2001350","1940","Kansas","200","Ness","1350","Ness","32","1350",48,100,162,911,197,206,116,73,16,62,66,115,737,228,279,129,64,18
"G2001370","1940","Kansas","200","Norton","1370","Norton","32","1370",10,106,229,1554,309,363,137,106,41,10,59,157,1309,449,606,190,100,36
"G2001390","1940","Kansas","200","Osage","1390","Osage","32","1390",43,328,385,2339,573,608,221,141,57,25,176,263,1941,714,885,306,111,41
"G2001410","1940","Kansas","200","Osborne","1410","Osborne","32","1410",19,115,216,1475,333,414,171,108,18,4,54,145,1295,359,667,219,76,16
"G2001430","1940","Kansas","200","Ottawa","1430","Ottawa","32","1430",13,122,218,1488,353,361,139,82,23,7,58,135,1286,381,542,182,81,28
"G2001450","1940","Kansas","200","Pawnee","1450","Pawnee","32","1450",27,103,160,1152,357,397,190,121,785,26,57,126,1027,394,555,276,102,511
"G2001470","1940","Kansas","200","Phillips","1470","Phillips","32","1470",15,126,218,1848,261,348,143,84,41,18,60,169,1569,355,520,161,53,38
"G2001490","1940","Kansas","200","Pottawatomie","1490","Pottawatomie","32","1490",42,293,334,2027,535,524,185,391,31,33,154,242,1675,586,799,257,109,20
"G2001510","1940","Kansas","200","Pratt","1510","Pratt","32","1510",36,151,234,1478,528,558,233,155,43,13,85,190,1307,599,762,329,180,29
"G2001530","1940","Kansas","200","Rawlins","1530","Rawlins","32","1530",9,84,133,1025,179,222,89,72,31,6,58,102,706,219,344,83,45,21
"G2001550","1940","Kansas","200","Reno","1550","Reno","32","1550",190,726,1114,5663,2326,2416,1206,795,116,128,538,897,5296,2689,3249,1431,592,84
"G2001570","1940","Kansas","200","Republic","1570","Republic","32","1570",21,205,377,2091,500,524,198,123,42,19,131,243,1795,577,747,217,108,34
"G2001590","1940","Kansas","200","Rice","1590","Rice","32","1590",60,181,299,2096,766,858,393,307,29,43,132,177,1658,809,1120,538,257,21
"G2001610","1940","Kansas","200","Riley","1610","Riley","32","1610",49,236,344,2191,761,888,585,835,100,43,156,255,1881,811,1482,824,744,75
"G2001630","1940","Kansas","200","Rooks","1630","Rooks","32","1630",12,109,125,1318,284,325,128,78,18,8,67,98,1040,320,483,157,55,17
"G2001650","1940","Kansas","200","Rush","1650","Rush","32","1650",32,170,179,1082,228,262,135,81,43,24,126,175,1015,221,319,151,52,35
"G2001670","1940","Kansas","200","Russell","1670","Russell","32","1670",17,176,240,1797,504,593,275,154,80,13,128,204,1413,475,710,320,121,73
"G2001690","1940","Kansas","200","Saline","1690","Saline","32","1690",52,297,572,3425,1249,1568,701,551,96,51,247,464,3097,1438,2127,904,516,78
"G2001710","1940","Kansas","200","Scott","1710","Scott","32","1710",11,36,68,509,117,164,59,48,4,4,19,29,399,150,207,81,26,0
"G2001730","1940","Kansas","200","Sedgwick","1730","Sedgwick","32","1730",354,1979,3008,14260,6628,7476,3691,3313,363,266,1333,2490,14053,8126,10834,4355,2855,277
"G2001750","1940","Kansas","200","Seward","1750","Seward","32","1750",4,70,122,734,276,310,163,92,37,7,32,77,604,308,404,205,63,27
"G2001770","1940","Kansas","200","Shawnee","1770","Shawnee","32","1770",340,1348,1780,9886,3968,4406,2212,2137,407,306,1011,1593,9847,5166,7099,2771,1805,394
"G2001790","1940","Kansas","200","Sheridan","1790","Sheridan","32","1790",7,88,98,752,126,124,65,34,27,6,45,89,580,157,191,73,30,21
"G2001810","1940","Kansas","200","Sherman","1810","Sherman","32","1810",9,98,132,920,255,199,103,74,13,6,54,93,662,291,351,139,51,3
"G2001830","1940","Kansas","200","Smith","1830","Smith","32","1830",12,112,208,1961,351,320,114,84,11,13,55,137,1722,382,608,135,46,10
"G2001850","1940","Kansas","200","Stafford","1850","Stafford","32","1850",14,162,222,1341,377,446,199,134,21,19,93,151,1168,425,607,251,112,14
"G2001870","1940","Kansas","200","Stanton","1870","Stanton","32","1870",1,20,22,190,60,52,23,18,5,1,8,14,98,74,59,35,13,3
"G2001890","1940","Kansas","200","Stevens","1890","Stevens","32","1890",8,36,64,400,138,117,57,31,6,5,20,34,313,134,160,59,27,4
"G2001910","1940","Kansas","200","Sumner","1910","Sumner","32","1910",79,344,531,3547,1220,1113,409,277,46,39,195,399,3088,1366,1621,564,240,34
"G2001930","1940","Kansas","200","Thomas","1930","Thomas","32","1930",5,68,90,855,235,320,137,78,8,2,33,53,661,255,377,166,78,11
"G2001950","1940","Kansas","200","Trego","1950","Trego","32","1950",14,119,161,767,155,173,91,46,3,12,84,120,643,146,241,112,44,2
"G2001970","1940","Kansas","200","Wabaunsee","1970","Wabaunsee","32","1970",13,150,245,1563,283,280,117,95,24,14,75,175,1344,285,436,151,63,12
"G2001990","1940","Kansas","200","Wallace","1990","Wallace","32","1990",0,31,40,359,96,69,29,22,12,3,8,17,217,102,112,44,22,4
"G2002010","1940","Kansas","200","Washington","2010","Washington","32","2010",38,226,429,2838,443,447,186,120,46,17,143,316,2462,495,748,199,85,27
"G2002030","1940","Kansas","200","Wichita","2030","Wichita","32","2030",7,31,48,326,66,67,15,19,9,7,19,29,220,75,110,27,10,8
"G2002050","1940","Kansas","200","Wilson","2050","Wilson","32","2050",69,432,480,2436,692,550,264,162,18,44,249,368,2260,845,833,335,159,7
"G2002070","1940","Kansas","200","Woodson","2070","Woodson","32","2070",18,104,204,1363,290,265,85,63,7,9,62,131,1116,334,454,120,55,5
"G2002090","1940","Kansas","200","Wyandotte","2090","Wyandotte","32","2090",1017,4019,5311,15862,6508,5062,1990,1630,282,951,3207,4934,15761,7823,6934,2162,1260,205
"G2100010","1940","Kentucky","210","Adair","0010","Adair","51","10",301,973,726,1833,187,123,100,62,18,160,648,749,1959,255,158,203,39,17
"G2100030","1940","Kentucky","210","Allen","0030","Allen","51","30",398,1043,701,1492,127,149,84,43,23,192,753,746,1805,226,205,118,48,12
"G2100050","1940","Kentucky","210","Anderson","0050","Anderson","51","50",77,369,265,1195,149,183,67,68,47,40,207,289,1244,152,230,112,53,35
"G2100070","1940","Kentucky","210","Ballard","0070","Ballard","51","70",111,500,547,1142,187,161,70,49,28,63,275,386,1169,275,235,116,44,24
"G2100090","1940","Kentucky","210","Barren","0090","Barren","51","90",483,1843,1288,2413,329,312,193,148,99,252,1237,1158,2798,444,456,344,136,66
"G2100110","1940","Kentucky","210","Bath","0110","Bath","51","110",127,712,662,953,145,120,63,54,23,90,404,576,1062,200,147,133,68,11
"G2100130","1940","Kentucky","210","Bell","0130","Bell","51","130",778,2553,1654,2434,570,482,315,261,218,679,2215,1769,2452,688,538,382,186,128
"G2100150","1940","Kentucky","210","Boone","0150","Boone","51","150",73,330,558,1448,287,269,102,87,59,37,203,391,1360,373,384,129,72,48
"G2100170","1940","Kentucky","210","Bourbon","0170","Bourbon","51","170",205,782,776,1726,470,490,236,216,69,136,508,617,1572,695,694,383,277,36
"G2100190","1940","Kentucky","210","Boyd","0190","Boyd","51","190",324,1430,1557,4159,1376,1312,601,528,43,263,1305,1525,4191,1607,1597,734,428,45
"G2100210","1940","Kentucky","210","Boyle","0210","Boyle","51","210",139,840,707,1485,411,439,215,324,51,107,532,642,1500,522,611,351,364,46
"G2100230","1940","Kentucky","210","Bracken","0230","Bracken","51","230",112,306,424,1366,177,146,70,53,29,61,206,350,1336,204,241,104,48,27
"G2100250","1940","Kentucky","210","Breathitt","0250","Breathitt","51","250",528,1256,826,1354,236,136,159,63,3,555,1024,848,1240,198,158,144,79,5
"G2100270","1940","Kentucky","210","Breckinridge","0270","Breckinridge","51","270",370,1072,833,1873,213,149,88,65,19,188,700,778,1984,316,237,119,49,18
"G2100290","1940","Kentucky","210","Bullitt","0290","Bullitt","51","290",120,633,491,992,166,125,48,41,2,72,340,387,969,228,200,106,35,0
"G2100310","1940","Kentucky","210","Butler","0310","Butler","51","310",289,1013,534,1294,133,92,63,33,60,188,693,578,1406,184,100,85,34,49
"G2100330","1940","Kentucky","210","Caldwell","0330","Caldwell","51","330",216,766,600,1567,286,296,121,96,51,143,512,552,1785,392,400,184,81,34
"G2100350","1940","Kentucky","210","Calloway","0350","Calloway","51","350",143,547,823,2566,454,315,201,188,90,87,367,610,2866,547,430,300,215,57
"G2100370","1940","Kentucky","210","Campbell","0370","Campbell","51","370",170,1739,3760,8186,3254,2208,749,861,298,162,1610,4052,8347,3580,2974,646,539,294
"G2100390","1940","Kentucky","210","Carlisle","0390","Carlisle","51","390",62,397,388,925,186,112,58,30,25,36,193,276,981,289,214,103,25,11
"G2100410","1940","Kentucky","210","Carroll","0410","Carroll","51","410",114,410,376,1003,228,190,69,60,31,48,221,314,1055,229,302,116,59,12
"G2100430","1940","Kentucky","210","Carter","0430","Carter","51","430",318,1689,1056,1719,259,171,118,68,26,218,1122,1068,1845,308,222,189,60,9
"G2100450","1940","Kentucky","210","Casey","0450","Casey","51","450",218,1345,889,1413,133,95,86,35,24,136,967,905,1567,173,106,98,20,10
"G2100470","1940","Kentucky","210","Christian","0470","Christian","51","470",651,2188,1616,3072,789,643,396,274,932,422,1513,1486,3245,1075,948,704,293,963
"G2100490","1940","Kentucky","210","Clark","0490","Clark","51","490",208,863,804,1641,405,390,268,223,118,118,553,657,1755,549,584,408,279,97
"G2100510","1940","Kentucky","210","Clay","0510","Clay","51","510",371,1461,836,1362,200,151,120,63,61,315,1236,824,1295,174,130,103,25,51
"G2100530","1940","Kentucky","210","Clinton","0530","Clinton","51","530",149,510,394,1011,81,45,38,14,11,99,368,463,1013,102,55,71,9,12
"G2100550","1940","Kentucky","210","Crittenden","0550","Crittenden","51","550",157,650,492,1408,166,194,77,51,49,109,475,434,1562,239,243,90,28,46
"G2100570","1940","Kentucky","210","Cumberland","0570","Cumberland","51","570",289,800,481,834,76,74,57,27,4,173,584,578,969,92,69,89,20,4
"G2100590","1940","Kentucky","210","Daviess","0590","Daviess","51","590",443,1714,1931,5404,1525,1308,654,561,133,227,1107,1737,5594,1983,1956,1040,417,66
"G2100610","1940","Kentucky","210","Edmonson","0610","Edmonson","51","610",231,926,379,728,87,67,63,43,17,117,620,484,843,106,56,85,19,16
"G2100630","1940","Kentucky","210","Elliott","0630","Elliott","51","630",140,528,372,602,73,32,28,18,1,116,403,338,654,47,29,29,13,1
"G2100650","1940","Kentucky","210","Estill","0650","Estill","51","650",293,995,580,1433,194,153,116,59,20,238,800,578,1513,255,196,145,55,8
"G2100670","1940","Kentucky","210","Fayette","0670","Fayette","51","670",1113,2786,2996,6788,2522,2813,1666,2074,1104,818,2047,2751,6540,3253,4597,2092,1861,520
"G2100690","1940","Kentucky","210","Fleming","0690","Fleming","51","690",124,620,710,1598,240,208,77,72,27,70,386,575,1643,325,276,152,67,18
"G2100710","1940","Kentucky","210","Floyd","0710","Floyd","51","710",687,2893,1823,3634,539,375,286,158,31,617,2422,1833,3283,528,398,250,67,25
"G2100730","1940","Kentucky","210","Franklin","0730","Franklin","51","730",412,778,789,2052,676,783,389,443,142,351,506,617,2084,913,1297,529,311,105
"G2100750","1940","Kentucky","210","Fulton","0750","Fulton","51","750",178,944,704,1237,493,280,148,105,38,121,666,701,1239,634,389,270,93,35
"G2100770","1940","Kentucky","210","Gallatin","0770","Gallatin","51","770",55,183,213,548,84,61,30,25,8,36,114,162,550,110,100,42,23,8
"G2100790","1940","Kentucky","210","Garrard","0790","Garrard","51","790",89,716,566,951,225,165,99,66,93,53,433,488,1069,296,239,182,77,44
"G2100810","1940","Kentucky","210","Grant","0810","Grant","51","810",124,523,473,1233,177,184,70,73,20,57,292,383,1309,234,254,90,43,14
"G2100830","1940","Kentucky","210","Graves","0830","Graves","51","830",348,1369,1361,3858,866,545,257,188,62,188,919,1277,4176,1187,802,416,153,45
"G2100850","1940","Kentucky","210","Grayson","0850","Grayson","51","850",302,1156,823,1605,170,143,83,56,12,198,798,874,1770,223,164,113,45,8
"G2100870","1940","Kentucky","210","Green","0870","Green","51","870",230,815,595,1148,108,65,64,26,5,115,493,594,1381,138,94,105,26,4
"G2100890","1940","Kentucky","210","Greenup","0890","Greenup","51","890",273,1332,994,2139,384,317,137,97,66,197,921,893,2122,511,361,195,74,43
"G2100910","1940","Kentucky","210","Hancock","0910","Hancock","51","910",76,296,301,910,87,100,44,25,3,32,175,236,986,120,119,59,24,1
"G2100930","1940","Kentucky","210","Hardin","0930","Hardin","51","930",346,1151,1024,3292,979,842,294,412,73,153,679,870,2699,557,743,355,174,24
"G2100950","1940","Kentucky","210","Harlan","0950","Harlan","51","950",1028,3930,3226,5213,1338,879,466,333,221,842,2941,2903,4319,1425,872,503,225,131
"G2100970","1940","Kentucky","210","Harrison","0970","Harrison","51","970",116,650,797,1843,349,309,116,113,103,78,417,655,1769,448,498,222,103,90
"G2100990","1940","Kentucky","210","Hart","0990","Hart","51","990",337,1087,782,1744,172,138,84,58,51,155,642,716,1857,245,227,150,52,25
"G2101010","1940","Kentucky","210","Henderson","1010","Henderson","51","1010",376,1271,1185,2726,750,575,240,202,113,192,859,1090,2918,949,938,366,176,74
"G2101030","1940","Kentucky","210","Henry","1030","Henry","51","1030",131,661,556,1343,286,249,114,85,53,74,399,456,1364,382,329,165,80,34
"G2101050","1940","Kentucky","210","Hickman","1050","Hickman","51","1050",129,494,392,962,247,165,73,52,38,49,252,340,1028,284,250,157,56,21
"G2101070","1940","Kentucky","210","Hopkins","1070","Hopkins","51","1070",553,2176,2016,3709,783,586,309,217,55,263,1398,1756,4246,1157,713,443,200,51
"G2101090","1940","Kentucky","210","Jackson","1090","Jackson","51","1090",189,1003,760,1008,127,46,52,32,28,133,715,773,1064,96,54,70,23,16
"G2101110","1940","Kentucky","210","Jefferson","1110","Jefferson","51","1110",2678,10649,13443,43800,14837,12951,5108,6487,1611,2132,9438,13634,48582,18416,18231,6540,4330,1655
"G2101130","1940","Kentucky","210","Jessamine","1130","Jessamine","51","1130",239,669,489,1061,254,200,171,166,11,126,406,468,1099,354,325,254,170,15
"G2101150","1940","Kentucky","210","Johnson","1150","Johnson","51","1150",389,1265,815,2129,343,262,159,103,33,306,1033,878,2187,326,299,181,46,8
"G2101170","1940","Kentucky","210","Kenton","1170","Kenton","51","1170",234,2266,4182,11171,4011,2746,944,985,400,196,2024,4794,11850,4803,3712,907,740,426
"G2101190","1940","Kentucky","210","Knott","1190","Knott","51","1190",419,860,739,1274,173,103,76,60,16,422,827,758,993,155,82,80,56,22
"G2101210","1940","Kentucky","210","Knox","1210","Knox","51","1210",420,1844,1148,2071,433,249,192,150,45,368,1472,1188,2266,410,274,228,129,29
"G2101230","1940","Kentucky","210","Larue","1230","Larue","51","1230",128,607,441,1024,136,124,45,44,8,85,374,445,1067,180,152,118,18,8
"G2101250","1940","Kentucky","210","Laurel","1250","Laurel","51","1250",239,1418,1085,1915,310,248,184,101,35,180,1076,1116,1996,342,284,223,94,26
"G2101270","1940","Kentucky","210","Lawrence","1270","Lawrence","51","1270",215,1089,746,1449,163,130,78,68,13,161,875,693,1528,163,130,110,28,21
"G2101290","1940","Kentucky","210","Lee","1290","Lee","51","1290",167,612,395,758,105,80,77,29,23,151,441,472,756,123,96,87,28,9
"G2101310","1940","Kentucky","210","Leslie","1310","Leslie","51","1310",243,726,483,846,136,75,67,39,12,302,699,469,695,83,78,71,35,13
"G2101330","1940","Kentucky","210","Letcher","1330","Letcher","51","1330",558,1762,1463,3043,620,394,251,143,63,490,1529,1443,2497,604,332,225,84,41
"G2101350","1940","Kentucky","210","Lewis","1350","Lewis","51","1350",198,1075,788,1360,139,104,68,31,32,102,678,697,1360,160,131,110,23,26
"G2101370","1940","Kentucky","210","Lincoln","1370","Lincoln","51","1370",193,1187,882,1646,291,231,127,124,35,124,816,779,1745,336,317,207,119,16
"G2101390","1940","Kentucky","210","Livingston","1390","Livingston","51","1390",117,439,375,1140,144,108,61,34,72,71,276,337,1144,176,120,87,22,40
"G2101410","1940","Kentucky","210","Logan","1410","Logan","51","1410",400,1367,1132,2197,444,350,281,142,43,188,826,893,2579,583,505,427,147,21
"G2101430","1940","Kentucky","210","Lyon","1430","Lyon","51","1430",191,800,529,1117,205,146,63,32,14,44,284,325,941,116,127,86,29,11
"G2101450","1940","Kentucky","210","McCracken","1450","Mccracken","51","1450",438,1960,2010,4958,2054,1356,599,505,81,332,1466,2018,5019,2461,1948,748,392,61
"G2101470","1940","Kentucky","210","McCreary","1470","Mccreary","51","1470",178,1030,609,955,165,81,65,40,46,179,832,654,925,159,74,64,22,43
"G2101490","1940","Kentucky","210","McLean","1490","Mclean","51","1490",151,475,479,1402,232,171,84,49,56,68,274,360,1413,286,226,157,41,19
"G2101510","1940","Kentucky","210","Madison","1510","Madison","51","1510",420,1634,1056,2068,587,512,356,382,142,255,1077,1001,2182,826,705,640,528,83
"G2101530","1940","Kentucky","210","Magoffin","1530","Magoffin","51","1530",164,768,621,1387,155,117,115,42,7,153,701,666,1237,131,87,93,23,1
"G2101550","1940","Kentucky","210","Marion","1550","Marion","51","1550",367,935,550,1182,282,203,118,111,33,177,558,598,1439,454,361,211,88,17
"G2101570","1940","Kentucky","210","Marshall","1570","Marshall","51","1570",130,771,635,2081,417,394,184,125,28,69,527,528,2039,414,378,195,73,14
"G2101590","1940","Kentucky","210","Martin","1590","Martin","51","1590",196,738,369,525,72,52,33,21,19,183,594,386,531,79,44,38,8,10
"G2101610","1940","Kentucky","210","Mason","1610","Mason","51","1610",180,708,928,2076,483,518,180,170,93,104,438,775,2090,640,787,274,157,63
"G2101630","1940","Kentucky","210","Meade","1630","Meade","51","1630",124,364,386,1074,117,107,48,33,30,43,211,338,1058,189,121,72,30,14
"G2101650","1940","Kentucky","210","Menifee","1650","Menifee","51","1650",79,357,317,429,34,21,18,13,6,57,262,320,370,52,26,28,14,0
"G2101670","1940","Kentucky","210","Mercer","1670","Mercer","51","1670",183,656,636,1544,328,298,136,125,56,105,410,530,1636,464,410,324,179,17
"G2101690","1940","Kentucky","210","Metcalfe","1690","Metcalfe","51","1690",260,846,517,886,69,53,34,29,28,131,516,477,1091,108,98,60,20,17
"G2101710","1940","Kentucky","210","Monroe","1710","Monroe","51","1710",161,832,666,1349,84,90,53,34,31,88,637,610,1448,127,112,91,19,22
"G2101730","1940","Kentucky","210","Montgomery","1730","Montgomery","51","1730",203,564,532,1010,288,251,150,123,21,165,396,503,1070,357,386,245,122,14
"G2101750","1940","Kentucky","210","Morgan","1750","Morgan","51","1750",198,840,718,1516,169,88,66,41,27,146,631,735,1488,153,92,75,23,20
"G2101770","1940","Kentucky","210","Muhlenberg","1770","Muhlenberg","51","1770",696,2446,1795,2964,564,378,208,143,37,354,1581,1708,3416,773,512,292,127,12
"G2101790","1940","Kentucky","210","Nelson","1790","Nelson","51","1790",271,889,723,1498,356,309,163,181,47,126,557,621,1643,458,417,282,161,26
"G2101810","1940","Kentucky","210","Nicholas","1810","Nicholas","51","1810",125,438,436,984,204,159,72,53,5,51,251,385,908,301,231,122,68,2
"G2101830","1940","Kentucky","210","Ohio","1830","Ohio","51","1830",234,1110,1034,3086,389,325,138,117,83,129,610,923,3265,494,352,194,72,56
"G2101850","1940","Kentucky","210","Oldham","1850","Oldham","51","1850",143,983,732,1462,406,241,119,90,54,35,164,222,884,326,261,176,61,33
"G2101870","1940","Kentucky","210","Owen","1870","Owen","51","1870",107,649,612,1271,168,154,66,60,36,54,367,498,1319,251,194,102,50,17
"G2101890","1940","Kentucky","210","Owsley","1890","Owsley","51","1890",141,459,402,709,91,47,30,26,21,117,375,364,688,88,51,60,11,20
"G2101910","1940","Kentucky","210","Pendleton","1910","Pendleton","51","1910",58,523,621,1411,153,143,43,56,26,33,309,491,1330,235,249,69,49,13
"G2101930","1940","Kentucky","210","Perry","1930","Perry","51","1930",712,2136,1788,3155,737,457,279,184,28,717,1792,1761,2709,637,437,310,145,11
"G2101950","1940","Kentucky","210","Pike","1950","Pike","51","1950",1146,3624,2612,4428,782,563,376,210,68,1032,3178,2708,4038,793,520,378,128,44
"G2101970","1940","Kentucky","210","Powell","1970","Powell","51","1970",139,511,311,548,70,65,26,19,3,74,415,316,512,81,56,51,12,2
"G2101990","1940","Kentucky","210","Pulaski","1990","Pulaski","51","1990",409,2268,1794,3215,418,330,232,159,74,286,1691,1696,3550,571,481,315,108,44
"G2102010","1940","Kentucky","210","Robertson","2010","Robertson","51","2010",17,121,229,482,39,45,24,20,13,11,81,209,427,59,72,36,8,14
"G2102030","1940","Kentucky","210","Rockcastle","2030","Rockcastle","51","2030",209,1160,719,1125,153,92,66,42,19,136,812,765,1215,200,124,105,30,19
"G2102050","1940","Kentucky","210","Rowan","2050","Rowan","51","2050",122,740,504,880,160,113,93,96,8,104,532,494,899,178,116,133,96,5
"G2102070","1940","Kentucky","210","Russell","2070","Russell","51","2070",107,616,612,1383,109,73,77,26,18,73,520,634,1414,97,79,76,14,9
"G2102090","1940","Kentucky","210","Scott","2090","Scott","51","2090",221,759,648,1412,318,315,216,194,62,126,424,589,1440,403,425,288,219,46
"G2102110","1940","Kentucky","210","Shelby","2110","Shelby","51","2110",167,738,727,2022,542,421,206,161,101,106,491,564,1810,700,670,334,170,57
"G2102130","1940","Kentucky","210","Simpson","2130","Simpson","51","2130",310,713,479,1125,224,214,111,55,18,143,424,433,1336,330,274,218,103,13
"G2102150","1940","Kentucky","210","Spencer","2150","Spencer","51","2150",84,405,292,690,109,86,40,25,4,32,223,229,673,166,93,74,32,2
"G2102170","1940","Kentucky","210","Taylor","2170","Taylor","51","2170",199,763,583,1393,176,148,104,68,18,93,493,589,1465,264,195,176,51,6
"G2102190","1940","Kentucky","210","Todd","2190","Todd","51","2190",348,1120,633,1016,222,190,142,78,17,163,755,669,1253,323,294,221,63,16
"G2102210","1940","Kentucky","210","Trigg","2210","Trigg","51","2210",311,828,561,1165,152,131,70,42,14,166,549,532,1323,176,162,153,47,12
"G2102230","1940","Kentucky","210","Trimble","2230","Trimble","51","2230",44,217,260,707,102,79,35,17,55,13,99,229,692,130,106,60,20,27
"G2102250","1940","Kentucky","210","Union","2250","Union","51","2250",217,700,746,1775,494,317,189,124,29,139,400,592,1744,619,518,255,81,21
"G2102270","1940","Kentucky","210","Warren","2270","Warren","51","2270",626,2040,1415,3151,708,665,650,485,68,460,1524,1425,3572,898,905,920,555,48
"G2102290","1940","Kentucky","210","Washington","2290","Washington","51","2290",144,707,597,1099,215,158,105,88,18,66,393,508,1192,311,285,171,80,10
"G2102310","1940","Kentucky","210","Wayne","2310","Wayne","51","2310",226,1360,764,1025,111,95,80,39,36,182,1029,814,1163,183,128,101,24,28
"G2102330","1940","Kentucky","210","Webster","2330","Webster","51","2330",267,971,905,2255,457,248,156,93,47,158,617,850,2454,581,389,221,89,36
"G2102350","1940","Kentucky","210","Whitley","2350","Whitley","51","2350",296,1367,1357,2821,553,345,206,177,98,250,1229,1411,2899,644,360,266,132,68
"G2102370","1940","Kentucky","210","Wolfe","2370","Wolfe","51","2370",117,497,427,697,88,82,53,24,3,87,399,406,713,98,90,72,27,2
"G2102390","1940","Kentucky","210","Woodford","2390","Woodford","51","2390",117,729,495,880,268,278,138,140,79,61,390,441,910,368,433,229,195,45
"G2200010","1940","Louisiana","220","Acadia","0010","Acadia","45","10",3199,2403,1394,1048,811,547,262,275,309,3304,2118,1351,993,759,773,352,252,332
"G2200030","1940","Louisiana","220","Allen","0030","Allen","45","30",582,1406,749,648,471,309,98,92,20,556,990,798,613,510,357,186,96,15
"G2200050","1940","Louisiana","220","Ascension","0050","Ascension","45","50",951,1638,795,493,575,310,102,101,20,920,1502,938,494,615,400,141,65,23
"G2200070","1940","Louisiana","220","Assumption","0070","Assumption","45","70",1045,1641,728,333,243,136,71,98,16,1011,1420,826,341,312,153,89,66,8
"G2200090","1940","Louisiana","220","Avoyelles","0090","Avoyelles","45","90",1674,2780,1630,1119,973,505,239,249,45,1868,2227,1547,1091,890,553,381,171,38
"G2200110","1940","Louisiana","220","Beauregard","0110","Beauregard","45","110",340,939,732,734,506,309,110,94,30,244,694,720,692,614,407,170,91,13
"G2200130","1940","Louisiana","220","Bienville","0130","Bienville","45","130",588,1566,1036,861,924,343,160,116,24,463,1194,985,806,1011,488,301,118,22
"G2200150","1940","Louisiana","220","Bossier","0150","Bossier","45","150",1051,2402,1108,1051,1370,828,442,221,32,804,2000,1215,849,1164,749,451,161,10
"G2200170","1940","Louisiana","220","Caddo","0170","Caddo","45","170",2851,7720,5390,7038,5989,6057,2782,2395,209,2668,7147,6031,6965,6877,8129,3439,2011,148
"G2200190","1940","Louisiana","220","Calcasieu","0190","Calcasieu","45","190",1530,3280,2361,2028,2277,1539,649,638,323,1559,2596,2350,1890,2364,2013,806,455,105
"G2200210","1940","Louisiana","220","Caldwell","0210","Caldwell","45","210",272,755,556,558,406,212,81,57,14,188,583,564,485,491,245,120,78,5
"G2200230","1940","Louisiana","220","Cameron","0230","Cameron","45","230",179,614,326,237,150,79,62,41,111,223,395,304,181,146,88,62,25,116
"G2200250","1940","Louisiana","220","Catahoula","0250","Catahoula","45","250",370,1261,593,583,334,155,89,59,38,333,983,538,559,398,168,110,57,18
"G2200270","1940","Louisiana","220","Claiborne","0270","Claiborne","45","270",674,2019,1084,953,1026,411,266,143,23,505,1611,1262,1087,1216,597,360,156,20
"G2200290","1940","Louisiana","220","Concordia","0290","Concordia","45","290",763,1437,563,446,328,191,98,69,12,637,1271,632,439,335,217,137,49,10
"G2200310","1940","Louisiana","220","De Soto","0310","De Soto","45","310",1043,2651,1163,780,821,395,215,137,52,815,2220,1343,891,980,561,418,170,38
"G2200330","1940","Louisiana","220","East Baton Rouge","0330","East Baton Rouge","45","330",2280,4242,3086,3049,3597,3056,1588,2147,183,2334,4157,3508,2768,4049,4275,1780,1651,168
"G2200350","1940","Louisiana","220","East Carroll","0350","East Carroll","45","350",617,1863,891,505,428,192,106,87,109,484,1613,1056,575,443,256,117,86,72
"G2200370","1940","Louisiana","220","East Feliciana","0370","East Feliciana","45","370",1154,1332,739,983,362,292,92,108,38,1101,1178,810,953,446,354,203,146,33
"G2200390","1940","Louisiana","220","Evangeline","0390","Evangeline","45","390",2019,1896,977,572,583,279,103,112,441,2280,1394,861,516,490,229,187,46,455
"G2200410","1940","Louisiana","220","Franklin","0410","Franklin","45","410",1176,2487,1396,951,756,263,177,111,96,889,1885,1443,963,916,363,332,128,89
"G2200430","1940","Louisiana","220","Grant","0430","Grant","45","430",473,945,705,655,631,283,111,83,32,426,782,666,650,667,277,164,96,21
"G2200450","1940","Louisiana","220","Iberia","0450","Iberia","45","450",2604,2287,1147,763,894,623,282,304,48,2394,1969,1295,739,927,838,369,207,32
"G2200470","1940","Louisiana","220","Iberville","0470","Iberville","45","470",1536,2500,972,561,564,298,135,175,433,1412,2305,1075,577,680,466,177,120,129
"G2200490","1940","Louisiana","220","Jackson","0490","Jackson","45","490",315,995,805,852,776,270,206,108,18,228,679,841,861,934,313,269,76,10
"G2200510","1940","Louisiana","220","Jefferson","0510","Jefferson","45","510",1559,3110,2436,2534,1486,977,369,487,61,1540,2727,2475,2565,1580,1375,453,284,34
"G2200530","1940","Louisiana","220","Jefferson Davis","0530","Jefferson Davis","45","530",941,1804,813,737,558,437,223,152,128,1199,1326,733,612,515,510,346,147,118
"G2200550","1940","Louisiana","220","Lafayette","0550","Lafayette","45","550",3210,2019,1236,1048,843,728,527,519,49,3349,1868,1291,1062,861,980,540,447,34
"G2200570","1940","Louisiana","220","Lafourche","0570","Lafourche","45","570",2758,2552,1114,743,571,453,175,194,69,2382,2287,1199,836,601,510,229,142,39
"G2200590","1940","Louisiana","220","La Salle","0590","La Salle","45","590",132,668,596,462,495,210,97,74,26,102,483,512,408,595,290,140,53,23
"G2200610","1940","Louisiana","220","Lincoln","0610","Lincoln","45","610",337,1428,1037,999,901,467,366,338,29,277,1061,1056,1005,1022,614,493,436,23
"G2200630","1940","Louisiana","220","Livingston","0630","Livingston","45","630",492,1291,917,562,602,219,75,73,10,312,860,820,537,629,294,162,51,11
"G2200650","1940","Louisiana","220","Madison","0650","Madison","45","650",705,1997,870,565,450,208,119,93,44,554,1570,907,557,431,294,163,84,23
"G2200670","1940","Louisiana","220","Morehouse","0670","Morehouse","45","670",1059,2323,1141,781,685,430,223,141,51,896,1964,1259,853,838,496,294,144,32
"G2200690","1940","Louisiana","220","Natchitoches","0690","Natchitoches","45","690",1735,3055,1547,1044,920,582,257,258,23,1594,2595,1603,1027,1018,655,491,336,26
"G2200710","1940","Louisiana","220","Orleans","0710","Orleans","45","710",5444,23512,25235,38977,14023,15500,6062,8651,1007,6579,24786,29754,45450,17269,23131,6424,5426,908
"G2200730","1940","Louisiana","220","Ouachita","0730","Ouachita","45","730",1118,3347,2603,2758,2523,1764,969,697,92,960,2839,2761,2798,2994,2200,1214,557,56
"G2200750","1940","Louisiana","220","Plaquemines","0750","Plaquemines","45","750",598,978,538,472,261,208,97,100,9,526,697,477,385,235,183,96,50,2
"G2200770","1940","Louisiana","220","Pointe Coupee","0770","Pointe Coupee","45","770",1808,1788,662,455,354,187,138,113,35,1693,1652,789,436,386,238,172,101,21
"G2200790","1940","Louisiana","220","Rapides","0790","Rapides","45","790",2493,4261,3374,2899,2269,1752,799,793,178,2285,3667,3499,2998,2666,2374,1078,712,153
"G2200810","1940","Louisiana","220","Red River","0810","Red River","45","810",549,1303,577,455,382,167,78,62,73,489,1091,633,411,428,235,139,80,62
"G2200830","1940","Louisiana","220","Richland","0830","Richland","45","830",989,2166,1194,978,694,353,166,138,96,742,1749,1292,972,789,395,247,184,80
"G2200850","1940","Louisiana","220","Sabine","0850","Sabine","45","850",661,1408,1059,929,796,372,121,136,37,557,1041,1008,896,852,473,276,119,39
"G2200870","1940","Louisiana","220","St Bernard","0870","St Bernard","45","870",360,489,341,335,136,102,32,46,5,292,371,327,373,152,114,47,23,2
"G2200890","1940","Louisiana","220","St Charles","0890","St Charles","45","890",443,852,506,396,267,218,90,86,26,442,742,520,396,301,252,107,27,5
"G2200910","1940","Louisiana","220","St Helena","0910","St Helena","45","910",311,723,364,210,340,101,35,23,19,205,490,447,202,394,156,84,20,9
"G2200930","1940","Louisiana","220","St James","0930","St James","45","930",673,1357,646,463,245,220,64,87,47,674,1271,677,501,276,287,97,54,34
"G2200950","1940","Louisiana","220","St John The Baptist","0950","St John The Baptist","45","950",825,1157,576,334,251,215,67,77,17,730,980,578,339,260,255,91,49,6
"G2200970","1940","Louisiana","220","St Landry","0970","St Landry","45","970",4506,4915,1872,1135,1020,704,306,320,139,4640,4115,1998,1120,994,951,454,238,131
"G2200990","1940","Louisiana","220","St Martin","0990","St Martin","45","990",2507,1487,612,335,283,138,103,90,86,2269,1283,604,366,341,217,123,59,74
"G2201010","1940","Louisiana","220","St Mary","1010","St Mary","45","1010",2048,2205,1082,825,643,460,197,204,19,1752,1994,1250,799,721,607,244,146,8
"G2201030","1940","Louisiana","220","St Tammany","1030","St Tammany","45","1030",523,1654,1212,1057,580,448,207,270,18,401,1169,1256,1165,779,697,273,181,15
"G2201050","1940","Louisiana","220","Tangipahoa","1050","Tangipahoa","45","1050",1631,3311,2014,1386,1386,710,325,351,65,1248,2558,2135,1406,1658,1102,526,283,58
"G2201070","1940","Louisiana","220","Tensas","1070","Tensas","45","1070",654,1632,635,428,217,177,94,82,22,662,1488,745,384,228,214,139,110,19
"G2201090","1940","Louisiana","220","Terrebonne","1090","Terrebonne","45","1090",1906,2534,1137,887,736,386,192,208,205,1666,2205,1242,767,646,471,216,149,180
"G2201110","1940","Louisiana","220","Union","1110","Union","45","1110",451,1143,991,1081,689,253,167,98,15,340,820,916,1057,835,301,225,145,11
"G2201130","1940","Louisiana","220","Vermilion","1130","Vermilion","45","1130",3068,2296,1193,640,604,335,175,177,188,3139,1916,1211,605,634,386,211,118,212
"G2201150","1940","Louisiana","220","Vernon","1150","Vernon","45","1150",363,994,994,882,936,359,141,101,19,270,752,909,782,1003,435,205,83,8
"G2201170","1940","Louisiana","220","Washington","1170","Washington","45","1170",696,2044,1596,1218,1394,742,308,222,33,470,1469,1691,1272,1551,944,393,176,35
"G2201190","1940","Louisiana","220","Webster","1190","Webster","45","1190",505,2007,1416,1493,1487,799,322,285,43,401,1499,1397,1420,1463,996,426,237,27
"G2201210","1940","Louisiana","220","West Baton Rouge","1210","West Baton Rouge","45","1210",689,1055,426,204,283,102,70,59,8,604,950,460,193,317,144,93,41,5
"G2201230","1940","Louisiana","220","West Carroll","1230","West Carroll","45","1230",362,1160,978,818,741,173,116,73,74,204,680,891,792,760,205,182,82,67
"G2201250","1940","Louisiana","220","West Feliciana","1250","West Feliciana","45","1250",1061,1515,533,459,217,135,85,52,14,402,879,322,145,132,110,103,54,9
"G2201270","1940","Louisiana","220","Winn","1270","Winn","45","1270",302,1024,823,685,816,323,137,95,20,231,792,782,662,895,453,188,66,18
"G2300010","1940","Maine","230","Androscoggin","0010","Androscoggin","2","10",481,2056,2913,7297,3509,2895,784,901,507,391,1893,3061,7463,3905,4122,1010,497,479
"G2300030","1940","Maine","230","Aroostook","0030","Aroostook","2","30",1869,3100,2854,7742,2708,2319,842,647,403,821,1855,2297,6791,2958,3314,1472,316,305
"G2300050","1940","Maine","230","Cumberland","0050","Cumberland","2","50",948,1884,2566,14731,8293,8860,1722,2493,446,823,1555,2242,14038,8724,14050,2555,1254,345
"G2300070","1940","Maine","230","Franklin","0070","Franklin","2","70",100,209,372,2449,1133,1002,324,244,24,46,117,213,1894,1123,1279,622,144,18
"G2300090","1940","Maine","230","Hancock","0090","Hancock","2","90",82,211,504,4405,2148,1562,416,379,55,34,99,337,3609,2197,2164,889,232,45
"G2300110","1940","Maine","230","Kennebec","0110","Kennebec","2","110",630,1439,1881,7939,4756,3707,1098,1247,205,390,941,1600,6997,4918,5452,1513,658,167
"G2300130","1940","Maine","230","Knox","0130","Knox","2","130",105,279,500,3595,1916,1340,407,311,126,57,144,319,2968,2096,1989,660,180,133
"G2300150","1940","Maine","230","Lincoln","0150","Lincoln","2","150",32,62,175,2136,1244,871,216,215,75,14,37,101,1723,1227,1289,381,128,74
"G2300170","1940","Maine","230","Oxford","0170","Oxford","2","170",385,713,896,5047,2446,1960,465,473,103,209,408,620,3912,2410,2788,809,216,74
"G2300190","1940","Maine","230","Penobscot","0190","Penobscot","2","190",671,1489,2179,8999,6213,4687,1065,1329,415,381,918,1558,7935,6606,7137,1731,745,238
"G2300210","1940","Maine","230","Piscataquis","0210","Piscataquis","2","210",69,190,394,2401,1072,886,178,180,50,25,97,279,1806,1124,1288,371,98,31
"G2300230","1940","Maine","230","Sagadahoc","0230","Sagadahoc","2","230",56,234,341,2241,1400,950,233,232,48,30,177,234,1912,1419,1489,351,114,28
"G2300250","1940","Maine","230","Somerset","0250","Somerset","2","250",215,700,940,4484,2157,1755,399,331,81,114,447,644,3641,2194,2537,659,215,71
"G2300270","1940","Maine","230","Waldo","0270","Waldo","2","270",52,155,324,3090,1262,976,212,172,51,21,85,190,2427,1392,1412,374,97,51
"G2300290","1940","Maine","230","Washington","0290","Washington","2","290",103,477,821,4823,2319,1373,438,302,103,74,294,595,3886,2435,2036,737,181,73
"G2300310","1940","Maine","230","York","0310","York","2","310",371,1688,2456,9547,4228,3387,866,886,222,342,1497,2399,8815,4101,4916,1436,535,170
"G2400010","1940","Maryland","240","Allegany","0010","Allegany","52","10",342,3011,5166,7844,3062,2305,587,773,289,260,2269,4676,7751,3723,3377,1014,600,231
"G2400030","1940","Maryland","240","Anne Arundel","0030","Anne Arundel","52","30",669,3558,3270,5602,1936,1506,716,1267,564,489,2510,2753,5176,2068,2318,825,515,463
"G2400050","1940","Maryland","240","Baltimore","0050","Baltimore","52","50",856,4540,7219,14829,5768,4730,1997,3306,2026,660,3338,6770,14955,5966,6603,1992,1569,1967
"G2400090","1940","Maryland","240","Calvert","0090","Calvert","52","70",110,872,585,742,104,104,62,86,25,69,544,543,755,138,174,113,85,7
"G2400110","1940","Maryland","240","Caroline","0110","Caroline","52","90",210,975,1014,1408,626,319,162,168,233,129,570,866,1384,797,576,290,121,164
"G2400130","1940","Maryland","240","Carroll","0130","Carroll","52","110",214,1685,3093,3706,1008,725,375,445,310,166,1215,3179,3999,1088,1119,494,389,196
"G2400150","1940","Maryland","240","Cecil","0150","Cecil","52","130",129,709,1104,2589,1048,707,234,255,1818,73,444,911,2291,1157,1116,314,164,336
"G2400170","1940","Maryland","240","Charles","0170","Charles","52","150",458,1038,855,1140,361,305,126,136,46,277,584,682,1074,386,449,145,114,27
"G2400190","1940","Maryland","240","Dorchester","0190","Dorchester","52","170",360,2142,1830,2129,844,437,179,225,273,226,1378,1567,2184,1027,755,258,174,169
"G2400210","1940","Maryland","240","Frederick","0210","Frederick","52","190",247,2014,3400,5942,1561,1331,422,645,209,203,1621,3099,5917,1752,2066,630,592,161
"G2400230","1940","Maryland","240","Garrett","0230","Garrett","52","210",168,1026,1259,2074,406,279,158,118,63,88,719,1058,1890,370,408,231,100,22
"G2400250","1940","Maryland","240","Harford","0250","Harford","52","230",221,1282,2056,3105,1411,940,447,603,214,178,812,1500,2785,1380,1356,662,276,141
"G2400270","1940","Maryland","240","Howard","0270","Howard","52","250",78,735,993,1627,413,350,155,236,107,56,498,795,1558,525,494,193,158,58
"G2400290","1940","Maryland","240","Kent","0290","Kent","52","270",157,956,907,1026,277,268,142,204,206,107,535,678,1091,362,508,232,165,110
"G2400310","1940","Maryland","240","Montgomery","0310","Montgomery","52","290",257,1314,2191,4909,2743,3733,2557,5784,361,186,991,1995,5028,3444,6886,3490,3005,347
"G2400330","1940","Maryland","240","Prince Georges","0330","Prince Georges","52","310",625,2429,2924,6929,3670,2996,1528,2019,831,406,1535,2432,6706,4034,4336,1602,1026,574
"G2400350","1940","Maryland","240","Queen Anne's","0350","Queen Anne's","52","330",114,1213,1078,1154,292,124,109,116,194,82,680,844,1178,373,266,168,136,108
"G2400370","1940","Maryland","240","St Mary's","0370","St Mary's","52","370",359,931,802,1051,177,156,54,93,20,210,565,568,983,307,308,115,63,15
"G2400390","1940","Maryland","240","Somerset","0390","Somerset","52","350",275,1328,1313,1488,671,366,137,146,233,196,941,1227,1494,893,619,210,114,146
"G2400410","1940","Maryland","240","Talbot","0410","Talbot","52","390",159,1196,1371,1171,704,436,209,195,131,112,765,1160,1237,871,855,244,119,117
"G2400430","1940","Maryland","240","Washington","0430","Washington","52","410",325,2387,3626,7279,2055,1698,622,728,380,243,1920,3560,7394,2349,2323,868,453,245
"G2400450","1940","Maryland","240","Wicomico","0450","Wicomico","52","430",392,1956,2024,2715,1335,748,377,346,245,273,1424,1948,2724,1601,1282,489,239,252
"G2400470","1940","Maryland","240","Worcester","0470","Worcester","52","450",384,1689,1165,1300,702,320,184,131,230,229,1064,1100,1272,1067,649,278,90,200
"G2405100","1940","Maryland","240","Baltimore City","5100","Baltimore City","52","5100",8671,33923,46083,79714,32492,23934,9290,14605,6267,9004,32019,49183,83594,36947,34837,8278,7474,4367
"G2500010","1940","Massachusetts","250","Barnstable","0010","Barnstable","3","10",479,598,722,3440,2376,1974,640,754,88,380,430,626,3143,2402,3126,1027,575,53
"G2500030","1940","Massachusetts","250","Berkshire","0030","Berkshire","3","30",1005,2580,3947,12566,6688,4744,1410,2148,750,1123,2188,3562,12427,7221,7022,2351,1195,672
"G2500050","1940","Massachusetts","250","Bristol","0050","Bristol","3","50",8276,10661,15833,37982,12823,9340,2625,3433,1943,9254,10695,17066,40202,13698,13517,3966,2388,1872
"G2500070","1940","Massachusetts","250","Dukes","0070","Dukes","3","70",106,86,124,571,289,254,86,102,14,92,68,99,555,290,436,171,85,12
"G2500090","1940","Massachusetts","250","Essex","0090","Essex","3","90",5245,9582,12684,49950,27497,23594,6257,8033,3420,6151,9041,12975,51591,29921,34238,8060,5063,3431
"G2500110","1940","Massachusetts","250","Franklin","0110","Franklin","3","110",444,864,922,5077,3341,2409,575,771,255,480,695,842,4199,3519,3544,1060,602,194
"G2500130","1940","Massachusetts","250","Hampden","0130","Hampden","3","130",3174,7088,10387,28089,22067,15507,3902,5311,1567,3751,6997,10385,28226,23698,21352,5311,3297,1449
"G2500150","1940","Massachusetts","250","Hampshire","0150","Hampshire","3","150",1018,1844,2146,6573,4613,2596,895,1558,435,1080,1723,1987,6139,4656,3954,1466,1481,428
"G2500170","1940","Massachusetts","250","Middlesex","0170","Middlesex","3","170",7330,14504,21303,78280,54250,54936,13939,25054,4949,8674,13058,21585,83648,59700,83296,18802,16191,5391
"G2500190","1940","Massachusetts","250","Nantucket","0190","Nantucket","3","190",13,42,67,349,240,202,45,50,4,11,24,54,323,236,330,71,37,1
"G2500210","1940","Massachusetts","250","Norfolk","0210","Norfolk","3","210",1523,3173,4512,26123,17344,21244,5876,10899,1968,1652,2977,4682,27846,19768,34279,8293,7246,2373
"G2500230","1940","Massachusetts","250","Plymouth","0230","Plymouth","3","230",2169,3559,4024,15908,12390,9056,2149,3078,417,1791,2460,3368,14654,12606,13528,2854,2269,306
"G2500250","1940","Massachusetts","250","Suffolk","0250","Suffolk","3","250",13138,16818,19007,80931,42441,46495,11051,16794,4908,14976,15917,19656,84539,46366,66246,12358,10603,4414
"G2500270","1940","Massachusetts","250","Worcester","0270","Worcester","3","270",6725,10435,14336,50396,26601,19322,6160,8244,5357,7252,9204,13929,48740,28198,27160,8453,5438,4989
"G2600010","1940","Michigan","260","Alcona","0010","Alcona","23","10",55,259,237,681,178,88,57,34,48,28,114,141,526,210,109,76,9,34
"G2600030","1940","Michigan","260","Alger","0030","Alger","23","30",256,497,386,1059,339,231,75,93,96,176,273,236,678,327,262,111,57,28
"G2600050","1940","Michigan","260","Allegan","0050","Allegan","23","50",138,725,1119,6233,1848,1252,458,383,90,97,455,883,5212,1983,1654,745,291,58
"G2600070","1940","Michigan","260","Alpena","0070","Alpena","23","70",232,1185,867,1877,654,406,147,149,34,145,840,753,1772,716,528,221,106,40
"G2600090","1940","Michigan","260","Antrim","0090","Antrim","23","90",47,413,427,1275,394,283,145,79,39,26,201,324,1040,449,342,230,49,30
"G2600110","1940","Michigan","260","Arenac","0110","Arenac","23","110",116,435,395,994,271,134,72,47,95,98,262,299,791,328,172,134,25,54
"G2600130","1940","Michigan","260","Baraga","0130","Baraga","23","130",251,535,375,1016,325,214,48,55,14,147,362,242,634,294,237,120,43,11
"G2600150","1940","Michigan","260","Barry","0150","Barry","23","150",33,242,505,3303,1267,796,272,209,66,30,122,347,2746,1426,1060,541,145,44
"G2600170","1940","Michigan","260","Bay","0170","Bay","23","170",467,2563,2746,8064,2887,2011,672,652,720,357,1961,2475,7631,3123,2546,882,539,518
"G2600190","1940","Michigan","260","Benzie","0190","Benzie","23","190",41,175,270,981,311,244,99,68,13,24,85,158,788,377,280,217,62,11
"G2600210","1940","Michigan","260","Berrien","0210","Berrien","23","210",581,1922,2580,10931,4291,3533,1309,1094,437,512,1400,2168,9931,4455,4277,1642,851,245
"G2600230","1940","Michigan","260","Branch","0230","Branch","23","230",91,325,519,3748,1371,1010,344,238,83,60,180,446,3311,1451,1293,604,199,63
"G2600250","1940","Michigan","260","Calhoun","0250","Calhoun","23","250",336,1188,1914,10865,6123,3868,1632,1312,1539,252,772,1675,9039,6814,5370,2199,1130,352
"G2600270","1940","Michigan","260","Cass","0270","Cass","23","270",102,431,631,3156,1139,784,294,234,113,63,251,429,2789,1217,1019,430,176,68
"G2600290","1940","Michigan","260","Charlevoix","0290","Charlevoix","23","290",70,490,537,1339,603,352,153,86,16,51,245,381,1185,683,458,231,69,17
"G2600310","1940","Michigan","260","Cheboygan","0310","Cheboygan","23","310",172,517,555,1695,402,274,113,83,23,107,300,394,1306,482,420,168,83,9
"G2600330","1940","Michigan","260","Chippewa","0330","Chippewa","23","330",267,1046,1045,2788,1104,793,276,269,97,223,640,711,2144,1142,965,394,166,48
"G2600350","1940","Michigan","260","Clare","0350","Clare","23","350",32,227,298,1262,297,244,87,64,40,12,107,209,1027,334,327,136,41,28
"G2600370","1940","Michigan","260","Clinton","0370","Clinton","23","370",74,398,775,3842,1210,765,261,181,137,40,240,580,3146,1370,1008,475,136,71
"G2600390","1940","Michigan","260","Crawford","0390","Crawford","23","390",27,131,143,488,186,138,40,30,16,13,52,69,305,192,132,52,32,5
"G2600410","1940","Michigan","260","Delta","0410","Delta","23","410",458,1447,1197,3738,1190,1003,329,273,119,253,870,960,3097,1239,1216,448,199,64
"G2600430","1940","Michigan","260","Dickinson","0430","Dickinson","23","430",263,828,1001,3417,1279,849,245,226,82,174,595,824,2718,1232,961,477,190,66
"G2600450","1940","Michigan","260","Eaton","0450","Eaton","23","450",68,319,697,4753,2199,1276,455,374,205,45,189,453,3780,2320,1692,833,310,87
"G2600470","1940","Michigan","260","Emmet","0470","Emmet","23","470",85,466,527,1701,613,541,191,171,42,63,283,393,1448,785,765,290,166,24
"G2600490","1940","Michigan","260","Genesee","0490","Genesee","23","490",888,3926,6005,24400,13847,9398,2783,2261,562,722,2696,4581,20710,14550,11071,3681,1583,340
"G2600510","1940","Michigan","260","Gladwin","0510","Gladwin","23","510",53,358,345,1180,259,173,91,49,21,36,216,249,937,314,214,137,29,16
"G2600530","1940","Michigan","260","Gogebic","0530","Gogebic","23","530",987,1451,1036,2970,1461,1075,314,359,40,674,943,755,2204,1223,1107,557,232,23
"G2600550","1940","Michigan","260","Grand Traverse","0550","Grand Traverse","23","550",140,639,741,3092,963,878,304,265,134,93,455,601,2684,1200,1178,477,252,81
"G2600570","1940","Michigan","260","Gratiot","0570","Gratiot","23","570",151,652,976,4286,1198,973,325,314,153,129,385,709,3662,1486,1204,622,256,83
"G2600590","1940","Michigan","260","Hillsdale","0590","Hillsdale","23","590",68,330,631,3773,1665,1357,463,330,119,40,195,486,3119,1819,1724,735,291,76
"G2600610","1940","Michigan","260","Houghton","0610","Houghton","23","610",1246,2409,2010,5017,1862,1130,349,439,63,1078,1874,1481,3967,1635,1641,701,303,41
"G2600630","1940","Michigan","260","Huron","0630","Huron","23","630",218,1547,1496,3816,757,551,204,230,163,157,997,1265,3295,860,678,381,112,102
"G2600650","1940","Michigan","260","Ingham","0650","Ingham","23","650",357,1381,2771,13104,7566,6454,2339,3074,258,267,943,2155,11512,8509,8703,3285,2089,147
"G2600670","1940","Michigan","260","Ionia","0670","Ionia","23","670",228,658,1167,4920,1876,1182,382,288,186,48,280,702,3993,2012,1491,707,234,96
"G2600690","1940","Michigan","260","Iosco","0690","Iosco","23","690",71,328,279,951,405,252,92,88,64,44,181,205,750,419,302,168,54,45
"G2600710","1940","Michigan","260","Iron","0710","Iron","23","710",504,1192,853,2060,836,603,149,205,30,280,706,534,1418,729,663,310,145,15
"G2600730","1940","Michigan","260","Isabella","0730","Isabella","23","730",126,764,804,3264,816,681,355,312,106,44,348,496,2715,940,810,639,266,60
"G2600750","1940","Michigan","260","Jackson","0750","Jackson","23","750",468,1909,2721,11270,7017,4256,1411,1346,415,333,884,1527,8297,6701,5316,1822,846,308
"G2600770","1940","Michigan","260","Kalamazoo","0770","Kalamazoo","23","770",357,1410,2062,11072,5877,4401,1794,1701,850,269,993,1751,10110,6442,5512,2553,1600,867
"G2600790","1940","Michigan","260","Kalkaska","0790","Kalkaska","23","790",17,189,201,678,195,96,35,29,5,5,75,128,522,179,121,105,26,3
"G2600810","1940","Michigan","260","Kent","0810","Kent","23","810",1284,3695,5932,27697,13685,9880,3525,3414,1201,1291,3028,5347,26803,15397,13059,4559,2528,1061
"G2600830","1940","Michigan","260","Keweenaw","0830","Keweenaw","23","830",112,277,243,527,72,35,17,7,0,109,212,152,324,76,59,21,2,0
"G2600850","1940","Michigan","260","Lake","0850","Lake","23","850",108,217,174,651,191,100,50,30,6,87,129,127,484,216,138,78,18,4
"G2600870","1940","Michigan","260","Lapeer","0870","Lapeer","23","870",589,1038,835,3736,1310,901,235,190,205,498,869,627,2961,1461,1218,465,162,101
"G2600890","1940","Michigan","260","Leelanau","0890","Leelanau","23","890",73,393,327,982,230,176,94,61,14,48,271,222,807,264,245,153,52,9
"G2600910","1940","Michigan","260","Lenawee","0910","Lenawee","23","910",85,594,1051,6782,2890,2231,834,580,337,60,380,827,5703,3291,2843,1571,1016,226
"G2600930","1940","Michigan","260","Livingston","0930","Livingston","23","930",70,260,481,2773,1177,850,271,260,158,28,142,324,2148,1210,1152,515,166,147
"G2600950","1940","Michigan","260","Luce","0950","Luce","23","950",230,572,289,810,239,191,78,63,12,154,290,205,583,263,207,126,49,9
"G2600970","1940","Michigan","260","Mackinac","0970","Mackinac","23","970",148,415,352,1025,313,198,87,73,57,86,226,260,734,308,245,148,41,29
"G2600990","1940","Michigan","260","Macomb","0990","Macomb","23","990",416,2467,3665,12186,5376,3709,1062,860,382,298,1925,2979,10448,5377,4027,1089,564,265
"G2601010","1940","Michigan","260","Manistee","1010","Manistee","23","1010",101,689,722,2424,604,567,179,195,50,77,517,695,2196,656,585,303,121,61
"G2601030","1940","Michigan","260","Marquette","1030","Marquette","23","1030",751,1898,1800,4882,2375,1678,456,533,58,539,1317,1270,3638,2046,1959,902,484,41
"G2601050","1940","Michigan","260","Mason","1050","Mason","23","1050",160,694,795,2538,739,564,219,151,50,131,414,605,2097,808,733,421,112,23
"G2601070","1940","Michigan","260","Mecosta","1070","Mecosta","23","1070",61,453,588,2308,581,426,230,129,108,23,193,416,1851,733,569,392,124,66
"G2601090","1940","Michigan","260","Menominee","1090","Menominee","23","1090",295,1028,1058,2728,955,688,168,205,65,189,748,832,2258,844,836,337,118,51
"G2601110","1940","Michigan","260","Midland","1110","Midland","23","1110",99,690,800,2890,969,712,333,530,112,34,397,531,2387,1138,890,578,241,73
"G2601130","1940","Michigan","260","Missaukee","1130","Missaukee","23","1130",40,222,240,1136,214,152,64,51,13,25,107,198,879,256,160,122,35,6
"G2601150","1940","Michigan","260","Monroe","1150","Monroe","23","1150",439,1444,2061,7674,2350,1597,464,374,279,305,971,1625,6525,2416,1914,704,403,142
"G2601170","1940","Michigan","260","Montcalm","1170","Montcalm","23","1170",101,516,815,4173,1381,977,302,221,130,63,296,576,3541,1509,1217,538,162,92
"G2601190","1940","Michigan","260","Montmorency","1190","Montmorency","23","1190",31,166,155,454,137,67,50,26,10,9,74,92,346,141,74,81,16,6
"G2601210","1940","Michigan","260","Muskegon","1210","Muskegon","23","1210",361,2137,3244,10480,5309,2930,1133,948,68,303,1468,2619,9267,5649,3673,1447,661,39
"G2601230","1940","Michigan","260","Newaygo","1230","Newaygo","23","1230",71,574,750,2598,667,469,220,146,32,43,328,546,2218,761,607,410,109,18
"G2601250","1940","Michigan","260","Oakland","1250","Oakland","23","1250",740,3462,5405,25922,15162,12166,4291,4545,339,533,2429,4475,21960,15915,14688,5080,2787,182
"G2601270","1940","Michigan","260","Oceana","1270","Oceana","23","1270",64,427,559,2044,589,369,162,112,4,46,246,399,1657,656,474,310,84,9
"G2601290","1940","Michigan","260","Ogemaw","1290","Ogemaw","23","1290",26,374,329,1053,291,207,74,43,38,13,177,223,826,356,289,104,35,30
"G2601310","1940","Michigan","260","Ontonagon","1310","Ontonagon","23","1310",438,614,490,1410,420,274,88,73,28,287,366,266,760,343,296,175,41,19
"G2601330","1940","Michigan","260","Osceola","1330","Osceola","23","1330",41,483,556,1767,451,316,121,91,33,18,239,364,1392,599,392,294,72,11
"G2601350","1940","Michigan","260","Oscoda","1350","Oscoda","23","1350",8,37,77,363,87,60,27,23,7,6,32,34,279,85,74,46,14,8
"G2601370","1940","Michigan","260","Otsego","1370","Otsego","23","1370",79,283,239,541,139,126,72,49,23,50,154,167,438,221,177,93,40,9
"G2601390","1940","Michigan","260","Ottawa","1390","Ottawa","23","1390",152,1067,1957,8251,2213,1514,631,719,147,111,856,1578,7747,2257,2023,844,530,102
"G2601410","1940","Michigan","260","Presque Isle","1410","Presque Isle","23","1410",205,667,541,1158,330,173,57,71,9,169,401,424,916,335,204,133,52,7
"G2601430","1940","Michigan","260","Roscommon","1430","Roscommon","23","1430",9,86,118,523,168,123,38,43,30,3,38,73,377,162,135,80,24,15
"G2601450","1940","Michigan","260","Saginaw","1450","Saginaw","23","1450",653,3353,4445,14872,6327,4382,1190,1356,423,543,2352,3788,13531,6834,5723,1555,863,271
"G2601470","1940","Michigan","260","St Clair","1470","St Clair","23","1470",379,2245,2535,8783,3476,2428,900,722,303,273,1488,2012,7924,4091,3178,1097,551,198
"G2601490","1940","Michigan","260","St Joseph","1490","St Joseph","23","1490",66,352,663,4234,1837,1572,427,347,146,47,239,536,3634,1980,2068,655,287,75
"G2601510","1940","Michigan","260","Sanilac","1510","Sanilac","23","1510",141,967,1226,4323,790,706,268,172,162,91,569,847,3766,983,793,419,112,97
"G2601530","1940","Michigan","260","Schoolcraft","1530","Schoolcraft","23","1530",61,358,382,1044,388,241,93,88,17,30,179,282,854,356,263,162,70,12
"G2601550","1940","Michigan","260","Shiawassee","1550","Shiawassee","23","1550",108,559,1201,5392,2064,1358,400,348,218,87,374,937,4551,2382,1872,665,241,118
"G2601570","1940","Michigan","260","Tuscola","1570","Tuscola","23","1570",220,1197,1445,4562,1276,894,311,217,196,173,801,1069,3798,1381,1190,553,159,129
"G2601590","1940","Michigan","260","Van Buren","1590","Van Buren","23","1590",209,714,918,4724,1803,1410,482,410,178,159,478,743,4062,1939,1819,737,343,116
"G2601610","1940","Michigan","260","Washtenaw","1610","Washtenaw","23","1610",420,1408,2047,8217,3959,3337,1733,3237,453,315,928,1650,7168,4152,4847,3042,2774,344
"G2601630","1940","Michigan","260","Wayne","1630","Wayne","23","1630",18196,59701,66423,202277,110885,89815,30331,33426,6871,19489,47888,58674,179322,111552,104394,27067,18426,2526
"G2601650","1940","Michigan","260","Wexford","1650","Wexford","23","1650",68,513,642,2171,771,510,200,160,23,42,305,454,1913,889,639,352,127,12
"G2700010","1940","Minnesota","270","Aitkin","0010","Aitkin","33","10",173,547,607,2868,431,362,130,101,31,118,301,395,1948,512,433,317,80,11
"G2700030","1940","Minnesota","270","Anoka","0030","Anoka","33","30",69,470,670,3224,837,614,221,167,105,99,384,523,3000,950,846,443,118,80
"G2700050","1940","Minnesota","270","Becker","0050","Becker","33","50",176,818,954,3968,649,490,265,198,60,119,495,680,2923,682,646,582,131,41
"G2700070","1940","Minnesota","270","Beltrami","0070","Beltrami","33","70",156,745,977,3548,820,601,250,232,43,141,419,597,2540,878,707,487,205,17
"G2700090","1940","Minnesota","270","Benton","0090","Benton","33","90",94,580,563,2065,340,263,128,95,29,69,350,440,1760,300,302,310,55,15
"G2700110","1940","Minnesota","270","Big Stone","0110","Big Stone","33","110",20,177,278,1657,369,303,97,112,23,7,98,179,1186,368,418,259,81,16
"G2700130","1940","Minnesota","270","Blue Earth","0130","Blue Earth","33","130",74,492,959,5257,1278,1254,584,454,168,59,330,776,4344,1338,1735,1194,462,122
"G2700150","1940","Minnesota","270","Brown","0150","Brown","33","150",42,496,860,4001,607,530,308,268,105,40,505,780,3531,583,693,484,161,91
"G2700170","1940","Minnesota","270","Carlton","0170","Carlton","33","170",492,943,820,3209,800,625,218,230,39,385,622,556,2371,787,825,472,150,22
"G2700190","1940","Minnesota","270","Carver","0190","Carver","33","190",23,385,721,2946,389,314,139,138,154,21,355,598,2494,330,409,246,66,102
"G2700210","1940","Minnesota","270","Cass","0210","Cass","33","210",109,576,702,2782,700,505,221,202,36,97,297,430,2039,709,627,503,128,4
"G2700230","1940","Minnesota","270","Chippewa","0230","Chippewa","33","230",31,263,480,2758,563,491,189,156,18,33,182,329,2140,524,616,384,107,5
"G2700250","1940","Minnesota","270","Chisago","0250","Chisago","33","250",24,421,538,2494,273,273,167,90,47,17,280,428,1875,299,364,311,93,33
"G2700270","1940","Minnesota","270","Clay","0270","Clay","33","270",79,449,806,3707,791,675,400,326,58,61,303,568,2772,816,887,776,258,38
"G2700290","1940","Minnesota","270","Clearwater","0290","Clearwater","33","290",62,392,579,1826,269,134,90,55,15,32,200,318,1169,257,200,202,33,5
"G2700310","1940","Minnesota","270","Cook","0310","Cook","33","310",24,94,102,573,123,88,38,49,5,10,29,45,254,80,84,93,30,2
"G2700330","1940","Minnesota","270","Cottonwood","0330","Cottonwood","33","330",18,246,468,2580,441,411,179,132,67,27,231,419,1931,436,501,428,88,64
"G2700350","1940","Minnesota","270","Crow Wing","0350","Crow Wing","33","350",129,783,1029,4193,945,892,331,273,42,103,466,711,3179,1119,1029,698,195,25
"G2700370","1940","Minnesota","270","Dakota","0370","Dakota","33","370",114,564,1274,5686,1465,1214,387,360,1194,64,343,917,4461,1430,1607,642,226,219
"G2700390","1940","Minnesota","270","Dodge","0390","Dodge","33","390",15,105,232,2304,463,356,158,90,65,15,77,145,1707,477,491,354,71,54
"G2700410","1940","Minnesota","270","Douglas","0410","Douglas","33","410",60,469,693,3548,482,436,223,166,46,47,377,502,2824,506,592,384,116,40
"G2700430","1940","Minnesota","270","Faribault","0430","Faribault","33","430",51,358,722,3590,810,643,264,202,148,48,280,511,2795,804,967,546,142,102
"G2700450","1940","Minnesota","270","Fillmore","0450","Fillmore","33","450",33,333,800,4657,753,636,292,231,103,51,240,538,3684,774,917,631,153,78
"G2700470","1940","Minnesota","270","Freeborn","0470","Freeborn","33","470",25,465,877,5185,1126,886,418,272,150,15,326,647,3950,1152,1217,742,214,102
"G2700490","1940","Minnesota","270","Goodhue","0490","Goodhue","33","490",54,373,722,5909,1050,859,345,328,221,40,316,559,4601,1073,1238,781,228,159
"G2700510","1940","Minnesota","270","Grant","0510","Grant","33","510",31,178,346,1691,320,204,107,65,17,14,102,250,1305,261,305,261,45,4
"G2700530","1940","Minnesota","270","Hennepin","0530","Hennepin","33","530",1724,7276,12074,65435,25651,30516,12723,13880,1026,1669,6078,11017,64335,30170,45325,15831,9777,817
"G2700550","1940","Minnesota","270","Houston","0550","Houston","33","550",20,317,582,2606,332,265,204,116,63,18,255,387,2097,319,355,333,92,42
"G2700570","1940","Minnesota","270","Hubbard","0570","Hubbard","33","570",23,240,400,1666,318,257,114,73,32,10,138,246,1270,382,320,246,55,16
"G2700590","1940","Minnesota","270","Isanti","0590","Isanti","33","590",121,405,547,2386,207,187,104,70,25,159,302,398,1838,237,262,208,50,18
"G2700610","1940","Minnesota","270","Itasca","0610","Itasca","33","610",572,1100,984,4039,1095,890,462,366,122,339,618,591,2611,1145,981,845,274,26
"G2700630","1940","Minnesota","270","Jackson","0630","Jackson","33","630",24,261,420,2887,483,414,163,126,68,26,219,293,2087,447,542,385,91,48
"G2700650","1940","Minnesota","270","Kanabec","0650","Kanabec","33","650",36,263,309,1731,228,184,70,56,11,20,138,231,1271,255,245,159,42,3
"G2700670","1940","Minnesota","270","Kandiyohi","0670","Kandiyohi","33","670",77,522,898,4811,741,562,293,223,145,53,342,637,3684,714,803,620,134,97
"G2700690","1940","Minnesota","270","Kittson","0690","Kittson","33","690",56,301,477,1751,285,229,114,73,4,28,173,326,1153,221,246,255,32,3
"G2700710","1940","Minnesota","270","Koochiching","0710","Koochiching","33","710",159,612,728,2445,648,445,188,135,32,59,241,343,1510,623,524,293,99,9
"G2700730","1940","Minnesota","270","Lac Qui Parle","0730","Lac Qui Parle","33","730",42,248,429,2731,447,361,134,120,58,24,161,354,1990,372,493,312,68,44
"G2700750","1940","Minnesota","270","Lake","0750","Lake","33","750",37,128,160,1356,340,258,82,61,3,21,84,121,896,314,294,154,50,0
"G2700770","1940","Minnesota","270","Lake Of The Woods","0770","Lake Of The Woods","33","770",21,190,229,1024,198,134,76,26,6,10,64,104,597,177,147,107,18,3
"G2700790","1940","Minnesota","270","Le Sueur","0790","Le Sueur","33","790",29,480,567,3270,546,444,186,186,137,36,374,488,2512,524,685,433,127,114
"G2700810","1940","Minnesota","270","Lincoln","0810","Lincoln","33","810",26,203,340,1929,256,195,84,75,17,21,112,233,1521,236,247,181,36,15
"G2700830","1940","Minnesota","270","Lyon","0830","Lyon","33","830",60,298,594,3361,698,619,273,214,26,34,193,416,2567,679,819,489,154,34
"G2700850","1940","Minnesota","270","McLeod","0850","Mcleod","33","850",51,597,763,3495,515,447,167,176,72,48,482,677,3076,451,589,339,104,55
"G2700870","1940","Minnesota","270","Mahnomen","0870","Mahnomen","33","870",64,250,298,1085,171,113,58,44,14,44,138,201,750,168,136,133,22,6
"G2700890","1940","Minnesota","270","Marshall","0890","Marshall","33","890",72,618,677,3028,382,291,120,109,30,45,345,481,2015,366,406,339,64,16
"G2700910","1940","Minnesota","270","Martin","0910","Martin","33","910",35,290,655,3827,792,669,327,240,187,32,212,452,2990,818,900,683,154,138
"G2700930","1940","Minnesota","270","Meeker","0930","Meeker","33","930",56,474,605,3372,435,385,157,116,63,40,291,465,2533,465,492,437,79,29
"G2700950","1940","Minnesota","270","Mille Lacs","0950","Mille Lacs","33","950",68,381,549,2584,399,313,109,115,27,70,231,398,2012,401,436,286,83,22
"G2700970","1940","Minnesota","270","Morrison","0970","Morrison","33","970",183,996,1082,3701,459,357,183,165,44,136,754,773,2983,546,531,447,124,23
"G2700990","1940","Minnesota","270","Mower","0990","Mower","33","990",41,418,759,5288,1391,1266,501,387,117,43,290,577,4015,1495,1692,923,305,67
"G2701010","1940","Minnesota","270","Murray","1010","Murray","33","1010",35,249,462,2576,420,359,111,84,17,17,172,289,1754,390,446,304,48,10
"G2701030","1940","Minnesota","270","Nicollet","1030","Nicollet","33","1030",13,211,391,3689,532,449,299,199,123,21,166,347,2690,486,626,474,184,302
"G2701050","1940","Minnesota","270","Nobles","1050","Nobles","33","1050",21,223,553,3499,629,498,206,198,58,18,139,402,2711,669,690,499,135,41
"G2701070","1940","Minnesota","270","Norman","1070","Norman","33","1070",18,303,569,2661,380,272,132,105,30,17,182,388,1861,333,319,396,62,7
"G2701090","1940","Minnesota","270","Olmsted","1090","Olmsted","33","1090",53,373,744,5795,1543,1478,731,968,115,50,276,548,5060,1856,2861,1602,698,82
"G2701110","1940","Minnesota","270","Otter Tail","1110","Otter Tail","33","1110",419,1598,2331,8344,1065,939,555,402,186,286,1087,1569,6673,1201,1346,1145,266,138
"G2701130","1940","Minnesota","270","Pennington","1130","Pennington","33","1130",38,326,433,1989,343,354,144,133,8,30,215,313,1465,326,461,288,75,10
"G2701150","1940","Minnesota","270","Pine","1150","Pine","33","1150",219,754,711,3737,592,403,166,142,20,113,393,468,2590,598,529,352,71,16
"G2701170","1940","Minnesota","270","Pipestone","1170","Pipestone","33","1170",13,125,350,2291,393,398,115,117,17,16,80,264,1756,387,585,265,91,13
"G2701190","1940","Minnesota","270","Polk","1190","Polk","33","1190",120,983,1435,5960,1042,866,406,295,90,94,598,982,4353,1024,1218,900,189,68
"G2701210","1940","Minnesota","270","Pope","1210","Pope","33","1210",36,308,477,2208,504,321,135,110,10,33,207,339,1649,405,358,355,58,4
"G2701230","1940","Minnesota","270","Ramsey","1230","Ramsey","33","1230",1278,4052,6272,37645,13680,14038,5578,6916,597,1298,3657,6384,39260,15943,21000,6803,4293,598
"G2701250","1940","Minnesota","270","Red Lake","1250","Red Lake","33","1250",93,294,288,985,139,114,48,59,21,49,162,180,701,179,127,146,26,9
"G2701270","1940","Minnesota","270","Redwood","1270","Redwood","33","1270",39,325,580,3842,555,537,183,191,25,28,251,447,2897,569,745,484,124,17
"G2701290","1940","Minnesota","270","Renville","1290","Renville","33","1290",49,623,892,4139,637,585,196,188,35,49,432,634,3076,557,782,463,126,12
"G2701310","1940","Minnesota","270","Rice","1310","Rice","33","1310",346,466,749,4079,1079,792,387,510,529,270,375,572,3474,1140,1353,752,460,568
"G2701330","1940","Minnesota","270","Rock","1330","Rock","33","1330",13,115,283,2087,319,228,99,88,17,9,57,175,1599,296,407,205,65,14
"G2701350","1940","Minnesota","270","Roseau","1350","Roseau","33","1350",67,519,652,2397,272,225,115,92,27,50,287,393,1590,293,257,278,38,21
"G2701370","1940","Minnesota","270","St Louis","1370","St Louis","33","1370",3113,7943,6668,22909,9640,7593,3144,2967,423,2349,5297,4883,18141,9580,9561,4994,2556,265
"G2701390","1940","Minnesota","270","Scott","1390","Scott","33","1390",25,568,788,2428,340,308,149,129,163,19,405,574,1883,312,355,235,74,111
"G2701410","1940","Minnesota","270","Sherburne","1410","Sherburne","33","1410",34,238,346,1751,387,251,140,86,17,9,105,194,1194,245,259,257,81,17
"G2701430","1940","Minnesota","270","Sibley","1430","Sibley","33","1430",32,481,746,2805,407,307,144,86,88,25,365,636,2150,348,382,252,55,54
"G2701450","1940","Minnesota","270","Stearns","1450","Stearns","33","1450",160,1329,2159,9180,1517,1251,752,722,218,98,970,1815,7958,1377,1624,1230,547,114
"G2701470","1940","Minnesota","270","Steele","1470","Steele","33","1470",17,276,531,3056,587,625,228,239,104,13,205,428,2526,616,885,491,156,83
"G2701490","1940","Minnesota","270","Stevens","1490","Stevens","33","1490",34,147,261,1781,355,308,163,90,15,21,98,174,1316,338,376,306,51,15
"G2701510","1940","Minnesota","270","Swift","1510","Swift","33","1510",45,322,476,2563,385,348,172,122,20,32,240,368,1845,416,448,360,102,9
"G2701530","1940","Minnesota","270","Todd","1530","Todd","33","1530",88,812,1063,4118,559,436,229,160,35,60,503,749,3390,727,661,483,97,20
"G2701550","1940","Minnesota","270","Traverse","1550","Traverse","33","1550",15,201,228,1352,260,212,88,66,15,7,125,146,982,235,219,238,46,4
"G2701570","1940","Minnesota","270","Wabasha","1570","Wabasha","33","1570",14,249,432,2948,521,475,219,164,135,13,172,389,2352,567,630,476,120,106
"G2701590","1940","Minnesota","270","Wadena","1590","Wadena","33","1590",106,449,437,1708,287,257,72,91,10,101,285,285,1416,336,328,221,62,7
"G2701610","1940","Minnesota","270","Waseca","1610","Waseca","33","1610",34,348,526,2411,411,380,167,121,34,26,237,440,1890,449,507,413,82,17
"G2701630","1940","Minnesota","270","Washington","1630","Washington","33","1630",118,563,1021,4649,1100,936,339,316,53,31,266,608,3433,907,1279,473,223,50
"G2701650","1940","Minnesota","270","Watonwan","1650","Watonwan","33","1650",12,143,335,2390,424,339,191,131,104,11,113,266,1841,372,491,332,148,116
"G2701670","1940","Minnesota","270","Wilkin","1670","Wilkin","33","1670",21,214,295,1648,376,220,105,65,39,17,131,216,1196,322,295,281,57,10
"G2701690","1940","Minnesota","270","Winona","1690","Winona","33","1690",79,649,1156,5625,1179,1225,589,493,86,86,571,1050,4940,1244,1531,1020,408,71
"G2701710","1940","Minnesota","270","Wright","1710","Wright","33","1710",194,941,994,4374,616,570,244,199,67,131,648,744,3553,656,782,558,118,34
"G2701730","1940","Minnesota","270","Yellow Medicine","1730","Yellow Medicine","33","1730",59,265,665,2810,526,403,178,142,23,53,197,457,2151,438,492,356,101,15
"G2800010","1940","Mississippi","280","Adams","0010","Adams","46","10",740,2091,1183,1052,735,633,244,239,47,711,1784,1403,1247,1041,994,294,209,48
"G2800030","1940","Mississippi","280","Alcorn","0030","Alcorn","46","30",277,1169,1122,2261,858,435,181,172,81,208,942,1179,2371,1025,631,244,166,69
"G2800050","1940","Mississippi","280","Amite","0050","Amite","46","50",398,1275,872,1154,570,235,132,94,105,292,804,901,1169,719,377,166,96,74
"G2800070","1940","Mississippi","280","Attala","0070","Attala","46","70",390,1618,1068,1727,1067,430,182,166,158,268,1048,1107,1871,1298,695,248,130,130
"G2800090","1940","Mississippi","280","Benton","0090","Benton","46","90",198,608,433,663,241,115,25,24,21,124,477,460,633,289,157,46,21,19
"G2800110","1940","Mississippi","280","Bolivar","0110","Bolivar","46","110",2024,6987,2951,1929,1024,732,446,353,80,1647,6250,3459,2253,1181,860,555,414,57
"G2800130","1940","Mississippi","280","Calhoun","0130","Calhoun","46","130",180,783,774,1550,783,395,146,90,146,103,568,699,1507,848,453,165,85,128
"G2800150","1940","Mississippi","280","Carroll","0150","Carroll","46","150",293,1472,963,1034,352,168,110,64,106,181,990,1016,1118,496,285,139,62,97
"G2800170","1940","Mississippi","280","Chickasaw","0170","Chickasaw","46","170",194,974,818,1241,584,361,149,122,387,122,717,827,1299,729,533,210,142,366
"G2800190","1940","Mississippi","280","Choctaw","0190","Choctaw","46","190",113,468,510,1050,468,206,103,64,74,78,363,452,972,581,317,125,48,66
"G2800210","1940","Mississippi","280","Claiborne","0210","Claiborne","46","210",236,1133,649,577,160,160,85,114,9,254,880,701,706,237,241,131,117,8
"G2800230","1940","Mississippi","280","Clarke","0230","Clarke","46","230",415,1221,766,1116,528,258,116,103,107,321,986,883,1270,645,394,173,75,69
"G2800250","1940","Mississippi","280","Clay","0250","Clay","46","250",206,1086,678,973,484,322,177,139,60,209,962,783,1106,647,468,274,177,63
"G2800270","1940","Mississippi","280","Coahoma","0270","Coahoma","46","270",1495,4888,2159,1542,881,752,432,323,95,1075,4299,2782,1862,986,885,498,359,64
"G2800290","1940","Mississippi","280","Copiah","0290","Copiah","46","290",552,2279,1453,1480,1027,528,309,231,84,350,1611,1580,1702,1232,822,452,260,74
"G2800310","1940","Mississippi","280","Covington","0310","Covington","46","310",171,642,708,1204,508,237,96,101,29,164,534,648,1102,560,269,142,98,21
"G2800330","1940","Mississippi","280","DeSoto","0330","De Soto","46","330",297,2326,1253,1025,412,304,119,97,549,245,1730,1474,1086,497,380,190,129,478
"G2800350","1940","Mississippi","280","Forrest","0350","Forrest","46","350",399,1383,1151,1924,1571,1137,580,487,94,314,1150,1268,1919,1909,1483,867,557,83
"G2800370","1940","Mississippi","280","Franklin","0370","Franklin","46","370",352,726,525,788,310,162,76,65,9,298,447,536,805,414,251,95,42,4
"G2800390","1940","Mississippi","280","George","0390","George","46","390",125,428,380,515,276,136,66,60,38,60,260,330,488,326,187,113,42,26
"G2800410","1940","Mississippi","280","Greene","0410","Greene","46","410",98,598,339,469,306,136,78,56,20,79,360,377,515,327,196,96,31,14
"G2800430","1940","Mississippi","280","Grenada","0430","Grenada","46","430",325,1255,758,861,546,317,153,118,117,274,972,912,918,549,440,228,183,56
"G2800450","1940","Mississippi","280","Hancock","0450","Hancock","46","450",192,581,470,749,297,257,125,134,17,166,450,540,749,359,364,136,84,12
"G2800470","1940","Mississippi","280","Harrison","0470","Harrison","46","470",811,2312,2186,3164,1922,1594,932,889,329,634,1751,2115,2997,2235,2220,1143,681,121
"G2800490","1940","Mississippi","280","Hinds","0490","Hinds","46","490",935,5059,3968,4766,3465,3729,2380,2215,350,715,3993,4463,5574,4662,5259,3011,2100,289
"G2800510","1940","Mississippi","280","Holmes","0510","Holmes","46","510",716,2950,1958,1470,711,501,273,202,33,499,2384,2227,1883,800,697,409,231,25
"G2800530","1940","Mississippi","280","Humphreys","0530","Humphreys","46","530",812,2463,1149,791,440,233,160,97,11,531,1891,1390,927,530,319,176,119,10
"G2800550","1940","Mississippi","280","Issaquena","0550","Issaquena","46","550",286,747,209,161,82,46,37,19,5,221,605,328,172,86,59,30,16,7
"G2800570","1940","Mississippi","280","Itawamba","0570","Itawamba","46","570",147,609,815,1851,576,228,131,47,34,129,495,850,1990,551,229,100,27,54
"G2800590","1940","Mississippi","280","Jackson","0590","Jackson","46","590",317,973,892,1246,708,580,247,205,73,195,642,801,1260,871,764,258,182,55
"G2800610","1940","Mississippi","280","Jasper","0610","Jasper","46","610",226,1018,684,1083,651,258,120,106,58,131,661,801,1119,708,430,164,83,49
"G2800630","1940","Mississippi","280","Jefferson","0630","Jefferson","46","630",507,1233,596,445,206,149,66,47,47,392,957,711,567,298,240,109,62,28
"G2800650","1940","Mississippi","280","Jefferson Davis","0650","Jefferson Davis","46","650",181,800,636,833,461,206,104,70,30,150,562,671,901,538,247,155,70,33
"G2800670","1940","Mississippi","280","Jones","0670","Jones","46","670",764,2289,1953,2952,1617,993,504,421,73,556,1784,2029,3228,1921,1384,651,320,51
"G2800690","1940","Mississippi","280","Kemper","0690","Kemper","46","690",518,1365,815,1041,492,240,104,77,51,440,1090,826,1156,576,351,162,73,46
"G2800710","1940","Mississippi","280","Lafayette","0710","Lafayette","46","710",168,1115,900,1249,666,393,169,258,98,143,824,921,1291,732,566,299,226,93
"G2800730","1940","Mississippi","280","Lamar","0730","Lamar","46","730",143,499,492,795,418,218,85,71,32,101,364,470,788,510,271,118,74,25
"G2800750","1940","Mississippi","280","Lauderdale","0750","Lauderdale","46","750",1020,2549,2072,3093,2411,1528,756,580,170,961,2191,2264,3452,3400,2396,950,593,132
"G2800770","1940","Mississippi","280","Lawrence","0770","Lawrence","46","770",234,672,553,754,467,220,87,81,40,156,465,560,799,552,282,123,78,34
"G2800790","1940","Mississippi","280","Leake","0790","Leake","46","790",429,1021,839,1605,838,326,134,103,150,283,663,763,1650,965,443,207,87,146
"G2800810","1940","Mississippi","280","Lee","0810","Lee","46","810",434,1698,1476,2620,1535,727,407,291,65,307,1377,1513,2852,1860,1012,456,293,56
"G2800830","1940","Mississippi","280","Leflore","0830","Leflore","46","830",1478,4545,2367,1707,942,895,525,411,57,992,3985,2832,2117,1181,1128,625,438,53
"G2800850","1940","Mississippi","280","Lincoln","0850","Lincoln","46","850",361,1419,1018,1369,911,524,283,197,220,300,950,998,1591,1095,820,357,218,196
"G2800870","1940","Mississippi","280","Lowndes","0870","Lowndes","46","870",659,2038,1337,1446,1171,586,381,298,190,614,1813,1446,1723,1425,923,547,434,147
"G2800890","1940","Mississippi","280","Madison","0890","Madison","46","890",909,3136,1497,1165,565,492,259,219,55,746,2430,1908,1477,703,641,371,228,59
"G2800910","1940","Mississippi","280","Marion","0910","Marion","46","910",298,1234,988,1333,807,460,226,142,43,207,821,961,1393,915,630,285,149,23
"G2800930","1940","Mississippi","280","Marshall","0930","Marshall","46","930",393,1726,1168,1129,407,264,135,132,196,322,1254,1470,1234,486,383,294,132,183
"G2800950","1940","Mississippi","280","Monroe","0950","Monroe","46","950",628,1717,1559,2372,1205,507,280,194,144,459,1351,1673,2577,1462,767,363,242,92
"G2800970","1940","Mississippi","280","Montgomery","0970","Montgomery","46","970",224,744,633,998,489,270,110,77,88,150,499,650,1023,643,409,185,73,62
"G2800990","1940","Mississippi","280","Neshoba","0990","Neshoba","46","990",378,986,956,1767,1000,460,185,140,170,221,700,893,1882,1184,545,244,138,167
"G2801010","1940","Mississippi","280","Newton","1010","Newton","46","1010",298,819,944,1781,716,555,229,137,90,220,642,838,1725,875,713,257,143,72
"G2801030","1940","Mississippi","280","Noxubee","1030","Noxubee","46","1030",699,1873,811,779,406,297,206,111,90,632,1656,941,980,558,413,221,137,83
"G2801050","1940","Mississippi","280","Oktibbeha","1050","Oktibbeha","46","1050",395,1110,768,976,476,304,244,413,45,371,920,906,1124,607,529,347,271,42
"G2801070","1940","Mississippi","280","Panola","1070","Panola","46","1070",490,2493,1542,1806,875,530,217,158,178,295,1931,1724,1702,1036,629,339,173,118
"G2801090","1940","Mississippi","280","Pearl River","1090","Pearl River","46","1090",296,969,778,1063,663,414,265,150,88,182,652,703,1012,799,558,302,135,50
"G2801110","1940","Mississippi","280","Perry","1110","Perry","46","1110",120,568,432,515,223,171,65,49,13,59,419,356,499,329,208,97,34,10
"G2801130","1940","Mississippi","280","Pike","1130","Pike","46","1130",540,1718,1304,1929,1211,716,438,277,118,419,1280,1451,2085,1509,1144,570,300,88
"G2801150","1940","Mississippi","280","Pontotoc","1150","Pontotoc","46","1150",178,880,853,1850,866,311,145,97,117,107,576,783,1931,1040,405,235,101,94
"G2801170","1940","Mississippi","280","Prentiss","1170","Prentiss","46","1170",273,880,787,1587,554,310,133,113,195,194,744,831,1688,651,374,183,83,193
"G2801190","1940","Mississippi","280","Quitman","1190","Quitman","46","1190",637,2759,1264,988,484,249,142,107,43,380,2332,1277,895,520,332,170,117,18
"G2801210","1940","Mississippi","280","Rankin","1210","Rankin","46","1210",711,1741,1198,1441,824,460,264,163,267,549,1259,1191,1555,1009,698,326,130,336
"G2801230","1940","Mississippi","280","Scott","1230","Scott","46","1230",334,1192,827,1201,742,466,198,148,160,231,820,809,1287,817,595,277,129,107
"G2801250","1940","Mississippi","280","Sharkey","1250","Sharkey","46","1250",433,1505,677,499,276,144,98,91,21,242,1277,821,545,287,217,121,72,13
"G2801270","1940","Mississippi","280","Simpson","1270","Simpson","46","1270",407,865,855,1396,772,369,173,169,86,312,633,790,1404,914,481,249,116,62
"G2801290","1940","Mississippi","280","Smith","1290","Smith","46","1290",186,715,673,1343,709,330,138,97,65,106,457,647,1306,756,366,171,75,64
"G2801310","1940","Mississippi","280","Stone","1310","Stone","46","1310",97,275,218,403,236,152,77,41,21,66,199,228,361,280,197,101,45,15
"G2801330","1940","Mississippi","280","Sunflower","1330","Sunflower","46","1330",1965,5739,2792,2224,1095,636,433,318,52,1211,4259,2965,2349,1192,742,511,371,48
"G2801350","1940","Mississippi","280","Tallahatchie","1350","Tallahatchie","46","1350",840,3322,1287,1155,606,368,157,132,170,642,2772,1531,1291,667,491,255,141,139
"G2801370","1940","Mississippi","280","Tate","1370","Tate","46","1370",447,1464,832,930,366,258,131,93,71,339,1060,999,961,450,342,214,114,66
"G2801390","1940","Mississippi","280","Tippah","1390","Tippah","46","1390",191,788,681,1466,735,358,123,84,75,109,588,680,1503,770,400,194,124,78
"G2801410","1940","Mississippi","280","Tishomingo","1410","Tishomingo","46","1410",195,651,721,1494,452,207,85,54,40,119,555,741,1622,474,230,137,27,35
"G2801430","1940","Mississippi","280","Tunica","1430","Tunica","46","1430",994,2621,989,545,225,185,100,73,31,739,2300,1193,615,271,220,136,65,14
"G2801450","1940","Mississippi","280","Union","1450","Union","46","1450",165,796,834,1884,884,348,156,111,36,140,579,845,1940,1077,459,246,111,34
"G2801470","1940","Mississippi","280","Walthall","1470","Walthall","46","1470",233,731,540,595,416,218,125,74,767,146,546,542,593,450,290,143,80,694
"G2801490","1940","Mississippi","280","Warren","1490","Warren","46","1490",649,2675,1997,1908,1316,1107,517,523,158,646,2304,2075,2235,1832,1791,571,320,168
"G2801510","1940","Mississippi","280","Washington","1510","Washington","46","1510",2039,6944,2892,2340,1283,1055,657,521,114,1585,6093,3443,2811,1547,1363,750,477,90
"G2801530","1940","Mississippi","280","Wayne","1530","Wayne","46","1530",277,862,752,908,420,228,108,66,48,206,636,735,964,502,295,150,52,32
"G2801550","1940","Mississippi","280","Webster","1550","Webster","46","1550",107,451,414,1064,463,217,91,64,405,64,339,371,1051,555,300,133,76,371
"G2801570","1940","Mississippi","280","Wilkinson","1570","Wilkinson","46","1570",507,1392,644,616,255,169,88,81,20,372,1097,649,682,287,257,111,87,12
"G2801590","1940","Mississippi","280","Winston","1590","Winston","46","1590",219,1027,860,1533,692,310,165,122,103,158,717,780,1541,803,505,202,110,108
"G2801610","1940","Mississippi","280","Yalobusha","1610","Yalobusha","46","1610",226,1024,708,1108,610,300,127,118,60,157,756,751,1158,733,505,209,126,47
"G2801630","1940","Mississippi","280","Yazoo","1630","Yazoo","46","1630",663,3707,1682,1311,827,603,276,195,141,566,2936,1918,1482,991,757,415,228,136
"G2900010","1940","Missouri","290","Adair","0010","Adair","34","10",80,565,637,2702,621,583,384,313,38,47,349,553,2655,815,776,513,329,15
"G2900030","1940","Missouri","290","Andrew","0030","Andrew","34","30",39,213,315,2279,493,395,169,112,13,14,125,249,1969,650,536,283,90,13
"G2900050","1940","Missouri","290","Atchison","0050","Atchison","34","50",26,192,314,1780,493,483,260,171,25,12,85,216,1400,546,666,393,173,7
"G2900070","1940","Missouri","290","Audrain","0070","Audrain","34","70",112,387,525,3250,1009,790,340,257,75,91,275,382,2906,1105,1098,651,236,37
"G2900090","1940","Missouri","290","Barry","0090","Barry","34","90",157,679,827,3016,637,597,213,136,89,96,460,634,2949,772,728,271,104,72
"G2900110","1940","Missouri","290","Barton","0110","Barton","34","110",43,312,429,2276,463,349,156,89,75,24,174,315,2032,585,492,304,85,55
"G2900130","1940","Missouri","290","Bates","0130","Bates","34","130",74,453,578,3209,704,523,210,139,68,38,232,451,2842,854,778,364,120,51
"G2900150","1940","Missouri","290","Benton","0150","Benton","34","150",84,431,556,1693,205,178,76,64,20,53,332,451,1567,244,261,114,55,17
"G2900170","1940","Missouri","290","Bollinger","0170","Bollinger","34","170",115,638,570,1472,208,140,82,37,72,77,482,560,1450,199,112,88,27,67
"G2900190","1940","Missouri","290","Boone","0190","Boone","34","190",201,858,899,4065,1044,1155,774,1144,41,129,529,716,4058,1235,1724,1314,1066,62
"G2900210","1940","Missouri","290","Buchanan","0210","Buchanan","34","210",661,2220,3101,12411,3905,4037,1509,1192,166,496,1610,2630,12867,4604,5682,1820,923,100
"G2900230","1940","Missouri","290","Butler","0230","Butler","34","230",333,2124,1395,2956,641,555,218,175,196,222,1562,1323,2771,783,680,266,102,148
"G2900250","1940","Missouri","290","Caldwell","0250","Caldwell","34","250",29,208,345,1755,486,464,181,101,30,14,118,234,1513,639,630,317,98,18
"G2900270","1940","Missouri","290","Callaway","0270","Callaway","34","270",209,619,795,3192,635,484,355,249,1275,112,320,569,2690,717,689,692,213,1003
"G2900290","1940","Missouri","290","Camden","0290","Camden","34","290",81,337,323,1111,177,128,63,71,193,40,212,286,1007,193,162,90,41,169
"G2900310","1940","Missouri","290","Cape Girardeau","0310","Cape Girardeau","34","310",118,1239,1389,4124,1270,965,599,466,284,88,1034,1409,4199,1304,1161,719,448,188
"G2900330","1940","Missouri","290","Carroll","0330","Carroll","34","330",71,327,481,2914,605,601,234,154,32,36,181,314,2711,765,803,394,123,23
"G2900350","1940","Missouri","290","Carter","0350","Carter","34","350",80,230,221,736,95,112,26,27,12,38,173,178,631,125,116,32,16,17
"G2900370","1940","Missouri","290","Cass","0370","Cass","34","370",61,370,570,3131,734,753,309,179,56,27,214,340,2807,863,938,550,177,45
"G2900390","1940","Missouri","290","Cedar","0390","Cedar","34","390",61,359,573,1769,363,228,77,45,63,35,210,432,1710,474,304,143,46,56
"G2900410","1940","Missouri","290","Chariton","0410","Chariton","34","410",144,524,604,2809,581,545,189,139,43,76,294,434,2441,717,706,366,113,22
"G2900430","1940","Missouri","290","Christian","0430","Christian","34","430",82,563,577,1715,384,259,113,76,27,54,301,487,1708,459,335,163,55,16
"G2900450","1940","Missouri","290","Clark","0450","Clark","34","450",49,165,371,1807,301,306,102,67,7,26,97,243,1649,374,375,198,64,5
"G2900470","1940","Missouri","290","Clay","0470","Clay","34","470",141,595,918,3921,1473,1276,631,455,142,77,346,703,3472,1696,1857,900,375,88
"G2900490","1940","Missouri","290","Clinton","0490","Clinton","34","490",42,289,374,1779,526,596,265,167,17,15,141,275,1704,609,755,404,202,7
"G2900510","1940","Missouri","290","Cole","0510","Cole","34","510",285,1150,1540,4447,1357,1366,665,819,44,92,639,1144,3512,1095,1646,788,466,24
"G2900530","1940","Missouri","290","Cooper","0530","Cooper","34","530",110,453,544,2699,507,486,258,184,66,59,316,408,2499,608,667,394,137,42
"G2900550","1940","Missouri","290","Crawford","0550","Crawford","34","550",133,578,487,1565,254,212,101,75,87,58,366,471,1475,312,228,106,46,68
"G2900570","1940","Missouri","290","Dade","0570","Dade","34","570",59,321,315,1725,361,259,105,69,90,29,189,231,1722,371,378,168,56,52
"G2900590","1940","Missouri","290","Dallas","0590","Dallas","34","590",62,403,393,1629,276,182,68,41,79,30,209,336,1432,369,246,116,39,75
"G2900610","1940","Missouri","290","Daviess","0610","Daviess","34","610",30,192,364,2279,532,554,199,104,27,12,102,249,1944,570,662,324,95,10
"G2900630","1940","Missouri","290","DeKalb","0630","De Kalb","34","630",15,93,147,1942,354,306,135,70,9,8,50,83,1703,405,402,216,69,9
"G2900650","1940","Missouri","290","Dent","0650","Dent","34","650",79,500,440,1523,261,187,107,89,46,34,315,351,1541,270,246,133,38,25
"G2900670","1940","Missouri","290","Douglas","0670","Douglas","34","670",155,685,606,1758,304,195,83,42,40,94,398,494,1751,301,263,108,39,26
"G2900690","1940","Missouri","290","Dunklin","0690","Dunklin","34","690",606,2628,1698,3214,926,718,278,200,298,364,1944,1840,3222,1036,741,353,131,269
"G2900710","1940","Missouri","290","Franklin","0710","Franklin","34","710",131,1188,1692,4945,763,653,232,261,146,96,992,1613,4603,808,751,292,176,119
"G2900730","1940","Missouri","290","Gasconade","0730","Gasconade","34","730",64,360,530,2321,201,168,84,90,23,61,319,539,2184,173,178,68,32,14
"G2900750","1940","Missouri","290","Gentry","0750","Gentry","34","750",26,107,249,2326,536,459,207,96,19,15,59,164,2151,566,588,327,114,13
"G2900770","1940","Missouri","290","Greene","0770","Greene","34","770",540,2187,2483,10357,3842,3706,1683,1284,238,314,1463,2146,10525,4698,5186,2047,1251,251
"G2900790","1940","Missouri","290","Grundy","0790","Grundy","34","790",34,354,538,2426,558,488,271,142,58,12,216,413,2170,737,706,352,120,52
"G2900810","1940","Missouri","290","Harrison","0810","Harrison","34","810",58,230,433,2760,600,536,191,131,11,31,128,381,2446,705,681,327,106,7
"G2900830","1940","Missouri","290","Henry","0830","Henry","34","830",80,605,613,3479,752,652,304,171,52,62,339,526,3180,937,944,550,164,41
"G2900850","1940","Missouri","290","Hickory","0850","Hickory","34","850",63,228,269,956,151,150,62,26,6,16,124,188,961,203,166,94,21,6
"G2900870","1940","Missouri","290","Holt","0870","Holt","34","870",32,267,328,1838,523,534,163,106,18,17,150,234,1548,577,684,270,80,18
"G2900890","1940","Missouri","290","Howard","0890","Howard","34","890",161,438,377,1737,480,354,291,187,29,93,285,283,1513,516,517,462,211,15
"G2900910","1940","Missouri","290","Howell","0910","Howell","34","910",147,720,844,2594,535,489,279,147,146,92,441,714,2587,674,692,328,104,130
"G2900930","1940","Missouri","290","Iron","0930","Iron","34","930",65,630,470,951,149,127,59,50,66,46,424,432,965,170,200,86,32,90
"G2900950","1940","Missouri","290","Jackson","0950","Jackson","34","950",2608,9436,12618,48217,23840,27907,11995,10639,1365,2213,7266,11731,48695,29059,40832,14228,7201,1145
"G2900970","1940","Missouri","290","Jasper","0970","Jasper","34","970",314,1761,2261,9110,3195,2785,1273,920,374,266,1416,2410,9512,3960,4132,1541,704,341
"G2900990","1940","Missouri","290","Jefferson","0990","Jefferson","34","990",182,1192,1498,4358,861,701,250,262,78,131,910,1352,4010,912,814,307,179,61
"G2901010","1940","Missouri","290","Johnson","1010","Johnson","34","1010",139,481,636,3115,717,619,445,320,70,73,259,424,2810,815,772,898,467,54
"G2901030","1940","Missouri","290","Knox","1030","Knox","34","1030",33,114,247,1597,415,274,91,57,17,14,57,167,1406,432,385,175,47,13
"G2901050","1940","Missouri","290","Laclede","1050","Laclede","34","1050",164,751,690,2300,387,370,143,128,45,81,488,606,2325,439,477,197,97,33
"G2901070","1940","Missouri","290","Lafayette","1070","Lafayette","34","1070",173,952,1058,3814,835,818,415,305,96,110,552,876,3616,1019,1008,624,281,78
"G2901090","1940","Missouri","290","Lawrence","1090","Lawrence","34","1090",112,677,847,3440,781,772,286,211,51,58,451,742,3343,967,1017,399,161,44
"G2901110","1940","Missouri","290","Lewis","1110","Lewis","34","1110",76,251,315,1702,507,418,214,159,24,37,159,207,1554,551,550,334,153,17
"G2901130","1940","Missouri","290","Lincoln","1130","Lincoln","34","1130",76,459,576,2457,441,300,166,118,27,52,303,467,2183,476,436,267,98,22
"G2901150","1940","Missouri","290","Linn","1150","Linn","34","1150",71,419,552,3366,818,847,230,174,46,36,245,460,3142,1011,1105,370,159,27
"G2901170","1940","Missouri","290","Livingston","1170","Livingston","34","1170",78,281,447,2645,625,655,308,188,91,44,131,340,2497,786,900,469,166,63
"G2901190","1940","Missouri","290","McDonald","1190","Mcdonald","34","1190",93,502,584,2035,404,288,135,79,70,47,293,440,1926,486,437,177,62,41
"G2901210","1940","Missouri","290","Macon","1210","Macon","34","1210",125,635,631,3666,657,604,238,151,55,74,312,505,3512,805,814,376,150,53
"G2901230","1940","Missouri","290","Madison","1230","Madison","34","1230",97,319,344,1193,192,216,91,80,1,80,243,318,1142,257,226,113,53,1
"G2901250","1940","Missouri","290","Maries","1250","Maries","34","1250",95,385,387,1158,138,106,44,25,11,75,294,314,1024,145,101,63,15,6
"G2901270","1940","Missouri","290","Marion","1270","Marion","34","1270",177,677,1016,4255,1486,1024,397,333,117,131,452,879,4166,1863,1561,551,288,90
"G2901290","1940","Missouri","290","Mercer","1290","Mercer","34","1290",28,143,228,1652,250,236,71,50,21,9,110,150,1485,299,268,128,37,18
"G2901310","1940","Missouri","290","Miller","1310","Miller","34","1310",106,418,453,2203,333,277,124,87,39,64,278,398,2116,397,337,160,69,25
"G2901330","1940","Missouri","290","Mississippi","1330","Mississippi","34","1330",423,1733,1113,1524,450,329,122,104,76,224,1053,1069,1399,495,376,173,95,60
"G2901350","1940","Missouri","290","Moniteau","1350","Moniteau","34","1350",49,307,447,1973,286,268,140,83,17,24,186,361,1933,408,362,173,84,6
"G2901370","1940","Missouri","290","Monroe","1370","Monroe","34","1370",91,194,271,2354,644,412,156,91,27,47,113,175,1943,754,650,319,111,18
"G2901390","1940","Missouri","290","Montgomery","1390","Montgomery","34","1390",78,336,404,2088,393,301,150,89,43,60,222,333,1899,472,459,270,96,25
"G2901410","1940","Missouri","290","Morgan","1410","Morgan","34","1410",88,403,448,1538,224,228,102,68,38,29,250,403,1509,291,278,142,52,32
"G2901430","1940","Missouri","290","New Madrid","1430","New Madrid","34","1430",627,2719,1854,2548,706,473,188,152,133,359,1814,1628,2454,745,497,256,101,75
"G2901450","1940","Missouri","290","Newton","1450","Newton","34","1450",141,851,919,3612,853,752,361,199,244,92,521,814,3400,1089,1024,447,144,151
"G2901470","1940","Missouri","290","Nodaway","1470","Nodaway","34","1470",77,273,446,3902,1005,1028,433,327,39,32,159,322,3390,1210,1295,778,352,15
"G2901490","1940","Missouri","290","Oregon","1490","Oregon","34","1490",161,638,535,1480,231,214,72,35,29,132,427,465,1486,305,271,93,34,20
"G2901510","1940","Missouri","290","Osage","1510","Osage","34","1510",63,631,727,1564,187,129,61,46,61,41,503,635,1438,172,151,70,26,38
"G2901530","1940","Missouri","290","Ozark","1530","Ozark","34","1530",94,446,385,1334,143,122,52,22,42,47,308,331,1308,161,120,31,20,31
"G2901550","1940","Missouri","290","Pemiscot","1550","Pemiscot","34","1550",710,3405,2054,2910,952,626,290,183,183,468,2286,2068,2924,1010,658,363,130,127
"G2901570","1940","Missouri","290","Perry","1570","Perry","34","1570",55,445,815,2238,235,182,78,130,22,32,361,825,1933,273,211,70,28,9
"G2901590","1940","Missouri","290","Pettis","1590","Pettis","34","1590",228,815,1141,4625,1103,1069,527,309,143,159,594,995,4328,1411,1520,799,363,115
"G2901610","1940","Missouri","290","Phelps","1610","Phelps","34","1610",116,657,558,2354,300,348,208,297,55,61,389,531,2273,359,493,243,156,50
"G2901630","1940","Missouri","290","Pike","1630","Pike","34","1630",157,484,669,2788,622,642,236,171,53,84,295,532,2539,730,854,332,130,43
"G2901650","1940","Missouri","290","Platte","1650","Platte","34","1650",48,276,351,2308,481,452,256,179,12,31,118,198,1939,557,628,382,180,9
"G2901670","1940","Missouri","290","Polk","1670","Polk","34","1670",105,481,606,2484,490,373,252,133,88,50,302,492,2550,601,464,350,110,70
"G2901690","1940","Missouri","290","Pulaski","1690","Pulaski","34","1690",40,341,384,1540,280,227,74,53,43,24,212,360,1422,302,238,92,28,43
"G2901710","1940","Missouri","290","Putnam","1710","Putnam","34","1710",37,209,353,1941,271,275,87,54,41,25,136,338,1774,309,309,149,36,36
"G2901730","1940","Missouri","290","Ralls","1730","Ralls","34","1730",61,224,301,1679,421,251,114,61,41,28,102,226,1407,430,392,167,48,26
"G2901750","1940","Missouri","290","Randolph","1750","Randolph","34","1750",190,560,683,3570,1092,919,366,235,39,102,361,533,3447,1364,1470,525,211,30
"G2901770","1940","Missouri","290","Ray","1770","Ray","34","1770",98,697,830,2705,606,530,206,138,33,59,344,609,2492,702,667,316,149,14
"G2901790","1940","Missouri","290","Reynolds","1790","Reynolds","34","1790",107,510,381,946,124,104,40,40,5,63,357,356,879,139,99,46,19,12
"G2901810","1940","Missouri","290","Ripley","1810","Ripley","34","1810",152,674,590,1306,183,129,63,49,46,92,461,480,1271,241,159,78,35,28
"G2901830","1940","Missouri","290","St Charles","1830","St Charles","34","1830",91,761,1384,3818,548,401,215,244,120,51,589,1322,3695,590,511,317,238,206
"G2901850","1940","Missouri","290","St Clair","1850","St Clair","34","1850",69,362,412,1966,417,295,101,57,210,44,186,277,1780,522,388,171,60,179
"G2901860","1940","Missouri","290","Ste Genevieve","1860","Ste Genevieve","34","1930",53,456,668,1364,190,127,54,61,47,46,334,580,1272,200,144,63,42,20
"G2901870","1940","Missouri","290","St Francois","1870","St Francois","34","1870",334,1196,1483,3302,974,742,400,307,914,222,863,1371,3288,1204,979,572,243,931
"G2901890","1940","Missouri","290","St Louis","1890","St Louis","34","1890",856,4918,7410,31268,9497,10459,5255,9210,465,911,4395,7796,34505,11835,15518,6135,4932,436
"G2901950","1940","Missouri","290","Saline","1950","Saline","34","1950",412,823,1039,3734,1034,922,405,357,76,341,446,770,3520,1301,1271,722,370,49
"G2901970","1940","Missouri","290","Schuyler","1970","Schuyler","34","1970",32,51,79,1334,189,258,66,41,7,20,39,55,1243,238,299,106,46,4
"G2901990","1940","Missouri","290","Scotland","1990","Scotland","34","1990",33,83,155,1667,285,282,94,61,13,10,40,114,1556,360,373,161,59,12
"G2902010","1940","Missouri","290","Scott","2010","Scott","34","2010",226,1517,1337,2700,769,648,276,190,138,157,1132,1261,2551,877,664,376,143,121
"G2902030","1940","Missouri","290","Shannon","2030","Shannon","34","2030",159,580,497,1225,201,170,61,45,18,105,347,400,1141,243,216,82,26,5
"G2902050","1940","Missouri","290","Shelby","2050","Shelby","34","2050",37,212,311,1959,420,443,126,90,32,19,92,213,1890,469,584,224,82,12
"G2902070","1940","Missouri","290","Stoddard","2070","Stoddard","34","2070",330,1989,1330,2926,542,485,191,133,199,171,1298,1274,2880,628,480,256,88,165
"G2902090","1940","Missouri","290","Stone","2090","Stone","34","2090",129,510,447,1351,207,151,71,53,42,67,319,356,1259,238,207,125,44,39
"G2902110","1940","Missouri","290","Sullivan","2110","Sullivan","34","2110",52,236,396,2301,377,352,185,80,80,24,142,393,2197,401,426,206,72,50
"G2902130","1940","Missouri","290","Taney","2130","Taney","34","2130",95,433,411,1128,251,222,84,66,38,69,254,320,1046,293,292,120,53,37
"G2902150","1940","Missouri","290","Texas","2150","Texas","34","2150",90,751,752,2478,433,371,155,98,120,49,439,566,2384,561,441,198,68,104
"G2902170","1940","Missouri","290","Vernon","2170","Vernon","34","2170",159,596,665,4134,884,907,315,174,168,99,374,460,3784,1171,1131,532,251,132
"G2902190","1940","Missouri","290","Warren","2190","Warren","34","2190",36,225,463,1320,172,95,117,78,51,32,148,375,1267,197,146,122,64,43
"G2902210","1940","Missouri","290","Washington","2210","Washington","34","2210",474,1016,773,1488,175,135,88,84,107,279,725,674,1349,224,177,127,43,59
"G2902230","1940","Missouri","290","Wayne","2230","Wayne","34","2230",149,567,565,1344,260,198,91,53,56,103,432,496,1264,242,180,98,32,41
"G2902250","1940","Missouri","290","Webster","2250","Webster","34","2250",152,714,644,2172,369,282,124,85,64,69,421,576,2179,447,395,227,71,53
"G2902270","1940","Missouri","290","Worth","2270","Worth","34","2270",12,73,185,1026,227,177,84,54,3,3,31,174,909,246,220,159,52,8
"G2902290","1940","Missouri","290","Wright","2290","Wright","34","2290",177,773,564,2201,391,344,134,93,31,134,545,525,2212,488,358,184,46,26
"G2905100","1940","Missouri","290","St Louis City","5100","St Louis City","34","5100",5745,21763,31673,115188,29858,23806,9358,12431,2497,6043,22542,35281,127937,35544,32471,9219,7034,1802
"G3000010","1940","Montana","300","Beaverhead","0010","Beaverhead","64","10",41,142,171,1236,351,344,194,141,40,6,49,78,568,297,334,292,130,7
"G3000030","1940","Montana","300","Big Horn","0030","Big Horn","64","30",105,315,399,1122,415,299,145,106,10,96,152,253,738,308,311,207,76,4
"G3000050","1940","Montana","300","Blaine","0050","Blaine","64","50",99,231,320,1301,351,274,111,83,10,60,104,188,683,332,329,186,61,3
"G3000070","1940","Montana","300","Broadwater","0070","Broadwater","64","70",11,67,93,558,181,149,74,49,5,1,13,36,274,159,162,92,42,4
"G3000090","1940","Montana","300","Carbon","0090","Carbon","64","90",125,438,481,1552,339,398,134,112,19,121,284,315,1070,376,419,257,93,3
"G3000110","1940","Montana","300","Carter","0110","Carter","64","110",7,57,74,585,139,76,36,13,18,3,17,30,309,137,102,115,20,14
"G3000130","1940","Montana","300","Cascade","0130","Cascade","64","130",176,927,1161,5120,1843,1972,894,810,135,156,488,809,3525,1949,2682,1303,590,74
"G3000150","1940","Montana","300","Chouteau","0150","Chouteau","64","150",36,154,216,1249,274,286,126,61,4,15,59,84,710,296,330,211,72,1
"G3000170","1940","Montana","300","Custer","0170","Custer","64","170",61,207,250,1329,427,459,231,179,6,33,123,164,998,468,524,324,130,6
"G3000190","1940","Montana","300","Daniels","0190","Daniels","64","190",15,134,145,677,144,103,85,33,2,18,48,100,409,116,132,119,18,1
"G3000210","1940","Montana","300","Dawson","0210","Dawson","64","210",23,189,233,1240,297,279,134,98,11,22,110,181,788,305,330,290,86,6
"G3000230","1940","Montana","300","Deer Lodge","0230","Deer Lodge","64","230",121,391,410,1648,668,636,250,218,52,93,242,270,1126,654,801,348,132,41
"G3000250","1940","Montana","300","Fallon","0250","Fallon","64","250",22,78,90,508,134,79,41,31,3,11,56,77,349,124,121,97,17,2
"G3000270","1940","Montana","300","Fergus","0270","Fergus","64","270",53,255,346,1949,627,609,260,212,15,33,133,194,1299,609,779,428,181,36
"G3000290","1940","Montana","300","Flathead","0290","Flathead","64","290",69,486,718,3305,1078,918,448,321,47,38,243,408,2300,1117,1237,667,226,31
"G3000310","1940","Montana","300","Gallatin","0310","Gallatin","64","310",49,197,476,2249,783,717,498,493,98,18,84,247,1598,750,1028,665,388,85
"G3000330","1940","Montana","300","Garfield","0330","Garfield","64","330",7,56,73,458,87,76,27,22,2,2,22,37,245,69,89,78,26,0
"G3000350","1940","Montana","300","Glacier","0350","Glacier","64","350",85,286,289,967,447,352,146,130,11,85,144,177,526,355,356,213,78,7
"G3000370","1940","Montana","300","Golden Valley","0370","Golden Valley","64","370",3,47,42,240,70,69,29,12,0,3,18,24,135,62,55,52,15,2
"G3000390","1940","Montana","300","Granite","0390","Granite","64","390",16,68,108,571,180,154,68,61,24,3,33,28,302,166,162,100,39,3
"G3000410","1940","Montana","300","Hill","0410","Hill","64","410",97,281,372,1670,490,517,269,187,17,107,154,236,1069,494,583,394,140,11
"G3000430","1940","Montana","300","Jefferson","0430","Jefferson","64","430",25,96,125,688,210,147,76,83,112,21,29,50,395,165,208,101,56,97
"G3000450","1940","Montana","300","Judith Basin","0450","Judith Basin","64","450",21,105,126,532,161,204,53,30,4,9,40,54,285,145,169,122,39,0
"G3000470","1940","Montana","300","Lake","0470","Lake","64","470",81,308,392,1596,557,526,221,140,45,64,134,210,1164,583,572,326,99,19
"G3000490","1940","Montana","300","Lewis And Clark","0490","Lewis And Clark","64","490",91,376,461,2835,982,1067,657,629,113,45,165,269,1988,1051,1503,815,398,89
"G3000510","1940","Montana","300","Liberty","0510","Liberty","64","510",14,48,58,366,86,102,28,12,4,2,19,35,196,64,76,65,17,1
"G3000530","1940","Montana","300","Lincoln","0530","Lincoln","64","530",43,197,233,1165,390,281,132,91,6,17,58,123,709,334,341,187,59,1
"G3000550","1940","Montana","300","McCone","0550","Mccone","64","550",7,83,128,623,100,91,47,25,2,9,53,72,348,94,82,100,17,1
"G3000570","1940","Montana","300","Madison","0570","Madison","64","570",23,165,203,1115,367,326,156,108,21,12,43,75,606,309,300,253,86,9
"G3000590","1940","Montana","300","Meagher","0590","Meagher","64","590",8,59,83,443,117,101,58,29,0,1,9,30,196,69,92,101,33,0
"G3000610","1940","Montana","300","Mineral","0610","Mineral","64","610",18,98,101,305,120,112,47,27,6,4,39,48,170,91,89,62,18,0
"G3000630","1940","Montana","300","Missoula","0630","Missoula","64","630",142,548,673,3486,1347,1311,765,805,76,82,284,430,2297,1358,1657,955,641,48
"G3000650","1940","Montana","300","Musselshell","0650","Musselshell","64","650",69,198,221,775,202,192,84,64,13,45,105,141,509,205,196,159,58,5
"G3000670","1940","Montana","300","Park","0670","Park","64","670",38,187,305,1851,523,542,202,151,10,22,88,158,1123,595,662,326,118,8
"G3000690","1940","Montana","300","Petroleum","0690","Petroleum","64","690",7,21,28,186,50,42,21,10,0,4,5,11,89,34,28,57,12,0
"G3000710","1940","Montana","300","Phillips","0710","Phillips","64","710",32,200,267,1318,285,236,125,84,9,14,85,132,665,267,282,199,56,1
"G3000730","1940","Montana","300","Pondera","0730","Pondera","64","730",30,132,178,893,254,249,125,98,13,25,62,91,539,231,276,199,48,5
"G3000750","1940","Montana","300","Powder River","0750","Powder River","64","750",13,70,119,509,132,84,49,23,1,8,22,46,285,130,102,117,17,0
"G3000770","1940","Montana","300","Powell","0770","Powell","64","770",56,202,236,1082,348,282,127,89,10,6,47,95,501,304,284,150,63,0
"G3000790","1940","Montana","300","Prairie","0790","Prairie","64","790",19,66,92,345,73,81,22,16,0,20,44,62,231,71,68,61,8,0
"G3000810","1940","Montana","300","Ravalli","0810","Ravalli","64","810",46,211,337,1821,532,529,258,167,42,30,116,225,1242,560,595,371,119,15
"G3000830","1940","Montana","300","Richland","0830","Richland","64","830",48,202,309,1411,294,294,141,92,10,25,95,191,954,282,329,271,71,5
"G3000850","1940","Montana","300","Roosevelt","0850","Roosevelt","64","850",91,251,299,1180,286,297,123,81,16,81,143,220,803,289,296,244,57,11
"G3000870","1940","Montana","300","Rosebud","0870","Rosebud","64","870",79,200,201,806,277,198,87,75,6,75,125,124,478,250,243,150,53,2
"G3000890","1940","Montana","300","Sanders","0890","Sanders","64","890",34,155,205,1018,339,279,112,82,26,26,74,99,628,304,287,184,74,9
"G3000910","1940","Montana","300","Sheridan","0910","Sheridan","64","910",17,159,196,1296,204,173,101,67,9,17,86,130,889,200,167,197,46,5
"G3000930","1940","Montana","300","Silver Bow","0930","Silver Bow","64","930",275,1378,1536,7608,2473,2230,1082,1003,450,167,761,1073,6160,2560,2891,1107,552,316
"G3000950","1940","Montana","300","Stillwater","0950","Stillwater","64","950",18,104,152,903,194,187,112,48,9,8,50,81,559,214,253,185,43,3
"G3000970","1940","Montana","300","Sweet Grass","0970","Sweet Grass","64","970",14,61,99,634,147,131,81,56,7,10,22,60,341,142,153,137,36,4
"G3000990","1940","Montana","300","Teton","0990","Teton","64","990",28,127,177,1058,281,227,110,98,27,15,47,80,610,256,278,192,66,7
"G3001010","1940","Montana","300","Toole","1010","Toole","64","1010",25,114,175,893,368,343,152,99,18,3,44,81,539,279,340,240,58,10
"G3001030","1940","Montana","300","Treasure","1030","Treasure","64","1030",14,33,28,202,68,56,30,15,4,10,18,16,116,54,37,56,7,1
"G3001050","1940","Montana","300","Valley","1050","Valley","64","1050",63,280,418,2074,572,541,277,196,20,36,151,220,1202,534,595,413,122,11
"G3001070","1940","Montana","300","Wheatland","1070","Wheatland","64","1070",6,54,82,541,149,145,53,56,5,3,22,38,262,142,170,116,37,0
"G3001090","1940","Montana","300","Wibaux","1090","Wibaux","64","1090",13,59,65,331,66,63,18,14,4,11,25,41,216,60,87,44,9,0
"G3001110","1940","Montana","300","Yellowstone","1110","Yellowstone","64","1110",224,753,940,4462,1723,1967,1030,786,35,156,518,631,3332,1655,2458,1514,500,25
"G3001130","1940","Montana","300","Yellowstone National Park","1130","Yellowstone National Park","64","1130",0,0,0,6,2,3,4,4,0,0,0,1,3,2,0,4,1,0
"G3100010","1940","Nebraska","310","Adams","0010","Adams","35","10",61,362,616,3128,1138,1083,462,463,17,52,240,486,2846,1291,1603,673,369,8
"G3100030","1940","Nebraska","310","Antelope","0030","Antelope","35","30",10,248,368,1823,546,421,163,101,24,14,120,241,1386,658,631,314,85,15
"G3100050","1940","Nebraska","310","Arthur","0050","Arthur","35","50",0,5,14,166,56,31,8,5,0,0,3,10,106,42,51,17,7,1
"G3100070","1940","Nebraska","310","Banner","0070","Banner","35","70",1,9,19,241,76,37,10,7,4,0,3,3,121,79,56,38,11,1
"G3100090","1940","Nebraska","310","Blaine","0090","Blaine","35","90",5,20,46,240,64,50,16,12,0,0,13,23,134,65,80,34,9,0
"G3100110","1940","Nebraska","310","Boone","0110","Boone","35","110",18,233,350,1695,421,328,141,98,52,10,147,239,1285,454,588,220,85,40
"G3100130","1940","Nebraska","310","Box Butte","0130","Box Butte","35","130",19,149,226,1308,586,441,194,123,49,16,90,158,970,563,690,307,109,28
"G3100150","1940","Nebraska","310","Boyd","0150","Boyd","35","150",6,152,189,863,196,177,71,40,22,9,107,176,595,211,236,120,24,16
"G3100170","1940","Nebraska","310","Brown","0170","Brown","35","170",15,112,147,748,267,202,82,45,12,5,44,88,534,345,317,144,38,9
"G3100190","1940","Nebraska","310","Buffalo","0190","Buffalo","35","190",56,338,662,2895,1039,938,469,292,54,53,210,445,2340,1143,1286,800,298,48
"G3100210","1940","Nebraska","310","Burt","0210","Burt","35","210",19,163,314,1806,585,459,234,130,17,14,88,180,1328,603,648,368,106,21
"G3100230","1940","Nebraska","310","Butler","0230","Butler","35","230",48,364,408,1803,552,388,135,107,17,43,301,331,1542,516,553,258,73,15
"G3100250","1940","Nebraska","310","Cass","0250","Cass","35","250",42,263,467,2454,829,673,226,161,33,12,173,341,1952,853,946,443,142,18
"G3100270","1940","Nebraska","310","Cedar","0270","Cedar","35","270",8,205,368,2319,488,318,165,104,65,7,134,305,1756,558,516,332,97,30
"G3100290","1940","Nebraska","310","Chase","0290","Chase","35","290",5,49,133,755,232,164,58,47,21,1,19,84,505,251,271,104,34,12
"G3100310","1940","Nebraska","310","Cherry","0310","Cherry","35","310",22,144,240,1344,459,350,115,64,39,8,58,125,792,441,518,231,53,9
"G3100330","1940","Nebraska","310","Cheyenne","0330","Cheyenne","35","330",16,124,256,1214,386,389,151,97,9,7,69,146,864,418,516,254,77,7
"G3100350","1940","Nebraska","310","Clay","0350","Clay","35","350",8,214,328,1449,480,429,127,113,3,14,131,265,1356,484,603,253,76,3
"G3100370","1940","Nebraska","310","Colfax","0370","Colfax","35","370",27,303,382,1597,373,326,100,94,16,28,299,344,1311,358,456,176,59,14
"G3100390","1940","Nebraska","310","Cuming","0390","Cuming","35","390",16,279,438,2118,461,261,140,116,48,7,244,359,1793,398,438,247,81,32
"G3100410","1940","Nebraska","310","Custer","0410","Custer","35","410",48,341,528,3133,994,793,339,170,30,28,147,317,2273,1167,1201,519,158,16
"G3100430","1940","Nebraska","310","Dakota","0430","Dakota","35","430",13,144,261,1408,364,340,132,73,19,15,82,211,993,430,442,216,60,13
"G3100450","1940","Nebraska","310","Dawes","0450","Dawes","35","450",17,147,233,1186,571,411,209,174,23,9,82,141,841,614,515,401,176,13
"G3100470","1940","Nebraska","310","Dawson","0470","Dawson","35","470",42,236,386,2320,746,728,292,182,52,24,161,279,1725,873,1023,445,168,25
"G3100490","1940","Nebraska","310","Deuel","0490","Deuel","35","490",11,40,71,486,143,154,55,39,4,6,34,46,329,157,202,84,38,4
"G3100510","1940","Nebraska","310","Dixon","0510","Dixon","35","510",18,164,318,1519,376,289,134,93,47,8,98,210,1101,442,462,242,72,43
"G3100530","1940","Nebraska","310","Dodge","0530","Dodge","35","530",48,394,636,3175,1126,895,395,298,63,29,317,550,2770,1175,1404,650,249,68
"G3100550","1940","Nebraska","310","Douglas","0550","Douglas","35","550",1419,3965,5375,26464,11983,13074,5131,5312,662,1381,3257,4724,25006,13495,18753,6267,3239,510
"G3100570","1940","Nebraska","310","Dundy","0570","Dundy","35","570",3,83,129,704,184,149,73,38,7,0,28,67,508,253,225,110,32,3
"G3100590","1940","Nebraska","310","Fillmore","0590","Fillmore","35","590",20,186,292,1595,554,501,119,97,3,23,167,220,1320,533,688,252,85,3
"G3100610","1940","Nebraska","310","Franklin","0610","Franklin","35","610",11,159,222,1193,269,244,88,76,18,10,97,194,986,334,328,145,50,16
"G3100630","1940","Nebraska","310","Frontier","0630","Frontier","35","630",13,107,144,977,250,218,97,51,12,4,58,84,764,314,310,146,27,4
"G3100650","1940","Nebraska","310","Furnas","0650","Furnas","35","650",13,102,187,1502,457,426,138,108,39,6,50,137,1124,533,703,237,69,37
"G3100670","1940","Nebraska","310","Gage","0670","Gage","35","670",132,711,824,3600,1339,1168,380,312,36,93,555,642,3141,1490,1710,595,255,22
"G3100690","1940","Nebraska","310","Garden","0690","Garden","35","690",0,75,103,702,176,180,83,30,5,2,27,76,434,199,223,116,20,1
"G3100710","1940","Nebraska","310","Garfield","0710","Garfield","35","710",13,71,86,476,140,96,38,21,1,9,51,67,313,147,177,81,15,1
"G3100730","1940","Nebraska","310","Gosper","0730","Gosper","35","730",2,56,96,608,147,119,33,20,6,1,35,57,419,167,164,71,19,3
"G3100750","1940","Nebraska","310","Grant","0750","Grant","35","750",3,20,24,161,53,54,49,15,0,3,5,12,109,54,68,52,12,2
"G3100770","1940","Nebraska","310","Greeley","0770","Greeley","35","770",18,140,183,913,254,213,57,55,19,6,80,143,652,247,356,121,44,11
"G3100790","1940","Nebraska","310","Hall","0790","Hall","35","790",77,430,696,3375,1288,1209,511,373,17,82,306,581,3076,1424,1730,694,291,11
"G3100810","1940","Nebraska","310","Hamilton","0810","Hamilton","35","810",11,102,234,1607,425,315,113,86,8,13,84,171,1366,481,524,198,66,6
"G3100830","1940","Nebraska","310","Harlan","0830","Harlan","35","830",7,75,174,1006,340,280,92,59,10,6,44,84,816,379,415,153,53,5
"G3100850","1940","Nebraska","310","Hayes","0850","Hayes","35","850",6,46,79,427,113,76,31,11,5,5,17,47,295,117,156,56,8,4
"G3100870","1940","Nebraska","310","Hitchcock","0870","Hitchcock","35","870",12,103,164,833,237,206,53,60,19,8,56,133,632,291,311,128,38,8
"G3100890","1940","Nebraska","310","Holt","0890","Holt","35","890",27,322,482,2277,599,509,159,113,44,18,179,314,1575,711,885,326,95,45
"G3100910","1940","Nebraska","310","Hooker","0910","Hooker","35","910",2,19,30,163,56,60,15,13,2,1,11,16,121,48,68,35,11,0
"G3100930","1940","Nebraska","310","Howard","0930","Howard","35","930",39,222,332,1172,266,214,192,54,3,29,146,245,1008,259,300,226,37,3
"G3100950","1940","Nebraska","310","Jefferson","0950","Jefferson","35","950",25,299,387,2161,679,592,183,137,17,17,208,332,1935,756,868,262,99,10
"G3100970","1940","Nebraska","310","Johnson","0970","Johnson","35","970",7,150,230,1235,351,314,92,75,19,13,100,195,1109,377,440,180,52,22
"G3100990","1940","Nebraska","310","Kearney","0990","Kearney","35","990",21,98,191,1060,250,268,92,65,25,29,59,155,909,247,397,172,50,21
"G3101010","1940","Nebraska","310","Keith","1010","Keith","35","1010",12,107,197,1031,422,381,114,114,9,8,55,123,647,373,472,196,59,1
"G3101030","1940","Nebraska","310","Keya Paha","1030","Keya Paha","35","1030",4,38,88,540,105,70,15,16,6,1,19,57,336,150,127,43,7,3
"G3101050","1940","Nebraska","310","Kimball","1050","Kimball","35","1050",8,48,93,491,190,190,75,47,22,7,28,51,327,170,227,114,47,30
"G3101070","1940","Nebraska","310","Knox","1070","Knox","35","1070",28,380,544,2495,552,364,186,113,64,25,246,409,1876,578,588,330,91,40
"G3101090","1940","Nebraska","310","Lancaster","1090","Lancaster","35","1090",194,1034,1743,10123,4666,5293,2943,3259,201,204,695,1463,9564,5270,8356,4090,2810,155
"G3101110","1940","Nebraska","310","Lincoln","1110","Lincoln","35","1110",89,363,576,3019,1409,1117,381,306,39,52,182,369,2127,1373,1606,618,260,24
"G3101130","1940","Nebraska","310","Logan","1130","Logan","35","1130",1,41,50,238,78,61,20,13,1,5,16,28,142,75,96,42,7,1
"G3101150","1940","Nebraska","310","Loup","1150","Loup","35","1150",2,23,67,259,70,52,19,9,0,1,7,26,193,79,93,12,5,0
"G3101170","1940","Nebraska","310","McPherson","1170","Mcpherson","35","1170",2,13,22,220,33,28,11,3,1,2,2,10,124,51,58,22,4,0
"G3101190","1940","Nebraska","310","Madison","1190","Madison","35","1190",51,495,664,3276,971,822,441,327,209,39,376,627,2806,1077,1316,619,243,218
"G3101210","1940","Nebraska","310","Merrick","1210","Merrick","35","1210",16,125,263,1308,460,322,155,91,14,20,82,164,1064,475,493,256,76,11
"G3101230","1940","Nebraska","310","Morrill","1230","Morrill","35","1230",48,212,225,1120,392,247,139,78,11,32,119,154,794,389,370,191,74,14
"G3101250","1940","Nebraska","310","Nance","1250","Nance","35","1250",49,143,178,1166,272,230,80,66,28,27,65,117,840,302,325,151,34,16
"G3101270","1940","Nebraska","310","Nemaha","1270","Nemaha","35","1270",37,161,298,1695,663,420,235,183,42,18,117,206,1386,661,605,436,156,22
"G3101290","1940","Nebraska","310","Nuckolls","1290","Nuckolls","35","1290",24,126,239,1434,488,425,139,96,3,8,86,162,1222,521,589,216,79,3
"G3101310","1940","Nebraska","310","Otoe","1310","Otoe","35","1310",55,454,581,2656,826,660,203,183,40,26,251,470,2146,857,993,460,132,19
"G3101330","1940","Nebraska","310","Pawnee","1330","Pawnee","35","1330",13,154,210,1212,363,325,81,76,20,15,81,167,1048,392,460,178,55,17
"G3101350","1940","Nebraska","310","Perkins","1350","Perkins","35","1350",4,63,123,761,231,195,54,32,16,3,21,55,524,205,237,113,28,13
"G3101370","1940","Nebraska","310","Phelps","1370","Phelps","35","1370",13,134,192,1298,346,366,153,89,18,6,86,143,1041,362,568,232,78,12
"G3101390","1940","Nebraska","310","Pierce","1390","Pierce","35","1390",4,305,436,1431,313,223,114,62,12,4,244,324,1154,324,413,179,52,9
"G3101410","1940","Nebraska","310","Platte","1410","Platte","35","1410",69,462,598,2511,746,559,265,193,59,79,364,476,2205,733,835,390,136,45
"G3101430","1940","Nebraska","310","Polk","1430","Polk","35","1430",19,106,242,1370,345,328,114,100,4,21,68,163,1128,322,505,218,69,4
"G3101450","1940","Nebraska","310","Red Willow","1450","Red Willow","35","1450",26,156,270,1394,628,490,216,131,43,18,104,216,1092,702,733,314,95,27
"G3101470","1940","Nebraska","310","Richardson","1470","Richardson","35","1470",50,377,556,2406,787,742,285,213,55,41,231,418,2119,929,970,424,146,37
"G3101490","1940","Nebraska","310","Rock","1490","Rock","35","1490",4,71,105,585,148,116,34,24,6,5,31,66,415,153,207,61,9,0
"G3101510","1940","Nebraska","310","Saline","1510","Saline","35","1510",40,445,468,2030,698,619,181,170,29,42,321,411,1801,643,937,249,129,27
"G3101530","1940","Nebraska","310","Sarpy","1530","Sarpy","35","1530",43,208,283,1574,486,408,149,138,15,23,135,207,1133,460,476,201,83,8
"G3101550","1940","Nebraska","310","Saunders","1550","Saunders","35","1550",31,377,482,2635,883,644,262,159,21,20,307,409,2095,799,899,431,130,25
"G3101570","1940","Nebraska","310","Scotts Bluff","1570","Scotts Bluff","35","1570",208,624,756,3383,1447,1347,614,436,54,162,393,496,2555,1354,1655,856,297,67
"G3101590","1940","Nebraska","310","Seward","1590","Seward","35","1590",35,277,491,2002,560,431,149,162,19,19,228,412,1778,609,682,256,78,13
"G3101610","1940","Nebraska","310","Sheridan","1610","Sheridan","35","1610",20,158,230,1395,435,342,132,107,29,11,98,148,883,508,469,291,89,8
"G3101630","1940","Nebraska","310","Sherman","1630","Sherman","35","1630",30,262,282,1006,221,168,114,50,56,20,171,201,766,273,289,162,34,54
"G3101650","1940","Nebraska","310","Sioux","1650","Sioux","35","1650",12,99,121,512,190,118,48,19,11,13,34,61,321,165,163,100,22,6
"G3101670","1940","Nebraska","310","Stanton","1670","Stanton","35","1670",13,232,250,1054,229,148,59,42,15,8,144,202,840,209,273,134,22,6
"G3101690","1940","Nebraska","310","Thayer","1690","Thayer","35","1690",19,235,334,1747,549,368,150,128,8,8,185,281,1484,588,535,234,82,6
"G3101710","1940","Nebraska","310","Thomas","1710","Thomas","35","1710",5,37,39,205,56,52,20,19,0,2,12,26,138,78,63,38,16,1
"G3101730","1940","Nebraska","310","Thurston","1730","Thurston","35","1730",31,232,350,1122,437,231,137,66,49,26,138,217,852,414,321,212,49,25
"G3101750","1940","Nebraska","310","Valley","1750","Valley","35","1750",23,234,251,1063,359,262,112,69,4,25,162,186,878,356,413,163,54,3
"G3101770","1940","Nebraska","310","Washington","1770","Washington","35","1770",18,145,319,1812,610,298,142,118,55,13,72,230,1444,601,494,251,69,32
"G3101790","1940","Nebraska","310","Wayne","1790","Wayne","35","1790",4,120,248,1555,361,234,161,127,59,3,67,176,1217,341,357,383,130,49
"G3101810","1940","Nebraska","310","Webster","1810","Webster","35","1810",17,123,252,1160,396,313,107,65,6,5,89,218,938,380,461,169,57,4
"G3101830","1940","Nebraska","310","Wheeler","1830","Wheeler","35","1830",18,57,59,293,73,53,16,7,5,6,27,45,192,80,99,31,10,0
"G3101850","1940","Nebraska","310","York","1850","York","35","1850",28,214,430,1961,631,516,239,200,11,31,179,324,1705,787,814,404,170,6
"G3200010","1940","Nevada","320","Churchill","0010","Churchill","65","10",78,148,154,618,265,251,116,83,33,72,77,76,391,244,276,120,64,8
"G3200030","1940","Nevada","320","Clark","0030","Clark","65","30",72,312,338,1610,997,1067,543,388,119,45,127,188,996,916,1006,485,222,60
"G3200050","1940","Nevada","320","Douglas","0050","Douglas","65","50",26,37,40,382,105,115,51,40,18,37,11,11,204,74,84,42,36,5
"G3200070","1940","Nevada","320","Elko","0070","Elko","65","70",161,288,263,1344,686,503,275,193,93,96,126,108,720,470,546,308,141,35
"G3200090","1940","Nevada","320","Esmeralda","0090","Esmeralda","65","90",7,56,65,291,113,115,44,37,3,6,15,16,101,71,69,38,21,6
"G3200110","1940","Nevada","320","Eureka","0110","Eureka","65","110",33,50,73,232,95,73,29,16,2,14,15,10,82,50,46,38,10,0
"G3200130","1940","Nevada","320","Humboldt","0130","Humboldt","65","130",59,151,138,631,253,256,119,80,77,22,47,58,299,199,260,120,47,40
"G3200150","1940","Nevada","320","Lander","0150","Lander","65","150",31,70,46,224,116,102,41,38,4,40,10,33,111,71,95,26,23,0
"G3200170","1940","Nevada","320","Lincoln","0170","Lincoln","65","170",21,43,63,419,255,223,81,86,17,6,14,21,258,207,201,110,39,5
"G3200190","1940","Nevada","320","Lyon","0190","Lyon","65","190",87,148,146,628,216,172,69,68,7,58,39,49,325,173,159,101,36,2
"G3200210","1940","Nevada","320","Mineral","0210","Mineral","65","210",34,72,94,330,149,190,78,41,10,63,21,33,122,90,111,34,23,8
"G3200230","1940","Nevada","320","Nye","0230","Nye","65","230",85,104,126,477,186,214,97,81,76,59,38,55,228,138,194,93,49,42
"G3200250","1940","Nevada","320","Ormsby","0250","Ormsby","65","250",16,75,58,282,214,241,113,120,49,10,21,30,169,162,282,150,85,24
"G3200270","1940","Nevada","320","Pershing","0270","Pershing","65","270",43,121,104,401,169,125,66,69,16,14,33,36,172,131,122,62,34,0
"G3200290","1940","Nevada","320","Storey","0290","Storey","65","290",9,58,55,164,91,82,29,22,3,10,10,17,93,71,75,28,9,1
"G3200310","1940","Nevada","320","Washoe","0310","Washoe","65","310",199,797,813,3469,1740,2126,908,1040,548,140,381,456,2427,1741,2659,928,788,299
"G3200330","1940","Nevada","320","White Pine","0330","White Pine","65","330",244,313,331,1464,718,583,278,246,42,90,112,133,801,550,536,266,129,12
"G3300010","1940","New Hampshire","330","Belknap","0010","Belknap","4","10",234,346,552,2802,1333,1034,368,416,60,195,297,480,2634,1471,1507,599,235,46
"G3300030","1940","New Hampshire","330","Carroll","0030","Carroll","4","30",54,114,172,2400,762,794,220,253,23,25,72,109,2005,809,1111,364,190,30
"G3300050","1940","New Hampshire","330","Cheshire","0050","Cheshire","4","50",212,641,748,4508,2000,1355,430,476,150,181,400,611,3725,2001,2083,780,331,111
"G3300070","1940","New Hampshire","330","Coos","0070","Coos","4","70",422,1110,1406,4324,1746,1354,351,427,115,199,610,1040,3677,1864,1759,662,236,76
"G3300090","1940","New Hampshire","330","Grafton","0090","Grafton","4","90",259,508,881,5862,2134,1939,657,937,256,139,284,629,4833,2308,2952,1166,588,174
"G3300110","1940","New Hampshire","330","Hillsborough","0110","Hillsborough","4","110",1472,3575,4458,17030,5766,5067,1663,2003,608,1644,3195,4427,18173,6104,7103,2333,1163,716
"G3300130","1940","New Hampshire","330","Merrimack","0130","Merrimack","4","130",381,1101,1437,7030,3001,2866,816,1071,519,317,840,1258,6820,3457,4379,1374,693,322
"G3300150","1940","New Hampshire","330","Rockingham","0150","Rockingham","4","150",333,688,1193,6826,3498,2935,856,1009,282,309,594,1047,6277,3563,4242,1262,658,196
"G3300170","1940","New Hampshire","330","Strafford","0170","Strafford","4","170",242,799,1108,5675,1902,1592,500,760,120,221,644,1045,5606,1872,2546,800,528,93
"G3300190","1940","New Hampshire","330","Sullivan","0190","Sullivan","4","190",175,462,644,3077,1266,1086,313,337,242,161,328,491,2688,1420,1363,583,252,125
"G3400010","1940","New Jersey","340","Atlantic","0010","Atlantic","12","10",1585,3549,4649,13266,5454,4660,1513,1934,1160,1731,3171,4619,15102,6867,6929,1492,1204,1133
"G3400030","1940","New Jersey","340","Bergen","0030","Bergen","12","30",4331,6539,8976,47684,17236,18525,6204,11187,2252,4844,6208,9524,52706,19003,23379,6256,5698,2158
"G3400050","1940","New Jersey","340","Burlington","0050","Burlington","12","50",1086,3364,4359,10861,3661,2960,984,1434,401,771,2292,3718,10438,4089,4249,1167,1022,230
"G3400070","1940","New Jersey","340","Camden","0070","Camden","12","70",2680,6392,9909,29060,11321,8188,2429,3776,1890,2670,5998,10019,30125,12409,10249,2102,1636,1813
"G3400090","1940","New Jersey","340","Cape May","0090","Cape May","12","90",409,784,1107,3616,1283,961,292,392,331,233,615,947,3478,1577,1415,343,274,198
"G3400110","1940","New Jersey","340","Cumberland","0110","Cumberland","12","110",1019,2861,3128,7726,2691,2270,655,791,758,1238,2381,2760,7764,3253,3328,916,415,688
"G3400130","1940","New Jersey","340","Essex","0130","Essex","12","130",10134,17836,22068,91097,33498,32485,12530,22714,9134,12095,17319,23270,100521,38680,44588,12527,11102,8702
"G3400150","1940","New Jersey","340","Gloucester","0150","Gloucester","12","150",728,2367,3032,8126,2795,2167,680,1021,395,691,1633,2516,8197,3234,2728,892,547,315
"G3400170","1940","New Jersey","340","Hudson","0170","Hudson","12","170",9598,16529,20209,89541,25294,18194,5119,8155,3636,10768,15306,20483,91143,25694,20929,4772,4113,3154
"G3400190","1940","New Jersey","340","Hunterdon","0190","Hunterdon","12","190",203,885,1386,5409,1364,1102,391,494,182,194,664,1167,5177,1392,1571,569,360,147
"G3400210","1940","New Jersey","340","Mercer","0210","Mercer","12","210",2594,7185,9328,18615,8344,6663,2288,3781,878,2716,5975,8837,18629,8758,8922,2734,2316,672
"G3400230","1940","New Jersey","340","Middlesex","0230","Middlesex","12","230",2681,6309,9871,23312,7694,6364,1899,3560,1425,3079,5882,9438,21475,7398,7554,1986,2001,1248
"G3400250","1940","New Jersey","340","Monmouth","0250","Monmouth","12","250",1417,3494,4693,18145,7244,7367,2146,3056,1923,1374,2912,4409,18995,8409,10102,2430,1779,1868
"G3400270","1940","New Jersey","340","Morris","0270","Morris","12","270",843,2154,3402,14608,5045,5285,1826,3505,1618,755,1847,3851,15120,5640,7568,2317,1979,672
"G3400290","1940","New Jersey","340","Ocean","0290","Ocean","12","290",306,1004,1341,5090,1728,1505,480,616,328,290,767,1084,4811,1780,1961,507,354,288
"G3400310","1940","New Jersey","340","Passaic","0310","Passaic","12","310",6113,9779,12175,39539,11801,7574,2666,4387,785,7099,9183,12284,40431,11423,9131,3030,2186,999
"G3400330","1940","New Jersey","340","Salem","0330","Salem","12","330",313,1411,1753,4718,1850,1476,389,548,316,194,776,1317,4172,1974,1838,509,301,175
"G3400350","1940","New Jersey","340","Somerset","0350","Somerset","12","350",1134,1940,2542,8743,2656,2666,989,1798,621,1280,1529,2030,7975,2732,3548,1170,958,332
"G3400370","1940","New Jersey","340","Sussex","0370","Sussex","12","370",217,673,1098,4070,1126,966,324,455,99,176,435,766,3623,1141,1311,474,255,62
"G3400390","1940","New Jersey","340","Union","0390","Union","12","390",4357,6669,8591,33624,13838,14096,5059,9538,1332,4712,5880,8623,35125,15233,19118,5462,4748,1227
"G3400410","1940","New Jersey","340","Warren","0410","Warren","12","410",493,1240,2121,6408,2131,1651,413,645,82,412,1005,1827,6186,2205,2292,569,401,53
"G3500010","1940","New Mexico","350","Bernalillo","0010","Bernalillo","66","10",699,2286,1591,4462,2401,2813,1486,1454,293,811,2029,1552,4011,2556,3698,1835,1212,286
"G3500030","1940","New Mexico","350","Catron","0030","Catron","66","30",115,196,194,461,162,106,58,39,12,76,123,119,292,142,107,83,20,11
"G3500050","1940","New Mexico","350","Chaves","0050","Chaves","66","50",283,743,700,1728,866,758,472,361,215,208,482,603,1465,1001,1011,591,295,129
"G3500070","1940","New Mexico","350","Colfax","0070","Colfax","66","70",359,850,672,1252,622,536,214,173,34,350,615,530,964,639,611,293,179,19
"G3500090","1940","New Mexico","350","Curry","0090","Curry","66","90",95,359,513,1565,993,664,358,199,62,85,217,341,1282,1057,825,425,180,33
"G3500110","1940","New Mexico","350","De Baca","0110","De Baca","66","110",29,102,130,312,168,94,45,33,85,14,68,94,234,165,98,68,27,43
"G3500130","1940","New Mexico","350","Dona Ana","0130","Dona Ana","66","130",1231,1490,833,1291,648,522,398,403,53,1070,1341,744,1241,692,625,466,309,39
"G3500150","1940","New Mexico","350","Eddy","0150","Eddy","66","150",471,718,572,1619,1061,911,451,337,179,381,541,454,1203,1025,990,543,239,72
"G3500170","1940","New Mexico","350","Grant","0170","Grant","66","170",365,890,624,1359,657,542,308,290,63,420,767,422,886,602,607,378,244,44
"G3500190","1940","New Mexico","350","Guadalupe","0190","Guadalupe","66","190",149,662,313,449,162,128,51,45,28,221,478,257,329,144,123,81,39,12
"G3500210","1940","New Mexico","350","Harding","0210","Harding","66","210",57,191,158,375,122,86,38,26,3,64,145,108,245,145,91,68,18,1
"G3500230","1940","New Mexico","350","Hidalgo","0230","Hidalgo","66","230",25,187,131,339,169,138,71,62,48,18,173,118,242,164,159,108,35,55
"G3500250","1940","New Mexico","350","Lea","0250","Lea","66","250",80,287,473,1725,1298,1124,603,326,295,38,174,319,1248,1202,1203,543,255,108
"G3500270","1940","New Mexico","350","Lincoln","0270","Lincoln","66","270",150,294,287,597,266,246,123,89,234,128,213,213,439,280,253,145,78,59
"G3500290","1940","New Mexico","350","Luna","0290","Luna","66","290",139,212,208,428,226,186,114,90,25,138,179,160,336,214,246,151,76,14
"G3500310","1940","New Mexico","350","McKinley","0310","Mckinley","66","310",1662,624,623,917,552,474,191,179,124,1768,438,437,690,481,494,240,168,95
"G3500330","1940","New Mexico","350","Mora","0330","Mora","66","330",325,889,415,394,121,84,55,33,24,364,766,373,329,109,86,63,29,8
"G3500350","1940","New Mexico","350","Otero","0350","Otero","66","350",209,395,345,729,359,300,151,124,77,190,310,325,559,398,294,184,110,29
"G3500370","1940","New Mexico","350","Quay","0370","Quay","66","370",110,332,413,1056,538,411,178,127,23,123,249,281,789,525,476,220,112,17
"G3500390","1940","New Mexico","350","Rio Arriba","0390","Rio Arriba","66","390",883,1743,823,888,305,241,131,89,228,1216,1429,691,655,271,217,149,71,203
"G3500410","1940","New Mexico","350","Roosevelt","0410","Roosevelt","66","410",29,319,493,1285,718,366,226,145,48,14,167,337,1044,792,425,294,130,30
"G3500430","1940","New Mexico","350","Sandoval","0430","Sandoval","66","430",817,926,504,526,184,138,50,42,19,711,601,409,440,198,109,75,48,14
"G3500450","1940","New Mexico","350","San Juan","0450","San Juan","66","450",1145,369,349,758,426,319,145,134,23,1207,195,224,595,395,387,227,101,15
"G3500470","1940","New Mexico","350","San Miguel","0470","San Miguel","66","470",938,1912,827,1318,437,423,264,203,83,948,1622,826,1067,457,488,373,188,79
"G3500490","1940","New Mexico","350","Santa Fe","0490","Santa Fe","66","490",569,1522,948,1472,831,945,506,574,66,611,1287,839,1289,770,1176,616,388,53
"G3500510","1940","New Mexico","350","Sierra","0510","Sierra","66","510",143,321,271,539,235,229,118,93,9,131,244,172,424,238,229,137,50,5
"G3500530","1940","New Mexico","350","Socorro","0530","Socorro","66","530",318,783,360,567,241,181,128,105,31,342,612,320,459,201,185,142,49,13
"G3500550","1940","New Mexico","350","Taos","0550","Taos","66","550",468,1218,664,783,216,249,119,79,58,697,1066,538,647,223,202,132,84,29
"G3500570","1940","New Mexico","350","Torrance","0570","Torrance","66","570",228,705,351,750,322,165,65,58,27,231,509,280,493,285,190,127,51,18
"G3500590","1940","New Mexico","350","Union","0590","Union","66","590",78,319,281,846,365,292,139,80,10,72,160,199,667,375,303,205,67,6
"G3500610","1940","New Mexico","350","Valencia","0610","Valencia","66","610",875,1144,575,849,477,301,128,80,154,797,805,485,776,449,332,187,67,173
"G3600010","1940","New York","360","Albany","0010","Albany","13","10",2121,4704,6887,26551,10502,9930,2687,4747,514,1863,4096,6782,27438,12170,14048,2938,3127,502
"G3600030","1940","New York","360","Allegany","0030","Allegany","13","30",64,330,984,5242,2373,1242,553,581,181,43,169,604,4234,2606,2023,1002,551,139
"G3600050","1940","New York","360","Bronx","0050","Bronx","13","50",31679,31929,32824,178969,54010,45069,15705,27028,10912,40825,34564,33395,188633,56592,57981,9460,12185,8374
"G3600070","1940","New York","360","Broome","0070","Broome","13","70",1448,2871,5295,18409,9176,5875,1493,2109,1968,1446,2308,4732,17583,10439,8273,2042,1404,1612
"G3600090","1940","New York","360","Cattaraugus","0090","Cattaraugus","13","90",402,1186,1849,9333,4194,2377,757,878,543,309,801,1468,7767,4660,3557,1272,668,417
"G3600110","1940","New York","360","Cayuga","0110","Cayuga","13","110",610,1421,2020,9175,4065,2170,580,838,190,559,914,1488,7851,4206,3162,905,601,189
"G3600130","1940","New York","360","Chautauqua","0130","Chautauqua","13","130",898,2245,4172,14585,7535,4245,1528,1402,924,980,1762,3602,13164,8196,6182,2689,1159,689
"G3600150","1940","New York","360","Chemung","0150","Chemung","13","150",450,938,1660,8949,4311,3246,730,1084,430,397,697,1460,8655,4539,4574,1023,922,342
"G3600170","1940","New York","360","Chenango","0170","Chenango","13","170",138,480,1058,5081,2282,1249,407,489,145,112,262,693,4184,2627,1928,818,404,70
"G3600190","1940","New York","360","Clinton","0190","Clinton","13","190",797,2307,2780,6059,2450,1243,466,560,255,378,1075,1755,4343,2136,1638,870,350,238
"G3600210","1940","New York","360","Columbia","0210","Columbia","13","210",406,1038,1481,6058,1826,1086,450,600,279,324,741,1179,5527,2009,1681,595,451,260
"G3600230","1940","New York","360","Cortland","0230","Cortland","13","230",170,383,944,4109,2235,1226,447,465,211,172,208,651,3366,2440,1778,982,414,163
"G3600250","1940","New York","360","Delaware","0250","Delaware","13","250",217,602,1298,5960,2202,1227,452,495,168,120,331,873,5011,2417,1741,826,433,99
"G3600270","1940","New York","360","Dutchess","0270","Dutchess","13","270",1267,2914,3618,14642,5397,3838,1366,1881,3602,1303,2405,3051,14428,6146,5489,1852,1378,3433
"G3600290","1940","New York","360","Erie","0290","Erie","13","290",7480,18113,24140,92523,41710,27544,8566,13091,4999,7219,15531,23779,94685,45017,33502,9002,8397,3646
"G3600310","1940","New York","360","Essex","0310","Essex","13","310",220,688,1264,3863,1812,1019,397,541,242,169,426,861,3305,2092,1573,703,388,142
"G3600330","1940","New York","360","Franklin","0330","Franklin","13","330",594,1383,1886,4981,1740,1171,433,466,221,379,853,1487,4194,2016,1701,848,335,160
"G3600350","1940","New York","360","Fulton","0350","Fulton","13","350",276,957,2041,6328,2905,1418,468,513,252,310,740,1910,6472,3338,1924,679,386,195
"G3600370","1940","New York","360","Genesee","0370","Genesee","13","370",374,831,1198,5396,2561,1496,488,574,166,377,542,972,4795,2713,1978,902,493,125
"G3600390","1940","New York","360","Greene","0390","Greene","13","390",156,483,1032,4459,1188,796,258,332,152,96,358,863,4249,1363,1186,309,247,117
"G3600410","1940","New York","360","Hamilton","0410","Hamilton","13","410",15,107,250,505,209,150,49,74,6,11,53,132,387,243,177,57,64,5
"G3600430","1940","New York","360","Herkimer","0430","Herkimer","13","430",778,1114,1861,7524,3412,2028,545,721,501,735,777,1506,6880,3595,2706,886,588,358
"G3600450","1940","New York","360","Jefferson","0450","Jefferson","13","450",366,1237,2260,10931,5014,3162,891,1103,172,309,797,1690,9543,5735,4769,1472,770,114
"G3600470","1940","New York","360","Kings","0470","Kings","13","470",87495,64701,58642,314280,95245,76802,28992,51270,25537,99549,64854,58957,335387,101473,100618,19891,22010,26807
"G3600490","1940","New York","360","Lewis","0490","Lewis","13","490",152,542,980,3178,993,538,180,216,81,80,286,624,2593,1014,936,403,166,45
"G3600510","1940","New York","360","Livingston","0510","Livingston","13","510",413,631,885,4733,2274,1245,519,494,237,421,472,700,3828,2370,1671,1094,504,164
"G3600530","1940","New York","360","Madison","0530","Madison","13","530",263,477,1072,5000,2577,1398,524,750,169,233,284,728,4047,2761,2080,1006,555,144
"G3600550","1940","New York","360","Monroe","0550","Monroe","13","550",4995,8319,11149,50092,23979,17521,5360,8490,4269,5378,7336,10820,52403,26263,23499,6638,5593,4381
"G3600570","1940","New York","360","Montgomery","0570","Montgomery","13","570",810,1947,2345,7457,2896,1715,506,629,138,932,1648,2264,7411,3033,2160,754,473,111
"G3600590","1940","New York","360","Nassau","0590","Nassau","13","590",2401,4721,6954,44630,17139,19145,7061,12974,4469,2635,4100,7167,49709,20333,25757,6939,7109,4307
"G3600610","1940","New York","360","New York","0610","New York","13","610",38675,56341,64190,227237,72673,71927,33801,65401,9414,39770,50949,62012,235118,82002,109651,33832,41781,7108
"G3600630","1940","New York","360","Niagara","0630","Niagara","13","630",1932,4523,5876,16174,9486,5495,1551,2645,136,1911,3177,4949,15014,9910,7309,1969,1551,89
"G3600650","1940","New York","360","Oneida","0650","Oneida","13","650",4147,5079,6480,22903,10293,7012,1717,2677,1437,4013,3888,5750,22806,11103,9777,2428,1854,1066
"G3600670","1940","New York","360","Onondaga","0670","Onondaga","13","670",2932,5100,7083,33088,16154,13938,3791,6237,1055,2772,4097,6255,32591,17217,19368,4266,4027,873
"G3600690","1940","New York","360","Ontario","0690","Ontario","13","690",230,663,1181,6904,3305,2065,598,939,1528,241,504,882,5956,3571,3419,980,811,266
"G3600710","1940","New York","360","Orange","0710","Orange","13","710",1395,3405,5142,18529,7054,4261,1259,2356,694,1233,2525,4324,17858,7755,6320,1770,1328,501
"G3600730","1940","New York","360","Orleans","0730","Orleans","13","730",197,496,982,3937,1606,704,279,286,94,193,459,816,3515,1692,1163,515,254,87
"G3600750","1940","New York","360","Oswego","0750","Oswego","13","750",400,1127,1994,9395,4433,2281,675,789,207,331,725,1398,8365,4696,2996,1279,635,109
"G3600770","1940","New York","360","Otsego","0770","Otsego","13","770",176,621,1205,6300,3028,1709,533,711,168,122,361,881,5439,3394,2536,1125,622,105
"G3600790","1940","New York","360","Putnam","0790","Putnam","13","790",71,296,487,2304,853,673,271,432,104,47,186,324,1951,917,884,287,207,70
"G3600810","1940","New York","360","Queens","0810","Queens","13","810",8689,15950,24307,194307,59617,49672,17303,27468,6088,10673,16017,25930,212298,63605,61066,12398,13627,6634
"G3600830","1940","New York","360","Rensselaer","0830","Rensselaer","13","830",771,2185,4034,16019,5808,4615,1128,1895,448,673,2044,4208,17023,6785,6596,1344,1412,471
"G3600850","1940","New York","360","Richmond","0850","Richmond","13","850",1875,3041,3791,24720,7579,5937,1988,3343,625,1954,2205,3240,23880,7745,7200,1542,1978,524
"G3600870","1940","New York","360","Rockland","0870","Rockland","13","870",649,1372,1583,7799,2765,2381,743,1343,3356,642,1296,1463,7942,3087,3371,990,965,3673
"G3600890","1940","New York","360","St Lawrence","0890","St Lawrence","13","890",534,1846,3014,11004,4708,2404,1039,1136,767,328,1151,2144,9208,5122,3362,2496,846,724
"G3600910","1940","New York","360","Saratoga","0910","Saratoga","13","910",603,1409,2517,8284,3682,2053,722,806,224,535,1033,2004,7797,3972,2928,1110,641,187
"G3600930","1940","New York","360","Schenectady","0930","Schenectady","13","930",1632,2562,3309,13796,6218,5974,1589,3477,413,1809,2258,3426,14180,6765,7443,1735,1706,356
"G3600950","1940","New York","360","Schoharie","0950","Schoharie","13","950",78,278,734,3646,879,580,231,261,71,47,168,520,3126,931,771,398,212,47
"G3600970","1940","New York","360","Schuyler","0970","Schuyler","13","970",51,215,314,1767,723,465,176,141,101,43,134,221,1405,809,684,269,140,121
"G3600990","1940","New York","360","Seneca","0990","Seneca","13","990",191,609,888,3893,1398,843,211,288,90,118,383,1102,3452,1539,1227,281,217,95
"G3601010","1940","New York","360","Steuben","1010","Steuben","13","1010",303,1291,2475,11741,4939,3264,867,1096,421,176,604,1586,9619,5569,4291,1316,819,364
"G3601030","1940","New York","360","Suffolk","1030","Suffolk","13","1030",1846,3859,5377,24686,8712,6608,2151,3427,8656,1749,2910,4327,23063,9202,8702,2659,2271,8649
"G3601050","1940","New York","360","Sullivan","1050","Sullivan","13","1050",813,1051,1372,5962,1484,1111,401,568,218,601,612,935,5182,1565,1403,508,329,214
"G3601070","1940","New York","360","Tioga","1070","Tioga","13","1070",121,333,853,3595,1693,901,217,284,140,98,257,660,3076,2014,1399,363,248,103
"G3601090","1940","New York","360","Tompkins","1090","Tompkins","13","1090",124,359,827,4315,2673,1731,545,1895,228,99,273,660,3908,2938,2907,1030,1380,164
"G3601110","1940","New York","360","Ulster","1110","Ulster","13","1110",996,2218,3197,13025,3416,2476,833,1298,543,729,1402,2556,12982,3685,3261,1179,802,473
"G3601130","1940","New York","360","Warren","1130","Warren","13","1130",213,499,1180,4355,2007,1487,426,583,120,167,306,1045,4468,2395,2333,612,436,92
"G3601150","1940","New York","360","Washington","1150","Washington","13","1150",375,940,1668,6669,2769,1287,454,427,134,202,579,1119,5157,2847,2010,819,427,105
"G3601170","1940","New York","360","Wayne","1170","Wayne","13","1170",482,877,1823,7155,2875,1595,477,592,288,668,803,1548,6364,3062,2401,905,511,210
"G3601190","1940","New York","360","Westchester","1190","Westchester","13","1190",5217,11818,12843,53258,23613,26597,10077,23419,3594,5833,9571,12599,59532,27429,40335,12118,14932,3065
"G3601210","1940","New York","360","Wyoming","1210","Wyoming","13","1210",196,560,1045,5045,2226,1047,358,373,71,132,215,538,3324,2074,1433,625,316,38
"G3601230","1940","New York","360","Yates","1230","Yates","13","1230",26,125,343,2342,1076,606,146,214,131,17,83,226,1999,1263,1061,291,198,105
"G3700010","1940","North Carolina","370","Alamance","0010","Alamance","47","10",559,2486,2672,3291,2058,1139,696,555,209,461,2318,2810,3261,2154,1422,862,551,165
"G3700030","1940","North Carolina","370","Alexander","0030","Alexander","47","30",131,656,658,825,307,186,67,55,58,100,588,773,871,313,193,80,67,28
"G3700050","1940","North Carolina","370","Alleghany","0050","Alleghany","47","50",88,315,349,704,278,123,51,37,48,76,332,391,673,236,158,76,30,43
"G3700070","1940","North Carolina","370","Anson","0070","Anson","47","70",634,1599,1041,1109,719,242,216,150,101,502,1394,1095,1211,971,374,360,200,85
"G3700090","1940","North Carolina","370","Ashe","0090","Ashe","47","90",362,1181,1067,1372,518,243,117,73,64,285,1074,1112,1449,540,263,158,67,40
"G3700110","1940","North Carolina","370","Avery","0110","Avery","47","110",173,685,568,651,415,184,86,80,26,154,598,629,528,414,194,123,94,10
"G3700130","1940","North Carolina","370","Beaufort","0130","Beaufort","47","130",749,2386,1575,1725,714,555,290,190,153,704,1960,1629,1773,869,820,437,303,114
"G3700150","1940","North Carolina","370","Bertie","0150","Bertie","47","150",281,1880,1209,908,476,273,187,113,111,249,1450,1104,1075,613,435,380,161,76
"G3700170","1940","North Carolina","370","Bladen","0170","Bladen","47","170",461,1553,1118,1223,603,276,142,116,136,350,1090,1042,1308,778,379,228,145,88
"G3700190","1940","North Carolina","370","Brunswick","0190","Brunswick","47","190",483,946,863,755,355,183,67,56,87,435,726,750,799,390,274,93,96,53
"G3700210","1940","North Carolina","370","Buncombe","0210","Buncombe","47","210",1113,3889,4322,6020,4844,3603,2005,1778,302,856,3274,4325,6127,5309,5319,2727,1889,279
"G3700230","1940","North Carolina","370","Burke","0230","Burke","47","230",600,2123,1830,1634,1149,613,379,254,97,532,1868,2038,1711,1261,852,527,310,55
"G3700250","1940","North Carolina","370","Cabarrus","0250","Cabarrus","47","250",593,2906,2746,2880,2364,1010,630,443,169,500,2421,3001,2834,2459,1216,813,489,132
"G3700270","1940","North Carolina","370","Caldwell","0270","Caldwell","47","270",433,1683,1717,1905,938,463,311,234,49,349,1482,1696,1858,979,602,423,261,43
"G3700290","1940","North Carolina","370","Camden","0290","Camden","47","290",115,362,281,322,155,50,31,20,15,77,245,281,299,187,52,72,21,17
"G3700310","1940","North Carolina","370","Carteret","0310","Carteret","47","310",265,875,1024,1217,738,178,144,118,73,227,686,856,1240,988,247,233,126,56
"G3700330","1940","North Carolina","370","Caswell","0330","Caswell","47","330",315,1482,801,734,385,150,94,53,43,197,1048,802,861,464,187,182,84,37
"G3700350","1940","North Carolina","370","Catawba","0350","Catawba","47","350",377,1951,2167,2862,1797,1019,741,524,122,357,1854,2283,2879,1930,1339,947,552,133
"G3700370","1940","North Carolina","370","Chatham","0370","Chatham","47","370",396,1179,1086,1462,836,395,162,143,108,272,949,1024,1516,893,493,272,136,127
"G3700390","1940","North Carolina","370","Cherokee","0390","Cherokee","47","390",257,898,823,1068,622,272,148,134,36,191,746,849,994,591,320,230,95,29
"G3700410","1940","North Carolina","370","Chowan","0410","Chowan","47","410",179,812,507,497,224,144,104,86,13,118,639,605,596,254,228,196,126,7
"G3700430","1940","North Carolina","370","Clay","0430","Clay","47","430",91,310,292,384,207,80,41,19,16,55,260,305,359,214,97,41,19,19
"G3700450","1940","North Carolina","370","Cleveland","0450","Cleveland","47","450",1011,2929,2234,2430,1905,1064,455,380,117,763,2652,2559,2676,1879,1306,704,452,73
"G3700470","1940","North Carolina","370","Columbus","0470","Columbus","47","470",892,2545,1816,1972,1207,520,251,219,210,736,1948,1727,1965,1273,687,403,273,156
"G3700490","1940","North Carolina","370","Craven","0490","Craven","47","490",469,2022,1401,1343,753,541,303,210,185,413,1608,1554,1574,1023,794,443,255,130
"G3700510","1940","North Carolina","370","Cumberland","0510","Cumberland","47","510",771,2795,2174,2716,2264,1292,628,597,350,678,2434,2317,2222,1985,1628,795,538,289
"G3700530","1940","North Carolina","370","Currituck","0530","Currituck","47","530",329,487,325,344,131,110,40,24,23,231,352,289,331,149,172,88,30,9
"G3700550","1940","North Carolina","370","Dare","0550","Dare","47","550",77,311,377,479,161,116,52,51,37,75,274,303,385,162,136,98,35,17
"G3700570","1940","North Carolina","370","Davidson","0570","Davidson","47","570",602,2378,2591,3176,1654,903,423,372,189,464,2023,2677,3273,1785,1126,590,479,209
"G3700590","1940","North Carolina","370","Davie","0590","Davie","47","590",291,749,637,909,368,213,79,82,184,221,593,669,990,418,296,128,107,83
"G3700610","1940","North Carolina","370","Duplin","0610","Duplin","47","610",777,2364,1546,1571,1143,569,254,153,188,450,1686,1514,1700,1386,834,429,226,121
"G3700630","1940","North Carolina","370","Durham","0630","Durham","47","630",1024,4333,3540,3632,2675,2182,1030,1661,231,892,3969,4190,4201,3034,3150,1459,1516,262
"G3700650","1940","North Carolina","370","Edgecombe","0650","Edgecombe","47","650",941,3465,1582,1348,1128,773,459,320,242,771,2975,2021,1609,1410,994,708,467,236
"G3700670","1940","North Carolina","370","Forsyth","0670","Forsyth","47","670",1583,5980,5918,6610,4302,3382,1486,1444,309,1378,5724,6644,7351,4929,4303,1991,1740,272
"G3700690","1940","North Carolina","370","Franklin","0690","Franklin","47","690",439,1962,1382,1083,747,290,190,147,345,252,1282,1480,1191,911,438,463,185,340
"G3700710","1940","North Carolina","370","Gaston","0710","Gaston","47","710",1153,4620,4235,3973,2675,1357,720,629,285,1083,4565,4787,4097,2692,1732,1006,776,182
"G3700730","1940","North Carolina","370","Gates","0730","Gates","47","730",200,666,441,505,225,97,64,40,71,95,422,411,553,289,200,158,66,29
"G3700750","1940","North Carolina","370","Graham","0750","Graham","47","750",125,428,306,273,165,57,26,21,6,72,346,309,256,150,59,34,24,8
"G3700770","1940","North Carolina","370","Granville","0770","Granville","47","770",486,1958,1220,983,805,368,237,166,91,311,1323,1247,1081,898,577,531,292,65
"G3700790","1940","North Carolina","370","Greene","0790","Greene","47","790",303,1220,724,540,320,120,83,55,322,158,874,757,631,416,198,149,106,300
"G3700810","1940","North Carolina","370","Guilford","0810","Guilford","47","810",1351,5685,6423,8524,5618,4748,2673,2404,818,1121,5154,6799,9030,6116,6088,3454,2672,682
"G3700830","1940","North Carolina","370","Halifax","0830","Halifax","47","830",1402,3902,2071,1726,1030,711,358,278,243,1095,3107,2470,1931,1232,869,645,416,208
"G3700850","1940","North Carolina","370","Harnett","0850","Harnett","47","850",603,2445,1849,1884,1193,594,268,222,345,404,1913,1833,1866,1351,857,426,281,282
"G3700870","1940","North Carolina","370","Haywood","0870","Haywood","47","870",546,1555,1432,1678,1315,671,344,281,50,355,1201,1447,1619,1374,856,462,265,31
"G3700890","1940","North Carolina","370","Henderson","0890","Henderson","47","890",251,1130,1010,1570,1017,696,309,296,158,217,934,1048,1558,1145,1053,464,354,72
"G3700910","1940","North Carolina","370","Hertford","0910","Hertford","47","910",358,1408,825,666,404,223,177,103,58,207,856,815,755,527,388,418,200,52
"G3700930","1940","North Carolina","370","Hoke","0930","Hoke","47","930",417,876,493,531,233,130,99,77,53,310,688,584,599,288,212,165,99,39
"G3700950","1940","North Carolina","370","Hyde","0950","Hyde","47","950",108,430,365,378,295,72,57,45,28,124,314,420,394,325,141,115,46,26
"G3700970","1940","North Carolina","370","Iredell","0970","Iredell","47","970",580,2046,2158,2871,1885,1038,458,409,154,424,1765,2201,2988,2051,1329,891,465,138
"G3700990","1940","North Carolina","370","Jackson","0990","Jackson","47","990",314,1044,852,908,596,345,151,107,98,194,870,809,828,595,319,250,132,78
"G3701010","1940","North Carolina","370","Johnston","1010","Johnston","47","1010",991,3486,2910,3004,1574,583,362,243,275,811,2765,2857,2999,1654,866,627,329,240
"G3701030","1940","North Carolina","370","Jones","1030","Jones","47","1030",165,663,436,438,251,72,73,38,157,95,475,423,495,289,133,94,52,155
"G3701050","1940","North Carolina","370","Lee","1050","Lee","47","1050",291,894,831,982,734,133,236,166,45,223,640,860,1038,889,192,381,162,36
"G3701070","1940","North Carolina","370","Lenoir","1070","Lenoir","47","1070",726,2586,1624,1372,956,714,373,291,316,591,2009,1901,1637,1238,969,614,410,329
"G3701090","1940","North Carolina","370","Lincoln","1090","Lincoln","47","1090",195,1229,1116,1305,628,431,204,153,80,183,1064,1156,1383,645,550,316,141,64
"G3701110","1940","North Carolina","370","McDowell","1110","Mcdowell","47","1110",293,1173,1164,1034,722,321,196,125,127,183,1025,1261,1071,756,407,235,166,81
"G3701130","1940","North Carolina","370","Macon","1130","Macon","47","1130",165,830,856,1048,469,186,93,95,21,104,631,747,1053,475,249,147,99,12
"G3701150","1940","North Carolina","370","Madison","1150","Madison","47","1150",379,1325,1049,1104,580,206,173,92,49,264,980,1089,1148,713,253,253,131,35
"G3701170","1940","North Carolina","370","Martin","1170","Martin","47","1170",485,1556,942,771,660,347,225,126,216,378,1083,1062,831,769,437,342,152,174
"G3701190","1940","North Carolina","370","Mecklenburg","1190","Mecklenburg","47","1190",1649,5794,5209,7202,6011,5944,3251,2967,268,1522,5611,5975,7452,6525,7518,3926,2800,257
"G3701210","1940","North Carolina","370","Mitchell","1210","Mitchell","47","1210",164,862,748,796,466,209,104,69,54,133,727,898,701,434,204,134,79,28
"G3701230","1940","North Carolina","370","Montgomery","1230","Montgomery","47","1230",195,704,818,874,441,288,118,103,150,175,649,788,858,472,374,209,134,123
"G3701250","1940","North Carolina","370","Moore","1250","Moore","47","1250",384,1411,1221,1735,944,552,307,322,200,253,1125,1195,1796,1215,804,483,361,249
"G3701270","1940","North Carolina","370","Nash","1270","Nash","47","1270",1053,3465,2239,1854,1396,768,418,336,334,732,2851,2323,2136,1608,1076,748,432,243
"G3701290","1940","North Carolina","370","New Hanover","1290","New Hanover","47","1290",571,1974,1864,2816,1527,1706,738,712,263,564,1968,1988,2931,1942,2431,927,658,178
"G3701310","1940","North Carolina","370","Northampton","1310","Northampton","47","1310",595,2162,979,763,488,251,172,108,311,426,1543,1167,980,628,377,373,231,281
"G3701330","1940","North Carolina","370","Onslow","1330","Onslow","47","1330",282,1191,848,896,377,183,76,66,58,228,845,818,857,475,292,126,76,37
"G3701350","1940","North Carolina","370","Orange","1350","Orange","47","1350",270,1163,1039,1076,688,341,251,632,85,186,914,1023,1115,727,579,430,549,62
"G3701370","1940","North Carolina","370","Pamlico","1370","Pamlico","47","1370",154,514,439,517,325,82,62,47,25,128,413,420,503,420,115,109,38,12
"G3701390","1940","North Carolina","370","Pasquotank","1390","Pasquotank","47","1390",335,1213,882,883,656,454,280,206,100,271,1000,929,951,770,618,407,260,85
"G3701410","1940","North Carolina","370","Pender","1410","Pender","47","1410",412,1017,672,835,533,225,76,79,56,325,777,672,845,577,287,160,91,32
"G3701430","1940","North Carolina","370","Perquimans","1430","Perquimans","47","1430",103,914,486,422,208,111,80,42,35,77,597,502,448,238,176,173,71,21
"G3701450","1940","North Carolina","370","Person","1450","Person","47","1450",524,1391,1022,1063,617,300,140,130,128,315,1029,1073,1131,651,406,277,174,85
"G3701470","1940","North Carolina","370","Pitt","1470","Pitt","47","1470",971,3815,2282,2411,1273,830,651,418,179,679,3168,2492,2661,1532,1045,935,639,136
"G3701490","1940","North Carolina","370","Polk","1490","Polk","47","1490",153,654,543,550,333,175,77,132,24,104,511,575,540,421,372,138,171,23
"G3701510","1940","North Carolina","370","Randolph","1510","Randolph","47","1510",388,1798,1981,2794,1656,715,363,209,519,264,1392,1980,2972,1760,896,463,256,481
"G3701530","1940","North Carolina","370","Richmond","1530","Richmond","47","1530",720,1824,1455,1767,1086,508,291,234,162,598,1560,1631,1789,1180,621,422,344,194
"G3701550","1940","North Carolina","370","Robeson","1550","Robeson","47","1550",1646,4191,2699,2446,1761,1046,659,461,439,1351,3535,2914,2725,2023,1345,1006,636,389
"G3701570","1940","North Carolina","370","Rockingham","1570","Rockingham","47","1570",911,3185,2791,2994,1443,862,436,389,138,695,2638,2960,3122,1667,1206,623,477,112
"G3701590","1940","North Carolina","370","Rowan","1590","Rowan","47","1590",800,2823,2906,4096,2761,1414,779,652,238,615,2493,3046,3980,2983,1765,1005,703,206
"G3701610","1940","North Carolina","370","Rutherford","1610","Rutherford","47","1610",613,2319,2028,2338,1489,715,320,255,68,475,2120,2242,2391,1568,925,398,343,45
"G3701630","1940","North Carolina","370","Sampson","1630","Sampson","47","1630",959,2328,1875,2124,1512,585,318,200,135,667,1641,1791,2254,1766,885,558,267,118
"G3701650","1940","North Carolina","370","Scotland","1650","Scotland","47","1650",699,1521,765,623,447,299,232,145,35,598,1347,870,719,509,333,336,198,22
"G3701670","1940","North Carolina","370","Stanly","1670","Stanly","47","1670",371,1594,1526,1734,1032,653,299,266,120,324,1410,1587,1743,1093,721,371,325,110
"G3701690","1940","North Carolina","370","Stokes","1690","Stokes","47","1690",494,1230,983,1264,655,229,91,69,9,297,954,958,1282,729,290,142,75,8
"G3701710","1940","North Carolina","370","Surry","1710","Surry","47","1710",744,1991,1857,2383,1009,572,295,230,102,612,1688,1916,2500,1102,754,422,309,101
"G3701730","1940","North Carolina","370","Swain","1730","Swain","47","1730",144,667,580,615,278,136,86,61,20,118,556,583,572,286,168,98,82,18
"G3701750","1940","North Carolina","370","Transylvania","1750","Transylvania","47","1750",119,598,480,572,532,352,153,119,65,72,404,467,523,519,394,173,118,6
"G3701770","1940","North Carolina","370","Tyrrell","1770","Tyrrell","47","1770",138,275,312,259,164,62,43,32,10,135,205,296,269,185,78,66,22,6
"G3701790","1940","North Carolina","370","Union","1790","Union","47","1790",564,1715,1549,2125,1209,677,336,240,140,450,1368,1508,2223,1326,847,517,355,101
"G3701810","1940","North Carolina","370","Vance","1810","Vance","47","1810",542,1763,1310,948,920,487,297,213,94,371,1416,1410,1021,987,686,561,286,59
"G3701830","1940","North Carolina","370","Wake","1830","Wake","47","1830",1671,4841,4173,4601,3785,3053,2071,2520,504,1237,3748,4185,4951,4220,4266,3425,2151,418
"G3701850","1940","North Carolina","370","Warren","1850","Warren","47","1850",350,1459,956,769,539,384,134,115,54,216,958,1102,849,615,528,331,214,37
"G3701870","1940","North Carolina","370","Washington","1870","Washington","47","1870",158,797,517,546,285,215,90,83,75,123,631,488,564,342,277,129,81,77
"G3701890","1940","North Carolina","370","Watauga","1890","Watauga","47","1890",235,776,902,1051,464,234,132,125,42,154,587,818,1102,496,268,227,155,22
"G3701910","1940","North Carolina","370","Wayne","1910","Wayne","47","1910",1373,3696,2361,2151,1394,858,558,429,499,1153,3164,2452,2494,1741,1307,847,548,309
"G3701930","1940","North Carolina","370","Wilkes","1930","Wilkes","47","1930",712,2122,1852,2604,863,411,241,170,135,702,1865,1924,2679,882,524,306,224,157
"G3701950","1940","North Carolina","370","Wilson","1950","Wilson","47","1950",991,3372,1984,1491,1264,649,499,385,279,799,2789,2201,1768,1504,889,697,502,256
"G3701970","1940","North Carolina","370","Yadkin","1970","Yadkin","47","1970",282,721,1147,1579,506,200,87,79,69,214,567,1135,1563,527,272,121,107,95
"G3701990","1940","North Carolina","370","Yancey","1990","Yancey","47","1990",278,1039,773,799,475,175,73,63,63,218,828,784,805,473,169,127,67,19
"G3800010","1940","North Dakota","380","Adams","0010","Adams","36","10",41,99,113,662,125,108,73,39,7,37,58,98,428,135,157,138,22,6
"G3800030","1940","North Dakota","380","Barnes","0030","Barnes","36","30",27,268,459,2658,605,447,375,232,81,13,170,315,1952,537,580,658,203,40
"G3800050","1940","North Dakota","380","Benson","0050","Benson","36","50",79,316,381,1775,394,287,174,96,54,85,184,261,1235,337,354,276,65,35
"G3800070","1940","North Dakota","380","Billings","0070","Billings","36","70",41,114,90,282,44,38,26,14,2,66,70,62,175,36,41,49,5,0
"G3800090","1940","North Dakota","380","Bottineau","0090","Bottineau","36","90",46,337,392,2167,403,297,204,105,34,15,207,273,1490,338,376,402,73,15
"G3800110","1940","North Dakota","380","Bowman","0110","Bowman","36","110",8,85,94,652,127,94,48,34,17,5,40,63,376,129,117,140,21,7
"G3800130","1940","North Dakota","380","Burke","0130","Burke","36","130",5,184,245,1311,194,179,90,37,12,6,98,134,913,192,245,181,36,6
"G3800150","1940","North Dakota","380","Burleigh","0150","Burleigh","36","150",84,469,555,2353,736,774,593,472,108,64,338,388,1820,731,1161,862,309,73
"G3800170","1940","North Dakota","380","Cass","0170","Cass","36","170",129,614,1012,6300,2094,2134,1304,1222,354,92,428,735,5063,2132,2981,2112,1010,192
"G3800190","1940","North Dakota","380","Cavalier","0190","Cavalier","36","190",64,466,504,1974,316,291,142,92,18,41,281,321,1325,317,402,351,62,4
"G3800210","1940","North Dakota","380","Dickey","0210","Dickey","36","210",32,241,289,1377,295,185,160,93,23,33,200,183,900,322,265,330,96,10
"G3800230","1940","North Dakota","380","Divide","0230","Divide","36","230",15,152,213,1293,176,150,102,46,9,4,86,123,871,161,176,176,27,5
"G3800250","1940","North Dakota","380","Dunn","0250","Dunn","36","250",104,345,283,915,155,107,49,32,16,110,231,247,687,112,122,131,22,17
"G3800270","1940","North Dakota","380","Eddy","0270","Eddy","36","270",21,110,154,953,185,137,81,54,9,9,85,124,573,180,153,154,38,3
"G3800290","1940","North Dakota","380","Emmons","0290","Emmons","36","290",118,456,467,1034,158,100,63,51,27,166,445,396,801,137,119,139,28,10
"G3800310","1940","North Dakota","380","Foster","0310","Foster","36","310",20,116,138,832,184,141,87,53,17,6,67,98,562,189,221,169,28,8
"G3800330","1940","North Dakota","380","Golden Valley","0330","Golden Valley","36","330",5,62,90,490,136,90,55,38,2,4,38,59,314,115,127,137,24,1
"G3800350","1940","North Dakota","380","Grand Forks","0350","Grand Forks","36","350",91,629,768,4551,1134,1180,632,658,139,58,463,574,3679,1271,1725,889,476,97
"G3800370","1940","North Dakota","380","Grant","0370","Grant","36","370",65,355,267,930,132,68,58,35,12,71,261,245,722,111,92,104,15,14
"G3800390","1940","North Dakota","380","Griggs","0390","Griggs","36","390",5,102,164,1071,153,128,86,51,25,9,63,94,747,146,169,149,40,14
"G3800410","1940","North Dakota","380","Hettinger","0410","Hettinger","36","410",50,262,266,810,150,112,64,52,5,43,219,259,589,122,162,136,32,3
"G3800430","1940","North Dakota","380","Kidder","0430","Kidder","36","430",78,194,202,850,136,89,77,37,6,72,139,166,605,122,146,141,17,4
"G3800450","1940","North Dakota","380","LaMoure","0450","La Moure","36","450",44,225,252,1612,256,170,131,79,24,38,167,193,1165,259,281,243,31,21
"G3800470","1940","North Dakota","380","Logan","0470","Logan","36","470",162,340,336,657,62,47,47,23,20,178,337,264,516,61,61,61,9,20
"G3800490","1940","North Dakota","380","McHenry","0490","Mchenry","36","490",88,422,454,1931,378,349,136,91,34,93,334,374,1300,302,380,320,56,18
"G3800510","1940","North Dakota","380","McIntosh","0510","Mcintosh","36","510",171,542,444,655,61,72,51,50,12,204,553,382,568,56,81,73,9,10
"G3800530","1940","North Dakota","380","McKenzie","0530","Mckenzie","36","530",22,126,203,1555,244,145,81,41,6,16,65,124,934,211,220,189,32,5
"G3800550","1940","North Dakota","380","McLean","0550","Mclean","36","550",138,465,552,2199,350,260,180,118,32,164,353,429,1509,328,301,344,81,18
"G3800570","1940","North Dakota","380","Mercer","0570","Mercer","36","570",87,441,393,906,120,97,52,54,6,96,416,343,737,112,97,88,20,3
"G3800590","1940","North Dakota","380","Morton","0590","Morton","36","590",103,733,683,2272,368,336,207,183,90,104,609,618,1758,362,435,378,88,62
"G3800610","1940","North Dakota","380","Mountrail","0610","Mountrail","36","610",21,241,335,1761,262,210,135,64,32,16,121,203,1174,249,274,230,49,18
"G3800630","1940","North Dakota","380","Nelson","0630","Nelson","36","630",33,233,247,1497,276,195,140,69,24,17,120,176,1050,247,265,248,56,10
"G3800650","1940","North Dakota","380","Oliver","0650","Oliver","36","650",29,148,171,452,50,32,33,16,5,32,100,118,345,50,56,53,5,3
"G3800670","1940","North Dakota","380","Pembina","0670","Pembina","36","670",148,476,505,2056,416,366,186,120,39,127,293,348,1381,447,553,367,95,29
"G3800690","1940","North Dakota","380","Pierce","0690","Pierce","36","690",50,261,300,1176,168,145,108,48,23,48,244,240,842,154,196,192,45,19
"G3800710","1940","North Dakota","380","Ramsey","0710","Ramsey","36","710",53,313,477,2061,495,494,301,165,33,33,205,310,1449,508,640,484,124,24
"G3800730","1940","North Dakota","380","Ransom","0730","Ransom","36","730",20,196,301,1508,347,244,149,86,41,18,100,198,1100,317,318,307,73,20
"G3800750","1940","North Dakota","380","Renville","0750","Renville","36","750",9,102,125,1014,201,135,73,42,7,4,60,109,672,205,182,157,24,2
"G3800770","1940","North Dakota","380","Richland","0770","Richland","36","770",45,505,674,3111,556,451,371,198,98,43,355,525,2224,521,563,613,119,58
"G3800790","1940","North Dakota","380","Rolette","0790","Rolette","36","790",204,545,470,1243,277,177,102,71,30,166,336,314,889,297,250,212,66,11
"G3800810","1940","North Dakota","380","Sargent","0810","Sargent","36","810",20,166,217,1428,285,171,88,60,23,14,133,116,964,270,250,216,34,14
"G3800830","1940","North Dakota","380","Sheridan","0830","Sheridan","36","830",97,285,248,774,80,61,51,32,32,113,254,208,570,72,68,65,11,23
"G3800850","1940","North Dakota","380","Sioux","0850","Sioux","36","850",51,137,172,379,109,41,53,33,22,41,129,158,236,104,70,65,25,16
"G3800870","1940","North Dakota","380","Slope","0870","Slope","36","870",13,64,80,455,113,68,42,16,7,8,39,39,278,77,63,101,16,4
"G3800890","1940","North Dakota","380","Stark","0890","Stark","36","890",135,644,527,1361,312,241,193,190,24,168,589,489,1077,292,294,326,136,8
"G3800910","1940","North Dakota","380","Steele","0910","Steele","36","910",12,105,153,1111,178,144,85,36,15,5,47,111,728,170,151,194,31,9
"G3800930","1940","North Dakota","380","Stutsman","0930","Stutsman","36","930",176,564,890,3269,619,592,260,226,239,147,469,623,2417,714,845,527,202,142
"G3800950","1940","North Dakota","380","Towner","0950","Towner","36","950",21,158,230,1100,246,178,102,57,22,23,101,129,706,224,217,210,49,16
"G3800970","1940","North Dakota","380","Traill","0970","Traill","36","970",17,124,285,2025,460,353,282,169,66,20,95,177,1466,320,335,478,146,19
"G3800990","1940","North Dakota","380","Walsh","0990","Walsh","36","990",307,702,632,2809,530,440,222,137,36,229,503,525,2058,475,597,392,88,49
"G3801010","1940","North Dakota","380","Ward","1010","Ward","36","1010",73,569,802,4126,994,1111,558,441,91,65,349,576,3028,1070,1534,973,388,62
"G3801030","1940","North Dakota","380","Wells","1030","Wells","36","1030",64,250,347,1666,269,230,147,73,20,74,194,282,1203,293,250,278,55,10
"G3801050","1940","North Dakota","380","Williams","1050","Williams","36","1050",71,340,402,2585,497,477,219,183,107,37,173,267,1695,501,588,423,112,25
"G3900010","1940","Ohio","390","Adams","0010","Adams","24","10",79,642,906,3121,439,492,194,135,93,39,430,736,2871,493,594,216,82,71
"G3900030","1940","Ohio","390","Allen","0030","Allen","24","30",282,1154,2246,8859,3649,3392,1064,980,102,159,775,1968,8623,3945,4358,1204,597,85
"G3900050","1940","Ohio","390","Ashland","0050","Ashland","24","50",42,208,510,4186,1384,1418,536,483,120,28,123,466,3977,1416,1867,621,306,87
"G3900070","1940","Ohio","390","Ashtabula","0070","Ashtabula","24","70",601,1642,2115,7420,4254,3144,685,716,244,614,1127,1683,6401,4431,4261,1092,510,184
"G3900090","1940","Ohio","390","Athens","0090","Athens","24","90",239,1194,1796,5088,1431,1359,521,597,1017,165,729,1596,4476,1531,1887,873,603,1143
"G3900110","1940","Ohio","390","Auglaize","0110","Auglaize","24","110",42,359,887,4276,1070,1127,269,242,33,29,268,870,4030,1176,1450,305,152,30
"G3900130","1940","Ohio","390","Belmont","0130","Belmont","24","130",945,3399,3847,11256,3140,2659,741,681,670,754,2308,3302,10639,3393,3428,983,454,514
"G3900150","1940","Ohio","390","Brown","0150","Brown","24","150",68,411,923,3524,605,646,141,139,60,54,262,728,3265,738,846,209,95,44
"G3900170","1940","Ohio","390","Butler","0170","Butler","24","170",367,2792,5073,12849,5148,4149,1342,1776,393,304,2302,4675,12557,5834,5431,1583,1172,285
"G3900190","1940","Ohio","390","Carroll","0190","Carroll","24","190",101,263,488,2732,584,560,176,133,37,67,156,337,2522,651,647,225,97,23
"G3900210","1940","Ohio","390","Champaign","0210","Champaign","24","210",95,412,706,3332,1170,1027,326,285,105,57,250,565,2882,1325,1533,463,194,80
"G3900230","1940","Ohio","390","Clark","0230","Clark","24","230",311,1617,2901,11172,5230,4289,1251,1345,180,217,1274,2546,10414,5870,5996,1416,987,129
"G3900250","1940","Ohio","390","Clermont","0250","Clermont","24","250",107,787,1238,4718,1307,1131,318,352,121,94,512,1044,4525,1368,1509,359,221,90
"G3900270","1940","Ohio","390","Clinton","0270","Clinton","24","270",42,328,654,3330,816,1020,303,331,65,22,187,537,3166,842,1359,440,294,45
"G3900290","1940","Ohio","390","Columbiana","0290","Columbiana","24","290",455,1608,2798,12202,3657,3031,940,902,290,343,1217,2460,11690,4115,3980,1318,605,255
"G3900310","1940","Ohio","390","Coshocton","0310","Coshocton","24","310",59,478,860,4294,1431,1197,369,285,118,47,311,757,4056,1513,1479,419,179,87
"G3900330","1940","Ohio","390","Crawford","0330","Crawford","24","330",78,367,805,4986,1776,1645,469,379,217,58,252,775,4659,1859,2269,536,268,117
"G3900350","1940","Ohio","390","Cuyahoga","0350","Cuyahoga","24","350",13530,32488,46607,112177,63023,56402,18823,26663,3133,14679,28763,45890,116130,66793,73433,19746,16231,2425
"G3900370","1940","Ohio","390","Darke","0370","Darke","24","370",63,556,1106,6090,1352,1369,460,317,53,45,378,983,5924,1421,1715,567,210,41
"G3900390","1940","Ohio","390","Defiance","0390","Defiance","24","390",46,303,724,3251,1060,868,369,283,56,39,219,627,3109,1091,1034,513,143,40
"G3900410","1940","Ohio","390","Delaware","0410","Delaware","24","410",34,314,657,3363,1156,1225,464,462,142,24,201,462,2982,1351,1638,622,474,104
"G3900430","1940","Ohio","390","Erie","0430","Erie","24","430",148,993,1749,5219,2333,1865,640,540,206,99,653,1436,4621,2430,2512,760,328,176
"G3900450","1940","Ohio","390","Fairfield","0450","Fairfield","24","450",88,591,1213,6612,1981,1937,556,555,85,62,434,1065,6306,2136,2560,771,348,50
"G3900470","1940","Ohio","390","Fayette","0470","Fayette","24","470",55,425,793,3073,754,694,233,180,48,31,262,601,2877,866,942,327,152,19
"G3900490","1940","Ohio","390","Franklin","0490","Franklin","24","490",1905,6225,11525,37068,20090,20994,7754,10283,1504,1461,5303,10882,37050,22439,30370,8341,6773,1305
"G3900510","1940","Ohio","390","Fulton","0510","Fulton","24","510",33,198,423,3803,923,952,263,215,87,26,154,412,3436,997,1159,417,137,70
"G3900530","1940","Ohio","390","Gallia","0530","Gallia","24","530",234,763,999,3336,547,498,289,180,91,194,618,901,3170,629,649,372,135,67
"G3900550","1940","Ohio","390","Geauga","0550","Geauga","24","550",115,380,718,2196,1064,865,283,277,15,103,243,569,1685,995,1042,393,190,5
"G3900570","1940","Ohio","390","Greene","0570","Greene","24","570",127,485,899,4211,1547,1633,559,772,131,89,403,741,3676,1649,2186,800,611,74
"G3900590","1940","Ohio","390","Guernsey","0590","Guernsey","24","590",196,816,1531,5609,1315,1124,347,327,236,161,576,1308,5175,1522,1576,482,206,173
"G3900610","1940","Ohio","390","Hamilton","0610","Hamilton","24","610",2533,15230,23529,67485,29100,23208,9407,13404,3453,2403,15370,26955,74896,34573,31278,8935,8546,2891
"G3900630","1940","Ohio","390","Hancock","0630","Hancock","24","630",55,368,1035,5235,1740,2054,857,582,140,65,250,886,5100,1959,2530,1013,401,128
"G3900650","1940","Ohio","390","Hardin","0650","Hardin","24","650",57,445,896,3621,1003,1012,412,367,81,46,297,788,3367,1073,1327,589,271,59
"G3900670","1940","Ohio","390","Harrison","0670","Harrison","24","670",106,274,552,3152,690,621,212,167,64,53,167,393,2833,730,778,370,132,44
"G3900690","1940","Ohio","390","Henry","0690","Henry","24","690",47,409,827,3339,780,687,247,208,78,30,305,691,3018,833,898,360,112,53
"G3900710","1940","Ohio","390","Highland","0710","Highland","24","710",64,418,831,4253,878,974,281,266,87,67,261,658,4283,1022,1277,368,177,47
"G3900730","1940","Ohio","390","Hocking","0730","Hocking","24","730",60,481,756,3150,601,546,142,161,39,38,320,648,2801,667,748,229,126,24
"G3900750","1940","Ohio","390","Holmes","0750","Holmes","24","750",10,100,328,3074,510,480,136,125,11,15,109,367,2689,493,558,198,86,10
"G3900770","1940","Ohio","390","Huron","0770","Huron","24","770",135,392,929,4576,1920,1369,525,398,243,83,269,727,4025,2029,2065,777,302,172
"G3900790","1940","Ohio","390","Jackson","0790","Jackson","24","790",135,788,1425,2982,744,679,230,189,66,88,552,1243,2938,894,877,305,162,45
"G3900810","1940","Ohio","390","Jefferson","0810","Jefferson","24","810",1598,3510,3958,10245,3739,3041,766,906,465,1198,2196,3208,9005,3941,3683,1037,680,298
"G3900830","1940","Ohio","390","Knox","0830","Knox","24","830",39,218,511,4279,1669,1542,509,456,160,29,125,420,3974,1759,2040,652,276,105
"G3900850","1940","Ohio","390","Lake","0850","Lake","24","850",258,983,1521,4897,2741,2708,840,887,79,216,712,1225,4353,2759,3587,1085,652,126
"G3900870","1940","Ohio","390","Lawrence","0870","Lawrence","24","870",353,1688,2208,4528,1261,1086,361,290,111,244,1195,2048,4669,1408,1228,481,188,87
"G3900890","1940","Ohio","390","Licking","0890","Licking","24","890",114,635,1468,8558,3297,2794,861,931,304,86,437,1201,7708,3722,4053,1084,618,183
"G3900910","1940","Ohio","390","Logan","0910","Logan","24","910",52,275,679,4148,1395,1560,353,327,107,35,155,534,3716,1543,2042,561,248,58
"G3900930","1940","Ohio","390","Lorain","0930","Lorain","24","930",1066,2780,3978,11262,6530,5001,1273,1626,150,940,2000,3427,9861,6163,6795,1645,1252,114
"G3900950","1940","Ohio","390","Lucas","0950","Lucas","24","950",1535,7569,11890,40025,17333,14365,5247,5792,1957,1313,6040,11020,39197,18438,19118,5192,3524,1650
"G3900970","1940","Ohio","390","Madison","0970","Madison","24","970",162,686,1048,3072,1020,847,319,250,95,41,253,546,2185,832,924,392,173,28
"G3900990","1940","Ohio","390","Mahoning","0990","Mahoning","24","990",3400,7744,9149,23254,10595,8529,2884,3333,623,2907,5425,8173,22230,10766,10213,3363,1841,529
"G3901010","1940","Ohio","390","Marion","1010","Marion","24","1010",71,535,1250,5687,2211,2036,563,510,142,52,388,1034,5365,2530,2776,699,326,84
"G3901030","1940","Ohio","390","Medina","1030","Medina","24","1030",120,389,845,4174,1785,1743,490,480,76,86,252,683,3523,1818,2350,637,326,34
"G3901050","1940","Ohio","390","Meigs","1050","Meigs","24","1050",91,702,1100,3344,599,593,202,168,31,50,459,951,3249,716,741,270,101,17
"G3901070","1940","Ohio","390","Mercer","1070","Mercer","24","1070",44,320,677,4070,769,813,273,292,25,29,234,568,3818,822,924,327,134,76
"G3901090","1940","Ohio","390","Miami","1090","Miami","24","1090",149,697,1481,6435,2663,2283,687,635,153,128,502,1312,6296,3019,3057,882,394,109
"G3901110","1940","Ohio","390","Monroe","1110","Monroe","24","1110",44,306,748,2947,415,389,191,97,72,21,220,687,2895,446,438,184,58,47
"G3901130","1940","Ohio","390","Montgomery","1130","Montgomery","24","1130",975,4999,8843,33772,16318,14998,4521,5293,1531,710,3897,8294,33112,17182,18792,4730,2681,781
"G3901150","1940","Ohio","390","Morgan","1150","Morgan","24","1150",40,152,275,2516,432,425,155,119,43,20,72,197,2358,477,578,193,68,26
"G3901170","1940","Ohio","390","Morrow","1170","Morrow","24","1170",14,102,293,2530,749,703,184,141,26,7,61,208,2129,799,934,267,99,15
"G3901190","1940","Ohio","390","Muskingum","1190","Muskingum","24","1190",203,1010,2244,9369,2825,2469,813,861,226,154,721,1933,9011,3321,3505,1087,603,194
"G3901210","1940","Ohio","390","Noble","1210","Noble","24","1210",58,199,518,2417,365,418,103,118,35,33,149,442,2310,404,430,139,58,24
"G3901230","1940","Ohio","390","Ottawa","1230","Ottawa","24","1230",104,590,974,3071,1299,949,202,257,43,89,421,798,2650,1165,1297,355,162,53
"G3901250","1940","Ohio","390","Paulding","1250","Paulding","24","1250",65,361,605,2113,499,532,133,97,75,29,234,465,1847,567,676,178,62,48
"G3901270","1940","Ohio","390","Perry","1270","Perry","24","1270",114,566,1057,4513,1185,1058,269,260,82,70,319,783,3889,1255,1335,373,154,64
"G3901290","1940","Ohio","390","Pickaway","1290","Pickaway","24","1290",893,838,981,3237,793,951,246,240,54,646,463,726,3012,954,1158,365,161,39
"G3901310","1940","Ohio","390","Pike","1310","Pike","24","1310",123,715,782,1673,270,293,107,95,72,73,440,692,1581,325,313,150,47,64
"G3901330","1940","Ohio","390","Portage","1330","Portage","24","1330",283,821,1482,5147,2457,2019,759,788,103,225,567,1180,4438,2528,2532,1073,672,70
"G3901350","1940","Ohio","390","Preble","1350","Preble","24","1350",64,335,732,3173,953,1094,241,223,72,36,223,640,3117,1072,1256,347,152,60
"G3901370","1940","Ohio","390","Putnam","1370","Putnam","24","1370",62,291,576,4078,790,715,234,196,76,33,185,470,3692,792,910,322,147,61
"G3901390","1940","Ohio","390","Richland","1390","Richland","24","1390",247,854,2083,9380,3644,3451,1103,1048,322,164,601,1600,8262,3601,4560,1293,632,221
"G3901410","1940","Ohio","390","Ross","1410","Ross","24","1410",212,1437,2135,5585,1725,1544,494,575,1502,128,838,1785,5278,1960,1995,707,369,98
"G3901430","1940","Ohio","390","Sandusky","1430","Sandusky","24","1430",69,543,1388,5160,2168,1709,526,431,162,50,341,1123,4846,2375,2283,691,291,128
"G3901450","1940","Ohio","390","Scioto","1450","Scioto","24","1450",520,3051,3736,9002,2426,2075,645,650,175,348,2141,3588,9148,2841,2548,864,445,156
"G3901470","1940","Ohio","390","Seneca","1470","Seneca","24","1470",68,442,1173,6575,2118,1865,663,697,251,68,355,1085,6013,2226,2550,913,454,207
"G3901490","1940","Ohio","390","Shelby","1490","Shelby","24","1490",56,308,802,3778,998,809,331,240,60,46,166,657,3526,1064,1194,358,154,36
"G3901510","1940","Ohio","390","Stark","1510","Stark","24","1510",1938,4828,7451,29477,11080,9110,2680,2989,500,1486,3359,6398,27937,11868,11848,3089,1692,275
"G3901530","1940","Ohio","390","Summit","1530","Summit","24","1530",2020,5743,9247,36498,17757,15951,5733,6083,645,1965,4576,8141,34874,18997,20296,5534,3583,446
"G3901550","1940","Ohio","390","Trumbull","1550","Trumbull","24","1550",1418,3821,4474,12507,7211,5345,1409,1522,367,1141,2690,3705,10820,7215,6418,1850,1002,255
"G3901570","1940","Ohio","390","Tuscarawas","1570","Tuscarawas","24","1570",277,1087,2446,9446,2970,2203,612,629,85,210,819,2029,8663,3324,3053,813,360,72
"G3901590","1940","Ohio","390","Union","1590","Union","24","1590",19,186,423,2898,889,916,254,219,61,18,154,387,2741,919,1248,355,168,37
"G3901610","1940","Ohio","390","Van Wert","1610","Van Wert","24","1610",44,267,616,3996,1058,1113,297,281,137,43,220,596,3736,1108,1435,383,157,116
"G3901630","1940","Ohio","390","Vinton","1630","Vinton","24","1630",59,280,500,1527,221,259,96,75,18,28,148,385,1413,278,252,188,50,8
"G3901650","1940","Ohio","390","Warren","1650","Warren","24","1650",78,586,1074,3763,1278,962,388,339,109,60,396,912,3334,1394,1459,538,235,62
"G3901670","1940","Ohio","390","Washington","1670","Washington","24","1670",126,734,1348,6379,1321,1470,452,504,144,92,483,1120,6249,1579,2066,598,441,117
"G3901690","1940","Ohio","390","Wayne","1690","Wayne","24","1690",280,504,1105,6751,2112,2106,615,858,117,227,409,1090,6245,2157,2783,824,575,80
"G3901710","1940","Ohio","390","Williams","1710","Williams","24","1710",33,226,555,3930,1163,1048,374,241,90,27,168,486,3623,1258,1348,486,135,60
"G3901730","1940","Ohio","390","Wood","1730","Wood","24","1730",127,787,1588,6515,2547,1825,681,664,400,107,516,1306,5717,2645,2521,1060,472,253
"G3901750","1940","Ohio","390","Wyandot","1750","Wyandot","24","1750",25,139,469,3168,698,688,272,194,25,16,88,398,2808,783,899,350,130,15
"G4000010","1940","Oklahoma","400","Adair","0010","Adair","53","10",266,870,684,1191,302,208,112,85,44,177,645,669,1226,365,240,113,79,27
"G4000030","1940","Oklahoma","400","Alfalfa","0030","Alfalfa","53","30",40,213,335,1737,549,559,326,197,15,22,110,235,1536,599,648,451,157,16
"G4000050","1940","Oklahoma","400","Atoka","0050","Atoka","53","50",314,1023,849,1314,396,228,130,88,68,177,694,758,1275,421,246,176,93,24
"G4000070","1940","Oklahoma","400","Beaver","0070","Beaver","53","70",24,189,297,1157,320,228,123,61,14,8,79,212,923,349,302,190,53,10
"G4000090","1940","Oklahoma","400","Beckham","0090","Beckham","53","90",110,693,916,2242,833,567,251,220,22,58,419,817,2178,1013,763,325,180,17
"G4000110","1940","Oklahoma","400","Blaine","0110","Blaine","53","110",114,546,742,1854,674,513,240,175,70,93,340,585,1629,734,535,329,143,69
"G4000130","1940","Oklahoma","400","Bryan","0130","Bryan","53","130",396,1799,1558,2818,1202,713,536,397,74,206,1049,1483,2718,1385,877,673,461,48
"G4000150","1940","Oklahoma","400","Caddo","0150","Caddo","53","150",307,1377,1621,3985,1275,864,412,312,226,210,872,1412,3771,1469,998,574,322,154
"G4000170","1940","Oklahoma","400","Canadian","0170","Canadian","53","170",166,688,968,2990,992,947,425,325,73,99,410,699,2657,1105,1118,530,295,46
"G4000190","1940","Oklahoma","400","Carter","0190","Carter","53","190",351,1629,1711,3455,1568,1137,685,553,57,234,1106,1621,3472,1943,1472,897,530,44
"G4000210","1940","Oklahoma","400","Cherokee","0210","Cherokee","53","210",327,1208,931,1493,377,190,166,151,68,205,859,921,1479,443,225,225,172,38
"G4000230","1940","Oklahoma","400","Choctaw","0230","Choctaw","53","230",481,1585,1326,1888,688,443,213,153,54,298,1089,1233,2045,830,522,320,148,37
"G4000250","1940","Oklahoma","400","Cimarron","0250","Cimarron","53","250",12,68,96,509,176,116,53,37,7,7,27,59,337,181,139,80,31,8
"G4000270","1940","Oklahoma","400","Cleveland","0270","Cleveland","53","270",148,789,925,2562,900,622,571,827,367,126,500,729,2598,1186,965,709,755,319
"G4000290","1940","Oklahoma","400","Coal","0290","Coal","53","290",204,672,634,997,266,192,94,54,38,114,451,542,1004,312,244,139,53,31
"G4000310","1940","Oklahoma","400","Comanche","0310","Comanche","53","310",282,974,1228,3551,1930,1259,680,599,135,236,593,1061,2862,1767,1371,754,420,72
"G4000330","1940","Oklahoma","400","Cotton","0330","Cotton","53","330",65,399,495,1209,492,262,151,92,85,42,271,407,1173,590,340,173,85,67
"G4000350","1940","Oklahoma","400","Craig","0350","Craig","53","350",286,893,885,2463,696,565,305,178,85,157,572,668,2168,806,760,355,148,62
"G4000370","1940","Oklahoma","400","Creek","0370","Creek","53","370",456,2407,2266,4560,1637,1341,639,474,187,307,1681,2080,4638,2128,1638,757,466,143
"G4000390","1940","Oklahoma","400","Custer","0390","Custer","53","390",146,599,688,2285,812,726,418,313,141,103,350,607,2152,899,847,552,313,156
"G4000410","1940","Oklahoma","400","Delaware","0410","Delaware","53","410",210,1010,865,1670,386,260,128,94,60,143,617,713,1614,442,254,188,83,27
"G4000430","1940","Oklahoma","400","Dewey","0430","Dewey","53","430",73,345,432,1482,323,287,131,80,21,58,171,304,1390,384,315,174,75,13
"G4000450","1940","Oklahoma","400","Ellis","0450","Ellis","53","450",30,196,281,1231,264,251,107,54,16,18,109,184,1055,301,276,161,63,13
"G4000470","1940","Oklahoma","400","Garfield","0470","Garfield","53","470",171,808,1101,4707,1853,1924,1032,741,153,266,604,991,4518,2314,2523,1403,668,101
"G4000490","1940","Oklahoma","400","Garvin","0490","Garvin","53","490",334,1403,1406,2531,895,625,328,231,172,166,849,1236,2515,1041,665,394,244,109
"G4000510","1940","Oklahoma","400","Grady","0510","Grady","53","510",287,1502,1633,3539,1487,1120,476,412,134,166,923,1415,3307,1790,1310,673,560,94
"G4000530","1940","Oklahoma","400","Grant","0530","Grant","53","530",23,210,303,1723,589,547,234,166,45,10,115,226,1474,602,655,360,144,27
"G4000550","1940","Oklahoma","400","Greer","0550","Greer","53","550",87,425,554,1404,616,383,209,120,53,69,217,455,1174,766,421,257,114,50
"G4000570","1940","Oklahoma","400","Harmon","0570","Harmon","53","570",49,276,321,960,420,226,110,86,46,25,154,308,874,529,262,135,69,31
"G4000590","1940","Oklahoma","400","Harper","0590","Harper","53","590",15,134,192,841,252,209,91,71,12,2,63,115,706,270,210,141,58,1
"G4000610","1940","Oklahoma","400","Haskell","0610","Haskell","53","610",217,928,785,1263,314,199,96,86,38,146,663,776,1289,373,184,119,68,34
"G4000630","1940","Oklahoma","400","Hughes","0630","Hughes","53","630",316,1251,1203,2324,833,591,293,224,53,222,843,1132,2358,960,673,327,233,44
"G4000650","1940","Oklahoma","400","Jackson","0650","Jackson","53","650",91,647,893,1981,1188,673,321,216,33,41,393,763,1959,1378,802,399,214,15
"G4000670","1940","Oklahoma","400","Jefferson","0670","Jefferson","53","670",104,615,648,1286,558,326,123,106,53,56,386,562,1273,642,377,171,114,28
"G4000690","1940","Oklahoma","400","Johnston","0690","Johnston","53","690",152,813,782,1155,429,251,134,106,75,118,486,666,1156,483,248,188,115,47
"G4000710","1940","Oklahoma","400","Kay","0710","Kay","53","710",128,857,1147,4962,2117,1864,1028,817,146,90,497,969,4512,2538,2525,1276,707,76
"G4000730","1940","Oklahoma","400","Kingfisher","0730","Kingfisher","53","730",62,507,470,1761,472,493,184,171,155,48,321,397,1546,555,589,305,164,113
"G4000750","1940","Oklahoma","400","Kiowa","0750","Kiowa","53","750",108,611,882,2309,922,610,275,208,63,82,390,792,2110,1022,769,409,215,39
"G4000770","1940","Oklahoma","400","Latimer","0770","Latimer","53","770",180,629,578,954,266,132,138,81,17,107,480,583,902,297,188,155,59,8
"G4000790","1940","Oklahoma","400","Le Flore","0790","Le Flore","53","790",573,2512,2241,3464,938,543,301,228,71,348,1786,2136,3503,1126,683,370,201,48
"G4000810","1940","Oklahoma","400","Lincoln","0810","Lincoln","53","810",153,1191,1306,3065,768,570,257,207,89,118,753,1121,3032,915,700,410,205,73
"G4000830","1940","Oklahoma","400","Logan","0830","Logan","53","830",157,835,898,2629,854,687,360,313,122,95,521,805,2507,1030,953,554,374,66
"G4000850","1940","Oklahoma","400","Love","0850","Love","53","850",159,571,532,955,304,183,92,57,24,70,329,480,893,367,189,136,57,17
"G4000870","1940","Oklahoma","400","McClain","0870","Mcclain","53","870",122,898,829,1650,496,281,167,133,46,67,566,748,1667,524,357,227,155,37
"G4000890","1940","Oklahoma","400","McCurtain","0890","Mccurtain","53","890",531,2640,2065,2540,897,452,278,197,58,445,1783,1923,2721,1012,556,314,219,36
"G4000910","1940","Oklahoma","400","McIntosh","0910","Mcintosh","53","910",301,1359,1078,1541,485,290,175,134,63,229,949,1080,1487,557,334,223,104,56
"G4000930","1940","Oklahoma","400","Major","0930","Major","53","930",39,315,393,1506,371,269,129,66,19,28,213,306,1350,446,340,201,72,16
"G4000950","1940","Oklahoma","400","Marshall","0950","Marshall","53","950",179,527,522,1014,364,225,110,74,19,122,379,481,979,378,255,134,71,15
"G4000970","1940","Oklahoma","400","Mayes","0970","Mayes","53","970",207,937,885,2116,574,407,205,146,121,107,605,797,1929,648,454,258,131,36
"G4000990","1940","Oklahoma","400","Murray","0990","Murray","53","990",158,561,609,1146,477,296,173,139,32,104,340,554,1186,543,354,251,132,20
"G4001010","1940","Oklahoma","400","Muskogee","1010","Muskogee","53","1010",671,2521,2607,4567,2324,1970,921,852,913,451,1832,2428,4712,2942,2631,1269,791,590
"G4001030","1940","Oklahoma","400","Noble","1030","Noble","53","1030",87,342,500,1812,590,452,263,160,24,45,199,394,1547,680,524,345,154,21
"G4001050","1940","Oklahoma","400","Nowata","1050","Nowata","53","1050",114,642,673,1677,523,356,144,111,31,65,361,554,1525,577,477,216,110,11
"G4001070","1940","Oklahoma","400","Okfuskee","1070","Okfuskee","53","1070",344,1228,1147,1857,618,427,201,183,72,237,882,1116,1908,760,504,268,173,46
"G4001090","1940","Oklahoma","400","Oklahoma","1090","Oklahoma","53","1090",950,4495,5894,19383,11346,12486,6970,6090,1844,711,3223,5330,18735,13687,17246,8046,5175,1105
"G4001110","1940","Oklahoma","400","Okmulgee","1110","Okmulgee","53","1110",541,2128,2063,3464,1785,1269,627,512,228,428,1469,2004,3584,2163,1615,799,484,142
"G4001130","1940","Oklahoma","400","Osage","1130","Osage","53","1130",241,1419,1563,3891,1526,1165,520,487,160,155,886,1305,3639,1778,1383,582,371,100
"G4001150","1940","Oklahoma","400","Ottawa","1150","Ottawa","53","1150",200,1309,1572,3646,1169,766,385,290,217,133,883,1347,3434,1421,986,519,236,121
"G4001170","1940","Oklahoma","400","Pawnee","1170","Pawnee","53","1170",90,599,764,1831,536,418,238,97,52,66,367,628,1714,657,494,271,112,36
"G4001190","1940","Oklahoma","400","Payne","1190","Payne","53","1190",106,982,1234,3288,1019,925,785,883,139,79,651,1047,3365,1281,1335,996,797,90
"G4001210","1940","Oklahoma","400","Pittsburg","1210","Pittsburg","53","1210",707,2717,2400,4484,1637,1129,566,405,129,377,1548,1923,3557,1554,1163,674,390,41
"G4001230","1940","Oklahoma","400","Pontotoc","1230","Pontotoc","53","1230",310,1450,1526,3147,1290,1042,646,483,139,192,975,1458,3071,1435,1136,838,596,145
"G4001250","1940","Oklahoma","400","Pottawatomie","1250","Pottowatomie","53","1250",320,1605,2055,5177,1792,1434,802,586,175,205,1123,1813,5207,2306,1795,941,600,124
"G4001270","1940","Oklahoma","400","Pushmataha","1270","Pushmataha","53","1270",258,1121,970,1480,347,222,130,94,48,143,800,866,1339,430,240,165,94,30
"G4001290","1940","Oklahoma","400","Roger Mills","1290","Roger Mills","53","1290",48,294,467,1275,349,177,94,89,14,18,170,309,1080,437,249,122,67,10
"G4001310","1940","Oklahoma","400","Rogers","1310","Rogers","53","1310",133,937,907,1914,627,426,260,177,121,77,609,746,1864,756,580,306,151,89
"G4001330","1940","Oklahoma","400","Seminole","1330","Seminole","53","1330",536,2039,2221,5127,2157,1734,738,622,183,422,1448,2117,4666,2401,1803,848,517,141
"G4001350","1940","Oklahoma","400","Sequoyah","1350","Sequoyah","53","1350",388,1408,1093,1514,350,233,125,87,109,333,996,1083,1487,426,254,160,97,84
"G4001370","1940","Oklahoma","400","Stephens","1370","Stephens","53","1370",177,983,1269,2610,1211,822,376,300,100,118,646,1133,2646,1411,1015,489,275,53
"G4001390","1940","Oklahoma","400","Texas","1390","Texas","53","1390",23,194,262,1263,396,307,179,124,25,11,98,178,997,465,401,266,120,15
"G4001410","1940","Oklahoma","400","Tillman","1410","Tillman","53","1410",131,736,760,1860,852,598,279,176,59,76,448,633,1743,1052,696,407,171,39
"G4001430","1940","Oklahoma","400","Tulsa","1430","Tulsa","53","1430",917,4197,5126,15122,8683,10239,4984,4969,315,706,2979,4803,15168,11043,13588,5669,3487,249
"G4001450","1940","Oklahoma","400","Wagoner","1450","Wagoner","53","1450",352,1128,1042,1564,514,299,126,123,106,189,711,920,1665,566,331,198,136,38
"G4001470","1940","Oklahoma","400","Washington","1470","Washington","53","1470",126,779,868,2612,1153,1088,708,901,210,78,509,768,2602,1494,1643,878,502,94
"G4001490","1940","Oklahoma","400","Washita","1490","Washita","53","1490",123,657,890,2262,850,499,239,151,25,83,501,764,2109,961,573,285,158,17
"G4001510","1940","Oklahoma","400","Woods","1510","Woods","53","1510",46,240,385,1897,488,435,351,233,53,40,148,284,1593,594,533,509,276,33
"G4001530","1940","Oklahoma","400","Woodward","1530","Woodward","53","1530",164,351,484,2167,609,535,245,192,62,117,174,359,1843,700,655,359,169,33
"G4100010","1940","Oregon","410","Baker","0010","Baker","72","10",50,351,525,2647,873,863,353,241,42,12,137,316,1925,893,994,403,153,18
"G4100030","1940","Oregon","410","Benton","0030","Benton","72","30",21,214,330,1916,798,752,613,814,57,8,120,221,1555,856,1132,862,646,40
"G4100050","1940","Oregon","410","Clackamas","0050","Clackamas","72","50",155,1084,1449,8100,2771,2500,1081,902,174,107,652,1072,6448,3045,3269,1446,676,100
"G4100070","1940","Oregon","410","Clatsop","0070","Clatsop","72","70",278,624,632,3573,1354,1206,523,392,103,234,381,353,2233,1207,1467,567,268,43
"G4100090","1940","Oregon","410","Columbia","0090","Columbia","72","90",87,548,661,3163,950,794,332,193,83,49,321,418,2181,964,795,448,149,49
"G4100110","1940","Oregon","410","Coos","0110","Coos","72","110",69,619,796,4526,1763,1502,680,404,85,39,299,514,3261,1813,1650,792,277,50
"G4100130","1940","Oregon","410","Crook","0130","Crook","72","130",4,83,192,801,337,257,132,65,17,2,33,53,433,283,246,151,47,8
"G4100150","1940","Oregon","410","Curry","0150","Curry","72","150",9,70,115,708,222,190,97,61,60,2,13,61,389,210,211,108,41,30
"G4100170","1940","Oregon","410","Deschutes","0170","Deschutes","72","170",53,288,449,2494,1016,963,406,284,34,28,126,264,1574,1004,1083,503,176,14
"G4100190","1940","Oregon","410","Douglas","0190","Douglas","72","190",66,512,734,3589,1262,1070,563,352,592,51,217,395,2751,1284,1304,704,260,56
"G4100210","1940","Oregon","410","Gilliam","0210","Gilliam","72","210",9,49,99,411,176,148,55,42,4,4,18,45,227,134,144,90,26,1
"G4100230","1940","Oregon","410","Grant","0230","Grant","72","230",30,110,164,1086,292,296,123,78,14,11,32,59,647,313,305,145,44,5
"G4100250","1940","Oregon","410","Harney","0250","Harney","72","250",22,89,128,785,299,316,129,111,17,14,24,65,427,265,265,148,34,11
"G4100270","1940","Oregon","410","Hood River","0270","Hood River","72","270",37,167,290,1354,670,562,254,209,28,21,109,177,995,581,699,343,132,14
"G4100290","1940","Oregon","410","Jackson","0290","Jackson","72","290",96,590,905,4395,1850,1864,902,626,152,52,289,620,3698,1962,2419,1152,463,94
"G4100310","1940","Oregon","410","Jefferson","0310","Jefferson","72","310",9,45,69,248,85,123,35,36,4,11,32,52,140,75,96,71,24,3
"G4100330","1940","Oregon","410","Josephine","0330","Josephine","72","330",37,364,547,2379,833,695,371,247,62,20,126,319,1779,881,842,455,158,24
"G4100350","1940","Oregon","410","Klamath","0350","Klamath","72","350",136,637,1035,5511,2477,2165,932,614,136,64,272,496,3252,2111,2180,1016,352,34
"G4100370","1940","Oregon","410","Lake","0370","Lake","72","370",21,94,180,1030,380,277,127,118,33,5,33,70,473,311,273,178,74,6
"G4100390","1940","Oregon","410","Lane","0390","Lane","72","390",145,817,1375,8665,3421,3182,1703,1459,317,97,436,973,6652,3555,4185,2224,1186,210
"G4100410","1940","Oregon","410","Lincoln","0410","Lincoln","72","410",64,285,413,2136,769,627,261,172,70,33,117,249,1480,766,754,314,153,33
"G4100430","1940","Oregon","410","Linn","0430","Linn","72","430",54,481,696,4239,1356,1214,630,410,188,24,269,472,3367,1407,1536,838,321,142
"G4100450","1940","Oregon","410","Malheur","0450","Malheur","72","450",49,306,434,2552,1001,747,324,245,45,17,121,212,1646,933,861,404,140,11
"G4100470","1940","Oregon","410","Marion","0470","Marion","72","470",396,1527,2079,9290,3401,3198,1584,1422,602,318,936,1548,7870,3668,4513,2026,1057,364
"G4100490","1940","Oregon","410","Morrow","0490","Morrow","72","490",14,81,116,701,207,220,68,48,5,4,22,54,379,229,234,132,33,1
"G4100510","1940","Oregon","410","Multnomah","0510","Multnomah","72","510",1471,5233,6729,42021,19653,21907,10066,9733,1602,1188,3431,5003,38386,23047,30934,11382,6251,949
"G4100530","1940","Oregon","410","Polk","0530","Polk","72","530",51,377,499,2675,919,801,409,259,51,24,234,346,2027,970,923,535,219,24
"G4100550","1940","Oregon","410","Sherman","0550","Sherman","72","550",7,35,57,349,104,131,78,50,8,3,8,28,219,112,137,102,29,3
"G4100570","1940","Oregon","410","Tillamook","0570","Tillamook","72","570",42,188,287,1747,656,529,243,166,60,18,89,176,1157,669,667,310,102,24
"G4100590","1940","Oregon","410","Umatilla","0590","Umatilla","72","590",154,532,706,3559,1365,1177,621,415,275,97,289,424,2533,1359,1396,745,292,231
"G4100610","1940","Oregon","410","Union","0610","Union","72","610",43,301,429,2262,843,828,378,270,21,22,153,282,1692,856,1080,561,176,7
"G4100630","1940","Oregon","410","Wallowa","0630","Wallowa","72","630",18,142,213,1192,328,317,133,77,14,10,61,133,801,334,338,214,62,8
"G4100650","1940","Oregon","410","Wasco","0650","Wasco","72","650",61,215,333,1756,667,652,314,225,33,60,84,223,1302,730,838,406,138,17
"G4100670","1940","Oregon","410","Washington","0670","Washington","72","670",98,699,1067,5535,1851,1598,787,618,188,72,400,699,4324,2064,2071,1021,411,142
"G4100690","1940","Oregon","410","Wheeler","0690","Wheeler","72","690",15,57,108,414,164,159,67,34,10,4,20,30,255,135,140,72,16,4
"G4100710","1940","Oregon","410","Yamhill","0710","Yamhill","72","710",68,426,704,3386,1260,1068,589,429,68,41,260,449,2793,1359,1368,878,350,33
"G4200010","1940","Pennsylvania","420","Adams","0010","Adams","14","10",101,746,1735,5712,764,660,380,456,132,77,671,1684,5486,927,1032,492,286,114
"G4200030","1940","Pennsylvania","420","Allegheny","0030","Allegheny","14","30",19905,36906,51108,149814,50195,50573,18864,28286,4740,17696,29903,49145,152241,54862,65699,18324,16619,3845
"G4200050","1940","Pennsylvania","420","Armstrong","0050","Armstrong","14","50",541,1785,2754,11483,1840,1810,661,632,52,393,1291,2250,10418,2008,2226,1012,498,44
"G4200070","1940","Pennsylvania","420","Beaver","0070","Beaver","14","70",3108,5543,5771,15641,5427,4405,1696,1959,618,2456,3548,4788,14216,5454,5068,1967,1435,399
"G4200090","1940","Pennsylvania","420","Bedford","0090","Bedford","14","90",75,1033,2071,5147,773,741,364,318,97,77,800,1893,4603,893,1037,522,179,76
"G4200110","1940","Pennsylvania","420","Berks","0110","Berks","14","110",1170,6792,12736,28012,9874,7102,2198,3107,1573,1160,6579,13396,29213,9852,8274,2195,1766,1169
"G4200130","1940","Pennsylvania","420","Blair","0130","Blair","14","130",702,2415,4626,16831,6316,4585,1372,1395,349,717,2078,4358,16485,7269,6499,1707,906,318
"G4200150","1940","Pennsylvania","420","Bradford","0150","Bradford","14","150",285,610,1119,7290,2395,1532,500,513,160,199,369,882,6342,2770,2350,855,451,139
"G4200170","1940","Pennsylvania","420","Bucks","0170","Bucks","14","170",581,2066,3847,14335,4249,3312,1313,1677,215,596,1705,3565,13454,4452,4337,1637,1119,179
"G4200190","1940","Pennsylvania","420","Butler","0190","Butler","14","190",692,1528,2272,11918,2640,2447,1228,1154,265,667,1047,1834,10825,2919,3166,1586,896,218
"G4200210","1940","Pennsylvania","420","Cambria","0210","Cambria","14","210",2978,7449,9571,20639,5728,4935,1452,1954,308,2366,5705,8165,18472,6084,6176,2138,1244,143
"G4200230","1940","Pennsylvania","420","Cameron","0230","Cameron","14","230",34,83,151,837,248,276,100,125,22,20,60,95,687,336,430,126,69,13
"G4200250","1940","Pennsylvania","420","Carbon","0250","Carbon","14","250",673,2026,3175,6224,2050,1543,283,601,67,600,1777,3052,6036,2010,1868,555,376,49
"G4200270","1940","Pennsylvania","420","Centre","0270","Centre","14","270",283,974,1604,6358,1536,1580,602,1331,117,185,593,1150,5680,1719,2294,965,839,91
"G4200290","1940","Pennsylvania","420","Chester","0290","Chester","14","290",849,2982,4636,13967,5858,4691,1773,2241,2603,752,2116,3851,12824,6556,6940,2714,1736,797
"G4200310","1940","Pennsylvania","420","Clarion","0310","Clarion","14","310",138,502,899,5962,963,776,444,354,117,88,338,651,5251,1177,1001,819,243,55
"G4200330","1940","Pennsylvania","420","Clearfield","0330","Clearfield","14","330",1006,2844,3345,10744,2086,2086,717,683,155,823,1983,2645,9760,2456,2960,1152,435,107
"G4200350","1940","Pennsylvania","420","Clinton","0350","Clinton","14","350",116,526,948,3993,1717,1281,409,429,79,108,320,878,3618,1762,1468,559,349,47
"G4200370","1940","Pennsylvania","420","Columbia","0370","Columbia","14","370",347,1554,1758,5540,2225,1606,612,564,198,328,1044,1596,5396,2430,2036,897,426,116
"G4200390","1940","Pennsylvania","420","Crawford","0390","Crawford","14","390",234,810,1606,9275,3305,2897,1251,1062,313,224,570,1255,8079,3767,3900,1842,696,255
"G4200410","1940","Pennsylvania","420","Cumberland","0410","Cumberland","14","410",136,1094,2591,9041,2746,2640,1068,1458,144,111,903,2540,9457,3011,3623,1268,1003,123
"G4200430","1940","Pennsylvania","420","Dauphin","0430","Dauphin","14","430",1043,4026,6448,17690,8500,8515,2183,3171,545,988,3585,6659,18978,9446,11148,2367,1769,350
"G4200450","1940","Pennsylvania","420","Delaware","0450","Delaware","14","450",1879,5665,8451,28354,13950,15691,5381,10648,832,1898,4569,8220,31042,16882,22635,5454,5177,716
"G4200470","1940","Pennsylvania","420","Elk","0470","Elk","14","470",262,1009,1266,3337,1558,1023,242,352,222,226,705,987,2700,1614,1403,450,274,123
"G4200490","1940","Pennsylvania","420","Erie","0490","Erie","14","490",1590,3628,4939,20247,8820,7361,2249,2499,674,1483,2651,4492,19385,9175,9819,2666,1745,524
"G4200510","1940","Pennsylvania","420","Fayette","0510","Fayette","14","510",3607,7521,8849,19653,4612,4491,1361,1385,314,2565,5620,7754,18163,5106,5236,2117,945,219
"G4200530","1940","Pennsylvania","420","Forest","0530","Forest","14","530",16,111,168,904,200,166,69,51,15,8,70,114,689,193,206,111,43,12
"G4200550","1940","Pennsylvania","420","Franklin","0550","Franklin","14","550",120,997,2423,10100,1813,1705,754,823,148,98,769,2224,9937,2035,2388,995,776,102
"G4200570","1940","Pennsylvania","420","Fulton","0570","Fulton","14","570",34,192,386,1639,154,179,52,80,44,21,128,303,1523,160,227,69,70,26
"G4200590","1940","Pennsylvania","420","Greene","0590","Greene","14","590",457,1066,1333,6329,688,752,483,434,63,288,715,1175,5913,783,828,694,393,26
"G4200610","1940","Pennsylvania","420","Huntingdon","0610","Huntingdon","14","610",152,617,1160,5526,1052,1037,547,435,184,108,437,1034,5351,1106,1367,633,313,134
"G4200630","1940","Pennsylvania","420","Indiana","0630","Indiana","14","630",1050,2317,2733,9570,1508,1561,835,761,59,817,1471,2265,8493,1694,1960,1452,694,28
"G4200650","1940","Pennsylvania","420","Jefferson","0650","Jefferson","14","650",455,1090,1634,7243,1376,1296,534,443,35,417,908,1351,6628,1576,1816,789,327,20
"G4200670","1940","Pennsylvania","420","Juniata","0670","Juniata","14","670",12,139,565,2550,269,318,103,119,37,12,109,535,2392,299,399,166,83,38
"G4200690","1940","Pennsylvania","420","Lackawanna","0690","Lackawanna","14","690",6835,12064,10857,25847,10073,8368,2336,3427,2357,6792,9484,10984,26782,10525,11946,3394,2443,1991
"G4200710","1940","Pennsylvania","420","Lancaster","0710","Lancaster","14","710",351,2283,6592,30357,7765,5215,2161,2645,1456,322,2202,7115,31408,8558,7316,2733,1730,1252
"G4200730","1940","Pennsylvania","420","Lawrence","0730","Lawrence","14","730",1272,2483,3086,10361,3902,2890,1139,1234,243,1189,1893,2822,9428,4181,3830,1544,1045,198
"G4200750","1940","Pennsylvania","420","Lebanon","0750","Lebanon","14","750",258,1407,2815,8585,3073,2036,574,797,264,223,1436,3102,8918,3249,2489,614,595,151
"G4200770","1940","Pennsylvania","420","Lehigh","0770","Lehigh","14","770",880,3053,8559,21054,7359,5473,1823,2806,526,970,3087,9098,22108,7174,6600,1923,1601,500
"G4200790","1940","Pennsylvania","420","Luzerne","0790","Luzerne","14","790",9646,18191,17040,36408,15079,12300,2820,4120,2048,9801,14882,17461,35544,14743,16179,4308,2888,1646
"G4200810","1940","Pennsylvania","420","Lycoming","0810","Lycoming","14","810",286,1370,2703,12084,3977,3430,1410,1271,269,244,1153,2509,11846,4863,4756,1801,888,210
"G4200830","1940","Pennsylvania","420","McKean","0830","Mckean","14","830",328,944,1602,6839,2621,2296,613,698,354,242,582,1213,5695,2966,3245,1031,496,211
"G4200850","1940","Pennsylvania","420","Mercer","0850","Mercer","14","850",1191,2288,2689,11484,4311,3726,1326,1344,537,929,1576,2380,10103,4616,4664,1980,1082,400
"G4200870","1940","Pennsylvania","420","Mifflin","0870","Mifflin","14","870",73,526,1225,5377,1749,1190,408,390,170,78,400,1131,5213,1912,1591,530,248,109
"G4200890","1940","Pennsylvania","420","Monroe","0890","Monroe","14","890",151,545,1139,3644,1379,993,354,513,89,118,405,975,3539,1545,1306,468,415,74
"G4200910","1940","Pennsylvania","420","Montgomery","0910","Montgomery","14","910",2229,5647,8424,28490,12311,12314,4139,8999,752,2055,4702,8696,30902,13727,19252,4683,4912,813
"G4200930","1940","Pennsylvania","420","Montour","0930","Montour","14","930",329,400,474,2200,399,532,129,153,36,329,335,474,2247,495,710,209,126,23
"G4200950","1940","Pennsylvania","420","Northampton","0950","Northampton","14","950",1714,4196,9511,16598,6756,4453,1459,2534,1093,1535,3988,9554,16558,6763,5525,1636,1235,934
"G4200970","1940","Pennsylvania","420","Northumberland","0970","Northumberland","14","970",1364,4432,5105,12772,4027,3842,841,1017,951,1411,3655,5094,13089,3824,4715,1028,655,846
"G4200990","1940","Pennsylvania","420","Perry","0990","Perry","14","990",43,394,649,3603,606,586,272,197,52,37,266,529,3484,626,686,349,150,41
"G4201010","1940","Pennsylvania","420","Philadelphia","1010","Philadelphia","14","1010",28634,48871,70493,226028,80878,61337,17194,30357,10591,32289,47729,74400,248388,89240,82985,15333,13799,9849
"G4201030","1940","Pennsylvania","420","Pike","1030","Pike","14","1030",39,170,290,1191,330,258,68,84,28,27,117,213,1089,392,299,106,54,14
"G4201050","1940","Pennsylvania","420","Potter","1050","Potter","14","1050",155,363,554,2583,731,552,180,209,55,93,210,409,2053,844,713,339,185,38
"G4201070","1940","Pennsylvania","420","Schuylkill","1070","Schuylkill","14","1070",3849,8962,9916,20223,7707,5621,1166,1701,3387,3734,6944,9488,19950,7716,6740,1791,1093,2739
"G4201090","1940","Pennsylvania","420","Snyder","1090","Snyder","14","1090",127,277,297,3538,514,494,228,231,51,27,182,269,3434,483,523,167,158,28
"G4201110","1940","Pennsylvania","420","Somerset","1110","Somerset","14","1110",1165,2823,4006,9381,1659,1514,747,649,375,814,2135,3512,8263,1803,1951,1010,415,290
"G4201130","1940","Pennsylvania","420","Sullivan","1130","Sullivan","14","1130",99,209,244,928,354,178,61,52,11,104,125,198,809,342,200,83,42,9
"G4201150","1940","Pennsylvania","420","Susquehanna","1150","Susquehanna","14","1150",381,749,1146,4189,1712,940,241,259,80,355,452,828,3282,1925,1333,511,210,61
"G4201170","1940","Pennsylvania","420","Tioga","1170","Tioga","14","1170",134,615,842,4653,1700,1070,470,424,185,78,357,602,3800,1935,1384,844,391,128
"G4201190","1940","Pennsylvania","420","Union","1190","Union","14","1190",55,392,440,3145,833,608,445,229,121,161,316,346,2835,702,708,400,164,117
"G4201210","1940","Pennsylvania","420","Venango","1210","Venango","14","1210",818,697,1351,7853,2789,2218,693,687,248,822,509,1117,7191,3275,3390,992,532,283
"G4201230","1940","Pennsylvania","420","Warren","1230","Warren","14","1230",273,639,1435,5681,2086,1496,530,507,316,209,388,1064,4881,2424,2396,837,419,208
"G4201250","1940","Pennsylvania","420","Washington","1250","Washington","14","1250",4437,7547,8082,23171,5762,4871,1872,2281,417,3223,5124,6829,20350,6067,5993,2897,1667,299
"G4201270","1940","Pennsylvania","420","Wayne","1270","Wayne","14","1270",502,969,965,4221,1126,810,236,257,266,166,479,832,3721,1229,1182,392,209,117
"G4201290","1940","Pennsylvania","420","Westmoreland","1290","Westmoreland","14","1290",4764,9747,11234,33061,8957,7814,2706,3297,1428,3958,7249,9923,30507,9386,9673,3713,2225,834
"G4201310","1940","Pennsylvania","420","Wyoming","1310","Wyoming","14","1310",161,380,510,1955,747,507,223,164,104,114,235,372,1726,860,622,357,140,69
"G4201330","1940","Pennsylvania","420","York","1330","York","14","1330",392,3433,8321,24476,5335,4493,1746,2011,634,315,3626,8633,25078,5508,5220,1953,1080,434
"G4400010","1940","Rhode Island","440","Bristol","0010","Bristol","5","10",921,610,806,2161,809,823,188,442,209,975,609,822,2385,884,1220,240,297,114
"G4400030","1940","Rhode Island","440","Kent","0030","Kent","5","30",872,1455,2075,6099,2912,1783,575,709,169,885,1319,2097,6392,2832,2310,550,498,166
"G4400050","1940","Rhode Island","440","Newport","0050","Newport","5","50",486,774,1220,5405,2680,1668,405,783,153,446,667,1165,5194,2532,2603,532,460,128
"G4400070","1940","Rhode Island","440","Providence","0070","Providence","5","70",7742,14872,19891,57358,23164,17566,5197,8630,1966,8738,14761,21462,64373,25035,24726,5741,6028,1965
"G4400090","1940","Rhode Island","440","Washington","0090","Washington","5","90",545,515,966,3785,1376,944,426,650,148,581,408,924,3945,1404,1472,533,429,141
"G4500010","1940","South Carolina","450","Abbeville","0010","Abbeville","48","10",351,1510,871,753,912,330,227,176,12,226,1242,1053,698,1043,540,309,314,9
"G4500030","1940","South Carolina","450","Aiken","0030","Aiken","48","30",940,3882,1954,1568,1560,712,369,342,116,894,3324,2101,1694,1771,1056,497,437,100
"G4500050","1940","South Carolina","450","Allendale","0050","Allendale","48","50",411,1003,395,270,202,148,96,89,27,366,997,532,264,273,209,127,124,30
"G4500070","1940","South Carolina","450","Anderson","0070","Anderson","48","70",1030,5548,3785,2884,3356,1463,862,716,41,759,4742,4248,3060,3739,1980,1167,1007,33
"G4500090","1940","South Carolina","450","Bamberg","0090","Bamberg","48","90",323,1359,553,444,412,298,180,131,20,313,1284,579,445,493,397,215,186,16
"G4500110","1940","South Carolina","450","Barnwell","0110","Barnwell","48","110",457,1701,639,512,330,214,106,121,43,466,1702,638,569,441,307,121,182,40
"G4500130","1940","South Carolina","450","Beaufort","0130","Beaufort","48","130",561,1649,553,526,541,340,202,201,67,810,1741,703,478,386,340,222,166,49
"G4500150","1940","South Carolina","450","Berkeley","0150","Berkeley","48","150",748,2130,921,675,493,219,127,145,18,844,1856,937,537,480,265,160,104,19
"G4500170","1940","South Carolina","450","Calhoun","0170","Calhoun","48","170",317,1225,434,333,309,179,121,130,16,371,1172,492,361,336,257,148,181,13
"G4500190","1940","South Carolina","450","Charleston","0190","Charleston","48","190",1747,6600,3962,5081,3972,3326,1206,1872,231,2401,7378,4373,4877,4218,5131,1451,1176,204
"G4500210","1940","South Carolina","450","Cherokee","0210","Cherokee","48","210",583,2212,1414,1185,873,376,223,178,22,494,1965,1606,1297,977,510,350,311,14
"G4500230","1940","South Carolina","450","Chester","0230","Chester","48","230",827,2309,1122,859,855,413,281,236,20,709,2140,1424,917,1031,584,436,355,20
"G4500250","1940","South Carolina","450","Chesterfield","0250","Chesterfield","48","250",821,2160,1286,972,995,388,237,196,72,608,1930,1438,1009,1164,569,350,250,61
"G4500270","1940","South Carolina","450","Clarendon","0270","Clarendon","48","270",758,2201,948,653,631,228,185,157,21,707,1879,1102,659,699,360,215,211,23
"G4500290","1940","South Carolina","450","Colleton","0290","Colleton","48","290",508,2045,1024,785,658,247,172,168,15,513,1829,1080,729,855,391,194,200,10
"G4500310","1940","South Carolina","450","Darlington","0310","Darlington","48","310",1140,2932,1366,1090,1113,595,397,399,122,1032,2661,1648,1186,1277,860,502,553,103
"G4500330","1940","South Carolina","450","Dillon","0330","Dillon","48","330",516,1972,1054,710,550,359,203,176,175,507,1710,1222,782,656,429,338,261,156
"G4500350","1940","South Carolina","450","Dorchester","0350","Dorchester","48","350",349,1457,555,581,416,340,130,185,70,357,1292,725,583,488,474,152,170,55
"G4500370","1940","South Carolina","450","Edgefield","0370","Edgefield","48","370",249,1364,556,419,518,264,190,88,33,168,1066,723,461,620,460,218,147,32
"G4500390","1940","South Carolina","450","Fairfield","0390","Fairfield","48","390",611,1682,833,603,459,276,186,192,24,534,1553,947,645,483,347,266,251,18
"G4500410","1940","South Carolina","450","Florence","0410","Florence","48","410",1380,4132,2213,2291,1738,1230,656,588,98,1243,3667,2421,2301,2062,1807,862,729,73
"G4500430","1940","South Carolina","450","Georgetown","0430","Georgetown","48","430",966,1759,576,495,524,464,188,188,55,1309,1597,601,366,584,544,249,174,49
"G4500450","1940","South Carolina","450","Greenville","0450","Greenville","48","450",1903,7073,5766,5658,5136,2831,1525,1728,386,1565,6635,6593,5822,5790,3723,2021,2087,346
"G4500470","1940","South Carolina","450","Greenwood","0470","Greenwood","48","470",595,2201,1653,1342,1707,848,422,470,57,408,1865,1831,1332,1950,1102,582,666,41
"G4500490","1940","South Carolina","450","Hampton","0490","Hampton","48","490",735,1208,560,410,395,116,119,89,3,688,1163,629,459,525,152,153,133,11
"G4500510","1940","South Carolina","450","Horry","0510","Horry","48","510",1004,3028,2093,1728,1240,527,278,242,142,907,2387,2054,1689,1349,681,360,292,103
"G4500530","1940","South Carolina","450","Jasper","0530","Jasper","48","530",283,982,336,219,226,90,53,57,8,270,861,380,213,263,137,66,65,13
"G4500550","1940","South Carolina","450","Kershaw","0550","Kershaw","48","550",728,2151,1179,891,745,322,200,179,110,691,1901,1396,894,795,592,261,279,119
"G4500570","1940","South Carolina","450","Lancaster","0570","Lancaster","48","570",642,1886,1182,978,1179,411,249,199,41,550,1680,1331,1002,1261,636,366,229,29
"G4500590","1940","South Carolina","450","Laurens","0590","Laurens","48","590",905,2674,1783,1410,1542,590,366,351,124,782,2300,1940,1424,1652,861,567,570,108
"G4500610","1940","South Carolina","450","Lee","0610","Lee","48","610",769,1767,618,505,425,290,184,128,28,705,1656,722,528,467,367,230,220,28
"G4500630","1940","South Carolina","450","Lexington","0630","Lexington","48","630",410,1974,1554,1408,1634,550,313,284,72,359,1667,1645,1375,1719,805,379,384,51
"G4500650","1940","South Carolina","450","McCormick","0650","Mccormick","48","650",291,778,345,175,309,82,70,39,6,225,615,412,210,355,149,125,81,2
"G4500670","1940","South Carolina","450","Marion","0670","Marion","48","670",510,2078,957,895,712,486,214,221,84,500,1701,1122,1008,895,632,315,316,83
"G4500690","1940","South Carolina","450","Marlboro","0690","Marlboro","48","690",888,2446,970,709,583,389,315,204,31,915,2201,1227,777,770,524,392,326,22
"G4500710","1940","South Carolina","450","Newberry","0710","Newberry","48","710",381,2292,1330,1127,1329,445,373,404,11,330,2018,1501,1213,1538,636,395,514,12
"G4500730","1940","South Carolina","450","Oconee","0730","Oconee","48","730",440,1943,1744,1418,1177,516,244,266,11,304,1568,1902,1422,1388,626,404,331,17
"G4500750","1940","South Carolina","450","Orangeburg","0750","Orangeburg","48","750",1140,4101,2044,1361,1716,854,598,612,99,1106,3830,2382,1444,2016,1243,773,732,79
"G4500770","1940","South Carolina","450","Pickens","0770","Pickens","48","770",387,2020,1626,1441,1280,495,254,365,44,297,1695,1906,1442,1413,697,402,366,29
"G4500790","1940","South Carolina","450","Richland","0790","Richland","48","790",1459,5033,3262,3273,3424,3279,1925,2582,2341,1256,4657,3809,3437,4023,4642,2620,2557,2269
"G4500810","1940","South Carolina","450","Saluda","0810","Saluda","48","810",278,1008,562,489,842,239,157,109,13,201,744,602,485,950,380,225,166,6
"G4500830","1940","South Carolina","450","Spartanburg","0830","Spartanburg","48","830",1505,7307,5779,5306,4052,2054,1187,1342,478,1315,6410,6654,5368,4561,2804,1601,1534,488
"G4500850","1940","South Carolina","450","Sumter","0850","Sumter","48","850",836,3447,1842,1182,1054,928,521,436,163,789,3175,1981,1311,1337,1234,624,549,126
"G4500870","1940","South Carolina","450","Union","0870","Union","48","870",510,2299,1320,984,666,350,161,194,56,472,2131,1534,1048,839,496,253,305,45
"G4500890","1940","South Carolina","450","Williamsburg","0890","Williamsburg","48","890",894,2849,1141,955,695,420,177,190,53,855,2421,1339,956,807,550,306,295,35
"G4500910","1940","South Carolina","450","York","0910","York","48","910",961,3423,2145,2218,1880,1096,563,598,62,906,3185,2456,2111,1858,1315,918,950,58
"G4600010","1940","South Dakota","460","Armstrong","0010","Armstrong","37","10",0,1,3,7,3,1,0,0,0,0,0,0,3,1,2,0,0,0
"G4600030","1940","South Dakota","460","Aurora","0030","Aurora","37","30",3,61,104,951,153,105,57,49,34,1,38,71,680,172,162,142,36,27
"G4600050","1940","South Dakota","460","Beadle","0050","Beadle","37","50",34,241,404,2634,760,694,428,342,68,39,168,310,1972,836,1004,662,217,53
"G4600070","1940","South Dakota","460","Bennett","0070","Bennett","37","70",31,148,136,439,133,93,50,27,4,44,64,80,295,150,115,78,21,5
"G4600090","1940","South Dakota","460","Bon Homme","0090","Bon Homme","37","90",76,358,348,1380,282,216,129,112,20,87,343,325,1123,273,274,240,75,15
"G4600110","1940","South Dakota","460","Brookings","0110","Brookings","37","110",15,182,371,2414,473,452,311,359,51,20,120,250,1823,597,663,581,266,39
"G4600130","1940","South Dakota","460","Brown","0130","Brown","37","130",70,479,687,3636,1063,1148,621,452,58,68,367,566,2826,1185,1516,1067,349,34
"G4600150","1940","South Dakota","460","Brule","0150","Brule","37","150",6,95,158,1017,210,175,95,73,3,5,60,83,721,223,267,170,49,3
"G4600170","1940","South Dakota","460","Buffalo","0170","Buffalo","37","170",14,44,48,240,51,48,21,13,2,21,29,43,136,51,39,44,13,1
"G4600190","1940","South Dakota","460","Butte","0190","Butte","37","190",42,141,220,1015,310,261,128,86,25,35,80,126,660,329,336,261,76,11
"G4600210","1940","South Dakota","460","Campbell","0210","Campbell","37","210",29,204,234,532,73,37,39,22,7,60,185,193,456,67,57,74,9,5
"G4600230","1940","South Dakota","460","Charles Mix","0230","Charles Mix","37","230",64,383,407,1811,344,269,128,100,49,58,277,278,1408,418,369,254,64,42
"G4600250","1940","South Dakota","460","Clark","0250","Clark","37","250",15,142,245,1502,287,212,90,67,16,11,87,168,1029,323,332,212,42,6
"G4600270","1940","South Dakota","460","Clay","0270","Clay","37","270",11,124,245,1486,306,270,192,217,10,10,80,137,1058,369,382,382,208,5
"G4600290","1940","South Dakota","460","Codington","0290","Codington","37","290",45,277,487,2222,568,582,330,212,30,40,189,342,1792,655,874,480,141,25
"G4600310","1940","South Dakota","460","Corson","0310","Corson","37","310",65,205,246,671,216,103,58,55,47,66,177,181,475,170,125,118,30,44
"G4600330","1940","South Dakota","460","Custer","0330","Custer","37","330",17,93,143,863,264,213,104,77,30,2,41,71,552,294,279,198,56,14
"G4600350","1940","South Dakota","460","Davison","0350","Davison","37","350",16,173,271,1873,596,619,335,269,44,18,130,237,1525,677,951,581,240,30
"G4600370","1940","South Dakota","460","Day","0370","Day","37","370",42,348,459,2116,318,299,141,111,23,41,223,333,1450,351,395,311,74,10
"G4600390","1940","South Dakota","460","Deuel","0390","Deuel","37","390",15,189,261,1475,190,162,83,54,17,11,106,198,1000,233,200,201,32,4
"G4600410","1940","South Dakota","460","Dewey","0410","Dewey","37","410",33,150,214,576,159,98,53,66,7,38,109,146,422,170,120,126,39,5
"G4600430","1940","South Dakota","460","Douglas","0430","Douglas","37","430",12,180,227,926,149,101,59,44,21,13,146,167,777,142,131,127,24,16
"G4600450","1940","South Dakota","460","Edmunds","0450","Edmunds","37","450",35,283,275,953,151,122,77,51,19,55,230,251,732,160,128,162,32,10
"G4600470","1940","South Dakota","460","Fall River","0470","Fall River","37","470",31,186,282,1219,420,317,185,121,30,12,70,102,689,389,384,285,91,30
"G4600490","1940","South Dakota","460","Faulk","0490","Faulk","37","490",6,64,120,864,167,120,59,54,5,6,37,76,574,204,196,149,28,2
"G4600510","1940","South Dakota","460","Grant","0510","Grant","37","510",8,186,306,1790,286,274,99,80,35,14,138,243,1294,328,361,229,48,21
"G4600530","1940","South Dakota","460","Gregory","0530","Gregory","37","530",29,270,329,1346,248,223,86,75,24,25,176,246,963,266,333,228,45,22
"G4600550","1940","South Dakota","460","Haakon","0550","Haakon","37","550",9,55,74,587,145,121,57,35,5,2,25,51,349,138,156,130,20,1
"G4600570","1940","South Dakota","460","Hamlin","0570","Hamlin","37","570",18,176,269,1240,189,158,100,66,15,26,129,191,888,199,223,185,34,8
"G4600590","1940","South Dakota","460","Hand","0590","Hand","37","590",12,66,168,1219,289,126,84,56,11,11,38,101,766,295,216,206,35,8
"G4600610","1940","South Dakota","460","Hanson","0610","Hanson","37","610",11,51,154,870,123,116,82,37,19,7,40,125,673,166,204,99,27,11
"G4600630","1940","South Dakota","460","Harding","0630","Harding","37","630",2,61,79,557,123,80,46,18,12,1,23,41,279,100,103,92,18,2
"G4600650","1940","South Dakota","460","Hughes","0650","Hughes","37","650",6,92,139,707,228,264,177,207,22,3,45,93,503,297,458,322,110,19
"G4600670","1940","South Dakota","460","Hutchinson","0670","Hutchinson","37","670",59,508,455,1524,225,191,155,103,60,83,538,479,1313,263,219,191,47,42
"G4600690","1940","South Dakota","460","Hyde","0690","Hyde","37","690",6,53,82,500,92,62,62,29,2,4,31,46,307,112,142,88,21,3
"G4600710","1940","South Dakota","460","Jackson","0710","Jackson","37","710",9,38,64,271,85,88,24,26,3,5,28,37,172,90,83,64,11,0
"G4600730","1940","South Dakota","460","Jerauld","0730","Jerauld","37","730",5,77,103,745,159,138,69,54,8,2,56,64,588,154,162,149,35,4
"G4600750","1940","South Dakota","460","Jones","0750","Jones","37","750",2,38,67,393,96,95,38,21,5,3,19,30,218,113,103,84,17,0
"G4600770","1940","South Dakota","460","Kingsbury","0770","Kingsbury","37","770",19,141,220,1823,333,278,153,95,32,16,92,147,1277,370,454,308,74,18
"G4600790","1940","South Dakota","460","Lake","0790","Lake","37","790",19,161,269,1790,457,393,230,161,33,9,111,187,1295,441,535,472,138,14
"G4600810","1940","South Dakota","460","Lawrence","0810","Lawrence","37","810",63,249,424,2235,936,862,406,292,59,56,170,247,1530,997,1158,664,253,34
"G4600830","1940","South Dakota","460","Lincoln","0830","Lincoln","37","830",20,215,366,2264,464,311,169,110,48,12,151,254,1672,487,460,385,86,22
"G4600850","1940","South Dakota","460","Lyman","0850","Lyman","37","850",16,73,129,789,200,147,67,34,9,8,40,96,478,210,142,148,21,3
"G4600870","1940","South Dakota","460","McCook","0870","Mccook","37","870",17,202,266,1496,263,262,118,76,8,18,135,203,1180,310,330,228,46,8
"G4600890","1940","South Dakota","460","McPherson","0890","Mcpherson","37","890",83,490,367,731,105,73,85,40,3,111,444,396,580,64,87,124,19,5
"G4600910","1940","South Dakota","460","Marshall","0910","Marshall","37","910",33,159,262,1418,239,181,111,51,19,16,98,176,924,253,240,236,36,15
"G4600930","1940","South Dakota","460","Meade","0930","Meade","37","930",15,156,268,1421,412,271,151,93,28,12,84,152,909,429,361,341,71,27
"G4600950","1940","South Dakota","460","Mellette","0950","Mellette","37","950",33,129,143,479,107,87,39,24,12,48,60,120,312,123,99,76,22,3
"G4600970","1940","South Dakota","460","Miner","0970","Miner","37","970",4,36,107,1234,200,220,93,47,7,5,17,67,898,215,284,179,37,6
"G4600990","1940","South Dakota","460","Minnehaha","0990","Minnehaha","37","990",81,561,1232,7711,2248,2467,1204,1058,235,60,386,858,6194,2494,3642,1877,760,119
"G4601010","1940","South Dakota","460","Moody","1010","Moody","37","1010",13,94,240,1650,283,316,126,90,33,6,45,116,1202,324,408,271,65,5
"G4601030","1940","South Dakota","460","Pennington","1030","Pennington","37","1030",37,321,475,2690,1107,979,639,485,77,29,154,313,2019,1149,1409,908,322,60
"G4601050","1940","South Dakota","460","Perkins","1050","Perkins","37","1050",15,126,182,995,219,149,81,51,23,7,72,106,618,266,182,218,24,4
"G4601070","1940","South Dakota","460","Potter","1070","Potter","37","1070",8,66,149,706,131,104,53,35,13,3,46,104,553,128,160,109,25,2
"G4601090","1940","South Dakota","460","Roberts","1090","Roberts","37","1090",66,416,554,2531,355,316,167,111,39,46,245,390,1849,346,480,274,65,23
"G4601110","1940","South Dakota","460","Sanborn","1110","Sanborn","37","1110",6,78,155,992,209,153,64,49,29,2,52,100,684,214,227,157,28,18
"G4601130","1940","South Dakota","460","Shannon","1130","Shannon","37","1130",120,183,217,412,179,83,32,46,7,133,171,177,274,150,108,66,37,2
"G4601150","1940","South Dakota","460","Spink","1150","Spink","37","1150",149,181,262,1829,450,404,194,122,22,126,108,185,1360,506,549,395,87,13
"G4601170","1940","South Dakota","460","Stanley","1170","Stanley","37","1170",8,29,49,307,115,70,26,17,0,7,17,20,179,95,111,67,19,0
"G4601190","1940","South Dakota","460","Sully","1190","Sully","37","1190",4,49,62,408,76,81,27,17,6,1,23,22,250,118,97,66,21,2
"G4601210","1940","South Dakota","460","Todd","1210","Todd","37","1210",78,140,206,587,173,96,62,54,6,77,94,163,377,173,156,87,40,9
"G4601230","1940","South Dakota","460","Tripp","1230","Tripp","37","1230",24,171,275,1450,313,268,131,93,10,17,101,179,1003,357,320,257,39,4
"G4601250","1940","South Dakota","460","Turner","1250","Turner","37","1250",28,226,323,2303,336,286,169,137,29,25,164,268,1873,375,424,326,73,25
"G4601270","1940","South Dakota","460","Union","1270","Union","37","1270",31,174,314,1915,376,297,149,89,58,13,92,208,1410,405,444,314,71,41
"G4601290","1940","South Dakota","460","Walworth","1290","Walworth","37","1290",43,251,249,794,195,196,120,66,20,48,221,210,605,220,216,207,51,6
"G4601310","1940","South Dakota","460","Washabaugh","1310","Washabaugh","37","1310",25,76,59,186,62,34,16,6,4,23,54,47,124,68,33,38,11,3
"G4601330","1940","South Dakota","460","Washington","1330","Washington","37","1330",35,74,107,120,40,24,10,6,0,32,55,80,87,48,24,14,11,0
"G4601350","1940","South Dakota","460","Yankton","1350","Yankton","37","1350",47,553,675,2404,485,386,252,181,35,42,398,511,1990,658,665,473,173,31
"G4601370","1940","South Dakota","460","Ziebach","1370","Ziebach","37","1370",36,79,75,379,73,40,24,27,5,48,55,65,242,77,63,44,12,2
"G4700010","1940","Tennessee","470","Anderson","0010","Anderson","54","10",340,1570,1320,1531,493,379,178,249,20,282,1318,1406,1515,587,458,265,155,10
"G4700030","1940","Tennessee","470","Bedford","0030","Bedford","54","30",184,1046,1053,1865,734,624,219,146,158,120,745,1040,2009,906,814,378,130,127
"G4700050","1940","Tennessee","470","Benton","0050","Benton","54","50",182,600,526,1290,200,123,71,32,40,132,406,602,1406,222,139,111,21,20
"G4700070","1940","Tennessee","470","Bledsoe","0070","Bledsoe","54","70",86,442,419,518,160,69,53,27,46,70,270,324,540,193,118,61,21,27
"G4700090","1940","Tennessee","470","Blount","0090","Blount","54","90",481,1956,1732,2668,1043,977,507,423,72,321,1344,1747,2743,1126,1029,632,383,37
"G4700110","1940","Tennessee","470","Bradley","0110","Bradley","54","110",230,1355,1214,1999,638,807,216,187,38,155,1081,1349,2146,660,891,345,153,37
"G4700130","1940","Tennessee","470","Campbell","0130","Campbell","54","130",416,1799,1624,1741,458,348,185,130,27,391,1613,1542,1647,574,340,266,64,28
"G4700150","1940","Tennessee","470","Cannon","0150","Cannon","54","150",170,565,543,747,220,88,54,22,4,114,431,533,806,241,77,85,21,10
"G4700170","1940","Tennessee","470","Carroll","0170","Carroll","54","170",299,1107,1272,2659,660,355,201,140,26,204,797,1254,2894,850,488,311,120,13
"G4700190","1940","Tennessee","470","Carter","0190","Carter","54","190",615,1463,1470,2225,910,550,339,266,160,459,1364,1547,2274,965,556,387,156,132
"G4700210","1940","Tennessee","470","Cheatham","0210","Cheatham","54","210",110,714,608,688,178,108,39,24,36,61,428,568,748,201,125,101,24,17
"G4700230","1940","Tennessee","470","Chester","0230","Chester","54","230",116,497,416,1140,218,119,89,51,11,75,390,469,1186,248,152,134,29,11
"G4700250","1940","Tennessee","470","Claiborne","0250","Claiborne","54","250",263,1501,1173,1623,349,180,127,111,116,214,1197,1221,1709,344,168,156,112,83
"G4700270","1940","Tennessee","470","Clay","0270","Clay","54","270",185,599,530,732,108,79,70,25,3,114,415,514,902,106,86,52,14,5
"G4700290","1940","Tennessee","470","Cocke","0290","Cocke","54","290",313,1479,1149,1453,409,233,141,109,141,267,1265,1117,1546,408,272,230,88,115
"G4700310","1940","Tennessee","470","Coffee","0310","Coffee","54","310",235,870,803,1490,537,330,150,88,36,126,586,821,1709,654,448,240,96,42
"G4700330","1940","Tennessee","470","Crockett","0330","Crockett","54","330",204,827,863,1475,539,271,121,71,12,124,599,836,1535,629,356,211,44,4
"G4700350","1940","Tennessee","470","Cumberland","0350","Cumberland","54","350",171,809,829,1032,299,157,79,72,45,91,540,769,1125,347,216,117,64,53
"G4700370","1940","Tennessee","470","Davidson","0370","Davidson","54","370",2714,8670,10010,20475,9382,9132,3834,4160,1741,2110,7292,10477,22915,12748,13137,5424,3435,1511
"G4700390","1940","Tennessee","470","Decatur","0390","Decatur","54","390",97,428,485,1072,183,103,76,34,15,70,383,483,1150,158,110,78,18,10
"G4700410","1940","Tennessee","470","DeKalb","0410","De Kalb","54","410",148,757,674,1234,339,127,97,36,81,101,705,749,1341,322,156,108,28,64
"G4700430","1940","Tennessee","470","Dickson","0430","Dickson","54","430",198,967,1093,1791,381,291,124,85,22,102,680,1023,1982,515,363,193,74,15
"G4700450","1940","Tennessee","470","Dyer","0450","Dyer","54","450",485,2087,1693,2508,1149,577,265,194,53,224,1410,1681,2711,1355,795,420,126,35
"G4700470","1940","Tennessee","470","Fayette","0470","Fayette","54","470",645,2445,1323,1261,452,271,119,85,55,492,1854,1539,1433,518,323,238,105,40
"G4700490","1940","Tennessee","470","Fentress","0490","Fentress","54","490",201,940,632,731,140,65,72,35,29,142,692,737,769,156,70,93,18,29
"G4700510","1940","Tennessee","470","Franklin","0510","Franklin","54","510",314,1285,928,1637,639,457,228,189,107,202,887,959,1830,712,522,394,167,96
"G4700530","1940","Tennessee","470","Gibson","0530","Gibson","54","530",476,1911,2297,3791,1736,848,386,244,68,356,1345,2141,4053,2004,1358,617,165,48
"G4700550","1940","Tennessee","470","Giles","0550","Giles","54","550",391,1704,1331,2006,837,538,184,119,43,229,1227,1393,2307,939,671,434,120,38
"G4700570","1940","Tennessee","470","Grainger","0570","Grainger","54","570",186,1006,731,996,212,107,59,38,45,131,715,797,1128,235,137,99,31,46
"G4700590","1940","Tennessee","470","Greene","0590","Greene","54","590",417,2078,1731,2785,1018,595,295,264,105,245,1438,1726,2982,1197,843,544,250,94
"G4700610","1940","Tennessee","470","Grundy","0610","Grundy","54","610",142,673,536,761,220,87,52,33,47,123,477,500,864,252,109,112,26,28
"G4700630","1940","Tennessee","470","Hamblen","0630","Hamblen","54","630",232,905,799,1376,474,409,234,135,72,164,718,881,1481,581,527,416,129,36
"G4700650","1940","Tennessee","470","Hamilton","0650","Hamilton","54","650",1717,7356,7631,12063,6634,6192,2318,2535,843,1444,6713,8515,13413,7835,8164,2933,1826,584
"G4700670","1940","Tennessee","470","Hancock","0670","Hancock","54","670",145,732,510,534,131,67,49,25,139,137,587,535,602,120,53,62,11,133
"G4700690","1940","Tennessee","470","Hardeman","0690","Hardeman","54","690",552,1400,927,1812,589,332,157,97,18,464,1215,1014,1957,634,513,256,88,20
"G4700710","1940","Tennessee","470","Hardin","0710","Hardin","54","710",305,877,777,1560,348,217,116,88,17,192,607,751,1687,354,248,165,41,11
"G4700730","1940","Tennessee","470","Hawkins","0730","Hawkins","54","730",452,1559,1331,2076,468,320,193,94,111,288,1289,1285,2375,488,373,398,111,83
"G4700750","1940","Tennessee","470","Haywood","0750","Haywood","54","750",650,2140,1390,1269,502,265,137,96,14,430,1594,1407,1475,660,424,306,106,10
"G4700770","1940","Tennessee","470","Henderson","0770","Henderson","54","770",294,874,791,1841,410,188,116,62,66,241,730,895,1957,372,211,144,34,40
"G4700790","1940","Tennessee","470","Henry","0790","Henry","54","790",344,1229,1326,2612,653,460,199,155,63,214,813,1180,2856,969,693,382,157,38
"G4700810","1940","Tennessee","470","Hickman","0810","Hickman","54","810",177,872,775,1134,306,117,67,35,21,95,559,695,1261,334,140,127,31,22
"G4700830","1940","Tennessee","470","Houston","0830","Houston","54","830",97,425,323,494,137,79,19,19,3,39,269,325,561,146,94,60,17,5
"G4700850","1940","Tennessee","470","Humphreys","0850","Humphreys","54","850",209,648,636,1017,257,142,98,50,21,111,449,678,1046,252,196,125,51,19
"G4700870","1940","Tennessee","470","Jackson","0870","Jackson","54","870",260,863,812,1064,167,89,58,32,22,161,667,892,1195,148,63,100,19,23
"G4700890","1940","Tennessee","470","Jefferson","0890","Jefferson","54","890",571,992,764,1118,426,265,136,166,65,460,698,770,1247,426,401,249,193,92
"G4700910","1940","Tennessee","470","Johnson","0910","Johnson","54","910",236,767,551,757,265,135,97,45,20,197,712,636,889,235,97,157,36,17
"G4700930","1940","Tennessee","470","Knox","0930","Knox","54","930",1579,7248,7872,11513,5990,5332,2645,3004,912,1333,6484,8721,13006,7428,7683,3328,2147,710
"G4700950","1940","Tennessee","470","Lake","0950","Lake","54","950",279,1065,511,563,239,117,56,46,13,141,747,585,560,230,193,100,23,6
"G4700970","1940","Tennessee","470","Lauderdale","0970","Lauderdale","54","970",438,1951,1287,1541,497,299,168,105,31,284,1256,1304,1678,588,429,255,88,16
"G4700990","1940","Tennessee","470","Lawrence","0990","Lawrence","54","990",267,1361,1313,2415,581,299,138,83,29,188,1089,1339,2499,591,375,239,68,19
"G4701010","1940","Tennessee","470","Lewis","1010","Lewis","54","1010",81,290,311,447,100,60,24,15,5,59,235,279,505,114,63,41,7,4
"G4701030","1940","Tennessee","470","Lincoln","1030","Lincoln","54","1030",307,1335,1137,2011,915,480,178,160,83,164,979,1105,2339,1081,603,326,108,66
"G4701050","1940","Tennessee","470","Loudon","1050","Loudon","54","1050",235,1186,1106,1167,393,294,128,67,19,162,913,1216,1369,415,355,239,64,18
"G4701070","1940","Tennessee","470","McMinn","1070","Mcminn","54","1070",258,1458,1229,2578,679,469,280,161,61,182,1134,1337,2796,789,607,431,135,62
"G4701090","1940","Tennessee","470","McNairy","1090","Mcnairy","54","1090",243,929,851,2070,382,218,116,67,44,162,774,909,2136,429,213,154,36,37
"G4701110","1940","Tennessee","470","Macon","1110","Macon","54","1110",347,1204,881,944,154,60,53,26,15,180,980,933,1144,177,96,69,18,7
"G4701130","1940","Tennessee","470","Madison","1130","Madison","54","1130",636,2902,2459,3636,1949,1244,649,497,60,495,2260,2678,4082,2388,1815,1025,524,38
"G4701150","1940","Tennessee","470","Marion","1150","Marion","54","1150",171,905,905,1377,405,342,103,71,123,124,712,872,1428,458,336,198,65,122
"G4701170","1940","Tennessee","470","Marshall","1170","Marshall","54","1170",129,662,680,1347,611,412,149,82,286,88,487,629,1452,669,580,265,76,284
"G4701190","1940","Tennessee","470","Maury","1190","Maury","54","1190",504,2188,1883,2753,1401,929,348,273,53,332,1581,1733,2981,1808,1214,602,215,35
"G4701210","1940","Tennessee","470","Meigs","1210","Meigs","54","1210",74,376,236,457,148,88,35,28,23,48,256,237,448,139,98,68,9,9
"G4701230","1940","Tennessee","470","Monroe","1230","Monroe","54","1230",426,1443,962,1506,397,284,182,121,33,248,1156,1048,1680,425,339,300,84,14
"G4701250","1940","Tennessee","470","Montgomery","1250","Montgomery","54","1250",616,2102,1777,2065,754,551,329,220,45,382,1441,1703,2467,980,888,575,255,33
"G4701270","1940","Tennessee","470","Moore","1270","Moore","54","1270",37,206,198,370,163,49,34,15,10,22,135,158,412,159,65,57,10,6
"G4701290","1940","Tennessee","470","Morgan","1290","Morgan","54","1290",220,999,894,1108,250,188,62,38,19,120,643,799,927,243,162,99,17,3
"G4701310","1940","Tennessee","470","Obion","1310","Obion","54","1310",305,1531,1381,2760,1218,746,285,166,25,187,974,1330,2798,1607,1004,444,112,20
"G4701330","1940","Tennessee","470","Overton","1330","Overton","54","1330",223,1128,1009,1256,236,128,67,43,74,173,828,1083,1411,231,143,141,42,86
"G4701350","1940","Tennessee","470","Perry","1350","Perry","54","1350",93,351,418,669,154,85,49,21,3,62,289,393,669,166,58,64,10,4
"G4701370","1940","Tennessee","470","Pickett","1370","Pickett","54","1370",56,260,404,476,44,30,23,15,0,41,231,447,463,44,29,28,6,2
"G4701390","1940","Tennessee","470","Polk","1390","Polk","54","1390",141,852,662,887,248,210,102,98,48,154,760,705,838,305,242,141,65,30
"G4701410","1940","Tennessee","470","Putnam","1410","Putnam","54","1410",265,1270,1258,1941,463,301,178,175,122,188,1054,1368,2188,507,310,320,135,111
"G4701430","1940","Tennessee","470","Rhea","1430","Rhea","54","1430",139,663,627,1287,485,375,187,123,72,96,556,587,1252,488,415,252,72,45
"G4701450","1940","Tennessee","470","Roane","1450","Roane","54","1450",328,1445,1590,1653,575,435,212,170,76,236,1242,1592,1778,644,562,322,114,40
"G4701470","1940","Tennessee","470","Robertson","1470","Robertson","54","1470",492,1886,1676,1935,683,481,202,134,68,261,1164,1605,2227,858,726,390,109,51
"G4701490","1940","Tennessee","470","Rutherford","1490","Rutherford","54","1490",504,1772,1453,2288,1053,743,374,291,452,330,1280,1397,2409,1262,983,702,394,181
"G4701510","1940","Tennessee","470","Scott","1510","Scott","54","1510",214,1007,743,886,170,146,97,45,6,210,857,805,856,176,135,101,19,13
"G4701530","1940","Tennessee","470","Sequatchie","1530","Sequatchie","54","1530",24,231,218,405,106,69,33,18,19,15,193,215,386,123,81,49,10,21
"G4701550","1940","Tennessee","470","Sevier","1550","Sevier","54","1550",293,1424,1058,1373,437,249,153,125,73,192,1128,1186,1447,448,270,248,97,67
"G4701570","1940","Tennessee","470","Shelby","1570","Shelby","54","1570",3999,17468,15529,24761,14718,13724,5633,5107,1538,3594,15018,16120,26523,19109,19291,6804,3790,711
"G4701590","1940","Tennessee","470","Smith","1590","Smith","54","1590",212,1052,838,1348,389,221,106,46,30,115,671,897,1620,411,250,157,40,16
"G4701610","1940","Tennessee","470","Stewart","1610","Stewart","54","1610",216,812,693,1089,175,97,55,23,24,125,485,617,1257,248,143,90,22,21
"G4701630","1940","Tennessee","470","Sullivan","1630","Sullivan","54","1630",787,3048,2844,4137,2008,1733,849,828,449,535,2484,3128,4342,2271,1978,1220,662,321
"G4701650","1940","Tennessee","470","Sumner","1650","Sumner","54","1650",482,2071,1681,2413,726,536,233,132,79,306,1433,1675,2649,846,714,411,163,54
"G4701670","1940","Tennessee","470","Tipton","1670","Tipton","54","1670",417,2029,1315,1793,603,296,139,108,60,329,1358,1428,1824,760,457,263,93,21
"G4701690","1940","Tennessee","470","Trousdale","1690","Trousdale","54","1690",136,462,294,388,112,88,43,27,11,74,300,303,468,184,113,73,29,6
"G4701710","1940","Tennessee","470","Unicoi","1710","Unicoi","54","1710",255,659,526,962,285,187,130,67,32,226,520,591,891,327,219,197,82,33
"G4701730","1940","Tennessee","470","Union","1730","Union","54","1730",146,578,474,613,97,53,37,21,8,120,445,572,674,85,48,36,6,7
"G4701750","1940","Tennessee","470","Van Buren","1750","Van Buren","54","1750",59,284,180,268,61,19,25,7,8,42,188,194,288,73,23,41,4,6
"G4701770","1940","Tennessee","470","Warren","1770","Warren","54","1770",134,904,959,1766,524,367,166,89,49,91,660,926,2002,638,397,226,82,34
"G4701790","1940","Tennessee","470","Washington","1790","Washington","54","1790",697,2638,2532,3393,1674,1300,832,619,861,436,1856,2358,3034,1750,1494,932,580,162
"G4701810","1940","Tennessee","470","Wayne","1810","Wayne","54","1810",113,811,641,1108,183,113,65,31,17,65,614,647,1166,191,105,115,29,15
"G4701830","1940","Tennessee","470","Weakley","1830","Weakley","54","1830",348,1345,1612,3012,896,506,259,160,27,182,956,1485,3255,1147,713,397,140,15
"G4701850","1940","Tennessee","470","White","1850","White","54","1850",228,914,779,1059,372,135,108,59,91,162,675,823,1226,437,235,153,37,62
"G4701870","1940","Tennessee","470","Williamson","1870","Williamson","54","1870",456,1589,1123,1571,601,529,191,158,34,285,1065,1118,1711,703,743,394,201,36
"G4701890","1940","Tennessee","470","Wilson","1890","Wilson","54","1890",340,1223,1209,2232,690,513,256,195,115,219,832,1181,2417,930,751,477,211,88
"G4800010","1940","Texas","480","Anderson","0010","Anderson","49","10",433,1600,1621,2016,2084,863,450,318,119,315,1173,1491,1950,2469,1151,611,344,64
"G4800030","1940","Texas","480","Andrews","0030","Andrews","49","30",1,16,40,95,111,51,27,17,4,0,13,34,68,82,49,30,18,2
"G4800050","1940","Texas","480","Angelina","0050","Angelina","49","50",287,1404,1629,1789,1786,877,433,324,70,207,1096,1492,1612,1995,899,474,289,61
"G4800070","1940","Texas","480","Aransas","0070","Aransas","49","70",67,169,160,173,219,113,49,40,10,51,117,101,134,183,151,47,30,2
"G4800090","1940","Texas","480","Archer","0090","Archer","49","90",51,170,285,460,618,185,84,55,36,32,125,240,388,624,258,140,58,22
"G4800110","1940","Texas","480","Armstrong","0110","Armstrong","49","110",2,44,83,129,239,132,95,24,3,0,26,60,86,232,143,84,32,1
"G4800130","1940","Texas","480","Atascosa","0130","Atascosa","49","130",855,1124,655,855,493,230,127,97,12,770,899,528,695,558,299,181,97,11
"G4800150","1940","Texas","480","Austin","0150","Austin","49","150",180,1307,1330,1318,383,168,104,101,39,174,1204,1258,1331,423,215,130,75,44
"G4800170","1940","Texas","480","Bailey","0170","Bailey","49","170",26,150,228,391,477,178,75,40,3,10,88,160,294,429,217,112,27,3
"G4800190","1940","Texas","480","Bandera","0190","Bandera","49","190",20,173,208,307,328,93,56,37,1,21,97,180,261,378,111,96,26,1
"G4800210","1940","Texas","480","Bastrop","0210","Bastrop","49","210",486,1484,1220,1249,608,302,161,119,25,379,1184,1128,1301,744,418,260,117,12
"G4800230","1940","Texas","480","Baylor","0230","Baylor","49","230",55,248,356,508,468,232,108,59,17,18,150,281,446,511,274,147,56,19
"G4800250","1940","Texas","480","Bee","0250","Bee","49","250",589,838,524,774,725,272,177,162,27,624,659,457,651,838,375,246,135,13
"G4800270","1940","Texas","480","Bell","0270","Bell","49","270",427,1685,2100,2771,2857,1219,701,447,83,312,1246,2024,2604,3234,1726,1004,519,74
"G4800290","1940","Texas","480","Bexar","0290","Bexar","49","290",6439,14006,12535,19810,12387,12707,6043,5870,737,8304,13979,12691,18862,13028,16175,6808,4462,729
"G4800310","1940","Texas","480","Blanco","0310","Blanco","49","310",74,119,139,430,233,104,53,28,60,44,76,124,335,226,124,75,28,58
"G4800330","1940","Texas","480","Borden","0330","Borden","49","330",4,39,53,74,135,32,27,5,0,3,13,30,59,132,48,19,6,1
"G4800350","1940","Texas","480","Bosque","0350","Bosque","49","350",84,525,791,1146,1133,441,198,132,12,36,332,622,1031,1157,561,336,129,11
"G4800370","1940","Texas","480","Bowie","0370","Bowie","49","370",607,2524,2271,2880,2283,1195,602,358,97,417,1904,2331,2889,2798,1549,757,368,61
"G4800390","1940","Texas","480","Brazoria","0390","Brazoria","49","390",445,1669,1390,1732,1662,819,355,264,41,178,833,956,1111,1430,956,381,175,16
"G4800410","1940","Texas","480","Brazos","0410","Brazos","49","410",602,1396,1170,1064,868,562,453,770,32,540,1103,1162,1182,1078,854,669,503,17
"G4800430","1940","Texas","480","Brewster","0430","Brewster","49","430",236,354,160,152,250,197,132,118,2,201,279,127,138,212,224,176,133,2
"G4800450","1940","Texas","480","Briscoe","0450","Briscoe","49","450",16,125,156,160,358,134,68,21,8,12,67,121,138,360,140,84,35,4
"G4800470","1940","Texas","480","Brooks","0470","Brooks","49","470",364,436,144,158,85,91,58,35,15,413,360,137,123,94,102,76,29,5
"G4800490","1940","Texas","480","Brown","0490","Brown","49","490",165,650,925,1505,1925,914,673,417,34,109,419,769,1459,2216,1215,798,418,17
"G4800510","1940","Texas","480","Burleson","0510","Burleson","49","510",458,1408,1007,786,567,208,128,83,39,341,1016,959,910,645,277,214,86,20
"G4800530","1940","Texas","480","Burnet","0530","Burnet","49","530",101,383,448,723,812,277,110,61,7,63,259,386,601,892,402,179,67,9
"G4800550","1940","Texas","480","Caldwell","0550","Caldwell","49","550",988,1328,940,1078,948,428,280,177,19,960,1017,817,1102,1078,535,369,197,25
"G4800570","1940","Texas","480","Calhoun","0570","Calhoun","49","570",142,317,255,330,258,129,57,53,7,116,218,185,258,272,140,100,28,5
"G4800590","1940","Texas","480","Callahan","0590","Callahan","49","590",55,341,505,655,915,348,158,81,38,25,201,410,611,1055,471,183,93,30
"G4800610","1940","Texas","480","Cameron","0610","Cameron","49","610",3524,4456,2282,2954,2197,2195,1215,939,133,3764,4016,2008,2323,2055,2547,1303,678,82
"G4800630","1940","Texas","480","Camp","0630","Camp","49","630",80,474,521,594,538,203,106,62,38,60,317,523,573,590,289,153,57,36
"G4800650","1940","Texas","480","Carson","0650","Carson","49","650",20,114,197,414,549,238,178,75,18,9,63,141,319,482,301,189,75,20
"G4800670","1940","Texas","480","Cass","0670","Cass","49","670",267,1538,1603,1912,1754,533,283,208,41,204,1090,1365,1817,2023,610,391,195,29
"G4800690","1940","Texas","480","Castro","0690","Castro","49","690",6,79,133,225,430,143,75,40,38,4,36,80,160,359,186,116,30,15
"G4800710","1940","Texas","480","Chambers","0710","Chambers","49","710",166,417,386,478,310,169,98,62,3,134,229,297,385,378,200,125,55,1
"G4800730","1940","Texas","480","Cherokee","0730","Cherokee","49","730",743,2388,2326,2641,2167,693,519,315,80,528,1722,1979,2703,2667,901,715,330,65
"G4800750","1940","Texas","480","Childress","0750","Childress","49","750",50,324,552,563,1087,359,207,112,32,33,206,472,517,1120,438,250,109,16
"G4800770","1940","Texas","480","Clay","0770","Clay","49","770",86,382,580,865,922,291,133,77,36,41,225,482,829,978,409,204,85,24
"G4800790","1940","Texas","480","Cochran","0790","Cochran","49","790",27,96,121,320,172,97,40,25,26,10,39,101,232,197,109,58,22,15
"G4800810","1940","Texas","480","Coke","0810","Coke","49","810",33,134,227,233,435,77,42,25,17,21,80,156,176,457,129,71,33,17
"G4800830","1940","Texas","480","Coleman","0830","Coleman","49","830",147,596,923,1231,1487,549,322,175,27,114,388,730,1083,1601,766,388,196,15
"G4800850","1940","Texas","480","Collin","0850","Collin","49","850",342,1578,2131,3260,3206,1174,595,342,77,177,1026,1947,3066,3518,1527,832,365,58
"G4800870","1940","Texas","480","Collingsworth","0870","Collingsworth","49","870",30,273,509,573,856,244,141,67,9,22,161,404,472,920,335,181,77,9
"G4800890","1940","Texas","480","Colorado","0890","Colorado","49","890",289,1246,1202,1104,472,211,136,107,28,285,1027,1160,1138,561,329,191,88,18
"G4800910","1940","Texas","480","Comal","0910","Comal","49","910",353,639,752,908,267,166,141,115,35,326,655,870,856,271,188,125,71,30
"G4800930","1940","Texas","480","Comanche","0930","Comanche","49","930",124,535,964,1553,1337,436,235,108,18,70,364,837,1429,1509,541,298,122,7
"G4800950","1940","Texas","480","Concho","0950","Concho","49","950",136,189,195,285,443,185,73,58,8,99,125,169,255,439,240,106,53,11
"G4800970","1940","Texas","480","Cooke","0970","Cooke","49","970",163,822,1131,1753,1563,578,327,147,65,118,525,1024,1592,1787,736,430,201,32
"G4800990","1940","Texas","480","Coryell","0990","Coryell","49","990",111,658,859,1455,1341,392,214,132,16,82,437,739,1398,1500,518,328,122,5
"G4801010","1940","Texas","480","Cottle","1010","Cottle","49","1010",50,252,298,373,559,159,85,49,10,30,150,237,308,603,211,117,61,6
"G4801030","1940","Texas","480","Crane","1030","Crane","49","1030",4,41,66,166,214,179,84,47,10,0,18,41,143,181,187,62,42,2
"G4801050","1940","Texas","480","Crockett","1050","Crockett","49","1050",81,147,83,142,128,104,57,32,10,64,92,67,84,127,116,77,43,9
"G4801070","1940","Texas","480","Crosby","1070","Crosby","49","1070",47,256,377,587,770,287,138,78,30,29,172,298,516,710,345,202,61,15
"G4801090","1940","Texas","480","Culberson","1090","Culberson","49","1090",63,67,47,45,120,77,34,14,3,43,57,25,22,78,80,36,14,0
"G4801110","1940","Texas","480","Dallam","1110","Dallam","49","1110",11,128,224,579,402,282,113,79,37,6,84,168,365,423,343,152,60,27
"G4801130","1940","Texas","480","Dallas","1130","Dallas","49","1130",2770,10287,12999,24203,20725,22860,10774,9132,828,2369,8124,13078,24927,25269,31662,12552,7278,575
"G4801150","1940","Texas","480","Dawson","1150","Dawson","49","1150",81,396,493,842,1307,436,217,103,14,50,206,344,687,1274,521,252,78,9
"G4801170","1940","Texas","480","Deaf Smith","1170","Deaf Smith","49","1170",19,92,151,401,542,244,143,85,12,8,43,97,278,484,296,188,82,6
"G4801190","1940","Texas","480","Delta","1190","Delta","49","1190",127,451,556,933,808,228,173,76,19,89,241,481,886,943,268,216,92,13
"G4801210","1940","Texas","480","Denton","1210","Denton","49","1210",206,1169,1484,2019,2023,1025,740,537,105,116,724,1263,1850,2170,1178,1055,867,77
"G4801230","1940","Texas","480","DeWitt","1230","De Witt","49","1230",602,1656,1291,1386,817,307,239,160,61,556,1448,1363,1430,931,407,330,132,58
"G4801250","1940","Texas","480","Dickens","1250","Dickens","49","1250",32,259,337,399,577,230,101,71,31,23,135,252,349,635,267,118,69,10
"G4801270","1940","Texas","480","Dimmit","1270","Dimmit","49","1270",582,595,159,258,197,120,74,51,10,554,440,130,191,216,139,97,57,8
"G4801290","1940","Texas","480","Donley","1290","Donley","49","1290",36,187,266,508,558,251,133,66,2,31,95,234,388,555,327,185,70,3
"G4801310","1940","Texas","480","Duval","1310","Duval","49","1310",1105,1119,642,573,797,346,243,132,32,983,973,560,436,681,347,183,92,24
"G4801330","1940","Texas","480","Eastland","1330","Eastland","49","1330",197,894,1275,2252,1559,947,580,297,82,120,628,1205,2316,1856,1134,656,262,73
"G4801350","1940","Texas","480","Ector","1350","Ector","49","1350",57,175,332,1124,1183,930,426,253,32,25,97,272,804,1011,894,370,231,19
"G4801370","1940","Texas","480","Edwards","1370","Edwards","49","1370",98,150,87,156,179,72,63,27,10,55,93,41,86,175,101,76,35,5
"G4801390","1940","Texas","480","Ellis","1390","Ellis","49","1390",569,2153,2119,2445,3127,1300,765,410,64,420,1446,1975,2328,3587,1725,969,486,60
"G4801410","1940","Texas","480","El Paso","1410","El Paso","49","1410",3223,5137,4127,6923,4072,4110,2196,2155,81,3942,6389,4317,5887,4079,5170,2461,1564,68
"G4801430","1940","Texas","480","Erath","1430","Erath","49","1430",72,574,779,1630,1499,523,464,194,81,53,377,717,1562,1668,648,579,202,69
"G4801450","1940","Texas","480","Falls","1450","Falls","49","1450",622,2003,1728,1814,1505,506,348,227,101,511,1407,1784,1806,1783,671,542,241,72
"G4801470","1940","Texas","480","Fannin","1470","Fannin","49","1470",189,1165,1816,3118,2761,958,462,267,92,136,785,1660,2816,3213,1177,632,360,64
"G4801490","1940","Texas","480","Fayette","1490","Fayette","49","1490",240,2121,2177,2042,646,240,187,157,63,231,1881,2250,2104,746,300,225,111,36
"G4801510","1940","Texas","480","Fisher","1510","Fisher","49","1510",137,437,495,800,822,274,158,79,50,88,250,397,739,900,364,197,77,44
"G4801530","1940","Texas","480","Floyd","1530","Floyd","49","1530",24,161,402,556,978,420,187,105,22,13,111,279,491,970,430,226,82,17
"G4801550","1940","Texas","480","Foard","1550","Foard","49","1550",32,142,255,328,387,138,83,34,24,19,90,188,278,402,172,118,37,7
"G4801570","1940","Texas","480","Fort Bend","1570","Fort Bend","49","1570",1486,2584,1749,1607,985,411,254,180,67,875,1647,1342,1317,969,514,314,138,43
"G4801590","1940","Texas","480","Franklin","1590","Franklin","49","1590",44,368,439,512,633,134,66,45,14,26,213,373,448,765,165,111,36,7
"G4801610","1940","Texas","480","Freestone","1610","Freestone","49","1610",253,959,1093,1233,1093,326,193,107,64,184,665,1005,1233,1312,496,275,124,30
"G4801630","1940","Texas","480","Frio","1630","Frio","49","1630",527,588,221,252,283,171,102,68,8,545,436,195,185,314,192,138,59,3
"G4801650","1940","Texas","480","Gaines","1650","Gaines","49","1650",12,131,273,394,817,394,192,91,42,13,57,149,262,641,411,165,59,11
"G4801670","1940","Texas","480","Galveston","1670","Galveston","49","1670",1058,3755,4068,5923,4464,3008,1245,1234,175,918,2758,3601,5094,4779,3911,1326,834,108
"G4801690","1940","Texas","480","Garza","1690","Garza","49","1690",49,163,206,328,423,117,78,42,20,25,106,170,304,451,165,65,38,15
"G4801710","1940","Texas","480","Gillespie","1710","Gillespie","49","1710",71,533,703,868,364,123,112,72,7,69,552,860,786,346,118,115,38,3
"G4801730","1940","Texas","480","Glasscock","1730","Glasscock","49","1730",6,22,32,137,78,27,26,12,0,2,9,14,70,96,47,33,13,0
"G4801750","1940","Texas","480","Goliad","1750","Goliad","49","1750",369,565,310,408,234,92,88,58,119,329,420,344,368,248,137,113,44,84
"G4801770","1940","Texas","480","Gonzales","1770","Gonzales","49","1770",847,1532,1156,1459,875,186,212,150,45,747,1212,1116,1406,1054,262,375,151,41
"G4801790","1940","Texas","480","Gray","1790","Gray","49","1790",68,393,666,1791,1728,1120,554,323,30,32,232,515,1446,1791,1264,550,295,15
"G4801810","1940","Texas","480","Grayson","1810","Grayson","49","1810",403,2116,3132,4912,4525,2194,1136,806,66,275,1566,2826,4730,5317,2980,1406,836,45
"G4801830","1940","Texas","480","Gregg","1830","Gregg","49","1830",367,1724,1944,3466,3365,2435,1212,819,196,292,1300,1875,3293,3673,2872,1280,727,124
"G4801850","1940","Texas","480","Grimes","1850","Grimes","49","1850",595,1371,976,908,988,275,372,147,41,442,1073,1034,941,1082,356,530,154,25
"G4801870","1940","Texas","480","Guadalupe","1870","Guadalupe","49","1870",857,1675,1314,1185,709,282,280,195,53,872,1373,1261,1126,866,355,328,133,34
"G4801890","1940","Texas","480","Hale","1890","Hale","49","1890",59,370,538,1197,1334,815,442,258,32,32,225,429,957,1379,977,559,230,26
"G4801910","1940","Texas","480","Hall","1910","Hall","49","1910",66,373,559,702,874,316,177,113,18,38,217,455,619,938,374,255,82,9
"G4801930","1940","Texas","480","Hamilton","1930","Hamilton","49","1930",48,415,621,1014,947,337,175,85,50,22,284,570,948,1135,355,255,85,38
"G4801950","1940","Texas","480","Hansford","1950","Hansford","49","1950",8,39,69,216,209,119,60,38,5,3,11,35,143,181,151,80,44,1
"G4801970","1940","Texas","480","Hardeman","1970","Hardeman","49","1970",76,365,469,721,801,270,132,105,38,33,210,401,689,834,383,195,102,29
"G4801990","1940","Texas","480","Hardin","1990","Hardin","49","1990",299,886,905,997,621,357,128,95,14,192,600,763,945,770,430,169,117,9
"G4802010","1940","Texas","480","Harris","2010","Harris","49","2010",4113,16022,20848,34254,28154,25720,12500,11759,2959,4025,13164,19395,31779,31208,31927,12057,7975,2270
"G4802030","1940","Texas","480","Harrison","2030","Harrison","49","2030",544,2861,2284,2735,1590,937,575,413,95,495,1981,2281,2853,2082,1363,796,516,74
"G4802050","1940","Texas","480","Hartley","2050","Hartley","49","2050",12,32,50,141,113,108,38,22,6,6,15,25,109,129,109,48,35,1
"G4802070","1940","Texas","480","Haskell","2070","Haskell","49","2070",114,502,644,705,1198,324,187,102,68,47,331,569,646,1284,399,266,88,65
"G4802090","1940","Texas","480","Hays","2090","Hays","49","2090",510,752,532,599,602,397,195,211,23,586,567,430,549,655,498,394,250,12
"G4802110","1940","Texas","480","Hemphill","2110","Hemphill","49","2110",12,82,124,211,376,144,87,49,24,10,45,85,145,352,202,127,40,5
"G4802130","1940","Texas","480","Henderson","2130","Henderson","49","2130",334,1419,1530,1935,1623,640,329,195,99,207,946,1309,1906,1791,768,348,225,63
"G4802150","1940","Texas","480","Hidalgo","2150","Hidalgo","49","2150",4738,6436,2578,3788,2347,2373,1332,1019,140,5048,5157,2152,3049,2268,2875,1417,798,67
"G4802170","1940","Texas","480","Hill","2170","Hill","49","2170",416,1682,1799,2338,2278,870,505,264,39,278,1106,1638,2296,2550,1170,781,286,26
"G4802190","1940","Texas","480","Hockley","2190","Hockley","49","2190",48,276,482,564,1131,397,137,95,56,14,147,347,385,1045,424,200,67,41
"G4802210","1940","Texas","480","Hood","2210","Hood","49","2210",48,236,369,447,494,165,115,41,5,26,162,319,407,564,208,129,42,3
"G4802230","1940","Texas","480","Hopkins","2230","Hopkins","49","2230",206,981,1357,2417,1787,559,432,199,27,131,619,1173,2270,2096,690,519,216,34
"G4802250","1940","Texas","480","Houston","2250","Houston","49","2250",508,1739,1592,1495,1599,450,333,181,108,324,1069,1342,1336,1748,594,505,212,55
"G4802270","1940","Texas","480","Howard","2270","Howard","49","2270",162,453,690,1170,1589,814,390,240,64,167,351,602,949,1584,983,445,216,45
"G4802290","1940","Texas","480","Hudspeth","2290","Hudspeth","49","2290",165,179,91,136,93,65,35,24,3,119,111,74,63,76,70,45,22,0
"G4802310","1940","Texas","480","Hunt","2310","Hunt","49","2310",316,1484,2067,3303,2955,1248,965,548,78,224,1022,1856,3227,3415,1648,1196,674,70
"G4802330","1940","Texas","480","Hutchinson","2330","Hutchinson","49","2330",42,244,496,1319,1470,953,431,337,40,24,142,337,942,1395,970,381,220,22
"G4802350","1940","Texas","480","Irion","2350","Irion","49","2350",39,84,64,100,128,66,35,19,1,28,42,45,81,116,89,44,33,0
"G4802370","1940","Texas","480","Jack","2370","Jack","49","2370",59,303,407,659,823,244,141,91,23,29,198,354,585,866,269,203,83,5
"G4802390","1940","Texas","480","Jackson","2390","Jackson","49","2390",194,632,605,485,663,215,137,83,24,153,437,556,396,660,273,161,78,12
"G4802410","1940","Texas","480","Jasper","2410","Jasper","49","2410",180,972,919,976,844,344,138,96,47,126,634,859,905,970,399,191,87,31
"G4802430","1940","Texas","480","Jeff Davis","2430","Jeff Davis","49","2430",41,167,77,29,135,59,47,30,5,52,117,53,17,89,69,57,25,0
"G4802450","1940","Texas","480","Jefferson","2450","Jefferson","49","2450",2691,5642,5361,8355,7791,5634,2651,2204,249,2669,4814,5335,7635,8286,6638,2662,1595,163
"G4802470","1940","Texas","480","Jim Hogg","2470","Jim Hogg","49","2470",204,426,214,100,151,133,44,47,5,217,355,202,63,124,123,60,29,11
"G4802490","1940","Texas","480","Jim Wells","2490","Jim Wells","49","2490",522,1392,605,797,758,527,257,166,47,536,1112,539,649,628,546,224,142,25
"G4802510","1940","Texas","480","Johnson","2510","Johnson","49","2510",188,1097,1538,2262,1936,790,428,262,48,131,645,1323,2275,2357,1142,603,287,32
"G4802530","1940","Texas","480","Jones","2530","Jones","49","2530",130,647,1040,1509,1592,600,372,168,152,119,454,840,1362,1686,777,403,182,129
"G4802550","1940","Texas","480","Karnes","2550","Karnes","49","2550",916,1216,673,714,579,181,150,117,25,840,926,674,688,615,203,198,85,10
"G4802570","1940","Texas","480","Kaufman","2570","Kaufman","49","2570",718,2076,1848,1876,2221,844,386,266,195,446,1452,1835,1943,2489,1080,612,314,236
"G4802590","1940","Texas","480","Kendall","2590","Kendall","49","2590",78,226,318,416,217,114,60,49,8,74,195,354,379,213,100,93,32,5
"G4802610","1940","Texas","480","Kenedy","2610","Kenedy","49","2610",92,49,17,11,13,6,4,2,0,45,32,13,7,3,4,4,3,0
"G4802630","1940","Texas","480","Kent","2630","Kent","49","2630",55,113,155,154,268,71,29,13,14,27,69,120,140,263,93,48,18,9
"G4802650","1940","Texas","480","Kerr","2650","Kerr","49","2650",146,436,490,867,684,309,212,205,7,129,291,451,728,720,404,293,146,5
"G4802670","1940","Texas","480","Kimble","2670","Kimble","49","2670",74,186,179,266,421,124,83,43,20,55,105,153,225,398,149,109,28,12
"G4802690","1940","Texas","480","King","2690","King","49","2690",8,40,29,71,99,18,12,6,5,5,13,28,42,81,34,14,7,5
"G4802710","1940","Texas","480","Kinney","2710","Kinney","49","2710",100,264,168,247,199,92,34,35,4,93,244,102,131,139,110,48,28,2
"G4802730","1940","Texas","480","Kleberg","2730","Kleberg","49","2730",439,658,428,572,454,312,210,179,25,497,593,367,525,392,413,298,199,20
"G4802750","1940","Texas","480","Knox","2750","Knox","49","2750",93,352,399,511,711,250,134,71,18,51,202,330,482,762,260,179,61,19
"G4802770","1940","Texas","480","Lamar","2770","Lamar","49","2770",349,2045,2374,3045,2772,1158,646,369,86,257,1441,2188,2990,3216,1608,934,410,84
"G4802790","1940","Texas","480","Lamb","2790","Lamb","49","2790",69,469,650,1243,1208,477,221,124,57,29,223,502,1017,1212,554,279,127,34
"G4802810","1940","Texas","480","Lampasas","2810","Lampasas","49","2810",87,370,388,676,582,310,119,75,12,72,252,380,551,681,405,168,70,10
"G4802830","1940","Texas","480","La Salle","2830","La Salle","49","2830",594,495,171,164,234,130,56,46,10,534,401,148,121,198,137,110,38,10
"G4802850","1940","Texas","480","Lavaca","2850","Lavaca","49","2850",220,1943,1617,1713,723,241,204,153,32,218,1699,1744,1669,788,328,269,91,16
"G4802870","1940","Texas","480","Lee","2870","Lee","49","2870",165,606,836,842,413,102,102,61,10,154,481,836,759,516,130,136,50,6
"G4802890","1940","Texas","480","Leon","2890","Leon","49","2890",249,894,855,1113,764,264,145,90,19,150,624,736,1076,946,335,246,91,9
"G4802910","1940","Texas","480","Liberty","2910","Liberty","49","2910",551,1445,1160,1140,1202,503,257,175,36,358,981,1009,1088,1298,573,312,166,21
"G4802930","1940","Texas","480","Limestone","2930","Limestone","49","2930",405,1434,1705,2196,1632,571,428,215,34,313,957,1495,2270,1939,879,539,239,29
"G4802950","1940","Texas","480","Lipscomb","2950","Lipscomb","49","2950",18,117,164,361,147,120,60,29,4,10,77,125,298,178,163,72,34,2
"G4802970","1940","Texas","480","Live Oak","2970","Live Oak","49","2970",396,510,349,442,378,145,88,66,3,296,403,256,415,356,193,125,43,2
"G4802990","1940","Texas","480","Llano","2990","Llano","49","2990",44,234,306,362,575,97,83,47,1,33,182,210,286,590,199,138,36,4
"G4803010","1940","Texas","480","Loving","3010","Loving","49","3010",1,3,8,13,36,16,5,5,2,1,3,2,8,26,18,3,5,3
"G4803030","1940","Texas","480","Lubbock","3030","Lubbock","49","3030",214,922,1438,2739,3584,2055,1519,1026,196,144,567,1218,2290,3734,2606,1694,873,151
"G4803050","1940","Texas","480","Lynn","3050","Lynn","49","3050",115,284,465,638,994,286,136,68,57,74,152,350,492,960,359,178,80,51
"G4803070","1940","Texas","480","McCulloch","3070","Mcculloch","49","3070",156,486,476,784,882,317,268,128,10,146,353,388,661,984,443,298,117,9
"G4803090","1940","Texas","480","McLennan","3090","Mclennan","49","3090",989,3860,4501,5789,5267,3189,1710,1293,1269,885,3234,4526,6074,6167,4479,2366,1345,91
"G4803110","1940","Texas","480","McMullen","3110","Mcmullen","49","3110",48,86,34,40,104,32,22,11,4,44,51,22,32,91,37,29,13,0
"G4803130","1940","Texas","480","Madison","3130","Madison","49","3130",122,675,613,609,696,184,123,66,16,88,435,529,582,758,198,182,67,9
"G4803150","1940","Texas","480","Marion","3150","Marion","49","3150",132,764,527,591,427,182,78,79,18,81,551,516,625,544,211,99,92,10
"G4803170","1940","Texas","480","Martin","3170","Martin","49","3170",97,169,226,229,444,100,63,29,11,63,110,152,148,421,122,82,34,7
"G4803190","1940","Texas","480","Mason","3190","Mason","49","3190",53,269,262,323,401,92,79,36,3,40,164,261,309,417,146,106,37,0
"G4803210","1940","Texas","480","Matagorda","3210","Matagorda","49","3210",290,1123,942,1041,1004,487,282,196,22,232,745,853,899,1015,595,394,150,13
"G4803230","1940","Texas","480","Maverick","3230","Maverick","49","3230",320,822,364,200,236,172,89,92,11,401,780,380,192,236,182,99,83,9
"G4803250","1940","Texas","480","Medina","3250","Medina","49","3250",616,977,648,817,508,272,160,81,20,620,705,557,691,477,306,183,90,10
"G4803270","1940","Texas","480","Menard","3270","Menard","49","3270",87,196,160,230,278,142,72,45,11,67,140,149,207,275,188,78,46,7
"G4803290","1940","Texas","480","Midland","3290","Midland","49","3290",141,274,299,486,696,515,400,391,37,97,220,257,407,725,668,411,239,13
"G4803310","1940","Texas","480","Milam","3310","Milam","49","3310",772,2108,1499,1676,1418,464,271,171,77,617,1480,1513,1610,1679,652,465,202,28
"G4803330","1940","Texas","480","Mills","3330","Mills","49","3330",37,215,344,591,663,190,96,47,3,28,148,270,510,696,277,135,44,4
"G4803350","1940","Texas","480","Mitchell","3350","Mitchell","49","3350",145,387,499,698,925,316,186,99,9,111,240,384,588,1009,411,206,83,5
"G4803370","1940","Texas","480","Montague","3370","Montague","49","3370",132,704,962,1395,1410,491,256,133,65,64,444,815,1376,1670,545,325,152,39
"G4803390","1940","Texas","480","Montgomery","3390","Montgomery","49","3390",376,1396,1149,1401,924,399,198,148,171,267,955,1110,1234,1044,429,280,187,37
"G4803410","1940","Texas","480","Moore","3410","Moore","49","3410",7,32,103,335,337,216,103,65,43,0,12,72,203,296,180,93,55,19
"G4803430","1940","Texas","480","Morris","3430","Morris","49","3430",150,479,430,592,468,134,71,55,9,105,301,449,611,520,175,104,82,5
"G4803450","1940","Texas","480","Motley","3450","Motley","49","3450",30,153,245,216,392,150,71,45,7,13,100,172,193,375,193,86,36,2
"G4803470","1940","Texas","480","Nacogdoches","3470","Nacogdoches","49","3470",344,1828,1713,1837,1643,619,380,307,109,238,1245,1636,1909,1851,742,484,389,60
"G4803490","1940","Texas","480","Navarro","3490","Navarro","49","3490",593,2387,2594,3181,2468,1104,503,357,78,366,1681,2404,3353,2962,1537,775,416,43
"G4803510","1940","Texas","480","Newton","3510","Newton","49","3510",240,831,715,636,530,183,95,54,18,141,586,679,629,663,216,96,46,8
"G4803530","1940","Texas","480","Nolan","3530","Nolan","49","3530",87,457,600,838,1381,689,371,221,46,79,272,547,735,1438,754,417,182,39
"G4803550","1940","Texas","480","Nueces","3550","Nueces","49","3550",2425,4247,2606,4707,4043,3286,1859,1469,237,2445,3308,2121,3659,3942,3800,1818,986,145
"G4803570","1940","Texas","480","Ochiltree","3570","Ochiltree","49","3570",5,92,114,314,276,189,105,68,26,7,50,74,235,238,244,134,49,1
"G4803590","1940","Texas","480","Oldham","3590","Oldham","49","3590",3,13,32,54,149,82,28,21,3,1,2,16,34,121,76,48,16,2
"G4803610","1940","Texas","480","Orange","3610","Orange","49","3610",387,944,805,923,807,353,173,133,12,337,717,755,901,855,459,231,125,16
"G4803630","1940","Texas","480","Palo Pinto","3630","Palo Pinto","49","3630",91,529,750,1335,1033,738,478,235,55,39,381,684,1288,1115,796,620,228,41
"G4803650","1940","Texas","480","Panola","3650","Panola","49","3650",256,1277,1025,1016,1092,313,180,76,55,163,772,1049,1037,1290,365,254,102,31
"G4803670","1940","Texas","480","Parker","3670","Parker","49","3670",162,735,1087,1446,1349,508,314,170,42,107,449,903,1395,1598,716,387,191,36
"G4803690","1940","Texas","480","Parmer","3690","Parmer","49","3690",21,114,187,473,388,169,71,50,58,14,76,131,349,334,240,104,50,41
"G4803710","1940","Texas","480","Pecos","3710","Pecos","49","3710",298,277,185,376,388,299,154,104,25,202,222,155,272,367,316,189,100,14
"G4803730","1940","Texas","480","Polk","3730","Polk","49","3730",299,1227,1104,886,1084,406,218,151,75,212,821,935,777,1196,450,272,151,50
"G4803750","1940","Texas","480","Potter","3750","Potter","49","3750",162,714,1333,3424,3664,2939,1642,1173,216,118,531,1104,2984,3855,3663,1923,984,170
"G4803770","1940","Texas","480","Presidio","3770","Presidio","49","3770",508,678,206,290,204,207,131,108,73,531,639,181,170,109,185,165,83,93
"G4803790","1940","Texas","480","Rains","3790","Rains","49","3790",50,270,413,539,335,105,56,32,7,28,166,361,467,420,111,71,45,8
"G4803810","1940","Texas","480","Randall","3810","Randall","49","3810",12,93,181,429,429,360,226,170,26,5,66,112,339,440,428,342,220,10
"G4803830","1940","Texas","480","Reagan","3830","Reagan","49","3830",6,34,36,102,198,120,64,35,1,4,19,20,51,168,137,78,36,0
"G4803850","1940","Texas","480","Real","3850","Real","49","3850",40,113,101,155,184,25,22,19,7,30,67,78,119,198,25,38,13,4
"G4803870","1940","Texas","480","Red River","3870","Red River","49","3870",339,1441,1423,1742,1691,360,234,159,26,212,892,1344,1683,2039,497,410,144,4
"G4803890","1940","Texas","480","Reeves","3890","Reeves","49","3890",279,241,231,340,331,291,202,137,21,236,184,140,273,338,356,197,102,11
"G4803910","1940","Texas","480","Refugio","3910","Refugio","49","3910",337,498,334,496,523,264,138,88,24,260,378,297,368,488,327,160,75,6
"G4803930","1940","Texas","480","Roberts","3930","Roberts","49","3930",9,22,32,96,100,70,29,19,3,3,5,23,57,88,70,53,23,0
"G4803950","1940","Texas","480","Robertson","3950","Robertson","49","3950",622,1613,1189,1077,1029,302,216,114,48,562,1156,1090,1119,1259,415,317,135,64
"G4803970","1940","Texas","480","Rockwall","3970","Rockwall","49","3970",123,442,334,417,341,173,66,42,16,53,285,297,388,396,223,108,58,9
"G4803990","1940","Texas","480","Runnels","3990","Runnels","49","3990",185,579,764,1364,1090,495,243,145,34,143,390,705,1240,1261,646,331,155,13
"G4804010","1940","Texas","480","Rusk","4010","Rusk","49","4010",425,2076,2090,2907,2806,1246,620,414,134,301,1379,1841,2840,3199,1556,830,360,117
"G4804030","1940","Texas","480","Sabine","4030","Sabine","49","4030",109,677,674,619,404,138,79,35,18,59,500,603,624,428,176,95,39,15
"G4804050","1940","Texas","480","San Augustine","4050","San Augustine","49","4050",113,719,591,649,508,136,67,57,84,70,477,582,581,606,179,129,44,49
"G4804070","1940","Texas","480","San Jacinto","4070","San Jacinto","49","4070",218,785,473,397,252,74,54,30,17,149,487,476,445,333,90,78,49,13
"G4804090","1940","Texas","480","San Patricio","4090","San Patricio","49","4090",1469,1321,668,1042,1317,817,401,274,88,1276,877,546,794,1165,916,465,237,50
"G4804110","1940","Texas","480","San Saba","4110","San Saba","49","4110",101,307,453,765,790,256,141,79,56,60,162,347,649,890,378,204,75,39
"G4804130","1940","Texas","480","Schleicher","4130","Schleicher","49","4130",40,73,95,207,191,101,68,23,11,45,50,81,190,144,134,67,44,2
"G4804150","1940","Texas","480","Scurry","4150","Scurry","49","4150",70,324,412,819,910,302,146,98,8,45,167,381,626,951,360,197,96,8
"G4804170","1940","Texas","480","Shackelford","4170","Shackelford","49","4170",27,115,271,388,400,266,140,65,21,17,72,217,356,425,278,180,65,14
"G4804190","1940","Texas","480","Shelby","4190","Shelby","49","4190",400,1463,1393,1708,1421,466,217,129,83,230,960,1322,1779,1652,545,354,128,53
"G4804210","1940","Texas","480","Sherman","4210","Sherman","49","4210",3,23,62,210,149,72,38,21,3,4,7,30,133,136,93,63,18,2
"G4804230","1940","Texas","480","Smith","4230","Smith","49","4230",624,2627,2853,3774,3805,2159,1194,799,270,490,1795,2591,3637,4546,2760,1487,733,227
"G4804250","1940","Texas","480","Somervell","4250","Somervell","49","4250",25,108,200,238,207,47,40,17,2,17,66,140,250,215,59,43,17,0
"G4804270","1940","Texas","480","Starr","4270","Starr","49","4270",619,1351,354,208,158,108,58,56,34,830,1121,343,189,139,101,65,30,17
"G4804290","1940","Texas","480","Stephens","4290","Stephens","49","4290",69,341,446,1028,801,317,231,115,32,45,198,421,976,900,440,273,99,22
"G4804310","1940","Texas","480","Sterling","4310","Sterling","49","4310",24,57,46,60,105,54,52,21,4,14,33,36,31,100,61,47,26,1
"G4804330","1940","Texas","480","Stonewall","4330","Stonewall","49","4330",33,177,226,296,446,81,51,32,34,13,107,209,262,423,111,95,35,15
"G4804350","1940","Texas","480","Sutton","4350","Sutton","49","4350",162,248,140,115,231,115,60,34,0,97,163,83,76,174,138,74,37,3
"G4804370","1940","Texas","480","Swisher","4370","Swisher","49","4370",15,115,204,278,676,242,151,77,8,4,52,134,269,617,288,204,76,2
"G4804390","1940","Texas","480","Tarrant","4390","Tarrant","49","4390",1320,6160,8839,15526,13119,10432,5283,4103,448,1068,4654,8096,14971,15920,14377,6527,3529,395
"G4804410","1940","Texas","480","Taylor","4410","Taylor","49","4410",357,980,1364,2400,2836,1801,1093,833,449,299,703,1190,2288,3186,2399,1295,859,403
"G4804430","1940","Texas","480","Terrell","4430","Terrell","49","4430",149,155,86,96,142,80,32,29,3,121,121,53,41,142,97,53,29,2
"G4804450","1940","Texas","480","Terry","4450","Terry","49","4450",44,255,426,590,917,345,160,74,19,35,128,291,455,912,359,191,58,8
"G4804470","1940","Texas","480","Throckmorton","4470","Throckmorton","49","4470",14,92,155,288,313,139,74,45,28,11,55,118,216,384,157,90,25,15
"G4804490","1940","Texas","480","Titus","4490","Titus","49","4490",204,675,851,1203,1236,388,295,173,30,144,459,788,1141,1338,466,305,136,11
"G4804510","1940","Texas","480","Tom Green","4510","Tom Green","49","4510",445,1121,1371,1959,2662,1471,883,609,39,358,894,1212,1813,2912,2001,1170,656,25
"G4804530","1940","Texas","480","Travis","4530","Travis","49","4530",2058,3752,3667,5453,4093,3835,2700,3072,768,2126,3083,3586,5623,5005,5624,3800,2640,943
"G4804550","1940","Texas","480","Trinity","4550","Trinity","49","4550",148,698,651,855,704,122,157,92,25,97,483,618,824,794,165,177,87,12
"G4804570","1940","Texas","480","Tyler","4570","Tyler","49","4570",178,689,587,676,588,222,99,74,9,101,429,557,584,590,271,115,70,5
"G4804590","1940","Texas","480","Upshur","4590","Upshur","49","4590",205,1045,1248,1439,1443,586,241,162,92,148,699,1128,1465,1686,631,310,168,56
"G4804610","1940","Texas","480","Upton","4610","Upton","49","4610",27,59,124,216,382,238,126,67,2,20,37,90,167,344,260,115,54,0
"G4804630","1940","Texas","480","Uvalde","4630","Uvalde","49","4630",407,788,382,550,521,343,215,147,11,398,643,331,490,555,468,283,127,12
"G4804650","1940","Texas","480","Val Verde","4650","Val Verde","49","4650",454,1091,551,473,460,310,153,152,13,581,1082,435,383,457,433,247,117,6
"G4804670","1940","Texas","480","Van Zandt","4670","Van Zandt","49","4670",232,1250,1693,2056,1728,585,252,161,120,143,810,1456,2024,1992,669,336,173,111
"G4804690","1940","Texas","480","Victoria","4690","Victoria","49","4690",691,1394,1074,1088,941,590,336,233,41,691,1063,1049,1091,970,735,403,177,23
"G4804710","1940","Texas","480","Walker","4710","Walker","49","4710",525,1513,1103,1149,854,232,277,226,28,184,826,819,903,791,320,408,276,31
"G4804730","1940","Texas","480","Waller","4730","Waller","49","4730",232,669,477,512,421,177,103,138,32,211,537,484,451,496,214,156,147,28
"G4804750","1940","Texas","480","Ward","4750","Ward","49","4750",199,205,219,452,798,405,219,134,21,124,146,155,315,737,388,198,103,12
"G4804770","1940","Texas","480","Washington","4770","Washington","49","4770",260,2048,1771,1240,469,278,331,197,21,253,1937,1789,1398,567,382,372,162,16
"G4804790","1940","Texas","480","Webb","4790","Webb","49","4790",1352,3784,1884,842,810,737,346,331,65,2058,4165,2111,781,774,805,371,267,67
"G4804810","1940","Texas","480","Wharton","4810","Wharton","49","4810",871,2311,1739,1597,1475,506,410,278,27,680,1781,1709,1419,1542,595,521,309,14
"G4804830","1940","Texas","480","Wheeler","4830","Wheeler","49","4830",56,287,495,859,851,330,173,115,31,30,181,376,769,914,418,191,101,27
"G4804850","1940","Texas","480","Wichita","4850","Wichita","49","4850",444,1875,2669,4884,4402,3026,1689,1084,395,321,1376,2586,4578,5031,4059,1937,973,288
"G4804870","1940","Texas","480","Wilbarger","4870","Wilbarger","49","4870",148,780,843,1209,1204,579,346,194,55,64,528,734,1228,1294,776,429,185,44
"G4804890","1940","Texas","480","Willacy","4890","Willacy","49","4890",646,605,376,461,554,275,158,106,21,584,448,269,377,489,285,153,101,8
"G4804910","1940","Texas","480","Williamson","4910","Williamson","49","4910",796,2398,2115,2044,2135,785,505,344,81,701,1885,2007,2022,2241,1080,711,322,64
"G4804930","1940","Texas","480","Wilson","4930","Wilson","49","4930",498,1292,774,684,552,120,105,72,35,464,1041,695,589,632,173,140,67,37
"G4804950","1940","Texas","480","Winkler","4950","Winkler","49","4950",25,97,138,379,519,313,152,91,6,10,57,91,288,468,331,153,70,3
"G4804970","1940","Texas","480","Wise","4970","Wise","49","4970",155,654,990,1318,1248,446,266,144,42,87,441,821,1249,1409,562,341,138,19
"G4804990","1940","Texas","480","Wood","4990","Wood","49","4990",212,886,1227,1499,1535,436,307,148,96,142,636,1041,1468,1763,540,344,163,64
"G4805010","1940","Texas","480","Yoakum","5010","Yoakum","49","5010",14,104,183,378,470,221,146,61,6,12,32,110,247,419,193,105,34,2
"G4805030","1940","Texas","480","Young","5030","Young","49","5030",68,502,719,1308,1397,632,331,177,41,26,287,664,1159,1469,834,365,170,28
"G4805050","1940","Texas","480","Zapata","5050","Zapata","49","5050",188,509,159,65,31,40,11,10,3,171,414,133,48,32,26,20,5,2
"G4805070","1940","Texas","480","Zavala","5070","Zavala","49","5070",725,901,308,255,239,163,83,51,18,682,659,213,211,199,193,77,55,8
"G4900010","1940","Utah","490","Beaver","0010","Beaver","67","10",6,25,46,385,321,203,111,54,61,4,17,46,357,292,204,140,35,28
"G4900030","1940","Utah","490","Box Elder","0030","Box Elder","67","30",40,187,258,1477,1075,614,439,240,30,34,123,199,1347,878,802,526,123,17
"G4900050","1940","Utah","490","Cache","0050","Cache","67","50",50,312,389,1921,1523,933,914,715,30,46,246,382,2007,1497,1352,1054,359,24
"G4900070","1940","Utah","490","Carbon","0070","Carbon","67","70",198,599,473,1448,947,581,266,221,76,131,286,329,1115,838,632,318,103,39
"G4900090","1940","Utah","490","Daggett","0090","Daggett","67","90",5,9,9,59,36,10,9,9,0,0,4,6,32,30,15,16,4,1
"G4900110","1940","Utah","490","Davis","0110","Davis","67","110",46,146,213,1238,773,589,391,222,42,27,125,174,1210,796,694,416,107,38
"G4900130","1940","Utah","490","Duchesne","0130","Duchesne","67","130",33,128,163,809,451,190,118,86,5,20,79,94,598,426,234,132,46,4
"G4900150","1940","Utah","490","Emery","0150","Emery","67","150",11,100,137,546,459,212,98,55,8,16,56,107,446,401,246,132,21,3
"G4900170","1940","Utah","490","Garfield","0170","Garfield","67","170",8,16,47,423,312,147,83,47,10,4,12,56,339,242,175,91,17,5
"G4900190","1940","Utah","490","Grand","0190","Grand","67","190",11,51,56,153,121,73,37,29,72,6,15,35,99,110,60,56,25,5
"G4900210","1940","Utah","490","Iron","0210","Iron","67","210",16,43,112,562,508,355,235,161,22,22,30,88,414,443,369,311,84,18
"G4900230","1940","Utah","490","Juab","0230","Juab","67","230",28,77,143,598,441,293,136,82,24,21,68,109,556,411,398,156,50,15
"G4900250","1940","Utah","490","Kane","0250","Kane","67","250",6,9,21,185,153,90,44,30,12,2,9,17,154,123,109,72,14,6
"G4900270","1940","Utah","490","Millard","0270","Millard","67","270",22,75,123,699,564,344,227,118,28,17,50,89,625,506,380,253,58,26
"G4900290","1940","Utah","490","Morgan","0290","Morgan","67","290",3,17,41,195,155,107,84,33,4,0,12,25,193,141,117,67,29,3
"G4900310","1940","Utah","490","Piute","0310","Piute","67","310",1,39,34,174,111,90,46,17,2,4,18,30,129,118,80,50,12,2
"G4900330","1940","Utah","490","Rich","0330","Rich","67","330",3,8,14,183,125,89,57,27,2,2,6,4,176,83,80,65,9,2
"G4900350","1940","Utah","490","Salt Lake","0350","Salt Lake","67","350",750,2314,3458,15034,10207,11677,6016,5177,396,587,1737,3109,15109,11218,14238,6548,3577,388
"G4900370","1940","Utah","490","San Juan","0370","San Juan","67","370",279,66,67,191,155,91,52,27,51,226,35,39,137,145,91,71,18,30
"G4900390","1940","Utah","490","Sanpete","0390","Sanpete","67","390",47,224,303,1214,862,490,440,203,56,34,194,258,1215,795,604,464,92,34
"G4900410","1940","Utah","490","Sevier","0410","Sevier","67","410",36,145,193,950,572,409,256,155,53,28,112,134,842,614,455,327,62,45
"G4900430","1940","Utah","490","Summit","0430","Summit","67","430",19,100,133,834,442,404,169,98,20,23,61,84,650,437,385,186,67,9
"G4900450","1940","Utah","490","Tooele","0450","Tooele","67","450",75,150,167,735,534,351,184,125,40,43,69,107,533,487,406,177,62,29
"G4900470","1940","Utah","490","Uintah","0470","Uintah","67","470",72,146,177,727,510,291,160,99,9,63,100,130,574,512,299,201,53,5
"G4900490","1940","Utah","490","Utah","0490","Utah","67","490",262,543,863,3846,2979,2118,1460,965,247,166,438,784,3931,2985,2498,1682,534,262
"G4900510","1940","Utah","490","Wasatch","0510","Wasatch","67","510",4,34,78,478,346,220,122,60,7,7,20,51,433,293,252,139,30,2
"G4900530","1940","Utah","490","Washington","0530","Washington","67","530",33,118,123,639,512,210,267,147,11,14,60,118,552,545,288,244,50,5
"G4900550","1940","Utah","490","Wayne","0550","Wayne","67","550",3,13,35,202,143,41,42,18,4,1,7,14,161,141,49,42,7,0
"G4900570","1940","Utah","490","Weber","0570","Weber","67","570",189,638,991,4652,2939,2610,1424,900,108,126,476,789,4528,3353,3198,1468,556,75
"G5000010","1940","Vermont","500","Addison","0010","Addison","6","10",109,247,388,2421,859,583,197,252,70,51,128,241,1824,937,914,385,242,47
"G5000030","1940","Vermont","500","Bennington","0030","Bennington","6","30",101,276,503,3448,901,809,203,301,45,62,201,378,3102,1063,1307,314,238,57
"G5000050","1940","Vermont","500","Caledonia","0050","Caledonia","6","50",109,301,499,2973,1496,1091,296,271,78,53,148,362,2533,1635,1649,424,200,64
"G5000070","1940","Vermont","500","Chittenden","0070","Chittenden","6","70",280,1073,1453,4828,2342,2024,698,1034,286,234,856,1411,4571,2402,3033,1019,662,380
"G5000090","1940","Vermont","500","Essex","0090","Essex","6","90",76,198,206,870,288,195,57,49,20,20,102,132,665,345,279,104,24,14
"G5000110","1940","Vermont","500","Franklin","0110","Franklin","6","110",200,650,1121,3444,1268,959,247,236,101,109,385,888,3230,1311,1481,390,143,62
"G5000130","1940","Vermont","500","Grand Isle","0130","Grand Isle","6","130",50,117,159,488,148,74,23,30,9,22,84,110,435,114,97,65,15,6
"G5000150","1940","Vermont","500","Lamoille","0150","Lamoille","6","150",55,156,263,1394,660,426,102,128,37,18,77,155,1088,707,598,265,82,13
"G5000170","1940","Vermont","500","Orange","0170","Orange","6","170",48,181,300,2414,956,657,206,206,32,19,61,176,1881,922,1032,423,125,24
"G5000190","1940","Vermont","500","Orleans","0190","Orleans","6","190",139,382,674,2810,968,744,216,181,64,75,236,479,2327,1171,992,377,104,42
"G5000210","1940","Vermont","500","Rutland","0210","Rutland","6","210",244,711,982,5331,2449,2084,512,641,209,255,522,826,4540,2576,3084,1017,418,161
"G5000230","1940","Vermont","500","Washington","0230","Washington","6","230",225,673,942,5105,1869,1836,440,690,135,147,515,757,4542,2048,3077,640,393,112
"G5000250","1940","Vermont","500","Windham","0250","Windham","6","250",88,253,444,3471,1796,1195,419,437,119,71,164,323,2742,1919,2076,755,376,69
"G5000270","1940","Vermont","500","Windsor","0270","Windsor","6","270",197,441,643,4765,2205,1876,612,563,166,146,236,412,3498,2200,2610,957,347,109
"G5100010","1940","Virginia","510","Accomack","0010","Accomack","40","10",854,2748,2177,1796,816,486,219,178,82,609,1821,2114,1969,1005,904,441,148,73
"G5100030","1940","Virginia","510","Albemarle","0030","Albemarle","40","30",605,1630,1404,1028,482,404,221,347,14,447,1131,1346,1085,611,656,394,275,11
"G5100050","1940","Virginia","510","Alleghany","0050","Alleghany","40","50",247,795,1149,1663,793,472,214,191,32,160,616,1023,1613,969,633,317,140,5
"G5100070","1940","Virginia","510","Amelia","0070","Amelia","40","70",91,623,507,492,151,87,36,43,75,72,349,430,526,170,124,106,41,37
"G5100090","1940","Virginia","510","Amherst","0090","Amherst","40","90",494,1075,935,1026,471,194,97,99,507,284,708,830,1030,632,369,228,129,554
"G5100110","1940","Virginia","510","Appomattox","0110","Appomattox","40","110",208,569,510,599,205,106,46,64,18,112,351,393,568,273,202,125,61,10
"G5100130","1940","Virginia","510","Arlington","0130","Arlington","40","130",179,602,1144,3550,2413,2942,2059,4429,103,135,488,943,3478,2781,4997,2756,2254,87
"G5100150","1940","Virginia","510","Augusta","0150","Augusta","40","150",423,1929,2214,2829,1275,948,575,469,170,253,1331,2078,2939,1492,1292,891,367,154
"G5100170","1940","Virginia","510","Bath","0170","Bath","40","170",67,374,458,659,140,92,59,76,35,39,228,374,546,183,139,112,66,12
"G5100190","1940","Virginia","510","Bedford","0190","Bedford","40","190",626,1745,1671,2299,609,392,209,215,5,349,1067,1329,2494,777,636,374,185,6
"G5100210","1940","Virginia","510","Bland","0210","Bland","40","210",66,297,341,587,176,80,69,25,19,36,171,267,546,191,66,117,31,6
"G5100230","1940","Virginia","510","Botetourt","0230","Botetourt","40","230",299,868,975,1162,363,247,127,98,10,141,566,743,1264,487,416,231,99,11
"G5100250","1940","Virginia","510","Brunswick","0250","Brunswick","40","250",539,1376,821,696,361,196,123,89,57,269,950,798,806,454,313,375,89,24
"G5100270","1940","Virginia","510","Buchanan","0270","Buchanan","40","270",580,1888,1233,1355,461,225,131,68,25,523,1625,1082,1023,420,160,196,46,18
"G5100290","1940","Virginia","510","Buckingham","0290","Buckingham","40","290",399,953,656,659,246,67,60,54,68,201,648,613,650,308,147,181,61,65
"G5100310","1940","Virginia","510","Campbell","0310","Campbell","40","310",575,1544,1323,1586,601,319,147,124,62,336,1052,1108,1565,799,498,317,131,10
"G5100330","1940","Virginia","510","Caroline","0330","Caroline","40","330",333,1121,705,612,262,175,68,79,29,160,711,647,706,331,257,188,102,23
"G5100350","1940","Virginia","510","Carroll","0350","Carroll","40","350",446,1390,1399,1789,266,198,113,69,52,361,1171,1493,1956,340,180,212,47,50
"G5100360","1940","Virginia","510","Charles City","0360","Charles City","40","360",131,409,214,148,54,29,15,25,0,80,270,192,184,39,52,33,57,2
"G5100370","1940","Virginia","510","Charlotte","0370","Charlotte","40","370",468,1185,695,681,314,121,81,70,10,245,840,616,684,403,280,222,82,4
"G5100410","1940","Virginia","510","Chesterfield","0410","Chesterfield","40","410",324,1254,1435,2129,1436,959,402,490,52,243,889,1207,1986,1617,1344,622,356,42
"G5100430","1940","Virginia","510","Clarke","0430","Clarke","40","430",128,434,474,452,184,154,74,68,26,71,266,383,457,194,203,146,115,12
"G5100450","1940","Virginia","510","Craig","0450","Craig","40","450",37,155,221,329,117,60,29,25,4,16,117,190,328,134,81,52,26,3
"G5100470","1940","Virginia","510","Culpeper","0470","Culpeper","40","470",281,662,748,918,333,219,136,118,65,166,496,614,1037,371,351,250,128,9
"G5100490","1940","Virginia","510","Cumberland","0490","Cumberland","40","490",258,567,277,352,122,106,47,35,16,166,399,264,327,136,173,114,45,25
"G5100510","1940","Virginia","510","Dickenson","0510","Dickenson","40","510",305,1341,1000,958,268,130,106,66,21,223,1110,910,847,226,114,104,25,22
"G5100530","1940","Virginia","510","Dinwiddie","0530","Dinwiddie","40","530",360,1209,736,613,296,177,68,54,1642,172,718,652,609,356,257,197,85,1678
"G5100550","1940","Virginia","510","Elizabeth City","0550","Elizabeth City","40","550",288,1150,1245,2636,1852,1689,672,951,289,124,534,792,1526,1220,1506,641,425,64
"G5100570","1940","Virginia","510","Essex","0570","Essex","40","570",217,495,367,300,144,126,76,64,12,142,347,298,303,161,210,122,71,12
"G5100590","1940","Virginia","510","Fairfax","0590","Fairfax","40","590",335,1253,1752,3276,1702,1268,774,1272,1259,137,614,1206,2612,1459,1816,1070,766,66
"G5100610","1940","Virginia","510","Fauquier","0610","Fauquier","40","610",413,1171,1158,1364,496,358,214,194,23,291,808,996,1385,668,632,362,159,9
"G5100630","1940","Virginia","510","Floyd","0630","Floyd","40","630",198,627,718,1062,133,75,41,39,1,140,460,649,1184,167,135,111,29,1
"G5100650","1940","Virginia","510","Fluvanna","0650","Fluvanna","40","650",169,479,319,455,178,109,32,55,2,95,362,330,453,206,210,86,55,1
"G5100670","1940","Virginia","510","Franklin","0670","Franklin","40","670",737,1490,1475,1543,317,169,115,70,21,422,1024,1292,1834,429,265,284,93,15
"G5100690","1940","Virginia","510","Frederick","0690","Frederick","40","690",83,540,1034,1405,265,163,100,61,50,31,372,878,1405,337,204,143,50,31
"G5100710","1940","Virginia","510","Giles","0710","Giles","40","710",229,560,639,1055,362,284,178,119,25,151,340,595,1041,393,271,310,88,18
"G5100730","1940","Virginia","510","Gloucester","0730","Gloucester","40","730",286,694,594,380,309,150,64,63,24,155,440,578,469,388,289,156,71,10
"G5100750","1940","Virginia","510","Goochland","0750","Goochland","40","750",208,821,466,419,166,88,48,41,16,76,499,385,422,206,160,113,47,13
"G5100770","1940","Virginia","510","Grayson","0770","Grayson","40","770",298,1054,1035,1661,497,284,168,91,16,251,905,1073,1709,555,311,322,90,10
"G5100790","1940","Virginia","510","Greene","0790","Greene","40","790",174,398,228,244,78,31,20,26,3,133,280,243,280,108,58,69,19,2
"G5100810","1940","Virginia","510","Greensville","0810","Greensville","40","810",388,1291,559,407,245,186,89,75,19,231,936,623,543,314,229,216,69,9
"G5100830","1940","Virginia","510","Halifax","0830","Halifax","40","830",965,2673,1929,1763,863,492,233,191,22,564,2055,1853,1858,1071,761,613,208,17
"G5100850","1940","Virginia","510","Hanover","0850","Hanover","40","850",334,1233,862,947,560,331,181,187,45,189,826,844,980,690,550,347,154,40
"G5100870","1940","Virginia","510","Henrico","0870","Henrico","40","870",265,1234,1453,2842,2009,1810,851,1131,123,212,935,1313,2704,2543,2780,1173,693,86
"G5100890","1940","Virginia","510","Henry","0890","Henry","40","890",491,1658,1488,1471,330,174,98,64,90,292,1072,1427,1541,441,267,181,76,88
"G5100910","1940","Virginia","510","Highland","0910","Highland","40","910",73,184,320,384,103,52,47,34,24,42,151,265,351,126,80,106,31,20
"G5100930","1940","Virginia","510","Isle Of Wight","0930","Isle Of Wight","40","930",545,1110,601,384,291,145,84,54,13,324,760,655,553,338,274,205,91,9
"G5100950","1940","Virginia","510","James City","0950","James City","40","950",161,324,275,272,117,111,53,80,11,90,233,213,249,161,170,98,66,7
"G5100970","1940","Virginia","510","King And Queen","0970","King And Queen","40","970",146,567,319,348,160,85,37,28,4,61,314,354,381,200,116,110,42,3
"G5100990","1940","Virginia","510","King George","0990","King George","40","990",132,342,301,407,137,84,36,55,4,80,192,244,431,140,107,81,30,3
"G5101010","1940","Virginia","510","King William","1010","King William","40","1010",271,527,395,338,229,143,97,60,6,156,383,341,350,249,204,176,60,5
"G5101030","1940","Virginia","510","Lancaster","1030","Lancaster","40","1030",164,563,490,451,190,141,77,60,238,74,322,414,476,267,214,149,65,222
"G5101050","1940","Virginia","510","Lee","1050","Lee","40","1050",672,2511,1871,1843,726,331,189,120,27,486,2009,1922,1786,837,377,344,96,26
"G5101070","1940","Virginia","510","Loudoun","1070","Loudoun","40","1070",208,932,1316,1689,402,357,247,225,23,172,608,1129,1679,525,557,434,173,9
"G5101090","1940","Virginia","510","Louisa","1090","Louisa","40","1090",393,1047,745,689,275,181,64,72,11,212,650,662,778,395,331,199,64,7
"G5101110","1940","Virginia","510","Lunenburg","1110","Lunenburg","40","1110",275,1007,664,656,359,183,84,70,38,132,575,546,682,426,281,265,108,27
"G5101130","1940","Virginia","510","Madison","1130","Madison","40","1130",225,674,457,437,213,114,50,64,1,161,481,379,400,279,167,130,55,8
"G5101150","1940","Virginia","510","Mathews","1150","Matthews","40","1150",74,391,565,642,243,126,65,49,17,45,257,489,593,379,273,134,43,15
"G5101170","1940","Virginia","510","Mecklenburg","1170","Mecklenburg","40","1170",764,2071,1349,1347,693,444,264,136,69,490,1430,1235,1400,793,681,523,164,43
"G5101190","1940","Virginia","510","Middlesex","1190","Middlesex","40","1190",131,573,357,342,187,121,68,53,14,73,342,309,374,270,178,142,55,9
"G5101210","1940","Virginia","510","Montgomery","1210","Montgomery","40","1210",354,967,1033,1345,441,296,217,433,22,197,740,948,1511,578,553,468,313,14
"G5101230","1940","Virginia","510","Nansemond","1230","Nansemond","40","1230",721,1881,1039,799,363,200,127,86,142,463,1572,1132,887,463,338,273,126,95
"G5101250","1940","Virginia","510","Nelson","1250","Nelson","40","1250",413,1078,829,849,332,130,100,71,30,267,710,747,878,448,268,201,81,25
"G5101270","1940","Virginia","510","New Kent","1270","New Kent","40","1270",124,331,214,217,79,54,36,21,10,62,202,206,234,81,75,73,19,2
"G5101290","1940","Virginia","510","Norfolk","1290","Norfolk","40","1290",496,1928,1589,2192,1524,1130,387,307,145,325,1442,1367,1964,1596,1457,576,246,102
"G5101310","1940","Virginia","510","Northampton","1310","Northampton","40","1310",425,1369,789,743,468,397,190,138,192,266,897,725,785,548,653,350,153,92
"G5101330","1940","Virginia","510","Northumberland","1330","Northumberland","40","1330",196,711,643,596,307,131,72,56,28,83,421,545,628,381,258,175,47,21
"G5101350","1940","Virginia","510","Nottoway","1350","Nottoway","40","1350",236,979,646,916,412,265,145,125,163,156,708,575,807,472,467,397,164,63
"G5101370","1940","Virginia","510","Orange","1370","Orange","40","1370",321,717,602,666,374,263,128,112,15,253,450,517,705,450,396,285,119,7
"G5101390","1940","Virginia","510","Page","1390","Page","40","1390",225,788,872,959,372,176,122,105,35,164,649,918,1011,424,308,218,74,22
"G5101410","1940","Virginia","510","Patrick","1410","Patrick","40","1410",510,1126,783,822,194,112,83,59,27,309,787,802,873,275,145,172,66,16
"G5101430","1940","Virginia","510","Pittsylvania","1430","Pittsylvania","40","1430",1496,4179,2755,2777,1116,557,242,182,177,981,3152,2800,2975,1353,850,602,221,92
"G5101450","1940","Virginia","510","Powhatan","1450","Powhatan","40","1450",164,370,322,352,154,76,48,40,12,68,240,225,275,155,105,90,56,5
"G5101470","1940","Virginia","510","Prince Edward","1470","Prince Edward","40","1470",363,920,617,677,435,298,153,184,33,222,623,586,588,431,407,397,263,18
"G5101490","1940","Virginia","510","Prince George","1490","Prince George","40","1490",308,1107,697,647,359,220,87,130,121,107,528,539,467,358,319,142,71,23
"G5101510","1940","Virginia","510","Princess Anne","1510","Princess Anne","40","1510",310,1310,833,1213,523,583,242,273,69,189,1073,793,1201,535,782,337,227,40
"G5101530","1940","Virginia","510","Prince William","1530","Prince William","40","1530",273,766,755,1211,726,561,250,402,2,165,464,580,924,480,561,316,167,3
"G5101550","1940","Virginia","510","Pulaski","1550","Pulaski","40","1550",263,1191,1155,1213,538,347,246,189,134,183,883,1202,1254,644,470,446,187,115
"G5101570","1940","Virginia","510","Rappahannock","1570","Rappahannock","40","1570",265,574,320,288,98,72,58,31,23,176,425,345,331,112,113,88,49,25
"G5101590","1940","Virginia","510","Richmond","1590","Richmond","40","1590",178,489,345,386,121,72,34,38,12,116,320,320,383,170,117,74,37,17
"G5101610","1940","Virginia","510","Roanoke","1610","Roanoke","40","1610",429,1878,2255,3460,1523,996,571,548,123,214,1091,1846,3400,1729,1447,850,435,33
"G5101630","1940","Virginia","510","Rockbridge","1630","Rockbridge","40","1630",419,1230,1048,1293,501,316,218,341,71,244,818,1101,1507,605,576,477,245,46
"G5101650","1940","Virginia","510","Rockingham","1650","Rockingham","40","1650",396,1319,1598,2282,904,569,361,254,103,277,1031,1737,2402,1013,743,574,259,43
"G5101670","1940","Virginia","510","Russell","1670","Russell","40","1670",600,1561,1144,1340,420,292,161,81,11,392,1169,1166,1457,456,306,341,91,10
"G5101690","1940","Virginia","510","Scott","1690","Scott","40","1690",386,1492,1294,1538,746,320,150,88,43,280,1112,1499,1539,734,320,266,61,34
"G5101710","1940","Virginia","510","Shenandoah","1710","Shenandoah","40","1710",131,741,1233,2127,554,314,224,202,45,87,528,1238,2250,585,487,346,136,40
"G5101730","1940","Virginia","510","Smyth","1730","Smyth","40","1730",1312,1367,1227,1438,690,318,224,207,24,913,1046,1208,1549,743,372,496,201,28
"G5101750","1940","Virginia","510","Southampton","1750","Southampton","40","1750",889,2105,1010,727,459,298,218,172,108,513,1559,1033,873,531,453,533,206,55
"G5101770","1940","Virginia","510","Spotsylvania","1770","Spotsylvania","40","1770",174,638,614,628,202,152,56,44,35,79,401,508,659,248,195,133,75,19
"G5101790","1940","Virginia","510","Stafford","1790","Stafford","40","1790",261,505,514,746,233,166,64,42,5,130,360,441,703,221,180,86,29,5
"G5101810","1940","Virginia","510","Surry","1810","Surry","40","1810",132,643,250,256,157,75,32,28,15,82,415,280,263,160,137,89,31,20
"G5101830","1940","Virginia","510","Sussex","1830","Sussex","40","1830",431,1183,386,354,247,128,95,69,37,255,801,504,444,225,206,184,90,17
"G5101850","1940","Virginia","510","Tazewell","1850","Tazewell","40","1850",596,2221,2021,2236,975,541,400,237,81,390,1526,1777,2272,1115,607,703,229,63
"G5101870","1940","Virginia","510","Warren","1870","Warren","40","1870",147,515,658,892,309,255,142,145,38,102,375,541,787,331,349,258,80,28
"G5101890","1940","Virginia","510","Warwick","1890","Warwick","40","1875",107,386,349,516,394,385,183,236,72,54,223,275,400,427,545,252,126,34
"G5101910","1940","Virginia","510","Washington","1910","Washington","40","1910",636,1959,1905,2035,963,591,332,274,47,379,1522,1838,2200,1157,747,674,271,40
"G5101930","1940","Virginia","510","Westmoreland","1930","Westmoreland","40","1930",247,717,519,525,161,88,71,58,104,131,434,439,545,211,159,120,57,63
"G5101950","1940","Virginia","510","Wise","1950","Wise","40","1950",841,2959,2450,2425,1118,668,364,285,107,659,2520,2581,2262,1212,664,618,195,87
"G5101970","1940","Virginia","510","Wythe","1970","Wythe","40","1970",336,1095,879,1479,506,379,265,148,31,227,892,941,1647,585,448,506,172,32
"G5101990","1940","Virginia","510","York","1990","York","40","1990",150,599,518,484,347,129,87,61,29,67,373,453,460,378,256,133,44,21
"G5105100","1940","Virginia","510","Alexandria City","5100","Alexandria City","40","5100",198,871,1412,2339,1453,1365,733,1258,163,169,720,1271,2428,1713,2178,946,734,96
"G5105200","1940","Virginia","510","Bristol City","5200","Bristol City","40","5200",143,358,352,519,326,321,222,179,11,109,358,421,524,435,383,433,168,10
"G5105300","1940","Virginia","510","Buena Vista City","5300","Buena Vista City","40","5300",57,291,212,220,101,79,17,33,2,40,245,208,264,102,93,64,50,1
"G5105400","1940","Virginia","510","Charlottesville City","5400","Charlottesville City","40","5400",175,557,841,1190,791,631,359,641,64,134,517,803,1279,995,1230,683,454,48
"G5105600","1940","Virginia","510","Clifton Forge City","5600","Clifton Forge City","40","5600",64,230,276,447,311,198,121,93,5,58,206,252,424,390,355,207,79,4
"G5105900","1940","Virginia","510","Danville City","5900","Danville City","40","5900",492,1791,1532,1664,1028,803,434,391,8,541,1917,1821,1897,1183,1195,809,432,9
"G5106300","1940","Virginia","510","Fredericksburg City","6300","Fredericksburg City","40","6300",58,273,320,873,388,408,193,231,33,96,246,323,848,415,488,302,271,38
"G5106500","1940","Virginia","510","Hampton City","6500","Hampton City","40","6500",40,150,219,372,291,283,139,187,79,41,116,212,370,373,430,219,149,57
"G5106600","1940","Virginia","510","Harrisonburg City","6600","Harrisonburg City","40","6600",40,242,319,559,353,269,245,202,45,46,237,382,632,473,407,384,215,48
"G5106700","1940","Virginia","510","Hopewell City","6700","Hopewell City","40","6700",49,429,383,582,413,289,122,134,59,44,272,367,532,442,323,165,98,27
"G5106800","1940","Virginia","510","Lynchburg City","6800","Lynchburg City","40","6800",497,1640,1848,2680,1870,1316,624,731,30,516,1802,2132,3077,2466,2277,1109,710,27
"G5106900","1940","Virginia","510","Martinsville City","6900","Martinsville City","40","6900",44,427,456,752,295,287,169,147,2,27,322,461,678,353,379,239,124,1
"G5107000","1940","Virginia","510","Newport News City","7000","Newport News City","40","7000",524,1823,1834,2586,1545,1398,515,467,197,430,1431,1667,2286,1690,1658,569,312,120
"G5107100","1940","Virginia","510","Norfolk City","7100","Norfolk City","40","7100",1497,5803,5828,10037,6520,6114,2326,2645,524,1389,5616,5826,9875,6935,7929,3349,1759,430
"G5107300","1940","Virginia","510","Petersburg City","7300","Petersburg City","40","7300",431,1953,1540,1468,1129,589,275,330,201,469,1961,1895,1643,1467,1023,543,323,125
"G5107400","1940","Virginia","510","Portsmouth City","7400","Portsmouth City","40","7400",644,2108,2218,3721,2623,1799,524,439,147,669,2043,2153,3245,2763,2393,837,436,114
"G5107500","1940","Virginia","510","Radford City","7500","Radford City","40","7500",53,253,334,434,288,180,93,81,2,22,214,271,431,301,249,195,128,7
"G5107600","1940","Virginia","510","Richmond City","7600","Richmond City","40","7600",1729,7439,7951,12824,9081,7770,3264,3871,167,1604,7368,8659,13797,11782,12590,4864,2853,142
"G5107700","1940","Virginia","510","Roanoke City","7700","Roanoke City","40","7700",609,2267,3159,4917,2835,2579,1182,1213,104,589,2086,3086,5521,3635,3837,1824,1001,91
"G5107805","1940","Virginia","510","South Norfolk City","7805","South Norfolk City","40","7850",92,351,460,567,340,234,54,33,35,51,307,464,544,411,282,83,27,23
"G5107900","1940","Virginia","510","Staunton City","7900","Staunton City","40","7900",178,539,957,870,536,435,288,307,107,150,342,1037,974,704,750,450,296,86
"G5108000","1940","Virginia","510","Suffolk City","8000","Suffolk City","40","8000",200,610,418,546,462,345,249,197,40,171,648,538,542,523,558,426,199,33
"G5108300","1940","Virginia","510","Williamsburg City","8300","Williamsburg City","40","8300",98,161,239,124,197,158,114,176,6,136,188,252,172,231,306,198,156,12
"G5108400","1940","Virginia","510","Winchester City","8400","Winchester City","40","8400",67,286,530,901,588,502,178,245,35,77,284,539,973,699,803,225,171,21
"G5300010","1940","Washington","530","Adams","0010","Adams","73","10",17,156,179,945,279,296,93,94,8,21,89,126,616,234,282,147,62,6
"G5300030","1940","Washington","530","Asotin","0030","Asotin","73","30",14,137,180,1006,397,361,156,99,24,13,89,152,889,429,435,258,81,15
"G5300050","1940","Washington","530","Benton","0050","Benton","73","50",25,287,390,1527,588,531,255,163,61,14,111,220,1060,530,544,304,123,21
"G5300070","1940","Washington","530","Chelan","0070","Chelan","73","70",97,477,763,4044,1976,1773,817,637,40,38,233,484,2855,1984,2177,1001,490,24
"G5300090","1940","Washington","530","Clallam","0090","Clallam","73","90",86,520,575,3063,1083,999,349,291,159,45,255,358,1832,1119,1245,401,211,63
"G5300110","1940","Washington","530","Clark","0110","Clark","73","110",176,831,1307,6793,2501,2210,925,738,153,97,519,885,5185,2706,2700,1125,513,102
"G5300130","1940","Washington","530","Columbia","0130","Columbia","73","130",12,96,142,763,256,230,143,80,14,8,41,96,573,275,256,177,59,4
"G5300150","1940","Washington","530","Cowlitz","0150","Cowlitz","73","150",140,679,1109,5158,2187,1903,781,539,113,77,376,669,3481,2115,2229,905,368,57
"G5300170","1940","Washington","530","Douglas","0170","Douglas","73","170",21,148,236,1170,444,376,219,190,13,11,55,125,768,409,408,285,122,1
"G5300190","1940","Washington","530","Ferry","0190","Ferry","73","190",57,128,138,683,196,148,78,54,10,37,58,97,378,174,160,101,37,4
"G5300210","1940","Washington","530","Franklin","0210","Franklin","73","210",59,125,178,780,330,343,139,119,22,23,31,88,518,328,390,147,84,7
"G5300230","1940","Washington","530","Garfield","0230","Garfield","73","230",5,44,92,460,160,184,62,55,8,2,14,59,329,159,209,108,33,2
"G5300250","1940","Washington","530","Grant","0250","Grant","73","250",46,185,308,2010,937,904,367,197,23,14,93,168,1073,717,836,353,122,9
"G5300270","1940","Washington","530","Grays Harbor","0270","Grays Harbor","73","270",407,1511,1837,7014,2844,2576,960,648,337,242,812,1139,4710,2773,2860,1126,424,206
"G5300290","1940","Washington","530","Island","0290","Island","73","290",11,140,280,1011,248,212,114,53,28,6,91,201,686,262,271,139,41,18
"G5300310","1940","Washington","530","Jefferson","0310","Jefferson","73","310",43,159,226,1135,511,438,180,169,36,24,77,112,695,440,472,246,93,24
"G5300330","1940","Washington","530","King","0330","King","73","330",2417,8063,10490,57570,27038,34548,14245,14487,1542,1513,4586,6948,48060,28971,45803,15802,10470,1255
"G5300350","1940","Washington","530","Kitsap","0350","Kitsap","73","350",168,626,1040,5998,2672,2646,876,822,63,124,371,674,4289,2580,3139,1078,528,26
"G5300370","1940","Washington","530","Kittitas","0370","Kittitas","73","370",160,664,614,2435,994,830,428,313,121,111,343,368,1615,892,868,637,319,41
"G5300390","1940","Washington","530","Klickitat","0390","Klikatat","73","390",53,221,306,1600,584,563,211,151,40,44,89,187,1021,510,576,253,95,32
"G5300410","1940","Washington","530","Lewis","0410","Lewis","73","410",166,1000,1306,5588,1722,1712,636,483,173,121,654,865,4340,1956,1992,939,348,103
"G5300430","1940","Washington","530","Lincoln","0430","Lincoln","73","430",32,206,349,1583,489,587,228,189,17,11,99,191,1109,492,557,380,144,7
"G5300450","1940","Washington","530","Mason","0450","Mason","73","450",46,231,366,1584,563,528,180,149,29,17,107,195,1046,637,575,231,98,12
"G5300470","1940","Washington","530","Okanogan","0470","Okanogan","73","470",125,390,602,3263,1315,1146,497,377,29,111,197,372,1965,1188,1157,580,271,18
"G5300490","1940","Washington","530","Pacific","0490","Pacific","73","490",94,393,499,2465,845,758,256,163,102,59,188,286,1616,768,755,329,116,43
"G5300510","1940","Washington","530","Pend Oreille","0510","Pend Oreille","73","510",38,190,257,1197,396,275,127,91,17,18,68,104,641,307,275,155,58,10
"G5300530","1940","Washington","530","Pierce","0530","Pierce","73","530",975,3643,5226,23982,10281,9492,3562,3266,750,614,2057,3556,18563,10154,11737,4108,2278,491
"G5300550","1940","Washington","530","San Juan","0550","San Juan","73","550",14,48,106,490,157,129,58,51,8,11,26,70,316,161,162,94,33,3
"G5300570","1940","Washington","530","Skagit","0570","Skagit","73","570",118,916,1274,5520,1799,1682,648,438,326,91,550,761,4084,1820,2016,896,357,131
"G5300590","1940","Washington","530","Skamania","0590","Skamania","73","590",12,94,113,775,301,203,78,68,11,7,26,60,442,238,234,90,44,4
"G5300610","1940","Washington","530","Snohomish","0610","Snohomish","73","610",237,1702,2502,12921,4523,3887,1468,1164,234,168,1002,1753,9789,4673,4909,1890,851,150
"G5300630","1940","Washington","530","Spokane","0630","Spokane","73","630",1056,2874,3683,20438,8221,9167,4083,3651,460,583,1726,2488,16364,9075,12576,5181,2439,327
"G5300650","1940","Washington","530","Stevens","0650","Stevens","73","650",99,527,702,2858,832,677,274,179,38,57,240,405,1752,833,749,400,137,14
"G5300670","1940","Washington","530","Thurston","0670","Thurston","73","670",134,656,960,4782,1814,1797,809,743,70,69,368,645,3667,1997,2494,938,482,29
"G5300690","1940","Washington","530","Wahkiakum","0690","Wahkiakum","73","690",25,119,135,784,213,176,70,46,14,14,68,75,433,172,152,89,28,7
"G5300710","1940","Washington","530","Walla Walla","0710","Walla Walla","73","710",147,643,801,3987,1642,1698,867,717,236,66,275,422,2735,1483,1799,1029,556,89
"G5300730","1940","Washington","530","Whatcom","0730","Whatcom","73","730",182,1141,1682,7914,2801,2812,1140,806,136,137,726,1288,6411,3008,3441,1837,671,94
"G5300750","1940","Washington","530","Whitman","0750","Whitman","73","750",62,403,568,3134,1220,1377,677,795,45,41,254,396,2268,1240,1638,1038,572,18
"G5300770","1940","Washington","530","Yakima","0770","Yakima","73","770",454,1805,2613,11667,4792,4000,1995,1430,311,305,998,1812,9199,5142,4804,2508,991,183
"G5400010","1940","West Virginia","540","Barbour","0010","Barbour","56","10",312,738,834,2400,265,203,194,139,23,184,556,776,2256,305,220,231,99,14
"G5400030","1940","West Virginia","540","Berkeley","0030","Berkeley","56","30",203,984,1147,3551,680,623,300,293,148,153,799,1071,3802,812,875,383,234,88
"G5400050","1940","West Virginia","540","Boone","0050","Boone","56","50",389,1339,1462,2153,456,293,181,104,61,224,913,1331,1917,462,276,193,65,20
"G5400070","1940","West Virginia","540","Braxton","0070","Braxton","56","70",212,894,1022,2241,176,222,184,102,45,146,614,981,2233,216,262,241,60,40
"G5400090","1940","West Virginia","540","Brooke","0090","Brooke","56","90",341,882,1088,2694,790,636,238,230,28,236,531,921,2291,830,819,330,199,13
"G5400110","1940","West Virginia","540","Cabell","0110","Cabell","56","110",581,2644,4154,8257,3562,3068,1600,1633,473,509,2108,4283,8476,4246,3980,2001,1444,336
"G5400130","1940","West Virginia","540","Calhoun","0130","Calhoun","56","130",91,566,474,1316,79,85,74,36,30,62,424,463,1324,89,81,84,18,16
"G5400150","1940","West Virginia","540","Clay","0150","Clay","56","150",181,678,800,1185,113,96,82,34,8,113,479,696,1100,129,91,95,35,11
"G5400170","1940","West Virginia","540","Doddridge","0170","Doddridge","56","170",75,341,571,1275,158,136,106,73,21,39,230,572,1272,173,156,152,41,18
"G5400190","1940","West Virginia","540","Fayette","0190","Fayette","56","190",1102,3687,4207,6770,1606,1214,643,551,120,568,2209,3361,5919,1853,1449,852,391,59
"G5400210","1940","West Virginia","540","Gilmer","0210","Gilmer","56","210",105,483,537,1249,113,117,168,101,11,88,355,507,1178,149,125,219,60,7
"G5400230","1940","West Virginia","540","Grant","0230","Grant","56","230",78,402,590,818,74,71,80,52,23,51,282,568,798,83,124,114,36,16
"G5400250","1940","West Virginia","540","Greenbrier","0250","Greenbrier","56","250",364,1239,1815,4131,601,658,391,321,37,194,808,1429,4060,741,836,581,234,29
"G5400270","1940","West Virginia","540","Hampshire","0270","Hampshire","56","270",91,427,544,1295,114,100,113,84,444,52,316,517,1352,113,131,147,58,364
"G5400290","1940","West Virginia","540","Hancock","0290","Hancock","56","290",512,1138,1308,3519,1058,819,261,260,42,357,677,1055,2872,1024,870,336,162,23
"G5400310","1940","West Virginia","540","Hardy","0310","Hardy","56","310",166,524,629,938,138,111,105,70,23,98,398,596,877,145,140,136,38,15
"G5400330","1940","West Virginia","540","Harrison","0330","Harrison","56","330",980,2253,3133,8051,2241,2438,1268,1053,229,838,1642,3050,8016,2639,2989,1718,794,131
"G5400350","1940","West Virginia","540","Jackson","0350","Jackson","56","350",119,529,770,2237,159,186,157,79,17,55,353,652,2266,183,214,149,47,14
"G5400370","1940","West Virginia","540","Jefferson","0370","Jefferson","56","370",210,1050,789,1352,293,218,225,204,83,115,673,745,1343,395,434,347,223,40
"G5400390","1940","West Virginia","540","Kanawha","0390","Kanawha","56","390",1521,6247,8389,15512,5317,5916,3083,3377,643,1107,4614,8245,15256,6116,6876,3301,1852,309
"G5400410","1940","West Virginia","540","Lewis","0410","Lewis","56","410",144,448,714,2849,335,544,247,203,869,110,324,632,2907,452,706,355,151,694
"G5400430","1940","West Virginia","540","Lincoln","0430","Lincoln","56","430",350,1404,1237,1419,165,126,119,51,35,231,900,1236,1482,183,148,143,22,27
"G5400450","1940","West Virginia","540","Logan","0450","Logan","56","450",1044,3706,3678,4150,1419,978,439,318,133,609,2419,3138,3549,1446,901,585,203,62
"G5400470","1940","West Virginia","540","McDowell","0470","Mcdowell","56","470",2053,5141,4794,5793,2327,1319,729,526,96,1257,3408,3631,4807,2392,1264,908,408,36
"G5400490","1940","West Virginia","540","Marion","0490","Marion","56","490",941,2146,2471,7298,1654,1824,979,880,159,691,1428,2198,7011,1831,2249,1379,765,89
"G5400510","1940","West Virginia","540","Marshall","0510","Marshall","56","510",692,1532,1940,5137,1095,933,330,293,59,331,807,1384,4556,1029,955,456,233,39
"G5400530","1940","West Virginia","540","Mason","0530","Mason","56","530",155,790,1113,2511,240,259,168,121,277,89,525,1014,2462,310,396,229,89,224
"G5400550","1940","West Virginia","540","Mercer","0550","Mercer","56","550",842,2487,2683,4895,1710,1525,1146,870,87,588,1796,2518,4920,2116,1910,1596,707,53
"G5400570","1940","West Virginia","540","Mineral","0570","Mineral","56","570",172,791,1150,2167,545,425,232,163,115,115,517,1057,2158,703,574,325,113,84
"G5400590","1940","West Virginia","540","Mingo","0590","Mingo","56","590",643,2229,1721,2303,765,576,331,221,77,512,1745,1712,2185,857,534,374,150,49
"G5400610","1940","West Virginia","540","Monongalia","0610","Monongalia","56","610",678,1714,2190,5267,1192,1047,556,855,88,371,1178,1896,5084,1432,1425,733,682,55
"G5400630","1940","West Virginia","540","Monroe","0630","Monroe","56","630",183,381,598,1428,206,174,136,80,21,132,370,561,1588,327,246,301,72,16
"G5400650","1940","West Virginia","540","Morgan","0650","Morgan","56","650",75,443,498,739,150,99,87,58,40,51,337,478,767,179,148,102,38,23
"G5400670","1940","West Virginia","540","Nicholas","0670","Nicholas","56","670",185,943,1317,2170,267,266,147,91,30,121,680,1181,2060,335,307,245,71,20
"G5400690","1940","West Virginia","540","Ohio","0690","Ohio","56","690",496,1733,2522,8497,2548,2673,915,1219,143,446,1429,2468,9086,3154,3701,1111,801,72
"G5400710","1940","West Virginia","540","Pendleton","0710","Pendleton","56","710",119,414,703,1009,85,84,88,52,40,70,319,657,1039,74,94,75,24,26
"G5400730","1940","West Virginia","540","Pleasants","0730","Pleasants","56","730",50,148,261,832,108,129,55,64,36,26,75,217,947,111,168,90,39,19
"G5400750","1940","West Virginia","540","Pocahontas","0750","Pocahontas","56","750",181,547,683,1552,217,203,116,99,16,95,323,494,1444,220,273,208,62,8
"G5400770","1940","West Virginia","540","Preston","0770","Preston","56","770",293,1224,1674,3126,480,448,243,197,44,202,848,1469,2902,520,520,376,126,16
"G5400790","1940","West Virginia","540","Putnam","0790","Putnam","56","790",187,860,963,1818,233,198,135,71,172,97,544,955,1822,264,210,135,47,86
"G5400810","1940","West Virginia","540","Raleigh","0810","Raleigh","56","810",1037,3635,4056,7010,1833,1386,789,529,87,584,2287,3392,6239,2078,1568,866,401,57
"G5400830","1940","West Virginia","540","Randolph","0830","Randolph","56","830",302,890,1287,3142,579,471,387,302,44,194,693,1092,2893,611,586,496,244,32
"G5400850","1940","West Virginia","540","Ritchie","0850","Ritchie","56","850",70,319,699,2224,173,230,175,94,21,60,238,610,2197,243,292,204,76,13
"G5400870","1940","West Virginia","540","Roane","0870","Roane","56","870",100,644,946,2211,183,265,104,78,753,54,491,847,2180,185,274,116,49,650
"G5400890","1940","West Virginia","540","Summers","0890","Summers","56","890",133,845,1031,2159,309,289,165,106,28,91,564,841,2024,424,364,266,113,31
"G5400910","1940","West Virginia","540","Taylor","0910","Taylor","56","910",172,458,620,2428,460,457,207,160,57,106,354,595,2403,561,653,259,136,20
"G5400930","1940","West Virginia","540","Tucker","0930","Tucker","56","930",187,479,666,1131,237,233,98,88,25,122,368,596,1138,260,235,155,56,5
"G5400950","1940","West Virginia","540","Tyler","0950","Tyler","56","950",89,375,610,1517,206,227,133,99,54,59,283,597,1629,243,305,176,66,51
"G5400970","1940","West Virginia","540","Upshur","0970","Upshur","56","970",115,634,889,1979,254,285,230,205,16,87,472,846,2185,333,362,279,176,18
"G5400990","1940","West Virginia","540","Wayne","0990","Wayne","56","990",296,1504,1691,2798,624,453,258,169,153,210,1149,1688,2627,733,542,338,128,88
"G5401010","1940","West Virginia","540","Webster","1010","Webster","56","1010",263,837,810,1542,191,155,147,56,11,148,536,781,1338,215,169,218,30,2
"G5401030","1940","West Virginia","540","Wetzel","1030","Wetzel","56","1030",214,688,944,2430,409,395,226,164,75,147,511,853,2468,467,438,321,99,29
"G5401050","1940","West Virginia","540","Wirt","1050","Wirt","56","1050",40,206,310,949,44,50,37,39,28,38,103,277,889,62,62,49,30,22
"G5401070","1940","West Virginia","540","Wood","1070","Wood","56","1070",202,1109,2144,7982,1735,1905,811,661,172,152,820,2058,8445,2116,2705,918,485,160
"G5401090","1940","West Virginia","540","Wyoming","1090","Wyoming","56","1090",411,1401,1391,2124,611,432,261,139,64,261,1003,1154,1798,558,349,261,64,23
"G5500010","1940","Wisconsin","550","Adams","0010","Adams","25","10",55,311,321,1450,202,146,61,37,20,38,180,174,1093,263,183,174,16,7
"G5500030","1940","Wisconsin","550","Ashland","0030","Ashland","25","30",323,631,716,2680,787,697,283,236,77,206,432,502,2087,773,820,446,171,53
"G5500050","1940","Wisconsin","550","Barron","0050","Barron","25","50",115,1041,1136,5176,934,744,369,244,79,89,659,790,4160,1025,1032,806,156,43
"G5500070","1940","Wisconsin","550","Bayfield","0070","Bayfield","25","70",194,488,598,2394,592,381,176,115,39,196,314,385,1573,514,448,357,73,26
"G5500090","1940","Wisconsin","550","Brown","0090","Brown","25","90",547,3047,2818,8640,2544,2926,1033,1049,199,482,2318,2672,8624,2679,3845,1393,567,134
"G5500110","1940","Wisconsin","550","Buffalo","0110","Buffalo","25","110",20,487,605,2564,404,333,189,128,39,8,304,395,2111,424,370,328,59,23
"G5500130","1940","Wisconsin","550","Burnett","0130","Burnett","25","130",53,354,355,2072,265,177,92,51,22,27,191,228,1462,304,274,227,29,11
"G5500150","1940","Wisconsin","550","Calumet","0150","Calumet","25","150",33,593,864,2477,422,355,130,151,53,25,449,718,2304,396,459,223,72,32
"G5500170","1940","Wisconsin","550","Chippewa","0170","Chippewa","25","170",231,1223,1402,5326,1019,1068,320,333,190,187,763,1041,4435,1187,1440,754,235,145
"G5500190","1940","Wisconsin","550","Clark","0190","Clark","25","190",227,1160,1255,5114,820,680,325,203,273,178,718,916,4069,854,972,551,114,239
"G5500210","1940","Wisconsin","550","Columbia","0210","Columbia","25","210",50,643,1028,5078,1144,1128,418,352,89,41,456,714,4398,1178,1553,829,257,40
"G5500230","1940","Wisconsin","550","Crawford","0230","Crawford","25","230",41,468,573,2849,546,428,140,164,43,22,280,325,2177,652,486,376,90,30
"G5500250","1940","Wisconsin","550","Dane","0250","Dane","25","250",304,1635,2622,15096,4616,5713,3205,4493,477,237,1164,2108,13788,4889,8894,4429,3512,292
"G5500270","1940","Wisconsin","550","Dodge","0270","Dodge","25","270",459,1665,2695,7982,2001,1485,602,477,183,379,1151,2104,6655,1625,1655,828,279,142
"G5500290","1940","Wisconsin","550","Door","0290","Door","25","290",117,1125,728,2415,432,460,189,161,31,87,730,598,2278,437,514,271,83,16
"G5500310","1940","Wisconsin","550","Douglas","0310","Douglas","25","310",478,1127,1272,6151,2266,1667,627,600,376,346,709,924,4854,2135,2205,1083,588,260
"G5500330","1940","Wisconsin","550","Dunn","0330","Dunn","25","330",70,704,932,4294,740,487,310,233,174,49,416,612,3503,878,722,604,205,86
"G5500350","1940","Wisconsin","550","Eau Claire","0350","Eau Claire","25","350",70,971,1230,6078,1743,1636,713,645,390,59,680,980,5454,1914,2262,1165,484,341
"G5500370","1940","Wisconsin","550","Florence","0370","Florence","25","370",49,151,165,584,153,88,33,26,2,23,77,129,395,132,104,70,15,0
"G5500390","1940","Wisconsin","550","Fond du Lac","0390","Fond Du Lac","25","390",152,1700,2469,7986,2124,1927,728,721,345,136,1368,2215,7752,2265,2576,1360,577,381
"G5500410","1940","Wisconsin","550","Forest","0410","Forest","25","410",249,504,475,1197,300,287,122,80,20,122,218,327,880,279,264,172,43,11
"G5500430","1940","Wisconsin","550","Grant","0430","Grant","25","430",63,603,1128,6230,1274,1147,552,447,211,37,395,819,5207,1375,1602,1257,454,170
"G5500450","1940","Wisconsin","550","Green","0450","Green","25","450",75,328,760,3854,790,703,281,210,98,53,237,604,3237,833,937,590,159,29
"G5500470","1940","Wisconsin","550","Green Lake","0470","Green Lake","25","470",73,622,571,2114,378,358,146,134,43,65,485,437,1831,396,548,256,126,46
"G5500490","1940","Wisconsin","550","Iowa","0490","Iowa","25","490",110,445,557,3014,728,723,271,162,29,95,291,324,2474,746,949,569,119,17
"G5500510","1940","Wisconsin","550","Iron","0510","Iron","25","510",258,567,400,1101,336,267,79,80,38,176,374,267,701,333,282,164,41,10
"G5500530","1940","Wisconsin","550","Jackson","0530","Jackson","25","530",63,486,555,2749,472,467,133,102,32,50,259,369,2044,467,635,233,65,24
"G5500550","1940","Wisconsin","550","Jefferson","0550","Jefferson","25","550",163,844,1361,5652,1452,1340,550,545,206,172,665,1227,5248,1465,1933,887,327,150
"G5500570","1940","Wisconsin","550","Juneau","0570","Juneau","25","570",85,637,715,2684,554,542,181,125,43,37,431,435,2192,620,648,432,77,24
"G5500590","1940","Wisconsin","550","Kenosha","0590","Kenosha","25","590",827,2001,2206,7536,3113,2020,708,644,80,879,1418,1828,6672,3113,2590,937,504,60
"G5500610","1940","Wisconsin","550","Kewaunee","0610","Kewaunee","25","610",176,805,616,2263,330,394,166,95,41,132,701,518,2131,242,402,209,46,41
"G5500630","1940","Wisconsin","550","La Crosse","0630","La Crosse","25","630",95,1012,1617,7561,2159,2361,854,830,265,111,921,1665,7266,2363,3084,1393,615,215
"G5500650","1940","Wisconsin","550","Lafayette","0650","Lafayette","25","650",24,223,538,3116,640,581,221,130,43,9,143,319,2508,648,794,460,124,16
"G5500670","1940","Wisconsin","550","Langlade","0670","Langlade","25","670",149,987,866,2716,687,576,223,167,32,71,607,624,2234,716,682,458,127,17
"G5500690","1940","Wisconsin","550","Lincoln","0690","Lincoln","25","690",92,817,892,2911,634,534,241,179,171,52,568,739,2407,722,640,452,104,73
"G5500710","1940","Wisconsin","550","Manitowoc","0710","Manitowoc","25","710",221,1614,1957,8822,1839,1865,598,595,198,209,1510,1780,8277,1705,2316,860,369,151
"G5500730","1940","Wisconsin","550","Marathon","0730","Marathon","25","730",473,2881,3020,9051,1968,1486,777,622,409,366,2094,2534,8149,1937,1832,1298,361,292
"G5500750","1940","Wisconsin","550","Marinette","0750","Marinette","25","750",381,1468,1378,4060,1251,1131,352,312,86,275,978,1051,3499,1278,1355,655,191,56
"G5500770","1940","Wisconsin","550","Marquette","0770","Marquette","25","770",48,444,378,1315,260,211,73,65,26,45,307,311,1087,285,330,169,41,22
"G5500790","1940","Wisconsin","550","Milwaukee","0790","Milwaukee","25","790",4643,15896,26083,96992,30919,28763,11654,14604,2147,4356,14707,26959,100360,31638,35903,12197,8391,1372
"G5500810","1940","Wisconsin","550","Monroe","0810","Monroe","25","810",40,735,927,4411,770,869,296,232,137,40,427,633,3760,905,1162,572,163,88
"G5500830","1940","Wisconsin","550","Oconto","0830","Oconto","25","830",267,1459,1195,3275,595,549,220,147,35,187,985,914,2717,585,646,330,72,27
"G5500850","1940","Wisconsin","550","Oneida","0850","Oneida","25","850",179,558,594,2145,791,773,317,207,68,111,340,463,1613,778,781,545,147,43
"G5500870","1940","Wisconsin","550","Outagamie","0870","Outagamie","25","870",219,1862,2556,8584,1958,1936,700,938,193,194,1517,2359,8197,2085,2588,1095,652,175
"G5500890","1940","Wisconsin","550","Ozaukee","0890","Ozaukee","25","890",35,357,850,3015,551,433,215,208,77,44,270,817,2711,526,485,287,101,49
"G5500910","1940","Wisconsin","550","Pepin","0910","Pepin","25","910",15,217,178,1280,206,192,79,61,22,8,118,125,1040,229,212,171,44,14
"G5500930","1940","Wisconsin","550","Pierce","0930","Pierce","25","930",56,561,638,3699,497,483,278,228,124,40,262,401,2919,542,672,589,220,86
"G5500950","1940","Wisconsin","550","Polk","0950","Polk","25","950",59,599,831,4477,678,633,297,210,66,31,344,554,3394,710,736,702,116,40
"G5500970","1940","Wisconsin","550","Portage","0970","Portage","25","970",205,1667,1310,3671,831,824,432,421,195,160,1240,1112,3160,859,1039,753,376,142
"G5500990","1940","Wisconsin","550","Price","0990","Price","25","990",211,739,889,2584,532,359,150,119,39,135,474,574,1808,543,460,286,66,21
"G5501010","1940","Wisconsin","550","Racine","1010","Racine","25","1010",636,2005,3328,12453,3971,3258,1000,1169,236,622,1573,2799,11605,4014,4361,1363,792,142
"G5501030","1940","Wisconsin","550","Richland","1030","Richland","25","1030",46,351,500,3142,574,589,229,126,167,22,202,308,2563,640,692,530,96,115
"G5501050","1940","Wisconsin","550","Rock","1050","Rock","25","1050",196,901,1730,10654,4126,3527,1225,1240,393,133,658,1378,9276,4432,5058,1981,932,267
"G5501070","1940","Wisconsin","550","Rusk","1070","Rusk","25","1070",166,583,613,2247,553,354,198,118,90,127,336,416,1718,561,421,426,71,71
"G5501090","1940","Wisconsin","550","St Croix","1090","St Croix","25","1090",77,486,696,3817,862,755,279,215,171,50,287,503,3064,837,961,669,193,137
"G5501110","1940","Wisconsin","550","Sauk","1110","Sauk","25","1110",72,819,1369,4851,1080,860,327,300,178,45,596,1072,4282,1186,1281,725,217,119
"G5501130","1940","Wisconsin","550","Sawyer","1130","Sawyer","25","1130",216,405,455,1679,409,278,106,85,95,75,173,250,1078,371,329,202,45,56
"G5501150","1940","Wisconsin","550","Shawano","1150","Shawano","25","1150",254,1754,1608,4445,755,609,291,227,229,179,1182,1318,3916,683,774,405,90,167
"G5501170","1940","Wisconsin","550","Sheboygan","1170","Sheboygan","25","1170",382,1161,2859,11961,2391,2064,808,749,313,295,1111,2597,11396,2153,2583,1079,456,255
"G5501190","1940","Wisconsin","550","Taylor","1190","Taylor","25","1190",180,756,817,2733,469,299,148,97,68,168,468,573,2025,462,365,311,46,39
"G5501210","1940","Wisconsin","550","Trempealeau","1210","Trempealeau","25","1210",85,955,1204,3628,539,554,254,169,98,78,651,850,2831,571,715,450,86,65
"G5501230","1940","Wisconsin","550","Vernon","1230","Vernon","25","1230",53,901,1260,4753,654,551,277,168,142,27,562,926,3807,779,664,627,107,101
"G5501250","1940","Wisconsin","550","Vilas","1250","Vilas","25","1250",152,264,302,1132,369,271,136,92,20,102,128,193,836,323,303,201,49,16
"G5501270","1940","Wisconsin","550","Walworth","1270","Walworth","25","1270",39,396,889,4746,1616,1362,597,497,266,26,255,639,4017,1659,1931,1107,457,157
"G5501290","1940","Wisconsin","550","Washburn","1290","Washburn","25","1290",63,322,442,1847,384,310,160,85,29,35,163,277,1329,420,431,283,57,24
"G5501310","1940","Wisconsin","550","Washington","1310","Washington","25","1310",27,597,1099,4595,776,679,291,285,162,14,527,935,4372,679,776,381,172,109
"G5501330","1940","Wisconsin","550","Waukesha","1330","Waukesha","25","1330",173,1262,1865,8713,2462,2256,1057,1170,394,124,830,1450,7543,2539,2939,1439,911,207
"G5501350","1940","Wisconsin","550","Waupaca","1350","Waupaca","25","1350",107,993,1065,5141,1018,921,472,300,444,92,698,847,4480,1100,1154,834,182,355
"G5501370","1940","Wisconsin","550","Waushara","1370","Waushara","25","1370",81,621,651,2145,343,283,145,85,95,56,398,467,1844,417,348,342,54,47
"G5501390","1940","Wisconsin","550","Winnebago","1390","Winnebago","25","1390",215,1462,2706,10745,3108,2738,1100,1039,550,162,1249,2677,10364,3212,3496,1619,910,427
"G5501410","1940","Wisconsin","550","Wood","1410","Wood","25","1410",124,1146,1399,5455,1551,1242,520,449,204,78,842,1087,4787,1553,1513,1017,331,165
"G5600010","1940","Wyoming","560","Albany","0010","Albany","68","10",85,241,319,1546,674,645,371,454,38,34,91,168,931,641,832,669,404,19
"G5600030","1940","Wyoming","560","Big Horn","0030","Big Horn","68","30",57,162,242,1364,655,540,236,159,23,27,90,138,872,630,678,337,123,12
"G5600050","1940","Wyoming","560","Campbell","0050","Campbell","68","50",24,88,152,857,313,235,95,58,44,3,24,60,466,287,330,187,54,6
"G5600070","1940","Wyoming","560","Carbon","0070","Carbon","68","70",101,324,348,1662,711,657,288,209,25,46,122,167,898,613,698,423,156,7
"G5600090","1940","Wyoming","560","Converse","0090","Converse","68","90",37,130,167,824,293,325,141,81,49,16,47,75,501,281,417,223,54,10
"G5600110","1940","Wyoming","560","Crook","0110","Crook","68","110",9,98,143,792,250,192,84,38,4,5,36,52,441,269,211,189,33,1
"G5600130","1940","Wyoming","560","Fremont","0130","Fremont","68","130",297,338,394,1821,742,633,243,199,41,197,140,233,1117,666,765,339,162,16
"G5600150","1940","Wyoming","560","Goshen","0150","Goshen","68","150",62,222,288,1301,524,433,188,124,68,50,114,175,826,503,539,330,108,57
"G5600170","1940","Wyoming","560","Hot Springs","0170","Hot Springs","68","170",42,112,150,608,205,205,101,56,15,18,43,77,363,215,233,134,46,10
"G5600190","1940","Wyoming","560","Johnson","0190","Johnson","68","190",17,94,141,755,278,203,115,72,4,6,33,66,391,230,263,188,66,6
"G5600210","1940","Wyoming","560","Laramie","0210","Laramie","68","210",124,407,681,3514,2021,1846,812,689,69,79,214,429,2137,1629,2203,1013,509,40
"G5600230","1940","Wyoming","560","Lincoln","0230","Lincoln","68","230",39,253,249,991,538,382,142,123,7,29,132,153,697,435,449,208,85,4
"G5600250","1940","Wyoming","560","Natrona","0250","Natrona","68","250",88,317,515,2824,1220,1324,587,466,79,41,143,325,1937,1337,1650,825,364,43
"G5600270","1940","Wyoming","560","Niobrara","0270","Niobrara","68","270",10,79,124,762,353,268,119,66,11,6,28,54,439,313,308,242,40,3
"G5600290","1940","Wyoming","560","Park","0290","Park","68","290",29,166,260,1292,606,546,234,177,41,22,73,133,712,556,718,289,127,27
"G5600310","1940","Wyoming","560","Platte","0310","Platte","68","310",36,157,268,899,394,302,134,86,32,12,74,150,620,359,417,203,65,22
"G5600330","1940","Wyoming","560","Sheridan","0330","Sheridan","68","330",101,432,544,2526,948,847,340,279,88,61,200,314,1615,993,1172,461,241,22
"G5600350","1940","Wyoming","560","Sublette","0350","Sublette","68","350",10,58,96,405,162,140,56,29,4,1,18,27,184,107,130,103,40,0
"G5600370","1940","Wyoming","560","Sweetwater","0370","Sweetwater","68","370",272,863,769,1919,980,815,225,202,12,165,400,418,1239,894,879,337,164,3
"G5600390","1940","Wyoming","560","Teton","0390","Teton","68","390",9,34,48,308,128,116,61,46,7,2,8,18,156,129,122,95,40,1
"G5600410","1940","Wyoming","560","Uinta","0410","Uinta","68","410",133,145,179,686,363,337,121,87,30,55,77,103,465,342,389,190,99,18
"G5600430","1940","Wyoming","560","Washakie","0430","Washakie","68","430",60,114,117,610,286,225,119,73,15,43,69,79,334,229,275,175,54,1
"G5600450","1940","Wyoming","560","Weston","0450","Weston","68","450",6,99,131,616,254,208,85,53,11,3,40,73,366,235,250,159,44,7
"G5600470","1940","Wyoming","560","Yellowstone National Park","0470","Yellowstone National Park","68","455",0,2,1,52,25,36,26,38,1,1,0,3,13,10,29,33,21,0
