GISJOIN,YEAR,STUSAB,ANRCA,AIANHHA,RES_ONLYA,TRUSTA,AIANCC,RES_TRSTA,BLCK_GRPA,TRACTA,CD101A,C_CITYA,CMSA,COUNTY,COUNTYA,CTY_SUBA,COUSUBCC,DIVISIONA,MSA_CMSAA,PLACEA,PLACECC,PLACEDC,PMSAA,REGIONA,STATE,STATEA,URBRURALA,URB_AREAA,ZIPA,CD103A,AREALAND,AREAWAT,ANPSADPI,FUNCSTAT,INTPTLAT,INTPTLNG,PSADC,E1A001,E1A002,E1A003,E1A004,E1A005,E1A006,E1A007,E1A008,E1A009,E1A010
GIS Join Match Code,Data File Year,State/US Abbreviation,Alaska Native Regional Corporation Code,American Indian Area/Alaska Native Area/Hawaiian Home Land Code,American Indian Reservation [excluding trust lands] Code,American Indian Reservation [trust lands only] Code,American Indian/Alaska Native Area Class Code,Reservation/Trust Lands Code,Block Group Code,Census Tract Code,Congressional District (101st) Code,Consolidated City Code,Consolidated Metropolitan Statistical Area,County Name,County Code,County Subdivision Code,County Subdivision Class Code,Division Code,Metropolitan Statistical Area/Consolidated Metropolitan Statistical Area Code,Place Code,Place Class Code,Place Description Code,Primary Metropolitan Statistical Area Code,Region Code,State Name,State Code,Urban/Rural Code,Urban Area Code,5-Digit ZIP Code Code,Congressional District (103rd) Code,Area (land),Area (Water),Area Name/PSAD Term/Part Indicator,Functional Status Code,Internal Point (latitude),Internal Point (longitude),Political/Statistical Area Description Code,Not of Hispanic origin >> White,Not of Hispanic origin >> Black,"Not of Hispanic origin >> American Indian, Eskimo, or Aleut",Not of Hispanic origin >> Asian or Pacific Islander,Not of Hispanic origin >> Other race,Hispanic origin >> White,Hispanic origin >> Black,"Hispanic origin >> American Indian, Eskimo, or Aleut",Hispanic origin >> Asian or Pacific Islander,Hispanic origin >> Other race
"G0100010","1990","AL",,,,,,,,,,,"99","Autauga","001",,,"6","5240",,,,"9999","3","Alabama","01",,,,,"0001543666","0000021962","Autauga County","A","+32542207","-086641472","06",27081,6792,32,89,0,140,50,0,0,38
"G0100030","1990","AL",,,,,,,,,,,"99","Baldwin","003",,,"6","5160",,,,"9999","3","Alabama","01",,,,,"0004135016","0001115118","Baldwin County","A","+30654881","-087754736","06",83868,12544,841,153,9,689,30,9,16,121
"G0100050","1990","AL",,,,,,,,,,,"99","Barbour","005",,,"6","9999",,,,"9999","3","Alabama","01",,,,,"0002292133","0000050747","Barbour County","A","+31863073","-085388993","06",14051,11194,36,55,0,34,21,18,0,8
"G0100070","1990","AL",,,,,,,,,,,"99","Bibb","007",,,"6","9999",,,,"9999","3","Alabama","01",,,,,"0001611914","0000008130","Bibb County","A","+32996943","-087126855","06",13058,3467,2,2,0,22,25,0,0,0
"G0100090","1990","AL",,,,,,,,,,,"99","Blount","009",,,"6","1000",,,,"9999","3","Alabama","01",,,,,"0001672287","0000012884","Blount County","A","+33979740","-086566214","06",38170,584,163,48,3,84,0,0,0,196
"G0100110","1990","AL",,,,,,,,,,,"99","Bullock","011",,,"6","9999",,,,"9999","3","Alabama","01",,,,,"0001618915","0000002703","Bullock County","A","+32101773","-085717786","06",3018,7959,6,29,0,18,12,0,0,0
"G0100130","1990","AL",,,,,,,,,,,"99","Butler","013",,,"6","9999",,,,"9999","3","Alabama","01",,,,,"0002012260","0000002724","Butler County","A","+31751982","-086682302","06",12940,8794,21,16,0,101,8,0,0,12
"G0100150","1990","AL",,,,,,,,,,,"99","Calhoun","015",,,"6","0450",,,,"9999","3","Alabama","01",,,,,"0001576038","0000009959","Calhoun County","A","+33774548","-085825619","06",92083,21612,295,830,8,819,38,8,23,318
"G0100170","1990","AL",,,,,,,,,,,"99","Chambers","017",,,"6","9999",,,,"9999","3","Alabama","01",,,,,"0001547283","0000014885","Chambers County","A","+32915184","-085389802","06",23472,13239,43,6,7,72,9,0,0,28
"G0100190","1990","AL",,,,,,,,,,,"99","Cherokee","019",,,"6","9999",,,,"9999","3","Alabama","01",,,,,"0001432714","0000121285","Cherokee County","A","+34187088","-085605750","06",18135,1277,30,12,0,69,0,0,0,20
"G0100210","1990","AL",,,,,,,,,,,"99","Chilton","021",,,"6","9999",,,,"9999","3","Alabama","01",,,,,"0001797629","0000017453","Chilton County","A","+32844987","-086718688","06",28650,3658,56,9,9,59,0,0,0,17
"G0100230","1990","AL",,,,,,,,,,,"99","Choctaw","023",,,"6","9999",,,,"9999","3","Alabama","01",,,,,"0002366161","0000018995","Choctaw County","A","+32024863","-088265781","06",8871,7051,7,4,3,53,26,0,0,3
"G0100250","1990","AL",,,,,,,,,,,"99","Clarke","025",,,"6","9999",,,,"9999","3","Alabama","01",,,,,"0003207659","0000036584","Clarke County","A","+31677523","-087835981","06",15400,11663,12,42,28,80,9,0,0,6
"G0100270","1990","AL",,,,,,,,,,,"99","Clay","027",,,"6","9999",,,,"9999","3","Alabama","01",,,,,"0001567273","0000002403","Clay County","A","+33268721","-085859858","06",11021,2166,11,21,2,27,0,0,0,4
"G0100290","1990","AL",,,,,,,,,,,"99","Cleburne","029",,,"6","9999",,,,"9999","3","Alabama","01",,,,,"0001450928","0000002226","Cleburne County","A","+33670870","-085517385","06",12061,601,47,14,0,7,0,0,0,0
"G0100310","1990","AL",,,,,,,,,,,"99","Coffee","031",,,"6","9999",,,,"9999","3","Alabama","01",,,,,"0001759093","0000003449","Coffee County","A","+31402888","-085989130","06",32356,6940,192,326,5,313,6,7,0,95
"G0100330","1990","AL",,,,,,,,,,,"99","Colbert","033",,,"6","2650",,,,"9999","3","Alabama","01",,,,,"0001539948","0000075322","Colbert County","A","+34707296","-087796569","06",42626,8594,198,101,0,81,0,15,0,51
"G0100350","1990","AL",,,,,,,,,,,"99","Conecuh","035",,,"6","9999",,,,"9999","3","Alabama","01",,,,,"0002203757","0000004438","Conecuh County","A","+31428183","-086992999","06",8080,5907,10,12,0,22,23,0,0,0
"G0100370","1990","AL",,,,,,,,,,,"99","Coosa","037",,,"6","9999",,,,"9999","3","Alabama","01",,,,,"0001689951","0000036041","Coosa County","A","+32935503","-086239249","06",7247,3776,40,0,0,0,0,0,0,0
"G0100390","1990","AL",,,,,,,,,,,"99","Covington","039",,,"6","9999",,,,"9999","3","Alabama","01",,,,,"0002679941","0000023877","Covington County","A","+31248133","-086453162","06",31434,4788,103,54,0,62,0,0,0,37
"G0100410","1990","AL",,,,,,,,,,,"99","Crenshaw","041",,,"6","9999",,,,"9999","3","Alabama","01",,,,,"0001578918","0000003345","Crenshaw County","A","+31731354","-086311599","06",10031,3551,12,0,0,23,0,0,8,10
"G0100430","1990","AL",,,,,,,,,,,"99","Cullman","043",,,"6","9999",,,,"9999","3","Alabama","01",,,,,"0001912664","0000042427","Cullman County","A","+34131670","-086866896","06",66652,568,128,95,2,162,0,0,0,6
"G0100450","1990","AL",,,,,,,,,,,"99","Dale","045",,,"6","2180",,,,"9999","3","Alabama","01",,,,,"0001453300","0000004134","Dale County","A","+31426115","-085612338","06",38691,8744,291,703,52,632,63,18,21,418
"G0100470","1990","AL",,,,,,,,,,,"99","Dallas","047",,,"6","9999",,,,"9999","3","Alabama","01",,,,,"0002540256","0000032798","Dallas County","A","+32329593","-087109517","06",20116,27818,36,77,15,30,30,0,0,8
"G0100490","1990","AL",,,,,,,,,,,"99","DeKalb","049",,,"6","9999",,,,"9999","3","Alabama","01",,,,,"0002014972","0000001898","DeKalb County","A","+34459830","-085798731","06",52750,1019,473,140,0,152,0,0,0,117
"G0100510","1990","AL",,,,,,,,,,,"99","Elmore","051",,,"6","5240",,,,"9999","3","Alabama","01",,,,,"0001609888","0000092419","Elmore County","A","+32599910","-086138157","06",37559,10973,255,105,17,176,73,0,8,44
"G0100530","1990","AL",,,,,,,,,,,"99","Escambia","053",,,"6","9999",,,,"9999","3","Alabama","01",,,,,"0002453958","0000014420","Escambia County","A","+31136909","-087162695","06",24207,9964,1050,57,41,141,25,16,0,17
"G0100550","1990","AL",,,,,,,,,,,"99","Etowah","055",,,"6","2880",,,,"9999","3","Alabama","01",,,,,"0001385231","0000036177","Etowah County","A","+34047533","-086038250","06",84824,13837,340,457,2,146,26,6,32,170
"G0100570","1990","AL",,,,,,,,,,,"99","Fayette","057",,,"6","9999",,,,"9999","3","Alabama","01",,,,,"0001626038","0000004067","Fayette County","A","+33729772","-087735378","06",15600,2206,8,21,0,55,0,0,0,72
"G0100590","1990","AL",,,,,,,,,,,"99","Franklin","059",,,"6","9999",,,,"9999","3","Alabama","01",,,,,"0001646417","0000028142","Franklin County","A","+34435932","-087843648","06",26324,1271,68,56,0,81,0,0,6,8
"G0100610","1990","AL",,,,,,,,,,,"99","Geneva","061",,,"6","9999",,,,"9999","3","Alabama","01",,,,,"0001492831","0000006675","Geneva County","A","+31094395","-085837337","06",20538,2806,97,36,11,79,11,0,0,69
"G0100630","1990","AL",,,,,,,,,,,"99","Greene","063",,,"6","9999",,,,"9999","3","Alabama","01",,,,,"0001673033","0000036331","Greene County","A","+32854779","-087951231","06",1967,8160,2,0,0,0,18,0,0,6
"G0100650","1990","AL",,,,,,,,,,,"99","Hale","065",,,"6","9999",,,,"9999","3","Alabama","01",,,,,"0001667399","0000032997","Hale County","A","+32755765","-087625424","06",6236,9117,29,29,0,14,73,0,0,0
"G0100670","1990","AL",,,,,,,,,,,"99","Henry","067",,,"6","9999",,,,"9999","3","Alabama","01",,,,,"0001455459","0000016634","Henry County","A","+31516095","-085239835","06",9911,5363,47,9,5,5,29,0,0,5
"G0100690","1990","AL",,,,,,,,,,,"99","Houston","069",,,"6","2180",,,,"9999","3","Alabama","01",,,,,"0001503260","0000003361","Houston County","A","+31151186","-085304578","06",61469,18852,225,392,7,287,42,7,0,50
"G0100710","1990","AL",,,,,,,,,,,"99","Jackson","071",,,"6","9999",,,,"9999","3","Alabama","01",,,,,"0002794103","0000124361","Jackson County","A","+34776174","-086002129","06",44194,1960,1224,180,0,209,0,8,0,21
"G0100730","1990","AL",,,,,,,,,,,"99","Jefferson","073",,,"6","1000",,,,"9999","3","Alabama","01",,,,,"0002881838","0000028997","Jefferson County","A","+33552433","-086896716","06",416089,227836,1238,3579,155,1792,351,4,64,417
"G0100750","1990","AL",,,,,,,,,,,"99","Lamar","075",,,"6","9999",,,,"9999","3","Alabama","01",,,,,"0001566658","0000001600","Lamar County","A","+33775081","-088096415","06",13748,1861,24,22,0,58,0,0,2,0
"G0100770","1990","AL",,,,,,,,,,,"99","Lauderdale","077",,,"6","2650",,,,"9999","3","Alabama","01",,,,,"0001734061","0000127739","Lauderdale County","A","+34903733","-087647581","06",71238,7624,357,177,13,178,16,0,0,58
"G0100790","1990","AL",,,,,,,,,,,"99","Lawrence","079",,,"6","2030",,,,"9999","3","Alabama","01",,,,,"0001796023","0000063928","Lawrence County","A","+34519990","-087310217","06",24581,4788,2115,11,0,15,0,0,0,3
"G0100810","1990","AL",,,,,,,,,,,"99","Lee","081",,,"6","9999",,,,"9999","3","Alabama","01",,,,,"0001576767","0000017672","Lee County","A","+32597367","-085355886","06",64547,20389,117,1471,0,371,85,3,14,149
"G0100830","1990","AL",,,,,,,,,,,"99","Limestone","083",,,"6","9999",,,,"9999","3","Alabama","01",,,,,"0001471352","0000101097","Limestone County","A","+34810321","-086981426","06",46554,7041,159,189,10,167,6,0,0,9
"G0100850","1990","AL",,,,,,,,,,,"99","Lowndes","085",,,"6","9999",,,,"9999","3","Alabama","01",,,,,"0001859626","0000018359","Lowndes County","A","+32157500","-086642632","06",3187,9385,9,0,0,0,70,7,0,0
"G0100870","1990","AL",,,,,,,,,,,"99","Macon","087",,,"6","9999",,,,"9999","3","Alabama","01",,,,,"0001581388","0000007040","Macon County","A","+32384887","-085692573","06",3398,21411,0,65,9,27,10,0,0,8
"G0100890","1990","AL",,,,,,,,,,,"99","Madison","089",,,"6","3440",,,,"9999","3","Alabama","01",,,,,"0002084844","0000020532","Madison County","A","+34760002","-086548777","06",182910,47688,1378,4051,25,1792,415,3,85,565
"G0100910","1990","AL",,,,,,,,,,,"99","Marengo","091",,,"6","9999",,,,"9999","3","Alabama","01",,,,,"0002530740","0000015033","Marengo County","A","+32248548","-087790375","06",11287,11740,9,15,0,22,11,0,0,0
"G0100930","1990","AL",,,,,,,,,,,"99","Marion","093",,,"6","9999",,,,"9999","3","Alabama","01",,,,,"0001920398","0000005583","Marion County","A","+34134472","-087886567","06",28707,919,95,40,2,40,4,0,17,6
"G0100950","1990","AL",,,,,,,,,,,"99","Marshall","095",,,"6","9999",,,,"9999","3","Alabama","01",,,,,"0001468803","0000145314","Marshall County","A","+34365158","-086313058","06",69069,1083,231,92,11,314,0,8,4,20
"G0100970","1990","AL",,,,,,,,,,,"99","Mobile","097",,,"6","5160",,,,"9999","3","Alabama","01",,,,,"0003194402","0001063906","Mobile County","A","+30684350","-088198527","06",252244,117380,2216,3197,118,2496,436,49,39,468
"G0100990","1990","AL",,,,,,,,,,,"99","Monroe","099",,,"6","9999",,,,"9999","3","Alabama","01",,,,,"0002657256","0000022404","Monroe County","A","+31562730","-087353102","06",14233,9356,263,67,0,44,5,0,0,0
"G0101010","1990","AL",,,,,,,,,,,"99","Montgomery","101",,,"6","5240",,,,"9999","3","Alabama","01",,,,,"0002045765","0000025733","Montgomery County","A","+32224349","-086203795","06",118510,86908,418,1547,124,851,309,29,6,383
"G0101030","1990","AL",,,,,,,,,,,"99","Morgan","103",,,"6","2030",,,,"9999","3","Alabama","01",,,,,"0001508018","0000043624","Morgan County","A","+34453298","-086857298","06",88942,9910,411,242,23,327,53,0,0,135
"G0101050","1990","AL",,,,,,,,,,,"99","Perry","105",,,"6","9999",,,,"9999","3","Alabama","01",,,,,"0001863600","0000011901","Perry County","A","+32638846","-087293685","06",4463,8145,84,12,0,6,47,0,0,2
"G0101070","1990","AL",,,,,,,,,,,"99","Pickens","107",,,"6","9999",,,,"9999","3","Alabama","01",,,,,"0002282979","0000022369","Pickens County","A","+33283797","-088084083","06",11946,8705,28,11,0,2,5,0,0,2
"G0101090","1990","AL",,,,,,,,,,,"99","Pike","109",,,"6","9999",,,,"9999","3","Alabama","01",,,,,"0001738113","0000002751","Pike County","A","+31806086","-085938912","06",17687,9552,81,148,0,92,27,0,0,8
"G0101110","1990","AL",,,,,,,,,,,"99","Randolph","111",,,"6","9999",,,,"9999","3","Alabama","01",,,,,"0001505028","0000007933","Randolph County","A","+33290802","-085456433","06",15102,4694,31,2,2,40,8,0,0,2
"G0101130","1990","AL",,,,,,,,,,,"99","Russell","113",,,"6","1800",,,,"9999","3","Alabama","01",,,,,"0001660542","0000016319","Russell County","A","+32287341","-085184114","06",28285,18048,115,52,0,187,12,5,0,156
"G0101150","1990","AL",,,,,,,,,,,"99","St Clair","115",,,"6","1000",,,,"9999","3","Alabama","01",,,,,"0001642030","0000050944","St. Clair County","A","+33712571","-086318306","06",45136,4528,177,47,13,83,6,0,0,19
"G0101170","1990","AL",,,,,,,,,,,"99","Shelby","117",,,"6","1000",,,,"9999","3","Alabama","01",,,,,"0002058840","0000038020","Shelby County","A","+33266792","-086654667","06",90278,7595,384,587,10,422,14,0,0,68
"G0101190","1990","AL",,,,,,,,,,,"99","Sumter","119",,,"6","9999",,,,"9999","3","Alabama","01",,,,,"0002343918","0000021669","Sumter County","A","+32593446","-088193795","06",4741,11290,0,46,0,29,68,0,0,0
"G0101210","1990","AL",,,,,,,,,,,"99","Talladega","121",,,"6","9999",,,,"9999","3","Alabama","01",,,,,"0001915562","0000053677","Talladega County","A","+33383988","-086169488","06",50717,22770,194,122,23,194,47,0,0,40
"G0101230","1990","AL",,,,,,,,,,,"99","Tallapoosa","123",,,"6","9999",,,,"9999","3","Alabama","01",,,,,"0001859724","0000124994","Tallapoosa County","A","+32860832","-085797597","06",28395,10203,52,84,14,65,8,0,0,5
"G0101250","1990","AL",,,,,,,,,,,"99","Tuscaloosa","125",,,"6","8600",,,,"9999","3","Alabama","01",,,,,"0003432429","0000069317","Tuscaloosa County","A","+33287940","-087523765","06",109183,38909,273,1191,23,583,137,8,0,215
"G0101270","1990","AL",,,,,,,,,,,"99","Walker","127",,,"6","1000",,,,"9999","3","Alabama","01",,,,,"0002057633","0000028248","Walker County","A","+33807130","-087295532","06",62951,4335,84,113,8,148,11,0,2,18
"G0101290","1990","AL",,,,,,,,,,,"99","Washington","129",,,"6","9999",,,,"9999","3","Alabama","01",,,,,"0002799102","0000020425","Washington County","A","+31402696","-088202751","06",10963,4624,1048,11,3,34,0,6,0,5
"G0101310","1990","AL",,,,,,,,,,,"99","Wilcox","131",,,"6","9999",,,,"9999","3","Alabama","01",,,,,"0002301870","0000048649","Wilcox County","A","+31990903","-087308887","06",4189,9350,0,11,0,18,0,0,0,0
"G0101330","1990","AL",,,,,,,,,,,"99","Winston","133",,,"6","9999",,,,"9999","3","Alabama","01",,,,,"0001591515","0000045117","Winston County","A","+34154535","-087373481","06",21822,53,40,25,0,113,0,0,0,0
"G0200130","1990","AK",,,,,,,,,,,"99","Aleutians East","013",,,"9","9999",,,,"9999","4","Alaska","02",,,,,"0018090504","0020789982","Aleutians East Borough","A","+55229183","-161915191","04",810,7,1042,393,0,30,0,0,70,112
"G0200160","1990","AK",,,,,,,,,,,"99","Aleutians West","016",,,"9","9999",,,,"9999","4","Alaska","02",,,,,"0011401462","0025155601","Aleutians West Census Area","S","+52242645","-175129755","05",6101,646,1118,910,34,259,14,7,54,335
"G0200200","1990","AK",,,,,,,,,,,"99","Anchorage","020",,,"9","0380",,,,"9999","4","Alaska","02",,,,,"0004396902","0000683421","Anchorage Borough","B","+61178368","-149186416","04",178041,13998,14479,10306,142,4826,413,431,458,3244
"G0200500","1990","AK",,,,,,,,,,,"99","Bethel","050",,,"9","9999",,,,"9999","4","Alaska","02",,,,,"0106416388","0012605996","Bethel Census Area","S","+60939161","-160147317","05",2108,71,11293,85,12,47,0,24,2,14
"G0200600","1990","AK",,,,,,,,,,,"99","Bristol Bay Borough","060",,,"9","9999",,,,"9999","4","Alaska","02",,,,,"0001344789","0001031830","Bristol Bay Borough","A","+58744623","-156988097","04",872,31,465,13,0,22,0,0,0,7
"G0200700","1990","AK",,,,,,,,,,,"99","Dillingham","070",,,"9","9999",,,,"9999","4","Alaska","02",,,,,"0047829349","0005558624","Dillingham Census Area","S","+59949649","-158429855","05",1037,2,2895,53,1,1,0,13,0,10
"G0200900","1990","AK",,,,,,,,,,,"99","Fairbanks North Star","090",,,"9","9999",,,,"9999","4","Alaska","02",,,,,"0019068693","0000210436","Fairbanks North Star Borough","A","+64846315","-146643388","04",62463,5347,5214,1953,56,1485,149,78,72,903
"G0201000","1990","AK",,,,,,,,,,,"99","Haines","100",,,"9","9999",,,,"9999","4","Alaska","02",,,,,"0006104612","0001028498","Haines Borough","A","+59155973","-135443717","04",1791,2,279,11,0,5,0,0,0,29
"G0201100","1990","AK",,,,,,,,,,,"99","Juneau","110",,,"9","9999",,,,"9999","4","Alaska","02",,,,,"0006717313","0001262781","Juneau Borough","B","+58388588","-134133421","04",21303,270,3371,1136,0,342,6,81,28,214
"G0201220","1990","AK",,,,,,,,,,,"99","Kenai Peninsula","122",,,"9","9999",,,,"9999","4","Alaska","02",,,,,"0041644386","0014466224","Kenai Peninsula Borough","A","+60202478","-151629576","04",36565,231,2854,302,1,693,17,40,36,63
"G0201300","1990","AK",,,,,,,,,,,"99","Ketchikan Gateway","130",,,"9","9999",,,,"9999","4","Alaska","02",,,,,"0003158883","0001356922","Ketchikan Gateway Borough","A","+55541150","-131408008","04",11215,76,1781,379,0,126,0,103,83,65
"G0201500","1990","AK",,,,,,,,,,,"99","Kodiak Island","150",,,"9","9999",,,,"9999","4","Alaska","02",,,,,"0016738061","0013942816","Kodiak Island Borough","A","+57707368","-153782518","04",9084,103,2102,1342,9,205,0,39,126,299
"G0201640","1990","AK",,,,,,,,,,,"99","Lake And Peninsula","164",,,"9","9999",,,,"9999","4","Alaska","02",,,,,"0061207704","0013923634","Lake and Peninsula Borough","A","+58401493","-156184669","04",368,0,1261,3,0,22,0,12,0,2
"G0201700","1990","AK",,,,,,,,,,,"99","Matanuska-Susitna","170",,,"9","9999",,,,"9999","4","Alaska","02",,,,,"0063956536","0001395411","Matanuska-Susitna Borough","A","+62395317","-149575328","04",36429,242,1910,299,24,486,7,35,45,206
"G0201800","1990","AK",,,,,,,,,,,"99","Nome","180",,,"9","9999",,,,"9999","4","Alaska","02",,,,,"0059602512","0013632761","Nome Census Area","S","+64735328","-164186608","05",1908,2,6161,21,1,107,0,12,0,76
"G0201850","1990","AK",,,,,,,,,,,"99","North Slope","185",,,"9","9999",,,,"9999","4","Alaska","02",,,,,"0227558672","0015443149","North Slope Borough","A","+69296886","-153448095","04",1241,36,4332,268,5,12,6,34,16,29
"G0201880","1990","AK",,,,,,,,,,,"99","Northwest Arctic","188",,,"9","9999",,,,"9999","4","Alaska","02",,,,,"0092883808","0012428093","Northwest Arctic Borough","A","+67000678","-159998166","04",792,10,5224,44,0,26,0,17,0,0
"G0202010","1990","AK",,,,,,,,,,,"99","Prince Of Wales-Outer Ketchikan","201",,,"9","9999",,,,"9999","4","Alaska","02",,,,,"0018970375","0013576622","Prince of Wales-Outer Ketchikan Census Area","S","+55454038","-132050372","05",3806,11,2325,26,4,45,0,40,8,13
"G0202200","1990","AK",,,,,,,,,,,"99","Sitka","220",,,"9","9999",,,,"9999","4","Alaska","02",,,,,"0007463030","0005097345","Sitka Borough","B","+57214050","-135446833","04",6268,37,1828,303,0,65,0,29,0,58
"G0202310","1990","AK",,,,,,,,,,,"99","Skagway-Yakutat-Angoon","231",,,"9","9999",,,,"9999","4","Alaska","02",,,,,"0033360798","0011964847","Skagway-Yakutat-Angoon Census Area","S","+58811136","-136622061","05",2628,5,1665,24,0,24,0,13,0,26
"G0202400","1990","AK",,,,,,,,,,,"99","Southeast Fairbanks","240",,,"9","9999",,,,"9999","4","Alaska","02",,,,,"0067324739","0000625041","Southeast Fairbanks Census Area","S","+63765233","-143598085","05",4608,276,745,88,0,68,4,14,8,102
"G0202610","1990","AK",,,,,,,,,,,"99","Valdez-Cordova","261",,,"9","9999",,,,"9999","4","Alaska","02",,,,,"0095688464","0017017123","Valdez-Cordova Census Area","S","+61400254","-144503102","05",8071,60,1204,271,7,206,7,36,5,85
"G0202700","1990","AK",,,,,,,,,,,"99","Wade Hampton","270",,,"9","9999",,,,"9999","4","Alaska","02",,,,,"0044351368","0006620034","Wade Hampton Census Area","S","+62087611","-163529421","05",354,15,5374,33,2,0,0,10,2,1
"G0202800","1990","AK",,,,,,,,,,,"99","Wrangell-Petersburg","280",,,"9","9999",,,,"9999","4","Alaska","02",,,,,"0015044097","0008197976","Wrangell-Petersburg Census Area","S","+56518015","-132961816","05",5508,17,1362,34,0,77,0,13,0,31
"G0202900","1990","AK",,,,,,,,,,,"99","Yukon-Koyukuk","290",,,"9","9999",,,,"9999","4","Alaska","02",,,,,"0406944070","0004855431","Yukon-Koyukuk Census Area","S","+65285776","-151646937","05",3521,77,4752,44,0,62,0,8,0,14
"G0400010","1990","AZ",,,,,,,,,,,"99","Apache","001",,,"8","9999",,,,"9999","4","Arizona","04",,,,,"0029022713","0000034927","Apache County","A","+35383620","-109488456","06",11469,107,47566,17,25,1047,5,232,0,1123
"G0400030","1990","AZ",,,,,,,,,,,"99","Cochise","003",,,"8","9999",,,,"9999","4","Arizona","04",,,,,"0015980285","0000127746","Cochise County","A","+31890821","-109736956","06",61854,4789,942,2047,226,17701,285,194,92,9494
"G0400050","1990","AZ",,,,,,,,,,,"99","Coconino","005",,,"8","9999",,,,"9999","4","Arizona","04",,,,,"0048223545","0000112495","Coconino County","A","+35835573","-111768163","06",57170,1180,27661,698,114,5086,75,609,26,3972
"G0400070","1990","AZ",,,,,,,,,,,"99","Gila","007",,,"8","9999",,,,"9999","4","Arizona","04",,,,,"0012349309","0000072608","Gila County","A","+33797288","-110818155","06",27414,96,5157,102,30,3403,0,112,0,3902
"G0400090","1990","AZ",,,,,,,,,,,"99","Graham","009",,,"8","9999",,,,"9999","4","Arizona","04",,,,,"0011990779","0000030640","Graham County","A","+32936517","-109891347","06",15629,442,3796,167,0,4981,19,112,0,1408
"G0400110","1990","AZ",,,,,,,,,,,"99","Greenlee","011",,,"8","9999",,,,"9999","4","Arizona","04",,,,,"0004784084","0000003665","Greenlee County","A","+33185081","-109232988","06",4411,27,100,45,0,2511,0,54,0,860
"G0400120","1990","AZ",,,,,,,,,,,"99","La Paz","012",,,"8","9999",,,,"9999","4","Arizona","04",,,,,"0011653884","0000036498","La Paz County","A","+33727923","-113979016","06",8318,38,1979,63,30,2021,0,477,14,904
"G0400130","1990","AZ",,,,,,,,,,,"99","Maricopa","013",,,"8","6200",,,,"9999","4","Arizona","04",,,,,"0023838482","0000053895","Maricopa County","A","+33342656","-112490919","06",1641319,71896,32905,33681,2183,160251,2399,5404,1527,170536
"G0400150","1990","AZ",,,,,,,,,,,"99","Mohave","015",,,"8","9999",,,,"9999","4","Arizona","04",,,,,"0034479166","0000409435","Mohave County","A","+35708232","-113753337","06",86106,103,1953,622,76,2982,33,186,46,1390
"G0400170","1990","AZ",,,,,,,,,,,"99","Navajo","017",,,"8","9999",,,,"9999","4","Arizona","04",,,,,"0025780344","0000016618","Navajo County","A","+35387551","-110319661","06",31148,734,40032,196,9,3013,78,496,12,1940
"G0400190","1990","AZ",,,,,,,,,,,"99","Pima","019",,,"8","8520",,,,"9999","4","Arizona","04",,,,,"0023794348","0000006304","Pima County","A","+32103960","-111814821","06",456630,19663,17383,11357,794,69774,1193,2651,792,86643
"G0400210","1990","AZ",,,,,,,,,,,"99","Pinal","021",,,"8","9999",,,,"9999","4","Arizona","04",,,,,"0013908286","0000011653","Pinal County","A","+32909084","-111346897","06",68403,3439,9735,527,117,18789,200,1415,150,13604
"G0400230","1990","AZ",,,,,,,,,,,"99","Santa Cruz","023",,,"8","9999",,,,"9999","4","Arizona","04",,,,,"0003205764","0000001227","Santa Cruz County","A","+31523864","-110836469","06",6647,6,8,103,18,15571,60,62,7,7194
"G0400250","1990","AZ",,,,,,,,,,,"99","Yavapai","025",,,"8","9999",,,,"9999","4","Arizona","04",,,,,"0021039978","0000012405","Yavapai County","A","+34595236","-112554041","06",98499,237,1541,485,98,4662,7,223,7,1955
"G0400270","1990","AZ",,,,,,,,,,,"99","Yuma","027",,,"8","9360",,,,"9999","4","Arizona","04",,,,,"0014282395","0000012656","Yuma County","A","+32764761","-113897214","06",56889,2614,1444,1164,127,23984,337,160,180,19996
"G0500010","1990","AR",,,,,,,,,,,"99","Arkansas","001",,,"7","9999",,,,"9999","3","Arkansas","05",,,,,"0002560297","0000117372","Arkansas County","A","+34288872","-091376344","06",16851,4703,21,10,0,60,2,0,0,6
"G0500030","1990","AR",,,,,,,,,,,"99","Ashley","003",,,"7","9999",,,,"9999","3","Arkansas","05",,,,,"0002386316","0000046109","Ashley County","A","+33190783","-091772262","06",17330,6614,66,23,0,153,17,0,0,116
"G0500050","1990","AR",,,,,,,,,,,"99","Baxter","005",,,"7","9999",,,,"9999","3","Arkansas","05",,,,,"0001435941","0000083827","Baxter County","A","+36286225","-092339841","06",30751,0,126,95,0,180,0,10,0,24
"G0500070","1990","AR",,,,,,,,,,,"99","Benton","007",,,"7","9999",,,,"9999","3","Arkansas","05",,,,,"0002184170","0000086778","Benton County","A","+36337987","-094257842","06",93971,87,1719,393,1,729,0,23,0,576
"G0500090","1990","AR",,,,,,,,,,,"99","Boone","009",,,"7","9999",,,,"9999","3","Arkansas","05",,,,,"0001531264","0000027566","Boone County","A","+36313592","-093092833","06",27901,2,165,51,0,129,0,6,16,27
"G0500110","1990","AR",,,,,,,,,,,"99","Bradley","011",,,"7","9999",,,,"9999","3","Arkansas","05",,,,,"0001685258","0000009718","Bradley County","A","+33463242","-092168367","06",7996,3656,5,0,15,59,1,0,0,61
"G0500130","1990","AR",,,,,,,,,,,"99","Calhoun","013",,,"7","9999",,,,"9999","3","Arkansas","05",,,,,"0001627372","0000011042","Calhoun County","A","+33554153","-092497141","06",4372,1443,4,2,0,3,2,0,0,0
"G0500150","1990","AR",,,,,,,,,,,"99","Carroll","015",,,"7","9999",,,,"9999","3","Arkansas","05",,,,,"0001641517","0000022112","Carroll County","A","+36337153","-093541961","06",18295,8,166,22,0,145,6,3,0,9
"G0500170","1990","AR",,,,,,,,,,,"99","Chicot","017",,,"7","9999",,,,"9999","3","Arkansas","05",,,,,"0001668139","0000121371","Chicot County","A","+33266340","-091297700","06",6675,8743,66,0,7,6,134,0,0,82
"G0500190","1990","AR",,,,,,,,,,,"99","Clark","019",,,"7","9999",,,,"9999","3","Arkansas","05",,,,,"0002241656","0000044473","Clark County","A","+34053832","-093176507","06",16275,4912,63,46,0,102,11,0,0,28
"G0500210","1990","AR",,,,,,,,,,,"99","Clay","021",,,"7","9999",,,,"9999","3","Arkansas","05",,,,,"0001655897","0000005490","Clay County","A","+36376360","-090421474","06",18006,2,28,6,0,50,7,1,0,7
"G0500230","1990","AR",,,,,,,,,,,"99","Cleburne","023",,,"7","9999",,,,"9999","3","Arkansas","05",,,,,"0001432511","0000100652","Cleburne County","A","+35542425","-092028995","06",19211,1,99,12,0,66,0,0,0,22
"G0500250","1990","AR",,,,,,,,,,,"99","Cleveland","025",,,"7","9999",,,,"9999","3","Arkansas","05",,,,,"0001548180","0000002816","Cleveland County","A","+33894438","-092187914","06",6625,1063,10,8,0,73,2,0,0,0
"G0500270","1990","AR",,,,,,,,,,,"99","Columbia","027",,,"7","9999",,,,"9999","3","Arkansas","05",,,,,"0001984432","0000001937","Columbia County","A","+33215092","-093226530","06",16518,9014,29,69,10,45,6,0,0,0
"G0500290","1990","AR",,,,,,,,,,,"99","Conway","029",,,"7","9999",,,,"9999","3","Arkansas","05",,,,,"0001440612","0000027168","Conway County","A","+35263495","-092695052","06",16099,2861,26,50,4,67,9,15,0,20
"G0500310","1990","AR",,,,,,,,,,,"99","Craighead","031",,,"7","9999",,,,"9999","3","Arkansas","05",,,,,"0001840977","0000005782","Craighead County","A","+35828124","-090631882","06",63971,3847,210,421,0,380,33,21,6,67
"G0500330","1990","AR",,,,,,,,,,,"99","Crawford","033",,,"7","2720",,,,"9999","3","Arkansas","05",,,,,"0001542341","0000022642","Crawford County","A","+35579452","-094246370","06",40752,290,839,302,0,271,0,2,10,27
"G0500350","1990","AR",,,,,,,,,,,"99","Crittenden","035",,,"7","4920",,,,"9999","3","Arkansas","05",,,,,"0001581190","0000067953","Crittenden County","A","+35212638","-090314064","06",27951,21358,168,151,4,168,80,8,0,51
"G0500370","1990","AR",,,,,,,,,,,"99","Cross","037",,,"7","9999",,,,"9999","3","Arkansas","05",,,,,"0001595167","0000016792","Cross County","A","+35300011","-090771434","06",14275,4772,46,12,0,91,21,0,0,8
"G0500390","1990","AR",,,,,,,,,,,"99","Dallas","039",,,"7","9999",,,,"9999","3","Arkansas","05",,,,,"0001728746","0000001916","Dallas County","A","+33966853","-092657033","06",5785,3691,9,25,0,29,7,0,0,68
"G0500410","1990","AR",,,,,,,,,,,"99","Desha","041",,,"7","9999",,,,"9999","3","Arkansas","05",,,,,"0001981447","0000141242","Desha County","A","+33831260","-091259304","06",9508,6992,8,181,17,27,25,0,0,40
"G0500430","1990","AR",,,,,,,,,,,"99","Drew","043",,,"7","9999",,,,"9999","3","Arkansas","05",,,,,"0002145148","0000019353","Drew County","A","+33589683","-091716904","06",12430,4746,75,9,0,37,0,0,0,72
"G0500450","1990","AR",,,,,,,,,,,"99","Faulkner","045",,,"7","4400",,,,"9999","3","Arkansas","05",,,,,"0001676682","0000043218","Faulkner County","A","+35147169","-092335289","06",54271,4653,325,314,5,359,0,6,0,73
"G0500470","1990","AR",,,,,,,,,,,"99","Franklin","047",,,"7","9999",,,,"9999","3","Arkansas","05",,,,,"0001578854","0000026232","Franklin County","A","+35512250","-093891926","06",14578,52,89,20,0,124,6,19,0,9
"G0500490","1990","AR",,,,,,,,,,,"99","Fulton","049",,,"7","9999",,,,"9999","3","Arkansas","05",,,,,"0001601231","0000005509","Fulton County","A","+36383112","-091818910","06",9902,16,92,4,0,21,0,0,0,2
"G0500510","1990","AR",,,,,,,,,,,"99","Garland","051",,,"7","9999",,,,"9999","3","Arkansas","05",,,,,"0001756152","0000146478","Garland County","A","+34573320","-093153957","06",66328,5555,477,215,22,565,7,0,0,228
"G0500530","1990","AR",,,,,,,,,,,"99","Grant","053",,,"7","9999",,,,"9999","3","Arkansas","05",,,,,"0001636421","0000003193","Grant County","A","+34287458","-092423425","06",13436,376,22,32,0,42,0,2,0,38
"G0500550","1990","AR",,,,,,,,,,,"99","Greene","055",,,"7","9999",,,,"9999","3","Arkansas","05",,,,,"0001495864","0000005536","Greene County","A","+36119053","-090562264","06",31576,35,48,0,0,60,0,0,6,79
"G0500570","1990","AR",,,,,,,,,,,"99","Hempstead","057",,,"7","9999",,,,"9999","3","Arkansas","05",,,,,"0001887721","0000032561","Hempstead County","A","+33731300","-093664959","06",14683,6461,35,63,0,117,0,0,30,232
"G0500590","1990","AR",,,,,,,,,,,"99","Hot Spring","059",,,"7","9999",,,,"9999","3","Arkansas","05",,,,,"0001592780","0000018715","Hot Spring County","A","+34320144","-092945112","06",22968,2869,156,21,8,58,6,0,0,29
"G0500610","1990","AR",,,,,,,,,,,"99","Howard","061",,,"7","9999",,,,"9999","3","Arkansas","05",,,,,"0001521532","0000020129","Howard County","A","+34089827","-093989511","06",10537,2883,22,2,0,53,34,0,0,38
"G0500630","1990","AR",,,,,,,,,,,"99","Independence","063",,,"7","9999",,,,"9999","3","Arkansas","05",,,,,"0001978371","0000020168","Independence County","A","+35744099","-091566218","06",30336,532,46,208,0,25,0,7,0,38
"G0500650","1990","AR",,,,,,,,,,,"99","Izard","065",,,"7","9999",,,,"9999","3","Arkansas","05",,,,,"0001504118","0000008611","Izard County","A","+36094609","-091911006","06",11194,10,51,18,0,49,0,3,27,12
"G0500670","1990","AR",,,,,,,,,,,"99","Jackson","067",,,"7","9999",,,,"9999","3","Arkansas","05",,,,,"0001640953","0000020523","Jackson County","A","+35600258","-091213910","06",16096,2757,50,9,4,18,8,0,0,2
"G0500690","1990","AR",,,,,,,,,,,"99","Jefferson","069",,,"7","6240",,,,"9999","3","Arkansas","05",,,,,"0002291610","0000075014","Jefferson County","A","+34269210","-091929077","06",47818,36690,390,231,7,161,118,8,0,64
"G0500710","1990","AR",,,,,,,,,,,"99","Johnson","071",,,"7","9999",,,,"9999","3","Arkansas","05",,,,,"0001715127","0000053285","Johnson County","A","+35569018","-093461165","06",17449,309,110,75,0,166,0,29,0,83
"G0500730","1990","AR",,,,,,,,,,,"99","Lafayette","073",,,"7","9999",,,,"9999","3","Arkansas","05",,,,,"0001363745","0000048099","Lafayette County","A","+33235524","-093610593","06",5856,3725,10,11,0,41,0,0,0,0
"G0500750","1990","AR",,,,,,,,,,,"99","Lawrence","075",,,"7","9999",,,,"9999","3","Arkansas","05",,,,,"0001519327","0000014960","Lawrence County","A","+36043049","-091114974","06",17166,81,152,31,0,27,0,0,0,0
"G0500770","1990","AR",,,,,,,,,,,"99","Lee","077",,,"7","9999",,,,"9999","3","Arkansas","05",,,,,"0001558398","0000046112","Lee County","A","+34779637","-090780318","06",5369,7478,12,77,0,92,0,0,5,20
"G0500790","1990","AR",,,,,,,,,,,"99","Lincoln","079",,,"7","9999",,,,"9999","3","Arkansas","05",,,,,"0001453606","0000028407","Lincoln County","A","+33953221","-091733936","06",8631,4881,18,11,0,35,68,0,0,46
"G0500810","1990","AR",,,,,,,,,,,"99","Little River","081",,,"7","9999",,,,"9999","3","Arkansas","05",,,,,"0001377273","0000085829","Little River County","A","+33700236","-094235637","06",10726,2912,201,8,0,30,19,0,0,70
"G0500830","1990","AR",,,,,,,,,,,"99","Logan","083",,,"7","9999",,,,"9999","3","Arkansas","05",,,,,"0001838692","0000056027","Logan County","A","+35215114","-093712628","06",19951,255,137,64,20,53,0,0,0,77
"G0500850","1990","AR",,,,,,,,,,,"99","Lonoke","085",,,"7","4400",,,,"9999","3","Arkansas","05",,,,,"0001982649","0000095782","Lonoke County","A","+34755054","-091883118","06",35299,3575,132,107,5,119,0,0,0,31
"G0500870","1990","AR",,,,,,,,,,,"99","Madison","087",,,"7","9999",,,,"9999","3","Arkansas","05",,,,,"0002167716","0000000439","Madison County","A","+36012240","-093723070","06",11388,0,123,7,0,76,0,0,0,24
"G0500890","1990","AR",,,,,,,,,,,"99","Marion","089",,,"7","9999",,,,"9999","3","Arkansas","05",,,,,"0001548137","0000110460","Marion County","A","+36262962","-092679917","06",11866,1,53,40,0,34,0,0,0,7
"G0500910","1990","AR",,,,,,,,,,,"99","Miller","091",,,"7","8360",,,,"9999","3","Arkansas","05",,,,,"0001616349","0000034847","Miller County","A","+33311498","-093880562","06",29142,8609,166,150,0,285,0,5,0,110
"G0500930","1990","AR",,,,,,,,,,,"99","Mississippi","093",,,"7","9999",,,,"9999","3","Arkansas","05",,,,,"0002326636","0000055640","Mississippi County","A","+35764082","-090054475","06",40362,16024,235,268,30,312,8,6,0,280
"G0500950","1990","AR",,,,,,,,,,,"99","Monroe","095",,,"7","9999",,,,"9999","3","Arkansas","05",,,,,"0001571408","0000038165","Monroe County","A","+34680279","-091203053","06",6859,4434,8,14,0,4,14,0,0,0
"G0500970","1990","AR",,,,,,,,,,,"99","Montgomery","097",,,"7","9999",,,,"9999","3","Arkansas","05",,,,,"0002022732","0000050161","Montgomery County","A","+34545966","-093660190","06",7667,2,102,3,0,60,0,0,0,7
"G0500990","1990","AR",,,,,,,,,,,"99","Nevada","099",,,"7","9999",,,,"9999","3","Arkansas","05",,,,,"0001605822","0000002136","Nevada County","A","+33666725","-093302881","06",6862,3182,51,0,0,5,1,0,0,0
"G0501010","1990","AR",,,,,,,,,,,"99","Newton","101",,,"7","9999",,,,"9999","3","Arkansas","05",,,,,"0002131641","0000000542","Newton County","A","+35917735","-093223087","06",7599,0,51,0,4,12,0,0,0,0
"G0501030","1990","AR",,,,,,,,,,,"99","Ouachita","103",,,"7","9999",,,,"9999","3","Arkansas","05",,,,,"0001897230","0000018603","Ouachita County","A","+33591134","-092879263","06",19572,10715,76,36,9,113,41,0,0,12
"G0501050","1990","AR",,,,,,,,,,,"99","Perry","105",,,"7","9999",,,,"9999","3","Arkansas","05",,,,,"0001426983","0000024729","Perry County","A","+34946973","-092934055","06",7675,165,36,29,0,55,0,9,0,0
"G0501070","1990","AR",,,,,,,,,,,"99","Phillips","107",,,"7","9999",,,,"9999","3","Arkansas","05",,,,,"0001794151","0000089661","Phillips County","A","+34425633","-090852019","06",12828,15666,35,114,0,67,50,0,18,60
"G0501090","1990","AR",,,,,,,,,,,"99","Pike","109",,,"7","9999",,,,"9999","3","Arkansas","05",,,,,"0001561920","0000028160","Pike County","A","+34166363","-093654743","06",9604,396,32,0,0,46,0,3,0,5
"G0501110","1990","AR",,,,,,,,,,,"99","Poinsett","111",,,"7","9999",,,,"9999","3","Arkansas","05",,,,,"0001962683","0000014625","Poinsett County","A","+35577391","-090663212","06",22639,1842,71,26,0,59,3,0,0,24
"G0501130","1990","AR",,,,,,,,,,,"99","Polk","113",,,"7","9999",,,,"9999","3","Arkansas","05",,,,,"0002225987","0000007817","Polk County","A","+34474769","-094224002","06",16817,0,114,53,3,246,0,2,0,112
"G0501150","1990","AR",,,,,,,,,,,"99","Pope","115",,,"7","9999",,,,"9999","3","Arkansas","05",,,,,"0002102961","0000048921","Pope County","A","+35446432","-093035762","06",43891,1115,308,197,3,250,0,16,0,103
"G0501170","1990","AR",,,,,,,,,,,"99","Prairie","117",,,"7","9999",,,,"9999","3","Arkansas","05",,,,,"0001673146","0000077206","Prairie County","A","+34827607","-091557246","06",8162,1291,43,0,0,22,0,0,0,0
"G0501190","1990","AR",,,,,,,,,,,"99","Pulaski","119",,,"7","4400",,,,"9999","3","Arkansas","05",,,,,"0001996803","0000095729","Pulaski County","A","+34770100","-092310815","06",250221,92118,1186,2406,58,2279,237,99,92,964
"G0501210","1990","AR",,,,,,,,,,,"99","Randolph","121",,,"7","9999",,,,"9999","3","Arkansas","05",,,,,"0001688348","0000010902","Randolph County","A","+36342062","-091028073","06",16301,147,38,22,0,50,0,0,0,0
"G0501230","1990","AR",,,,,,,,,,,"99","St Francis","123",,,"7","9999",,,,"9999","3","Arkansas","05",,,,,"0001641756","0000022168","St. Francis County","A","+35021644","-090747325","06",14604,13568,47,116,0,108,20,0,0,34
"G0501250","1990","AR",,,,,,,,,,,"99","Saline","125",,,"7","4400",,,,"9999","3","Arkansas","05",,,,,"0001877132","0000014872","Saline County","A","+34648426","-092674589","06",61825,1294,292,247,43,323,0,8,10,141
"G0501270","1990","AR",,,,,,,,,,,"99","Scott","127",,,"7","9999",,,,"9999","3","Arkansas","05",,,,,"0002315294","0000010910","Scott County","A","+34858644","-094063491","06",10003,0,67,100,7,20,0,0,0,8
"G0501290","1990","AR",,,,,,,,,,,"99","Searcy","129",,,"7","9999",,,,"9999","3","Arkansas","05",,,,,"0001728047","0000003521","Searcy County","A","+35917529","-092703260","06",7746,8,32,0,0,35,0,0,0,20
"G0501310","1990","AR",,,,,,,,,,,"99","Sebastian","131",,,"7","2720",,,,"9999","3","Arkansas","05",,,,,"0001389183","0000025131","Sebastian County","A","+35199151","-094275394","06",88109,5581,1574,3203,10,577,16,23,9,488
"G0501330","1990","AR",,,,,,,,,,,"99","Sevier","133",,,"7","9999",,,,"9999","3","Arkansas","05",,,,,"0001460694","0000045084","Sevier County","A","+33998508","-094237697","06",12020,772,241,17,0,37,0,18,0,532
"G0501350","1990","AR",,,,,,,,,,,"99","Sharp","135",,,"7","9999",,,,"9999","3","Arkansas","05",,,,,"0001565395","0000005159","Sharp County","A","+36153912","-091481513","06",13899,18,136,15,0,13,0,0,0,28
"G0501370","1990","AR",,,,,,,,,,,"99","Stone","137",,,"7","9999",,,,"9999","3","Arkansas","05",,,,,"0001571193","0000007346","Stone County","A","+35862902","-092153495","06",9641,0,85,0,0,49,0,0,0,0
"G0501390","1990","AR",,,,,,,,,,,"99","Union","139",,,"7","9999",,,,"9999","3","Arkansas","05",,,,,"0002690992","0000042397","Union County","A","+33170291","-092594441","06",32261,14054,142,111,0,84,15,28,0,24
"G0501410","1990","AR",,,,,,,,,,,"99","Van Buren","141",,,"7","9999",,,,"9999","3","Arkansas","05",,,,,"0001842925","0000033160","Van Buren County","A","+35581189","-092519040","06",13811,17,93,9,0,72,0,0,0,6
"G0501430","1990","AR",,,,,,,,,,,"99","Washington","143",,,"7","2580",,,,"9999","3","Arkansas","05",,,,,"0002461133","0000015090","Washington County","A","+35985741","-094214352","06",107778,1540,1553,1026,35,988,9,26,2,452
"G0501450","1990","AR",,,,,,,,,,,"99","White","145",,,"7","9999",,,,"9999","3","Arkansas","05",,,,,"0002678446","0000021448","White County","A","+35254806","-091745790","06",52164,1691,256,88,12,276,17,11,0,161
"G0501470","1990","AR",,,,,,,,,,,"99","Woodruff","147",,,"7","9999",,,,"9999","3","Arkansas","05",,,,,"0001519295","0000019400","Woodruff County","A","+35187551","-091241026","06",6634,2836,17,15,2,12,4,0,0,0
"G0501490","1990","AR",,,,,,,,,,,"99","Yell","149",,,"7","9999",,,,"9999","3","Arkansas","05",,,,,"0002403247","0000054385","Yell County","A","+34997776","-093406902","06",16972,394,117,140,0,99,0,0,6,31
"G0600010","1990","CA",,,,,,,,,,,"84","Alameda","001",,,"9","7362",,,,"5775","4","California","06",,,,,"0001910082","0000216939","Alameda County","A","+37653853","-121913948","06",683294,224457,6500,186498,2416,79263,4859,1854,6784,83257
"G0600030","1990","CA",,,,,,,,,,,"99","Alpine","003",,,"9","9999",,,,"9999","4","California","06",,,,,"0001913110","0000011843","Alpine County","A","+38579180","-119804453","06",791,0,263,5,0,26,0,18,0,10
"G0600050","1990","CA",,,,,,,,,,,"99","Amador","005",,,"9","9999",,,,"9999","4","California","06",,,,,"0001534745","0000030292","Amador County","A","+38444419","-120655265","06",25529,1680,581,143,25,1338,10,27,59,647
"G0600070","1990","CA",,,,,,,,,,,"99","Butte","007",,,"9","1620",,,,"9999","4","California","06",,,,,"0004246565","0000097429","Butte County","A","+39662375","-121596065","06",158201,2039,3275,4961,172,7163,59,238,111,5901
"G0600090","1990","CA",,,,,,,,,,,"99","Calaveras","009",,,"9","9999",,,,"9999","4","California","06",,,,,"0002642286","0000043349","Calaveras County","A","+38207542","-120551793","06",29365,147,612,154,0,1338,0,64,0,318
"G0600110","1990","CA",,,,,,,,,,,"99","Colusa","011",,,"9","9999",,,,"9999","4","California","06",,,,,"0002980513","0000014362","Colusa County","A","+39176482","-122235120","06",10134,89,330,375,80,2306,13,21,43,2884
"G0600130","1990","CA",,,,,,,,,,,"84","Contra Costa","013",,,"9","7362",,,,"5775","4","California","06",,,,,"0001865540","0000212096","Contra Costa County","A","+37933350","-121948700","06",560852,72886,4522,73909,1297,50848,1430,908,2945,34135
"G0600150","1990","CA",,,,,,,,,,,"99","Del Norte","015",,,"9","9999",,,,"9999","4","California","06",,,,,"0002610426","0000574851","Del Norte County","A","+41737320","-123956960","06",18384,843,1436,373,0,1897,8,106,23,390
"G0600170","1990","CA",,,,,,,,,,,"99","El Dorado","017",,,"9","6920",,,,"9999","4","California","06",,,,,"0004432778","0000206706","El Dorado County","A","+38775488","-120527585","06",113675,395,1243,2344,18,5803,23,189,161,2144
"G0600190","1990","CA",,,,,,,,,,,"99","Fresno","019",,,"9","2840",,,,"9999","4","California","06",,,,,"0015444704","0000141630","Fresno County","A","+36753992","-119647934","06",341097,31673,5743,55556,1568,82601,1196,1797,1722,144537
"G0600210","1990","CA",,,,,,,,,,,"99","Glenn","021",,,"9","9999",,,,"9999","4","California","06",,,,,"0003405550","0000032018","Glenn County","A","+39594777","-122391742","06",18500,151,447,755,17,2752,47,40,0,2089
"G0600230","1990","CA",,,,,,,,,,,"99","Humboldt","023",,,"9","9999",,,,"9999","4","California","06",,,,,"0009253541","0001242490","Humboldt County","A","+40700416","-123911969","06",104974,838,6245,2293,31,3040,16,324,49,1308
"G0600250","1990","CA",,,,,,,,,,,"99","Imperial","025",,,"9","9999",,,,"9999","4","California","06",,,,,"0010813387","0000795211","Imperial County","A","+33038512","-115352917","06",32016,2573,1527,1752,70,41604,264,319,419,28759
"G0600270","1990","CA",,,,,,,,,,,"99","Inyo","027",,,"9","9999",,,,"9999","4","California","06",,,,,"0026397464","0000092404","Inyo County","A","+36589328","-117483183","06",14836,24,1657,262,7,1009,23,184,3,276
"G0600290","1990","CA",,,,,,,,,,,"99","Kern","029",,,"9","0680",,,,"9999","4","California","06",,,,,"0021086815","0000052910","Kern County","A","+35338498","-118724910","06",342300,28927,6061,14566,1065,37283,752,1178,1824,109521
"G0600310","1990","CA",,,,,,,,,,,"99","Kings","031",,,"9","9999",,,,"9999","4","California","06",,,,,"0003598768","0000005429","Kings County","A","+36072642","-119814766","06",54742,7855,1243,3489,248,10104,525,251,182,22830
"G0600330","1990","CA",,,,,,,,,,,"99","Lake","033",,,"9","9999",,,,"9999","4","California","06",,,,,"0003259420","0000184211","Lake County","A","+39090857","-122762036","06",44568,811,1083,457,58,1907,0,162,21,1564
"G0600350","1990","CA",,,,,,,,,,,"99","Lassen","035",,,"9","9999",,,,"9999","4","California","06",,,,,"0011803898","0000422484","Lassen County","A","+40652341","-120577604","06",21964,1673,804,262,11,2327,24,53,0,480
"G0600370","1990","CA",,,,,,,,,,,"49","Los Angeles","037",,,"9","4472",,,,"4480","4","California","06",,,,,"0010515327","0001793184","Los Angeles County","A","+34184667","-118261988","06",3634722,946862,30165,924291,21008,1409996,43544,13524,31038,1808014
"G0600390","1990","CA",,,,,,,,,,,"99","Madera","039",,,"9","9999",,,,"9999","4","California","06",,,,,"0005538501","0000038756","Madera County","A","+37219685","-119765135","06",53292,2358,1198,1032,59,10335,151,157,191,19317
"G0600410","1990","CA",,,,,,,,,,,"84","Marin","041",,,"9","7362",,,,"7360","4","California","06",,,,,"0001346220","0000798861","Marin County","A","+38035300","-122743465","06",195536,7535,783,8989,249,9110,463,153,201,7077
"G0600430","1990","CA",,,,,,,,,,,"99","Mariposa","043",,,"9","9999",,,,"9999","4","California","06",,,,,"0003758645","0000030246","Mariposa County","A","+37578193","-119909601","06",12792,133,591,103,0,421,17,48,25,172
"G0600450","1990","CA",,,,,,,,,,,"99","Mendocino","045",,,"9","9999",,,,"9999","4","California","06",,,,,"0009089043","0000956274","Mendocino County","A","+39431152","-123431626","06",68090,529,3032,721,82,4158,31,331,33,3338
"G0600470","1990","CA",,,,,,,,,,,"99","Merced","047",,,"9","4940",,,,"9999","4","California","06",,,,,"0004995828","0000111700","Merced County","A","+37189464","-120711131","06",97066,8389,1200,14169,440,23390,389,480,663,32217
"G0600490","1990","CA",,,,,,,,,,,"99","Modoc","049",,,"9","9999",,,,"9999","4","California","06",,,,,"0010215900","0000671474","Modoc County","A","+41595361","-120718555","06",8535,92,457,55,6,241,0,24,0,268
"G0600510","1990","CA",,,,,,,,,,,"99","Mono","051",,,"9","9999",,,,"9999","4","California","06",,,,,"0007885220","0000226384","Mono County","A","+37910550","-118873970","06",8341,17,383,73,13,888,0,71,0,170
"G0600530","1990","CA",,,,,,,,,,,"99","Monterey","053",,,"9","7120",,,,"9999","4","California","06",,,,,"0008603831","0001163336","Monterey County","A","+36239310","-121310622","06",188417,21699,2370,25706,1037,38845,980,766,1951,73889
"G0600550","1990","CA",,,,,,,,,,,"84","Napa","055",,,"9","7362",,,,"8720","4","California","06",,,,,"0001952502","0000089302","Napa County","A","+38502833","-122323151","06",89752,1065,674,3475,113,8898,0,107,251,6430
"G0600570","1990","CA",,,,,,,,,,,"99","Nevada","057",,,"9","9999",,,,"9999","4","California","06",,,,,"0002480332","0000043716","Nevada County","A","+39304003","-120766234","06",73425,233,823,506,45,2804,0,146,16,512
"G0600590","1990","CA",,,,,,,,,,,"49","Orange","059",,,"9","4472",,,,"0360","4","California","06",,,,,"0002045273","0000409804","Orange County","A","+33674967","-117777399","06",1557956,38825,9534,244407,2877,338768,2807,3300,5729,206353
"G0600610","1990","CA",,,,,,,,,,,"99","Placer","061",,,"9","6920",,,,"9999","4","California","06",,,,,"0003637424","0000248187","Placer County","A","+39064980","-120727661","06",152763,861,2062,3715,92,8987,0,133,170,4013
"G0600630","1990","CA",,,,,,,,,,,"99","Plumas","063",,,"9","9999",,,,"9999","4","California","06",,,,,"0006614759","0000154849","Plumas County","A","+40010792","-120834136","06",17990,166,548,127,18,601,24,49,14,202
"G0600650","1990","CA",,,,,,,,,,,"49","Riverside","065",,,"9","4472",,,,"6780","4","California","06",,,,,"0018669111","0000247762","Riverside County","A","+33727917","-115977297","06",757709,60063,8965,39162,2228,138229,3333,2702,2394,155628
"G0600670","1990","CA",,,,,,,,,,,"99","Sacramento","067",,,"9","6920",,,,"9999","4","California","06",,,,,"0002501140","0000077604","Sacramento County","A","+38445368","-121349033","06",722852,94373,10743,93287,1434,59956,2593,2021,3273,50687
"G0600690","1990","CA",,,,,,,,,,,"99","San Benito","069",,,"9","9999",,,,"9999","4","California","06",,,,,"0003597857","0000004339","San Benito County","A","+36611964","-121084212","06",18937,128,295,641,55,6775,58,147,145,9516
"G0600710","1990","CA",,,,,,,,,,,"49","San Bernardino","071",,,"9","4472",,,,"6780","4","California","06",,,,,"0051961173","0000115542","San Bernardino County","A","+34828251","-116191349","06",864830,110352,10837,55710,3019,171564,4950,3434,2966,190718
"G0600730","1990","CA",,,,,,,,,,,"99","San Diego","073",,,"9","7320",,,,"9999","4","California","06",,,,,"0010889601","0000832538","San Diego County","A","+33020561","-116771868","06",1639845,150670,17155,188087,3681,235672,6825,4354,10588,241139
"G0600750","1990","CA",,,,,,,,,,,"84","San Francisco","075",,,"9","7362",,,,"7360","4","California","06",,,,,"0000120955","0000479639","San Francisco County","B","+37793250","-122554783","06",338917,76944,2621,207457,1380,49424,1987,733,3543,40953
"G0600770","1990","CA",,,,,,,,,,,"99","San Joaquin","077",,,"9","8120",,,,"9999","4","California","06",,,,,"0003624078","0000069753","San Joaquin County","A","+37932561","-121270600","06",283873,25432,4513,57051,772,69471,1453,1310,2738,34015
"G0600790","1990","CA",,,,,,,,,,,"99","San Luis Obispo","079",,,"9","9999",,,,"9999","4","California","06",,,,,"0008558655","0000806096","San Luis Obispo County","A","+35381635","-120445529","06",177116,5066,1904,5974,233,16677,589,460,345,8798
"G0600810","1990","CA",,,,,,,,,,,"84","San Mateo","081",,,"9","7362",,,,"7360","4","California","06",,,,,"0001163191","0000756220","San Mateo County","A","+37436567","-122356471","06",393652,33470,2485,105970,956,74201,1110,632,3339,33808
"G0600830","1990","CA",,,,,,,,,,,"99","Santa Barbara","083",,,"9","7480",,,,"9999","4","California","06",,,,,"0007092635","0002722338","Santa Barbara County","A","+34536645","-120025949","06",245074,9327,2427,15232,464,40337,835,1462,1322,53128
"G0600850","1990","CA",,,,,,,,,,,"84","Santa Clara","085",,,"9","7362",,,,"7400","4","California","06",,,,,"0003344260","0000034472","Santa Clara County","A","+37232600","-121686315","06",873984,52884,6948,254523,2125,161045,2481,2182,7051,134354
"G0600870","1990","CA",,,,,,,,,,,"84","Santa Cruz","087",,,"9","7362",,,,"7485","4","California","06",,,,,"0001154295","0000419399","Santa Cruz County","A","+37025900","-122007235","06",171959,2101,1306,8198,343,21245,188,463,549,23382
"G0600890","1990","CA",,,,,,,,,,,"99","Shasta","089",,,"9","6690",,,,"9999","4","California","06",,,,,"0009804847","0000160454","Shasta County","A","+40760008","-122038133","06",134165,1094,3676,2632,68,4179,26,219,23,954
"G0600910","1990","CA",,,,,,,,,,,"99","Sierra","091",,,"9","9999",,,,"9999","4","California","06",,,,,"0002469392","0000022257","Sierra County","A","+39590741","-120499150","06",3066,0,57,0,0,95,0,17,0,83
"G0600930","1990","CA",,,,,,,,,,,"99","Siskiyou","093",,,"9","9999",,,,"9999","4","California","06",,,,,"0016283999","0000156838","Siskiyou County","A","+41589207","-122533064","06",38269,602,1824,417,28,1846,2,132,38,373
"G0600950","1990","CA",,,,,,,,,,,"84","Solano","095",,,"9","7362",,,,"8720","4","California","06",,,,,"0002144950","0000203792","Solano County","A","+38267400","-121938347","06",207936,44177,2923,40958,537,19276,1886,497,2505,19726
"G0600970","1990","CA",,,,,,,,,,,"84","Sonoma","097",,,"9","7362",,,,"7500","4","California","06",,,,,"0004082375","0000497646","Sonoma County","A","+38512470","-122928697","06",328610,5156,3891,10530,498,23373,398,622,351,14793
"G0600990","1990","CA",,,,,,,,,,,"99","Stanislaus","099",,,"9","5170",,,,"9999","4","California","06",,,,,"0003870915","0000052422","Stanislaus County","A","+37562401","-120993750","06",262357,5849,3723,18039,513,35568,190,640,817,42826
"G0601010","1990","CA",,,,,,,,,,,"99","Sutter","101",,,"9","9340",,,,"9999","4","California","06",,,,,"0001560972","0000015962","Sutter County","A","+39039974","-121689128","06",46435,971,889,6039,105,3273,20,86,57,6540
"G0601030","1990","CA",,,,,,,,,,,"99","Tehama","103",,,"9","9999",,,,"9999","4","California","06",,,,,"0007643208","0000029153","Tehama County","A","+40129251","-122233448","06",42953,339,805,450,55,2550,11,111,6,2345
"G0601050","1990","CA",,,,,,,,,,,"99","Trinity","105",,,"9","9999",,,,"9999","4","California","06",,,,,"0008233259","0000074917","Trinity County","A","+40657296","-123118229","06",11832,59,625,69,17,301,0,27,0,133
"G0601070","1990","CA",,,,,,,,,,,"99","Tulare","107",,,"9","8780",,,,"9999","4","California","06",,,,,"0012494995","0000039070","Tulare County","A","+36227815","-118796611","06",171756,4298,3499,12511,634,33703,250,628,1148,83494
"G0601090","1990","CA",,,,,,,,,,,"99","Tuolumne","109",,,"9","9999",,,,"9999","4","California","06",,,,,"0005790331","0000100684","Tuolumne County","A","+38018666","-119944921","06",41925,1455,919,304,0,1966,56,131,61,1639
"G0601110","1990","CA",,,,,,,,,,,"49","Ventura","111",,,"9","4472",,,,"6000","4","California","06",,,,,"0004781006","0000938649","Ventura County","A","+34356248","-119146228","06",442015,14884,3478,32570,655,87863,857,1563,1723,83408
"G0601130","1990","CA",,,,,,,,,,,"99","Yolo","113",,,"9","6920",,,,"9999","4","California","06",,,,,"0002622211","0000027014","Yolo County","A","+38701200","-121882611","06",96994,2891,1418,11661,170,10391,224,355,209,16779
"G0601150","1990","CA",,,,,,,,,,,"99","Yuba","115",,,"9","9340",,,,"9999","4","California","06",,,,,"0001632871","0000033935","Yuba County","A","+39270692","-121352619","06",43001,2290,1571,4785,49,2661,89,90,236,3456
"G0800010","1990","CO",,,,,,,,,,,"34","Adams","001",,,"8","2082",,,,"2080","4","Colorado","08",,,,,"0003087330","0000015042","Adams County","A","+39870594","-104350313","06",199640,8394,1985,6169,382,30715,191,445,318,16799
"G0800030","1990","CO",,,,,,,,,,,"99","Alamosa","003",,,"8","9999",,,,"9999","4","Colorado","08",,,,,"0001872041","0000002031","Alamosa County","A","+37571634","-105784847","06",8109,39,189,45,79,3101,10,0,38,2007
"G0800050","1990","CO",,,,,,,,,,,"34","Arapahoe","005",,,"8","2082",,,,"2080","4","Colorado","08",,,,,"0002080195","0000005961","Arapahoe County","A","+39644335","-104331552","06",334791,22271,1471,10962,305,14824,626,385,183,5693
"G0800070","1990","CO",,,,,,,,,,,"99","Archuleta","007",,,"8","9999",,,,"9999","4","Colorado","08",,,,,"0003494929","0000013617","Archuleta County","A","+37186710","-107052349","06",3982,0,84,22,11,710,3,6,0,527
"G0800090","1990","CO",,,,,,,,,,,"99","Baca","009",,,"8","9999",,,,"9999","4","Colorado","08",,,,,"0006619704","0000003543","Baca County","A","+37320937","-102556991","06",4258,2,58,4,0,85,0,7,0,142
"G0800110","1990","CO",,,,,,,,,,,"99","Bent","011",,,"8","9999",,,,"9999","4","Colorado","08",,,,,"0003921320","0000070505","Bent County","A","+37954862","-103076652","06",3612,25,15,19,5,1006,0,0,14,352
"G0800130","1990","CO",,,,,,,,,,,"34","Boulder","013",,,"8","2082",,,,"1125","4","Colorado","08",,,,,"0001922962","0000023160","Boulder County","A","+40088471","-105357295","06",201860,1512,1217,5506,147,8721,37,173,86,6080
"G0800150","1990","CO",,,,,,,,,,,"99","Chaffee","015",,,"8","9999",,,,"9999","4","Colorado","08",,,,,"0002625019","0000004025","Chaffee County","A","+38737034","-106175994","06",11137,158,104,23,0,958,13,42,0,249
"G0800170","1990","CO",,,,,,,,,,,"99","Cheyenne","017",,,"8","9999",,,,"9999","4","Colorado","08",,,,,"0004614037","0000000060","Cheyenne County","A","+38820224","-102587596","06",2295,0,2,4,0,46,0,0,0,50
"G0800190","1990","CO",,,,,,,,,,,"99","Clear Creek","019",,,"8","9999",,,,"9999","4","Colorado","08",,,,,"0001024242","0000002627","Clear Creek County","A","+39687705","-105635856","06",7269,41,26,52,4,162,0,0,0,65
"G0800210","1990","CO",,,,,,,,,,,"99","Conejos","021",,,"8","9999",,,,"9999","4","Colorado","08",,,,,"0003334210","0000009462","Conejos County","A","+37206085","-106194112","06",2897,26,13,10,14,3475,0,10,11,997
"G0800230","1990","CO",,,,,,,,,,,"99","Costilla","023",,,"8","9999",,,,"9999","4","Colorado","08",,,,,"0003177868","0000008650","Costilla County","A","+37276261","-105427953","06",651,18,8,44,0,2028,0,0,8,433
"G0800250","1990","CO",,,,,,,,,,,"99","Crowley","025",,,"8","9999",,,,"9999","4","Colorado","08",,,,,"0002043630","0000029362","Crowley County","A","+38327049","-103785398","06",2691,214,76,28,0,761,17,19,0,140
"G0800270","1990","CO",,,,,,,,,,,"99","Custer","027",,,"8","9999",,,,"9999","4","Colorado","08",,,,,"0001913849","0000002632","Custer County","A","+38092794","-105360548","06",1853,0,31,5,2,25,0,5,0,5
"G0800290","1990","CO",,,,,,,,,,,"99","Delta","029",,,"8","9999",,,,"9999","4","Colorado","08",,,,,"0002958318","0000016575","Delta County","A","+38862219","-107861186","06",18948,44,113,36,24,1190,0,45,10,570
"G0800310","1990","CO",,,,,,,,,,,"34","Denver","031",,,"8","2082",,,,"2080","4","Colorado","08",,,,,"0000397000","0000004143","Denver County","B","+39768035","-104872655","06",287864,58401,3797,10053,941,49759,1918,1517,710,52650
"G0800330","1990","CO",,,,,,,,,,,"99","Dolores","033",,,"8","9999",,,,"9999","4","Colorado","08",,,,,"0002763569","0000002922","Dolores County","A","+37754722","-108521796","06",1445,0,39,0,0,10,0,1,2,7
"G0800350","1990","CO",,,,,,,,,,,"34","Douglas","035",,,"8","2082",,,,"2080","4","Colorado","08",,,,,"0002176034","0000006835","Douglas County","A","+39346424","-104930454","06",57065,447,292,657,14,1460,20,37,22,377
"G0800370","1990","CO",,,,,,,,,,,"99","Eagle","037",,,"8","9999",,,,"9999","4","Colorado","08",,,,,"0004371813","0000010171","Eagle County","A","+39624387","-106703546","06",18761,32,85,85,20,1308,3,9,0,1625
"G0800390","1990","CO",,,,,,,,,,,"99","Elbert","039",,,"8","9999",,,,"9999","4","Colorado","08",,,,,"0004793832","0000000289","Elbert County","A","+39282065","-104128464","06",9211,77,43,53,0,108,0,131,0,23
"G0800410","1990","CO",,,,,,,,,,,"99","El Paso","041",,,"8","1720",,,,"9999","4","Colorado","08",,,,,"0005508139","0000007815","El Paso County","A","+38837901","-104521087","06",323616,27445,3006,9177,338,18485,812,588,496,13051
"G0800430","1990","CO",,,,,,,,,,,"99","Fremont","043",,,"8","9999",,,,"9999","4","Colorado","08",,,,,"0003970562","0000002654","Fremont County","A","+38476215","-105437970","06",28340,839,251,73,8,2322,9,70,12,349
"G0800450","1990","CO",,,,,,,,,,,"99","Garfield","045",,,"8","9999",,,,"9999","4","Colorado","08",,,,,"0007634019","0000022238","Garfield County","A","+39603247","-107896925","06",27871,106,226,73,0,1182,18,30,13,455
"G0800470","1990","CO",,,,,,,,,,,"99","Gilpin","047",,,"8","9999",,,,"9999","4","Colorado","08",,,,,"0000388185","0000001000","Gilpin County","A","+39858816","-105519522","06",2927,13,22,26,0,73,0,0,0,9
"G0800490","1990","CO",,,,,,,,,,,"99","Grand","049",,,"8","9999",,,,"9999","4","Colorado","08",,,,,"0004790858","0000051655","Grand County","A","+40101500","-106118050","06",7695,15,16,21,0,91,0,0,0,128
"G0800510","1990","CO",,,,,,,,,,,"99","Gunnison","051",,,"8","9999",,,,"9999","4","Colorado","08",,,,,"0008389473","0000054215","Gunnison County","A","+38668937","-107013567","06",9776,76,34,93,0,215,12,18,0,49
"G0800530","1990","CO",,,,,,,,,,,"99","Hinsdale","053",,,"8","9999",,,,"9999","4","Colorado","08",,,,,"0002895008","0000014133","Hinsdale County","A","+37821179","-107279829","06",462,0,2,0,0,3,0,0,0,0
"G0800550","1990","CO",,,,,,,,,,,"99","Huerfano","055",,,"8","9999",,,,"9999","4","Colorado","08",,,,,"0004120302","0000006141","Huerfano County","A","+37686839","-104958585","06",3474,7,25,10,0,2161,3,49,0,280
"G0800570","1990","CO",,,,,,,,,,,"99","Jackson","057",,,"8","9999",,,,"9999","4","Colorado","08",,,,,"0004178477","0000020047","Jackson County","A","+40662438","-106338973","06",1502,0,45,1,0,12,0,0,0,45
"G0800590","1990","CO",,,,,,,,,,,"34","Jefferson","059",,,"8","2082",,,,"2080","4","Colorado","08",,,,,"0002000066","0000015472","Jefferson County","A","+39587467","-105246813","06",396741,2611,1869,7304,290,18733,110,418,309,10045
"G0800610","1990","CO",,,,,,,,,,,"99","Kiowa","061",,,"8","9999",,,,"9999","4","Colorado","08",,,,,"0004587152","0000038241","Kiowa County","A","+38433599","-102740735","06",1617,0,14,0,2,24,0,0,0,31
"G0800630","1990","CO",,,,,,,,,,,"99","Kit Carson","063",,,"8","9999",,,,"9999","4","Colorado","08",,,,,"0005597046","0000001789","Kit Carson County","A","+39305339","-102602452","06",6570,36,18,6,0,205,0,0,0,305
"G0800650","1990","CO",,,,,,,,,,,"99","Lake","065",,,"8","9999",,,,"9999","4","Colorado","08",,,,,"0000976220","0000018151","Lake County","A","+39189931","-106358091","06",4517,0,31,8,0,978,0,32,0,441
"G0800670","1990","CO",,,,,,,,,,,"99","La Plata","067",,,"8","9999",,,,"9999","4","Colorado","08",,,,,"0004382547","0000020053","La Plata County","A","+37285784","-107846076","06",27092,43,1359,179,19,1925,5,235,2,1425
"G0800690","1990","CO",,,,,,,,,,,"99","Larimer","069",,,"8","2670",,,,"9999","4","Colorado","08",,,,,"0006737717","0000084337","Larimer County","A","+40648764","-105456325","06",169598,964,831,2694,78,6685,94,269,43,4880
"G0800710","1990","CO",,,,,,,,,,,"99","Las Animas","071",,,"8","9999",,,,"9999","4","Colorado","08",,,,,"0012361967","0000007189","Las Animas County","A","+37320189","-104043298","06",7638,39,85,40,4,4388,0,101,0,1470
"G0800730","1990","CO",,,,,,,,,,,"99","Lincoln","073",,,"8","9999",,,,"9999","4","Colorado","08",,,,,"0006698422","0000000778","Lincoln County","A","+38978727","-103523258","06",4401,5,45,2,0,37,0,3,0,36
"G0800750","1990","CO",,,,,,,,,,,"99","Logan","075",,,"8","9999",,,,"9999","4","Colorado","08",,,,,"0004762034","0000016405","Logan County","A","+40729106","-103105037","06",16083,14,44,46,0,751,0,21,11,597
"G0800770","1990","CO",,,,,,,,,,,"99","Mesa","077",,,"8","9999",,,,"9999","4","Colorado","08",,,,,"0008619301","0000034605","Mesa County","A","+39021885","-108468152","06",84324,364,614,464,158,4107,6,120,7,2981
"G0800790","1990","CO",,,,,,,,,,,"99","Mineral","079",,,"8","9999",,,,"9999","4","Colorado","08",,,,,"0002268407","0000005144","Mineral County","A","+37692655","-106926879","06",551,0,2,0,0,2,0,0,0,3
"G0800810","1990","CO",,,,,,,,,,,"99","Moffat","081",,,"8","9999",,,,"9999","4","Colorado","08",,,,,"0012283130","0000022499","Moffat County","A","+40608316","-108202444","06",10478,7,160,20,0,478,0,3,0,211
"G0800830","1990","CO",,,,,,,,,,,"99","Montezuma","083",,,"8","9999",,,,"9999","4","Colorado","08",,,,,"0005275658","0000008145","Montezuma County","A","+37335739","-108595519","06",14831,6,2130,37,2,1056,0,63,2,545
"G0800850","1990","CO",,,,,,,,,,,"99","Montrose","085",,,"8","9999",,,,"9999","4","Colorado","08",,,,,"0005803533","0000005081","Montrose County","A","+38405803","-108269076","06",21521,36,75,77,6,1920,0,27,42,719
"G0800870","1990","CO",,,,,,,,,,,"99","Morgan","087",,,"8","9999",,,,"9999","4","Colorado","08",,,,,"0003329341","0000022031","Morgan County","A","+40263386","-103807282","06",17699,48,119,111,22,1591,0,62,4,2283
"G0800890","1990","CO",,,,,,,,,,,"99","Otero","089",,,"8","9999",,,,"9999","4","Colorado","08",,,,,"0003270978","0000017842","Otero County","A","+37895624","-103711148","06",12672,90,144,152,25,4027,8,77,21,2969
"G0800910","1990","CO",,,,,,,,,,,"99","Ouray","091",,,"8","9999",,,,"9999","4","Colorado","08",,,,,"0001403958","0000000500","Ouray County","A","+38156773","-107765790","06",2166,0,6,4,0,72,0,2,0,45
"G0800930","1990","CO",,,,,,,,,,,"99","Park","093",,,"8","9999",,,,"9999","4","Colorado","08",,,,,"0005700126","0000025891","Park County","A","+39116743","-105713562","06",6845,33,71,19,0,179,0,12,9,6
"G0800950","1990","CO",,,,,,,,,,,"99","Phillips","095",,,"8","9999",,,,"9999","4","Colorado","08",,,,,"0001781041","0000000303","Phillips County","A","+40593813","-102348564","06",4026,0,7,16,2,136,0,0,0,2
"G0800970","1990","CO",,,,,,,,,,,"99","Pitkin","097",,,"8","9999",,,,"9999","4","Colorado","08",,,,,"0002512791","0000007275","Pitkin County","A","+39220673","-106921365","06",11778,66,77,164,0,449,2,0,0,125
"G0800990","1990","CO",,,,,,,,,,,"99","Prowers","099",,,"8","9999",,,,"9999","4","Colorado","08",,,,,"0004248870","0000010281","Prowers County","A","+37955682","-102395291","06",10127,36,122,3,3,1269,2,30,0,1755
"G0801010","1990","CO",,,,,,,,,,,"99","Pueblo","101",,,"8","6560",,,,"9999","4","Colorado","08",,,,,"0006187013","0000023435","Pueblo County","A","+38152996","-104506384","06",75572,1933,688,746,145,28740,178,356,93,14600
"G0801030","1990","CO",,,,,,,,,,,"99","Rio Blanco","103",,,"8","9999",,,,"9999","4","Colorado","08",,,,,"0008342809","0000005026","Rio Blanco County","A","+39975262","-108199107","06",5676,0,16,26,0,152,0,0,0,102
"G0801050","1990","CO",,,,,,,,,,,"99","Rio Grande","105",,,"8","9999",,,,"9999","4","Colorado","08",,,,,"0002363618","0000001384","Rio Grande County","A","+37606496","-106388011","06",6345,2,62,0,0,3403,0,9,0,949
"G0801070","1990","CO",,,,,,,,,,,"99","Routt","107",,,"8","9999",,,,"9999","4","Colorado","08",,,,,"0006116970","0000016651","Routt County","A","+40484190","-106987384","06",13616,2,64,32,0,287,0,25,4,58
"G0801090","1990","CO",,,,,,,,,,,"99","Saguache","109",,,"8","9999",,,,"9999","4","Colorado","08",,,,,"0008206818","0000004675","Saguache County","A","+38079466","-106298793","06",2374,4,102,4,6,1329,0,26,3,771
"G0801110","1990","CO",,,,,,,,,,,"99","San Juan","111",,,"8","9999",,,,"9999","4","Colorado","08",,,,,"0001003501","0000002233","San Juan County","A","+37770293","-107667201","06",651,2,0,0,0,88,0,0,0,4
"G0801130","1990","CO",,,,,,,,,,,"99","San Miguel","113",,,"8","9999",,,,"9999","4","Colorado","08",,,,,"0003332147","0000005141","San Miguel County","A","+38013248","-108426142","06",3514,3,8,12,0,102,0,0,0,14
"G0801150","1990","CO",,,,,,,,,,,"99","Sedgwick","115",,,"8","9999",,,,"9999","4","Colorado","08",,,,,"0001420044","0000003530","Sedgwick County","A","+40877059","-102352967","06",2402,5,19,13,0,220,0,7,0,24
"G0801170","1990","CO",,,,,,,,,,,"99","Summit","117",,,"8","9999",,,,"9999","4","Colorado","08",,,,,"0001575263","0000028702","Summit County","A","+39618528","-106107845","06",12355,42,85,80,4,204,0,18,8,85
"G0801190","1990","CO",,,,,,,,,,,"99","Teller","119",,,"8","9999",,,,"9999","4","Colorado","08",,,,,"0001442874","0000004902","Teller County","A","+38881039","-105154213","06",12009,7,74,34,9,169,0,17,0,149
"G0801210","1990","CO",,,,,,,,,,,"99","Washington","121",,,"8","9999",,,,"9999","4","Colorado","08",,,,,"0006529788","0000008120","Washington County","A","+39975530","-103200802","06",4725,2,9,0,0,32,0,0,0,44
"G0801230","1990","CO",,,,,,,,,,,"99","Weld","123",,,"8","3060",,,,"9999","4","Colorado","08",,,,,"0010341289","0000075082","Weld County","A","+40544755","-104403026","06",101950,444,569,1296,106,15417,80,201,74,11684
"G0801250","1990","CO",,,,,,,,,,,"99","Yuma","125",,,"8","9999",,,,"9999","4","Colorado","08",,,,,"0006128327","0000007960","Yuma County","A","+40000314","-102422375","06",8708,0,27,16,0,113,0,2,0,88
"G0900010","1990","CT",,,,,,,,,,,"##","Fairfield","001",,,"1","####",,,,"####","1","Connecticut","09",,,,,"0001620958","0000546900","Fairfield County","N","+41220541","-073370258","06",663105,79298,850,16079,1243,38470,2481,207,389,25523
"G0900030","1990","CT",,,,,,,,,,,"##","Hartford","003",,,"1","####",,,,"####","1","Connecticut","09",,,,,"0001904942","0000039130","Hartford County","N","+41807057","-072730638","06",684870,82111,1526,12644,1040,27727,4446,201,351,36867
"G0900050","1990","CT",,,,,,,,,,,"##","Litchfield","005",,,"1","####",,,,"####","1","Connecticut","09",,,,,"0002382814","0000063780","Litchfield County","N","+41791442","-073248209","06",168946,1499,256,1460,68,1454,54,8,0,347
"G0900070","1990","CT",,,,,,,,,,,"##","Middlesex","007",,,"1","####",,,,"####","1","Connecticut","09",,,,,"0000956442","0000180752","Middlesex County","N","+41434712","-072525628","06",133010,5918,216,1370,44,1676,102,23,7,830
"G0900090","1990","CT",,,,,,,,,,,"##","New Haven","009",,,"1","####",,,,"####","1","Connecticut","09",,,,,"0001569001","0000663732","New Haven County","N","+41364185","-072905783","06",664859,79196,1347,9637,1199,23661,2465,103,194,21558
"G0900110","1990","CT",,,,,,,,,,,"##","New London","011",,,"1","####",,,,"####","1","Connecticut","09",,,,,"0001725144","0000273594","New London County","N","+41476511","-072120325","06",229956,11741,1370,3338,380,4055,517,60,136,3404
"G0900130","1990","CT",,,,,,,,,,,"##","Tolland","013",,,"1","####",,,,"####","1","Connecticut","09",,,,,"0001062118","0000018000","Tolland County","N","+41848002","-072336579","06",121358,2464,252,2508,111,1266,109,10,13,608
"G0900150","1990","CT",,,,,,,,,,,"99","Windham","015",,,"1","####",,,,"9999","1","Connecticut","09",,,,,"0001328152","0000022568","Windham County","N","+41832256","-071988188","06",96002,1117,336,836,45,2217,37,35,0,1900
"G1000010","1990","DE",,,,,,,,,,,"99","Kent","001",,,"5","9999",,,,"9999","3","Delaware","10",,,,,"0001529809","0000542552","Kent County","A","+39097086","-075503073","06",85829,20336,661,1267,46,1469,297,15,89,984
"G1000030","1990","DE",,,,,,,,,,,"77","New Castle","003",,,"5","6162",,,,"9160","3","Delaware","10",,,,,"0001104114","0000174130","New Castle County","A","+39580568","-075638048","06",351436,71643,693,6745,353,4312,888,57,58,5761
"G1000050","1990","DE",,,,,,,,,,,"99","Sussex","005",,,"5","9999",,,,"9999","3","Delaware","10",,,,,"0002428532","0000668338","Sussex County","A","+38683270","-075341817","06",91759,18847,773,603,26,529,114,0,8,570
"G1100010","1990","DC",,,,,,,,,,,"99","District Of Columbia","001",,,"5","8840",,,,"9999","3","District Of Columbia","11",,,,,"0000159055","0000017991","District of Columbia","F","+38905050","-077016167","14",166225,396397,1293,10730,897,13465,3354,266,503,13770
"G1200010","1990","FL",,,,,,,,,,,"99","Alachua","001",,,"5","2900",,,,"9999","3","Florida","12",,,,,"0002264434","0000245749","Alachua County","A","+29676032","-082358340","06",135820,34215,298,4447,138,5080,324,13,37,1224
"G1200030","1990","FL",,,,,,,,,,,"99","Baker","003",,,"5","9999",,,,"9999","3","Florida","12",,,,,"0001515797","0000009515","Baker County","A","+30323793","-082273806","06",15573,2637,62,44,0,55,69,0,2,44
"G1200050","1990","FL",,,,,,,,,,,"99","Bay","005",,,"5","6015",,,,"9999","3","Florida","12",,,,,"0001978094","0000698286","Bay County","A","+30236006","-085632422","06",108112,13240,980,2199,52,1675,132,38,60,506
"G1200070","1990","FL",,,,,,,,,,,"99","Bradford","007",,,"5","2900",,,,"9999","3","Florida","12",,,,,"0000759262","0000017895","Bradford County","A","+29949503","-082168177","06",17474,4563,95,67,7,260,25,8,0,16
"G1200090","1990","FL",,,,,,,,,,,"99","Brevard","009",,,"5","4900",,,,"9999","3","Florida","12",,,,,"0002637899","0001395373","Brevard County","A","+28299334","-080701041","06",349297,30842,1429,4955,176,9438,438,91,91,2221
"G1200110","1990","FL",,,,,,,,,,,"56","Broward","011",,,"5","4992",,,,"2680","3","Florida","12",,,,,"0003131031","0000287106","Broward County","A","+26146138","-080452893","06",942529,187608,2681,15929,1073,84936,5752,226,570,14184
"G1200130","1990","FL",,,,,,,,,,,"99","Calhoun","013",,,"5","9999",,,,"9999","3","Florida","12",,,,,"0001469535","0000018114","Calhoun County","A","+30410180","-085197404","06",8991,1664,117,26,0,163,0,15,0,35
"G1200150","1990","FL",,,,,,,,,,,"99","Charlotte","015",,,"5","9999",,,,"9999","3","Florida","12",,,,,"0001796610","0000428934","Charlotte County","A","+26898308","-081954072","06",103515,3919,267,882,4,1806,245,23,35,279
"G1200170","1990","FL",,,,,,,,,,,"99","Citrus","017",,,"5","9999",,,,"9999","3","Florida","12",,,,,"0001511530","0000491149","Citrus County","A","+28849240","-082516378","06",88852,2002,639,520,37,1291,18,0,0,156
"G1200190","1990","FL",,,,,,,,,,,"99","Clay","019",,,"5","3600",,,,"9999","3","Florida","12",,,,,"0001556962","0000110298","Clay County","A","+29976759","-081857936","06",95612,5343,380,1615,18,2127,112,41,214,524
"G1200210","1990","FL",,,,,,,,,,,"99","Collier","021",,,"5","5345",,,,"9999","3","Florida","12",,,,,"0005245928","0000724256","Collier County","A","+26082939","-081400686","06",125148,5827,458,509,6,14007,1129,99,28,4888
"G1200230","1990","FL",,,,,,,,,,,"99","Columbia","023",,,"5","9999",,,,"9999","3","Florida","12",,,,,"0002064645","0000010250","Columbia County","A","+30225177","-082625028","06",34011,7709,140,253,0,289,6,0,0,205
"G1200250","1990","FL",,,,,,,,,,,"56","Dade","025",,,"5","4992",,,,"5000","3","Florida","12",,,,,"0005036666","0001256492","Dade County","A","+25606400","-080502124","06",588063,371691,2115,23163,2362,827283,26733,774,1610,93300
"G1200270","1990","FL",,,,,,,,,,,"99","Desoto","027",,,"5","9999",,,,"9999","3","Florida","12",,,,,"0001650678","0000005758","DeSoto County","A","+27190624","-081806155","06",17886,3715,107,169,60,1238,43,3,0,644
"G1200290","1990","FL",,,,,,,,,,,"99","Dixie","029",,,"5","9999",,,,"9999","3","Florida","12",,,,,"0001823511","0000413509","Dixie County","A","+29585858","-083193638","06",9561,919,23,2,0,61,0,9,0,10
"G1200310","1990","FL",,,,,,,,,,,"99","Duval","031",,,"5","3600",,,,"9999","3","Florida","12",,,,,"0002004272","0000374085","Duval County","B","+30334150","-081648509","06",479437,162933,2243,11697,233,9982,1073,136,799,4438
"G1200330","1990","FL",,,,,,,,,,,"99","Escambia","033",,,"5","6080",,,,"9999","3","Florida","12",,,,,"0001718833","0000596462","Escambia County","A","+30607280","-087332598","06",198407,52339,2562,4624,44,2902,313,81,172,1354
"G1200350","1990","FL",,,,,,,,,,,"99","Flagler","035",,,"5","9999",,,,"9999","3","Florida","12",,,,,"0001256204","0000222133","Flagler County","A","+29469979","-081296926","06",24788,2215,108,301,9,965,46,0,24,245
"G1200370","1990","FL",,,,,,,,,,,"99","Franklin","037",,,"5","9999",,,,"9999","3","Florida","12",,,,,"0001383016","0001275486","Franklin County","A","+29801578","-084816733","06",7702,1128,40,2,0,75,0,0,0,20
"G1200390","1990","FL",,,,,,,,,,,"99","Gadsden","039",,,"5","8240",,,,"9999","3","Florida","12",,,,,"0001336850","0000032000","Gadsden County","A","+30581582","-084612367","06",16407,23809,66,70,0,292,68,2,0,391
"G1200410","1990","FL",,,,,,,,,,,"99","Gilchrist","041",,,"5","9999",,,,"9999","3","Florida","12",,,,,"0000903551","0000017169","Gilchrist County","A","+29734195","-082802705","06",8678,799,34,3,0,120,20,0,0,13
"G1200430","1990","FL",,,,,,,,,,,"99","Glades","043",,,"5","9999",,,,"9999","3","Florida","12",,,,,"0002003374","0000550849","Glades County","A","+26954363","-081186194","06",5725,924,429,15,0,247,8,3,13,227
"G1200450","1990","FL",,,,,,,,,,,"99","Gulf","045",,,"5","9999",,,,"9999","3","Florida","12",,,,,"0001463498","0000493961","Gulf County","A","+29900149","-085242231","06",9260,2157,54,0,0,25,0,0,0,8
"G1200470","1990","FL",,,,,,,,,,,"99","Hamilton","047",,,"5","9999",,,,"9999","3","Florida","12",,,,,"0001333540","0000011582","Hamilton County","A","+30491675","-082948911","06",6377,4230,22,38,0,116,28,0,2,117
"G1200490","1990","FL",,,,,,,,,,,"99","Hardee","049",,,"5","9999",,,,"9999","3","Florida","12",,,,,"0001650755","0000002654","Hardee County","A","+27493625","-081809276","06",13870,1014,69,27,36,2471,99,0,0,1913
"G1200510","1990","FL",,,,,,,,,,,"99","Hendry","051",,,"5","9999",,,,"9999","3","Florida","12",,,,,"0002985493","0000096326","Hendry County","A","+26553696","-081173157","06",15178,4264,554,89,25,3372,67,44,14,2166
"G1200530","1990","FL",,,,,,,,,,,"99","Hernando","053",,,"5","8280",,,,"9999","3","Florida","12",,,,,"0001238788","0000287046","Hernando County","A","+28553015","-082468232","06",93677,3807,476,370,19,2283,24,0,29,430
"G1200550","1990","FL",,,,,,,,,,,"99","Highlands","055",,,"5","9999",,,,"9999","3","Florida","12",,,,,"0002663763","0000201704","Highlands County","A","+27340557","-081342583","06",57770,6554,352,330,10,2044,128,0,29,1215
"G1200570","1990","FL",,,,,,,,,,,"99","Hillsborough","057",,,"5","8280",,,,"9999","3","Florida","12",,,,,"0002722149","0000557726","Hillsborough County","A","+27906325","-082346095","06",608319,106923,2566,10709,318,82771,2925,225,345,18953
"G1200590","1990","FL",,,,,,,,,,,"99","Holmes","059",,,"5","9999",,,,"9999","3","Florida","12",,,,,"0001249792","0000016077","Holmes County","A","+30867450","-085812332","06",14546,752,252,13,0,154,12,0,0,49
"G1200610","1990","FL",,,,,,,,,,,"99","Indian River","061",,,"5","9999",,,,"9999","3","Florida","12",,,,,"0001303415","0000294544","Indian River County","A","+27697840","-080578968","06",78923,7586,228,718,13,2046,145,2,21,526
"G1200630","1990","FL",,,,,,,,,,,"99","Jackson","063",,,"5","9999",,,,"9999","3","Florida","12",,,,,"0002371860","0000100737","Jackson County","A","+30797108","-085212767","06",29418,10676,209,125,0,634,146,16,0,151
"G1200650","1990","FL",,,,,,,,,,,"99","Jefferson","065",,,"5","9999",,,,"9999","3","Florida","12",,,,,"0001548270","0000100725","Jefferson County","A","+30420936","-083896458","06",6210,4848,37,24,0,113,5,0,0,59
"G1200670","1990","FL",,,,,,,,,,,"99","Lafayette","067",,,"5","9999",,,,"9999","3","Florida","12",,,,,"0001405927","0000013286","Lafayette County","A","+29988319","-083179529","06",4547,785,11,3,0,82,0,0,0,150
"G1200690","1990","FL",,,,,,,,,,,"99","Lake","069",,,"5","9999",,,,"9999","3","Florida","12",,,,,"0002468542","0000526818","Lake County","A","+28765579","-081717405","06",133207,13735,470,536,2,2486,332,0,11,1325
"G1200710","1990","FL",,,,,,,,,,,"99","Lee","071",,,"5","2700",,,,"9999","3","Florida","12",,,,,"0002081333","0001057758","Lee County","A","+26577579","-081921462","06",296163,21416,939,1571,175,9860,597,54,60,4278
"G1200730","1990","FL",,,,,,,,,,,"99","Leon","073",,,"5","8240",,,,"9999","3","Florida","12",,,,,"0001727000","0000090738","Leon County","A","+30456900","-084279084","06",138207,46127,476,2630,29,3490,421,20,36,1057
"G1200750","1990","FL",,,,,,,,,,,"99","Levy","075",,,"5","9999",,,,"9999","3","Florida","12",,,,,"0002896765","0000761367","Levy County","A","+29277485","-082789848","06",22088,3198,89,106,4,355,5,21,22,35
"G1200770","1990","FL",,,,,,,,,,,"99","Liberty","077",,,"5","9999",,,,"9999","3","Florida","12",,,,,"0002165059","0000018891","Liberty County","A","+30232796","-084886906","06",4538,928,28,0,0,30,20,0,0,25
"G1200790","1990","FL",,,,,,,,,,,"99","Madison","079",,,"5","9999",,,,"9999","3","Florida","12",,,,,"0001792169","0000061994","Madison County","A","+30451966","-083467226","06",9490,6885,51,0,0,49,42,9,0,43
"G1200810","1990","FL",,,,,,,,,,,"99","Manatee","081",,,"5","1140",,,,"9999","3","Florida","12",,,,,"0001919712","0000392741","Manatee County","A","+27481355","-082359737","06",184270,16158,656,1287,60,5993,325,103,27,2828
"G1200830","1990","FL",,,,,,,,,,,"99","Marion","083",,,"5","5790",,,,"9999","3","Florida","12",,,,,"0004089586","0000217849","Marion County","A","+29211533","-082059049","06",162763,24526,843,912,84,4007,360,27,76,1235
"G1200850","1990","FL",,,,,,,,,,,"99","Martin","085",,,"5","2710",,,,"9999","3","Florida","12",,,,,"0001439195","0000510701","Martin County","A","+27079690","-080396904","06",89689,5974,191,551,25,2358,85,4,0,2023
"G1200870","1990","FL",,,,,,,,,,,"99","Monroe","087",,,"5","9999",,,,"9999","3","Florida","12",,,,,"0002582917","0007097012","Monroe County","A","+25117067","-081150319","06",63527,4068,304,779,39,7913,243,31,30,1090
"G1200890","1990","FL",,,,,,,,,,,"99","Nassau","089",,,"5","3600",,,,"9999","3","Florida","12",,,,,"0001687684","0000192375","Nassau County","A","+30610692","-081767656","06",38815,4511,108,164,0,308,0,0,0,35
"G1200910","1990","FL",,,,,,,,,,,"99","Okaloosa","091",,,"5","2750",,,,"9999","3","Florida","12",,,,,"0002423687","0000378929","Okaloosa County","A","+30668312","-086593016","06",122435,12826,834,3483,40,2778,144,10,169,1057
"G1200930","1990","FL",,,,,,,,,,,"99","Okeechobee","093",,,"5","9999",,,,"9999","3","Florida","12",,,,,"0002005522","0000304716","Okeechobee County","A","+27385038","-080889832","06",23943,1848,171,89,54,1129,0,0,0,2393
"G1200950","1990","FL",,,,,,,,,,,"99","Orange","095",,,"5","5960",,,,"9999","3","Florida","12",,,,,"0002350754","0000250409","Orange County","A","+28513955","-081322127","06",497567,100443,2172,13574,648,41363,2450,42,425,18807
"G1200970","1990","FL",,,,,,,,,,,"99","Osceola","097",,,"5","5960",,,,"9999","3","Florida","12",,,,,"0003424037","0000477768","Osceola County","A","+28058084","-081146851","06",87390,5659,334,1488,44,8859,264,17,86,3587
"G1200990","1990","FL",,,,,,,,,,,"99","Palm Beach","099",,,"5","8960",,,,"9999","3","Florida","12",,,,,"0005268925","0000912180","Palm Beach County","A","+26641412","-080437015","06",684945,103047,1301,8697,500,48144,3866,186,419,12413
"G1201010","1990","FL",,,,,,,,,,,"99","Pasco","101",,,"5","8280",,,,"9999","3","Florida","12",,,,,"0001929533","0000318641","Pasco County","A","+28300958","-082438570","06",264540,5234,1071,1195,13,6113,118,43,109,2695
"G1201030","1990","FL",,,,,,,,,,,"99","Pinellas","103",,,"5","8280",,,,"9999","3","Florida","12",,,,,"0000725604","0000848474","Pinellas County","A","+27902616","-082738949","06",755763,64660,2214,9837,221,15271,396,157,266,2874
"G1201050","1990","FL",,,,,,,,,,,"99","Polk","105",,,"5","3980",,,,"9999","3","Florida","12",,,,,"0004856063","0000350330","Polk County","A","+27959784","-081700070","06",332891,53622,1419,2215,43,9425,696,98,95,4878
"G1201070","1990","FL",,,,,,,,,,,"99","Putnam","107",,,"5","9999",,,,"9999","3","Florida","12",,,,,"0001870428","0000272077","Putnam County","A","+29605267","-081740382","06",51147,12018,148,258,4,863,59,9,0,564
"G1201090","1990","FL",,,,,,,,,,,"99","St Johns","109",,,"5","3600",,,,"9999","3","Florida","12",,,,,"0001577425","0000550185","St. Johns County","A","+29907781","-081406762","06",73796,6993,274,349,0,1883,61,0,35,438
"G1201110","1990","FL",,,,,,,,,,,"99","St Lucie","111",,,"5","2710",,,,"9999","3","Florida","12",,,,,"0001482752","0000299507","St. Lucie County","A","+27378077","-080444473","06",119491,24252,308,704,68,3418,282,18,45,1585
"G1201130","1990","FL",,,,,,,,,,,"99","Santa Rosa","113",,,"5","6080",,,,"9999","3","Florida","12",,,,,"0002630972","0000361281","Santa Rosa County","A","+30696031","-087016380","06",75286,3211,787,897,21,1024,85,4,91,202
"G1201150","1990","FL",,,,,,,,,,,"99","Sarasota","115",,,"5","7510",,,,"9999","3","Florida","12",,,,,"0001480842","0000397610","Sarasota County","A","+27194506","-082369354","06",258188,11672,626,1327,53,4767,230,23,49,841
"G1201170","1990","FL",,,,,,,,,,,"99","Seminole","117",,,"5","5960",,,,"9999","3","Florida","12",,,,,"0000798295","0000094984","Seminole County","A","+28708658","-081227100","06",239515,23353,1112,4593,198,13954,627,27,166,3984
"G1201190","1990","FL",,,,,,,,,,,"99","Sumter","119",,,"5","9999",,,,"9999","3","Florida","12",,,,,"0001413303","0000089812","Sumter County","A","+28708136","-082079177","06",25340,5105,288,29,4,642,22,13,0,134
"G1201210","1990","FL",,,,,,,,,,,"99","Suwannee","121",,,"5","9999",,,,"9999","3","Florida","12",,,,,"0001781094","0000011028","Suwannee County","A","+30186710","-082993463","06",22150,3923,127,74,0,238,42,0,0,226
"G1201230","1990","FL",,,,,,,,,,,"99","Taylor","123",,,"5","9999",,,,"9999","3","Florida","12",,,,,"0002698645","0000492359","Taylor County","A","+30018776","-083615892","06",13696,3045,165,125,0,80,0,0,0,0
"G1201250","1990","FL",,,,,,,,,,,"99","Union","125",,,"5","9999",,,,"9999","3","Florida","12",,,,,"0000622373","0000024408","Union County","A","+30042652","-082374033","06",7541,2335,41,46,0,202,44,0,0,43
"G1201270","1990","FL",,,,,,,,,,,"99","Volusia","127",,,"5","2020",,,,"9999","3","Florida","12",,,,,"0002864221","0000845977","Volusia County","A","+29067589","-081138499","06",319621,33005,1144,2159,115,9161,438,74,88,4907
"G1201290","1990","FL",,,,,,,,,,,"99","Wakulla","129",,,"5","9999",,,,"9999","3","Florida","12",,,,,"0001571339","0000334337","Wakulla County","A","+30152673","-084381252","06",12029,1837,198,49,0,69,0,7,0,13
"G1201310","1990","FL",,,,,,,,,,,"99","Walton","131",,,"5","9999",,,,"9999","3","Florida","12",,,,,"0002739369","0000467383","Walton County","A","+30614519","-086170814","06",25038,1817,500,47,5,320,9,0,7,17
"G1201330","1990","FL",,,,,,,,,,,"99","Washington","133",,,"5","9999",,,,"9999","3","Florida","12",,,,,"0001501888","0000093125","Washington County","A","+30613161","-085670694","06",13944,2476,281,84,0,47,18,0,0,69
"G1300010","1990","GA",,,,,,,,,,,"99","Appling","001",,,"5","9999",,,,"9999","3","Georgia","13",,,,,"0001317727","0000008739","Appling County","A","+31753389","-082285580","06",12368,3269,55,0,0,10,0,0,0,42
"G1300030","1990","GA",,,,,,,,,,,"99","Atkinson","003",,,"5","9999",,,,"9999","3","Georgia","13",,,,,"0000875686","0000015590","Atkinson County","A","+31294857","-082874736","06",4438,1669,0,2,0,5,0,0,0,99
"G1300050","1990","GA",,,,,,,,,,,"99","Bacon","005",,,"5","9999",,,,"9999","3","Georgia","13",,,,,"0000738084","0000002510","Bacon County","A","+31556775","-082451152","06",7984,1475,11,5,0,53,0,23,0,15
"G1300070","1990","GA",,,,,,,,,,,"99","Baker","007",,,"5","9999",,,,"9999","3","Georgia","13",,,,,"0000889006","0000015408","Baker County","A","+31330837","-084454013","06",1746,1858,0,0,0,1,10,0,0,0
"G1300090","1990","GA",,,,,,,,,,,"99","Baldwin","009",,,"5","9999",,,,"9999","3","Georgia","13",,,,,"0000669494","0000023374","Baldwin County","A","+33071932","-083250851","06",22148,16757,44,256,8,281,0,0,19,17
"G1300110","1990","GA",,,,,,,,,,,"99","Banks","011",,,"5","9999",,,,"9999","3","Georgia","13",,,,,"0000605245","0000000518","Banks County","A","+34352696","-083500539","06",9798,360,17,20,0,48,0,0,0,65
"G1300130","1990","GA",,,,,,,,,,,"99","Barrow","013",,,"5","0520",,,,"9999","3","Georgia","13",,,,,"0000420150","0000001630","Barrow County","A","+33993471","-083711811","06",25813,3379,74,139,27,178,22,0,0,89
"G1300150","1990","GA",,,,,,,,,,,"99","Bartow","015",,,"5","9999",,,,"9999","3","Georgia","13",,,,,"0001191071","0000027682","Bartow County","A","+34238402","-084839182","06",50051,5148,211,160,0,188,0,0,7,146
"G1300170","1990","GA",,,,,,,,,,,"99","Ben Hill","017",,,"5","9999",,,,"9999","3","Georgia","13",,,,,"0000652254","0000005713","Ben Hill County","A","+31759395","-083219755","06",11018,5064,38,20,0,80,25,0,0,0
"G1300190","1990","GA",,,,,,,,,,,"99","Berrien","019",,,"5","9999",,,,"9999","3","Georgia","13",,,,,"0001171931","0000013786","Berrien County","A","+31274242","-083231790","06",12266,1623,20,16,0,199,21,0,0,8
"G1300210","1990","GA",,,,,,,,,,,"99","Bibb","021",,,"5","4680",,,,"9999","3","Georgia","13",,,,,"0000647503","0000013390","Bibb County","A","+32804510","-083699153","06",86056,62429,177,676,85,316,83,0,18,127
"G1300230","1990","GA",,,,,,,,,,,"99","Bleckley","023",,,"5","9999",,,,"9999","3","Georgia","13",,,,,"0000563102","0000004481","Bleckley County","A","+32435521","-083331211","06",8010,2332,10,44,0,34,0,0,0,0
"G1300250","1990","GA",,,,,,,,,,,"99","Brantley","025",,,"5","9999",,,,"9999","3","Georgia","13",,,,,"0001151070","0000007809","Brantley County","A","+31197017","-081983226","06",10418,507,106,13,0,33,0,0,0,0
"G1300270","1990","GA",,,,,,,,,,,"99","Brooks","027",,,"5","9999",,,,"9999","3","Georgia","13",,,,,"0001278746","0000010575","Brooks County","A","+30846525","-083577257","06",8689,6386,105,26,0,102,0,0,0,90
"G1300290","1990","GA",,,,,,,,,,,"99","Bryan","029",,,"5","9999",,,,"9999","3","Georgia","13",,,,,"0001144142","0000033113","Bryan County","A","+32020373","-081437630","06",12960,2293,2,41,0,135,0,0,0,7
"G1300310","1990","GA",,,,,,,,,,,"99","Bulloch","031",,,"5","9999",,,,"9999","3","Georgia","13",,,,,"0001767921","0000016371","Bulloch County","A","+32390705","-081743912","06",31351,11191,80,271,20,129,0,0,6,77
"G1300330","1990","GA",,,,,,,,,,,"99","Burke","033",,,"5","9999",,,,"9999","3","Georgia","13",,,,,"0002151144","0000011639","Burke County","A","+33058372","-081999393","06",9702,10741,26,5,2,45,0,0,0,58
"G1300350","1990","GA",,,,,,,,,,,"99","Butts","035",,,"5","0520",,,,"9999","3","Georgia","13",,,,,"0000483337","0000008813","Butts County","A","+33288338","-083957134","06",9793,5423,35,5,0,26,14,0,9,21
"G1300370","1990","GA",,,,,,,,,,,"99","Calhoun","037",,,"5","9999",,,,"9999","3","Georgia","13",,,,,"0000725691","0000008819","Calhoun County","A","+31527925","-084618910","06",2058,2950,2,1,0,0,2,0,0,0
"G1300390","1990","GA",,,,,,,,,,,"99","Camden","039",,,"5","9999",,,,"9999","3","Georgia","13",,,,,"0001631564","0000395130","Camden County","A","+30918946","-081637831","06",22845,6057,124,347,0,404,34,45,60,251
"G1300430","1990","GA",,,,,,,,,,,"99","Candler","043",,,"5","9999",,,,"9999","3","Georgia","13",,,,,"0000639722","0000004804","Candler County","A","+32401337","-082074981","06",5198,2396,0,18,0,111,0,0,0,21
"G1300450","1990","GA",,,,,,,,,,,"99","Carroll","045",,,"5","9999",,,,"9999","3","Georgia","13",,,,,"0001293113","0000011892","Carroll County","A","+33582760","-085079029","06",59805,11003,102,96,0,212,36,0,0,168
"G1300470","1990","GA",,,,,,,,,,,"99","Catoosa","047",,,"5","1560",,,,"9999","3","Georgia","13",,,,,"0000420184","0000001139","Catoosa County","A","+34902216","-085136429","06",41621,388,115,153,0,148,0,0,0,39
"G1300490","1990","GA",,,,,,,,,,,"99","Charlton","049",,,"5","9999",,,,"9999","3","Georgia","13",,,,,"0002022306","0000005695","Charlton County","A","+30778898","-082139931","06",6048,2298,79,8,0,41,0,13,0,9
"G1300510","1990","GA",,,,,,,,,,,"99","Chatham","051",,,"5","7520",,,,"9999","3","Georgia","13",,,,,"0001140600","0000533363","Chatham County","A","+31968396","-081085242","06",129217,81999,582,2354,117,1430,478,22,104,632
"G1300530","1990","GA",,,,,,,,,,,"99","Chattahoochee","053",,,"5","1800",,,,"9999","3","Georgia","13",,,,,"0000644381","0000006202","Chattahoochee County","A","+32347545","-084787802","06",9416,5132,88,473,109,675,108,0,20,913
"G1300550","1990","GA",,,,,,,,,,,"99","Chattooga","055",,,"5","9999",,,,"9999","3","Georgia","13",,,,,"0000812620","0000000567","Chattooga County","A","+34476634","-085345765","06",20195,1916,66,11,0,10,0,0,12,32
"G1300570","1990","GA",,,,,,,,,,,"99","Cherokee","057",,,"5","0520",,,,"9999","3","Georgia","13",,,,,"0001097512","0000026622","Cherokee County","A","+34244526","-084474300","06",86779,1591,376,333,15,685,8,0,7,410
"G1300590","1990","GA",,,,,,,,,,,"99","Clarke","059",,,"5","0500",,,,"9999","3","Georgia","13",,,,,"0000312951","0000001193","Clarke County","A","+33951967","-083366020","06",60902,22874,91,2032,83,1092,101,26,83,310
"G1300610","1990","GA",,,,,,,,,,,"99","Clay","061",,,"5","9999",,,,"9999","3","Georgia","13",,,,,"0000505623","0000056430","Clay County","A","+31621085","-084992951","06",1299,2044,5,6,0,6,0,0,0,4
"G1300630","1990","GA",,,,,,,,,,,"99","Clayton","063",,,"5","0520",,,,"9999","3","Georgia","13",,,,,"0000369455","0000004257","Clayton County","A","+33542550","-084357031","06",130128,43030,442,4760,68,1908,343,56,112,1205
"G1300650","1990","GA",,,,,,,,,,,"99","Clinch","065",,,"5","9999",,,,"9999","3","Georgia","13",,,,,"0002096222","0000038552","Clinch County","A","+30917580","-082702842","06",4420,1681,10,0,0,49,0,0,0,0
"G1300670","1990","GA",,,,,,,,,,,"99","Cobb","067",,,"5","0520",,,,"9999","3","Georgia","13",,,,,"0000881170","0000011179","Cobb County","A","+33941761","-084577005","06",386323,43755,944,7443,285,6088,287,48,41,2531
"G1300690","1990","GA",,,,,,,,,,,"99","Coffee","069",,,"5","9999",,,,"9999","3","Georgia","13",,,,,"0001551734","0000009185","Coffee County","A","+31546929","-082851471","06",21457,7530,30,114,8,123,3,0,0,327
"G1300710","1990","GA",,,,,,,,,,,"99","Colquitt","071",,,"5","9999",,,,"9999","3","Georgia","13",,,,,"0001430489","0000011083","Colquitt County","A","+31186498","-083768332","06",26264,8791,83,56,5,795,62,8,4,577
"G1300730","1990","GA",,,,,,,,,,,"99","Columbia","073",,,"5","0600",,,,"9999","3","Georgia","13",,,,,"0000751190","0000046009","Columbia County","A","+33548579","-082261233","06",56243,7203,102,1541,0,762,11,0,80,89
"G1300750","1990","GA",,,,,,,,,,,"99","Cook","075",,,"5","9999",,,,"9999","3","Georgia","13",,,,,"0000593392","0000010691","Cook County","A","+31154784","-083430769","06",9119,4029,67,0,0,238,0,0,0,3
"G1300770","1990","GA",,,,,,,,,,,"99","Coweta","077",,,"5","0520",,,,"9999","3","Georgia","13",,,,,"0001147522","0000007643","Coweta County","A","+33352613","-084762598","06",41312,12157,48,129,0,170,8,0,0,29
"G1300790","1990","GA",,,,,,,,,,,"99","Crawford","079",,,"5","9999",,,,"9999","3","Georgia","13",,,,,"0000842109","0000003479","Crawford County","A","+32709817","-083979679","06",6070,2731,73,0,0,18,26,0,0,73
"G1300810","1990","GA",,,,,,,,,,,"99","Crisp","081",,,"5","9999",,,,"9999","3","Georgia","13",,,,,"0000709234","0000019111","Crisp County","A","+31925397","-083771586","06",11778,8120,37,44,5,11,16,0,0,0
"G1300830","1990","GA",,,,,,,,,,,"99","Dade","083",,,"5","1560",,,,"9999","3","Georgia","13",,,,,"0000450460","0000000470","Dade County","A","+34854620","-085504714","06",12975,46,35,23,0,52,0,0,0,16
"G1300850","1990","GA",,,,,,,,,,,"99","Dawson","085",,,"5","9999",,,,"9999","3","Georgia","13",,,,,"0000546614","0000007512","Dawson County","A","+34440009","-084171192","06",9253,27,115,0,0,34,0,0,0,0
"G1300870","1990","GA",,,,,,,,,,,"99","Decatur","087",,,"5","9999",,,,"9999","3","Georgia","13",,,,,"0001545804","0000068285","Decatur County","A","+30878764","-084579633","06",15031,9929,92,39,1,232,141,0,4,42
"G1300890","1990","GA",,,,,,,,,,,"99","DeKalb","089",,,"5","0520",,,,"9999","3","Georgia","13",,,,,"0000694875","0000006870","DeKalb County","A","+33770950","-084227007","06",284668,229538,951,15728,461,7753,994,58,242,5444
"G1300910","1990","GA",,,,,,,,,,,"99","Dodge","091",,,"5","9999",,,,"9999","3","Georgia","13",,,,,"0001296675","0000006607","Dodge County","A","+32173280","-083166242","06",12654,4826,12,0,0,62,40,0,0,13
"G1300930","1990","GA",,,,,,,,,,,"99","Dooly","093",,,"5","9999",,,,"9999","3","Georgia","13",,,,,"0001017784","0000010841","Dooly County","A","+32160916","-083798374","06",4975,4833,5,39,0,14,17,0,7,11
"G1300950","1990","GA",,,,,,,,,,,"99","Dougherty","095",,,"5","0120",,,,"9999","3","Georgia","13",,,,,"0000853907","0000012888","Dougherty County","A","+31538320","-084215784","06",46666,48106,255,450,19,325,194,38,21,237
"G1300970","1990","GA",,,,,,,,,,,"99","Douglas","097",,,"5","0520",,,,"9999","3","Georgia","13",,,,,"0000516223","0000002480","Douglas County","A","+33700300","-084767287","06",64182,5411,295,392,24,613,12,0,6,185
"G1300990","1990","GA",,,,,,,,,,,"99","Early","099",,,"5","9999",,,,"9999","3","Georgia","13",,,,,"0001324192","0000013039","Early County","A","+31330419","-084909200","06",6558,5147,44,9,0,16,80,0,0,0
"G1301010","1990","GA",,,,,,,,,,,"99","Echols","101",,,"5","9999",,,,"9999","3","Georgia","13",,,,,"0001046763","0000043181","Echols County","A","+30716702","-082898962","06",1989,268,39,4,0,19,0,0,0,15
"G1301030","1990","GA",,,,,,,,,,,"99","Effingham","103",,,"5","7520",,,,"9999","3","Georgia","13",,,,,"0001241873","0000008805","Effingham County","A","+32370383","-081343480","06",21815,3605,98,39,20,104,0,0,4,2
"G1301050","1990","GA",,,,,,,,,,,"99","Elbert","105",,,"5","9999",,,,"9999","3","Georgia","13",,,,,"0000955171","0000014976","Elbert County","A","+34114998","-082839768","06",12968,5649,19,115,6,136,33,0,9,14
"G1301070","1990","GA",,,,,,,,,,,"99","Emanuel","107",,,"5","9999",,,,"9999","3","Georgia","13",,,,,"0001776645","0000011485","Emanuel County","A","+32586937","-082304173","06",13682,6661,31,97,0,36,32,0,0,7
"G1301090","1990","GA",,,,,,,,,,,"99","Evans","109",,,"5","9999",,,,"9999","3","Georgia","13",,,,,"0000479210","0000004857","Evans County","A","+32158071","-081890873","06",5672,2943,2,7,0,22,13,0,0,65
"G1301110","1990","GA",,,,,,,,,,,"99","Fannin","111",,,"5","9999",,,,"9999","3","Georgia","13",,,,,"0000999141","0000014736","Fannin County","A","+34864145","-084319284","06",15932,5,16,18,0,16,0,0,0,5
"G1301130","1990","GA",,,,,,,,,,,"99","Fayette","113",,,"5","0520",,,,"9999","3","Georgia","13",,,,,"0000511252","0000004850","Fayette County","A","+33414957","-084492885","06",57109,3171,52,1169,11,512,30,0,0,361
"G1301150","1990","GA",,,,,,,,,,,"99","Floyd","115",,,"5","9999",,,,"9999","3","Georgia","13",,,,,"0001329404","0000013505","Floyd County","A","+34263300","-085215026","06",69122,10966,127,360,32,379,55,0,0,210
"G1301170","1990","GA",,,,,,,,,,,"99","Forsyth","117",,,"5","0520",,,,"9999","3","Georgia","13",,,,,"0000584844","0000055880","Forsyth County","A","+34223775","-084126721","06",43481,0,190,40,0,138,0,0,0,234
"G1301190","1990","GA",,,,,,,,,,,"99","Franklin","119",,,"5","9999",,,,"9999","3","Georgia","13",,,,,"0000681993","0000007927","Franklin County","A","+34373292","-083227670","06",14856,1647,77,51,0,15,0,0,0,4
"G1301210","1990","GA",,,,,,,,,,,"99","Fulton","121",,,"5","0520",,,,"9999","3","Georgia","13",,,,,"0001369315","0000015277","Fulton County","A","+33789400","-084467156","06",303579,322773,984,7976,219,6588,1211,62,156,5403
"G1301230","1990","GA",,,,,,,,,,,"99","Gilmer","123",,,"5","9999",,,,"9999","3","Georgia","13",,,,,"0001105195","0000013300","Gilmer County","A","+34688240","-084457861","06",13153,35,60,0,0,93,0,0,0,27
"G1301250","1990","GA",,,,,,,,,,,"99","Glascock","125",,,"5","9999",,,,"9999","3","Georgia","13",,,,,"0000373483","0000000669","Glascock County","A","+33231080","-082606939","06",2052,299,1,0,0,5,0,0,0,0
"G1301270","1990","GA",,,,,,,,,,,"99","Glynn","127",,,"5","9999",,,,"9999","3","Georgia","13",,,,,"0001094026","0000415514","Glynn County","A","+31216954","-081494234","06",45708,15964,104,222,8,371,16,6,0,97
"G1301290","1990","GA",,,,,,,,,,,"99","Gordon","129",,,"5","9999",,,,"9999","3","Georgia","13",,,,,"0000919843","0000006418","Gordon County","A","+34504226","-084871583","06",33443,1299,53,102,4,54,25,0,0,92
"G1301310","1990","GA",,,,,,,,,,,"99","Grady","131",,,"5","9999",,,,"9999","3","Georgia","13",,,,,"0001186622","0000005737","Grady County","A","+30875070","-084232937","06",13575,6288,112,18,0,103,100,0,0,83
"G1301330","1990","GA",,,,,,,,,,,"99","Greene","133",,,"5","9999",,,,"9999","3","Georgia","13",,,,,"0001005872","0000046384","Greene County","A","+33581246","-083167565","06",5829,5847,31,0,0,40,37,0,0,9
"G1301350","1990","GA",,,,,,,,,,,"99","Gwinnett","135",,,"5","0520",,,,"9999","3","Georgia","13",,,,,"0001121113","0000010044","Gwinnett County","A","+33958950","-084025104","06",316060,17929,872,9803,170,5340,120,33,79,2504
"G1301370","1990","GA",,,,,,,,,,,"99","Habersham","137",,,"5","9999",,,,"9999","3","Georgia","13",,,,,"0000720550","0000002607","Habersham County","A","+34630446","-083529331","06",25174,1489,67,577,8,129,7,6,0,164
"G1301390","1990","GA",,,,,,,,,,,"99","Hall","139",,,"5","9999",,,,"9999","3","Georgia","13",,,,,"0001019588","0000092054","Hall County","A","+34315842","-083820888","06",82539,8077,226,542,10,906,20,2,2,3104
"G1301410","1990","GA",,,,,,,,,,,"99","Hancock","141",,,"5","9999",,,,"9999","3","Georgia","13",,,,,"0001225921","0000014175","Hancock County","A","+33269582","-083000842","06",1802,7094,12,0,0,0,0,0,0,0
"G1301430","1990","GA",,,,,,,,,,,"99","Haralson","143",,,"5","9999",,,,"9999","3","Georgia","13",,,,,"0000730813","0000002653","Haralson County","A","+33791007","-085209002","06",20386,1421,36,28,0,66,0,0,12,17
"G1301450","1990","GA",,,,,,,,,,,"99","Harris","145",,,"5","9999",,,,"9999","3","Georgia","13",,,,,"0001201115","0000023878","Harris County","A","+32740744","-084906073","06",13093,4534,65,29,0,31,1,0,0,35
"G1301470","1990","GA",,,,,,,,,,,"99","Hart","147",,,"5","9999",,,,"9999","3","Georgia","13",,,,,"0000601466","0000062696","Hart County","A","+34353352","-082959161","06",15590,4024,11,20,0,37,0,12,0,18
"G1301490","1990","GA",,,,,,,,,,,"99","Heard","149",,,"5","9999",,,,"9999","3","Georgia","13",,,,,"0000766787","0000013087","Heard County","A","+33299664","-085129214","06",7420,1151,2,44,0,8,3,0,0,0
"G1301510","1990","GA",,,,,,,,,,,"99","Henry","151",,,"5","0520",,,,"9999","3","Georgia","13",,,,,"0000835767","0000004675","Henry County","A","+33456100","-084155399","06",51790,6017,106,385,0,283,0,8,0,152
"G1301530","1990","GA",,,,,,,,,,,"99","Houston","153",,,"5","4680",,,,"9999","3","Georgia","13",,,,,"0000975888","0000007966","Houston County","A","+32458332","-083668346","06",67266,19420,264,945,12,921,31,15,30,304
"G1301550","1990","GA",,,,,,,,,,,"99","Irwin","155",,,"5","9999",,,,"9999","3","Georgia","13",,,,,"0000924202","0000015329","Irwin County","A","+31602342","-083274287","06",5983,2638,8,20,0,0,0,0,0,0
"G1301570","1990","GA",,,,,,,,,,,"99","Jackson","157",,,"5","0500",,,,"9999","3","Georgia","13",,,,,"0000886796","0000001621","Jackson County","A","+34133324","-083562739","06",26868,2871,84,67,12,81,4,0,2,16
"G1301590","1990","GA",,,,,,,,,,,"99","Jasper","159",,,"5","9999",,,,"9999","3","Georgia","13",,,,,"0000959507","0000008126","Jasper County","A","+33316303","-083687344","06",5387,2942,32,8,0,49,0,0,0,35
"G1301610","1990","GA",,,,,,,,,,,"99","Jeff Davis","161",,,"5","9999",,,,"9999","3","Georgia","13",,,,,"0000863547","0000005282","Jeff Davis County","A","+31801589","-082635986","06",10089,1848,6,0,0,47,0,0,0,42
"G1301630","1990","GA",,,,,,,,,,,"99","Jefferson","163",,,"5","9999",,,,"9999","3","Georgia","13",,,,,"0001366719","0000004954","Jefferson County","A","+33053978","-082415300","06",7650,9723,1,9,0,6,12,0,0,7
"G1301650","1990","GA",,,,,,,,,,,"99","Jenkins","165",,,"5","9999",,,,"9999","3","Georgia","13",,,,,"0000906096","0000006831","Jenkins County","A","+32788661","-081960423","06",4798,3423,5,9,0,0,0,0,0,12
"G1301670","1990","GA",,,,,,,,,,,"99","Johnson","167",,,"5","9999",,,,"9999","3","Georgia","13",,,,,"0000788466","0000005483","Johnson County","A","+32702215","-082656169","06",5450,2805,0,32,0,24,18,0,0,0
"G1301690","1990","GA",,,,,,,,,,,"99","Jones","169",,,"5","4680",,,,"9999","3","Georgia","13",,,,,"0001019874","0000004234","Jones County","A","+33026479","-083566095","06",15331,5310,42,39,0,13,0,0,0,4
"G1301710","1990","GA",,,,,,,,,,,"99","Lamar","171",,,"5","9999",,,,"9999","3","Georgia","13",,,,,"0000478733","0000002509","Lamar County","A","+33072999","-084135219","06",8535,4437,24,7,0,33,0,0,0,2
"G1301730","1990","GA",,,,,,,,,,,"99","Lanier","173",,,"5","9999",,,,"9999","3","Georgia","13",,,,,"0000483862","0000033722","Lanier County","A","+31037052","-083063272","06",4015,1465,10,0,0,27,5,9,0,0
"G1301750","1990","GA",,,,,,,,,,,"99","Laurens","175",,,"5","9999",,,,"9999","3","Georgia","13",,,,,"0002104712","0000015358","Laurens County","A","+32462848","-082929510","06",26417,13251,24,172,0,51,73,0,0,0
"G1301770","1990","GA",,,,,,,,,,,"99","Lee","177",,,"5","0120",,,,"9999","3","Georgia","13",,,,,"0000921523","0000016146","Lee County","A","+31776588","-084137311","06",12892,3111,52,3,0,140,12,0,0,40
"G1301790","1990","GA",,,,,,,,,,,"99","Liberty","179",,,"5","9999",,,,"9999","3","Georgia","13",,,,,"0001344510","0000216167","Liberty County","A","+31800000","-081461920","06",27902,20386,257,1156,114,1023,266,17,22,1602
"G1301810","1990","GA",,,,,,,,,,,"99","Lincoln","181",,,"5","9999",,,,"9999","3","Georgia","13",,,,,"0000546787","0000119655","Lincoln County","A","+33792692","-082452133","06",4600,2809,0,0,0,0,33,0,0,0
"G1301830","1990","GA",,,,,,,,,,,"99","Long","183",,,"5","9999",,,,"9999","3","Georgia","13",,,,,"0001038685","0000006453","Long County","A","+31758810","-081747016","06",4613,1347,17,43,4,74,2,0,6,96
"G1301850","1990","GA",,,,,,,,,,,"99","Lowndes","185",,,"5","9999",,,,"9999","3","Georgia","13",,,,,"0001306045","0000016573","Lowndes County","A","+30834683","-083267821","06",50029,24168,339,565,8,530,57,19,26,240
"G1301870","1990","GA",,,,,,,,,,,"99","Lumpkin","187",,,"5","9999",,,,"9999","3","Georgia","13",,,,,"0000736825","0000001031","Lumpkin County","A","+34574497","-084002249","06",13900,206,303,75,0,71,0,0,0,18
"G1301890","1990","GA",,,,,,,,,,,"99","McDuffie","189",,,"5","0600",,,,"9999","3","Georgia","13",,,,,"0000672873","0000016900","McDuffie County","A","+33477725","-082481896","06",12677,7299,51,17,0,38,20,0,0,17
"G1301910","1990","GA",,,,,,,,,,,"99","McIntosh","191",,,"5","9999",,,,"9999","3","Georgia","13",,,,,"0001122675","0000365903","McIntosh County","A","+31479990","-081372387","06",4862,3722,0,0,0,30,20,0,0,0
"G1301930","1990","GA",,,,,,,,,,,"99","Macon","193",,,"5","9999",,,,"9999","3","Georgia","13",,,,,"0001044606","0000006905","Macon County","A","+32354068","-084037633","06",5252,7680,28,42,33,7,20,0,2,50
"G1301950","1990","GA",,,,,,,,,,,"99","Madison","195",,,"5","0500",,,,"9999","3","Georgia","13",,,,,"0000736713","0000002999","Madison County","A","+34128469","-083209780","06",19111,1743,21,77,0,43,9,0,0,46
"G1301970","1990","GA",,,,,,,,,,,"99","Marion","197",,,"5","9999",,,,"9999","3","Georgia","13",,,,,"0000950669","0000001229","Marion County","A","+32352715","-084526148","06",3203,2301,59,0,0,18,9,0,0,0
"G1301990","1990","GA",,,,,,,,,,,"99","Meriwether","199",,,"5","9999",,,,"9999","3","Georgia","13",,,,,"0001303688","0000005270","Meriwether County","A","+33043407","-084685011","06",12298,9995,0,31,6,60,4,0,1,16
"G1302010","1990","GA",,,,,,,,,,,"99","Miller","201",,,"5","9999",,,,"9999","3","Georgia","13",,,,,"0000733131","0000001748","Miller County","A","+31164500","-084729419","06",4511,1724,22,0,0,21,2,0,0,0
"G1302050","1990","GA",,,,,,,,,,,"99","Mitchell","205",,,"5","9999",,,,"9999","3","Georgia","13",,,,,"0001326151","0000004705","Mitchell County","A","+31223831","-084194640","06",10383,9694,5,11,0,40,20,17,0,105
"G1302070","1990","GA",,,,,,,,,,,"99","Monroe","207",,,"5","9999",,,,"9999","3","Georgia","13",,,,,"0001024771","0000005612","Monroe County","A","+33012811","-083913119","06",11506,5439,46,14,0,82,0,0,12,14
"G1302090","1990","GA",,,,,,,,,,,"99","Montgomery","209",,,"5","9999",,,,"9999","3","Georgia","13",,,,,"0000635452","0000005153","Montgomery County","A","+32167566","-082529808","06",4982,2018,6,14,0,27,7,3,0,106
"G1302110","1990","GA",,,,,,,,,,,"99","Morgan","211",,,"5","9999",,,,"9999","3","Georgia","13",,,,,"0000905621","0000012843","Morgan County","A","+33592845","-083493073","06",8278,4475,14,33,0,66,0,0,0,17
"G1302130","1990","GA",,,,,,,,,,,"99","Murray","213",,,"5","9999",,,,"9999","3","Georgia","13",,,,,"0000892109","0000006371","Murray County","A","+34781931","-084748226","06",25807,67,26,43,0,150,0,7,0,47
"G1302150","1990","GA",,,,,,,,,,,"99","Muscogee","215",,,"5","1800",,,,"9999","3","Georgia","13",,,,,"0000560244","0000012198","Muscogee County","N","+32510710","-084874972","06",103580,67541,538,2282,105,2187,496,25,183,2341
"G1302170","1990","GA",,,,,,,,,,,"99","Newton","217",,,"5","0520",,,,"9999","3","Georgia","13",,,,,"0000716000","0000007142","Newton County","A","+33553175","-083844381","06",32139,9328,23,78,5,136,17,0,0,82
"G1302190","1990","GA",,,,,,,,,,,"99","Oconee","219",,,"5","0500",,,,"9999","3","Georgia","13",,,,,"0000481140","0000000997","Oconee County","A","+33837330","-083437276","06",16102,1284,71,27,0,117,15,0,0,2
"G1302210","1990","GA",,,,,,,,,,,"99","Oglethorpe","221",,,"5","9999",,,,"9999","3","Georgia","13",,,,,"0001142566","0000002743","Oglethorpe County","A","+33880977","-083082008","06",7278,2412,31,5,0,26,3,0,0,8
"G1302230","1990","GA",,,,,,,,,,,"99","Paulding","223",,,"5","0520",,,,"9999","3","Georgia","13",,,,,"0000812123","0000003954","Paulding County","A","+33922531","-084865844","06",39446,1638,183,124,2,177,0,0,0,41
"G1302250","1990","GA",,,,,,,,,,,"99","Peach","225",,,"5","4680",,,,"9999","3","Georgia","13",,,,,"0000391316","0000001001","Peach County","A","+32563716","-083827738","06",10710,10015,76,97,0,42,56,0,0,193
"G1302270","1990","GA",,,,,,,,,,,"99","Pickens","227",,,"5","9999",,,,"9999","3","Georgia","13",,,,,"0000601263","0000001682","Pickens County","A","+34464521","-084464975","06",14130,209,43,10,0,16,4,6,0,14
"G1302290","1990","GA",,,,,,,,,,,"99","Pierce","229",,,"5","9999",,,,"9999","3","Georgia","13",,,,,"0000888427","0000001668","Pierce County","A","+31356236","-082215188","06",11665,1558,16,0,0,29,0,0,0,60
"G1302310","1990","GA",,,,,,,,,,,"99","Pike","231",,,"5","9999",,,,"9999","3","Georgia","13",,,,,"0000565750","0000002634","Pike County","A","+33090904","-084386390","06",8110,2027,36,24,0,5,22,0,0,0
"G1302330","1990","GA",,,,,,,,,,,"99","Polk","233",,,"5","9999",,,,"9999","3","Georgia","13",,,,,"0000805924","0000002575","Polk County","A","+33999159","-085182021","06",28410,4763,40,49,0,152,72,0,0,329
"G1302350","1990","GA",,,,,,,,,,,"99","Pulaski","235",,,"5","9999",,,,"9999","3","Georgia","13",,,,,"0000640765","0000006387","Pulaski County","A","+32237077","-083473603","06",5301,2612,7,24,0,23,20,0,0,121
"G1302370","1990","GA",,,,,,,,,,,"99","Putnam","237",,,"5","9999",,,,"9999","3","Georgia","13",,,,,"0000892256","0000041848","Putnam County","A","+33320571","-083373019","06",9223,4636,6,151,0,12,0,0,0,109
"G1302390","1990","GA",,,,,,,,,,,"99","Quitman","239",,,"5","9999",,,,"9999","3","Georgia","13",,,,,"0000392527","0000024290","Quitman County","A","+31858975","-085011921","06",1093,1103,10,3,0,0,0,0,0,0
"G1302410","1990","GA",,,,,,,,,,,"99","Rabun","241",,,"5","9999",,,,"9999","3","Georgia","13",,,,,"0000961071","0000015385","Rabun County","A","+34881290","-083401430","06",11500,41,47,8,0,26,0,0,0,26
"G1302430","1990","GA",,,,,,,,,,,"99","Randolph","243",,,"5","9999",,,,"9999","3","Georgia","13",,,,,"0001111836","0000004256","Randolph County","A","+31762757","-084758027","06",3304,4663,10,42,0,0,4,0,0,0
"G1302450","1990","GA",,,,,,,,,,,"99","Richmond","245",,,"5","0600",,,,"9999","3","Georgia","13",,,,,"0000839334","0000011479","Richmond County","A","+33359384","-082074001","06",102661,79315,598,3331,154,1655,300,53,120,1532
"G1302470","1990","GA",,,,,,,,,,,"99","Rockdale","247",,,"5","0520",,,,"9999","3","Georgia","13",,,,,"0000338501","0000003715","Rockdale County","A","+33650167","-084026565","06",48586,4344,188,450,24,327,0,0,0,172
"G1302490","1990","GA",,,,,,,,,,,"99","Schley","249",,,"5","9999",,,,"9999","3","Georgia","13",,,,,"0000434133","0000000548","Schley County","A","+32262828","-084320463","06",2321,1223,7,0,0,5,0,0,0,32
"G1302510","1990","GA",,,,,,,,,,,"99","Screven","251",,,"5","9999",,,,"9999","3","Georgia","13",,,,,"0001679729","0000018426","Screven County","A","+32748714","-081614410","06",7581,6184,0,58,0,10,2,0,7,0
"G1302530","1990","GA",,,,,,,,,,,"99","Seminole","253",,,"5","9999",,,,"9999","3","Georgia","13",,,,,"0000616574","0000047981","Seminole County","A","+30933148","-084867046","06",5535,2922,0,2,0,503,28,0,20,0
"G1302550","1990","GA",,,,,,,,,,,"99","Spalding","255",,,"5","0520",,,,"9999","3","Georgia","13",,,,,"0000512752","0000004250","Spalding County","A","+33262043","-084284937","06",38076,15824,97,194,0,183,14,0,0,69
"G1302570","1990","GA",,,,,,,,,,,"99","Stephens","257",,,"5","9999",,,,"9999","3","Georgia","13",,,,,"0000464301","0000012870","Stephens County","A","+34555807","-083293956","06",20209,2739,27,77,0,114,7,0,0,84
"G1302590","1990","GA",,,,,,,,,,,"99","Stewart","259",,,"5","9999",,,,"9999","3","Georgia","13",,,,,"0001188141","0000011711","Stewart County","A","+32078127","-084837038","06",2045,3588,11,0,0,5,0,0,0,5
"G1302610","1990","GA",,,,,,,,,,,"99","Sumter","261",,,"5","9999",,,,"9999","3","Georgia","13",,,,,"0001256972","0000018813","Sumter County","A","+32042343","-084196432","06",15741,13997,99,178,0,98,67,0,0,48
"G1302630","1990","GA",,,,,,,,,,,"99","Talbot","263",,,"5","9999",,,,"9999","3","Georgia","13",,,,,"0001018505","0000003953","Talbot County","A","+32707564","-084528309","06",2400,4063,9,0,0,46,4,0,0,2
"G1302650","1990","GA",,,,,,,,,,,"99","Taliaferro","265",,,"5","9999",,,,"9999","3","Georgia","13",,,,,"0000506095","0000000195","Taliaferro County","A","+33566813","-082883238","06",732,1167,0,8,0,0,8,0,0,0
"G1302670","1990","GA",,,,,,,,,,,"99","Tattnall","267",,,"5","9999",,,,"9999","3","Georgia","13",,,,,"0001252909","0000011716","Tattnall County","A","+32042662","-082060640","06",12077,5128,23,22,15,44,45,0,0,368
"G1302690","1990","GA",,,,,,,,,,,"99","Taylor","269",,,"5","9999",,,,"9999","3","Georgia","13",,,,,"0000977667","0000005614","Taylor County","A","+32554326","-084251439","06",4313,3299,2,5,0,9,3,0,2,9
"G1302710","1990","GA",,,,,,,,,,,"99","Telfair","271",,,"5","9999",,,,"9999","3","Georgia","13",,,,,"0001142631","0000007643","Telfair County","A","+31934755","-082940983","06",7195,3788,3,0,0,0,2,0,0,12
"G1302730","1990","GA",,,,,,,,,,,"99","Terrell","273",,,"5","9999",,,,"9999","3","Georgia","13",,,,,"0000868881","0000005629","Terrell County","A","+31775549","-084435892","06",4242,6381,8,0,0,17,0,0,0,5
"G1302750","1990","GA",,,,,,,,,,,"99","Thomas","275",,,"5","9999",,,,"9999","3","Georgia","13",,,,,"0001420455","0000009553","Thomas County","A","+30864817","-083918530","06",23776,14767,69,24,10,132,21,0,0,187
"G1302770","1990","GA",,,,,,,,,,,"99","Tift","277",,,"5","9999",,,,"9999","3","Georgia","13",,,,,"0000686706","0000009698","Tift County","A","+31456643","-083526087","06",24401,9250,48,149,0,537,86,0,13,514
"G1302790","1990","GA",,,,,,,,,,,"99","Toombs","279",,,"5","9999",,,,"9999","3","Georgia","13",,,,,"0000949837","0000005029","Toombs County","A","+32123112","-082335415","06",17563,5627,66,94,0,153,0,0,0,569
"G1302810","1990","GA",,,,,,,,,,,"99","Towns","281",,,"5","9999",,,,"9999","3","Georgia","13",,,,,"0000431285","0000013849","Towns County","A","+34918638","-083739078","06",6705,0,20,11,0,18,0,0,0,0
"G1302830","1990","GA",,,,,,,,,,,"99","Treutlen","283",,,"5","9999",,,,"9999","3","Georgia","13",,,,,"0000519881","0000003862","Treutlen County","A","+32404611","-082565099","06",3997,1984,8,0,0,5,0,0,0,0
"G1302850","1990","GA",,,,,,,,,,,"99","Troup","285",,,"5","9999",,,,"9999","3","Georgia","13",,,,,"0001072128","0000082991","Troup County","A","+33033309","-085028191","06",38272,16680,80,276,0,134,0,0,0,94
"G1302870","1990","GA",,,,,,,,,,,"99","Turner","287",,,"5","9999",,,,"9999","3","Georgia","13",,,,,"0000740955","0000009811","Turner County","A","+31716228","-083627404","06",5116,3539,0,36,0,12,0,0,0,0
"G1302890","1990","GA",,,,,,,,,,,"99","Twiggs","289",,,"5","9999",,,,"9999","3","Georgia","13",,,,,"0000933374","0000006604","Twiggs County","A","+32665980","-083426091","06",5279,4498,14,4,0,5,6,0,0,0
"G1302910","1990","GA",,,,,,,,,,,"99","Union","291",,,"5","9999",,,,"9999","3","Georgia","13",,,,,"0000835841","0000016771","Union County","A","+34834358","-083990883","06",11908,12,33,19,0,21,0,0,0,0
"G1302930","1990","GA",,,,,,,,,,,"99","Upson","293",,,"5","9999",,,,"9999","3","Georgia","13",,,,,"0000843119","0000005547","Upson County","A","+32879285","-084298271","06",18832,7305,10,75,0,52,0,0,0,26
"G1302950","1990","GA",,,,,,,,,,,"99","Walker","295",,,"5","1560",,,,"9999","3","Georgia","13",,,,,"0001155886","0000001166","Walker County","A","+34730899","-085296304","06",55701,2161,143,149,2,124,14,0,7,39
"G1302970","1990","GA",,,,,,,,,,,"99","Walton","297",,,"5","0520",,,,"9999","3","Georgia","13",,,,,"0000852766","0000002108","Walton County","A","+33783113","-083737677","06",30991,7081,51,165,14,226,8,0,0,50
"G1302990","1990","GA",,,,,,,,,,,"99","Ware","299",,,"5","9999",,,,"9999","3","Georgia","13",,,,,"0002337731","0000010406","Ware County","A","+31051560","-082422077","06",25964,9156,81,135,0,60,23,8,0,44
"G1303010","1990","GA",,,,,,,,,,,"99","Warren","301",,,"5","9999",,,,"9999","3","Georgia","13",,,,,"0000739555","0000003152","Warren County","A","+33408204","-082676369","06",2406,3661,0,11,0,0,0,0,0,0
"G1303030","1990","GA",,,,,,,,,,,"99","Washington","303",,,"5","9999",,,,"9999","3","Georgia","13",,,,,"0001762414","0000010250","Washington County","A","+32967748","-082794869","06",9186,9884,0,3,4,8,27,0,0,0
"G1303050","1990","GA",,,,,,,,,,,"99","Wayne","305",,,"5","9999",,,,"9999","3","Georgia","13",,,,,"0001669887","0000010644","Wayne County","A","+31547579","-081913264","06",17772,4338,25,27,0,169,11,0,0,14
"G1303070","1990","GA",,,,,,,,,,,"99","Webster","307",,,"5","9999",,,,"9999","3","Georgia","13",,,,,"0000542735","0000001868","Webster County","A","+32048522","-084550458","06",1127,1136,0,0,0,0,0,0,0,0
"G1303090","1990","GA",,,,,,,,,,,"99","Wheeler","309",,,"5","9999",,,,"9999","3","Georgia","13",,,,,"0000771125","0000006277","Wheeler County","A","+32122256","-082716767","06",3370,1474,0,0,0,55,0,0,0,4
"G1303110","1990","GA",,,,,,,,,,,"99","White","311",,,"5","9999",,,,"9999","3","Georgia","13",,,,,"0000625792","0000001443","White County","A","+34645367","-083752519","06",12555,337,30,26,0,36,0,0,6,16
"G1303130","1990","GA",,,,,,,,,,,"99","Whitfield","313",,,"5","9999",,,,"9999","3","Georgia","13",,,,,"0000751131","0000001717","Whitfield County","A","+34804965","-084966155","06",66983,2901,204,266,0,727,43,9,0,1329
"G1303150","1990","GA",,,,,,,,,,,"99","Wilcox","315",,,"5","9999",,,,"9999","3","Georgia","13",,,,,"0000985191","0000007613","Wilcox County","A","+31970336","-083435742","06",4759,2226,12,6,0,5,0,0,0,0
"G1303170","1990","GA",,,,,,,,,,,"99","Wilkes","317",,,"5","9999",,,,"9999","3","Georgia","13",,,,,"0001220945","0000006789","Wilkes County","A","+33786638","-082744356","06",5604,4855,47,36,0,8,13,0,21,13
"G1303190","1990","GA",,,,,,,,,,,"99","Wilkinson","319",,,"5","9999",,,,"9999","3","Georgia","13",,,,,"0001156674","0000014087","Wilkinson County","A","+32798534","-083167590","06",5909,4295,5,3,7,3,0,0,0,6
"G1303210","1990","GA",,,,,,,,,,,"99","Worth","321",,,"5","9999",,,,"9999","3","Georgia","13",,,,,"0001475832","0000012406","Worth County","A","+31552686","-083848158","06",13396,6064,51,13,0,140,0,3,0,78
"G1500010","1990","HI",,,,,,,,,,,"99","Hawaii","001",,,"9","9999",,,,"9999","4","Hawaii","15",,,,,"0010433102","0002742145","Hawaii County","A","+19597484","-155498504","06",44510,284,652,63599,411,3393,74,171,5253,1970
"G1500030","1990","HI",,,,,,,,,,,"99","Honolulu","003",,,"9","3320",,,,"9999","4","Hawaii","15",,,,,"0001554472","0003954410","Honolulu County","A","+23573339","-164701172","06",249686,24609,3225,501902,2129,15081,1102,729,25508,12260
"G1500050","1990","HI",,,,,,,,,,,"99","Kalawao","005",,,"9","9999",,,,"9999","4","Hawaii","15",,,,,"0000034200","0000101327","Kalawao County","N","+21225926","-156947946","06",54,0,0,48,0,14,0,0,14,0
"G1500070","1990","HI",,,,,,,,,,,"99","Kauai","007",,,"9","9999",,,,"9999","4","Hawaii","15",,,,,"0001612226","0001667884","Kauai County","A","+22012655","-159704880","06",16212,135,141,28999,165,1514,8,74,2964,965
"G1500090","1990","HI",,,,,,,,,,,"99","Maui","009",,,"9","9999",,,,"9999","4","Hawaii","15",,,,,"0003002478","0003210587","Maui County","A","+20868006","-156621990","06",37342,447,556,54158,223,2464,10,48,3946,1180
"G1600010","1990","ID",,,,,,,,,,,"99","Ada","001",,,"8","1080",,,,"9999","4","Idaho","16",,,,,"0002732563","0000013825","Ada County","A","+43448193","-116243102","06",195742,1107,1403,2273,34,3512,54,194,113,1343
"G1600030","1990","ID",,,,,,,,,,,"99","Adams","003",,,"8","9999",,,,"9999","4","Idaho","16",,,,,"0003534537","0000014038","Adams County","A","+44895846","-116454682","06",3160,0,59,0,0,28,0,0,0,7
"G1600050","1990","ID",,,,,,,,,,,"99","Bannock","005",,,"8","9999",,,,"9999","4","Idaho","16",,,,,"0002883240","0000088773","Bannock County","A","+42667571","-112221908","06",60792,351,1433,842,20,1124,7,155,0,1302
"G1600070","1990","ID",,,,,,,,,,,"99","Bear Lake","007",,,"8","9999",,,,"9999","4","Idaho","16",,,,,"0002516008","0000202174","Bear Lake County","A","+42290235","-111333251","06",5931,0,1,2,0,59,0,20,0,71
"G1600090","1990","ID",,,,,,,,,,,"99","Benewah","009",,,"8","9999",,,,"9999","4","Idaho","16",,,,,"0002009927","0000020662","Benewah County","A","+47222154","-116655416","06",7194,0,594,25,0,82,0,24,0,18
"G1600110","1990","ID",,,,,,,,,,,"99","Bingham","011",,,"8","9999",,,,"9999","4","Idaho","16",,,,,"0005425628","0000066043","Bingham County","A","+43216479","-112398441","06",31361,62,2433,267,66,1037,11,204,4,2138
"G1600130","1990","ID",,,,,,,,,,,"99","Blaine","013",,,"8","9999",,,,"9999","4","Idaho","16",,,,,"0006850288","0000042060","Blaine County","A","+43394276","-113978437","06",13009,8,48,140,0,224,0,10,0,113
"G1600150","1990","ID",,,,,,,,,,,"99","Boise","015",,,"8","9999",,,,"9999","4","Idaho","16",,,,,"0004927497","0000011146","Boise County","A","+44006324","-115739227","06",3406,0,30,5,0,64,0,0,0,4
"G1600170","1990","ID",,,,,,,,,,,"99","Bonner","017",,,"8","9999",,,,"9999","4","Idaho","16",,,,,"0004500411","0000471382","Bonner County","A","+48294716","-116597520","06",25806,29,304,42,2,289,0,25,8,117
"G1600190","1990","ID",,,,,,,,,,,"99","Bonneville","019",,,"8","9999",,,,"9999","4","Idaho","16",,,,,"0004839634","0000083278","Bonneville County","A","+43379542","-111601604","06",67548,337,391,887,56,1525,11,45,40,1367
"G1600210","1990","ID",,,,,,,,,,,"99","Boundary","021",,,"8","9999",,,,"9999","4","Idaho","16",,,,,"0003286201","0000024350","Boundary County","A","+48792729","-116448862","06",7783,12,193,29,5,133,0,3,2,172
"G1600230","1990","ID",,,,,,,,,,,"99","Butte","023",,,"8","9999",,,,"9999","4","Idaho","16",,,,,"0005783256","0000001917","Butte County","A","+43724766","-113173931","06",2798,0,21,2,0,53,0,2,0,42
"G1600250","1990","ID",,,,,,,,,,,"99","Camas","025",,,"8","9999",,,,"9999","4","Idaho","16",,,,,"0002784253","0000010525","Camas County","A","+43468963","-114811001","06",719,0,2,2,0,2,0,0,0,2
"G1600270","1990","ID",,,,,,,,,,,"99","Canyon","027",,,"8","9999",,,,"9999","4","Idaho","16",,,,,"0001527480","0000035636","Canyon County","A","+43625747","-116707038","06",76470,106,583,890,72,4013,35,111,67,7729
"G1600290","1990","ID",,,,,,,,,,,"99","Caribou","029",,,"8","9999",,,,"9999","4","Idaho","16",,,,,"0004574236","0000084471","Caribou County","A","+42759073","-111550804","06",6780,0,14,46,1,54,0,0,0,68
"G1600310","1990","ID",,,,,,,,,,,"99","Cassia","031",,,"8","9999",,,,"9999","4","Idaho","16",,,,,"0006647475","0000035901","Cassia County","A","+42271510","-113610880","06",16670,4,183,78,19,893,0,28,5,1652
"G1600330","1990","ID",,,,,,,,,,,"99","Clark","033",,,"8","9999",,,,"9999","4","Idaho","16",,,,,"0004570574","0000001503","Clark County","A","+44284644","-112375614","06",681,0,6,0,0,0,0,0,0,75
"G1600350","1990","ID",,,,,,,,,,,"99","Clearwater","035",,,"8","9999",,,,"9999","4","Idaho","16",,,,,"0006375431","0000069155","Clearwater County","A","+46668015","-115657640","06",8123,1,206,13,0,114,0,6,2,40
"G1600370","1990","ID",,,,,,,,,,,"99","Custer","037",,,"8","9999",,,,"9999","4","Idaho","16",,,,,"0012757295","0000029325","Custer County","A","+44231748","-114293962","06",4000,6,48,11,0,49,0,0,8,11
"G1600390","1990","ID",,,,,,,,,,,"99","Elmore","039",,,"8","9999",,,,"9999","4","Idaho","16",,,,,"0007971421","0000059358","Elmore County","A","+43342700","-115465496","06",18277,810,145,441,26,641,3,23,4,835
"G1600410","1990","ID",,,,,,,,,,,"99","Franklin","041",,,"8","9999",,,,"9999","4","Idaho","16",,,,,"0001723578","0000007571","Franklin County","A","+42182774","-111810342","06",8941,0,34,11,2,143,0,9,0,92
"G1600430","1990","ID",,,,,,,,,,,"99","Fremont","043",,,"8","9999",,,,"9999","4","Idaho","16",,,,,"0004835087","0000074689","Fremont County","A","+44217247","-111484468","06",10133,0,112,9,2,210,0,2,2,467
"G1600450","1990","ID",,,,,,,,,,,"99","Gem","045",,,"8","9999",,,,"9999","4","Idaho","16",,,,,"0001457136","0000008211","Gem County","A","+44060884","-116405397","06",11000,0,159,28,0,359,0,26,0,272
"G1600470","1990","ID",,,,,,,,,,,"99","Gooding","047",,,"8","9999",,,,"9999","4","Idaho","16",,,,,"0001892879","0000007884","Gooding County","A","+42965324","-114800036","06",10632,0,41,20,0,306,0,9,0,625
"G1600490","1990","ID",,,,,,,,,,,"99","Idaho","049",,,"8","9999",,,,"9999","4","Idaho","16",,,,,"0021976641","0000045561","Idaho County","A","+45846914","-115459268","06",13300,0,318,17,4,111,0,0,0,33
"G1600510","1990","ID",,,,,,,,,,,"99","Jefferson","051",,,"8","9999",,,,"9999","4","Idaho","16",,,,,"0002836426","0000027138","Jefferson County","A","+43821504","-112305477","06",15326,0,180,54,17,268,4,26,1,667
"G1600530","1990","ID",,,,,,,,,,,"99","Jerome","053",,,"8","9999",,,,"9999","4","Idaho","16",,,,,"0001553693","0000005262","Jerome County","A","+42691745","-114262930","06",14092,3,78,21,0,250,0,37,0,657
"G1600550","1990","ID",,,,,,,,,,,"99","Kootenai","055",,,"8","9999",,,,"9999","4","Idaho","16",,,,,"0003225077","0000182780","Kootenai County","A","+47677138","-116696797","06",67608,127,781,283,7,763,12,49,5,160
"G1600570","1990","ID",,,,,,,,,,,"99","Latah","057",,,"8","9999",,,,"9999","4","Idaho","16",,,,,"0002788659","0000000616","Latah County","A","+46816363","-116705859","06",29232,185,211,580,5,238,7,22,0,137
"G1600590","1990","ID",,,,,,,,,,,"99","Lemhi","059",,,"8","9999",,,,"9999","4","Idaho","16",,,,,"0011821616","0000013845","Lemhi County","A","+44955655","-113949376","06",6697,0,58,0,0,76,0,42,0,26
"G1600610","1990","ID",,,,,,,,,,,"99","Lewis","061",,,"8","9999",,,,"9999","4","Idaho","16",,,,,"0001240774","0000001984","Lewis County","A","+46238639","-116429850","06",3267,6,177,12,0,45,0,0,9,0
"G1600630","1990","ID",,,,,,,,,,,"99","Lincoln","063",,,"8","9999",,,,"9999","4","Idaho","16",,,,,"0003122483","0000000848","Lincoln County","A","+42977990","-114129623","06",3108,7,11,5,0,159,0,0,0,18
"G1600650","1990","ID",,,,,,,,,,,"99","Madison","065",,,"8","9999",,,,"9999","4","Idaho","16",,,,,"0001221316","0000004766","Madison County","A","+43787668","-111656970","06",22483,48,92,366,0,239,2,7,14,423
"G1600670","1990","ID",,,,,,,,,,,"99","Minidoka","067",,,"8","9999",,,,"9999","4","Idaho","16",,,,,"0001967559","0000008698","Minidoka County","A","+42847762","-113642878","06",15451,9,169,112,1,1131,29,23,0,2436
"G1600690","1990","ID",,,,,,,,,,,"99","Nez Perce","069",,,"8","9999",,,,"9999","4","Idaho","16",,,,,"0002199211","0000018855","Nez Perce County","A","+46331211","-116746277","06",31446,61,1590,196,20,232,0,63,7,139
"G1600710","1990","ID",,,,,,,,,,,"99","Oneida","071",,,"8","9999",,,,"9999","4","Idaho","16",,,,,"0003109063","0000003304","Oneida County","A","+42207961","-112521761","06",3428,6,14,4,0,10,0,4,0,26
"G1600730","1990","ID",,,,,,,,,,,"99","Owyhee","073",,,"8","9999",,,,"9999","4","Idaho","16",,,,,"0019887043","0000048467","Owyhee County","A","+42563373","-116168352","06",6516,42,246,72,0,381,2,49,9,1075
"G1600750","1990","ID",,,,,,,,,,,"99","Payette","075",,,"8","9999",,,,"9999","4","Idaho","16",,,,,"0001055488","0000006916","Payette County","A","+44010169","-116757836","06",14790,4,240,177,0,331,10,18,6,858
"G1600770","1990","ID",,,,,,,,,,,"99","Power","077",,,"8","9999",,,,"9999","4","Idaho","16",,,,,"0003640656","0000095913","Power County","A","+42687609","-112837967","06",5932,4,203,66,0,198,0,0,4,679
"G1600790","1990","ID",,,,,,,,,,,"99","Shoshone","079",,,"8","9999",,,,"9999","4","Idaho","16",,,,,"0006822099","0000004114","Shoshone County","A","+47347698","-115885095","06",13345,20,200,30,1,228,3,21,10,73
"G1600810","1990","ID",,,,,,,,,,,"99","Teton","081",,,"8","9999",,,,"9999","4","Idaho","16",,,,,"0001166516","0000000539","Teton County","A","+43754950","-111212551","06",3152,6,19,0,0,214,0,0,0,48
"G1600830","1990","ID",,,,,,,,,,,"99","Twin Falls","083",,,"8","9999",,,,"9999","4","Idaho","16",,,,,"0004986093","0000008902","Twin Falls County","A","+42353320","-114661919","06",49604,53,317,486,26,1601,33,19,36,1405
"G1600850","1990","ID",,,,,,,,,,,"99","Valley","085",,,"8","9999",,,,"9999","4","Idaho","16",,,,,"0009526518","0000144143","Valley County","A","+44744187","-115559597","06",5915,14,31,19,0,93,2,2,0,33
"G1600870","1990","ID",,,,,,,,,,,"99","Washington","087",,,"8","9999",,,,"9999","4","Idaho","16",,,,,"0003772001","0000044615","Washington County","A","+44448991","-116779039","06",7461,0,21,177,8,211,0,0,0,672
"G1700010","1990","IL",,,,,,,,,,,"99","Adams","001",,,"3","9999",,,,"9999","2","Illinois","17",,,,,"0002218855","0000037866","Adams County","A","+39985905","-091194609","06",63864,1668,122,229,53,118,16,0,0,20
"G1700030","1990","IL",,,,,,,,,,,"99","Alexander","003",,,"3","9999",,,,"9999","2","Illinois","17",,,,,"0000612276","0000041834","Alexander County","A","+37194333","-089339803","06",7045,3504,18,31,0,28,0,0,0,0
"G1700050","1990","IL",,,,,,,,,,,"99","Bond","005",,,"3","9999",,,,"9999","2","Illinois","17",,,,,"0000984742","0000006378","Bond County","A","+38880600","-089436160","06",14384,426,76,16,0,19,0,0,10,60
"G1700070","1990","IL",,,,,,,,,,,"99","Boone","007",,,"3","6880",,,,"9999","2","Illinois","17",,,,,"0000728800","0000001478","Boone County","A","+42325891","-088813039","06",28438,175,59,157,7,835,0,0,0,1135
"G1700090","1990","IL",,,,,,,,,,,"99","Brown","009",,,"3","9999",,,,"9999","2","Illinois","17",,,,,"0000791689","0000004120","Brown County","A","+39954344","-090750479","06",5150,547,2,15,0,122,0,0,0,0
"G1700110","1990","IL",,,,,,,,,,,"99","Bureau","011",,,"3","9999",,,,"9999","2","Illinois","17",,,,,"0002249733","0000012266","Bureau County","A","+41408751","-089529086","06",34436,30,62,166,0,772,0,0,14,208
"G1700130","1990","IL",,,,,,,,,,,"99","Calhoun","013",,,"3","9999",,,,"9999","2","Illinois","17",,,,,"0000657467","0000077331","Calhoun County","A","+39164786","-090667353","06",5291,1,8,12,0,10,0,0,0,0
"G1700150","1990","IL",,,,,,,,,,,"99","Carroll","015",,,"3","9999",,,,"9999","2","Illinois","17",,,,,"0001150604","0000055834","Carroll County","A","+42060539","-089923610","06",16206,182,0,42,10,269,0,0,0,96
"G1700170","1990","IL",,,,,,,,,,,"99","Cass","017",,,"3","9999",,,,"9999","2","Illinois","17",,,,,"0000973739","0000020197","Cass County","A","+39976726","-090246834","06",13362,0,6,16,0,53,0,0,0,0
"G1700190","1990","IL",,,,,,,,,,,"99","Champaign","019",,,"3","1400",,,,"9999","2","Illinois","17",,,,,"0002582734","0000000955","Champaign County","A","+40140363","-088196175","06",144824,16534,429,7819,130,1637,78,24,131,1419
"G1700210","1990","IL",,,,,,,,,,,"99","Christian","021",,,"3","9999",,,,"9999","2","Illinois","17",,,,,"0001836460","0000017232","Christian County","A","+39547309","-089278091","06",34144,47,36,96,0,91,0,0,0,4
"G1700230","1990","IL",,,,,,,,,,,"99","Clark","023",,,"3","9999",,,,"9999","2","Illinois","17",,,,,"0001298979","0000008747","Clark County","A","+39333391","-087792386","06",15753,6,49,99,0,0,0,0,0,14
"G1700250","1990","IL",,,,,,,,,,,"99","Clay","025",,,"3","9999",,,,"9999","2","Illinois","17",,,,,"0001215431","0000001530","Clay County","A","+38755051","-088488302","06",14342,6,32,18,0,50,0,0,0,12
"G1700270","1990","IL",,,,,,,,,,,"99","Clinton","027",,,"3","7040",,,,"9999","2","Illinois","17",,,,,"0001228333","0000075743","Clinton County","A","+38607485","-089423973","06",32458,1077,15,48,32,161,0,0,0,153
"G1700290","1990","IL",,,,,,,,,,,"99","Coles","029",,,"3","9999",,,,"9999","2","Illinois","17",,,,,"0001316543","0000004610","Coles County","A","+39512600","-088220589","06",49751,999,135,315,0,289,4,28,6,117
"G1700310","1990","IL",,,,,,,,,,,"14","Cook","031",,,"3","1602",,,,"1600","2","Illinois","17",,,,,"0002449292","0001785070","Cook County","A","+41898100","-087650174","06",2928290,1302746,8541,183011,4530,279825,12113,1846,5436,378729
"G1700330","1990","IL",,,,,,,,,,,"99","Crawford","033",,,"3","9999",,,,"9999","2","Illinois","17",,,,,"0001148829","0000005808","Crawford County","A","+39002698","-087759558","06",19227,79,49,60,0,49,0,0,0,0
"G1700350","1990","IL",,,,,,,,,,,"99","Cumberland","035",,,"3","9999",,,,"9999","2","Illinois","17",,,,,"0000896238","0000002539","Cumberland County","A","+39273760","-088239683","06",10637,2,2,18,0,2,0,0,6,3
"G1700370","1990","IL",,,,,,,,,,,"99","DeKalb","037",,,"3","9999",,,,"9999","2","Illinois","17",,,,,"0001642529","0000002168","DeKalb County","A","+41894152","-088769104","06",71743,2165,172,1784,35,969,73,41,39,911
"G1700390","1990","IL",,,,,,,,,,,"99","De Witt","039",,,"3","9999",,,,"9999","2","Illinois","17",,,,,"0001029777","0000019629","De Witt County","A","+40169623","-088904690","06",16283,62,61,32,0,72,0,0,0,6
"G1700410","1990","IL",,,,,,,,,,,"99","Douglas","041",,,"3","9999",,,,"9999","2","Illinois","17",,,,,"0001079729","0000001447","Douglas County","A","+39766113","-088222815","06",19129,9,44,16,0,184,0,4,0,78
"G1700430","1990","IL",,,,,,,,,,,"14","Dupage","043",,,"3","1602",,,,"1600","2","Illinois","17",,,,,"0000866205","0000006297","DuPage County","A","+41851713","-088085930","06",693446,15012,877,39298,238,21858,342,138,543,9914
"G1700450","1990","IL",,,,,,,,,,,"99","Edgar","045",,,"3","9999",,,,"9999","2","Illinois","17",,,,,"0001615087","0000001632","Edgar County","A","+39678973","-087747173","06",19338,188,12,29,0,15,0,4,0,9
"G1700470","1990","IL",,,,,,,,,,,"99","Edwards","047",,,"3","9999",,,,"9999","2","Illinois","17",,,,,"0000575928","0000000783","Edwards County","A","+38416822","-088057655","06",7359,3,2,12,2,51,0,0,9,2
"G1700490","1990","IL",,,,,,,,,,,"99","Effingham","049",,,"3","9999",,,,"9999","2","Illinois","17",,,,,"0001239908","0000003115","Effingham County","A","+39064480","-088588341","06",31501,14,45,49,0,76,0,0,0,19
"G1700510","1990","IL",,,,,,,,,,,"99","Fayette","051",,,"3","9999",,,,"9999","2","Illinois","17",,,,,"0001855797","0000022974","Fayette County","A","+39001152","-089017804","06",20155,567,29,21,0,37,42,0,0,42
"G1700530","1990","IL",,,,,,,,,,,"99","Ford","053",,,"3","9999",,,,"9999","2","Illinois","17",,,,,"0001258545","0000001322","Ford County","A","+40594545","-088224515","06",14134,10,33,31,0,48,0,9,0,10
"G1700550","1990","IL",,,,,,,,,,,"99","Franklin","055",,,"3","9999",,,,"9999","2","Illinois","17",,,,,"0001067334","0000050056","Franklin County","A","+37992100","-088923398","06",40010,27,121,84,6,56,0,0,8,7
"G1700570","1990","IL",,,,,,,,,,,"99","Fulton","057",,,"3","9999",,,,"9999","2","Illinois","17",,,,,"0002242142","0000043955","Fulton County","A","+40479374","-090213361","06",37028,611,72,140,7,93,18,0,5,106
"G1700590","1990","IL",,,,,,,,,,,"99","Gallatin","059",,,"3","9999",,,,"9999","2","Illinois","17",,,,,"0000838489","0000012118","Gallatin County","A","+37758035","-088229386","06",6813,58,18,5,0,15,0,0,0,0
"G1700610","1990","IL",,,,,,,,,,,"99","Greene","061",,,"3","9999",,,,"9999","2","Illinois","17",,,,,"0001406695","0000008411","Greene County","A","+39352324","-090386150","06",15201,0,77,7,0,19,0,0,0,13
"G1700630","1990","IL",,,,,,,,,,,"14","Grundy","063",,,"3","1602",,,,"3690","2","Illinois","17",,,,,"0001088154","0000026686","Grundy County","A","+41288933","-088427508","06",31392,11,45,85,3,466,0,16,6,313
"G1700650","1990","IL",,,,,,,,,,,"99","Hamilton","065",,,"3","9999",,,,"9999","2","Illinois","17",,,,,"0001127144","0000001746","Hamilton County","A","+38081349","-088540845","06",8446,6,0,25,0,22,0,0,0,0
"G1700670","1990","IL",,,,,,,,,,,"99","Hancock","067",,,"3","9999",,,,"9999","2","Illinois","17",,,,,"0002058183","0000051581","Hancock County","A","+40402089","-091168870","06",21224,6,30,21,0,53,0,20,0,19
"G1700690","1990","IL",,,,,,,,,,,"99","Hardin","069",,,"3","9999",,,,"9999","2","Illinois","17",,,,,"0000461909","0000008287","Hardin County","A","+37521574","-088265984","06",5067,69,36,0,0,17,0,0,0,0
"G1700710","1990","IL",,,,,,,,,,,"99","Henderson","071",,,"3","9999",,,,"9999","2","Illinois","17",,,,,"0000981185","0000042252","Henderson County","A","+40810093","-090926393","06",8010,12,32,2,0,30,0,0,0,10
"G1700730","1990","IL",,,,,,,,,,,"99","Henry","073",,,"3","1960",,,,"9999","2","Illinois","17",,,,,"0002132235","0000006175","Henry County","A","+41354648","-090135858","06",49665,598,63,136,124,368,5,15,2,183
"G1700750","1990","IL",,,,,,,,,,,"99","Iroquois","075",,,"3","9999",,,,"9999","2","Illinois","17",,,,,"0002891753","0000004152","Iroquois County","A","+40742039","-087823619","06",30046,164,31,44,2,198,0,29,0,273
"G1700770","1990","IL",,,,,,,,,,,"99","Jackson","077",,,"3","9999",,,,"9999","2","Illinois","17",,,,,"0001523287","0000037297","Jackson County","A","+37787522","-089381489","06",51314,6312,113,2192,22,614,39,51,46,364
"G1700790","1990","IL",,,,,,,,,,,"99","Jasper","079",,,"3","9999",,,,"9999","2","Illinois","17",,,,,"0001280600","0000009366","Jasper County","A","+39005595","-088149320","06",10517,0,7,19,0,63,0,0,0,3
"G1700810","1990","IL",,,,,,,,,,,"99","Jefferson","081",,,"3","9999",,,,"9999","2","Illinois","17",,,,,"0001479074","0000032808","Jefferson County","A","+38300731","-088923508","06",34588,1923,84,108,11,153,0,0,14,139
"G1700830","1990","IL",,,,,,,,,,,"99","Jersey","083",,,"3","7040",,,,"9999","2","Illinois","17",,,,,"0000956310","0000020249","Jersey County","A","+39088432","-090358353","06",20286,83,51,13,0,94,0,6,0,6
"G1700850","1990","IL",,,,,,,,,,,"99","Jo Daviess","085",,,"3","9999",,,,"9999","2","Illinois","17",,,,,"0001557035","0000045630","Jo Daviess County","A","+42364490","-090210057","06",21638,15,24,38,0,64,3,0,0,39
"G1700870","1990","IL",,,,,,,,,,,"99","Johnson","087",,,"3","9999",,,,"9999","2","Illinois","17",,,,,"0000896238","0000007375","Johnson County","A","+37459435","-088874185","06",9976,1051,71,0,0,235,0,0,0,14
"G1700890","1990","IL",,,,,,,,,,,"14","Kane","089",,,"3","1602",,,,"0620","2","Illinois","17",,,,,"0001348612","0000008851","Kane County","A","+41935616","-088432380","06",251700,18541,479,4169,348,18601,440,133,151,22909
"G1700910","1990","IL",,,,,,,,,,,"99","Kankakee","091",,,"3","3740",,,,"9999","2","Illinois","17",,,,,"0001754741","0000010312","Kankakee County","A","+41137733","-087862732","06",79481,14391,127,533,19,910,90,0,6,698
"G1700930","1990","IL",,,,,,,,,,,"14","Kendall","093",,,"3","1602",,,,"0620","2","Illinois","17",,,,,"0000830497","0000005272","Kendall County","A","+41587792","-088430709","06",37306,113,36,238,15,798,0,0,0,907
"G1700950","1990","IL",,,,,,,,,,,"99","Knox","095",,,"3","9999",,,,"9999","2","Illinois","17",,,,,"0001855265","0000008853","Knox County","A","+40930768","-090213733","06",51833,2684,157,326,20,657,22,0,0,694
"G1700970","1990","IL",,,,,,,,,,,"14","Lake","097",,,"3","1602",,,,"3965","2","Illinois","17",,,,,"0001159762","0002383486","Lake County","A","+42433350","-087776595","06",431976,34080,1241,12038,348,19181,618,164,450,16322
"G1700990","1990","IL",,,,,,,,,,,"99","La Salle","099",,,"3","9999",,,,"9999","2","Illinois","17",,,,,"0002939759","0000033861","La Salle County","A","+41340914","-088884873","06",102049,1083,260,363,61,1959,4,8,8,1118
"G1701010","1990","IL",,,,,,,,,,,"99","Lawrence","101",,,"3","9999",,,,"9999","2","Illinois","17",,,,,"0000963492","0000005078","Lawrence County","A","+38719587","-087730705","06",15665,187,30,4,33,53,0,0,0,0
"G1701030","1990","IL",,,,,,,,,,,"99","Lee","103",,,"3","9999",,,,"9999","2","Illinois","17",,,,,"0001878813","0000010169","Lee County","A","+41739948","-089299772","06",32223,1232,38,136,4,375,0,0,0,384
"G1701050","1990","IL",,,,,,,,,,,"99","Livingston","105",,,"3","9999",,,,"9999","2","Illinois","17",,,,,"0002703497","0000004332","Livingston County","A","+40888096","-088556736","06",36234,2025,47,169,10,341,17,6,0,452
"G1701070","1990","IL",,,,,,,,,,,"99","Logan","107",,,"3","9999",,,,"9999","2","Illinois","17",,,,,"0001601066","0000002242","Logan County","A","+40126675","-089362724","06",28937,1217,102,116,2,279,11,0,8,126
"G1701090","1990","IL",,,,,,,,,,,"99","McDonough","109",,,"3","9999",,,,"9999","2","Illinois","17",,,,,"0001526322","0000001945","McDonough County","A","+40455746","-090677581","06",32800,1215,75,868,8,180,0,13,0,85
"G1701110","1990","IL",,,,,,,,,,,"14","McHenry","111",,,"3","1602",,,,"1600","2","Illinois","17",,,,,"0001564741","0000018213","McHenry County","A","+42324250","-088451932","06",175391,407,352,1141,50,3482,16,1,46,2355
"G1701130","1990","IL",,,,,,,,,,,"99","McLean","113",,,"3","1040",,,,"9999","2","Illinois","17",,,,,"0003065630","0000006965","McLean County","A","+40494724","-088845335","06",120427,5417,218,1774,47,792,42,0,0,463
"G1701150","1990","IL",,,,,,,,,,,"99","Macon","115",,,"3","2040",,,,"9999","2","Illinois","17",,,,,"0001503639","0000012555","Macon County","A","+39860000","-088961299","06",101725,14087,151,484,43,520,40,3,0,153
"G1701170","1990","IL",,,,,,,,,,,"99","Macoupin","117",,,"3","9999",,,,"9999","2","Illinois","17",,,,,"0002236919","0000010293","Macoupin County","A","+39257447","-089921179","06",46940,400,103,93,2,117,0,0,0,24
"G1701190","1990","IL",,,,,,,,,,,"99","Madison","119",,,"3","7040",,,,"9999","2","Illinois","17",,,,,"0001877917","0000039682","Madison County","A","+38831897","-089908267","06",228705,15954,654,1394,86,1562,39,21,18,805
"G1701210","1990","IL",,,,,,,,,,,"99","Marion","121",,,"3","9999",,,,"9999","2","Illinois","17",,,,,"0001482220","0000008915","Marion County","A","+38649152","-088919347","06",39297,1433,158,452,14,120,29,0,0,58
"G1701230","1990","IL",,,,,,,,,,,"99","Marshall","123",,,"3","9999",,,,"9999","2","Illinois","17",,,,,"0001000028","0000032176","Marshall County","A","+41031122","-089342303","06",12646,25,35,13,7,103,0,0,0,17
"G1701250","1990","IL",,,,,,,,,,,"99","Mason","125",,,"3","9999",,,,"9999","2","Illinois","17",,,,,"0001395965","0000063266","Mason County","A","+40237659","-089913534","06",16147,0,30,66,0,23,0,2,0,1
"G1701270","1990","IL",,,,,,,,,,,"99","Massac","127",,,"3","9999",,,,"9999","2","Illinois","17",,,,,"0000619148","0000007966","Massac County","A","+37219315","-088709606","06",13718,896,12,42,0,80,0,0,0,4
"G1701290","1990","IL",,,,,,,,,,,"99","Menard","129",,,"3","7880",,,,"9999","2","Illinois","17",,,,,"0000813963","0000002917","Menard County","A","+40033732","-089799737","06",11100,3,10,3,0,32,0,0,0,16
"G1701310","1990","IL",,,,,,,,,,,"99","Mercer","131",,,"3","9999",,,,"9999","2","Illinois","17",,,,,"0001453129","0000020355","Mercer County","A","+41204106","-090741607","06",17050,29,29,22,0,128,0,0,0,32
"G1701330","1990","IL",,,,,,,,,,,"99","Monroe","133",,,"3","7040",,,,"9999","2","Illinois","17",,,,,"0001005787","0000024322","Monroe County","A","+38276763","-090178196","06",22119,44,64,52,0,119,0,0,0,24
"G1701350","1990","IL",,,,,,,,,,,"99","Montgomery","135",,,"3","9999",,,,"9999","2","Illinois","17",,,,,"0001822966","0000015384","Montgomery County","A","+39228142","-089478134","06",29708,558,137,60,2,163,0,2,0,98
"G1701370","1990","IL",,,,,,,,,,,"99","Morgan","137",,,"3","9999",,,,"9999","2","Illinois","17",,,,,"0001473217","0000009014","Morgan County","A","+39714546","-090198119","06",34397,1406,56,219,81,158,4,0,0,76
"G1701390","1990","IL",,,,,,,,,,,"99","Moultrie","139",,,"3","9999",,,,"9999","2","Illinois","17",,,,,"0000869225","0000022979","Moultrie County","A","+39638345","-088616794","06",13857,0,10,19,0,29,0,0,0,15
"G1701410","1990","IL",,,,,,,,,,,"99","Ogle","141",,,"3","9999",,,,"9999","2","Illinois","17",,,,,"0001965547","0000011487","Ogle County","A","+42042051","-089319793","06",44045,50,139,246,76,633,0,7,10,751
"G1701430","1990","IL",,,,,,,,,,,"99","Peoria","143",,,"3","6120",,,,"9999","2","Illinois","17",,,,,"0001604638","0000029428","Peoria County","A","+40790224","-089759057","06",152970,24937,342,1997,73,1372,81,16,29,1010
"G1701450","1990","IL",,,,,,,,,,,"99","Perry","145",,,"3","9999",,,,"9999","2","Illinois","17",,,,,"0001142208","0000015104","Perry County","A","+38085107","-089368348","06",20863,377,12,41,0,99,9,0,0,11
"G1701470","1990","IL",,,,,,,,,,,"99","Piatt","147",,,"3","9999",,,,"9999","2","Illinois","17",,,,,"0001139683","0000000811","Piatt County","A","+40007292","-088592941","06",15477,5,26,0,0,34,0,0,0,6
"G1701490","1990","IL",,,,,,,,,,,"99","Pike","149",,,"3","9999",,,,"9999","2","Illinois","17",,,,,"0002150580","0000048113","Pike County","A","+39620382","-090885595","06",17474,0,20,12,0,62,0,0,0,9
"G1701510","1990","IL",,,,,,,,,,,"99","Pope","151",,,"3","9999",,,,"9999","2","Illinois","17",,,,,"0000960574","0000009776","Pope County","A","+37411349","-088573214","06",4052,264,15,3,0,24,0,0,0,15
"G1701530","1990","IL",,,,,,,,,,,"99","Pulaski","153",,,"3","9999",,,,"9999","2","Illinois","17",,,,,"0000520108","0000006551","Pulaski County","A","+37227822","-089131179","06",5016,2466,11,0,0,12,9,0,2,7
"G1701550","1990","IL",,,,,,,,,,,"99","Putnam","155",,,"3","9999",,,,"9999","2","Illinois","17",,,,,"0000413890","0000032235","Putnam County","A","+41203306","-089282204","06",5524,11,7,2,0,80,0,0,0,106
"G1701570","1990","IL",,,,,,,,,,,"99","Randolph","157",,,"3","9999",,,,"9999","2","Illinois","17",,,,,"0001498185","0000048808","Randolph County","A","+38049180","-089821295","06",31374,2723,43,51,0,293,42,0,0,57
"G1701590","1990","IL",,,,,,,,,,,"99","Richland","159",,,"3","9999",,,,"9999","2","Illinois","17",,,,,"0000932830","0000004837","Richland County","A","+38713392","-088085192","06",16431,7,25,32,7,37,0,0,0,6
"G1701610","1990","IL",,,,,,,,,,,"99","Rock Island","161",,,"3","1960",,,,"9999","2","Illinois","17",,,,,"0001105360","0000063220","Rock Island County","A","+41468950","-090565507","06",129249,10224,444,862,174,4202,252,52,70,3194
"G1701630","1990","IL",,,,,,,,,,,"99","St Clair","163",,,"3","7040",,,,"9999","2","Illinois","17",,,,,"0001719496","0000026128","St. Clair County","A","+38470800","-089931431","06",185550,71101,712,1622,126,2482,308,20,60,871
"G1701650","1990","IL",,,,,,,,,,,"99","Saline","165",,,"3","9999",,,,"9999","2","Illinois","17",,,,,"0000992816","0000009490","Saline County","A","+37753784","-088540789","06",25393,911,72,20,8,89,0,0,7,51
"G1701670","1990","IL",,,,,,,,,,,"99","Sangamon","167",,,"3","7880",,,,"9999","2","Illinois","17",,,,,"0002248833","0000022886","Sangamon County","A","+39758124","-089658017","06",161289,14288,330,1291,63,784,125,24,10,182
"G1701690","1990","IL",,,,,,,,,,,"99","Schuyler","169",,,"3","9999",,,,"9999","2","Illinois","17",,,,,"0001132751","0000010546","Schuyler County","A","+40157695","-090609148","06",7480,0,2,0,0,9,0,0,0,7
"G1701710","1990","IL",,,,,,,,,,,"99","Scott","171",,,"3","9999",,,,"9999","2","Illinois","17",,,,,"0000649986","0000004737","Scott County","A","+39647881","-090478283","06",5624,2,7,6,0,5,0,0,0,0
"G1701730","1990","IL",,,,,,,,,,,"99","Shelby","173",,,"3","9999",,,,"9999","2","Illinois","17",,,,,"0001964648","0000024699","Shelby County","A","+39394699","-088809255","06",22191,13,37,15,0,5,0,0,0,0
"G1701750","1990","IL",,,,,,,,,,,"99","Stark","175",,,"3","9999",,,,"9999","2","Illinois","17",,,,,"0000745747","0000000758","Stark County","A","+41088502","-089794915","06",6455,5,5,29,0,30,8,0,0,2
"G1701770","1990","IL",,,,,,,,,,,"99","Stephenson","177",,,"3","9999",,,,"9999","2","Illinois","17",,,,,"0001461479","0000001306","Stephenson County","A","+42350102","-089665903","06",44374,3004,45,292,9,214,43,0,0,71
"G1701790","1990","IL",,,,,,,,,,,"99","Tazewell","179",,,"3","6120",,,,"9999","2","Illinois","17",,,,,"0001680679","0000023377","Tazewell County","A","+40512644","-089513191","06",122080,181,312,306,11,593,6,2,0,201
"G1701810","1990","IL",,,,,,,,,,,"99","Union","181",,,"3","9999",,,,"9999","2","Illinois","17",,,,,"0001077913","0000015444","Union County","A","+37468895","-089256074","06",17303,119,18,74,0,21,0,0,8,76
"G1701830","1990","IL",,,,,,,,,,,"99","Vermilion","183",,,"3","9999",,,,"9999","2","Illinois","17",,,,,"0002328724","0000007912","Vermilion County","A","+40182453","-087738421","06",78528,7907,192,542,72,514,30,31,2,439
"G1701850","1990","IL",,,,,,,,,,,"99","Wabash","185",,,"3","9999",,,,"9999","2","Illinois","17",,,,,"0000578826","0000011117","Wabash County","A","+38443933","-087840390","06",12899,51,24,86,0,22,8,0,0,21
"G1701870","1990","IL",,,,,,,,,,,"99","Warren","187",,,"3","9999",,,,"9999","2","Illinois","17",,,,,"0001405256","0000001655","Warren County","A","+40853296","-090614728","06",18582,366,30,59,0,44,0,0,0,100
"G1701890","1990","IL",,,,,,,,,,,"99","Washington","189",,,"3","9999",,,,"9999","2","Illinois","17",,,,,"0001457270","0000003886","Washington County","A","+38350858","-089417134","06",14802,27,47,34,0,41,0,0,12,2
"G1701910","1990","IL",,,,,,,,,,,"99","Wayne","191",,,"3","9999",,,,"9999","2","Illinois","17",,,,,"0001849104","0000004303","Wayne County","A","+38431670","-088423477","06",17028,14,50,64,0,49,2,0,0,34
"G1701930","1990","IL",,,,,,,,,,,"99","White","193",,,"3","9999",,,,"9999","2","Illinois","17",,,,,"0001281886","0000017563","White County","A","+38087449","-088178300","06",16269,51,62,57,0,58,0,20,0,5
"G1701950","1990","IL",,,,,,,,,,,"99","Whiteside","195",,,"3","9999",,,,"9999","2","Illinois","17",,,,,"0001773684","0000031707","Whiteside County","A","+41750787","-089911315","06",55161,262,125,293,34,1921,41,15,6,2328
"G1701970","1990","IL",,,,,,,,,,,"14","Will","197",,,"3","1602",,,,"3690","2","Illinois","17",,,,,"0002168506","0000031563","Will County","A","+41439238","-087982396","06",295006,37262,735,4673,113,8500,546,62,299,10117
"G1701990","1990","IL",,,,,,,,,,,"99","Williamson","199",,,"3","9999",,,,"9999","2","Illinois","17",,,,,"0001098583","0000052401","Williamson County","A","+37730326","-088929541","06",55792,1113,98,345,18,259,0,33,2,73
"G1702010","1990","IL",,,,,,,,,,,"99","Winnebago","201",,,"3","6880",,,,"9999","2","Illinois","17",,,,,"0001330846","0000014221","Winnebago County","A","+42331768","-089160603","06",218851,22941,713,3135,223,3574,79,26,53,3318
"G1702030","1990","IL",,,,,,,,,,,"99","Woodford","203",,,"3","6120",,,,"9999","2","Illinois","17",,,,,"0001367637","0000038176","Woodford County","A","+40785978","-089212257","06",32269,47,83,70,0,156,0,0,0,28
"G1800010","1990","IN",,,,,,,,,,,"99","Adams","001",,,"3","9999",,,,"9999","2","Indiana","18",,,,,"0000878973","0000001490","Adams County","A","+40745468","-084935843","06",30227,2,69,56,10,310,0,0,15,406
"G1800030","1990","IN",,,,,,,,,,,"99","Allen","003",,,"3","2760",,,,"9999","2","Indiana","18",,,,,"0001702366","0000007388","Allen County","A","+41091279","-085064170","06",261531,29888,833,2505,416,2557,214,96,39,2757
"G1800050","1990","IN",,,,,,,,,,,"99","Bartholomew","005",,,"3","9999",,,,"9999","2","Indiana","18",,,,,"0001053762","0000006528","Bartholomew County","A","+39205132","-085898204","06",61483,951,89,656,68,241,26,0,31,112
"G1800070","1990","IN",,,,,,,,,,,"99","Benton","007",,,"3","9999",,,,"9999","2","Indiana","18",,,,,"0001052399","0000000236","Benton County","A","+40605690","-087307734","06",9348,8,15,2,0,36,0,0,0,32
"G1800090","1990","IN",,,,,,,,,,,"99","Blackford","009",,,"3","9999",,,,"9999","2","Indiana","18",,,,,"0000427663","0000000766","Blackford County","A","+40473434","-085322568","06",13841,13,58,13,0,125,0,0,0,17
"G1800110","1990","IN",,,,,,,,,,,"99","Boone","011",,,"3","3480",,,,"9999","2","Indiana","18",,,,,"0001094913","0000001454","Boone County","A","+40051093","-086468727","06",37744,32,76,82,0,169,0,2,0,42
"G1800130","1990","IN",,,,,,,,,,,"99","Brown","013",,,"3","9999",,,,"9999","2","Indiana","18",,,,,"0000808838","0000011287","Brown County","A","+39195672","-086228533","06",13954,29,2,8,7,80,0,0,0,0
"G1800150","1990","IN",,,,,,,,,,,"99","Carroll","015",,,"3","9999",,,,"9999","2","Indiana","18",,,,,"0000964171","0000007246","Carroll County","A","+40583933","-086564568","06",18719,25,16,0,0,27,0,0,0,22
"G1800170","1990","IN",,,,,,,,,,,"99","Cass","017",,,"3","9999",,,,"9999","2","Indiana","18",,,,,"0001069384","0000005324","Cass County","A","+40760855","-086346564","06",37597,338,185,104,31,144,0,0,0,14
"G1800190","1990","IN",,,,,,,,,,,"99","Clark","019",,,"3","4520",,,,"9999","2","Indiana","18",,,,,"0000971678","0000002758","Clark County","A","+38477432","-085716444","06",81884,4617,170,442,91,381,48,0,0,144
"G1800210","1990","IN",,,,,,,,,,,"99","Clay","021",,,"3","8320",,,,"9999","2","Indiana","18",,,,,"0000926302","0000007179","Clay County","A","+39395617","-087114852","06",24468,105,31,7,0,80,0,0,0,14
"G1800230","1990","IN",,,,,,,,,,,"99","Clinton","023",,,"3","9999",,,,"9999","2","Indiana","18",,,,,"0001049272","0000000462","Clinton County","A","+40299618","-086475786","06",30317,60,78,42,0,247,0,0,0,230
"G1800250","1990","IN",,,,,,,,,,,"99","Crawford","025",,,"3","9999",,,,"9999","2","Indiana","18",,,,,"0000791768","0000008207","Crawford County","A","+38285114","-086456196","06",9832,23,31,11,0,17,0,0,0,0
"G1800270","1990","IN",,,,,,,,,,,"99","Daviess","027",,,"3","9999",,,,"9999","2","Indiana","18",,,,,"0001115632","0000015903","Daviess County","A","+38702369","-087075782","06",27433,20,46,0,0,16,0,0,0,18
"G1800290","1990","IN",,,,,,,,,,,"21","Dearborn","029",,,"3","1642",,,,"1640","2","Indiana","18",,,,,"0000790581","0000004761","Dearborn County","A","+39149973","-084977076","06",38324,261,52,72,0,92,0,32,2,0
"G1800310","1990","IN",,,,,,,,,,,"99","Decatur","031",,,"3","9999",,,,"9999","2","Indiana","18",,,,,"0000965114","0000002107","Decatur County","A","+39304383","-085502051","06",23340,28,31,128,4,95,0,0,18,1
"G1800330","1990","IN",,,,,,,,,,,"99","DeKalb","033",,,"3","2760",,,,"9999","2","Indiana","18",,,,,"0000939925","0000002491","De Kalb County","A","+41395532","-084999715","06",34877,31,108,60,0,153,0,0,0,95
"G1800350","1990","IN",,,,,,,,,,,"99","Delaware","035",,,"3","5280",,,,"9999","2","Indiana","18",,,,,"0001018679","0000006819","Delaware County","A","+40225637","-085398211","06",110802,6838,358,702,62,527,50,8,8,304
"G1800370","1990","IN",,,,,,,,,,,"99","Dubois","037",,,"3","9999",,,,"9999","2","Indiana","18",,,,,"0001113988","0000013308","Dubois County","A","+38364109","-086881299","06",36262,23,94,40,13,175,0,3,6,0
"G1800390","1990","IN",,,,,,,,,,,"99","Elkhart","039",,,"3","2330",,,,"9999","2","Indiana","18",,,,,"0001201341","0000010434","Elkhart County","A","+41596450","-085858939","06",144622,7091,475,1051,90,1720,15,48,8,1078
"G1800410","1990","IN",,,,,,,,,,,"99","Fayette","041",,,"3","9999",,,,"9999","2","Indiana","18",,,,,"0000556814","0000000400","Fayette County","A","+39643844","-085176249","06",25396,411,28,97,14,51,0,0,0,18
"G1800430","1990","IN",,,,,,,,,,,"99","Floyd","043",,,"3","4520",,,,"9999","2","Indiana","18",,,,,"0000383366","0000000811","Floyd County","A","+38319328","-085903094","06",61085,2617,105,313,29,192,0,0,0,63
"G1800450","1990","IN",,,,,,,,,,,"99","Fountain","045",,,"3","9999",,,,"9999","2","Indiana","18",,,,,"0001024928","0000005766","Fountain County","A","+40122725","-087244396","06",17674,0,21,0,0,54,0,0,0,59
"G1800470","1990","IN",,,,,,,,,,,"99","Franklin","047",,,"3","9999",,,,"9999","2","Indiana","18",,,,,"0000999798","0000013812","Franklin County","A","+39422146","-085055745","06",19334,5,110,40,0,73,0,12,0,6
"G1800490","1990","IN",,,,,,,,,,,"99","Fulton","049",,,"3","9999",,,,"9999","2","Indiana","18",,,,,"0000954480","0000007424","Fulton County","A","+41043918","-086261468","06",18439,153,50,37,0,102,0,0,0,59
"G1800510","1990","IN",,,,,,,,,,,"99","Gibson","051",,,"3","9999",,,,"9999","2","Indiana","18",,,,,"0001266132","0000026478","Gibson County","A","+38309017","-087580462","06",31108,539,120,79,8,44,8,7,0,0
"G1800530","1990","IN",,,,,,,,,,,"99","Grant","053",,,"3","9999",,,,"9999","2","Indiana","18",,,,,"0001072353","0000002091","Grant County","A","+40515650","-085654440","06",67260,4853,251,282,29,718,24,13,0,739
"G1800550","1990","IN",,,,,,,,,,,"99","Greene","055",,,"3","9999",,,,"9999","2","Indiana","18",,,,,"0001404133","0000009872","Greene County","A","+39036893","-086965961","06",30111,11,59,46,0,103,0,0,15,65
"G1800570","1990","IN",,,,,,,,,,,"99","Hamilton","057",,,"3","3480",,,,"9999","2","Indiana","18",,,,,"0001030863","0000012250","Hamilton County","A","+40071479","-086052183","06",106306,554,143,1226,33,500,16,2,14,142
"G1800590","1990","IN",,,,,,,,,,,"99","Hancock","059",,,"3","3480",,,,"9999","2","Indiana","18",,,,,"0000793011","0000001483","Hancock County","A","+39823136","-085771030","06",44931,48,57,183,0,193,0,0,12,103
"G1800610","1990","IN",,,,,,,,,,,"99","Harrison","061",,,"3","4520",,,,"9999","2","Indiana","18",,,,,"0001256802","0000004301","Harrison County","A","+38199477","-086115724","06",29586,102,80,67,0,36,0,6,0,13
"G1800630","1990","IN",,,,,,,,,,,"99","Hendricks","063",,,"3","3480",,,,"9999","2","Indiana","18",,,,,"0001057822","0000001241","Hendricks County","A","+39768519","-086509229","06",74148,766,110,208,24,364,7,12,0,78
"G1800650","1990","IN",,,,,,,,,,,"99","Henry","065",,,"3","9999",,,,"9999","2","Indiana","18",,,,,"0001017754","0000005105","Henry County","A","+39931044","-085396942","06",47315,491,59,86,6,148,0,0,0,34
"G1800670","1990","IN",,,,,,,,,,,"99","Howard","067",,,"3","3850",,,,"9999","2","Indiana","18",,,,,"0000759087","0000002229","Howard County","A","+40481500","-086116261","06",74618,4329,458,456,18,748,0,15,34,151
"G1800690","1990","IN",,,,,,,,,,,"99","Huntington","069",,,"3","9999",,,,"9999","2","Indiana","18",,,,,"0000990952","0000013851","Huntington County","A","+40828624","-085493672","06",34827,63,116,107,0,260,6,0,0,48
"G1800710","1990","IN",,,,,,,,,,,"99","Jackson","071",,,"3","9999",,,,"9999","2","Indiana","18",,,,,"0001319212","0000011497","Jackson County","A","+38907419","-086042927","06",37286,126,44,128,15,93,0,0,0,38
"G1800730","1990","IN",,,,,,,,,,,"99","Jasper","073",,,"3","9999",,,,"9999","2","Indiana","18",,,,,"0001450142","0000003515","Jasper County","A","+41025253","-087120484","06",24612,89,23,39,3,104,0,17,0,73
"G1800750","1990","IN",,,,,,,,,,,"99","Jay","075",,,"3","9999",,,,"9999","2","Indiana","18",,,,,"0000993682","0000000466","Jay County","A","+40434145","-085009125","06",21151,33,61,51,0,165,0,0,2,49
"G1800770","1990","IN",,,,,,,,,,,"99","Jefferson","077",,,"3","9999",,,,"9999","2","Indiana","18",,,,,"0000936004","0000004080","Jefferson County","A","+38785518","-085437427","06",29088,345,115,106,51,50,0,0,14,28
"G1800790","1990","IN",,,,,,,,,,,"99","Jennings","079",,,"3","9999",,,,"9999","2","Indiana","18",,,,,"0000977079","0000002919","Jennings County","A","+38996226","-085628193","06",23426,126,21,30,12,15,0,0,0,31
"G1800810","1990","IN",,,,,,,,,,,"99","Johnson","081",,,"3","3480",,,,"9999","2","Indiana","18",,,,,"0000829374","0000003519","Johnson County","A","+39489565","-086096135","06",85778,772,150,631,8,638,11,0,2,119
"G1800830","1990","IN",,,,,,,,,,,"99","Knox","083",,,"3","9999",,,,"9999","2","Indiana","18",,,,,"0001336074","0000021297","Knox County","A","+38690967","-087419017","06",38838,519,102,133,0,255,8,10,0,19
"G1800850","1990","IN",,,,,,,,,,,"99","Kosciusko","085",,,"3","9999",,,,"9999","2","Indiana","18",,,,,"0001392173","0000043618","Kosciusko County","A","+41243935","-085860558","06",63259,298,123,381,5,804,8,0,8,408
"G1800870","1990","IN",,,,,,,,,,,"99","Lagrange","087",,,"3","9999",,,,"9999","2","Indiana","18",,,,,"0000983105","0000018529","Lagrange County","A","+41642089","-085426159","06",28926,69,72,131,5,151,5,0,0,118
"G1800890","1990","IN",,,,,,,,,,,"14","Lake","089",,,"3","1602",,,,"2960","2","Indiana","18",,,,,"0001287291","0000335027","Lake County","A","+41475700","-087378699","06",313161,115604,939,2234,210,21298,968,158,111,20911
"G1800910","1990","IN",,,,,,,,,,,"99","LaPorte","091",,,"3","9999",,,,"9999","2","Indiana","18",,,,,"0001549536","0000038359","La Porte County","A","+41549160","-086744997","06",95223,9596,333,372,63,811,8,13,8,639
"G1800930","1990","IN",,,,,,,,,,,"99","Lawrence","093",,,"3","9999",,,,"9999","2","Indiana","18",,,,,"0001162550","0000008377","Lawrence County","A","+38840431","-086485156","06",42359,217,64,42,0,142,0,0,0,12
"G1800950","1990","IN",,,,,,,,,,,"99","Madison","095",,,"3","0400",,,,"9999","2","Indiana","18",,,,,"0001171104","0000002021","Madison County","A","+40163100","-085720614","06",119320,9819,340,321,65,382,37,13,27,345
"G1800970","1990","IN",,,,,,,,,,,"99","Marion","097",,,"3","3480",,,,"9999","2","Indiana","18",,,,,"0001026700","0000017359","Marion County","B","+39782000","-086137996","06",610905,168178,1817,7308,638,4920,721,95,110,2467
"G1800990","1990","IN",,,,,,,,,,,"99","Marshall","099",,,"3","9999",,,,"9999","2","Indiana","18",,,,,"0001150745","0000014632","Marshall County","A","+41331343","-086262585","06",41406,72,45,41,5,237,0,3,0,373
"G1801010","1990","IN",,,,,,,,,,,"99","Martin","101",,,"3","9999",,,,"9999","2","Indiana","18",,,,,"0000870649","0000011377","Martin County","A","+38710796","-086801821","06",10331,13,8,9,0,0,0,0,0,8
"G1801030","1990","IN",,,,,,,,,,,"99","Miami","103",,,"3","9999",,,,"9999","2","Indiana","18",,,,,"0000973225","0000004194","Miami County","A","+40768873","-086048286","06",34497,1089,589,184,7,357,30,21,0,123
"G1801050","1990","IN",,,,,,,,,,,"99","Monroe","105",,,"3","1020",,,,"9999","2","Indiana","18",,,,,"0001021433","0000043945","Monroe County","A","+39160850","-086523274","06",101903,2766,334,2685,92,832,0,0,36,330
"G1801070","1990","IN",,,,,,,,,,,"99","Montgomery","107",,,"3","9999",,,,"9999","2","Indiana","18",,,,,"0001306874","0000002092","Montgomery County","A","+40040938","-086892842","06",33814,191,167,113,0,105,0,6,7,33
"G1801090","1990","IN",,,,,,,,,,,"99","Morgan","109",,,"3","3480",,,,"9999","2","Indiana","18",,,,,"0001052821","0000007551","Morgan County","A","+39481849","-086447292","06",55388,11,162,100,0,165,0,0,11,83
"G1801110","1990","IN",,,,,,,,,,,"99","Newton","111",,,"3","9999",,,,"9999","2","Indiana","18",,,,,"0001040868","0000004363","Newton County","A","+40951340","-087402165","06",13314,2,39,17,0,166,0,0,4,9
"G1801130","1990","IN",,,,,,,,,,,"99","Noble","113",,,"3","9999",,,,"9999","2","Indiana","18",,,,,"0001064833","0000016833","Noble County","A","+41396191","-085417334","06",37038,19,152,114,0,470,0,1,0,83
"G1801150","1990","IN",,,,,,,,,,,"99","Ohio","115",,,"3","9999",,,,"9999","2","Indiana","18",,,,,"0000224635","0000001934","Ohio County","A","+38953656","-084967871","06",5264,51,0,0,0,0,0,0,0,0
"G1801170","1990","IN",,,,,,,,,,,"99","Orange","117",,,"3","9999",,,,"9999","2","Indiana","18",,,,,"0001034836","0000022485","Orange County","A","+38535137","-086495327","06",18135,127,78,35,0,28,0,0,0,6
"G1801190","1990","IN",,,,,,,,,,,"99","Owen","119",,,"3","9999",,,,"9999","2","Indiana","18",,,,,"0000997707","0000006833","Owen County","A","+39311847","-086838764","06",17091,50,67,44,0,18,0,0,6,5
"G1801210","1990","IN",,,,,,,,,,,"99","Parke","121",,,"3","9999",,,,"9999","2","Indiana","18",,,,,"0001152085","0000013719","Parke County","A","+39775039","-087207296","06",15185,127,29,2,0,52,5,0,0,10
"G1801230","1990","IN",,,,,,,,,,,"99","Perry","123",,,"3","9999",,,,"9999","2","Indiana","18",,,,,"0000987859","0000012815","Perry County","A","+38081514","-086643691","06",18788,209,46,17,6,22,0,0,0,19
"G1801250","1990","IN",,,,,,,,,,,"99","Pike","125",,,"3","9999",,,,"9999","2","Indiana","18",,,,,"0000870739","0000012709","Pike County","A","+38397615","-087233292","06",12436,9,20,16,0,28,0,0,0,0
"G1801270","1990","IN",,,,,,,,,,,"14","Porter","127",,,"3","1602",,,,"2960","2","Indiana","18",,,,,"0001083187","0000267870","Porter County","A","+41508393","-087070626","06",123521,431,275,1014,21,2953,0,5,7,705
"G1801290","1990","IN",,,,,,,,,,,"99","Posey","129",,,"3","2440",,,,"9999","2","Indiana","18",,,,,"0001058070","0000028353","Posey County","A","+38024092","-087861290","06",25564,312,8,10,0,72,0,0,0,2
"G1801310","1990","IN",,,,,,,,,,,"99","Pulaski","131",,,"3","9999",,,,"9999","2","Indiana","18",,,,,"0001123281","0000002318","Pulaski County","A","+41037371","-086694563","06",12412,52,51,19,0,99,0,0,0,10
"G1801330","1990","IN",,,,,,,,,,,"99","Putnam","133",,,"3","9999",,,,"9999","2","Indiana","18",,,,,"0001244084","0000005888","Putnam County","A","+39667443","-086843561","06",29093,779,74,143,0,164,8,17,0,37
"G1801350","1990","IN",,,,,,,,,,,"99","Randolph","135",,,"3","9999",,,,"9999","2","Indiana","18",,,,,"0001173013","0000000944","Randolph County","A","+40149924","-085005507","06",26825,25,15,28,0,222,0,0,0,33
"G1801370","1990","IN",,,,,,,,,,,"99","Ripley","137",,,"3","9999",,,,"9999","2","Indiana","18",,,,,"0001156148","0000004024","Ripley County","A","+39101885","-085260258","06",24450,4,56,18,2,65,0,0,0,21
"G1801390","1990","IN",,,,,,,,,,,"99","Rush","139",,,"3","9999",,,,"9999","2","Indiana","18",,,,,"0001057617","0000000792","Rush County","A","+39617418","-085468939","06",17878,123,21,33,5,57,12,0,0,0
"G1801410","1990","IN",,,,,,,,,,,"99","St Joseph","141",,,"3","7800",,,,"9999","2","Indiana","18",,,,,"0001184509","0000009408","St. Joseph County","A","+41617600","-086287560","06",214978,23775,712,2279,221,2521,198,14,52,2302
"G1801430","1990","IN",,,,,,,,,,,"99","Scott","143",,,"3","9999",,,,"9999","2","Indiana","18",,,,,"0000493135","0000006072","Scott County","A","+38686821","-085744206","06",20776,24,34,14,0,65,0,0,0,78
"G1801450","1990","IN",,,,,,,,,,,"99","Shelby","145",,,"3","3480",,,,"9999","2","Indiana","18",,,,,"0001068808","0000001222","Shelby County","A","+39523461","-085791160","06",39579,429,69,114,0,94,0,0,0,22
"G1801470","1990","IN",,,,,,,,,,,"99","Spencer","147",,,"3","9999",,,,"9999","2","Indiana","18",,,,,"0001032677","0000006579","Spencer County","A","+38010578","-087010857","06",19116,160,49,48,0,97,0,7,0,13
"G1801490","1990","IN",,,,,,,,,,,"99","Starke","149",,,"3","9999",,,,"9999","2","Indiana","18",,,,,"0000801145","0000007778","Starke County","A","+41281940","-086647558","06",22198,39,146,10,0,307,0,0,0,47
"G1801510","1990","IN",,,,,,,,,,,"99","Steuben","151",,,"3","9999",,,,"9999","2","Indiana","18",,,,,"0000799625","0000035639","Steuben County","A","+41644107","-085000493","06",27052,52,71,73,14,165,0,0,2,17
"G1801530","1990","IN",,,,,,,,,,,"99","Sullivan","153",,,"3","9999",,,,"9999","2","Indiana","18",,,,,"0001158312","0000017712","Sullivan County","A","+39089387","-087414121","06",18775,0,142,14,0,62,0,0,0,0
"G1801550","1990","IN",,,,,,,,,,,"99","Switzerland","155",,,"3","9999",,,,"9999","2","Indiana","18",,,,,"0000572911","0000006061","Switzerland County","A","+38824402","-085027328","06",7690,30,16,0,0,2,0,0,0,0
"G1801570","1990","IN",,,,,,,,,,,"99","Tippecanoe","157",,,"3","3920",,,,"9999","2","Indiana","18",,,,,"0001294579","0000008492","Tippecanoe County","A","+40387950","-086893666","06",121222,2470,213,4905,33,968,22,5,20,740
"G1801590","1990","IN",,,,,,,,,,,"99","Tipton","159",,,"3","3850",,,,"9999","2","Indiana","18",,,,,"0000674452","0000000059","Tipton County","A","+40309855","-086051606","06",15945,0,21,16,0,62,0,0,0,75
"G1801610","1990","IN",,,,,,,,,,,"99","Union","161",,,"3","9999",,,,"9999","2","Indiana","18",,,,,"0000418437","0000009584","Union County","A","+39622763","-084922882","06",6907,11,20,12,0,12,0,0,0,14
"G1801630","1990","IN",,,,,,,,,,,"99","Vanderburgh","163",,,"3","2440",,,,"9999","2","Indiana","18",,,,,"0000607577","0000003029","Vanderburgh County","A","+38023000","-087583527","06",150616,12387,314,948,79,520,60,0,0,134
"G1801650","1990","IN",,,,,,,,,,,"99","Vermillion","165",,,"3","9999",,,,"9999","2","Indiana","18",,,,,"0000665380","0000007893","Vermillion County","A","+39853961","-087462188","06",16641,55,4,16,17,40,0,0,0,0
"G1801670","1990","IN",,,,,,,,,,,"99","Vigo","167",,,"3","8320",,,,"9999","2","Indiana","18",,,,,"0001044609","0000018580","Vigo County","A","+39428800","-087390270","06",97915,5846,226,1086,77,621,122,20,0,194
"G1801690","1990","IN",,,,,,,,,,,"99","Wabash","169",,,"3","9999",,,,"9999","2","Indiana","18",,,,,"0001070173","0000020468","Wabash County","A","+40847123","-085790382","06",34379,78,200,151,12,124,7,8,11,99
"G1801710","1990","IN",,,,,,,,,,,"99","Warren","171",,,"3","9999",,,,"9999","2","Indiana","18",,,,,"0000945111","0000004449","Warren County","A","+40345148","-087355756","06",8106,0,14,10,0,37,0,0,0,9
"G1801730","1990","IN",,,,,,,,,,,"99","Warrick","173",,,"3","2440",,,,"9999","2","Indiana","18",,,,,"0000994789","0000017574","Warrick County","A","+38098371","-087271484","06",44024,308,144,222,0,202,0,0,20,0
"G1801750","1990","IN",,,,,,,,,,,"99","Washington","175",,,"3","9999",,,,"9999","2","Indiana","18",,,,,"0001332440","0000005480","Washington County","A","+38599282","-086105592","06",23569,31,16,15,0,38,8,10,0,30
"G1801770","1990","IN",,,,,,,,,,,"99","Wayne","177",,,"3","9999",,,,"9999","2","Indiana","18",,,,,"0001045261","0000002075","Wayne County","A","+39862372","-085006383","06",67438,3768,200,124,87,211,21,8,0,94
"G1801790","1990","IN",,,,,,,,,,,"99","Wells","179",,,"3","9999",,,,"9999","2","Indiana","18",,,,,"0000958265","0000001156","Wells County","A","+40727466","-085220403","06",25576,0,66,8,0,210,0,0,0,88
"G1801810","1990","IN",,,,,,,,,,,"99","White","181",,,"3","9999",,,,"9999","2","Indiana","18",,,,,"0001308619","0000009234","White County","A","+40747598","-086864802","06",23079,0,10,70,0,81,0,0,7,18
"G1801830","1990","IN",,,,,,,,,,,"99","Whitley","183",,,"3","2760",,,,"9999","2","Indiana","18",,,,,"0000869026","0000006165","Whitley County","A","+41135419","-085503942","06",27313,8,96,36,4,137,0,0,0,57
"G1900010","1990","IA",,,,,,,,,,,"99","Adair","001",,,"4","9999",,,,"9999","2","Iowa","19",,,,,"0001474561","0000002596","Adair County","A","+41327177","-094466243","06",8352,0,8,29,0,17,0,0,0,3
"G1900030","1990","IA",,,,,,,,,,,"99","Adams","003",,,"4","9999",,,,"9999","2","Iowa","19",,,,,"0001097012","0000004834","Adams County","A","+41033055","-094702444","06",4836,2,11,6,0,11,0,0,0,0
"G1900050","1990","IA",,,,,,,,,,,"99","Allamakee","005",,,"4","9999",,,,"9999","2","Iowa","19",,,,,"0001656587","0000049588","Allamakee County","A","+43279771","-091373077","06",13805,7,14,11,0,14,2,2,0,0
"G1900070","1990","IA",,,,,,,,,,,"99","Appanoose","007",,,"4","9999",,,,"9999","2","Iowa","19",,,,,"0001285380","0000052072","Appanoose County","A","+40741209","-092868827","06",13548,75,36,48,2,34,0,0,0,0
"G1900090","1990","IA",,,,,,,,,,,"99","Audubon","009",,,"4","9999",,,,"9999","2","Iowa","19",,,,,"0001147768","0000001150","Audubon County","A","+41684710","-094905244","06",7303,0,2,18,0,11,0,0,0,0
"G1900110","1990","IA",,,,,,,,,,,"99","Benton","011",,,"4","9999",,,,"9999","2","Iowa","19",,,,,"0001855618","0000005337","Benton County","A","+42079571","-092066456","06",22266,10,32,75,0,38,0,0,0,8
"G1900130","1990","IA",,,,,,,,,,,"99","Black Hawk","013",,,"4","8920",,,,"9999","2","Iowa","19",,,,,"0001469497","0000011876","Black Hawk County","A","+42472700","-092306913","06",113145,8493,238,1005,102,566,31,0,0,218
"G1900150","1990","IA",,,,,,,,,,,"99","Boone","015",,,"4","9999",,,,"9999","2","Iowa","19",,,,,"0001480152","0000005319","Boone County","A","+42036005","-093932980","06",24940,41,14,115,0,66,0,0,0,10
"G1900170","1990","IA",,,,,,,,,,,"99","Bremer","017",,,"4","8920",,,,"9999","2","Iowa","19",,,,,"0001134250","0000004409","Bremer County","A","+42776080","-092307767","06",22550,73,2,96,1,72,0,0,0,19
"G1900190","1990","IA",,,,,,,,,,,"99","Buchanan","019",,,"4","9999",,,,"9999","2","Iowa","19",,,,,"0001479638","0000005424","Buchanan County","A","+42469076","-091839412","06",20667,51,19,6,15,54,0,0,0,32
"G1900210","1990","IA",,,,,,,,,,,"99","Buena Vista","021",,,"4","9999",,,,"9999","2","Iowa","19",,,,,"0001488786","0000013678","Buena Vista County","A","+42741556","-095160763","06",19417,39,13,388,0,46,13,0,0,49
"G1900230","1990","IA",,,,,,,,,,,"99","Butler","023",,,"4","9999",,,,"9999","2","Iowa","19",,,,,"0001503287","0000003058","Butler County","A","+42728461","-092794795","06",15670,10,12,25,0,11,0,0,0,3
"G1900250","1990","IA",,,,,,,,,,,"99","Calhoun","025",,,"4","9999",,,,"9999","2","Iowa","19",,,,,"0001476819","0000005504","Calhoun County","A","+42387708","-094637196","06",11396,29,6,31,3,34,0,0,0,9
"G1900270","1990","IA",,,,,,,,,,,"99","Carroll","027",,,"4","9999",,,,"9999","2","Iowa","19",,,,,"0001474612","0000002378","Carroll County","A","+42035044","-094859098","06",21324,8,19,35,0,30,0,0,0,7
"G1900290","1990","IA",,,,,,,,,,,"99","Cass","029",,,"4","9999",,,,"9999","2","Iowa","19",,,,,"0001461665","0000001761","Cass County","A","+41329986","-094932888","06",15006,9,7,2,0,69,0,23,0,12
"G1900310","1990","IA",,,,,,,,,,,"99","Cedar","031",,,"4","9999",,,,"9999","2","Iowa","19",,,,,"0001501092","0000006308","Cedar County","A","+41772603","-091131895","06",17199,11,13,35,0,55,0,2,14,52
"G1900330","1990","IA",,,,,,,,,,,"99","Cerro Gordo","033",,,"4","9999",,,,"9999","2","Iowa","19",,,,,"0001472224","0000017490","Cerro Gordo County","A","+43083076","-093260936","06",45317,355,16,267,0,536,0,0,0,242
"G1900350","1990","IA",,,,,,,,,,,"99","Cherokee","035",,,"4","9999",,,,"9999","2","Iowa","19",,,,,"0001494950","0000000471","Cherokee County","A","+42735462","-095623017","06",13918,50,64,37,0,29,0,0,0,0
"G1900370","1990","IA",,,,,,,,,,,"99","Chickasaw","037",,,"4","9999",,,,"9999","2","Iowa","19",,,,,"0001307182","0000002144","Chickasaw County","A","+43059704","-092317007","06",13258,0,0,1,0,32,0,0,0,4
"G1900390","1990","IA",,,,,,,,,,,"99","Clarke","039",,,"4","9999",,,,"9999","2","Iowa","19",,,,,"0001116687","0000001555","Clarke County","A","+41029073","-093783863","06",8218,0,12,36,0,21,0,0,0,0
"G1900410","1990","IA",,,,,,,,,,,"99","Clay","041",,,"4","9999",,,,"9999","2","Iowa","19",,,,,"0001473541","0000009392","Clay County","A","+43084999","-095154581","06",17448,8,77,20,0,16,0,0,6,10
"G1900430","1990","IA",,,,,,,,,,,"99","Clayton","043",,,"4","9999",,,,"9999","2","Iowa","19",,,,,"0002017221","0000036271","Clayton County","A","+42853626","-091340623","06",18946,7,6,41,5,31,0,0,0,18
"G1900450","1990","IA",,,,,,,,,,,"99","Clinton","045",,,"4","9999",,,,"9999","2","Iowa","19",,,,,"0001800161","0000039401","Clinton County","A","+41897142","-090534271","06",49827,692,144,151,5,139,15,0,19,48
"G1900470","1990","IA",,,,,,,,,,,"99","Crawford","047",,,"4","9999",,,,"9999","2","Iowa","19",,,,,"0001850324","0000001632","Crawford County","A","+42039142","-095383703","06",16455,58,29,95,0,117,0,0,20,1
"G1900490","1990","IA",,,,,,,,,,,"99","Dallas","049",,,"4","2120",,,,"9999","2","Iowa","19",,,,,"0001519048","0000013635","Dallas County","A","+41688064","-094037986","06",29433,44,39,40,8,147,0,0,0,44
"G1900510","1990","IA",,,,,,,,,,,"99","Davis","051",,,"4","9999",,,,"9999","2","Iowa","19",,,,,"0001303508","0000004270","Davis County","A","+40748059","-092410181","06",8252,7,10,0,0,5,0,0,0,38
"G1900530","1990","IA",,,,,,,,,,,"99","Decatur","053",,,"4","9999",,,,"9999","2","Iowa","19",,,,,"0001378529","0000002873","Decatur County","A","+40737907","-093783594","06",8226,15,17,35,2,35,0,2,0,6
"G1900550","1990","IA",,,,,,,,,,,"99","Delaware","055",,,"4","9999",,,,"9999","2","Iowa","19",,,,,"0001496721","0000003096","Delaware County","A","+42469648","-091366843","06",17889,4,22,39,0,68,0,0,9,4
"G1900570","1990","IA",,,,,,,,,,,"99","Des Moines","057",,,"4","9999",,,,"9999","2","Iowa","19",,,,,"0001077896","0000035352","Des Moines County","A","+40920863","-091174917","06",40661,1237,55,204,8,216,14,0,0,219
"G1900590","1990","IA",,,,,,,,,,,"99","Dickinson","059",,,"4","9999",,,,"9999","2","Iowa","19",,,,,"0000986969","0000058633","Dickinson County","A","+43377193","-095151784","06",14803,0,25,29,2,42,0,0,0,8
"G1900610","1990","IA",,,,,,,,,,,"99","Dubuque","061",,,"4","2200",,,,"9999","2","Iowa","19",,,,,"0001575286","0000021776","Dubuque County","A","+42472788","-090885767","06",85140,298,78,426,17,327,7,0,0,110
"G1900630","1990","IA",,,,,,,,,,,"99","Emmet","063",,,"4","9999",,,,"9999","2","Iowa","19",,,,,"0001025043","0000017183","Emmet County","A","+43378084","-094669178","06",11487,9,11,24,0,38,0,0,0,0
"G1900650","1990","IA",,,,,,,,,,,"99","Fayette","065",,,"4","9999",,,,"9999","2","Iowa","19",,,,,"0001893240","0000001276","Fayette County","A","+42858180","-091845342","06",21500,46,41,69,3,120,4,0,0,60
"G1900670","1990","IA",,,,,,,,,,,"99","Floyd","067",,,"4","9999",,,,"9999","2","Iowa","19",,,,,"0001296545","0000001909","Floyd County","A","+43058144","-092789780","06",16891,0,9,50,0,70,0,0,0,38
"G1900690","1990","IA",,,,,,,,,,,"99","Franklin","069",,,"4","9999",,,,"9999","2","Iowa","19",,,,,"0001508646","0000001485","Franklin County","A","+42730529","-093260473","06",11247,0,12,0,0,44,0,0,0,61
"G1900710","1990","IA",,,,,,,,,,,"99","Fremont","071",,,"4","9999",,,,"9999","2","Iowa","19",,,,,"0001324314","0000014161","Fremont County","A","+40743126","-095599944","06",8113,2,8,11,0,37,0,0,0,55
"G1900730","1990","IA",,,,,,,,,,,"99","Greene","073",,,"4","9999",,,,"9999","2","Iowa","19",,,,,"0001472261","0000007048","Greene County","A","+42038345","-094391450","06",9950,0,12,42,0,33,0,0,0,8
"G1900750","1990","IA",,,,,,,,,,,"99","Grundy","075",,,"4","9999",,,,"9999","2","Iowa","19",,,,,"0001301612","0000000083","Grundy County","A","+42401201","-092790958","06",11965,9,5,20,0,14,0,0,4,12
"G1900770","1990","IA",,,,,,,,,,,"99","Guthrie","077",,,"4","9999",,,,"9999","2","Iowa","19",,,,,"0001529736","0000006364","Guthrie County","A","+41683568","-094501129","06",10877,10,15,8,0,15,0,2,0,8
"G1900790","1990","IA",,,,,,,,,,,"99","Hamilton","079",,,"4","9999",,,,"9999","2","Iowa","19",,,,,"0001493679","0000001979","Hamilton County","A","+42381060","-093709227","06",15844,0,31,74,0,85,0,0,0,37
"G1900810","1990","IA",,,,,,,,,,,"99","Hancock","081",,,"4","9999",,,,"9999","2","Iowa","19",,,,,"0001479266","0000005269","Hancock County","A","+43086340","-093742557","06",12497,0,16,24,6,24,0,0,0,71
"G1900830","1990","IA",,,,,,,,,,,"99","Hardin","083",,,"4","9999",,,,"9999","2","Iowa","19",,,,,"0001474516","0000001752","Hardin County","A","+42379717","-093241515","06",18772,139,21,58,0,46,0,0,0,58
"G1900850","1990","IA",,,,,,,,,,,"99","Harrison","085",,,"4","9999",,,,"9999","2","Iowa","19",,,,,"0001804853","0000010705","Harrison County","A","+41687151","-095809926","06",14619,2,31,25,1,48,0,0,0,4
"G1900870","1990","IA",,,,,,,,,,,"99","Henry","087",,,"4","9999",,,,"9999","2","Iowa","19",,,,,"0001125282","0000005809","Henry County","A","+40988540","-091543838","06",18620,243,9,205,13,61,11,0,0,64
"G1900890","1990","IA",,,,,,,,,,,"99","Howard","089",,,"4","9999",,,,"9999","2","Iowa","19",,,,,"0001226202","0000000928","Howard County","A","+43352475","-092315493","06",9762,8,2,16,0,13,8,0,0,0
"G1900910","1990","IA",,,,,,,,,,,"99","Humboldt","091",,,"4","9999",,,,"9999","2","Iowa","19",,,,,"0001125181","0000003409","Humboldt County","A","+42782088","-094202591","06",10704,14,0,31,0,6,0,0,0,1
"G1900930","1990","IA",,,,,,,,,,,"99","Ida","093",,,"4","9999",,,,"9999","2","Iowa","19",,,,,"0001118201","0000001342","Ida County","A","+42381458","-095513075","06",8306,2,6,19,2,14,0,0,0,16
"G1900950","1990","IA",,,,,,,,,,,"99","Iowa","095",,,"4","9999",,,,"9999","2","Iowa","19",,,,,"0001519044","0000002303","Iowa County","A","+41687503","-092065664","06",14560,9,6,31,2,15,0,0,0,7
"G1900970","1990","IA",,,,,,,,,,,"99","Jackson","097",,,"4","9999",,,,"9999","2","Iowa","19",,,,,"0001647628","0000035386","Jackson County","A","+42164952","-090576042","06",19850,8,25,24,2,19,0,0,0,22
"G1900990","1990","IA",,,,,,,,,,,"99","Jasper","099",,,"4","9999",,,,"9999","2","Iowa","19",,,,,"0001890791","0000007610","Jasper County","A","+41685998","-093052619","06",34272,131,59,164,0,125,0,0,0,44
"G1901010","1990","IA",,,,,,,,,,,"99","Jefferson","101",,,"4","9999",,,,"9999","2","Iowa","19",,,,,"0001127646","0000003563","Jefferson County","A","+41033282","-091948011","06",15923,106,44,93,0,125,0,0,0,19
"G1901030","1990","IA",,,,,,,,,,,"99","Johnson","103",,,"4","3500",,,,"9999","2","Iowa","19",,,,,"0001591651","0000022972","Johnson County","A","+41665667","-091589563","06",89109,1993,98,3705,28,726,17,27,26,390
"G1901050","1990","IA",,,,,,,,,,,"99","Jones","105",,,"4","9999",,,,"9999","2","Iowa","19",,,,,"0001490167","0000003585","Jones County","A","+42120175","-091131197","06",18991,303,35,15,8,27,0,0,8,57
"G1901070","1990","IA",,,,,,,,,,,"99","Keokuk","107",,,"4","9999",,,,"9999","2","Iowa","19",,,,,"0001500224","0000001943","Keokuk County","A","+41336959","-092180601","06",11542,2,31,30,0,14,0,0,0,5
"G1901090","1990","IA",,,,,,,,,,,"99","Kossuth","109",,,"4","9999",,,,"9999","2","Iowa","19",,,,,"0002520257","0000003586","Kossuth County","A","+43204989","-094196696","06",18487,0,10,31,0,18,0,0,0,45
"G1901110","1990","IA",,,,,,,,,,,"99","Lee","111",,,"4","9999",,,,"9999","2","Iowa","19",,,,,"0001340114","0000055381","Lee County","A","+40644531","-091478060","06",36672,1164,25,110,25,378,12,0,0,301
"G1901130","1990","IA",,,,,,,,,,,"99","Linn","113",,,"4","1360",,,,"9999","2","Iowa","19",,,,,"0001858359","0000018401","Linn County","A","+42079317","-091594893","06",162391,3200,280,1467,96,908,47,15,11,352
"G1901150","1990","IA",,,,,,,,,,,"99","Louisa","115",,,"4","9999",,,,"9999","2","Iowa","19",,,,,"0001041026","0000040751","Louisa County","A","+41217415","-091261528","06",11110,94,24,42,0,109,0,3,0,210
"G1901170","1990","IA",,,,,,,,,,,"99","Lucas","117",,,"4","9999",,,,"9999","2","Iowa","19",,,,,"0001115238","0000009372","Lucas County","A","+41027345","-093326667","06",8975,0,18,12,43,10,0,1,0,11
"G1901190","1990","IA",,,,,,,,,,,"99","Lyon","119",,,"4","9999",,,,"9999","2","Iowa","19",,,,,"0001521757","0000000347","Lyon County","A","+43373076","-096209069","06",11890,0,5,48,0,2,0,0,0,7
"G1901210","1990","IA",,,,,,,,,,,"99","Madison","121",,,"4","9999",,,,"9999","2","Iowa","19",,,,,"0001453427","0000003005","Madison County","A","+41330604","-094014932","06",12391,4,21,11,0,18,0,31,0,7
"G1901230","1990","IA",,,,,,,,,,,"99","Mahaska","123",,,"4","9999",,,,"9999","2","Iowa","19",,,,,"0001478752","0000006478","Mahaska County","A","+41333869","-092644966","06",21209,53,47,79,11,83,0,6,0,34
"G1901250","1990","IA",,,,,,,,,,,"99","Marion","125",,,"4","9999",,,,"9999","2","Iowa","19",,,,,"0001435531","0000042271","Marion County","A","+41334627","-093101356","06",29491,36,47,241,0,141,29,0,0,16
"G1901270","1990","IA",,,,,,,,,,,"99","Marshall","127",,,"4","9999",,,,"9999","2","Iowa","19",,,,,"0001482433","0000001811","Marshall County","A","+42033473","-093001746","06",37312,165,127,308,51,165,0,13,0,135
"G1901290","1990","IA",,,,,,,,,,,"99","Mills","129",,,"4","9999",,,,"9999","2","Iowa","19",,,,,"0001130705","0000008116","Mills County","A","+41033605","-095618292","06",13106,10,21,16,0,33,0,0,0,16
"G1901310","1990","IA",,,,,,,,,,,"99","Mitchell","131",,,"4","9999",,,,"9999","2","Iowa","19",,,,,"0001214585","0000001225","Mitchell County","A","+43358923","-092786385","06",10845,11,2,8,6,56,0,0,0,0
"G1901330","1990","IA",,,,,,,,,,,"99","Monona","133",,,"4","9999",,,,"9999","2","Iowa","19",,,,,"0001795280","0000014846","Monona County","A","+42050438","-095953364","06",9949,0,41,37,0,7,0,0,0,0
"G1901350","1990","IA",,,,,,,,,,,"99","Monroe","135",,,"4","9999",,,,"9999","2","Iowa","19",,,,,"0001122611","0000001812","Monroe County","A","+41028619","-092869761","06",7966,70,51,27,0,0,0,0,0,0
"G1901370","1990","IA",,,,,,,,,,,"99","Montgomery","137",,,"4","9999",,,,"9999","2","Iowa","19",,,,,"0001097914","0000002411","Montgomery County","A","+41031473","-095156377","06",12044,0,18,0,2,12,0,0,0,0
"G1901390","1990","IA",,,,,,,,,,,"99","Muscatine","139",,,"4","9999",,,,"9999","2","Iowa","19",,,,,"0001136210","0000026939","Muscatine County","A","+41487343","-091113265","06",36612,104,138,173,30,1278,30,12,0,1530
"G1901410","1990","IA",,,,,,,,,,,"99","O Brien","141",,,"4","9999",,,,"9999","2","Iowa","19",,,,,"0001484414","0000000444","O'Brien County","A","+43084046","-095625507","06",15304,4,25,74,3,31,0,0,0,3
"G1901430","1990","IA",,,,,,,,,,,"99","Osceola","143",,,"4","9999",,,,"9999","2","Iowa","19",,,,,"0001032887","0000001870","Osceola County","A","+43377347","-095619348","06",7211,4,2,19,0,0,0,0,0,31
"G1901450","1990","IA",,,,,,,,,,,"99","Page","145",,,"4","9999",,,,"9999","2","Iowa","19",,,,,"0001385285","0000001358","Page County","A","+40738139","-095149618","06",16595,59,40,25,0,137,0,0,0,14
"G1901470","1990","IA",,,,,,,,,,,"99","Palo Alto","147",,,"4","9999",,,,"9999","2","Iowa","19",,,,,"0001460440","0000014428","Palo Alto County","A","+43090980","-094679762","06",10610,13,27,11,0,2,0,0,0,6
"G1901490","1990","IA",,,,,,,,,,,"99","Plymouth","149",,,"4","9999",,,,"9999","2","Iowa","19",,,,,"0002236805","0000000997","Plymouth County","A","+42736720","-096216082","06",23280,21,29,8,17,19,7,0,0,7
"G1901510","1990","IA",,,,,,,,,,,"99","Pocahontas","151",,,"4","9999",,,,"9999","2","Iowa","19",,,,,"0001496356","0000003691","Pocahontas County","A","+42733449","-094678171","06",9453,2,8,35,0,25,0,0,0,2
"G1901530","1990","IA",,,,,,,,,,,"99","Polk","153",,,"4","2120",,,,"9999","2","Iowa","19",,,,,"0001474960","0000058163","Polk County","A","+41680800","-093568953","06",299744,14360,832,5607,145,3706,150,141,102,2353
"G1901550","1990","IA",,,,,,,,,,,"99","Pottawattamie","155",,,"4","5920",,,,"9999","2","Iowa","19",,,,,"0002471710","0000014704","Pottawattamie County","A","+41339650","-095545890","06",80339,425,205,232,18,974,14,17,0,404
"G1901570","1990","IA",,,,,,,,,,,"99","Poweshiek","157",,,"4","9999",,,,"9999","2","Iowa","19",,,,,"0001515351","0000002967","Poweshiek County","A","+41694480","-092531890","06",18732,59,27,149,14,26,0,0,19,7
"G1901590","1990","IA",,,,,,,,,,,"99","Ringgold","159",,,"4","9999",,,,"9999","2","Iowa","19",,,,,"0001392666","0000003235","Ringgold County","A","+40735000","-094244289","06",5364,0,9,38,0,9,0,0,0,0
"G1901610","1990","IA",,,,,,,,,,,"99","Sac","161",,,"4","9999",,,,"9999","2","Iowa","19",,,,,"0001491417","0000006697","Sac County","A","+42386706","-095103827","06",12235,6,20,21,0,24,0,2,0,16
"G1901630","1990","IA",,,,,,,,,,,"99","Scott","163",,,"4","1960",,,,"9999","2","Iowa","19",,,,,"0001185996","0000026650","Scott County","A","+41641600","-090622189","06",137191,7728,511,1238,150,2304,99,113,38,1607
"G1901650","1990","IA",,,,,,,,,,,"99","Shelby","165",,,"4","9999",,,,"9999","2","Iowa","19",,,,,"0001530473","0000001258","Shelby County","A","+41679068","-095308893","06",13113,9,34,15,6,51,0,0,0,2
"G1901670","1990","IA",,,,,,,,,,,"99","Sioux","167",,,"4","9999",,,,"9999","2","Iowa","19",,,,,"0001988986","0000001811","Sioux County","A","+43082979","-096177420","06",29533,22,51,177,12,83,0,0,0,25
"G1901690","1990","IA",,,,,,,,,,,"99","Story","169",,,"4","9999",,,,"9999","2","Iowa","19",,,,,"0001483779","0000002169","Story County","A","+42036923","-093466437","06",68869,1223,85,3342,13,354,18,10,25,313
"G1901710","1990","IA",,,,,,,,,,,"99","Tama","171",,,"4","9999",,,,"9999","2","Iowa","19",,,,,"0001868308","0000002772","Tama County","A","+42081370","-092532090","06",16373,27,853,88,0,38,2,7,0,31
"G1901730","1990","IA",,,,,,,,,,,"99","Taylor","173",,,"4","9999",,,,"9999","2","Iowa","19",,,,,"0001383005","0000002260","Taylor County","A","+40733980","-094692003","06",7034,2,7,24,0,32,0,0,0,15
"G1901750","1990","IA",,,,,,,,,,,"99","Union","175",,,"4","9999",,,,"9999","2","Iowa","19",,,,,"0001099226","0000004058","Union County","A","+41027669","-094242081","06",12613,29,36,47,0,25,0,0,0,0
"G1901770","1990","IA",,,,,,,,,,,"99","Van Buren","177",,,"4","9999",,,,"9999","2","Iowa","19",,,,,"0001256803","0000013818","Van Buren County","A","+40754570","-091953155","06",7649,2,7,1,0,16,0,0,0,1
"G1901790","1990","IA",,,,,,,,,,,"99","Wapello","179",,,"4","9999",,,,"9999","2","Iowa","19",,,,,"0001118480","0000010806","Wapello County","A","+41029909","-092409287","06",34856,297,155,150,12,114,0,6,0,97
"G1901810","1990","IA",,,,,,,,,,,"99","Warren","181",,,"4","2120",,,,"9999","2","Iowa","19",,,,,"0001480652","0000004047","Warren County","A","+41333408","-093560432","06",35562,44,51,123,4,173,0,0,14,62
"G1901830","1990","IA",,,,,,,,,,,"99","Washington","183",,,"4","9999",,,,"9999","2","Iowa","19",,,,,"0001473258","0000005137","Washington County","A","+41337091","-091716737","06",19326,76,16,36,2,94,0,0,19,43
"G1901850","1990","IA",,,,,,,,,,,"99","Wayne","185",,,"4","9999",,,,"9999","2","Iowa","19",,,,,"0001361412","0000003824","Wayne County","A","+40738437","-093326465","06",7035,0,4,21,0,5,0,0,0,2
"G1901870","1990","IA",,,,,,,,,,,"99","Webster","187",,,"4","9999",,,,"9999","2","Iowa","19",,,,,"0001852559","0000007310","Webster County","A","+42434148","-094178790","06",38941,671,127,170,13,294,0,0,0,126
"G1901890","1990","IA",,,,,,,,,,,"99","Winnebago","189",,,"4","9999",,,,"9999","2","Iowa","19",,,,,"0001037251","0000002862","Winnebago County","A","+43378350","-093725049","06",11838,24,24,139,0,79,0,0,0,18
"G1901910","1990","IA",,,,,,,,,,,"99","Winneshiek","191",,,"4","9999",,,,"9999","2","Iowa","19",,,,,"0001786219","0000000699","Winneshiek County","A","+43290968","-091843213","06",20575,17,8,200,0,38,0,0,0,9
"G1901930","1990","IA",,,,,,,,,,,"99","Woodbury","193",,,"4","7720",,,,"9999","2","Iowa","19",,,,,"0002260177","0000012376","Woodbury County","A","+42388101","-096036639","06",90934,1936,1469,1255,87,1121,78,245,21,1130
"G1901950","1990","IA",,,,,,,,,,,"99","Worth","195",,,"4","9999",,,,"9999","2","Iowa","19",,,,,"0001036040","0000004444","Worth County","A","+43376176","-093265570","06",7890,8,4,12,0,40,0,0,0,37
"G1901970","1990","IA",,,,,,,,,,,"99","Wright","197",,,"4","9999",,,,"9999","2","Iowa","19",,,,,"0001504172","0000004705","Wright County","A","+42732980","-093734605","06",14101,3,23,19,0,93,0,0,0,30
"G2000010","1990","KS",,,,,,,,,,,"99","Allen","001",,,"4","9999",,,,"9999","2","Kansas","20",,,,,"0001302932","0000005633","Allen County","A","+37888433","-095300019","06",14042,269,123,35,0,105,0,2,0,62
"G2000030","1990","KS",,,,,,,,,,,"99","Anderson","003",,,"4","9999",,,,"9999","2","Kansas","20",,,,,"0001509908","0000003561","Anderson County","A","+38215679","-095292028","06",7636,24,76,0,0,6,0,4,0,57
"G2000050","1990","KS",,,,,,,,,,,"99","Atchison","005",,,"4","9999",,,,"9999","2","Kansas","20",,,,,"0001119807","0000007004","Atchison County","A","+39530584","-095314265","06",15393,871,92,209,8,149,22,2,8,178
"G2000070","1990","KS",,,,,,,,,,,"99","Barber","007",,,"4","9999",,,,"9999","2","Kansas","20",,,,,"0002937501","0000005435","Barber County","A","+37224394","-098684494","06",5758,13,15,0,0,52,0,0,0,36
"G2000090","1990","KS",,,,,,,,,,,"99","Barton","009",,,"4","9999",,,,"9999","2","Kansas","20",,,,,"0002315573","0000016724","Barton County","A","+38479997","-098755422","06",28002,366,84,66,0,412,7,0,16,429
"G2000110","1990","KS",,,,,,,,,,,"99","Bourbon","011",,,"4","9999",,,,"9999","2","Kansas","20",,,,,"0001650194","0000004496","Bourbon County","A","+37856089","-094850608","06",14308,430,133,10,21,28,0,0,0,36
"G2000130","1990","KS",,,,,,,,,,,"99","Brown","013",,,"4","9999",,,,"9999","2","Kansas","20",,,,,"0001478125","0000003940","Brown County","A","+39822919","-095562123","06",10152,150,605,21,8,105,0,41,2,44
"G2000150","1990","KS",,,,,,,,,,,"99","Butler","015",,,"4","9040",,,,"9999","2","Kansas","20",,,,,"0003698917","0000047485","Butler County","A","+37773619","-096833952","06",48964,341,503,135,18,381,0,17,0,221
"G2000170","1990","KS",,,,,,,,,,,"99","Chase","017",,,"4","9999",,,,"9999","2","Kansas","20",,,,,"0002009683","0000005497","Chase County","A","+38301526","-096593025","06",2986,4,8,0,0,23,0,0,0,0
"G2000190","1990","KS",,,,,,,,,,,"99","Chautauqua","019",,,"4","9999",,,,"9999","2","Kansas","20",,,,,"0001662083","0000008137","Chautauqua County","A","+37154658","-096245394","06",4239,14,116,7,0,21,0,0,0,10
"G2000210","1990","KS",,,,,,,,,,,"99","Cherokee","021",,,"4","9999",,,,"9999","2","Kansas","20",,,,,"0001520771","0000009970","Cherokee County","A","+37169417","-094845511","06",20251,77,804,0,4,198,0,35,0,5
"G2000230","1990","KS",,,,,,,,,,,"99","Cheyenne","023",,,"4","9999",,,,"9999","2","Kansas","20",,,,,"0002641646","0000002462","Cheyenne County","A","+39780842","-101729512","06",3207,0,0,18,0,18,0,0,0,0
"G2000250","1990","KS",,,,,,,,,,,"99","Clark","025",,,"4","9999",,,,"9999","2","Kansas","20",,,,,"0002524601","0000006529","Clark County","A","+37235596","-099817804","06",2323,0,28,16,0,13,0,2,0,36
"G2000270","1990","KS",,,,,,,,,,,"99","Clay","027",,,"4","9999",,,,"9999","2","Kansas","20",,,,,"0001667641","0000030010","Clay County","A","+39351049","-097164368","06",9104,4,4,15,0,24,0,0,0,7
"G2000290","1990","KS",,,,,,,,,,,"99","Cloud","029",,,"4","9999",,,,"9999","2","Kansas","20",,,,,"0001853583","0000007351","Cloud County","A","+39482838","-097655909","06",10903,33,35,2,0,27,3,0,0,20
"G2000310","1990","KS",,,,,,,,,,,"99","Coffey","031",,,"4","9999",,,,"9999","2","Kansas","20",,,,,"0001632381","0000063105","Coffey County","A","+38237467","-095734573","06",8294,11,59,2,0,36,0,0,0,2
"G2000330","1990","KS",,,,,,,,,,,"99","Comanche","033",,,"4","9999",,,,"9999","2","Kansas","20",,,,,"0002041855","0000003595","Comanche County","A","+37186195","-099281595","06",2279,5,14,0,0,9,0,2,0,4
"G2000350","1990","KS",,,,,,,,,,,"99","Cowley","035",,,"4","9999",,,,"9999","2","Kansas","20",,,,,"0002917232","0000016395","Cowley County","A","+37230648","-096836897","06",33774,1005,710,417,0,490,32,26,0,461
"G2000370","1990","KS",,,,,,,,,,,"99","Crawford","037",,,"4","9999",,,,"9999","2","Kansas","20",,,,,"0001535816","0000005514","Crawford County","A","+37507735","-094851121","06",34016,513,361,386,18,197,0,3,0,74
"G2000390","1990","KS",,,,,,,,,,,"99","Decatur","039",,,"4","9999",,,,"9999","2","Kansas","20",,,,,"0002314410","0000001642","Decatur County","A","+39784953","-100460052","06",3992,3,16,0,0,6,0,0,0,4
"G2000410","1990","KS",,,,,,,,,,,"99","Dickinson","041",,,"4","9999",,,,"9999","2","Kansas","20",,,,,"0002197463","0000010922","Dickinson County","A","+38864092","-097157586","06",18416,131,116,28,5,159,0,0,0,103
"G2000430","1990","KS",,,,,,,,,,,"99","Doniphan","043",,,"4","9999",,,,"9999","2","Kansas","20",,,,,"0001015813","0000012665","Doniphan County","A","+39788908","-095147708","06",7782,146,81,39,26,20,0,2,0,38
"G2000450","1990","KS",,,,,,,,,,,"99","Douglas","045",,,"4","4150",,,,"9999","2","Kansas","20",,,,,"0001183540","0000045422","Douglas County","A","+38884404","-095286933","06",71858,3308,2007,2592,42,1060,7,146,58,720
"G2000470","1990","KS",,,,,,,,,,,"99","Edwards","047",,,"4","9999",,,,"9999","2","Kansas","20",,,,,"0001611113","0000000209","Edwards County","A","+37883476","-099304068","06",3552,2,27,9,0,81,0,0,0,116
"G2000490","1990","KS",,,,,,,,,,,"99","Elk","049",,,"4","9999",,,,"9999","2","Kansas","20",,,,,"0001677947","0000006607","Elk County","A","+37456649","-096244716","06",3203,7,59,5,7,28,0,11,0,7
"G2000510","1990","KS",,,,,,,,,,,"99","Ellis","051",,,"4","9999",,,,"9999","2","Kansas","20",,,,,"0002331045","0000001299","Ellis County","A","+38916464","-099314761","06",25518,65,34,154,6,172,0,0,6,49
"G2000530","1990","KS",,,,,,,,,,,"99","Ellsworth","053",,,"4","9999",,,,"9999","2","Kansas","20",,,,,"0001854269","0000019522","Ellsworth County","A","+38695772","-098204928","06",6289,127,24,5,2,72,0,7,0,60
"G2000550","1990","KS",,,,,,,,,,,"99","Finney","055",,,"4","9999",,,,"9999","2","Kansas","20",,,,,"0003367402","0000006553","Finney County","A","+38046735","-100746062","06",22847,489,164,1131,103,3556,26,29,117,4608
"G2000570","1990","KS",,,,,,,,,,,"99","Ford","057",,,"4","9999",,,,"9999","2","Kansas","20",,,,,"0002845278","0000002041","Ford County","A","+37691991","-099883228","06",22007,379,94,663,19,927,37,73,15,3249
"G2000590","1990","KS",,,,,,,,,,,"99","Franklin","059",,,"4","9999",,,,"9999","2","Kansas","20",,,,,"0001486407","0000007240","Franklin County","A","+38567251","-095287808","06",21026,266,159,95,0,171,0,48,4,225
"G2000610","1990","KS",,,,,,,,,,,"99","Geary","061",,,"4","9999",,,,"9999","2","Kansas","20",,,,,"0000995269","0000050964","Geary County","A","+38996321","-096749488","06",20268,7051,192,1224,76,619,181,7,24,811
"G2000630","1990","KS",,,,,,,,,,,"99","Gove","063",,,"4","9999",,,,"9999","2","Kansas","20",,,,,"0002775093","0000000233","Gove County","A","+38921015","-100491052","06",3208,0,6,5,0,12,0,0,0,0
"G2000650","1990","KS",,,,,,,,,,,"99","Graham","065",,,"4","9999",,,,"9999","2","Kansas","20",,,,,"0002326680","0000000994","Graham County","A","+39348969","-099880425","06",3411,88,20,0,0,18,3,0,0,3
"G2000670","1990","KS",,,,,,,,,,,"99","Grant","067",,,"4","9999",,,,"9999","2","Kansas","20",,,,,"0001489027","0000000474","Grant County","A","+37563003","-101309300","06",5510,0,102,0,0,563,0,5,0,979
"G2000690","1990","KS",,,,,,,,,,,"99","Gray","069",,,"4","9999",,,,"9999","2","Kansas","20",,,,,"0002250578","0000001139","Gray County","A","+37744603","-100424208","06",5106,2,22,0,2,18,0,0,0,246
"G2000710","1990","KS",,,,,,,,,,,"99","Greeley","071",,,"4","9999",,,,"9999","2","Kansas","20",,,,,"0002015159","0000000000","Greeley County","A","+38472798","-101804358","06",1651,8,3,2,5,35,0,0,0,70
"G2000730","1990","KS",,,,,,,,,,,"99","Greenwood","073",,,"4","9999",,,,"9999","2","Kansas","20",,,,,"0002952130","0000033264","Greenwood County","A","+37878126","-096228051","06",7640,4,90,0,0,43,0,18,0,52
"G2000750","1990","KS",,,,,,,,,,,"99","Hamilton","075",,,"4","9999",,,,"9999","2","Kansas","20",,,,,"0002581025","0000002926","Hamilton County","A","+37993050","-101793222","06",2224,1,15,15,2,30,0,0,14,87
"G2000770","1990","KS",,,,,,,,,,,"99","Harper","077",,,"4","9999",,,,"9999","2","Kansas","20",,,,,"0002075848","0000003918","Harper County","A","+37197700","-098078004","06",6930,26,41,9,0,94,0,0,0,24
"G2000790","1990","KS",,,,,,,,,,,"99","Harvey","079",,,"4","9040",,,,"9999","2","Kansas","20",,,,,"0001397119","0000002879","Harvey County","A","+38044455","-097424917","06",28454,459,139,369,37,808,28,8,0,726
"G2000810","1990","KS",,,,,,,,,,,"99","Haskell","081",,,"4","9999",,,,"9999","2","Kansas","20",,,,,"0001495444","0000000934","Haskell County","A","+37562776","-100872917","06",3366,6,7,5,0,60,0,1,0,441
"G2000830","1990","KS",,,,,,,,,,,"99","Hodgeman","083",,,"4","9999",,,,"9999","2","Kansas","20",,,,,"0002227341","0000000823","Hodgeman County","A","+38087507","-099898096","06",2145,6,0,0,0,16,0,0,0,10
"G2000850","1990","KS",,,,,,,,,,,"99","Jackson","085",,,"4","9999",,,,"9999","2","Kansas","20",,,,,"0001701247","0000002704","Jackson County","A","+39420659","-095797903","06",10677,41,635,0,0,70,0,58,0,44
"G2000870","1990","KS",,,,,,,,,,,"99","Jefferson","087",,,"4","9999",,,,"9999","2","Kansas","20",,,,,"0001388639","0000053948","Jefferson County","A","+39228657","-095381731","06",15436,65,140,35,11,156,0,0,0,62
"G2000890","1990","KS",,,,,,,,,,,"99","Jewell","089",,,"4","9999",,,,"9999","2","Kansas","20",,,,,"0002354865","0000013713","Jewell County","A","+39785619","-098218036","06",4229,0,8,2,0,8,0,0,2,2
"G2000910","1990","KS",,,,,,,,,,,"99","Johnson","091",,,"4","3760",,,,"9999","2","Kansas","20",,,,,"0001234856","0000008800","Johnson County","A","+38884350","-094822151","06",334644,6633,1236,5341,214,4686,158,106,99,1937
"G2000930","1990","KS",,,,,,,,,,,"99","Kearny","093",,,"4","9999",,,,"9999","2","Kansas","20",,,,,"0002253421","0000003948","Kearny County","A","+37995167","-101312731","06",3332,1,7,22,0,286,2,3,0,374
"G2000950","1990","KS",,,,,,,,,,,"99","Kingman","095",,,"4","9999",,,,"9999","2","Kansas","20",,,,,"0002237037","0000007845","Kingman County","A","+37560478","-098135217","06",8185,19,44,6,0,11,0,0,0,27
"G2000970","1990","KS",,,,,,,,,,,"99","Kiowa","097",,,"4","9999",,,,"9999","2","Kansas","20",,,,,"0001871115","0000000596","Kiowa County","A","+37558737","-099286898","06",3564,8,25,0,14,3,0,0,0,46
"G2000990","1990","KS",,,,,,,,,,,"99","Labette","099",,,"4","9999",,,,"9999","2","Kansas","20",,,,,"0001680669","0000011529","Labette County","A","+37191476","-095297611","06",21665,1007,393,82,0,352,0,0,0,194
"G2001010","1990","KS",,,,,,,,,,,"99","Lane","101",,,"4","9999",,,,"9999","2","Kansas","20",,,,,"0001857710","0000000551","Lane County","A","+38481478","-100465793","06",2312,3,10,0,0,36,0,0,0,14
"G2001030","1990","KS",,,,,,,,,,,"99","Leavenworth","103",,,"4","3760",,,,"9999","2","Kansas","20",,,,,"0001199966","0000013098","Leavenworth County","A","+39202416","-095038054","06",53940,6817,498,806,98,1103,240,52,11,806
"G2001050","1990","KS",,,,,,,,,,,"99","Lincoln","105",,,"4","9999",,,,"9999","2","Kansas","20",,,,,"0001861951","0000002773","Lincoln County","A","+39043990","-098211032","06",3608,0,16,2,1,16,0,0,0,10
"G2001070","1990","KS",,,,,,,,,,,"99","Linn","107",,,"4","9999",,,,"9999","2","Kansas","20",,,,,"0001550805","0000019641","Linn County","A","+38207123","-094840875","06",8167,33,37,2,0,1,0,0,0,14
"G2001090","1990","KS",,,,,,,,,,,"99","Logan","109",,,"4","9999",,,,"9999","2","Kansas","20",,,,,"0002779242","0000000274","Logan County","A","+38916481","-101146684","06",3022,12,6,0,0,28,0,0,0,13
"G2001110","1990","KS",,,,,,,,,,,"99","Lyon","111",,,"4","9999",,,,"9999","2","Kansas","20",,,,,"0002204069","0000010921","Lyon County","A","+38461626","-096150180","06",31044,680,143,781,9,723,0,24,28,1300
"G2001130","1990","KS",,,,,,,,,,,"99","McPherson","113",,,"4","9999",,,,"9999","2","Kansas","20",,,,,"0002330525","0000003822","McPherson County","A","+38387996","-097647545","06",26502,189,144,139,0,128,21,0,0,145
"G2001150","1990","KS",,,,,,,,,,,"99","Marion","115",,,"4","9999",,,,"9999","2","Kansas","20",,,,,"0002442786","0000027016","Marion County","A","+38361564","-097097694","06",12500,106,60,90,0,91,0,13,0,28
"G2001170","1990","KS",,,,,,,,,,,"99","Marshall","117",,,"4","9999",,,,"9999","2","Kansas","20",,,,,"0002337800","0000004622","Marshall County","A","+39778534","-096529168","06",11609,4,17,17,0,41,0,0,0,17
"G2001190","1990","KS",,,,,,,,,,,"99","Meade","119",,,"4","9999",,,,"9999","2","Kansas","20",,,,,"0002534258","0000003214","Meade County","A","+37240009","-100359257","06",4024,0,6,14,0,74,0,0,0,129
"G2001210","1990","KS",,,,,,,,,,,"99","Miami","121",,,"4","3760",,,,"9999","2","Kansas","20",,,,,"0001493802","0000034810","Miami County","A","+38564655","-094833526","06",22480,600,131,30,6,95,0,0,23,101
"G2001230","1990","KS",,,,,,,,,,,"99","Mitchell","123",,,"4","9999",,,,"9999","2","Kansas","20",,,,,"0001812778","0000048522","Mitchell County","A","+39393310","-098206530","06",7128,21,17,6,0,19,0,0,0,12
"G2001250","1990","KS",,,,,,,,,,,"99","Montgomery","125",,,"4","9999",,,,"9999","2","Kansas","20",,,,,"0001671224","0000016037","Montgomery County","A","+37189342","-095741752","06",34678,2461,866,170,16,383,0,13,0,229
"G2001270","1990","KS",,,,,,,,,,,"99","Morris","127",,,"4","9999",,,,"9999","2","Kansas","20",,,,,"0001806361","0000014140","Morris County","A","+38686623","-096643488","06",6085,25,21,13,0,37,0,3,0,14
"G2001290","1990","KS",,,,,,,,,,,"99","Morton","129",,,"4","9999",,,,"9999","2","Kansas","20",,,,,"0001890623","0000000055","Morton County","A","+37197732","-101808049","06",3056,0,43,21,2,241,3,12,0,102
"G2001310","1990","KS",,,,,,,,,,,"99","Nemaha","131",,,"4","9999",,,,"9999","2","Kansas","20",,,,,"0001862401","0000000924","Nemaha County","A","+39776155","-096018778","06",10373,35,16,14,0,8,0,0,0,0
"G2001330","1990","KS",,,,,,,,,,,"99","Neosho","133",,,"4","9999",,,,"9999","2","Kansas","20",,,,,"0001481252","0000015992","Neosho County","A","+37556830","-095301327","06",16329,208,89,21,0,171,0,0,0,217
"G2001350","1990","KS",,,,,,,,,,,"99","Ness","135",,,"4","9999",,,,"9999","2","Kansas","20",,,,,"0002783760","0000000667","Ness County","A","+38475432","-099915560","06",3985,0,6,6,0,21,0,0,0,15
"G2001370","1990","KS",,,,,,,,,,,"99","Norton","137",,,"4","9999",,,,"9999","2","Kansas","20",,,,,"0002273694","0000009185","Norton County","A","+39783841","-099898888","06",5689,140,20,32,0,46,0,0,0,20
"G2001390","1990","KS",,,,,,,,,,,"99","Osage","139",,,"4","9999",,,,"9999","2","Kansas","20",,,,,"0001822315","0000040648","Osage County","A","+38649921","-095727023","06",14992,8,119,19,0,57,0,0,0,53
"G2001410","1990","KS",,,,,,,,,,,"99","Osborne","141",,,"4","9999",,,,"9999","2","Kansas","20",,,,,"0002311862","0000004399","Osborne County","A","+39349091","-098767324","06",4798,9,20,4,0,31,0,0,0,5
"G2001430","1990","KS",,,,,,,,,,,"99","Ottawa","143",,,"4","9999",,,,"9999","2","Kansas","20",,,,,"0001867843","0000001973","Ottawa County","A","+39131606","-097652807","06",5581,0,22,2,0,25,0,0,2,2
"G2001450","1990","KS",,,,,,,,,,,"99","Pawnee","145",,,"4","9999",,,,"9999","2","Kansas","20",,,,,"0001953408","0000000994","Pawnee County","A","+38181347","-099232234","06",6975,241,34,46,0,104,0,0,0,155
"G2001470","1990","KS",,,,,,,,,,,"99","Phillips","147",,,"4","9999",,,,"9999","2","Kansas","20",,,,,"0002295407","0000022231","Phillips County","A","+39784493","-099347033","06",6504,36,9,19,0,4,0,0,0,18
"G2001490","1990","KS",,,,,,,,,,,"99","Pottawatomie","149",,,"4","9999",,,,"9999","2","Kansas","20",,,,,"0002186713","0000046178","Pottawatomie County","A","+39379536","-096333887","06",15628,100,105,75,4,169,0,7,0,40
"G2001510","1990","KS",,,,,,,,,,,"99","Pratt","151",,,"4","9999",,,,"9999","2","Kansas","20",,,,,"0001903713","0000001975","Pratt County","A","+37647726","-098739785","06",9265,123,73,18,13,140,0,4,8,58
"G2001530","1990","KS",,,,,,,,,,,"99","Rawlins","153",,,"4","9999",,,,"9999","2","Kansas","20",,,,,"0002770484","0000000280","Rawlins County","A","+39789524","-101073866","06",3374,11,2,0,0,13,0,4,0,0
"G2001550","1990","KS",,,,,,,,,,,"99","Reno","155",,,"4","9999",,,,"9999","2","Kansas","20",,,,,"0003249167","0000043576","Reno County","A","+37960613","-098089515","06",57840,1557,356,202,46,857,29,23,29,1450
"G2001570","1990","KS",,,,,,,,,,,"99","Republic","157",,,"4","9999",,,,"9999","2","Kansas","20",,,,,"0001855853","0000009868","Republic County","A","+39828164","-097650274","06",6461,0,9,6,0,6,0,0,0,0
"G2001590","1990","KS",,,,,,,,,,,"99","Rice","159",,,"4","9999",,,,"9999","2","Kansas","20",,,,,"0001881927","0000004448","Rice County","A","+38347421","-098200298","06",10227,69,66,12,2,48,3,2,3,178
"G2001610","1990","KS",,,,,,,,,,,"99","Riley","161",,,"4","9999",,,,"9999","2","Kansas","20",,,,,"0001578961","0000032405","Riley County","A","+39292937","-096727320","06",54784,6689,520,2358,81,1032,107,71,50,1447
"G2001630","1990","KS",,,,,,,,,,,"99","Rooks","163",,,"4","9999",,,,"9999","2","Kansas","20",,,,,"0002300924","0000018173","Rooks County","A","+39350761","-099325564","06",6003,7,11,4,0,11,0,0,0,3
"G2001650","1990","KS",,,,,,,,,,,"99","Rush","165",,,"4","9999",,,,"9999","2","Kansas","20",,,,,"0001860252","0000000544","Rush County","A","+38523419","-099308728","06",3804,0,6,4,0,21,0,0,0,7
"G2001670","1990","KS",,,,,,,,,,,"99","Russell","167",,,"4","9999",,,,"9999","2","Kansas","20",,,,,"0002291464","0000037021","Russell County","A","+38922221","-098766350","06",7712,55,33,0,0,30,0,0,0,5
"G2001690","1990","KS",,,,,,,,,,,"99","Saline","169",,,"4","9999",,,,"9999","2","Kansas","20",,,,,"0001863878","0000004316","Saline County","A","+38781448","-097647797","06",46033,1494,180,565,41,319,24,14,14,617
"G2001710","1990","KS",,,,,,,,,,,"99","Scott","171",,,"4","9999",,,,"9999","2","Kansas","20",,,,,"0001858542","0000000305","Scott County","A","+38481884","-100905893","06",5133,6,22,7,0,24,0,0,19,78
"G2001730","1990","KS",,,,,,,,,,,"99","Sedgwick","173",,,"4","9040",,,,"9999","2","Kansas","20",,,,,"0002590640","0000023900","Sedgwick County","A","+37683500","-097462020","06",339095,35395,4572,8257,95,6839,335,269,153,8652
"G2001750","1990","KS",,,,,,,,,,,"99","Seward","175",,,"4","9999",,,,"9999","2","Kansas","20",,,,,"0001656477","0000002560","Seward County","A","+37191283","-100852323","06",13400,1022,134,420,22,1105,8,31,19,2582
"G2001770","1990","KS",,,,,,,,,,,"99","Shawnee","177",,,"4","8440",,,,"9999","2","Kansas","20",,,,,"0001424115","0000016837","Shawnee County","A","+39042600","-095757807","06",137832,12701,1698,1269,157,3706,343,118,38,3114
"G2001790","1990","KS",,,,,,,,,,,"99","Sheridan","179",,,"4","9999",,,,"9999","2","Kansas","20",,,,,"0002321716","0000000640","Sheridan County","A","+39350549","-100440897","06",3021,0,0,10,0,10,0,0,0,2
"G2001810","1990","KS",,,,,,,,,,,"99","Sherman","181",,,"4","9999",,,,"9999","2","Kansas","20",,,,,"0002734711","0000000549","Sherman County","A","+39350732","-101719479","06",6512,10,12,0,0,76,0,8,0,308
"G2001830","1990","KS",,,,,,,,,,,"99","Smith","183",,,"4","9999",,,,"9999","2","Kansas","20",,,,,"0002319237","0000002859","Smith County","A","+39784684","-098785001","06",5044,0,15,3,0,15,0,1,0,0
"G2001850","1990","KS",,,,,,,,,,,"99","Stafford","185",,,"4","9999",,,,"9999","2","Kansas","20",,,,,"0002051531","0000006918","Stafford County","A","+38035581","-098719561","06",5209,19,10,2,0,87,0,1,0,37
"G2001870","1990","KS",,,,,,,,,,,"99","Stanton","187",,,"4","9999",,,,"9999","2","Kansas","20",,,,,"0001761361","0000000147","Stanton County","A","+37558728","-101784221","06",1981,0,18,8,3,84,0,3,5,231
"G2001890","1990","KS",,,,,,,,,,,"99","Stevens","189",,,"4","9999",,,,"9999","2","Kansas","20",,,,,"0001884478","0000000463","Stevens County","A","+37202609","-101318220","06",4417,31,79,0,0,122,0,0,0,399
"G2001910","1990","KS",,,,,,,,,,,"99","Sumner","191",,,"4","9999",,,,"9999","2","Kansas","20",,,,,"0003061101","0000007698","Sumner County","A","+37229572","-097475353","06",24472,133,371,13,10,395,0,7,3,437
"G2001930","1990","KS",,,,,,,,,,,"99","Thomas","193",,,"4","9999",,,,"9999","2","Kansas","20",,,,,"0002783891","0000000288","Thomas County","A","+39358557","-101054785","06",8056,39,11,18,7,46,0,0,0,81
"G2001950","1990","KS",,,,,,,,,,,"99","Trego","195",,,"4","9999",,,,"9999","2","Kansas","20",,,,,"0002300851","0000027790","Trego County","A","+38921356","-099864767","06",3672,0,4,0,0,18,0,0,0,0
"G2001970","1990","KS",,,,,,,,,,,"99","Wabaunsee","197",,,"4","9999",,,,"9999","2","Kansas","20",,,,,"0002065418","0000006214","Wabaunsee County","A","+38954812","-096200301","06",6416,33,50,3,0,75,0,0,0,26
"G2001990","1990","KS",,,,,,,,,,,"99","Wallace","199",,,"4","9999",,,,"9999","2","Kansas","20",,,,,"0002367423","0000000137","Wallace County","A","+38908933","-101754027","06",1715,4,5,0,0,84,0,2,0,11
"G2002010","1990","KS",,,,,,,,,,,"99","Washington","201",,,"4","9999",,,,"9999","2","Kansas","20",,,,,"0002327125","0000000982","Washington County","A","+39784202","-097085905","06",7024,10,14,0,0,4,0,0,0,21
"G2002030","1990","KS",,,,,,,,,,,"99","Wichita","203",,,"4","9999",,,,"9999","2","Kansas","20",,,,,"0001861093","0000000062","Wichita County","A","+38481896","-101347098","06",2399,0,3,15,0,58,0,0,0,283
"G2002050","1990","KS",,,,,,,,,,,"99","Wilson","205",,,"4","9999",,,,"9999","2","Kansas","20",,,,,"0001486414","0000002933","Wilson County","A","+37558943","-095741661","06",10072,32,75,20,0,67,0,0,0,23
"G2002070","1990","KS",,,,,,,,,,,"99","Woodson","207",,,"4","9999",,,,"9999","2","Kansas","20",,,,,"0001296701","0000012550","Woodson County","A","+37887411","-095738658","06",4035,31,38,0,0,8,0,0,0,4
"G2002090","1990","KS",,,,,,,,,,,"99","Wyandotte","209",,,"4","3760",,,,"9999","2","Kansas","20",,,,,"0000392120","0000011142","Wyandotte County","A","+39114400","-094766174","06",104098,44285,1246,1559,138,4630,376,148,65,5448
"G2100010","1990","KY",,,,,,,,,,,"99","Adair","001",,,"6","9999",,,,"9999","3","Kentucky","21",,,,,"0001053760","0000013970","Adair County","A","+37105341","-085281615","06",14772,482,0,0,5,101,0,0,0,0
"G2100030","1990","KY",,,,,,,,,,,"99","Allen","003",,,"6","9999",,,,"9999","3","Kentucky","21",,,,,"0000896502","0000015332","Allen County","A","+36751657","-086190429","06",14454,139,29,0,0,6,0,0,0,0
"G2100050","1990","KY",,,,,,,,,,,"99","Anderson","005",,,"6","9999",,,,"9999","3","Kentucky","21",,,,,"0000524956","0000004177","Anderson County","A","+38004230","-084987520","06",14032,427,0,13,0,46,0,0,0,53
"G2100070","1990","KY",,,,,,,,,,,"99","Ballard","007",,,"6","9999",,,,"9999","3","Kentucky","21",,,,,"0000650539","0000058124","Ballard County","A","+37064215","-089002232","06",7589,248,0,5,0,58,0,2,0,0
"G2100090","1990","KY",,,,,,,,,,,"99","Barren","009",,,"6","9999",,,,"9999","3","Kentucky","21",,,,,"0001271591","0000023292","Barren County","A","+36960438","-085927600","06",32006,1862,15,15,12,72,0,12,0,7
"G2100110","1990","KY",,,,,,,,,,,"99","Bath","011",,,"6","9999",,,,"9999","3","Kentucky","21",,,,,"0000723773","0000011694","Bath County","A","+38140254","-083740853","06",9346,274,0,21,6,44,0,1,0,0
"G2100130","1990","KY",,,,,,,,,,,"99","Bell","013",,,"6","9999",,,,"9999","3","Kentucky","21",,,,,"0000934416","0000001510","Bell County","A","+36735535","-083672646","06",30566,761,37,52,0,90,0,0,0,0
"G2100150","1990","KY",,,,,,,,,,,"21","Boone","015",,,"6","1642",,,,"1640","3","Kentucky","21",,,,,"0000637835","0000027736","Boone County","A","+38973682","-084729648","06",56453,309,70,415,29,240,1,0,11,61
"G2100170","1990","KY",,,,,,,,,,,"99","Bourbon","017",,,"6","4280",,,,"9999","3","Kentucky","21",,,,,"0000754849","0000000597","Bourbon County","A","+38203120","-084211010","06",17423,1620,32,18,22,86,0,0,10,25
"G2100190","1990","KY",,,,,,,,,,,"99","Boyd","019",,,"6","3400",,,,"9999","3","Kentucky","21",,,,,"0000414885","0000004257","Boyd County","A","+38358572","-082689394","06",49416,899,84,258,24,321,70,14,16,48
"G2100210","1990","KY",,,,,,,,,,,"99","Boyle","021",,,"6","9999",,,,"9999","3","Kentucky","21",,,,,"0000470405","0000002826","Boyle County","A","+37618893","-084866034","06",22920,2427,52,64,14,156,8,0,0,0
"G2100230","1990","KY",,,,,,,,,,,"99","Bracken","023",,,"6","9999",,,,"9999","3","Kentucky","21",,,,,"0000526380","0000014696","Bracken County","A","+38693175","-084082706","06",7698,29,9,0,0,30,0,0,0,0
"G2100250","1990","KY",,,,,,,,,,,"99","Breathitt","025",,,"6","9999",,,,"9999","3","Kentucky","21",,,,,"0001282637","0000000245","Breathitt County","A","+37519432","-083321826","06",15638,22,0,28,0,15,0,0,0,0
"G2100270","1990","KY",,,,,,,,,,,"99","Breckinridge","027",,,"6","9999",,,,"9999","3","Kentucky","21",,,,,"0001482583","0000033979","Breckinridge County","A","+37772639","-086431147","06",15682,560,23,4,0,40,3,0,0,0
"G2100290","1990","KY",,,,,,,,,,,"99","Bullitt","029",,,"6","4520",,,,"9999","3","Kentucky","21",,,,,"0000774745","0000002800","Bullitt County","A","+37970554","-085695106","06",46911,277,93,167,0,98,0,6,0,15
"G2100310","1990","KY",,,,,,,,,,,"99","Butler","031",,,"6","9999",,,,"9999","3","Kentucky","21",,,,,"0001108763","0000008918","Butler County","A","+37209152","-086681058","06",11153,46,15,15,0,16,0,0,0,0
"G2100330","1990","KY",,,,,,,,,,,"99","Caldwell","033",,,"6","9999",,,,"9999","3","Kentucky","21",,,,,"0000898742","0000003100","Caldwell County","A","+37148436","-087870766","06",12369,773,59,11,0,20,0,0,0,0
"G2100350","1990","KY",,,,,,,,,,,"99","Calloway","035",,,"6","9999",,,,"9999","3","Kentucky","21",,,,,"0001000460","0000063538","Calloway County","A","+36620863","-088273921","06",29445,999,34,165,6,78,0,0,0,8
"G2100370","1990","KY",,,,,,,,,,,"21","Campbell","037",,,"6","1642",,,,"1640","3","Kentucky","21",,,,,"0000392554","0000020397","Campbell County","A","+38945471","-084379405","06",82408,821,128,224,8,197,5,0,0,75
"G2100390","1990","KY",,,,,,,,,,,"99","Carlisle","039",,,"6","9999",,,,"9999","3","Kentucky","21",,,,,"0000498569","0000016924","Carlisle County","A","+36853875","-088977492","06",5185,26,9,0,0,16,0,0,0,2
"G2100410","1990","KY",,,,,,,,,,,"99","Carroll","041",,,"6","9999",,,,"9999","3","Kentucky","21",,,,,"0000336965","0000018597","Carroll County","A","+38670063","-085127841","06",9060,171,13,1,4,43,0,0,0,0
"G2100430","1990","KY",,,,,,,,,,,"99","Carter","043",,,"6","3400",,,,"9999","3","Kentucky","21",,,,,"0001063521","0000004006","Carter County","A","+38326314","-083051391","06",24234,6,5,7,6,71,0,0,0,11
"G2100450","1990","KY",,,,,,,,,,,"99","Casey","045",,,"6","9999",,,,"9999","3","Kentucky","21",,,,,"0001154191","0000000301","Casey County","A","+37321965","-084928113","06",14101,36,18,13,26,15,0,0,2,0
"G2100470","1990","KY",,,,,,,,,,,"99","Christian","047",,,"6","1660",,,,"9999","3","Kentucky","21",,,,,"0001868327","0000006973","Christian County","A","+36895050","-087491868","06",48729,16698,299,839,41,742,216,31,45,1301
"G2100490","1990","KY",,,,,,,,,,,"99","Clark","049",,,"6","4280",,,,"9999","3","Kentucky","21",,,,,"0000658717","0000002191","Clark County","A","+37970750","-084146026","06",27525,1614,92,85,0,117,0,0,0,63
"G2100510","1990","KY",,,,,,,,,,,"99","Clay","051",,,"6","9999",,,,"9999","3","Kentucky","21",,,,,"0001219945","0000000180","Clay County","A","+37156540","-083709327","06",21285,370,28,6,13,24,0,0,0,20
"G2100530","1990","KY",,,,,,,,,,,"99","Clinton","053",,,"6","9999",,,,"9999","3","Kentucky","21",,,,,"0000511422","0000020946","Clinton County","A","+36718853","-085134674","06",9120,0,6,0,0,9,0,0,0,0
"G2100550","1990","KY",,,,,,,,,,,"99","Crittenden","055",,,"6","9999",,,,"9999","3","Kentucky","21",,,,,"0000938002","0000022818","Crittenden County","A","+37356633","-088089747","06",9064,70,27,9,0,26,0,0,0,0
"G2100570","1990","KY",,,,,,,,,,,"99","Cumberland","057",,,"6","9999",,,,"9999","3","Kentucky","21",,,,,"0000792130","0000013016","Cumberland County","A","+36781576","-085389014","06",6391,341,23,3,0,20,0,0,0,6
"G2100590","1990","KY",,,,,,,,,,,"99","Daviess","059",,,"6","5990",,,,"9999","3","Kentucky","21",,,,,"0001197693","0000035919","Daviess County","A","+37731833","-087087538","06",83163,3437,146,185,44,193,21,0,0,0
"G2100610","1990","KY",,,,,,,,,,,"99","Edmonson","061",,,"6","9999",,,,"9999","3","Kentucky","21",,,,,"0000783824","0000013965","Edmonson County","A","+37213035","-086245617","06",10136,168,21,0,0,23,0,9,0,0
"G2100630","1990","KY",,,,,,,,,,,"99","Elliott","063",,,"6","9999",,,,"9999","3","Kentucky","21",,,,,"0000606032","0000003183","Elliott County","A","+38119692","-083097943","06",6414,0,16,0,0,25,0,0,0,0
"G2100650","1990","KY",,,,,,,,,,,"99","Estill","065",,,"6","9999",,,,"9999","3","Kentucky","21",,,,,"0000657901","0000004402","Estill County","A","+37692899","-083964594","06",14560,7,9,7,0,31,0,0,0,0
"G2100670","1990","KY",,,,,,,,,,,"99","Fayette","067",,,"6","4280",,,,"9999","3","Kentucky","21",,,,,"0000736909","0000002622","Fayette County","B","+38042746","-084459460","06",189192,29922,407,3327,160,1603,250,25,18,462
"G2100690","1990","KY",,,,,,,,,,,"99","Fleming","069",,,"6","9999",,,,"9999","3","Kentucky","21",,,,,"0000909278","0000001092","Fleming County","A","+38374030","-083694660","06",11955,211,5,16,14,91,0,0,0,0
"G2100710","1990","KY",,,,,,,,,,,"99","Floyd","071",,,"6","9999",,,,"9999","3","Kentucky","21",,,,,"0001021298","0000003016","Floyd County","A","+37555669","-082748301","06",43175,264,15,43,0,81,8,0,0,0
"G2100730","1990","KY",,,,,,,,,,,"99","Franklin","073",,,"6","9999",,,,"9999","3","Kentucky","21",,,,,"0000545155","0000004268","Franklin County","A","+38235272","-084878616","06",40004,3275,132,74,76,135,20,9,0,56
"G2100750","1990","KY",,,,,,,,,,,"99","Fulton","075",,,"6","9999",,,,"9999","3","Kentucky","21",,,,,"0000541213","0000055946","Fulton County","A","+36553327","-089185312","06",6616,1545,25,61,0,24,0,0,0,0
"G2100770","1990","KY",,,,,,,,,,,"99","Gallatin","077",,,"6","9999",,,,"9999","3","Kentucky","21",,,,,"0000255998","0000015124","Gallatin County","A","+38757005","-084862061","06",5288,100,3,0,2,0,0,0,0,0
"G2100790","1990","KY",,,,,,,,,,,"99","Garrard","079",,,"6","9999",,,,"9999","3","Kentucky","21",,,,,"0000598861","0000006910","Garrard County","A","+37645027","-084535119","06",11064,485,5,5,0,20,0,0,0,0
"G2100810","1990","KY",,,,,,,,,,,"99","Grant","081",,,"6","9999",,,,"9999","3","Kentucky","21",,,,,"0000673105","0000002230","Grant County","A","+38639383","-084613029","06",15702,13,8,0,2,12,0,0,0,0
"G2100830","1990","KY",,,,,,,,,,,"99","Graves","083",,,"6","9999",,,,"9999","3","Kentucky","21",,,,,"0001439135","0000002188","Graves County","A","+36723269","-088649823","06",31956,1444,85,12,0,47,0,0,0,6
"G2100850","1990","KY",,,,,,,,,,,"99","Grayson","085",,,"6","9999",,,,"9999","3","Kentucky","21",,,,,"0001304562","0000018568","Grayson County","A","+37459654","-086345908","06",20845,79,35,40,0,30,0,0,0,21
"G2100870","1990","KY",,,,,,,,,,,"99","Green","087",,,"6","9999",,,,"9999","3","Kentucky","21",,,,,"0000747854","0000000128","Green County","A","+37258803","-085554480","06",9971,314,0,35,0,24,0,0,0,27
"G2100890","1990","KY",,,,,,,,,,,"99","Greenup","089",,,"6","3400",,,,"9999","3","Kentucky","21",,,,,"0000896710","0000021516","Greenup County","A","+38542262","-082920588","06",36404,136,18,106,0,68,0,0,0,10
"G2100910","1990","KY",,,,,,,,,,,"99","Hancock","091",,,"6","9999",,,,"9999","3","Kentucky","21",,,,,"0000489017","0000026219","Hancock County","A","+37841977","-086779084","06",7707,109,13,2,0,16,0,0,0,17
"G2100930","1990","KY",,,,,,,,,,,"99","Hardin","093",,,"6","9999",,,,"9999","3","Kentucky","21",,,,,"0001626564","0000004840","Hardin County","A","+37696424","-085963418","06",74932,9693,461,1645,79,961,181,50,161,1077
"G2100950","1990","KY",,,,,,,,,,,"99","Harlan","095",,,"6","9999",,,,"9999","3","Kentucky","21",,,,,"0001210046","0000002019","Harlan County","A","+36856186","-083215015","06",35230,1224,54,22,5,11,7,0,4,17
"G2100970","1990","KY",,,,,,,,,,,"99","Harrison","097",,,"6","9999",,,,"9999","3","Kentucky","21",,,,,"0000802173","0000000455","Harrison County","A","+38443589","-084332239","06",15672,514,35,14,0,5,8,0,0,0
"G2100990","1990","KY",,,,,,,,,,,"99","Hart","099",,,"6","9999",,,,"9999","3","Kentucky","21",,,,,"0001077316","0000005134","Hart County","A","+37293149","-085887879","06",13754,1054,30,22,0,2,0,0,0,28
"G2101010","1990","KY",,,,,,,,,,,"99","Henderson","101",,,"6","2440",,,,"9999","3","Kentucky","21",,,,,"0001139989","0000070225","Henderson County","A","+37798846","-087572799","06",39655,3013,86,89,16,135,0,40,0,10
"G2101030","1990","KY",,,,,,,,,,,"99","Henry","103",,,"6","9999",,,,"9999","3","Kentucky","21",,,,,"0000749398","0000004640","Henry County","A","+38456092","-085123011","06",12261,492,31,26,7,6,0,0,0,0
"G2101050","1990","KY",,,,,,,,,,,"99","Hickman","105",,,"6","9999",,,,"9999","3","Kentucky","21",,,,,"0000633173","0000021975","Hickman County","A","+36678159","-088975533","06",4961,590,0,2,0,7,0,0,0,6
"G2101070","1990","KY",,,,,,,,,,,"99","Hopkins","107",,,"6","9999",,,,"9999","3","Kentucky","21",,,,,"0001425995","0000009523","Hopkins County","A","+37307396","-087538358","06",42660,2940,81,222,0,180,5,0,26,12
"G2101090","1990","KY",,,,,,,,,,,"99","Jackson","109",,,"6","9999",,,,"9999","3","Kentucky","21",,,,,"0000897042","0000000625","Jackson County","A","+37416770","-084008244","06",11899,10,23,8,0,15,0,0,0,0
"G2101110","1990","KY",,,,,,,,,,,"99","Jefferson","111",,,"6","4520",,,,"9999","3","Kentucky","21",,,,,"0000997439","0000034947","Jefferson County","A","+38187950","-085661571","06",541979,112911,1180,4776,359,2422,369,46,73,822
"G2101130","1990","KY",,,,,,,,,,,"99","Jessamine","113",,,"6","4280",,,,"9999","3","Kentucky","21",,,,,"0000448498","0000003367","Jessamine County","A","+37871789","-084582333","06",29102,963,75,174,7,139,37,0,0,11
"G2101150","1990","KY",,,,,,,,,,,"99","Johnson","115",,,"6","9999",,,,"9999","3","Kentucky","21",,,,,"0000677448","0000006214","Johnson County","A","+37844267","-082829564","06",23031,33,39,85,0,60,0,0,0,0
"G2101170","1990","KY",,,,,,,,,,,"21","Kenton","117",,,"6","1642",,,,"1640","3","Kentucky","21",,,,,"0000421064","0000006214","Kenton County","A","+38932972","-084536136","06",136650,4096,168,429,39,486,11,13,0,139
"G2101190","1990","KY",,,,,,,,,,,"99","Knott","119",,,"6","9999",,,,"9999","3","Kentucky","21",,,,,"0000912233","0000002123","Knott County","A","+37347339","-082954044","06",17785,45,0,26,7,27,0,0,0,16
"G2101210","1990","KY",,,,,,,,,,,"99","Knox","121",,,"6","9999",,,,"9999","3","Kentucky","21",,,,,"0001004084","0000000102","Knox County","A","+36889836","-083851784","06",29247,299,79,0,0,46,5,0,0,0
"G2101230","1990","KY",,,,,,,,,,,"99","Larue","123",,,"6","9999",,,,"9999","3","Kentucky","21",,,,,"0000682322","0000000763","Larue County","A","+37553255","-085698105","06",11140,507,5,0,0,6,0,21,0,0
"G2101250","1990","KY",,,,,,,,,,,"99","Laurel","125",,,"6","9999",,,,"9999","3","Kentucky","21",,,,,"0001128447","0000020909","Laurel County","A","+37111340","-084120008","06",42976,182,134,44,0,102,0,0,0,0
"G2101270","1990","KY",,,,,,,,,,,"99","Lawrence","127",,,"6","9999",,,,"9999","3","Kentucky","21",,,,,"0001084838","0000003370","Lawrence County","A","+38061108","-082732444","06",13903,32,28,7,0,21,0,2,0,5
"G2101290","1990","KY",,,,,,,,,,,"99","Lee","129",,,"6","9999",,,,"9999","3","Kentucky","21",,,,,"0000543561","0000003515","Lee County","A","+37590500","-083717726","06",7379,14,28,0,0,1,0,0,0,0
"G2101310","1990","KY",,,,,,,,,,,"99","Leslie","131",,,"6","9999",,,,"9999","3","Kentucky","21",,,,,"0001046470","0000000857","Leslie County","A","+37094172","-083384249","06",13571,11,4,8,0,48,0,0,0,0
"G2101330","1990","KY",,,,,,,,,,,"99","Letcher","133",,,"6","9999",,,,"9999","3","Kentucky","21",,,,,"0000878143","0000000191","Letcher County","A","+37117409","-082854623","06",26812,106,41,33,0,8,0,0,0,0
"G2101350","1990","KY",,,,,,,,,,,"99","Lewis","135",,,"6","9999",,,,"9999","3","Kentucky","21",,,,,"0001254887","0000029051","Lewis County","A","+38530838","-083385157","06",12893,22,108,0,0,6,0,0,0,0
"G2101370","1990","KY",,,,,,,,,,,"99","Lincoln","137",,,"6","9999",,,,"9999","3","Kentucky","21",,,,,"0000871681","0000000550","Lincoln County","A","+37455966","-084659333","06",19378,627,6,0,0,13,0,0,0,21
"G2101390","1990","KY",,,,,,,,,,,"99","Livingston","139",,,"6","9999",,,,"9999","3","Kentucky","21",,,,,"0000818720","0000067622","Livingston County","A","+37211522","-088346775","06",8945,3,59,10,0,45,0,0,0,0
"G2101410","1990","KY",,,,,,,,,,,"99","Logan","141",,,"6","9999",,,,"9999","3","Kentucky","21",,,,,"0001439316","0000003660","Logan County","A","+36857973","-086878708","06",22055,2120,39,73,2,104,0,0,0,23
"G2101430","1990","KY",,,,,,,,,,,"99","Lyon","143",,,"6","9999",,,,"9999","3","Kentucky","21",,,,,"0000558797","0000105457","Lyon County","A","+37015440","-088078862","06",6146,426,35,3,0,7,7,0,0,0
"G2101450","1990","KY",,,,,,,,,,,"99","McCracken","145",,,"6","9999",,,,"9999","3","Kentucky","21",,,,,"0000650461","0000043913","McCracken County","A","+37056230","-088716998","06",55959,6249,97,207,7,299,8,0,0,53
"G2101470","1990","KY",,,,,,,,,,,"99","McCreary","147",,,"6","9999",,,,"9999","3","Kentucky","21",,,,,"0001107823","0000007608","McCreary County","A","+36739468","-084482222","06",15378,131,82,0,0,6,0,0,0,6
"G2101490","1990","KY",,,,,,,,,,,"99","McLean","149",,,"6","9999",,,,"9999","3","Kentucky","21",,,,,"0000658667","0000004866","McLean County","A","+37528453","-087261194","06",9548,41,0,11,0,28,0,0,0,0
"G2101510","1990","KY",,,,,,,,,,,"99","Madison","151",,,"6","9999",,,,"9999","3","Kentucky","21",,,,,"0001141451","0000006279","Madison County","A","+37723106","-084277115","06",53992,2855,119,286,19,150,15,0,16,56
"G2101530","1990","KY",,,,,,,,,,,"99","Magoffin","153",,,"6","9999",,,,"9999","3","Kentucky","21",,,,,"0000801487","0000000016","Magoffin County","A","+37699156","-083064683","06",13053,8,1,0,0,15,0,0,0,0
"G2101550","1990","KY",,,,,,,,,,,"99","Marion","155",,,"6","9999",,,,"9999","3","Kentucky","21",,,,,"0000897897","0000000545","Marion County","A","+37554214","-085269585","06",15045,1414,2,11,5,18,0,4,0,0
"G2101570","1990","KY",,,,,,,,,,,"99","Marshall","157",,,"6","9999",,,,"9999","3","Kentucky","21",,,,,"0000789721","0000091724","Marshall County","A","+36880682","-088335219","06",27032,6,46,27,7,80,0,0,0,7
"G2101590","1990","KY",,,,,,,,,,,"99","Martin","159",,,"6","9999",,,,"9999","3","Kentucky","21",,,,,"0000597552","0000000285","Martin County","A","+37798636","-082520177","06",12472,12,5,13,0,22,0,0,0,2
"G2101610","1990","KY",,,,,,,,,,,"99","Mason","161",,,"6","9999",,,,"9999","3","Kentucky","21",,,,,"0000624521","0000014226","Mason County","A","+38595807","-083826232","06",15272,1247,6,62,7,63,0,0,0,9
"G2101630","1990","KY",,,,,,,,,,,"99","Meade","163",,,"6","9999",,,,"9999","3","Kentucky","21",,,,,"0000799093","0000040677","Meade County","A","+37979293","-086218205","06",21041,2322,70,236,14,196,24,2,4,261
"G2101650","1990","KY",,,,,,,,,,,"99","Menifee","165",,,"6","9999",,,,"9999","3","Kentucky","21",,,,,"0000528132","0000005519","Menifee County","A","+37947600","-083604271","06",4994,71,12,0,0,15,0,0,0,0
"G2101670","1990","KY",,,,,,,,,,,"99","Mercer","167",,,"6","9999",,,,"9999","3","Kentucky","21",,,,,"0000649923","0000005690","Mercer County","A","+37804675","-084876374","06",18221,766,6,61,0,70,0,7,7,10
"G2101690","1990","KY",,,,,,,,,,,"99","Metcalfe","169",,,"6","9999",,,,"9999","3","Kentucky","21",,,,,"0000753463","0000000179","Metcalfe County","A","+36989310","-085629652","06",8673,259,24,7,0,0,0,0,0,0
"G2101710","1990","KY",,,,,,,,,,,"99","Monroe","171",,,"6","9999",,,,"9999","3","Kentucky","21",,,,,"0000856845","0000003359","Monroe County","A","+36710253","-085718347","06",11020,333,0,0,0,30,3,0,0,15
"G2101730","1990","KY",,,,,,,,,,,"99","Montgomery","173",,,"6","9999",,,,"9999","3","Kentucky","21",,,,,"0000514384","0000000548","Montgomery County","A","+38029676","-083906110","06",18617,846,31,0,0,52,0,0,9,6
"G2101750","1990","KY",,,,,,,,,,,"99","Morgan","175",,,"6","9999",,,,"9999","3","Kentucky","21",,,,,"0000987605","0000006328","Morgan County","A","+37922928","-083258880","06",11516,71,5,7,0,49,0,0,0,0
"G2101770","1990","KY",,,,,,,,,,,"99","Muhlenberg","177",,,"6","9999",,,,"9999","3","Kentucky","21",,,,,"0001229569","0000012255","Muhlenberg County","A","+37213354","-087146422","06",29980,1239,34,37,3,4,7,0,0,14
"G2101790","1990","KY",,,,,,,,,,,"99","Nelson","179",,,"6","9999",,,,"9999","3","Kentucky","21",,,,,"0001094754","0000003677","Nelson County","A","+37804940","-085466193","06",27727,1825,19,75,0,52,0,0,12,0
"G2101810","1990","KY",,,,,,,,,,,"99","Nicholas","181",,,"6","9999",,,,"9999","3","Kentucky","21",,,,,"0000509248","0000000619","Nicholas County","A","+38341087","-084013511","06",6622,94,1,2,0,6,0,0,0,0
"G2101830","1990","KY",,,,,,,,,,,"99","Ohio","183",,,"6","9999",,,,"9999","3","Kentucky","21",,,,,"0001537973","0000007622","Ohio County","A","+37473126","-086844676","06",20726,193,66,67,0,44,0,0,9,0
"G2101850","1990","KY",,,,,,,,,,,"99","Oldham","185",,,"6","4520",,,,"9999","3","Kentucky","21",,,,,"0000490043","0000019052","Oldham County","A","+38397016","-085443960","06",31640,1236,66,144,14,105,3,6,38,11
"G2101870","1990","KY",,,,,,,,,,,"99","Owen","187",,,"6","9999",,,,"9999","3","Kentucky","21",,,,,"0000912127","0000005205","Owen County","A","+38527003","-084829736","06",8845,156,27,0,0,7,0,0,0,0
"G2101890","1990","KY",,,,,,,,,,,"99","Owsley","189",,,"6","9999",,,,"9999","3","Kentucky","21",,,,,"0000513086","0000000000","Owsley County","A","+37413523","-083689385","06",5023,0,0,7,0,6,0,0,0,0
"G2101910","1990","KY",,,,,,,,,,,"99","Pendleton","191",,,"6","9999",,,,"9999","3","Kentucky","21",,,,,"0000725314","0000003435","Pendleton County","A","+38693377","-084356420","06",11924,52,31,0,4,13,0,0,2,10
"G2101930","1990","KY",,,,,,,,,,,"99","Perry","193",,,"6","9999",,,,"9999","3","Kentucky","21",,,,,"0000886183","0000001262","Perry County","A","+37244940","-083225115","06",29557,565,56,49,13,43,0,0,0,0
"G2101950","1990","KY",,,,,,,,,,,"99","Pike","195",,,"6","9999",,,,"9999","3","Kentucky","21",,,,,"0002040211","0000003006","Pike County","A","+37467971","-082393673","06",71844,239,103,179,0,174,0,0,38,6
"G2101970","1990","KY",,,,,,,,,,,"99","Powell","197",,,"6","9999",,,,"9999","3","Kentucky","21",,,,,"0000466577","0000000179","Powell County","A","+37830272","-083826033","06",11570,74,6,0,0,33,0,0,0,3
"G2101990","1990","KY",,,,,,,,,,,"99","Pulaski","199",,,"6","9999",,,,"9999","3","Kentucky","21",,,,,"0001713637","0000040021","Pulaski County","A","+37102592","-084576486","06",48298,722,141,61,5,205,0,0,42,15
"G2102010","1990","KY",,,,,,,,,,,"99","Robertson","201",,,"6","9999",,,,"9999","3","Kentucky","21",,,,,"0000259190","0000000096","Robertson County","A","+38508266","-084051658","06",2118,4,0,0,0,2,0,0,0,0
"G2102030","1990","KY",,,,,,,,,,,"99","Rockcastle","203",,,"6","9999",,,,"9999","3","Kentucky","21",,,,,"0000822448","0000001392","Rockcastle County","A","+37362052","-084315554","06",14702,0,23,10,25,39,0,0,0,4
"G2102050","1990","KY",,,,,,,,,,,"99","Rowan","205",,,"6","9999",,,,"9999","3","Kentucky","21",,,,,"0000727374","0000014062","Rowan County","A","+38193670","-083419681","06",19851,339,37,80,0,31,0,0,0,15
"G2102070","1990","KY",,,,,,,,,,,"99","Russell","207",,,"6","9999",,,,"9999","3","Kentucky","21",,,,,"0000656677","0000075870","Russell County","A","+36989028","-085063566","06",14570,98,18,5,0,18,0,0,0,7
"G2102090","1990","KY",,,,,,,,,,,"99","Scott","209",,,"6","4280",,,,"9999","3","Kentucky","21",,,,,"0000738636","0000000319","Scott County","A","+38295620","-084579540","06",22114,1555,17,95,21,57,0,0,0,8
"G2102110","1990","KY",,,,,,,,,,,"99","Shelby","211",,,"6","4520",,,,"9999","3","Kentucky","21",,,,,"0000995046","0000003814","Shelby County","A","+38217531","-085194479","06",22200,2508,9,25,0,58,23,0,0,1
"G2102130","1990","KY",,,,,,,,,,,"99","Simpson","213",,,"6","9999",,,,"9999","3","Kentucky","21",,,,,"0000611762","0000000011","Simpson County","A","+36739568","-086581939","06",13331,1671,25,39,12,49,0,0,0,18
"G2102150","1990","KY",,,,,,,,,,,"99","Spencer","215",,,"6","9999",,,,"9999","3","Kentucky","21",,,,,"0000481522","0000015265","Spencer County","A","+38029590","-085323100","06",6624,156,6,15,0,0,0,0,0,0
"G2102170","1990","KY",,,,,,,,,,,"99","Taylor","217",,,"6","9999",,,,"9999","3","Kentucky","21",,,,,"0000698887","0000018695","Taylor County","A","+37366266","-085330009","06",20026,962,37,20,0,101,0,0,0,0
"G2102190","1990","KY",,,,,,,,,,,"99","Todd","219",,,"6","9999",,,,"9999","3","Kentucky","21",,,,,"0000974830","0000001605","Todd County","A","+36840246","-087184928","06",9664,1184,13,6,4,51,12,0,3,3
"G2102210","1990","KY",,,,,,,,,,,"99","Trigg","221",,,"6","9999",,,,"9999","3","Kentucky","21",,,,,"0001148301","0000097791","Trigg County","A","+36805604","-087875037","06",9097,1226,12,6,0,16,4,0,0,0
"G2102230","1990","KY",,,,,,,,,,,"99","Trimble","223",,,"6","9999",,,,"9999","3","Kentucky","21",,,,,"0000385548","0000019126","Trimble County","A","+38597562","-085338936","06",6018,0,37,0,0,35,0,0,0,0
"G2102250","1990","KY",,,,,,,,,,,"99","Union","225",,,"6","9999",,,,"9999","3","Kentucky","21",,,,,"0000893842","0000047478","Union County","A","+37656367","-087954325","06",13705,2563,17,76,0,73,39,19,15,50
"G2102270","1990","KY",,,,,,,,,,,"99","Warren","227",,,"6","9999",,,,"9999","3","Kentucky","21",,,,,"0001412161","0000006422","Warren County","A","+36991735","-086423856","06",69463,6127,59,612,24,262,27,38,13,48
"G2102290","1990","KY",,,,,,,,,,,"99","Washington","229",,,"6","9999",,,,"9999","3","Kentucky","21",,,,,"0000778599","0000002401","Washington County","A","+37752734","-085173856","06",9477,917,15,11,7,14,0,0,0,0
"G2102310","1990","KY",,,,,,,,,,,"99","Wayne","231",,,"6","9999",,,,"9999","3","Kentucky","21",,,,,"0001189895","0000064239","Wayne County","A","+36810562","-084831423","06",17049,300,89,0,0,30,0,0,0,0
"G2102330","1990","KY",,,,,,,,,,,"99","Webster","233",,,"6","9999",,,,"9999","3","Kentucky","21",,,,,"0000866917","0000002535","Webster County","A","+37516402","-087681836","06",13067,792,31,19,0,33,0,2,0,11
"G2102350","1990","KY",,,,,,,,,,,"99","Whitley","235",,,"6","9999",,,,"9999","3","Kentucky","21",,,,,"0001140049","0000012930","Whitley County","A","+36762741","-084146544","06",32882,214,73,81,0,76,0,0,0,0
"G2102370","1990","KY",,,,,,,,,,,"99","Wolfe","237",,,"6","9999",,,,"9999","3","Kentucky","21",,,,,"0000577059","0000000201","Wolfe County","A","+37741679","-083490428","06",6494,2,0,0,0,7,0,0,0,0
"G2102390","1990","KY",,,,,,,,,,,"99","Woodford","239",,,"6","4280",,,,"9999","3","Kentucky","21",,,,,"0000493892","0000003378","Woodford County","A","+38039185","-084740817","06",18528,1273,41,17,13,83,0,0,0,0
"G2200010","1990","LA",,,,,,,,,,,"99","Acadia","001",,,"7","9999",,,,"9999","3","Louisiana","22",,,,,"0001697261","0000006044","Acadia Parish","A","+30291312","-092410832","15",45235,10236,60,88,6,178,31,0,0,48
"G2200030","1990","LA",,,,,,,,,,,"99","Allen","003",,,"7","9999",,,,"9999","3","Louisiana","22",,,,,"0001980255","0000002971","Allen Parish","A","+30655811","-092827953","15",15669,4528,269,42,0,446,68,43,0,161
"G2200050","1990","LA",,,,,,,,,,,"99","Ascension","005",,,"7","0760",,,,"9999","3","Louisiana","22",,,,,"0000755132","0000029403","Ascension Parish","A","+30202863","-090909113","15",43631,13125,100,281,76,671,51,0,0,279
"G2200070","1990","LA",,,,,,,,,,,"99","Assumption","007",,,"7","9999",,,,"9999","3","Louisiana","22",,,,,"0000877280","0000066999","Assumption Parish","A","+29899078","-091063961","15",15053,7358,2,37,0,275,18,0,0,10
"G2200090","1990","LA",,,,,,,,,,,"99","Avoyelles","009",,,"7","9999",,,,"9999","3","Louisiana","22",,,,,"0002156171","0000086092","Avoyelles Parish","A","+31070949","-092002765","15",27881,10523,120,70,2,387,52,6,0,118
"G2200110","1990","LA",,,,,,,,,,,"99","Beauregard","011",,,"7","9999",,,,"9999","3","Louisiana","22",,,,,"0003004826","0000015257","Beauregard Parish","A","+30653350","-093340564","15",24929,4391,244,107,11,345,0,8,8,40
"G2200130","1990","LA",,,,,,,,,,,"99","Bienville","013",,,"7","9999",,,,"9999","3","Louisiana","22",,,,,"0002099725","0000028798","Bienville Parish","A","+32348660","-093055521","15",8954,6936,17,8,0,52,10,0,0,2
"G2200150","1990","LA",,,,,,,,,,,"99","Bossier","015",,,"7","7680",,,,"9999","3","Louisiana","22",,,,,"0002171606","0000073942","Bossier Parish","A","+32680807","-093602957","15",65621,17200,323,869,93,1428,57,27,85,385
"G2200170","1990","LA",,,,,,,,,,,"99","Caddo","017",,,"7","7680",,,,"9999","3","Louisiana","22",,,,,"0002284678","0000142169","Caddo Parish","A","+32579177","-093879918","15",144714,99300,671,907,47,1777,288,76,19,454
"G2200190","1990","LA",,,,,,,,,,,"99","Calcasieu","019",,,"7","3960",,,,"9999","3","Louisiana","22",,,,,"0002774416","0000060130","Calcasieu Parish","A","+30227817","-093357749","15",126850,38278,423,406,156,1492,241,41,15,232
"G2200210","1990","LA",,,,,,,,,,,"99","Caldwell","021",,,"7","9999",,,,"9999","3","Louisiana","22",,,,,"0001371306","0000029280","Caldwell Parish","A","+32087060","-092119655","15",7845,1760,23,16,0,109,0,0,0,57
"G2200230","1990","LA",,,,,,,,,,,"99","Cameron","023",,,"7","9999",,,,"9999","3","Louisiana","22",,,,,"0003400765","0001602504","Cameron Parish","A","+29846980","-093200050","15",8569,476,10,19,0,119,9,0,0,58
"G2200250","1990","LA",,,,,,,,,,,"99","Catahoula","025",,,"7","9999",,,,"9999","3","Louisiana","22",,,,,"0001822610","0000092688","Catahoula Parish","A","+31666363","-091845608","15",8170,2857,26,2,0,7,1,0,0,2
"G2200270","1990","LA",,,,,,,,,,,"99","Claiborne","027",,,"7","9999",,,,"9999","3","Louisiana","22",,,,,"0001954682","0000033426","Claiborne Parish","A","+32815690","-092994416","15",9283,8082,4,0,5,26,0,0,0,5
"G2200290","1990","LA",,,,,,,,,,,"99","Concordia","029",,,"7","9999",,,,"9999","3","Louisiana","22",,,,,"0001803624","0000135601","Concordia Parish","A","+31440565","-091639577","15",12972,7605,19,29,0,141,18,0,0,44
"G2200310","1990","LA",,,,,,,,,,,"99","De Soto","031",,,"7","9999",,,,"9999","3","Louisiana","22",,,,,"0002272113","0000044778","De Soto Parish","A","+32061723","-093735952","15",13867,11189,44,9,9,146,6,8,0,68
"G2200330","1990","LA",,,,,,,,,,,"99","East Baton Rouge","033",,,"7","0760",,,,"9999","3","Louisiana","22",,,,,"0001180182","0000038638","East Baton Rouge Parish","A","+30543750","-091093592","15",236859,132083,610,4948,184,4102,319,9,29,962
"G2200350","1990","LA",,,,,,,,,,,"99","East Carroll","035",,,"7","9999",,,,"9999","3","Louisiana","22",,,,,"0001091619","0000054426","East Carroll Parish","A","+32734118","-091235346","15",3350,6296,0,31,0,22,0,0,0,10
"G2200370","1990","LA",,,,,,,,,,,"99","East Feliciana","037",,,"7","9999",,,,"9999","3","Louisiana","22",,,,,"0001174404","0000005919","East Feliciana Parish","A","+30850269","-091048695","15",9970,9015,14,38,0,47,61,0,0,66
"G2200390","1990","LA",,,,,,,,,,,"99","Evangeline","039",,,"7","9999",,,,"9999","3","Louisiana","22",,,,,"0001720574","0000039706","Evangeline Parish","A","+30733084","-092412131","15",24392,8636,17,52,62,53,38,0,0,24
"G2200410","1990","LA",,,,,,,,,,,"99","Franklin","041",,,"7","9999",,,,"9999","3","Louisiana","22",,,,,"0001614661","0000031236","Franklin Parish","A","+32138244","-091672716","15",15220,7022,52,0,0,53,9,0,0,31
"G2200430","1990","LA",,,,,,,,,,,"99","Grant","043",,,"7","9999",,,,"9999","3","Louisiana","22",,,,,"0001670865","0000050460","Grant Parish","A","+31592719","-092559572","15",14767,2513,132,28,11,56,6,3,0,10
"G2200450","1990","LA",,,,,,,,,,,"99","Iberia","045",,,"7","9999",,,,"9999","3","Louisiana","22",,,,,"0001489709","0001180413","Iberia Parish","A","+29793601","-091784931","15",46037,19907,126,878,51,943,208,0,44,103
"G2200470","1990","LA",,,,,,,,,,,"99","Iberville","047",,,"7","9999",,,,"9999","3","Louisiana","22",,,,,"0001602380","0000088591","Iberville Parish","A","+30262927","-091349315","15",16000,14355,39,56,32,507,45,7,0,8
"G2200490","1990","LA",,,,,,,,,,,"99","Jackson","049",,,"7","9999",,,,"9999","3","Louisiana","22",,,,,"0001476212","0000026983","Jackson Parish","A","+32296274","-092553790","15",11027,4619,15,7,2,35,0,0,0,0
"G2200510","1990","LA",,,,,,,,,,,"99","Jefferson","051",,,"7","5560",,,,"9999","3","Louisiana","22",,,,,"0000792350","0000871528","Jefferson Parish","A","+29717919","-090102407","15",332155,78274,1582,9699,223,19088,629,120,240,6296
"G2200530","1990","LA",,,,,,,,,,,"99","Jefferson Davis","053",,,"7","9999",,,,"9999","3","Louisiana","22",,,,,"0001689608","0000016226","Jefferson Davis Parish","A","+30268561","-092815539","15",24733,5774,24,19,0,146,0,0,0,26
"G2200550","1990","LA",,,,,,,,,,,"99","Lafayette","055",,,"7","3880",,,,"9999","3","Louisiana","22",,,,,"0000698955","0000001181","Lafayette Parish","A","+30206200","-092063915","15",123442,36737,444,1482,155,1849,67,16,6,564
"G2200570","1990","LA",,,,,,,,,,,"99","Lafourche","057",,,"7","3350",,,,"9999","3","Louisiana","22",,,,,"0002809668","0001003585","Lafourche Parish","A","+29494211","-090399013","15",71619,10596,1857,471,21,1050,6,7,0,233
"G2200590","1990","LA",,,,,,,,,,,"99","La Salle","059",,,"7","9999",,,,"9999","3","Louisiana","22",,,,,"0001615861","0000099800","La Salle Parish","A","+31676283","-092158273","15",12248,1245,74,71,0,10,0,0,0,14
"G2200610","1990","LA",,,,,,,,,,,"99","Lincoln","061",,,"7","9999",,,,"9999","3","Louisiana","22",,,,,"0001220936","0000002311","Lincoln Parish","A","+32603902","-092663150","15",24545,16402,71,377,22,187,64,0,0,77
"G2200630","1990","LA",,,,,,,,,,,"99","Livingston","063",,,"7","0760",,,,"9999","3","Louisiana","22",,,,,"0001678494","0000141985","Livingston Parish","A","+30443633","-090731033","15",65670,3816,229,64,6,657,23,0,0,61
"G2200650","1990","LA",,,,,,,,,,,"99","Madison","065",,,"7","9999",,,,"9999","3","Louisiana","22",,,,,"0001616515","0000068507","Madison Parish","A","+32370651","-091242787","15",4932,7404,27,16,0,17,6,0,1,60
"G2200670","1990","LA",,,,,,,,,,,"99","Morehouse","067",,,"7","9999",,,,"9999","3","Louisiana","22",,,,,"0002057274","0000028362","Morehouse Parish","A","+32818017","-091799735","15",18545,13276,36,5,0,68,2,0,0,6
"G2200690","1990","LA",,,,,,,,,,,"99","Natchitoches","069",,,"7","9999",,,,"9999","3","Louisiana","22",,,,,"0003254141","0000111262","Natchitoches Parish","A","+31726306","-093095004","15",22074,13670,222,83,105,313,140,0,0,82
"G2200710","1990","LA",,,,,,,,,,,"99","Orleans","071",,,"7","5560",,,,"9999","3","Louisiana","22",,,,,"0000467883","0000439222","Orleans Parish","B","+30065846","-089931355","15",164457,306129,687,9223,542,8848,2235,128,72,4617
"G2200730","1990","LA",,,,,,,,,,,"99","Ouachita","073",,,"7","5200",,,,"9999","3","Louisiana","22",,,,,"0001582470","0000056374","Ouachita Parish","A","+32477850","-092155649","15",96081,43950,240,795,75,674,95,22,8,251
"G2200750","1990","LA",,,,,,,,,,,"99","Plaquemines","075",,,"7","9999",,,,"9999","3","Louisiana","22",,,,,"0002187630","0004102686","Plaquemines Parish","A","+29391156","-089481460","15",17864,5915,404,482,28,661,26,35,0,160
"G2200770","1990","LA",,,,,,,,,,,"99","Pointe Coupee","077",,,"7","9999",,,,"9999","3","Louisiana","22",,,,,"0001443659","0000086363","Pointe Coupee Parish","A","+30708212","-091600420","15",13075,9230,41,17,5,129,43,0,0,0
"G2200790","1990","LA",,,,,,,,,,,"99","Rapides","079",,,"7","0220",,,,"9999","3","Louisiana","22",,,,,"0003425707","0000101986","Rapides Parish","A","+31196500","-092535963","15",91909,36529,622,844,34,1068,148,93,98,211
"G2200810","1990","LA",,,,,,,,,,,"99","Red River","081",,,"7","9999",,,,"9999","3","Louisiana","22",,,,,"0001006463","0000034970","Red River Parish","A","+32093629","-093330889","15",5738,3578,17,0,0,35,8,0,0,11
"G2200830","1990","LA",,,,,,,,,,,"99","Richland","083",,,"7","9999",,,,"9999","3","Louisiana","22",,,,,"0001446522","0000015673","Richland Parish","A","+32417474","-091764232","15",12860,7545,10,14,0,185,0,0,0,15
"G2200850","1990","LA",,,,,,,,,,,"99","Sabine","085",,,"7","9999",,,,"9999","3","Louisiana","22",,,,,"0002241242","0000378788","Sabine Parish","A","+31559720","-093558150","15",16988,3938,478,26,0,930,17,206,0,63
"G2200870","1990","LA",,,,,,,,,,,"99","St Bernard","087",,,"7","5560",,,,"9999","3","Louisiana","22",,,,,"0001204771","0003441264","St. Bernard Parish","A","+29894986","-089346092","15",58504,3075,316,518,69,3802,8,29,94,216
"G2200890","1990","LA",,,,,,,,,,,"99","St Charles","089",,,"7","5560",,,,"9999","3","Louisiana","22",,,,,"0000734674","0000327701","St. Charles Parish","A","+29911796","-090356756","15",31091,10198,44,137,13,663,83,0,8,200
"G2200910","1990","LA",,,,,,,,,,,"99","St Helena","091",,,"7","9999",,,,"9999","3","Louisiana","22",,,,,"0001057735","0000002836","St. Helena Parish","A","+30820396","-090709862","15",4695,5090,5,0,37,39,8,0,0,0
"G2200930","1990","LA",,,,,,,,,,,"99","St James","093",,,"7","9999",,,,"9999","3","Louisiana","22",,,,,"0000637524","0000030203","St. James Parish","A","+30025823","-090795960","15",10374,10333,12,53,0,63,10,0,0,34
"G2200950","1990","LA",,,,,,,,,,,"99","St John The Baptist","095",,,"7","5560",,,,"9999","3","Louisiana","22",,,,,"0000566983","0000333983","St. John the Baptist Parish","A","+30118238","-090501892","15",24310,14335,122,217,17,740,59,0,0,196
"G2200970","1990","LA",,,,,,,,,,,"99","St Landry","097",,,"7","9999",,,,"9999","3","Louisiana","22",,,,,"0002405333","0000026364","St. Landry Parish","A","+30598433","-092003501","15",47183,32161,73,142,144,439,146,0,0,43
"G2200990","1990","LA",,,,,,,,,,,"99","St Martin","099",,,"7","3880",,,,"9999","3","Louisiana","22",,,,,"0001916361","0000198411","St. Martin Parish","A","+30129767","-091611972","15",28517,14448,130,286,118,307,68,0,1,103
"G2201010","1990","LA",,,,,,,,,,,"99","St Mary","101",,,"7","9999",,,,"9999","3","Louisiana","22",,,,,"0001587503","0001310505","St. Mary Parish","A","+29635343","-091467886","15",36868,18104,938,914,8,890,44,0,0,320
"G2201030","1990","LA",,,,,,,,,,,"99","St Tammany","103",,,"7","5560",,,,"9999","3","Louisiana","22",,,,,"0002213015","0000698422","St. Tammany Parish","A","+30399051","-089963627","15",123942,15712,792,743,116,2763,157,18,25,240
"G2201050","1990","LA",,,,,,,,,,,"99","Tangipahoa","105",,,"7","9999",,,,"9999","3","Louisiana","22",,,,,"0002046902","0000085150","Tangipahoa Parish","A","+30633630","-090402062","15",59865,24468,183,256,8,659,83,0,6,181
"G2201070","1990","LA",,,,,,,,,,,"99","Tensas","107",,,"7","9999",,,,"9999","3","Louisiana","22",,,,,"0001560560","0000100284","Tensas Parish","A","+32002593","-091330432","15",3289,3796,15,3,0,0,0,0,0,0
"G2201090","1990","LA",,,,,,,,,,,"99","Terrebonne","109",,,"7","3350",,,,"9999","3","Louisiana","22",,,,,"0003250606","0002136789","Terrebonne Parish","A","+29335346","-090837708","15",74354,15878,4932,588,0,1022,0,19,44,145
"G2201110","1990","LA",,,,,,,,,,,"99","Union","111",,,"7","9999",,,,"9999","3","Louisiana","22",,,,,"0002273189","0000071687","Union Parish","A","+32827147","-092377575","15",14817,5687,10,56,0,76,15,0,7,22
"G2201130","1990","LA",,,,,,,,,,,"99","Vermilion","113",,,"7","9999",,,,"9999","3","Louisiana","22",,,,,"0003040307","0000944191","Vermilion Parish","A","+29813814","-092309156","15",41841,6913,118,588,22,428,66,0,1,78
"G2201150","1990","LA",,,,,,,,,,,"99","Vernon","115",,,"7","9999",,,,"9999","3","Louisiana","22",,,,,"0003440834","0000033928","Vernon Parish","A","+31107984","-093186452","15",44037,12663,573,1480,80,1732,168,54,71,1103
"G2201170","1990","LA",,,,,,,,,,,"99","Washington","117",,,"7","9999",,,,"9999","3","Louisiana","22",,,,,"0001734287","0000016577","Washington Parish","A","+30852029","-090041543","15",29477,13263,101,65,0,182,42,0,0,55
"G2201190","1990","LA",,,,,,,,,,,"99","Webster","119",,,"7","9999",,,,"9999","3","Louisiana","22",,,,,"0001543456","0000049726","Webster Parish","A","+32703886","-093330532","15",28399,13256,105,53,2,136,8,8,11,11
"G2201210","1990","LA",,,,,,,,,,,"99","West Baton Rouge","121",,,"7","0760",,,,"9999","3","Louisiana","22",,,,,"0000495264","0000032175","West Baton Rouge Parish","A","+30462652","-091312986","15",12274,6988,8,32,0,109,1,0,0,7
"G2201230","1990","LA",,,,,,,,,,,"99","West Carroll","123",,,"7","9999",,,,"9999","3","Louisiana","22",,,,,"0000930916","0000002387","West Carroll Parish","A","+32785817","-091453119","15",9931,2003,27,1,0,109,17,0,0,5
"G2201250","1990","LA",,,,,,,,,,,"99","West Feliciana","125",,,"7","9999",,,,"9999","3","Louisiana","22",,,,,"0001051635","0000051822","West Feliciana Parish","A","+30872769","-091423426","15",5560,7099,65,5,0,98,46,0,0,42
"G2201270","1990","LA",,,,,,,,,,,"99","Winn","127",,,"7","9999",,,,"9999","3","Louisiana","22",,,,,"0002461933","0000016654","Winn Parish","A","+31945101","-092636725","15",11217,4789,89,29,0,84,31,9,0,21
"G2300010","1990","ME",,,,,,,,,,,"99","Androscoggin","001",,,"1","####",,,,"9999","1","Maine","23",,,,,"0001218070","0000069816","Androscoggin County","A","+44157719","-070216924","06",103530,422,273,506,34,320,26,2,6,140
"G2300030","1990","ME",,,,,,,,,,,"99","Aroostook","003",,,"1","9999",,,,"9999","1","Maine","23",,,,,"0017280311","0000407262","Aroostook County","A","+46648386","-068590815","06",84223,979,864,305,34,353,22,7,16,133
"G2300050","1990","ME",,,,,,,,,,,"99","Cumberland","005",,,"1","####",,,,"9999","1","Maine","23",,,,,"0002164170","0000987885","Cumberland County","A","+43827388","-070316305","06",236865,1602,701,2110,86,1350,51,26,64,280
"G2300070","1990","ME",,,,,,,,,,,"99","Franklin","007",,,"1","9999",,,,"9999","1","Maine","23",,,,,"0004397819","0000120310","Franklin County","A","+44976818","-070443625","06",28686,28,121,14,9,111,0,15,0,24
"G2300090","1990","ME",,,,,,,,,,,"99","Hancock","009",,,"1","9999",,,,"9999","1","Maine","23",,,,,"0004115766","0001973795","Hancock County","A","+44566124","-068368446","06",46204,79,121,247,13,242,0,1,2,39
"G2300110","1990","ME",,,,,,,,,,,"99","Kennebec","011",,,"1","9999",,,,"9999","1","Maine","23",,,,,"0002246752","0000216956","Kennebec County","A","+44413442","-069766433","06",114082,247,414,744,15,264,19,0,6,113
"G2300130","1990","ME",,,,,,,,,,,"99","Knox","013",,,"1","9999",,,,"9999","1","Maine","23",,,,,"0000946888","0002011064","Knox County","A","+44032258","-069034654","06",35975,49,151,53,3,55,2,0,0,22
"G2300150","1990","ME",,,,,,,,,,,"99","Lincoln","015",,,"1","9999",,,,"9999","1","Maine","23",,,,,"0001180007","0000632921","Lincoln County","A","+43999772","-069525562","06",29951,42,66,42,15,170,0,4,0,67
"G2300170","1990","ME",,,,,,,,,,,"99","Oxford","017",,,"1","9999",,,,"9999","1","Maine","23",,,,,"0005382517","0000251853","Oxford County","A","+44486210","-070760141","06",52110,64,87,96,9,206,11,2,0,17
"G2300190","1990","ME",,,,,,,,,,,"99","Penobscot","019",,,"1","####",,,,"9999","1","Maine","23",,,,,"0008795689","0000415438","Penobscot County","A","+45398825","-068643219","06",142921,631,1181,995,71,569,7,12,19,195
"G2300210","1990","ME",,,,,,,,,,,"99","Piscataquis","021",,,"1","9999",,,,"9999","1","Maine","23",,,,,"0010273333","0001064947","Piscataquis County","A","+45842637","-069295028","06",18442,20,94,57,0,29,0,0,0,11
"G2300230","1990","ME",,,,,,,,,,,"99","Sagadahoc","023",,,"1","9999",,,,"9999","1","Maine","23",,,,,"0000657883","0000301158","Sagadahoc County","A","+43907648","-069837587","06",32576,282,99,265,0,190,23,8,14,78
"G2300250","1990","ME",,,,,,,,,,,"99","Somerset","025",,,"1","9999",,,,"9999","1","Maine","23",,,,,"0010170503","0000437428","Somerset County","A","+45505888","-069954048","06",49257,49,177,65,9,182,0,5,0,23
"G2300270","1990","ME",,,,,,,,,,,"99","Waldo","027",,,"1","####",,,,"9999","1","Maine","23",,,,,"0001890152","0000318568","Waldo County","A","+44484167","-069125218","06",32662,35,68,49,3,150,0,6,8,37
"G2300290","1990","ME",,,,,,,,,,,"99","Washington","029",,,"1","9999",,,,"9999","1","Maine","23",,,,,"0006652577","0001778223","Washington County","A","+44968972","-067609990","06",33564,52,1440,88,0,140,2,2,0,20
"G2300310","1990","ME",,,,,,,,,,,"99","York","031",,,"1","####",,,,"9999","1","Maine","23",,,,,"0002566667","0000726361","York County","A","+43407499","-070682361","06",161359,583,415,1065,14,948,24,30,23,126
"G2400010","1990","MD",,,,,,,,,,,"99","Allegany","001",,,"5","1900",,,,"9999","3","Maryland","24",,,,,"0001101647","0000011382","Allegany County","A","+39630789","-078689600","06",72735,1581,25,282,20,207,0,0,41,55
"G2400030","1990","MD",,,,,,,,,,,"99","Anne Arundel","003",,,"5","0720",,,,"9999","3","Maryland","24",,,,,"0001077317","0000445185","Anne Arundel County","A","+38992333","-076569358","06",361386,49865,1558,7614,111,4219,504,59,138,1785
"G2400050","1990","MD",,,,,,,,,,,"99","Baltimore","005",,,"5","0720",,,,"9999","3","Maryland","24",,,,,"0001550338","0000216238","Baltimore County","A","+39442400","-076616864","06",583143,84412,1557,14985,392,5481,613,13,65,1473
"G2400090","1990","MD",,,,,,,,,,,"99","Calvert","009",,,"5","8840",,,,"9999","3","Maryland","24",,,,,"0000557354","0000336437","Calvert County","A","+38531275","-076528501","06",42401,8050,185,211,0,413,16,0,8,88
"G2400110","1990","MD",,,,,,,,,,,"99","Caroline","011",,,"5","9999",,,,"9999","3","Maryland","24",,,,,"0000829197","0000015326","Caroline County","A","+38871330","-075831930","06",22231,4457,87,82,0,84,37,0,0,57
"G2400130","1990","MD",,,,,,,,,,,"99","Carroll","013",,,"5","0720",,,,"9999","3","Maryland","24",,,,,"0001163305","0000008472","Carroll County","A","+39565167","-077023948","06",119310,2880,160,427,0,455,6,0,6,128
"G2400150","1990","MD",,,,,,,,,,,"77","Cecil","015",,,"5","6162",,,,"9160","3","Maryland","24",,,,,"0000901742","0000180603","Cecil County","A","+39567231","-075950080","06",67115,3119,245,243,0,389,67,5,0,164
"G2400170","1990","MD",,,,,,,,,,,"99","Charles","017",,,"5","8840",,,,"9999","3","Maryland","24",,,,,"0001194212","0000471851","Charles County","A","+38481893","-077011636","06",79345,18179,846,1179,42,907,246,23,29,358
"G2400190","1990","MD",,,,,,,,,,,"99","Dorchester","019",,,"5","9999",,,,"9999","3","Maryland","24",,,,,"0001444147","0001100891","Dorchester County","A","+38418739","-076081477","06",21517,8365,22,108,9,73,40,0,0,102
"G2400210","1990","MD",,,,,,,,,,,"99","Frederick","021",,,"5","8840",,,,"9999","3","Maryland","24",,,,,"0001717020","0000011536","Frederick County","A","+39472404","-077396787","06",139076,7934,343,1330,76,1038,27,15,49,320
"G2400230","1990","MD",,,,,,,,,,,"99","Garrett","023",,,"5","9999",,,,"9999","3","Maryland","24",,,,,"0001678693","0000020548","Garrett County","A","+39529619","-079270271","06",27899,93,27,30,0,89,0,0,0,0
"G2400250","1990","MD",,,,,,,,,,,"99","Harford","025",,,"5","0720",,,,"9999","3","Maryland","24",,,,,"0001140566","0000223700","Harford County","A","+39537350","-076300012","06",161224,15289,487,2467,105,1273,222,43,45,977
"G2400270","1990","MD",,,,,,,,,,,"99","Howard","027",,,"5","0720",,,,"9999","3","Maryland","24",,,,,"0000653141","0000003586","Howard County","A","+39249200","-076934399","06",153540,21641,320,7940,142,2586,341,26,119,673
"G2400290","1990","MD",,,,,,,,,,,"99","Kent","029",,,"5","9999",,,,"9999","3","Maryland","24",,,,,"0000723756","0000349335","Kent County","A","+39230767","-076095366","06",13767,3519,15,29,4,426,0,6,7,69
"G2400310","1990","MD",,,,,,,,,,,"99","Montgomery","031",,,"5","8840",,,,"9999","3","Maryland","24",,,,,"0001280947","0000030172","Montgomery County","A","+39137200","-077204532","06",549029,89676,1690,61260,1045,32350,2699,180,514,18584
"G2400330","1990","MD",,,,,,,,,,,"99","Prince Georges","033",,,"5","8840",,,,"9999","3","Maryland","24",,,,,"0001259796","0000033710","Prince George's County","A","+38830300","-076849126","06",303149,366114,2694,27298,1086,11410,3508,114,624,13271
"G2400350","1990","MD",,,,,,,,,,,"99","Queen Anne's","035",,,"5","0720",,,,"9999","3","Maryland","24",,,,,"0000964082","0000356363","Queen Anne's County","A","+39033340","-076083257","06",29723,3800,57,82,0,237,26,0,0,28
"G2400370","1990","MD",,,,,,,,,,,"99","St Mary's","037",,,"5","9999",,,,"9999","3","Maryland","24",,,,,"0000935738","0001044134","St. Mary's County","A","+38215316","-076529747","06",63632,10254,290,749,50,606,38,15,85,255
"G2400390","1990","MD",,,,,,,,,,,"99","Somerset","039",,,"5","9999",,,,"9999","3","Maryland","24",,,,,"0000847514","0000734496","Somerset County","A","+38082400","-075858994","06",14186,8881,110,86,0,14,65,0,0,98
"G2400410","1990","MD",,,,,,,,,,,"99","Talbot","041",,,"5","9999",,,,"9999","3","Maryland","24",,,,,"0000697184","0000537760","Talbot County","A","+38750684","-076178594","06",24793,5476,81,56,20,59,25,0,0,39
"G2400430","1990","MD",,,,,,,,,,,"99","Washington","043",,,"5","3180",,,,"9999","3","Maryland","24",,,,,"0001186635","0000024370","Washington County","A","+39603867","-077814495","06",112449,7302,227,653,30,315,73,9,4,331
"G2400450","1990","MD",,,,,,,,,,,"99","Wicomico","045",,,"5","9999",,,,"9999","3","Maryland","24",,,,,"0000976978","0000058537","Wicomico County","A","+38368743","-075629208","06",56597,16317,248,665,23,208,117,0,19,145
"G2400470","1990","MD",,,,,,,,,,,"99","Worcester","047",,,"5","9999",,,,"9999","3","Maryland","24",,,,,"0001225713","0000573758","Worcester County","A","+38226323","-075282886","06",27107,7430,103,152,19,135,7,0,0,75
"G2405100","1990","MD",,,,,,,,,,,"99","Baltimore City","510",,,"5","0720",,,,"9999","3","Maryland","24",,,,,"0000209296","0000029188","Baltimore city","F","+39300800","-076610616","08",284622,433967,2322,7710,396,3311,1652,51,272,1711
"G2500010","1990","MA",,,,,,,,,,,"99","Barnstable","001",,,"1","9999",,,,"9999","1","Massachusetts","25",,,,,"0001025021","0002356287","Barnstable County","A","+41719870","-070250838","06",177800,2811,1089,901,1755,1718,52,69,30,380
"G2500030","1990","MA",,,,,,,,,,,"99","Berkshire","003",,,"1","####",,,,"9999","1","Massachusetts","25",,,,,"0002412271","0000038709","Berkshire County","A","+42369043","-073205289","06",134463,2387,259,972,145,670,84,38,8,326
"G2500050","1990","MA",,,,,,,,,,,"##","Bristol","005",,,"1","####",,,,"####","1","Massachusetts","25",,,,,"0001440138","0000350231","Bristol County","A","+41786799","-071095773","06",475791,7001,884,3911,6601,7763,704,39,71,3560
"G2500070","1990","MA",,,,,,,,,,,"99","Dukes","007",,,"1","9999",,,,"9999","1","Massachusetts","25",,,,,"0000268893","0001002796","Dukes County","A","+41374478","-070703017","06",10696,491,273,41,54,52,9,10,0,13
"G2500090","1990","MA",,,,,,,,,,,"##","Essex","009",,,"1","####",,,,"####","1","Massachusetts","25",,,,,"0001289998","0000856322","Essex County","A","+42625730","-070872123","06",602210,9639,838,9311,639,14792,5484,617,283,26267
"G2500110","1990","MA",,,,,,,,,,,"99","Franklin","011",,,"1","9999",,,,"9999","1","Massachusetts","25",,,,,"0001818558","0000058692","Franklin County","A","+42583299","-072591287","06",68277,348,169,468,54,420,5,10,0,341
"G2500130","1990","MA",,,,,,,,,,,"99","Hampden","013",,,"1","####",,,,"9999","1","Massachusetts","25",,,,,"0001601960","0000040540","Hampden County","A","+42121612","-072670369","06",374398,32814,723,3553,601,14066,1628,63,142,28322
"G2500150","1990","MA",,,,,,,,,,,"99","Hampshire","015",,,"1","####",,,,"9999","1","Massachusetts","25",,,,,"0001370182","0000042581","Hampshire County","A","+42341302","-072661864","06",135702,2303,218,4455,126,1883,123,8,18,1732
"G2500170","1990","MA",,,,,,,,,,,"##","Middlesex","017",,,"1","####",,,,"####","1","Massachusetts","25",,,,,"0002132981","0000062380","Middlesex County","A","+42483871","-071393650","06",1262530,37347,1835,50547,1615,26752,2205,255,440,14942
"G2500190","1990","MA",,,,,,,,,,,"99","Nantucket","019",,,"1","9999",,,,"9999","1","Massachusetts","25",,,,,"0000123755","0000661728","Nantucket County","B","+41252985","-070126661","06",5817,143,9,9,8,26,0,0,0,0
"G2500210","1990","MA",,,,,,,,,,,"##","Norfolk","021",,,"1","####",,,,"####","1","Massachusetts","25",,,,,"0001034974","0000114907","Norfolk County","A","+42171909","-071183824","06",578130,10946,597,17733,761,5305,517,36,79,1983
"G2500230","1990","MA",,,,,,,,,,,"##","Plymouth","023",,,"1","####",,,,"####","1","Massachusetts","25",,,,,"0001710918","0001121194","Plymouth County","A","+41996232","-070729568","06",402123,14931,886,3266,5319,5068,1117,20,16,2530
"G2500250","1990","MA",,,,,,,,,,,"07","Suffolk","025",,,"1","1122",,,,"1120","1","Massachusetts","25",,,,,"0000151563","0000159651","Suffolk County","N","+42357072","-070978184","06",413168,139737,1707,33133,5983,25951,9286,356,416,34169
"G2500270","1990","MA",,,,,,,,,,,"##","Worcester","027",,,"1","####",,,,"####","1","Massachusetts","25",,,,,"0003919090","0000170801","Worcester County","A","+42354125","-071915607","06",650813,13371,1454,10731,746,15390,1523,123,211,15343
"G2600010","1990","MI",,,,,,,,,,,"99","Alcona","001",,,"3","9999",,,,"9999","2","Michigan","26",,,,,"0001746875","0002890674","Alcona County","A","+44712243","-083272880","06",9999,24,65,22,0,33,0,0,0,2
"G2600030","1990","MI",,,,,,,,,,,"99","Alger","003",,,"3","9999",,,,"9999","2","Michigan","26",,,,,"0002377489","0010687207","Alger County","A","+47160399","-086484176","06",8392,212,329,9,3,21,0,0,0,6
"G2600050","1990","MI",,,,,,,,,,,"99","Allegan","005",,,"3","9999",,,,"9999","2","Michigan","26",,,,,"0002143325","0002605468","Allegan County","A","+42565000","-086250044","06",85495,1393,439,423,17,1393,34,32,16,1267
"G2600070","1990","MI",,,,,,,,,,,"99","Alpena","007",,,"3","9999",,,,"9999","2","Michigan","26",,,,,"0001487098","0002903089","Alpena County","A","+45037017","-083197631","06",30336,4,102,80,2,76,0,0,0,5
"G2600090","1990","MI",,,,,,,,,,,"99","Antrim","009",,,"3","9999",,,,"9999","2","Michigan","26",,,,,"0001235298","0000323737","Antrim County","A","+45005952","-085176863","06",17809,22,250,12,0,73,0,2,0,17
"G2600110","1990","MI",,,,,,,,,,,"99","Arenac","011",,,"3","9999",,,,"9999","2","Michigan","26",,,,,"0000950196","0000812954","Arenac County","A","+44045468","-083752416","06",14593,8,158,14,0,118,0,2,0,38
"G2600130","1990","MI",,,,,,,,,,,"99","Baraga","013",,,"3","9999",,,,"9999","2","Michigan","26",,,,,"0002341770","0000425798","Baraga County","A","+46715396","-088342002","06",6948,49,930,3,0,12,2,6,0,4
"G2600150","1990","MI",,,,,,,,,,,"99","Barry","015",,,"3","9999",,,,"9999","2","Michigan","26",,,,,"0001440454","0000053798","Barry County","A","+42597836","-085311007","06",49108,78,262,167,0,305,3,0,0,134
"G2600170","1990","MI",,,,,,,,,,,"99","Bay","017",,,"3","6960",,,,"9999","2","Michigan","26",,,,,"0001150643","0000483591","Bay County","A","+43720800","-083942726","06",105971,1158,639,376,30,1786,26,95,0,1642
"G2600190","1990","MI",,,,,,,,,,,"99","Benzie","019",,,"3","9999",,,,"9999","2","Michigan","26",,,,,"0000832267","0001394401","Benzie County","A","+44630365","-086247841","06",11702,61,233,37,0,122,0,0,0,45
"G2600210","1990","MI",,,,,,,,,,,"99","Berrien","021",,,"3","0870",,,,"9999","2","Michigan","26",,,,,"0001478981","0002614448","Berrien County","A","+41942845","-086592260","06",132068,24706,802,1393,121,1366,129,23,21,749
"G2600230","1990","MI",,,,,,,,,,,"99","Branch","023",,,"3","9999",,,,"9999","2","Michigan","26",,,,,"0001314215","0000031342","Branch County","A","+41915105","-085054402","06",40081,659,219,115,12,254,39,8,2,113
"G2600250","1990","MI",,,,,,,,,,,"99","Calhoun","025",,,"3","0780",,,,"9999","2","Michigan","26",,,,,"0001836004","0000024886","Calhoun County","A","+42252700","-085003017","06",117687,14037,688,992,126,1160,68,19,11,1194
"G2600270","1990","MI",,,,,,,,,,,"99","Cass","027",,,"3","9999",,,,"9999","2","Michigan","26",,,,,"0001274899","0000042149","Cass County","A","+41913995","-085993318","06",44344,3676,561,153,124,451,41,13,16,98
"G2600290","1990","MI",,,,,,,,,,,"99","Charlevoix","029",,,"3","9999",,,,"9999","2","Michigan","26",,,,,"0001079643","0002522707","Charlevoix County","A","+45466102","-085457546","06",20930,21,388,39,3,59,0,0,0,28
"G2600310","1990","MI",,,,,,,,,,,"99","Cheboygan","031",,,"3","9999",,,,"9999","2","Michigan","26",,,,,"0001853408","0000439426","Cheboygan County","A","+45476385","-084496125","06",20725,11,560,29,0,64,0,0,7,2
"G2600330","1990","MI",,,,,,,,,,,"99","Chippewa","033",,,"3","9999",,,,"9999","2","Michigan","26",,,,,"0004043192","0002944630","Chippewa County","A","+46317751","-084518518","06",28209,2134,3810,160,11,145,12,34,0,89
"G2600350","1990","MI",,,,,,,,,,,"99","Clare","035",,,"3","9999",,,,"9999","2","Michigan","26",,,,,"0001468168","0000021731","Clare County","A","+43991215","-084838425","06",24643,17,130,40,9,84,0,2,0,27
"G2600370","1990","MI",,,,,,,,,,,"99","Clinton","037",,,"3","4040",,,,"9999","2","Michigan","26",,,,,"0001480146","0000008071","Clinton County","A","+42940588","-084611757","06",56328,197,172,99,15,652,0,13,8,399
"G2600390","1990","MI",,,,,,,,,,,"99","Crawford","039",,,"3","9999",,,,"9999","2","Michigan","26",,,,,"0001445648","0000013572","Crawford County","A","+44679676","-084611491","06",11734,270,151,16,0,89,0,0,0,0
"G2600410","1990","MI",,,,,,,,,,,"99","Delta","041",,,"3","9999",,,,"9999","2","Michigan","26",,,,,"0003030794","0002127834","Delta County","A","+45775351","-086872975","06",36656,25,889,113,0,72,6,0,0,19
"G2600430","1990","MI",,,,,,,,,,,"99","Dickinson","043",,,"3","9999",,,,"9999","2","Michigan","26",,,,,"0001985034","0000027921","Dickinson County","A","+45997326","-087872002","06",26450,37,114,85,29,64,0,0,16,36
"G2600450","1990","MI",,,,,,,,,,,"99","Eaton","045",,,"3","4040",,,,"9999","2","Michigan","26",,,,,"0001493262","0000006522","Eaton County","A","+42587962","-084846014","06",86448,3307,534,554,112,1141,12,35,0,736
"G2600470","1990","MI",,,,,,,,,,,"99","Emmet","047",,,"3","9999",,,,"9999","2","Michigan","26",,,,,"0001212002","0001073233","Emmet County","A","+45583079","-084980670","06",24103,114,603,97,13,79,0,3,0,28
"G2600490","1990","MI",,,,,,,,,,,"99","Genesee","049",,,"3","2640",,,,"9999","2","Michigan","26",,,,,"0001656731","0000025134","Genesee County","A","+43021000","-083706606","06",332815,83572,2697,2846,347,4000,500,200,25,3457
"G2600510","1990","MI",,,,,,,,,,,"99","Gladwin","051",,,"3","9999",,,,"9999","2","Michigan","26",,,,,"0001312728","0000024913","Gladwin County","A","+43989321","-084388391","06",21620,28,118,13,0,67,2,0,0,48
"G2600530","1990","MI",,,,,,,,,,,"99","Gogebic","053",,,"3","9999",,,,"9999","2","Michigan","26",,,,,"0002854012","0000970224","Gogebic County","A","+46484401","-089790638","06",17379,246,296,29,5,78,6,0,0,13
"G2600550","1990","MI",,,,,,,,,,,"99","Grand Traverse","055",,,"3","9999",,,,"9999","2","Michigan","26",,,,,"0001204593","0000352435","Grand Traverse County","A","+44733305","-085552462","06",62423,315,446,446,0,539,7,17,9,71
"G2600570","1990","MI",,,,,,,,,,,"99","Gratiot","057",,,"3","9999",,,,"9999","2","Michigan","26",,,,,"0001476719","0000003837","Gratiot County","A","+43292290","-084604765","06",36990,320,105,118,14,868,14,11,0,542
"G2600590","1990","MI",,,,,,,,,,,"99","Hillsdale","059",,,"3","9999",,,,"9999","2","Michigan","26",,,,,"0001551043","0000021555","Hillsdale County","A","+41887751","-084593611","06",42625,70,215,161,20,208,0,16,0,116
"G2600610","1990","MI",,,,,,,,,,,"99","Houghton","061",,,"3","9999",,,,"9999","2","Michigan","26",,,,,"0002620414","0001268799","Houghton County","A","+46983574","-088646621","06",34426,117,170,570,3,105,7,0,18,30
"G2600630","1990","MI",,,,,,,,,,,"99","Huron","063",,,"3","9999",,,,"9999","2","Michigan","26",,,,,"0002166754","0003367357","Huron County","A","+43958593","-082835735","06",34386,29,87,66,8,233,2,0,2,138
"G2600650","1990","MI",,,,,,,,,,,"99","Ingham","065",,,"3","4040",,,,"9999","2","Michigan","26",,,,,"0001448414","0000004535","Ingham County","A","+42603550","-084373803","06",231585,27171,1830,7377,374,5575,537,312,100,7051
"G2600670","1990","MI",,,,,,,,,,,"99","Ionia","067",,,"3","9999",,,,"9999","2","Michigan","26",,,,,"0001484690","0000018177","Ionia County","A","+42944449","-085072760","06",52663,2878,260,95,5,569,83,14,36,421
"G2600690","1990","MI",,,,,,,,,,,"99","Iosco","069",,,"3","9999",,,,"9999","2","Michigan","26",,,,,"0001422298","0003474669","Iosco County","A","+44275743","-083336873","06",28751,612,254,249,0,190,10,3,0,140
"G2600710","1990","MI",,,,,,,,,,,"99","Iron","071",,,"3","9999",,,,"9999","2","Michigan","26",,,,,"0003021204","0000115697","Iron County","A","+46205080","-088513849","06",12967,2,142,9,1,48,0,4,0,2
"G2600730","1990","MI",,,,,,,,,,,"99","Isabella","073",,,"3","9999",,,,"9999","2","Michigan","26",,,,,"0001487450","0000009011","Isabella County","A","+43647562","-084838322","06",51667,615,1190,367,38,380,0,52,7,308
"G2600750","1990","MI",,,,,,,,,,,"99","Jackson","075",,,"3","3520",,,,"9999","2","Michigan","26",,,,,"0001830215","0000044470","Jackson County","A","+42247850","-084424522","06",134636,11804,612,475,84,1012,202,0,0,931
"G2600770","1990","MI",,,,,,,,,,,"99","Kalamazoo","077",,,"3","3720",,,,"9999","2","Michigan","26",,,,,"0001455312","0000047471","Kalamazoo County","A","+42244883","-085529871","06",195737,19759,746,3423,153,1697,160,87,15,1634
"G2600790","1990","MI",,,,,,,,,,,"99","Kalkaska","079",,,"3","9999",,,,"9999","2","Michigan","26",,,,,"0001453093","0000025244","Kalkaska County","A","+44691940","-085083913","06",13161,10,173,26,7,66,0,9,0,45
"G2600810","1990","MI",,,,,,,,,,,"99","Kent","081",,,"3","3000",,,,"9999","2","Michigan","26",,,,,"0002217651","0000041382","Kent County","A","+43032850","-085547179","06",439433,39544,2638,5103,550,5514,460,176,51,7162
"G2600830","1990","MI",,,,,,,,,,,"99","Keweenaw","083",,,"3","9999",,,,"9999","2","Michigan","26",,,,,"0001401710","0014034637","Keweenaw County","A","+47477259","-088155067","06",1685,0,0,2,0,12,0,0,0,2
"G2600850","1990","MI",,,,,,,,,,,"99","Lake","085",,,"3","9999",,,,"9999","2","Michigan","26",,,,,"0001470032","0000018281","Lake County","A","+43987546","-085811619","06",7357,1132,55,5,0,14,4,0,0,16
"G2600870","1990","MI",,,,,,,,,,,"35","Lapeer","087",,,"3","2162",,,,"2160","2","Michigan","26",,,,,"0001694712","0000022772","Lapeer County","A","+43090655","-083224055","06",72198,444,420,276,10,695,10,14,6,695
"G2600890","1990","MI",,,,,,,,,,,"99","Leelanau","089",,,"3","9999",,,,"9999","2","Michigan","26",,,,,"0000902597","0005658810","Leelanau County","A","+45132573","-086029820","06",15754,26,468,70,4,141,0,12,2,50
"G2600910","1990","MI",,,,,,,,,,,"99","Lenawee","091",,,"3","9999",,,,"9999","2","Michigan","26",,,,,"0001943986","0000027985","Lenawee County","A","+41891838","-084068778","06",84055,1390,322,418,128,2263,52,122,38,2688
"G2600930","1990","MI",,,,,,,,,,,"35","Livingston","093",,,"3","2162",,,,"2160","2","Michigan","26",,,,,"0001472163","0000044185","Livingston County","A","+42602259","-083911893","06",112755,573,943,408,31,621,12,48,0,254
"G2600950","1990","MI",,,,,,,,,,,"99","Luce","095",,,"3","9999",,,,"9999","2","Michigan","26",,,,,"0002338946","0002612870","Luce County","A","+46746733","-085590118","06",5349,5,390,3,0,16,0,0,0,0
"G2600970","1990","MI",,,,,,,,,,,"99","Mackinac","097",,,"3","9999",,,,"9999","2","Michigan","26",,,,,"0002645953","0002790944","Mackinac County","A","+46008718","-085007637","06",8931,6,1690,10,0,22,0,0,0,15
"G2600990","1990","MI",,,,,,,,,,,"35","Macomb","099",,,"3","2162",,,,"2160","2","Michigan","26",,,,,"0001244271","0000231545","Macomb County","A","+42668061","-082910155","06",689239,10002,2820,8413,216,5258,53,109,181,1109
"G2601010","1990","MI",,,,,,,,,,,"99","Manistee","101",,,"3","9999",,,,"9999","2","Michigan","26",,,,,"0001408609","0001908909","Manistee County","A","+44300844","-086312490","06",20663,33,220,32,8,178,0,2,0,129
"G2601030","1990","MI",,,,,,,,,,,"99","Marquette","103",,,"3","9999",,,,"9999","2","Michigan","26",,,,,"0004717202","0004158479","Marquette County","A","+46664355","-087604186","06",67831,1132,877,478,20,286,13,28,17,205
"G2601050","1990","MI",,,,,,,,,,,"99","Mason","105",,,"3","9999",,,,"9999","2","Michigan","26",,,,,"0001282545","0001934194","Mason County","A","+44021706","-086500311","06",24702,151,207,40,10,209,2,12,0,204
"G2601070","1990","MI",,,,,,,,,,,"99","Mecosta","107",,,"3","9999",,,,"9999","2","Michigan","26",,,,,"0001439491","0000039758","Mecosta County","A","+43642836","-085322678","06",35285,940,356,208,20,303,11,20,3,162
"G2601090","1990","MI",,,,,,,,,,,"99","Menominee","109",,,"3","9999",,,,"9999","2","Michigan","26",,,,,"0002703073","0000761322","Menominee County","A","+45521786","-087525018","06",24393,9,360,73,7,57,0,0,14,7
"G2601110","1990","MI",,,,,,,,,,,"99","Midland","111",,,"3","6960",,,,"9999","2","Michigan","26",,,,,"0001349954","0000017346","Midland County","A","+43642957","-084385966","06",73047,613,305,765,24,545,20,19,6,307
"G2601130","1990","MI",,,,,,,,,,,"99","Missaukee","113",,,"3","9999",,,,"9999","2","Michigan","26",,,,,"0001467955","0000018329","Missaukee County","A","+44338609","-085096098","06",11986,2,67,17,0,46,0,0,0,29
"G2601150","1990","MI",,,,,,,,,,,"35","Monroe","115",,,"3","2162",,,,"2160","2","Michigan","26",,,,,"0001427436","0000334018","Monroe County","A","+41915104","-083499532","06",128382,2256,518,389,27,1213,15,75,0,725
"G2601170","1990","MI",,,,,,,,,,,"99","Montcalm","117",,,"3","9999",,,,"9999","2","Michigan","26",,,,,"0001833945","0000033499","Montcalm County","A","+43312910","-085149369","06",50566,1002,513,135,5,502,16,40,12,268
"G2601190","1990","MI",,,,,,,,,,,"99","Montmorency","119",,,"3","9999",,,,"9999","2","Michigan","26",,,,,"0001418370","0000038401","Montmorency County","A","+45026707","-084128955","06",8805,0,67,11,0,37,0,0,0,16
"G2601210","1990","MI",,,,,,,,,,,"99","Muskegon","121",,,"3","5320",,,,"9999","2","Michigan","26",,,,,"0001318828","0002460742","Muskegon County","A","+43287061","-086446483","06",132164,21388,1365,684,80,1810,125,89,23,1255
"G2601230","1990","MI",,,,,,,,,,,"99","Newaygo","123",,,"3","9999",,,,"9999","2","Michigan","26",,,,,"0002181891","0000049255","Newaygo County","A","+43551185","-085796859","06",36426,490,218,98,29,329,2,36,12,562
"G2601250","1990","MI",,,,,,,,,,,"35","Oakland","125",,,"3","2162",,,,"2160","2","Michigan","26",,,,,"0002260323","0000091588","Oakland County","A","+42660150","-083383683","06",959618,76939,4304,24182,601,11088,316,304,271,5969
"G2601270","1990","MI",,,,,,,,,,,"99","Oceana","127",,,"3","9999",,,,"9999","2","Michigan","26",,,,,"0001399866","0001984836","Oceana County","A","+43657276","-086530712","06",20545,67,266,88,20,517,0,18,1,932
"G2601290","1990","MI",,,,,,,,,,,"99","Ogemaw","129",,,"3","9999",,,,"9999","2","Michigan","26",,,,,"0001461695","0000026706","Ogemaw County","A","+44333649","-084130574","06",18349,11,183,8,4,110,2,3,0,11
"G2601310","1990","MI",,,,,,,,,,,"99","Ontonagon","131",,,"3","9999",,,,"9999","2","Michigan","26",,,,,"0003397117","0006293037","Ontonagon County","A","+46979167","-089271293","06",8675,0,125,11,0,31,0,8,0,4
"G2601330","1990","MI",,,,,,,,,,,"99","Osceola","133",,,"3","9999",,,,"9999","2","Michigan","26",,,,,"0001466242","0000018216","Osceola County","A","+43984603","-085329671","06",19769,81,145,25,0,75,7,0,0,44
"G2601350","1990","MI",,,,,,,,,,,"99","Oscoda","135",,,"3","9999",,,,"9999","2","Michigan","26",,,,,"0001463435","0000017002","Oscoda County","A","+44682528","-084125458","06",7740,2,40,4,5,43,0,0,0,8
"G2601370","1990","MI",,,,,,,,,,,"99","Otsego","137",,,"3","9999",,,,"9999","2","Michigan","26",,,,,"0001332813","0000029539","Otsego County","A","+45016781","-084606547","06",17730,10,94,67,3,43,0,0,0,10
"G2601390","1990","MI",,,,,,,,,,,"99","Ottawa","139",,,"3","3000",,,,"9999","2","Michigan","26",,,,,"0001465203","0002761984","Ottawa County","A","+42922416","-086233342","06",176026,848,685,2322,99,3766,6,56,33,3927
"G2601410","1990","MI",,,,,,,,,,,"99","Presque Isle","141",,,"3","9999",,,,"9999","2","Michigan","26",,,,,"0001709541","0004953140","Presque Isle County","A","+45321610","-083458599","06",13588,8,35,37,0,61,0,0,0,14
"G2601430","1990","MI",,,,,,,,,,,"99","Roscommon","143",,,"3","9999",,,,"9999","2","Michigan","26",,,,,"0001350454","0000151378","Roscommon County","A","+44330739","-084610941","06",19472,46,144,31,0,80,0,0,0,3
"G2601450","1990","MI",,,,,,,,,,,"99","Saginaw","145",,,"3","6960",,,,"9999","2","Michigan","26",,,,,"0002095229","0000017738","Saginaw County","A","+43334968","-084052348","06",160795,36577,826,1321,172,4718,347,89,45,7056
"G2601470","1990","MI",,,,,,,,,,,"35","St Clair","147",,,"3","2162",,,,"2160","2","Michigan","26",,,,,"0001876337","0000279960","St. Clair County","A","+42934079","-082668222","06",139253,2934,694,453,48,1221,0,30,12,962
"G2601490","1990","MI",,,,,,,,,,,"99","St Joseph","149",,,"3","9999",,,,"9999","2","Michigan","26",,,,,"0001304695","0000045153","St. Joseph County","A","+41915323","-085529763","06",56231,1611,275,314,15,281,2,50,2,132
"G2601510","1990","MI",,,,,,,,,,,"99","Sanilac","151",,,"3","9999",,,,"9999","2","Michigan","26",,,,,"0002496393","0001623377","Sanilac County","A","+43456651","-082639649","06",38679,32,215,48,19,538,5,3,11,378
"G2601530","1990","MI",,,,,,,,,,,"99","Schoolcraft","153",,,"3","9999",,,,"9999","2","Michigan","26",,,,,"0003051482","0001827542","Schoolcraft County","A","+46024322","-086187326","06",7764,8,469,18,0,32,0,2,0,9
"G2601550","1990","MI",,,,,,,,,,,"99","Shiawassee","155",,,"3","9999",,,,"9999","2","Michigan","26",,,,,"0001395595","0000005015","Shiawassee County","A","+42950296","-084144146","06",68087,131,346,176,17,537,0,61,19,396
"G2601570","1990","MI",,,,,,,,,,,"99","Tuscola","157",,,"3","9999",,,,"9999","2","Michigan","26",,,,,"0002104621","0000261707","Tuscola County","A","+43487753","-083436661","06",53361,430,431,159,10,649,19,20,1,418
"G2601590","1990","MI",,,,,,,,,,,"99","Van Buren","159",,,"3","9999",,,,"9999","2","Michigan","26",,,,,"0001582506","0001241319","Van Buren County","A","+42270781","-086308528","06",62262,4521,703,195,31,953,44,34,6,1311
"G2601610","1990","MI",,,,,,,,,,,"35","Washtenaw","161",,,"3","2162",,,,"0440","2","Michigan","26",,,,,"0001839079","0000032421","Washtenaw County","A","+42253250","-083841570","06",233707,31071,755,11593,285,3402,397,96,171,1460
"G2601630","1990","MI",,,,,,,,,,,"35","Wayne","163",,,"3","2162",,,,"2160","2","Michigan","26",,,,,"0001590632","0000150515","Wayne County","A","+42284600","-083260274","06",1187468,845974,7609,20954,1559,25073,2922,592,577,18959
"G2601650","1990","MI",,,,,,,,,,,"99","Wexford","165",,,"3","9999",,,,"9999","2","Michigan","26",,,,,"0001464762","0000026778","Wexford County","A","+44338068","-085579887","06",25875,41,221,104,2,108,0,1,0,8
"G2700010","1990","MN",,,,,,,,,,,"99","Aitkin","001",,,"4","9999",,,,"9999","2","Minnesota","27",,,,,"0004712184","0000455877","Aitkin County","A","+46606591","-093413732","06",12165,12,167,27,2,20,0,14,0,18
"G2700030","1990","MN",,,,,,,,,,,"99","Anoka","003",,,"4","5120",,,,"9999","2","Minnesota","27",,,,,"0001098138","0000057730","Anoka County","A","+45274163","-093240830","06",235887,1355,1858,2448,125,1290,48,41,33,556
"G2700050","1990","MN",,,,,,,,,,,"99","Becker","005",,,"4","9999",,,,"9999","2","Minnesota","27",,,,,"0003394186","0000348805","Becker County","A","+46932261","-095668307","06",25785,14,1888,85,13,65,0,3,0,28
"G2700070","1990","MN",,,,,,,,,,,"99","Beltrami","007",,,"4","9999",,,,"9999","2","Minnesota","27",,,,,"0006488915","0001425314","Beltrami County","A","+48018033","-094923443","06",28395,117,5505,192,5,66,0,75,0,29
"G2700090","1990","MN",,,,,,,,,,,"99","Benton","009",,,"4","6980",,,,"9999","2","Minnesota","27",,,,,"0001057484","0000012235","Benton County","A","+45703184","-094000076","06",29709,87,179,88,0,68,0,0,9,45
"G2700110","1990","MN",,,,,,,,,,,"99","Big Stone","011",,,"4","9999",,,,"9999","2","Minnesota","27",,,,,"0001287221","0000080104","Big Stone County","A","+45426821","-096413116","06",6201,4,32,22,0,22,0,2,0,2
"G2700130","1990","MN",,,,,,,,,,,"99","Blue Earth","013",,,"4","9999",,,,"9999","2","Minnesota","27",,,,,"0001948686","0000035071","Blue Earth County","A","+44032801","-094063628","06",52509,225,83,692,9,222,0,10,20,274
"G2700150","1990","MN",,,,,,,,,,,"99","Brown","015",,,"4","9999",,,,"9999","2","Minnesota","27",,,,,"0001582188","0000020050","Brown County","A","+44234657","-094720980","06",26657,2,27,162,0,78,2,6,0,50
"G2700170","1990","MN",,,,,,,,,,,"99","Carlton","017",,,"4","9999",,,,"9999","2","Minnesota","27",,,,,"0002228379","0000038608","Carlton County","A","+46590191","-092680168","06",27890,34,1171,85,0,52,0,24,0,3
"G2700190","1990","MN",,,,,,,,,,,"99","Carver","019",,,"4","5120",,,,"9999","2","Minnesota","27",,,,,"0000924905","0000049529","Carver County","A","+44820517","-093798077","06",47158,82,107,357,10,158,0,3,0,40
"G2700210","1990","MN",,,,,,,,,,,"99","Cass","021",,,"4","9999",,,,"9999","2","Minnesota","27",,,,,"0005225816","0001027236","Cass County","A","+46946202","-094321938","06",19243,36,2371,52,0,54,1,17,0,17
"G2700230","1990","MN",,,,,,,,,,,"99","Chippewa","023",,,"4","9999",,,,"9999","2","Minnesota","27",,,,,"0001509505","0000013016","Chippewa County","A","+45028511","-095563794","06",13085,9,22,24,0,49,3,12,0,24
"G2700250","1990","MN",,,,,,,,,,,"99","Chisago","025",,,"4","5120",,,,"9999","2","Minnesota","27",,,,,"0001081778","0000064370","Chisago County","A","+45501668","-092908553","06",30128,41,131,98,16,62,4,5,1,35
"G2700270","1990","MN",,,,,,,,,,,"99","Clay","027",,,"4","2520",,,,"9999","2","Minnesota","27",,,,,"0002707293","0000019408","Clay County","A","+46898505","-096494530","06",48313,135,541,406,47,299,0,42,14,625
"G2700290","1990","MN",,,,,,,,,,,"99","Clearwater","029",,,"4","9999",,,,"9999","2","Minnesota","27",,,,,"0002576443","0000090857","Clearwater County","A","+47572966","-095379988","06",7634,0,649,7,0,11,0,8,0,0
"G2700310","1990","MN",,,,,,,,,,,"99","Cook","031",,,"4","9999",,,,"9999","2","Minnesota","27",,,,,"0003757411","0004892074","Cook County","A","+47725695","-090442163","06",3557,6,276,24,0,2,0,0,0,3
"G2700330","1990","MN",,,,,,,,,,,"99","Cottonwood","033",,,"4","9999",,,,"9999","2","Minnesota","27",,,,,"0001657637","0000023127","Cottonwood County","A","+44008642","-095183316","06",12534,12,10,67,0,39,0,0,0,32
"G2700350","1990","MN",,,,,,,,,,,"99","Crow Wing","035",,,"4","9999",,,,"9999","2","Minnesota","27",,,,,"0002581442","0000414216","Crow Wing County","A","+46486988","-094071825","06",43500,77,335,120,4,124,0,36,6,47
"G2700370","1990","MN",,,,,,,,,,,"99","Dakota","037",,,"4","5120",,,,"9999","2","Minnesota","27",,,,,"0001475566","0000043111","Dakota County","A","+44684800","-093064817","06",262794,3075,702,4747,143,2441,60,11,68,1186
"G2700390","1990","MN",,,,,,,,,,,"99","Dodge","039",,,"4","9999",,,,"9999","2","Minnesota","27",,,,,"0001138354","0000000316","Dodge County","A","+44026862","-092862056","06",15446,6,45,66,4,79,2,0,0,83
"G2700410","1990","MN",,,,,,,,,,,"99","Douglas","041",,,"4","9999",,,,"9999","2","Minnesota","27",,,,,"0001642890","0000221826","Douglas County","A","+45935996","-095454440","06",28328,18,66,147,0,107,0,0,0,8
"G2700430","1990","MN",,,,,,,,,,,"99","Faribault","043",,,"4","9999",,,,"9999","2","Minnesota","27",,,,,"0001848369","0000020679","Faribault County","A","+43677100","-093947845","06",16559,25,30,88,2,106,0,0,0,127
"G2700450","1990","MN",,,,,,,,,,,"99","Fillmore","045",,,"4","9999",,,,"9999","2","Minnesota","27",,,,,"0002230735","0000002328","Fillmore County","A","+43675073","-092088956","06",20614,14,25,62,0,35,0,9,0,18
"G2700470","1990","MN",,,,,,,,,,,"99","Freeborn","047",,,"4","9999",,,,"9999","2","Minnesota","27",,,,,"0001832855","0000038824","Freeborn County","A","+43670693","-093350258","06",31717,15,66,151,15,399,0,0,2,695
"G2700490","1990","MN",,,,,,,,,,,"99","Goodhue","049",,,"4","9999",,,,"9999","2","Minnesota","27",,,,,"0001964742","0000056674","Goodhue County","A","+44414669","-092722337","06",39981,79,287,157,2,113,0,5,0,66
"G2700510","1990","MN",,,,,,,,,,,"99","Grant","051",,,"4","9999",,,,"9999","2","Minnesota","27",,,,,"0001415316","0000074475","Grant County","A","+45931836","-096010788","06",6209,8,17,10,0,2,0,0,0,0
"G2700530","1990","MN",,,,,,,,,,,"99","Hennepin","053",,,"4","5120",,,,"9999","2","Minnesota","27",,,,,"0001441695","0000128972","Hennepin County","A","+45003370","-093474888","06",916327,59163,14011,29277,1183,6940,849,676,224,3781
"G2700550","1990","MN",,,,,,,,,,,"99","Houston","055",,,"4","9999",,,,"9999","2","Minnesota","27",,,,,"0001446374","0000027197","Houston County","A","+43674140","-091491156","06",18296,28,68,58,0,36,1,0,0,10
"G2700570","1990","MN",,,,,,,,,,,"99","Hubbard","057",,,"4","9999",,,,"9999","2","Minnesota","27",,,,,"0002389421","0000199124","Hubbard County","A","+47101128","-094913568","06",14625,2,269,11,0,17,0,6,5,4
"G2700590","1990","MN",,,,,,,,,,,"99","Isanti","059",,,"4","5120",,,,"9999","2","Minnesota","27",,,,,"0001137235","0000033176","Isanti County","A","+45564603","-093293388","06",25531,64,118,101,2,75,0,0,2,28
"G2700610","1990","MN",,,,,,,,,,,"99","Itasca","061",,,"4","9999",,,,"9999","2","Minnesota","27",,,,,"0006903104","0000680195","Itasca County","A","+47508489","-093626338","06",39327,32,1248,58,9,156,0,2,0,31
"G2700630","1990","MN",,,,,,,,,,,"99","Jackson","063",,,"4","9999",,,,"9999","2","Minnesota","27",,,,,"0001818041","0000045477","Jackson County","A","+43675021","-095156785","06",11413,0,6,187,0,6,0,0,2,63
"G2700650","1990","MN",,,,,,,,,,,"99","Kanabec","065",,,"4","9999",,,,"9999","2","Minnesota","27",,,,,"0001359628","0000021898","Kanabec County","A","+45947877","-093298400","06",12599,2,63,64,4,37,0,3,0,30
"G2700670","1990","MN",,,,,,,,,,,"99","Kandiyohi","067",,,"4","9999",,,,"9999","2","Minnesota","27",,,,,"0002062178","0000170417","Kandiyohi County","A","+45152285","-095008118","06",37169,73,146,117,5,628,0,57,0,566
"G2700690","1990","MN",,,,,,,,,,,"99","Kittson","069",,,"4","9999",,,,"9999","2","Minnesota","27",,,,,"0002841495","0000016665","Kittson County","A","+48775702","-096779888","06",5717,0,7,2,0,33,0,0,0,8
"G2700710","1990","MN",,,,,,,,,,,"99","Koochiching","071",,,"4","9999",,,,"9999","2","Minnesota","27",,,,,"0008035172","0000134586","Koochiching County","A","+48259344","-093769353","06",15454,36,459,39,7,111,19,0,0,174
"G2700730","1990","MN",,,,,,,,,,,"99","Lac Qui Parle","073",,,"4","9999",,,,"9999","2","Minnesota","27",,,,,"0001981098","0000034158","Lac qui Parle County","A","+45000955","-096175301","06",8865,4,9,24,2,14,0,0,0,6
"G2700750","1990","MN",,,,,,,,,,,"99","Lake","075",,,"4","9999",,,,"9999","2","Minnesota","27",,,,,"0005437445","0002309614","Lake County","A","+47525904","-091387847","06",10289,3,66,24,0,26,6,0,0,1
"G2700770","1990","MN",,,,,,,,,,,"99","Lake Of The Woods","077",,,"4","9999",,,,"9999","2","Minnesota","27",,,,,"0003358463","0001238719","Lake of the Woods County","A","+48767539","-094903814","06",4044,0,6,6,0,3,0,15,0,2
"G2700790","1990","MN",,,,,,,,,,,"99","Le Sueur","079",,,"4","9999",,,,"9999","2","Minnesota","27",,,,,"0001161710","0000065682","Le Sueur County","A","+44374122","-093732401","06",22999,16,30,61,0,83,0,0,2,48
"G2700810","1990","MN",,,,,,,,,,,"99","Lincoln","081",,,"4","9999",,,,"9999","2","Minnesota","27",,,,,"0001390979","0000029552","Lincoln County","A","+44408278","-096271639","06",6853,2,13,13,0,0,0,0,0,9
"G2700830","1990","MN",,,,,,,,,,,"99","Lyon","083",,,"4","9999",,,,"9999","2","Minnesota","27",,,,,"0001849903","0000018762","Lyon County","A","+44414472","-095840408","06",24348,45,38,140,0,53,4,0,0,161
"G2700850","1990","MN",,,,,,,,,,,"99","McLeod","085",,,"4","9999",,,,"9999","2","Minnesota","27",,,,,"0001274117","0000035637","McLeod County","A","+44825547","-094271264","06",31466,61,75,118,0,168,5,2,0,135
"G2700870","1990","MN",,,,,,,,,,,"99","Mahnomen","087",,,"4","9999",,,,"9999","2","Minnesota","27",,,,,"0001440486","0000069538","Mahnomen County","A","+47325652","-095810415","06",3823,2,1192,6,0,7,0,14,0,0
"G2700890","1990","MN",,,,,,,,,,,"99","Marshall","089",,,"4","9999",,,,"9999","2","Minnesota","27",,,,,"0004590185","0000105025","Marshall County","A","+48354070","-096377164","06",10875,4,42,10,0,34,0,0,0,28
"G2700910","1990","MN",,,,,,,,,,,"99","Martin","091",,,"4","9999",,,,"9999","2","Minnesota","27",,,,,"0001837296","0000052348","Martin County","A","+43677159","-094556724","06",22597,27,56,116,14,26,0,28,2,48
"G2700930","1990","MN",,,,,,,,,,,"99","Meeker","093",,,"4","9999",,,,"9999","2","Minnesota","27",,,,,"0001576191","0000094648","Meeker County","A","+45123002","-094527080","06",20546,11,34,77,10,75,0,0,2,91
"G2700950","1990","MN",,,,,,,,,,,"99","Mille Lacs","095",,,"4","9999",,,,"9999","2","Minnesota","27",,,,,"0001487942","0000277914","Mille Lacs County","A","+45929539","-093632525","06",17919,29,580,36,0,64,9,11,0,22
"G2700970","1990","MN",,,,,,,,,,,"99","Morrison","097",,,"4","9999",,,,"9999","2","Minnesota","27",,,,,"0002912582","0000074646","Morrison County","A","+46011952","-094267570","06",29352,18,47,90,0,75,0,0,0,22
"G2700990","1990","MN",,,,,,,,,,,"99","Mower","099",,,"4","9999",,,,"9999","2","Minnesota","27",,,,,"0001842871","0000000543","Mower County","A","+43671811","-092750894","06",36800,72,39,262,0,147,6,2,11,46
"G2701010","1990","MN",,,,,,,,,,,"99","Murray","101",,,"4","9999",,,,"9999","2","Minnesota","27",,,,,"0001824588","0000039080","Murray County","A","+44019820","-095761281","06",9631,0,0,14,0,7,0,0,0,8
"G2701030","1990","MN",,,,,,,,,,,"99","Nicollet","103",,,"4","9999",,,,"9999","2","Minnesota","27",,,,,"0001171514","0000037952","Nicollet County","A","+44342319","-094245463","06",27573,63,75,127,0,131,0,0,15,92
"G2701050","1990","MN",,,,,,,,,,,"99","Nobles","105",,,"4","9999",,,,"9999","2","Minnesota","27",,,,,"0001853024","0000017889","Nobles County","A","+43672499","-095757316","06",19314,45,90,250,0,86,0,3,0,310
"G2701070","1990","MN",,,,,,,,,,,"99","Norman","107",,,"4","9999",,,,"9999","2","Minnesota","27",,,,,"0002269613","0000001425","Norman County","A","+47331158","-096462563","06",7785,4,92,10,0,52,0,8,0,24
"G2701090","1990","MN",,,,,,,,,,,"99","Olmsted","109",,,"4","6820",,,,"9999","2","Minnesota","27",,,,,"0001691371","0000003866","Olmsted County","A","+44002500","-092399150","06",101508,784,211,3121,2,622,5,5,21,191
"G2701110","1990","MN",,,,,,,,,,,"99","Otter Tail","111",,,"4","9999",,,,"9999","2","Minnesota","27",,,,,"0005127788","0000635047","Otter Tail County","A","+46407904","-095713534","06",50019,37,215,237,0,97,0,7,12,90
"G2701130","1990","MN",,,,,,,,,,,"99","Pennington","113",,,"4","9999",,,,"9999","2","Minnesota","27",,,,,"0001596878","0000004670","Pennington County","A","+48065433","-096035563","06",12976,3,88,51,0,75,0,0,0,113
"G2701150","1990","MN",,,,,,,,,,,"99","Pine","115",,,"4","9999",,,,"9999","2","Minnesota","27",,,,,"0003654908","0000060920","Pine County","A","+46139514","-092736161","06",20205,331,356,82,7,184,18,0,0,81
"G2701170","1990","MN",,,,,,,,,,,"99","Pipestone","117",,,"4","9999",,,,"9999","2","Minnesota","27",,,,,"0001206701","0000000671","Pipestone County","A","+44024633","-096253818","06",10199,14,206,34,0,31,0,0,0,7
"G2701190","1990","MN",,,,,,,,,,,"99","Polk","119",,,"4","9999",,,,"9999","2","Minnesota","27",,,,,"0005103577","0000070952","Polk County","A","+47774622","-096399564","06",30956,71,365,97,41,585,0,9,0,374
"G2701210","1990","MN",,,,,,,,,,,"99","Pope","121",,,"4","9999",,,,"9999","2","Minnesota","27",,,,,"0001735782","0000122090","Pope County","A","+45593381","-095447317","06",10700,7,24,9,1,2,0,0,0,2
"G2701230","1990","MN",,,,,,,,,,,"99","Ramsey","123",,,"4","5120",,,,"9999","2","Minnesota","27",,,,,"0000403568","0000037142","Ramsey County","A","+45015300","-093099608","06",422321,21909,3906,24692,480,5888,675,377,210,5307
"G2701250","1990","MN",,,,,,,,,,,"99","Red Lake","125",,,"4","9999",,,,"9999","2","Minnesota","27",,,,,"0001120026","0000000211","Red Lake County","A","+47876728","-096096495","06",4448,0,5,5,0,9,0,0,0,58
"G2701270","1990","MN",,,,,,,,,,,"99","Redwood","127",,,"4","9999",,,,"9999","2","Minnesota","27",,,,,"0002278870","0000003647","Redwood County","A","+44403638","-095253559","06",16906,7,267,29,0,24,0,8,0,13
"G2701290","1990","MN",,,,,,,,,,,"99","Renville","129",,,"4","9999",,,,"9999","2","Minnesota","27",,,,,"0002545900","0000011138","Renville County","A","+44723711","-094955440","06",17320,0,53,58,2,96,0,7,0,137
"G2701310","1990","MN",,,,,,,,,,,"99","Rice","131",,,"4","9999",,,,"9999","2","Minnesota","27",,,,,"0001288741","0000048058","Rice County","A","+44356842","-093297478","06",47993,237,176,441,14,225,13,5,2,77
"G2701330","1990","MN",,,,,,,,,,,"99","Rock","133",,,"4","9999",,,,"9999","2","Minnesota","27",,,,,"0001250014","0000000595","Rock County","A","+43673485","-096247936","06",9698,7,54,27,0,16,0,0,0,4
"G2701350","1990","MN",,,,,,,,,,,"99","Roseau","135",,,"4","9999",,,,"9999","2","Minnesota","27",,,,,"0004306020","0000040956","Roseau County","A","+48770346","-095799492","06",14759,2,170,79,0,8,0,0,0,8
"G2701370","1990","MN",,,,,,,,,,,"99","St Louis","137",,,"4","2240",,,,"9999","2","Minnesota","27",,,,,"0016124453","0001644308","St. Louis County","A","+47578363","-092462226","06",191325,1175,3694,1020,67,662,5,29,29,207
"G2701390","1990","MN",,,,,,,,,,,"99","Scott","139",,,"4","5120",,,,"9999","2","Minnesota","27",,,,,"0000924135","0000030460","Scott County","A","+44654800","-093534941","06",56434,237,349,459,0,255,4,7,3,98
"G2701410","1990","MN",,,,,,,,,,,"99","Sherburne","141",,,"4","6980",,,,"9999","2","Minnesota","27",,,,,"0001130708","0000037394","Sherburne County","A","+45440352","-093768105","06",40965,242,260,149,8,210,0,14,9,88
"G2701430","1990","MN",,,,,,,,,,,"99","Sibley","143",,,"4","9999",,,,"9999","2","Minnesota","27",,,,,"0001524604","0000030418","Sibley County","A","+44579124","-094229375","06",14192,8,20,37,0,77,0,0,0,32
"G2701450","1990","MN",,,,,,,,,,,"99","Stearns","145",,,"4","6980",,,,"9999","2","Minnesota","27",,,,,"0003482471","0000117593","Stearns County","A","+45554509","-094610041","06",116918,421,407,532,36,367,0,14,12,84
"G2701470","1990","MN",,,,,,,,,,,"99","Steele","147",,,"4","9999",,,,"9999","2","Minnesota","27",,,,,"0001112572","0000006775","Steele County","A","+44023200","-093223964","06",29698,100,80,219,6,288,0,0,0,338
"G2701490","1990","MN",,,,,,,,,,,"99","Stevens","149",,,"4","9999",,,,"9999","2","Minnesota","27",,,,,"0001455845","0000034115","Stevens County","A","+45584629","-096000569","06",10261,103,39,147,4,33,5,0,5,37
"G2701510","1990","MN",,,,,,,,,,,"99","Swift","151",,,"4","9999",,,,"9999","2","Minnesota","27",,,,,"0001925845","0000022849","Swift County","A","+45286524","-095681915","06",10615,2,20,27,0,46,0,0,0,14
"G2701530","1990","MN",,,,,,,,,,,"99","Todd","153",,,"4","9999",,,,"9999","2","Minnesota","27",,,,,"0002439939","0000096686","Todd County","A","+46070786","-094898987","06",23186,8,58,49,2,46,0,0,3,11
"G2701550","1990","MN",,,,,,,,,,,"99","Traverse","155",,,"4","9999",,,,"9999","2","Minnesota","27",,,,,"0001486988","0000030747","Traverse County","A","+45771538","-096469935","06",4318,0,110,23,0,10,0,2,0,0
"G2701570","1990","MN",,,,,,,,,,,"99","Wabasha","157",,,"4","9999",,,,"9999","2","Minnesota","27",,,,,"0001359867","0000064248","Wabasha County","A","+44281995","-092239468","06",19594,6,30,65,0,49,0,0,0,0
"G2701590","1990","MN",,,,,,,,,,,"99","Wadena","159",,,"4","9999",,,,"9999","2","Minnesota","27",,,,,"0001386828","0000019592","Wadena County","A","+46577377","-094958610","06",13046,9,66,16,0,15,0,0,2,0
"G2701610","1990","MN",,,,,,,,,,,"99","Waseca","161",,,"4","9999",,,,"9999","2","Minnesota","27",,,,,"0001096258","0000024757","Waseca County","A","+44019073","-093589913","06",17795,51,22,62,2,83,0,10,0,54
"G2701630","1990","MN",,,,,,,,,,,"99","Washington","163",,,"4","5120",,,,"9999","2","Minnesota","27",,,,,"0001014599","0000081477","Washington County","A","+45038075","-092889207","06",139839,1607,600,1774,87,1312,86,59,1,531
"G2701650","1990","MN",,,,,,,,,,,"99","Watonwan","165",,,"4","9999",,,,"9999","2","Minnesota","27",,,,,"0001125421","0000013997","Watonwan County","A","+43978562","-094614875","06",11010,28,11,49,30,99,0,0,0,455
"G2701670","1990","MN",,,,,,,,,,,"99","Wilkin","167",,,"4","9999",,,,"9999","2","Minnesota","27",,,,,"0001946308","0000000506","Wilkin County","A","+46355332","-096471038","06",7356,0,63,8,2,38,0,0,0,49
"G2701690","1990","MN",,,,,,,,,,,"99","Winona","169",,,"4","9999",,,,"9999","2","Minnesota","27",,,,,"0001622230","0000039596","Winona County","A","+43984816","-091774907","06",46700,204,78,488,2,249,0,0,0,107
"G2701710","1990","MN",,,,,,,,,,,"99","Wright","171",,,"4","5120",,,,"9999","2","Minnesota","27",,,,,"0001711559","0000138801","Wright County","A","+45175242","-093968086","06",67899,64,229,245,13,229,0,0,8,23
"G2701730","1990","MN",,,,,,,,,,,"99","Yellow Medicine","173",,,"4","9999",,,,"9999","2","Minnesota","27",,,,,"0001963183","0000014069","Yellow Medicine County","A","+44719037","-095863302","06",11493,0,101,21,5,19,0,2,2,41
"G2800010","1990","MS",,,,,,,,,,,"99","Adams","001",,,"6","9999",,,,"9999","3","Mississippi","28",,,,,"0001192153","0000067304","Adams County","A","+31479606","-091351407","06",17965,17174,34,86,0,62,14,6,7,8
"G2800030","1990","MS",,,,,,,,,,,"99","Alcorn","003",,,"6","9999",,,,"9999","3","Mississippi","28",,,,,"0001035902","0000003674","Alcorn County","A","+34877376","-088576325","06",27889,3587,58,18,0,104,48,0,10,8
"G2800050","1990","MS",,,,,,,,,,,"99","Amite","005",,,"6","9999",,,,"9999","3","Mississippi","28",,,,,"0001889811","0000005291","Amite County","A","+31173239","-090800782","06",7229,6016,9,10,0,34,30,0,0,0
"G2800070","1990","MS",,,,,,,,,,,"99","Attala","007",,,"6","9999",,,,"9999","3","Mississippi","28",,,,,"0001904123","0000005096","Attala County","A","+33088951","-089580462","06",11081,7323,34,25,0,0,6,0,0,12
"G2800090","1990","MS",,,,,,,,,,,"99","Benton","009",,,"6","9999",,,,"9999","3","Mississippi","28",,,,,"0001053652","0000004815","Benton County","A","+34816935","-089187010","06",4867,3177,0,0,0,2,0,0,0,0
"G2800110","1990","MS",,,,,,,,,,,"99","Bolivar","011",,,"6","9999",,,,"9999","3","Mississippi","28",,,,,"0002269723","0000076340","Bolivar County","A","+33794708","-090882087","06",15017,26407,24,126,0,149,23,0,0,129
"G2800130","1990","MS",,,,,,,,,,,"99","Calhoun","013",,,"6","9999",,,,"9999","3","Mississippi","28",,,,,"0001519240","0000003688","Calhoun County","A","+33935781","-089336877","06",10792,4015,16,4,2,48,0,0,3,28
"G2800150","1990","MS",,,,,,,,,,,"99","Carroll","015",,,"6","9999",,,,"9999","3","Mississippi","28",,,,,"0001625907","0000017685","Carroll County","A","+33449876","-089920015","06",5564,3643,0,2,0,7,14,0,0,7
"G2800170","1990","MS",,,,,,,,,,,"99","Chickasaw","017",,,"6","9999",,,,"9999","3","Mississippi","28",,,,,"0001299123","0000007012","Chickasaw County","A","+33922046","-088948026","06",10976,6953,33,40,0,50,20,0,13,0
"G2800190","1990","MS",,,,,,,,,,,"99","Choctaw","019",,,"6","9999",,,,"9999","3","Mississippi","28",,,,,"0001085541","0000001843","Choctaw County","A","+33345203","-089252415","06",6231,2728,23,26,0,58,5,0,0,0
"G2800210","1990","MS",,,,,,,,,,,"99","Claiborne","021",,,"6","9999",,,,"9999","3","Mississippi","28",,,,,"0001260851","0000037854","Claiborne County","A","+31972537","-090914312","06",1976,9296,20,5,0,18,55,0,0,0
"G2800230","1990","MS",,,,,,,,,,,"99","Clarke","023",,,"6","9999",,,,"9999","3","Mississippi","28",,,,,"0001790521","0000005551","Clarke County","A","+32040191","-088690981","06",11298,5978,8,16,0,8,0,0,0,5
"G2800250","1990","MS",,,,,,,,,,,"99","Clay","025",,,"6","9999",,,,"9999","3","Mississippi","28",,,,,"0001058150","0000019411","Clay County","A","+33651810","-088773933","06",9681,11260,49,98,0,12,20,0,0,0
"G2800270","1990","MS",,,,,,,,,,,"99","Coahoma","027",,,"6","9999",,,,"9999","3","Mississippi","28",,,,,"0001435358","0000075087","Coahoma County","A","+34225260","-090597271","06",10949,20477,31,67,9,35,34,0,0,63
"G2800290","1990","MS",,,,,,,,,,,"99","Copiah","029",,,"6","9999",,,,"9999","3","Mississippi","28",,,,,"0002011557","0000007209","Copiah County","A","+31864746","-090444667","06",13588,13918,41,5,0,20,14,0,0,6
"G2800310","1990","MS",,,,,,,,,,,"99","Covington","031",,,"6","9999",,,,"9999","3","Mississippi","28",,,,,"0001071793","0000002969","Covington County","A","+31632015","-089551947","06",10691,5804,0,10,0,6,5,0,0,11
"G2800330","1990","MS",,,,,,,,,,,"99","Desoto","033",,,"6","4920",,,,"9999","3","Mississippi","28",,,,,"0001238737","0000048026","DeSoto County","A","+34875277","-089991991","06",58717,8660,137,162,0,184,24,0,0,26
"G2800350","1990","MS",,,,,,,,,,,"99","Forrest","035",,,"6","9999",,,,"9999","3","Mississippi","28",,,,,"0001208839","0000008989","Forrest County","A","+31186842","-089258750","06",46226,20931,105,479,13,400,60,0,10,90
"G2800370","1990","MS",,,,,,,,,,,"99","Franklin","037",,,"6","9999",,,,"9999","3","Mississippi","28",,,,,"0001462418","0000005550","Franklin County","A","+31477504","-090898055","06",5292,3077,0,2,0,0,4,0,0,2
"G2800390","1990","MS",,,,,,,,,,,"99","George","039",,,"6","9999",,,,"9999","3","Mississippi","28",,,,,"0001238820","0000013828","George County","A","+30866442","-088642721","06",14988,1542,69,21,0,19,18,0,0,16
"G2800410","1990","MS",,,,,,,,,,,"99","Greene","041",,,"6","9999",,,,"9999","3","Mississippi","28",,,,,"0001846519","0000015004","Greene County","A","+31216872","-088640021","06",7945,2184,18,18,0,42,9,2,0,2
"G2800430","1990","MS",,,,,,,,,,,"99","Grenada","043",,,"6","9999",,,,"9999","3","Mississippi","28",,,,,"0001092756","0000071212","Grenada County","A","+33770931","-089801107","06",12549,8896,61,0,0,40,4,0,0,5
"G2800450","1990","MS",,,,,,,,,,,"99","Hancock","045",,,"6","0920",,,,"9999","3","Mississippi","28",,,,,"0001235197","0000195927","Hancock County","A","+30389164","-089472078","06",27996,2908,93,188,0,536,7,7,0,25
"G2800470","1990","MS",,,,,,,,,,,"99","Harrison","047",,,"6","0920",,,,"9999","3","Mississippi","28",,,,,"0001504847","0001023451","Harrison County","A","+30419050","-089090074","06",125412,32281,518,4032,68,2338,148,57,103,408
"G2800490","1990","MS",,,,,,,,,,,"99","Hinds","049",,,"6","3560",,,,"9999","3","Mississippi","28",,,,,"0002251384","0000021105","Hinds County","A","+32263450","-090443598","06",122596,129308,197,1261,38,583,283,18,17,140
"G2800510","1990","MS",,,,,,,,,,,"99","Holmes","051",,,"6","9999",,,,"9999","3","Mississippi","28",,,,,"0001958202","0000021190","Holmes County","A","+33121189","-090088358","06",5141,16332,6,36,0,35,54,0,0,0
"G2800530","1990","MS",,,,,,,,,,,"99","Humphreys","053",,,"6","9999",,,,"9999","3","Mississippi","28",,,,,"0001082942","0000033861","Humphreys County","A","+33132271","-090523849","06",3849,8248,4,14,0,7,12,0,0,0
"G2800550","1990","MS",,,,,,,,,,,"99","Issaquena","055",,,"6","9999",,,,"9999","3","Mississippi","28",,,,,"0001069684","0000073554","Issaquena County","A","+32737786","-090988477","06",833,1074,0,0,0,0,2,0,0,0
"G2800570","1990","MS",,,,,,,,,,,"99","Itawamba","057",,,"6","9999",,,,"9999","3","Mississippi","28",,,,,"0001378866","0000020937","Itawamba County","A","+34277725","-088359049","06",18559,1347,27,25,0,45,6,0,1,7
"G2800590","1990","MS",,,,,,,,,,,"99","Jackson","059",,,"6","6025",,,,"9999","3","Mississippi","28",,,,,"0001881994","0000820311","Jackson County","A","+30463024","-088621916","06",89464,23531,259,920,11,811,71,0,15,161
"G2800610","1990","MS",,,,,,,,,,,"99","Jasper","061",,,"6","9999",,,,"9999","3","Mississippi","28",,,,,"0001750958","0000003737","Jasper County","A","+32019338","-089120363","06",8373,8686,16,7,0,29,0,0,0,3
"G2800630","1990","MS",,,,,,,,,,,"99","Jefferson","063",,,"6","9999",,,,"9999","3","Mississippi","28",,,,,"0001345322","0000020218","Jefferson County","A","+31730468","-091034917","06",1191,7445,2,5,0,3,7,0,0,0
"G2800650","1990","MS",,,,,,,,,,,"99","Jefferson Davis","065",,,"6","9999",,,,"9999","3","Mississippi","28",,,,,"0001057861","0000001803","Jefferson Davis County","A","+31564423","-089823388","06",6313,7710,10,6,0,12,0,0,0,0
"G2800670","1990","MS",,,,,,,,,,,"99","Jones","067",,,"6","9999",,,,"9999","3","Mississippi","28",,,,,"0001797154","0000015304","Jones County","A","+31623917","-089168386","06",46027,15446,187,148,22,124,49,3,10,15
"G2800690","1990","MS",,,,,,,,,,,"99","Kemper","069",,,"6","9999",,,,"9999","3","Mississippi","28",,,,,"0001984370","0000002282","Kemper County","A","+32756105","-088645415","06",4391,5736,198,17,0,14,0,0,0,0
"G2800710","1990","MS",,,,,,,,,,,"99","Lafayette","071",,,"6","9999",,,,"9999","3","Mississippi","28",,,,,"0001634684","0000124779","Lafayette County","A","+34358686","-089485475","06",22952,7978,16,612,0,238,10,0,0,20
"G2800730","1990","MS",,,,,,,,,,,"99","Lamar","073",,,"6","9999",,,,"9999","3","Mississippi","28",,,,,"0001288295","0000008058","Lamar County","A","+31209871","-089505388","06",26513,3630,35,33,0,150,1,0,0,62
"G2800750","1990","MS",,,,,,,,,,,"99","Lauderdale","075",,,"6","9999",,,,"9999","3","Mississippi","28",,,,,"0001822229","0000030486","Lauderdale County","A","+32404350","-088660578","06",48504,26249,144,322,5,163,50,0,17,101
"G2800770","1990","MS",,,,,,,,,,,"99","Lawrence","077",,,"6","9999",,,,"9999","3","Mississippi","28",,,,,"0001115367","0000013258","Lawrence County","A","+31549556","-090107301","06",8235,4127,8,19,6,55,8,0,0,0
"G2800790","1990","MS",,,,,,,,,,,"99","Leake","079",,,"6","9999",,,,"9999","3","Mississippi","28",,,,,"0001509322","0000006941","Leake County","A","+32752886","-089523199","06",11072,6548,763,0,0,9,36,0,0,8
"G2800810","1990","MS",,,,,,,,,,,"99","Lee","081",,,"6","9999",,,,"9999","3","Mississippi","28",,,,,"0001164631","0000009086","Lee County","A","+34289055","-088681207","06",51097,13911,77,137,0,159,91,3,0,106
"G2800830","1990","MS",,,,,,,,,,,"99","Leflore","083",,,"6","9999",,,,"9999","3","Mississippi","28",,,,,"0001533222","0000037357","Leflore County","A","+33547984","-090297653","06",14401,22623,14,207,0,30,61,0,5,0
"G2800850","1990","MS",,,,,,,,,,,"99","Lincoln","085",,,"6","9999",,,,"9999","3","Mississippi","28",,,,,"0001517100","0000006389","Lincoln County","A","+31535912","-090452095","06",21104,9028,14,52,0,24,28,0,28,0
"G2800870","1990","MS",,,,,,,,,,,"99","Lowndes","087",,,"6","9999",,,,"9999","3","Mississippi","28",,,,,"0001300974","0000036712","Lowndes County","A","+33471041","-088444290","06",36473,21989,67,259,3,296,72,0,0,149
"G2800890","1990","MS",,,,,,,,,,,"99","Madison","089",,,"6","3560",,,,"9999","3","Mississippi","28",,,,,"0001862562","0000059293","Madison County","A","+32633641","-090033836","06",29623,23705,32,170,7,150,72,6,0,29
"G2800910","1990","MS",,,,,,,,,,,"99","Marion","091",,,"6","9999",,,,"9999","3","Mississippi","28",,,,,"0001404766","0000016128","Marion County","A","+31230662","-089822017","06",17523,7708,60,16,0,169,0,0,0,68
"G2800930","1990","MS",,,,,,,,,,,"99","Marshall","093",,,"6","9999",,,,"9999","3","Mississippi","28",,,,,"0001829560","0000008974","Marshall County","A","+34770067","-089509467","06",14832,15342,69,44,0,37,29,0,0,8
"G2800950","1990","MS",,,,,,,,,,,"99","Monroe","095",,,"6","9999",,,,"9999","3","Mississippi","28",,,,,"0001979355","0000020381","Monroe County","A","+33890256","-088485251","06",25306,11034,63,12,5,19,50,0,0,93
"G2800970","1990","MS",,,,,,,,,,,"99","Montgomery","097",,,"6","9999",,,,"9999","3","Mississippi","28",,,,,"0001053830","0000002629","Montgomery County","A","+33497606","-089608860","06",6903,5447,2,10,0,26,0,0,0,0
"G2800990","1990","MS",,,,,,,,,,,"99","Neshoba","099",,,"6","9999",,,,"9999","3","Mississippi","28",,,,,"0001476412","0000004255","Neshoba County","A","+32752405","-089119353","06",16977,4626,3141,15,0,13,0,10,0,18
"G2801010","1990","MS",,,,,,,,,,,"99","Newton","101",,,"6","9999",,,,"9999","3","Mississippi","28",,,,,"0001497211","0000004007","Newton County","A","+32405110","-089118252","06",13690,5853,721,2,0,14,0,0,0,11
"G2801030","1990","MS",,,,,,,,,,,"99","Noxubee","103",,,"6","9999",,,,"9999","3","Mississippi","28",,,,,"0001799730","0000013503","Noxubee County","A","+33110929","-088570177","06",3960,8562,65,17,0,0,0,0,0,0
"G2801050","1990","MS",,,,,,,,,,,"99","Oktibbeha","105",,,"6","9999",,,,"9999","3","Mississippi","28",,,,,"0001185588","0000010828","Oktibbeha County","A","+33426319","-088880002","06",23998,13179,28,888,0,180,30,0,0,72
"G2801070","1990","MS",,,,,,,,,,,"99","Panola","107",,,"6","9999",,,,"9999","3","Mississippi","28",,,,,"0001772212","0000054234","Panola County","A","+34363316","-089946541","06",15308,14480,20,34,0,58,62,0,4,30
"G2801090","1990","MS",,,,,,,,,,,"99","Pearl River","109",,,"6","9999",,,,"9999","3","Mississippi","28",,,,,"0002101894","0000019260","Pearl River County","A","+30770422","-089592464","06",32626,5504,218,65,27,193,7,0,0,74
"G2801110","1990","MS",,,,,,,,,,,"99","Perry","111",,,"6","9999",,,,"9999","3","Mississippi","28",,,,,"0001676289","0000007828","Perry County","A","+31171858","-088987472","06",8283,2453,92,12,0,23,0,0,0,2
"G2801130","1990","MS",,,,,,,,,,,"99","Pike","113",,,"6","9999",,,,"9999","3","Mississippi","28",,,,,"0001059109","0000004892","Pike County","A","+31175513","-090399979","06",19813,16819,36,65,0,133,4,0,0,12
"G2801150","1990","MS",,,,,,,,,,,"99","Pontotoc","115",,,"6","9999",,,,"9999","3","Mississippi","28",,,,,"0001288336","0000009303","Pontotoc County","A","+34227506","-089036823","06",18822,3208,54,50,0,38,41,0,0,24
"G2801170","1990","MS",,,,,,,,,,,"99","Prentiss","117",,,"6","9999",,,,"9999","3","Mississippi","28",,,,,"0001074789","0000008546","Prentiss County","A","+34613446","-088518589","06",20426,2742,7,47,0,56,0,0,0,0
"G2801190","1990","MS",,,,,,,,,,,"99","Quitman","119",,,"6","9999",,,,"9999","3","Mississippi","28",,,,,"0001048604","0000004287","Quitman County","A","+34254962","-090287133","06",4172,6134,14,26,0,77,0,0,0,67
"G2801210","1990","MS",,,,,,,,,,,"99","Rankin","121",,,"6","3560",,,,"9999","3","Mississippi","28",,,,,"0002006214","0000081728","Rankin County","A","+32262505","-089946198","06",71373,14516,97,414,9,569,15,0,10,158
"G2801230","1990","MS",,,,,,,,,,,"99","Scott","123",,,"6","9999",,,,"9999","3","Mississippi","28",,,,,"0001577653","0000003372","Scott County","A","+32404951","-089545323","06",14775,9202,27,0,11,55,6,0,0,61
"G2801250","1990","MS",,,,,,,,,,,"99","Sharkey","125",,,"6","9999",,,,"9999","3","Mississippi","28",,,,,"0001107852","0000018580","Sharkey County","A","+32878926","-090811597","06",2352,4681,7,6,0,0,10,0,0,10
"G2801270","1990","MS",,,,,,,,,,,"99","Simpson","127",,,"6","9999",,,,"9999","3","Mississippi","28",,,,,"0001524928","0000004655","Simpson County","A","+31915476","-089920939","06",16130,7727,14,27,0,33,0,0,0,22
"G2801290","1990","MS",,,,,,,,,,,"99","Smith","129",,,"6","9999",,,,"9999","3","Mississippi","28",,,,,"0001647044","0000003605","Smith County","A","+32016313","-089501240","06",11490,3246,12,8,2,38,0,0,0,2
"G2801310","1990","MS",,,,,,,,,,,"99","Stone","131",,,"6","9999",,,,"9999","3","Mississippi","28",,,,,"0001153552","0000007003","Stone County","A","+30788999","-089123191","06",8303,2338,24,24,0,49,12,0,0,0
"G2801330","1990","MS",,,,,,,,,,,"99","Sunflower","133",,,"6","9999",,,,"9999","3","Mississippi","28",,,,,"0001797021","0000034775","Sunflower County","A","+33606741","-090595008","06",11598,21025,85,62,0,16,54,0,3,24
"G2801350","1990","MS",,,,,,,,,,,"99","Tallahatchie","135",,,"6","9999",,,,"9999","3","Mississippi","28",,,,,"0001667883","0000021134","Tallahatchie County","A","+33945937","-090171689","06",6267,8854,4,43,0,2,27,0,13,0
"G2801370","1990","MS",,,,,,,,,,,"99","Tate","137",,,"6","9999",,,,"9999","3","Mississippi","28",,,,,"0001047688","0000016757","Tate County","A","+34653317","-089940116","06",13869,7414,14,25,0,106,4,0,0,0
"G2801390","1990","MS",,,,,,,,,,,"99","Tippah","139",,,"6","9999",,,,"9999","3","Mississippi","28",,,,,"0001186054","0000005349","Tippah County","A","+34770071","-088908310","06",16248,3198,7,15,0,19,36,0,0,0
"G2801410","1990","MS",,,,,,,,,,,"99","Tishomingo","141",,,"6","9999",,,,"9999","3","Mississippi","28",,,,,"0001098561","0000052869","Tishomingo County","A","+34740659","-088243310","06",16932,621,15,77,0,38,0,0,0,0
"G2801430","1990","MS",,,,,,,,,,,"99","Tunica","143",,,"6","9999",,,,"9999","3","Mississippi","28",,,,,"0001178045","0000067273","Tunica County","A","+34656006","-090376311","06",1981,6069,3,10,0,10,86,0,3,2
"G2801450","1990","MS",,,,,,,,,,,"99","Union","145",,,"6","9999",,,,"9999","3","Mississippi","28",,,,,"0001076199","0000003592","Union County","A","+34489687","-089004112","06",18653,3205,9,21,0,101,9,6,0,81
"G2801470","1990","MS",,,,,,,,,,,"99","Walthall","147",,,"6","9999",,,,"9999","3","Mississippi","28",,,,,"0001045968","0000001604","Walthall County","A","+31144912","-090102515","06",8225,6059,16,19,0,27,6,0,0,0
"G2801490","1990","MS",,,,,,,,,,,"99","Warren","149",,,"6","9999",,,,"9999","3","Mississippi","28",,,,,"0001519465","0000083270","Warren County","A","+32357440","-090851741","06",28712,18550,63,298,7,115,70,16,0,49
"G2801510","1990","MS",,,,,,,,,,,"99","Washington","151",,,"6","9999",,,,"9999","3","Mississippi","28",,,,,"0001875248","0000096533","Washington County","A","+33285527","-090947514","06",28146,39248,48,300,0,48,48,10,0,87
"G2801530","1990","MS",,,,,,,,,,,"99","Wayne","153",,,"6","9999",,,,"9999","3","Mississippi","28",,,,,"0002098888","0000008187","Wayne County","A","+31643696","-088702081","06",12433,6946,24,63,0,45,6,0,0,0
"G2801550","1990","MS",,,,,,,,,,,"99","Webster","155",,,"6","9999",,,,"9999","3","Mississippi","28",,,,,"0001095181","0000001361","Webster County","A","+33612986","-089282406","06",7908,2221,2,8,0,42,35,6,0,0
"G2801570","1990","MS",,,,,,,,,,,"99","Wilkinson","157",,,"6","9999",,,,"9999","3","Mississippi","28",,,,,"0001752789","0000028367","Wilkinson County","A","+31164367","-091318635","06",3106,6544,6,0,0,17,4,0,0,1
"G2801590","1990","MS",,,,,,,,,,,"99","Winston","159",,,"6","9999",,,,"9999","3","Mississippi","28",,,,,"0001572245","0000008038","Winston County","A","+33093188","-089035413","06",11128,8124,129,16,0,36,0,0,0,0
"G2801610","1990","MS",,,,,,,,,,,"99","Yalobusha","161",,,"6","9999",,,,"9999","3","Mississippi","28",,,,,"0001209929","0000072199","Yalobusha County","A","+34031899","-089715441","06",7475,4534,0,5,0,17,2,0,0,0
"G2801630","1990","MS",,,,,,,,,,,"99","Yazoo","163",,,"6","9999",,,,"9999","3","Mississippi","28",,,,,"0002381651","0000037922","Yazoo County","A","+32780666","-090404960","06",11983,13431,53,0,0,0,0,0,0,39
"G2900010","1990","MO",,,,,,,,,,,"99","Adair","001",,,"4","9999",,,,"9999","2","Missouri","29",,,,,"0001470401","0000004226","Adair County","A","+40188408","-092598803","06",23907,210,25,231,9,160,0,0,0,35
"G2900030","1990","MO",,,,,,,,,,,"99","Andrew","003",,,"4","9999",,,,"9999","2","Missouri","29",,,,,"0001127191","0000003414","Andrew County","A","+39987655","-094800896","06",14395,76,54,12,0,68,0,0,0,27
"G2900050","1990","MO",,,,,,,,,,,"99","Atchison","005",,,"4","9999",,,,"9999","2","Missouri","29",,,,,"0001410885","0000006845","Atchison County","A","+40425384","-095433920","06",7257,119,13,2,9,24,0,0,0,33
"G2900070","1990","MO",,,,,,,,,,,"99","Audrain","007",,,"4","9999",,,,"9999","2","Missouri","29",,,,,"0001795791","0000008996","Audrain County","A","+39214460","-091842752","06",21977,1411,36,61,0,72,0,0,0,42
"G2900090","1990","MO",,,,,,,,,,,"99","Barry","009",,,"4","9999",,,,"9999","2","Missouri","29",,,,,"0002017953","0000030646","Barry County","A","+36712987","-093831493","06",27031,0,287,45,0,72,0,6,0,106
"G2900110","1990","MO",,,,,,,,,,,"99","Barton","011",,,"4","9999",,,,"9999","2","Missouri","29",,,,,"0001539365","0000006285","Barton County","A","+37501405","-094343579","06",11176,0,68,14,0,46,0,0,0,8
"G2900130","1990","MO",,,,,,,,,,,"99","Bates","013",,,"4","9999",,,,"9999","2","Missouri","29",,,,,"0002197737","0000007515","Bates County","A","+38258051","-094339408","06",14695,116,94,11,0,85,0,16,5,3
"G2900150","1990","MO",,,,,,,,,,,"99","Benton","015",,,"4","9999",,,,"9999","2","Missouri","29",,,,,"0001827426","0000121666","Benton County","A","+38299100","-093288478","06",13687,0,76,28,0,46,0,0,0,22
"G2900170","1990","MO",,,,,,,,,,,"99","Bollinger","017",,,"4","9999",,,,"9999","2","Missouri","29",,,,,"0001607770","0000001175","Bollinger County","A","+37320768","-090027891","06",10504,6,30,22,0,57,0,0,0,0
"G2900190","1990","MO",,,,,,,,,,,"99","Boone","019",,,"4","1740",,,,"9999","2","Missouri","29",,,,,"0001775136","0000015039","Boone County","A","+38987233","-092308160","06",99388,8279,310,3095,77,790,41,10,58,331
"G2900210","1990","MO",,,,,,,,,,,"99","Buchanan","021",,,"4","7000",,,,"9999","2","Missouri","29",,,,,"0001061282","0000012532","Buchanan County","A","+39666480","-094806022","06",78370,2663,266,166,64,845,15,45,14,635
"G2900230","1990","MO",,,,,,,,,,,"99","Butler","023",,,"4","9999",,,,"9999","2","Missouri","29",,,,,"0001806741","0000003682","Butler County","A","+36715105","-090403177","06",36360,1971,97,145,0,143,0,0,0,49
"G2900250","1990","MO",,,,,,,,,,,"99","Caldwell","025",,,"4","9999",,,,"9999","2","Missouri","29",,,,,"0001112087","0000000976","Caldwell County","A","+39659254","-093978765","06",8321,3,32,0,0,20,0,0,0,4
"G2900270","1990","MO",,,,,,,,,,,"99","Callaway","027",,,"4","9999",,,,"9999","2","Missouri","29",,,,,"0002173251","0000021158","Callaway County","A","+38836209","-091924532","06",30742,1593,137,137,2,150,0,0,0,48
"G2900290","1990","MO",,,,,,,,,,,"99","Camden","029",,,"4","9999",,,,"9999","2","Missouri","29",,,,,"0001697064","0000139110","Camden County","A","+38029498","-092771901","06",27155,65,90,53,11,111,0,0,0,10
"G2900310","1990","MO",,,,,,,,,,,"99","Cape Girardeau","031",,,"4","9999",,,,"9999","2","Missouri","29",,,,,"0001498726","0000019867","Cape Girardeau County","A","+37383342","-089684392","06",57775,2788,119,521,37,287,0,0,0,106
"G2900330","1990","MO",,,,,,,,,,,"99","Carroll","033",,,"4","9999",,,,"9999","2","Missouri","29",,,,,"0001798979","0000020097","Carroll County","A","+39427909","-093501071","06",10478,234,11,10,2,13,0,0,0,0
"G2900350","1990","MO",,,,,,,,,,,"99","Carter","035",,,"4","9999",,,,"9999","2","Missouri","29",,,,,"0001314734","0000003730","Carter County","A","+36941680","-090965826","06",5374,0,51,5,0,79,0,0,0,6
"G2900370","1990","MO",,,,,,,,,,,"99","Cass","037",,,"4","3760",,,,"9999","2","Missouri","29",,,,,"0001810713","0000009355","Cass County","A","+38646808","-094354488","06",61708,629,441,155,31,564,0,13,34,233
"G2900390","1990","MO",,,,,,,,,,,"99","Cedar","039",,,"4","9999",,,,"9999","2","Missouri","29",,,,,"0001232759","0000058462","Cedar County","A","+37722485","-093864759","06",11936,0,86,5,0,38,0,2,0,26
"G2900410","1990","MO",,,,,,,,,,,"99","Chariton","041",,,"4","9999",,,,"9999","2","Missouri","29",,,,,"0001957814","0000032076","Chariton County","A","+39519402","-092959910","06",8782,369,23,12,4,10,0,2,0,0
"G2900430","1990","MO",,,,,,,,,,,"99","Christian","043",,,"4","7920",,,,"9999","2","Missouri","29",,,,,"0001458694","0000002304","Christian County","A","+36969668","-093187493","06",31893,60,267,65,3,321,0,0,2,33
"G2900450","1990","MO",,,,,,,,,,,"99","Clark","045",,,"4","9999",,,,"9999","2","Missouri","29",,,,,"0001314016","0000011876","Clark County","A","+40410872","-091742061","06",7508,7,15,2,0,15,0,0,0,0
"G2900470","1990","MO",,,,,,,,,,,"99","Clay","047",,,"4","3760",,,,"9999","2","Missouri","29",,,,,"0001026825","0000032897","Clay County","A","+39313003","-094423343","06",145598,2422,479,1026,74,2576,74,15,36,1111
"G2900490","1990","MO",,,,,,,,,,,"99","Clinton","049",,,"4","9999",,,,"9999","2","Missouri","29",,,,,"0001084666","0000012198","Clinton County","A","+39604266","-094402026","06",16040,316,96,35,1,62,14,0,0,31
"G2900510","1990","MO",,,,,,,,,,,"99","Cole","051",,,"4","9999",,,,"9999","2","Missouri","29",,,,,"0001014145","0000019555","Cole County","A","+38507145","-092282300","06",57757,4724,289,245,27,378,46,7,13,93
"G2900530","1990","MO",,,,,,,,,,,"99","Cooper","053",,,"4","9999",,,,"9999","2","Missouri","29",,,,,"0001463490","0000013458","Cooper County","A","+38846321","-092813241","06",13441,1180,34,81,0,43,32,0,0,24
"G2900550","1990","MO",,,,,,,,,,,"99","Crawford","055",,,"4","9999",,,,"9999","2","Missouri","29",,,,,"0001923258","0000003243","Crawford County","A","+37976644","-091302620","06",18952,0,78,14,0,75,0,0,10,44
"G2900570","1990","MO",,,,,,,,,,,"99","Dade","057",,,"4","9999",,,,"9999","2","Missouri","29",,,,,"0001270084","0000041339","Dade County","A","+37429701","-093853467","06",7318,7,56,28,0,38,0,0,0,2
"G2900590","1990","MO",,,,,,,,,,,"99","Dallas","059",,,"4","9999",,,,"9999","2","Missouri","29",,,,,"0001402678","0000003324","Dallas County","A","+37672354","-093020438","06",12482,15,73,11,0,46,0,8,0,11
"G2900610","1990","MO",,,,,,,,,,,"99","Daviess","061",,,"4","9999",,,,"9999","2","Missouri","29",,,,,"0001468536","0000005478","Daviess County","A","+39960580","-093986446","06",7796,2,23,18,0,17,0,0,0,9
"G2900630","1990","MO",,,,,,,,,,,"99","DeKalb","063",,,"4","9999",,,,"9999","2","Missouri","29",,,,,"0001098700","0000004113","DeKalb County","A","+39898853","-094404523","06",8938,734,59,24,15,79,8,5,0,105
"G2900650","1990","MO",,,,,,,,,,,"99","Dent","065",,,"4","9999",,,,"9999","2","Missouri","29",,,,,"0001951778","0000002521","Dent County","A","+37609434","-091498327","06",13499,20,72,6,0,72,0,33,0,0
"G2900670","1990","MO",,,,,,,,,,,"99","Douglas","067",,,"4","9999",,,,"9999","2","Missouri","29",,,,,"0002109790","0000000210","Douglas County","A","+36927581","-092496886","06",11726,0,107,7,0,36,0,0,0,0
"G2900690","1990","MO",,,,,,,,,,,"99","Dunklin","069",,,"4","9999",,,,"9999","2","Missouri","29",,,,,"0001413233","0000003866","Dunklin County","A","+36270511","-090089776","06",30231,2509,142,19,32,96,0,0,30,53
"G2900710","1990","MO",,,,,,,,,,,"99","Franklin","071",,,"4","7040",,,,"9999","2","Missouri","29",,,,,"0002388165","0000019605","Franklin County","A","+38407669","-091076131","06",79108,721,129,172,28,347,33,5,0,60
"G2900730","1990","MO",,,,,,,,,,,"99","Gasconade","073",,,"4","9999",,,,"9999","2","Missouri","29",,,,,"0001345453","0000013077","Gasconade County","A","+38442273","-091506446","06",13911,23,58,12,0,2,0,0,0,0
"G2900750","1990","MO",,,,,,,,,,,"99","Gentry","075",,,"4","9999",,,,"9999","2","Missouri","29",,,,,"0001273122","0000000742","Gentry County","A","+40217856","-094411259","06",6799,3,30,3,2,11,0,0,0,0
"G2900770","1990","MO",,,,,,,,,,,"99","Greene","077",,,"4","7920",,,,"9999","2","Missouri","29",,,,,"0001748289","0000007323","Greene County","A","+37257250","-093337281","06",199703,3518,1511,1430,142,1161,48,38,81,317
"G2900790","1990","MO",,,,,,,,,,,"99","Grundy","079",,,"4","9999",,,,"9999","2","Missouri","29",,,,,"0001128857","0000005598","Grundy County","A","+40112193","-093567162","06",10384,25,26,7,0,75,0,0,0,19
"G2900810","1990","MO",,,,,,,,,,,"99","Harrison","081",,,"4","9999",,,,"9999","2","Missouri","29",,,,,"0001878240","0000003392","Harrison County","A","+40353955","-093981793","06",8401,0,16,16,2,19,0,0,0,15
"G2900830","1990","MO",,,,,,,,,,,"99","Henry","083",,,"4","9999",,,,"9999","2","Missouri","29",,,,,"0001819465","0000078005","Henry County","A","+38387342","-093791331","06",19596,256,105,29,5,42,0,5,0,6
"G2900850","1990","MO",,,,,,,,,,,"99","Hickory","085",,,"4","9999",,,,"9999","2","Missouri","29",,,,,"0001032532","0000033958","Hickory County","A","+37942045","-093319009","06",7260,0,64,0,0,11,0,0,0,0
"G2900870","1990","MO",,,,,,,,,,,"99","Holt","087",,,"4","9999",,,,"9999","2","Missouri","29",,,,,"0001196326","0000018659","Holt County","A","+40094838","-095213430","06",5988,6,21,11,0,8,0,0,0,0
"G2900890","1990","MO",,,,,,,,,,,"99","Howard","089",,,"4","9999",,,,"9999","2","Missouri","29",,,,,"0001206314","0000012497","Howard County","A","+39143794","-092695140","06",8778,698,21,38,29,49,0,13,0,5
"G2900910","1990","MO",,,,,,,,,,,"99","Howell","091",,,"4","9999",,,,"9999","2","Missouri","29",,,,,"0002403073","0000001461","Howell County","A","+36774397","-091887321","06",30973,14,282,20,0,138,0,0,0,20
"G2900930","1990","MO",,,,,,,,,,,"99","Iron","093",,,"4","9999",,,,"9999","2","Missouri","29",,,,,"0001428191","0000001729","Iron County","A","+37546104","-090756821","06",10565,65,36,19,0,23,0,0,0,18
"G2900950","1990","MO",,,,,,,,,,,"99","Jackson","095",,,"4","3760",,,,"9999","2","Missouri","29",,,,,"0001566476","0000029372","Jackson County","A","+39010064","-094343813","06",470465,134827,3138,5678,435,8424,869,279,239,8878
"G2900970","1990","MO",,,,,,,,,,,"99","Jasper","097",,,"4","3710",,,,"9999","2","Missouri","29",,,,,"0001657122","0000004023","Jasper County","A","+37201947","-094335564","06",86658,1092,1573,558,55,402,0,18,15,94
"G2900990","1990","MO",,,,,,,,,,,"99","Jefferson","099",,,"4","7040",,,,"9999","2","Missouri","29",,,,,"0001701184","0000018891","Jefferson County","A","+38255887","-090537308","06",168145,1164,546,508,17,823,4,20,0,153
"G2901010","1990","MO",,,,,,,,,,,"99","Johnson","101",,,"4","9999",,,,"9999","2","Missouri","29",,,,,"0002151330","0000006375","Johnson County","A","+38749005","-093808599","06",38462,2513,279,576,26,376,13,0,11,258
"G2901030","1990","MO",,,,,,,,,,,"99","Knox","103",,,"4","9999",,,,"9999","2","Missouri","29",,,,,"0001309844","0000002765","Knox County","A","+40124871","-092149671","06",4463,6,3,4,0,6,0,0,0,0
"G2901050","1990","MO",,,,,,,,,,,"99","Laclede","105",,,"4","9999",,,,"9999","2","Missouri","29",,,,,"0001983649","0000005547","Laclede County","A","+37659931","-092594732","06",26708,94,191,48,0,91,0,0,9,17
"G2901070","1990","MO",,,,,,,,,,,"99","Lafayette","107",,,"4","3760",,,,"9999","2","Missouri","29",,,,,"0001630053","0000024678","Lafayette County","A","+39059236","-093784058","06",29956,896,87,17,11,96,0,0,3,41
"G2901090","1990","MO",,,,,,,,,,,"99","Lawrence","109",,,"4","9999",,,,"9999","2","Missouri","29",,,,,"0001587983","0000000785","Lawrence County","A","+37107937","-093829670","06",29614,18,270,65,14,194,0,0,0,61
"G2901110","1990","MO",,,,,,,,,,,"99","Lewis","111",,,"4","9999",,,,"9999","2","Missouri","29",,,,,"0001308082","0000015088","Lewis County","A","+40094044","-091726316","06",9816,305,51,21,3,37,0,0,0,0
"G2901130","1990","MO",,,,,,,,,,,"99","Lincoln","113",,,"4","9999",,,,"9999","2","Missouri","29",,,,,"0001633026","0000025716","Lincoln County","A","+39060753","-090961560","06",27908,609,112,84,8,84,4,0,0,83
"G2901150","1990","MO",,,,,,,,,,,"99","Linn","115",,,"4","9999",,,,"9999","2","Missouri","29",,,,,"0001606809","0000002880","Linn County","A","+39867808","-093110580","06",13669,134,32,2,0,46,0,0,0,2
"G2901170","1990","MO",,,,,,,,,,,"99","Livingston","117",,,"4","9999",,,,"9999","2","Missouri","29",,,,,"0001384715","0000010035","Livingston County","A","+39782948","-093546674","06",14116,315,72,12,0,47,0,0,0,30
"G2901190","1990","MO",,,,,,,,,,,"99","McDonald","119",,,"4","9999",,,,"9999","2","Missouri","29",,,,,"0001397421","0000000497","McDonald County","A","+36622485","-094353666","06",16140,12,681,13,0,55,0,0,0,37
"G2901210","1990","MO",,,,,,,,,,,"99","Macon","121",,,"4","9999",,,,"9999","2","Missouri","29",,,,,"0002081876","0000022700","Macon County","A","+39829773","-092559702","06",14892,337,60,8,0,48,0,0,0,0
"G2901230","1990","MO",,,,,,,,,,,"99","Madison","123",,,"4","9999",,,,"9999","2","Missouri","29",,,,,"0001286621","0000002254","Madison County","A","+37480515","-090343166","06",10978,15,38,42,0,27,0,0,0,27
"G2901250","1990","MO",,,,,,,,,,,"99","Maries","125",,,"4","9999",,,,"9999","2","Missouri","29",,,,,"0001366981","0000005735","Maries County","A","+38175337","-091918500","06",7841,66,24,6,0,16,0,0,0,23
"G2901270","1990","MO",,,,,,,,,,,"99","Marion","127",,,"4","9999",,,,"9999","2","Missouri","29",,,,,"0001134668","0000015466","Marion County","A","+39813308","-091624159","06",26064,1293,93,90,17,98,0,0,0,27
"G2901290","1990","MO",,,,,,,,,,,"99","Mercer","129",,,"4","9999",,,,"9999","2","Missouri","29",,,,,"0001177049","0000001949","Mercer County","A","+40424352","-093566178","06",3719,0,0,0,0,4,0,0,0,0
"G2901310","1990","MO",,,,,,,,,,,"99","Miller","131",,,"4","9999",,,,"9999","2","Missouri","29",,,,,"0001533994","0000019967","Miller County","A","+38217095","-092432032","06",20487,28,78,14,0,86,0,0,0,7
"G2901330","1990","MO",,,,,,,,,,,"99","Mississippi","133",,,"4","9999",,,,"9999","2","Missouri","29",,,,,"0001070142","0000040795","Mississippi County","A","+36826558","-089294950","06",11577,2769,41,0,0,29,0,0,0,26
"G2901350","1990","MO",,,,,,,,,,,"99","Moniteau","135",,,"4","9999",,,,"9999","2","Missouri","29",,,,,"0001078849","0000006034","Moniteau County","A","+38633134","-092583655","06",11958,200,57,25,0,47,0,6,0,5
"G2901370","1990","MO",,,,,,,,,,,"99","Monroe","137",,,"4","9999",,,,"9999","2","Missouri","29",,,,,"0001673198","0000062776","Monroe County","A","+39495229","-091998418","06",8688,342,20,3,0,34,12,0,0,5
"G2901390","1990","MO",,,,,,,,,,,"99","Montgomery","139",,,"4","9999",,,,"9999","2","Missouri","29",,,,,"0001395264","0000008430","Montgomery County","A","+38941596","-091472697","06",10982,300,11,23,0,20,0,0,0,19
"G2901410","1990","MO",,,,,,,,,,,"99","Morgan","141",,,"4","9999",,,,"9999","2","Missouri","29",,,,,"0001547479","0000042630","Morgan County","A","+38425566","-092885762","06",15266,64,116,19,8,87,0,0,0,14
"G2901430","1990","MO",,,,,,,,,,,"99","New Madrid","143",,,"4","9999",,,,"9999","2","Missouri","29",,,,,"0001756183","0000051820","New Madrid County","A","+36594733","-089655526","06",17552,3277,17,11,0,61,0,0,0,10
"G2901450","1990","MO",,,,,,,,,,,"99","Newton","145",,,"4","3710",,,,"9999","2","Missouri","29",,,,,"0001622564","0000000631","Newton County","A","+36907240","-094331550","06",42709,156,980,269,0,250,0,0,5,76
"G2901470","1990","MO",,,,,,,,,,,"99","Nodaway","147",,,"4","9999",,,,"9999","2","Missouri","29",,,,,"0002270602","0000002923","Nodaway County","A","+40360360","-094883035","06",21288,158,18,127,0,37,0,0,0,81
"G2901490","1990","MO",,,,,,,,,,,"99","Oregon","149",,,"4","9999",,,,"9999","2","Missouri","29",,,,,"0002049900","0000000475","Oregon County","A","+36688406","-091402289","06",9353,6,57,11,0,36,0,0,0,7
"G2901510","1990","MO",,,,,,,,,,,"99","Osage","151",,,"4","9999",,,,"9999","2","Missouri","29",,,,,"0001569918","0000018900","Osage County","A","+38464921","-091859163","06",11914,43,21,0,6,31,0,3,0,0
"G2901530","1990","MO",,,,,,,,,,,"99","Ozark","153",,,"4","9999",,,,"9999","2","Missouri","29",,,,,"0001934319","0000021467","Ozark County","A","+36650875","-092444115","06",8525,0,51,0,0,21,0,0,0,1
"G2901550","1990","MO",,,,,,,,,,,"99","Pemiscot","155",,,"4","9999",,,,"9999","2","Missouri","29",,,,,"0001277158","0000050065","Pemiscot County","A","+36214554","-089783351","06",16198,5594,33,5,0,57,22,0,0,12
"G2901570","1990","MO",,,,,,,,,,,"99","Perry","157",,,"4","9999",,,,"9999","2","Missouri","29",,,,,"0001229466","0000024879","Perry County","A","+37709086","-089829108","06",16423,4,46,78,5,54,31,0,0,7
"G2901590","1990","MO",,,,,,,,,,,"99","Pettis","159",,,"4","9999",,,,"9999","2","Missouri","29",,,,,"0001774226","0000003509","Pettis County","A","+38726291","-093284126","06",33803,1194,130,131,0,133,8,0,13,25
"G2901610","1990","MO",,,,,,,,,,,"99","Phelps","161",,,"4","9999",,,,"9999","2","Missouri","29",,,,,"0001742793","0000003697","Phelps County","A","+37877679","-091793382","06",33544,582,126,640,0,213,0,19,4,120
"G2901630","1990","MO",,,,,,,,,,,"99","Pike","163",,,"4","9999",,,,"9999","2","Missouri","29",,,,,"0001742881","0000030848","Pike County","A","+39340855","-091171216","06",14902,876,63,13,8,102,2,3,0,0
"G2901650","1990","MO",,,,,,,,,,,"99","Platte","165",,,"4","3760",,,,"9999","2","Missouri","29",,,,,"0001088761","0000017846","Platte County","A","+39377883","-094770666","06",54205,1294,225,717,3,911,3,2,36,471
"G2901670","1990","MO",,,,,,,,,,,"99","Polk","167",,,"4","9999",,,,"9999","2","Missouri","29",,,,,"0001650468","0000013627","Polk County","A","+37616783","-093400524","06",21265,51,179,74,13,154,6,12,25,47
"G2901690","1990","MO",,,,,,,,,,,"99","Pulaski","169",,,"4","9999",,,,"9999","2","Missouri","29",,,,,"0001416861","0000011366","Pulaski County","A","+37824976","-092208876","06",32370,5540,269,1132,26,764,85,31,67,1023
"G2901710","1990","MO",,,,,,,,,,,"99","Putnam","171",,,"4","9999",,,,"9999","2","Missouri","29",,,,,"0001341503","0000004514","Putnam County","A","+40478996","-093016703","06",5047,0,13,0,0,11,0,0,0,8
"G2901730","1990","MO",,,,,,,,,,,"99","Ralls","173",,,"4","9999",,,,"9999","2","Missouri","29",,,,,"0001219953","0000033190","Ralls County","A","+39525068","-091528192","06",8303,128,7,0,0,35,0,0,0,3
"G2901750","1990","MO",,,,,,,,,,,"99","Randolph","175",,,"4","9999",,,,"9999","2","Missouri","29",,,,,"0001249469","0000013636","Randolph County","A","+39433040","-092497214","06",22183,1801,178,80,0,63,23,0,13,29
"G2901770","1990","MO",,,,,,,,,,,"99","Ray","177",,,"4","3760",,,,"9999","2","Missouri","29",,,,,"0001475028","0000010642","Ray County","A","+39349842","-093990525","06",21436,313,82,33,7,65,0,0,0,35
"G2901790","1990","MO",,,,,,,,,,,"99","Reynolds","179",,,"4","9999",,,,"9999","2","Missouri","29",,,,,"0002101143","0000008322","Reynolds County","A","+37357727","-090971207","06",6613,2,13,0,0,27,0,0,0,6
"G2901810","1990","MO",,,,,,,,,,,"99","Ripley","181",,,"4","9999",,,,"9999","2","Missouri","29",,,,,"0001630435","0000005692","Ripley County","A","+36659253","-090866399","06",12181,0,64,11,0,22,0,0,8,17
"G2901830","1990","MO",,,,,,,,,,,"99","St Charles","183",,,"4","7040",,,,"9999","2","Missouri","29",,,,,"0001454135","0000083131","St. Charles County","A","+38778743","-090674917","06",203841,4646,420,1432,67,1920,21,0,24,536
"G2901850","1990","MO",,,,,,,,,,,"99","St Clair","185",,,"4","9999",,,,"9999","2","Missouri","29",,,,,"0001752716","0000065340","St. Clair County","A","+38040339","-093774116","06",8350,13,34,2,0,28,0,0,24,6
"G2901860","1990","MO",,,,,,,,,,,"99","Ste Genevieve","186",,,"4","9999",,,,"9999","2","Missouri","29",,,,,"0001301267","0000016949","Ste. Genevieve County","A","+37893875","-090185377","06",15856,55,62,26,0,38,0,0,0,0
"G2901870","1990","MO",,,,,,,,,,,"99","St Francois","187",,,"4","9999",,,,"9999","2","Missouri","29",,,,,"0001164192","0000007599","St. Francois County","A","+37809677","-090464643","06",47547,952,170,51,15,117,16,0,0,36
"G2901890","1990","MO",,,,,,,,,,,"99","St Louis","189",,,"4","7040",,,,"9999","2","Missouri","29",,,,,"0001315085","0000041055","St. Louis County","A","+38638800","-090442766","06",829548,138606,1653,13688,543,7055,438,79,211,1708
"G2901950","1990","MO",,,,,,,,,,,"99","Saline","195",,,"4","9999",,,,"9999","2","Missouri","29",,,,,"0001956954","0000023409","Saline County","A","+39136007","-093203843","06",21931,1299,40,37,20,134,0,0,38,24
"G2901970","1990","MO",,,,,,,,,,,"99","Schuyler","197",,,"4","9999",,,,"9999","2","Missouri","29",,,,,"0000797451","0000000746","Schuyler County","A","+40470670","-092517935","06",4198,0,10,6,0,22,0,0,0,0
"G2901990","1990","MO",,,,,,,,,,,"99","Scotland","199",,,"4","9999",,,,"9999","2","Missouri","29",,,,,"0001135713","0000002037","Scotland County","A","+40453783","-092148723","06",4800,12,2,0,0,8,0,0,0,0
"G2902010","1990","MO",,,,,,,,,,,"99","Scott","201",,,"4","9999",,,,"9999","2","Missouri","29",,,,,"0001090504","0000013001","Scott County","A","+37053532","-089572246","06",35554,3473,93,60,0,112,13,9,0,62
"G2902030","1990","MO",,,,,,,,,,,"99","Shannon","203",,,"4","9999",,,,"9999","2","Missouri","29",,,,,"0002600101","0000000399","Shannon County","A","+37159711","-091403274","06",7573,2,13,5,0,3,0,6,0,11
"G2902050","1990","MO",,,,,,,,,,,"99","Shelby","205",,,"4","9999",,,,"9999","2","Missouri","29",,,,,"0001297357","0000003993","Shelby County","A","+39791439","-092069388","06",6839,69,20,2,2,10,0,0,0,0
"G2902070","1990","MO",,,,,,,,,,,"99","Stoddard","207",,,"4","9999",,,,"9999","2","Missouri","29",,,,,"0002142434","0000004655","Stoddard County","A","+36855619","-089946349","06",28300,399,40,27,11,110,2,0,0,6
"G2902090","1990","MO",,,,,,,,,,,"99","Stone","209",,,"4","9999",,,,"9999","2","Missouri","29",,,,,"0001199871","0000123480","Stone County","A","+36740289","-093465214","06",18841,0,139,19,0,68,0,11,0,0
"G2902110","1990","MO",,,,,,,,,,,"99","Sullivan","211",,,"4","9999",,,,"9999","2","Missouri","29",,,,,"0001686098","0000001240","Sullivan County","A","+40211690","-093112313","06",6309,0,5,5,0,7,0,0,0,0
"G2902130","1990","MO",,,,,,,,,,,"99","Taney","213",,,"4","9999",,,,"9999","2","Missouri","29",,,,,"0001637951","0000049515","Taney County","A","+36654771","-093035899","06",25180,23,161,38,0,130,0,2,0,27
"G2902150","1990","MO",,,,,,,,,,,"99","Texas","215",,,"4","9999",,,,"9999","2","Missouri","29",,,,,"0003052671","0000001796","Texas County","A","+37316944","-091964120","06",21177,8,94,117,7,67,0,0,0,6
"G2902170","1990","MO",,,,,,,,,,,"99","Vernon","217",,,"4","9999",,,,"9999","2","Missouri","29",,,,,"0002160119","0000007998","Vernon County","A","+37850392","-094342132","06",18712,84,103,90,0,46,0,0,0,6
"G2902190","1990","MO",,,,,,,,,,,"99","Warren","219",,,"4","9999",,,,"9999","2","Missouri","29",,,,,"0001118102","0000015700","Warren County","A","+38768154","-091164167","06",18820,442,53,26,17,130,0,2,19,25
"G2902210","1990","MO",,,,,,,,,,,"99","Washington","221",,,"4","9999",,,,"9999","2","Missouri","29",,,,,"0001968006","0000006875","Washington County","A","+37968818","-090877114","06",19834,361,66,24,0,53,0,16,26,0
"G2902230","1990","MO",,,,,,,,,,,"99","Wayne","223",,,"4","9999",,,,"9999","2","Missouri","29",,,,,"0001971197","0000033806","Wayne County","A","+37112881","-090461233","06",11451,2,60,0,0,24,0,0,0,6
"G2902250","1990","MO",,,,,,,,,,,"99","Webster","225",,,"4","9999",,,,"9999","2","Missouri","29",,,,,"0001536917","0000000860","Webster County","A","+37283639","-092874984","06",23174,214,216,31,0,91,0,9,0,18
"G2902270","1990","MO",,,,,,,,,,,"99","Worth","227",,,"4","9999",,,,"9999","2","Missouri","29",,,,,"0000690331","0000000604","Worth County","A","+40480758","-094419599","06",2439,0,1,0,0,0,0,0,0,0
"G2902290","1990","MO",,,,,,,,,,,"99","Wright","229",,,"4","9999",,,,"9999","2","Missouri","29",,,,,"0001767276","0000002309","Wright County","A","+37265635","-092462370","06",16342,37,218,39,28,92,0,0,0,2
"G2905100","1990","MO",,,,,,,,,,,"99","St Louis City","510",,,"4","7040",,,,"9999","2","Missouri","29",,,,,"0000160392","0000010941","St. Louis city","F","+38636050","-090244299","08",199188,187561,1315,3456,315,3088,434,16,110,1202
"G3000010","1990","MT",,,,,,,,,,,"99","Beaverhead","001",,,"8","9999",,,,"9999","4","Montana","30",,,,,"0014355372","0000077012","Beaverhead County","A","+45116150","-112895693","06",8222,16,80,27,0,59,0,0,0,20
"G3000030","1990","MT",,,,,,,,,,,"99","Big Horn","003",,,"8","9999",,,,"9999","4","Montana","30",,,,,"0012936744","0000051391","Big Horn County","A","+45429447","-107489759","06",4824,16,6215,19,0,115,0,95,0,53
"G3000050","1990","MT",,,,,,,,,,,"99","Blaine","005",,,"8","9999",,,,"9999","4","Montana","30",,,,,"0010945978","0000032989","Blaine County","A","+48435721","-108961873","06",4031,2,2628,5,0,9,0,43,0,10
"G3000070","1990","MT",,,,,,,,,,,"99","Broadwater","007",,,"8","9999",,,,"9999","4","Montana","30",,,,,"0003085945","0000122904","Broadwater County","A","+46331836","-111495363","06",3238,0,28,10,2,33,0,0,0,7
"G3000090","1990","MT",,,,,,,,,,,"99","Carbon","009",,,"8","9999",,,,"9999","4","Montana","30",,,,,"0005304494","0000036763","Carbon County","A","+45232088","-109021804","06",7956,5,51,2,0,45,0,0,0,21
"G3000110","1990","MT",,,,,,,,,,,"99","Carter","011",,,"8","9999",,,,"9999","4","Montana","30",,,,,"0008649774","0000022607","Carter County","A","+45502099","-104538058","06",1483,0,8,0,0,7,0,0,0,5
"G3000130","1990","MT",,,,,,,,,,,"99","Cascade","013",,,"8","3040",,,,"9999","4","Montana","30",,,,,"0006987869","0000035525","Cascade County","A","+47310527","-111351318","06",71491,949,2976,774,37,798,57,164,41,404
"G3000150","1990","MT",,,,,,,,,,,"99","Chouteau","015",,,"8","9999",,,,"9999","4","Montana","30",,,,,"0010291205","0000061371","Chouteau County","A","+47876120","-110439017","06",5190,0,194,19,0,26,0,13,5,5
"G3000170","1990","MT",,,,,,,,,,,"99","Custer","017",,,"8","9999",,,,"9999","4","Montana","30",,,,,"0009798704","0000026128","Custer County","A","+46265062","-105580112","06",11347,16,129,4,0,74,0,0,0,127
"G3000190","1990","MT",,,,,,,,,,,"99","Daniels","019",,,"8","9999",,,,"9999","4","Montana","30",,,,,"0003693694","0000001117","Daniels County","A","+48785518","-105546500","06",2252,0,3,2,0,9,0,0,0,0
"G3000210","1990","MT",,,,,,,,,,,"99","Dawson","021",,,"8","9999",,,,"9999","4","Montana","30",,,,,"0006146757","0000025803","Dawson County","A","+47273207","-104901246","06",9340,0,50,16,0,42,0,48,0,9
"G3000230","1990","MT",,,,,,,,,,,"99","Deer Lodge","023",,,"8","9999",,,,"9999","4","Montana","30",,,,,"0001908668","0000011232","Deer Lodge County","N","+46065829","-113083591","06",9866,21,251,32,0,63,0,0,0,45
"G3000250","1990","MT",,,,,,,,,,,"99","Fallon","025",,,"8","9999",,,,"9999","4","Montana","30",,,,,"0004196756","0000006966","Fallon County","A","+46353610","-104411006","06",3075,0,14,3,0,5,0,0,0,6
"G3000270","1990","MT",,,,,,,,,,,"99","Fergus","027",,,"8","9999",,,,"9999","4","Montana","30",,,,,"0011238831","0000029001","Fergus County","A","+47261544","-109222007","06",11866,5,129,18,0,41,0,13,0,11
"G3000290","1990","MT",,,,,,,,,,,"99","Flathead","029",,,"8","9999",,,,"9999","4","Montana","30",,,,,"0013205363","0000409228","Flathead County","A","+48290827","-114018737","06",57307,56,883,284,5,505,0,21,0,157
"G3000310","1990","MT",,,,,,,,,,,"99","Gallatin","031",,,"8","9999",,,,"9999","4","Montana","30",,,,,"0006492751","0000067025","Gallatin County","A","+45558050","-111173513","06",48452,80,582,625,0,568,0,15,6,135
"G3000330","1990","MT",,,,,,,,,,,"99","Garfield","033",,,"8","9999",,,,"9999","4","Montana","30",,,,,"0012090575","0000464866","Garfield County","A","+47281724","-106988817","06",1579,0,4,4,0,2,0,0,0,0
"G3000350","1990","MT",,,,,,,,,,,"99","Glacier","035",,,"8","9999",,,,"9999","4","Montana","30",,,,,"0007756401","0000109751","Glacier County","A","+48700101","-113018618","06",5250,6,6741,27,0,20,0,66,0,11
"G3000370","1990","MT",,,,,,,,,,,"99","Golden Valley","037",,,"8","9999",,,,"9999","4","Montana","30",,,,,"0003044098","0000002841","Golden Valley County","A","+46383489","-109167474","06",899,0,3,5,0,0,0,0,0,5
"G3000390","1990","MT",,,,,,,,,,,"99","Granite","039",,,"8","9999",,,,"9999","4","Montana","30",,,,,"0004474278","0000014628","Granite County","A","+46420433","-113447006","06",2512,0,18,8,0,10,0,0,0,0
"G3000410","1990","MT",,,,,,,,,,,"99","Hill","041",,,"8","9999",,,,"9999","4","Montana","30",,,,,"0007501630","0000050986","Hill County","A","+48628363","-110105620","06",14718,0,2689,24,0,56,0,47,12,108
"G3000430","1990","MT",,,,,,,,,,,"99","Jefferson","043",,,"8","9999",,,,"9999","4","Montana","30",,,,,"0004290854","0000005681","Jefferson County","A","+46177484","-112105376","06",7687,0,153,14,3,57,2,2,0,21
"G3000450","1990","MT",,,,,,,,,,,"99","Judith Basin","045",,,"8","9999",,,,"9999","4","Montana","30",,,,,"0004843006","0000002236","Judith Basin County","A","+47039981","-110264795","06",2261,0,8,3,0,8,0,0,2,0
"G3000470","1990","MT",,,,,,,,,,,"99","Lake","047",,,"8","9999",,,,"9999","4","Montana","30",,,,,"0003868988","0000414234","Lake County","A","+47649672","-114089308","06",16346,6,4334,21,0,122,0,163,0,49
"G3000490","1990","MT",,,,,,,,,,,"99","Lewis And Clark","049",,,"8","9999",,,,"9999","4","Montana","30",,,,,"0008964069","0000094786","Lewis and Clark County","A","+47113693","-112377040","06",45549,42,1026,324,29,363,7,25,7,123
"G3000510","1990","MT",,,,,,,,,,,"99","Liberty","051",,,"8","9999",,,,"9999","4","Montana","30",,,,,"0003703185","0000045002","Liberty County","A","+48548886","-111025195","06",2276,4,15,0,0,0,0,0,0,0
"G3000530","1990","MT",,,,,,,,,,,"99","Lincoln","053",,,"8","9999",,,,"9999","4","Montana","30",,,,,"0009357126","0000161686","Lincoln County","A","+48536231","-115409389","06",16870,3,352,64,0,151,0,0,0,41
"G3000550","1990","MT",,,,,,,,,,,"99","McCone","055",,,"8","9999",,,,"9999","4","Montana","30",,,,,"0006844330","0000104236","McCone County","A","+47648986","-105801536","06",2247,2,27,0,0,0,0,0,0,0
"G3000570","1990","MT",,,,,,,,,,,"99","Madison","057",,,"8","9999",,,,"9999","4","Montana","30",,,,,"0009289369","0000042212","Madison County","A","+45295889","-111921615","06",5878,0,46,7,0,55,0,0,0,3
"G3000590","1990","MT",,,,,,,,,,,"99","Meagher","059",,,"8","9999",,,,"9999","4","Montana","30",,,,,"0006194894","0000007819","Meagher County","A","+46591535","-110863671","06",1770,0,16,2,0,19,0,4,0,8
"G3000610","1990","MT",,,,,,,,,,,"99","Mineral","061",,,"8","9999",,,,"9999","4","Montana","30",,,,,"0003159462","0000009211","Mineral County","A","+47145251","-114980755","06",3176,4,57,21,0,46,0,11,0,0
"G3000630","1990","MT",,,,,,,,,,,"99","Missoula","063",,,"8","9999",,,,"9999","4","Montana","30",,,,,"0006729378","0000052261","Missoula County","A","+47040995","-113925449","06",75091,157,1648,777,0,616,18,151,17,212
"G3000650","1990","MT",,,,,,,,,,,"99","Musselshell","065",,,"8","9999",,,,"9999","4","Montana","30",,,,,"0004835991","0000009749","Musselshell County","A","+46485719","-108400176","06",3990,0,21,14,0,66,0,0,0,15
"G3000670","1990","MT",,,,,,,,,,,"99","Park","067",,,"8","9999",,,,"9999","4","Montana","30",,,,,"0006879458","0000027371","Park County","A","+45498332","-110520919","06",14115,64,73,51,4,112,22,6,0,115
"G3000690","1990","MT",,,,,,,,,,,"99","Petroleum","069",,,"8","9999",,,,"9999","4","Montana","30",,,,,"0004283690","0000052092","Petroleum County","A","+47107453","-108261794","06",513,0,6,0,0,0,0,0,0,0
"G3000710","1990","MT",,,,,,,,,,,"99","Phillips","071",,,"8","9999",,,,"9999","4","Montana","30",,,,,"0013312287","0000187362","Phillips County","A","+48261632","-107923371","06",4743,3,360,8,0,25,0,8,0,16
"G3000730","1990","MT",,,,,,,,,,,"99","Pondera","073",,,"8","9999",,,,"9999","4","Montana","30",,,,,"0004207890","0000039263","Pondera County","A","+48235385","-112219495","06",5681,19,704,29,0,0,0,0,0,0
"G3000750","1990","MT",,,,,,,,,,,"99","Powder River","075",,,"8","9999",,,,"9999","4","Montana","30",,,,,"0008539916","0000001965","Powder River County","A","+45382303","-105635985","06",2010,0,38,2,0,30,0,0,0,10
"G3000770","1990","MT",,,,,,,,,,,"99","Powell","077",,,"8","9999",,,,"9999","4","Montana","30",,,,,"0006024256","0000017473","Powell County","A","+46850339","-112941271","06",6189,0,286,14,29,49,0,0,0,53
"G3000790","1990","MT",,,,,,,,,,,"99","Prairie","079",,,"8","9999",,,,"9999","4","Montana","30",,,,,"0004497808","0000015551","Prairie County","A","+46853428","-105372898","06",1363,0,10,2,0,2,0,0,0,6
"G3000810","1990","MT",,,,,,,,,,,"99","Ravalli","081",,,"8","9999",,,,"9999","4","Montana","30",,,,,"0006201232","0000015777","Ravalli County","A","+46084852","-114123057","06",24373,18,306,65,6,190,0,10,0,42
"G3000830","1990","MT",,,,,,,,,,,"99","Richland","083",,,"8","9999",,,,"9999","4","Montana","30",,,,,"0005397953","0000049031","Richland County","A","+47785458","-104561134","06",10352,0,137,10,0,138,7,0,0,72
"G3000850","1990","MT",,,,,,,,,,,"99","Roosevelt","085",,,"8","9999",,,,"9999","4","Montana","30",,,,,"0006101141","0000036379","Roosevelt County","A","+48295252","-105028698","06",5524,13,5293,26,0,80,0,49,0,14
"G3000870","1990","MT",,,,,,,,,,,"99","Rosebud","087",,,"8","9999",,,,"9999","4","Montana","30",,,,,"0012982088","0000037735","Rosebud County","A","+46225806","-106724398","06",7430,12,2785,37,0,149,0,34,0,58
"G3000890","1990","MT",,,,,,,,,,,"99","Sanders","089",,,"8","9999",,,,"9999","4","Montana","30",,,,,"0007154311","0000072244","Sanders County","A","+47662121","-115131116","06",7985,6,509,27,0,113,0,4,0,25
"G3000910","1990","MT",,,,,,,,,,,"99","Sheridan","091",,,"8","9999",,,,"9999","4","Montana","30",,,,,"0004342525","0000076995","Sheridan County","A","+48726701","-104499894","06",4634,0,58,7,0,25,0,0,0,8
"G3000930","1990","MT",,,,,,,,,,,"99","Silver Bow","093",,,"8","9999",,,,"9999","4","Montana","30",,,,,"0001860457","0000001722","Silver Bow County","N","+45895956","-112657607","06",32619,8,365,191,0,448,3,21,0,286
"G3000950","1990","MT",,,,,,,,,,,"99","Stillwater","095",,,"8","9999",,,,"9999","4","Montana","30",,,,,"0004648352","0000025836","Stillwater County","A","+45674109","-109388807","06",6317,11,115,8,0,35,0,10,15,25
"G3000970","1990","MT",,,,,,,,,,,"99","Sweet Grass","097",,,"8","9999",,,,"9999","4","Montana","30",,,,,"0004804921","0000017920","Sweet Grass County","A","+45814066","-109943376","06",3124,0,21,5,0,4,0,0,0,0
"G3000990","1990","MT",,,,,,,,,,,"99","Teton","099",,,"8","9999",,,,"9999","4","Montana","30",,,,,"0005886040","0000051714","Teton County","A","+47847993","-112233119","06",6148,0,83,13,0,27,0,0,0,0
"G3001010","1990","MT",,,,,,,,,,,"99","Toole","101",,,"8","9999",,,,"9999","4","Montana","30",,,,,"0004949252","0000090420","Toole County","A","+48651037","-111688806","06",4947,7,73,6,0,13,0,0,0,0
"G3001030","1990","MT",,,,,,,,,,,"99","Treasure","103",,,"8","9999",,,,"9999","4","Montana","30",,,,,"0002535352","0000013579","Treasure County","A","+46203050","-107265838","06",851,0,4,0,0,5,0,4,0,10
"G3001050","1990","MT",,,,,,,,,,,"99","Valley","105",,,"8","9999",,,,"9999","4","Montana","30",,,,,"0012745224","0000365558","Valley County","A","+48355507","-106662747","06",7388,0,770,23,0,50,0,0,0,8
"G3001070","1990","MT",,,,,,,,,,,"99","Wheatland","107",,,"8","9999",,,,"9999","4","Montana","30",,,,,"0003686033","0000013455","Wheatland County","A","+46471388","-109844224","06",2185,0,27,6,0,15,0,0,0,13
"G3001090","1990","MT",,,,,,,,,,,"99","Wibaux","109",,,"8","9999",,,,"9999","4","Montana","30",,,,,"0002303399","0000002019","Wibaux County","A","+46961901","-104247312","06",1181,0,5,3,0,2,0,0,0,0
"G3001110","1990","MT",,,,,,,,,,,"99","Yellowstone","111",,,"8","0880",,,,"9999","4","Montana","30",,,,,"0006825201","0000035998","Yellowstone County","A","+45935286","-108271738","06",106293,373,3229,452,27,1782,7,106,11,1139
"G3001130","1990","MT",,,,,,,,,,,"99","Yellowstone National Park","113",,,"8","9999",,,,"9999","4","Montana","30",,,,,"0000635569","0000001884","Yellowstone National Park","N","+45003546","-110800812","14",52,0,0,0,0,0,0,0,0,0
"G3100010","1990","NE",,,,,,,,,,,"99","Adams","001",,,"4","9999",,,,"9999","2","Nebraska","31",,,,,"0001459299","0000001956","Adams County","A","+40522949","-098500336","06",29124,128,60,107,7,87,0,2,0,110
"G3100030","1990","NE",,,,,,,,,,,"99","Antelope","003",,,"4","9999",,,,"9999","2","Nebraska","31",,,,,"0002219960","0000003534","Antelope County","A","+42177729","-098071526","06",7890,13,49,4,2,7,0,0,0,0
"G3100050","1990","NE",,,,,,,,,,,"99","Arthur","005",,,"4","9999",,,,"9999","2","Nebraska","31",,,,,"0001852923","0000007633","Arthur County","A","+41571593","-101696308","06",456,0,2,0,4,0,0,0,0,0
"G3100070","1990","NE",,,,,,,,,,,"99","Banner","007",,,"4","9999",,,,"9999","2","Nebraska","31",,,,,"0001932854","0000000398","Banner County","A","+41542897","-103715292","06",832,0,6,0,0,10,0,0,0,4
"G3100090","1990","NE",,,,,,,,,,,"99","Blaine","009",,,"4","9999",,,,"9999","2","Nebraska","31",,,,,"0001840950","0000009308","Blaine County","A","+41926015","-099982857","06",674,1,0,0,0,0,0,0,0,0
"G3100110","1990","NE",,,,,,,,,,,"99","Boone","011",,,"4","9999",,,,"9999","2","Nebraska","31",,,,,"0001778660","0000001442","Boone County","A","+41704716","-098062779","06",6630,1,19,0,0,12,5,0,0,0
"G3100130","1990","NE",,,,,,,,,,,"99","Box Butte","013",,,"4","9999",,,,"9999","2","Nebraska","31",,,,,"0002785215","0000006587","Box Butte County","A","+42212616","-103082184","06",12109,5,263,57,0,451,0,32,0,213
"G3100150","1990","NE",,,,,,,,,,,"99","Boyd","015",,,"4","9999",,,,"9999","2","Nebraska","31",,,,,"0001398842","0000011770","Boyd County","A","+42895962","-098771709","06",2824,0,7,0,0,0,0,0,0,4
"G3100170","1990","NE",,,,,,,,,,,"99","Brown","017",,,"4","9999",,,,"9999","2","Nebraska","31",,,,,"0003163311","0000009834","Brown County","A","+42444768","-099934182","06",3621,0,10,4,0,22,0,0,0,0
"G3100190","1990","NE",,,,,,,,,,,"99","Buffalo","019",,,"4","9999",,,,"9999","2","Nebraska","31",,,,,"0002507309","0000018756","Buffalo County","A","+40855145","-099074484","06",36184,134,112,158,21,308,0,16,0,514
"G3100210","1990","NE",,,,,,,,,,,"99","Burt","021",,,"4","9999",,,,"9999","2","Nebraska","31",,,,,"0001276327","0000011217","Burt County","A","+41854198","-096321473","06",7708,24,72,12,0,15,0,0,0,37
"G3100230","1990","NE",,,,,,,,,,,"99","Butler","023",,,"4","9999",,,,"9999","2","Nebraska","31",,,,,"0001511553","0000002125","Butler County","A","+41222404","-097132889","06",8524,27,16,11,0,15,0,2,0,6
"G3100250","1990","NE",,,,,,,,,,,"99","Cass","025",,,"4","9999",,,,"9999","2","Nebraska","31",,,,,"0001448590","0000018038","Cass County","A","+40913350","-096139040","06",20934,14,130,92,3,85,0,4,2,54
"G3100270","1990","NE",,,,,,,,,,,"99","Cedar","027",,,"4","9999",,,,"9999","2","Nebraska","31",,,,,"0001917313","0000014468","Cedar County","A","+42598006","-097249480","06",10095,8,23,0,0,2,0,0,0,3
"G3100290","1990","NE",,,,,,,,,,,"99","Chase","029",,,"4","9999",,,,"9999","2","Nebraska","31",,,,,"0002316838","0000008130","Chase County","A","+40530396","-101693797","06",4260,3,13,2,0,101,0,0,0,2
"G3100310","1990","NE",,,,,,,,,,,"99","Cherry","031",,,"4","9999",,,,"9999","2","Nebraska","31",,,,,"0015438333","0000127223","Cherry County","A","+42542920","-101118780","06",5984,6,252,13,0,50,2,0,0,0
"G3100330","1990","NE",,,,,,,,,,,"99","Cheyenne","033",,,"4","9999",,,,"9999","2","Nebraska","31",,,,,"0003098767","0000000293","Cheyenne County","A","+41219076","-102987292","06",9146,4,55,18,0,139,7,0,0,125
"G3100350","1990","NE",,,,,,,,,,,"99","Clay","035",,,"4","9999",,,,"9999","2","Nebraska","31",,,,,"0001484239","0000001276","Clay County","A","+40523721","-098050624","06",7014,0,12,20,0,27,0,0,0,50
"G3100370","1990","NE",,,,,,,,,,,"99","Colfax","037",,,"4","9999",,,,"9999","2","Nebraska","31",,,,,"0001070104","0000014095","Colfax County","A","+41576169","-097087884","06",8870,5,39,20,4,141,0,0,0,60
"G3100390","1990","NE",,,,,,,,,,,"99","Cuming","039",,,"4","9999",,,,"9999","2","Nebraska","31",,,,,"0001481581","0000006577","Cuming County","A","+41916354","-096788372","06",10065,0,3,47,0,2,0,0,0,0
"G3100410","1990","NE",,,,,,,,,,,"99","Custer","041",,,"4","9999",,,,"9999","2","Nebraska","31",,,,,"0006671414","0000000977","Custer County","A","+41393949","-099726684","06",12076,0,100,10,0,49,0,0,2,33
"G3100430","1990","NE",,,,,,,,,,,"99","Dakota","043",,,"4","7720",,,,"9999","2","Nebraska","31",,,,,"0000683666","0000008918","Dakota County","A","+42386954","-096563184","06",15024,122,268,298,6,493,0,2,12,517
"G3100450","1990","NE",,,,,,,,,,,"99","Dawes","045",,,"4","9999",,,,"9999","2","Nebraska","31",,,,,"0003616369","0000011959","Dawes County","A","+42708785","-103135769","06",8531,15,291,49,41,52,0,9,0,33
"G3100470","1990","NE",,,,,,,,,,,"99","Dawson","047",,,"4","9999",,,,"9999","2","Nebraska","31",,,,,"0002623515","0000016574","Dawson County","A","+40865893","-099814525","06",19161,4,57,58,6,363,17,0,0,274
"G3100490","1990","NE",,,,,,,,,,,"99","Deuel","049",,,"4","9999",,,,"9999","2","Nebraska","31",,,,,"0001139440","0000002320","Deuel County","A","+41112913","-102332034","06",2067,2,16,8,0,97,0,0,0,47
"G3100510","1990","NE",,,,,,,,,,,"99","Dixon","051",,,"4","9999",,,,"9999","2","Nebraska","31",,,,,"0001233915","0000016405","Dixon County","A","+42499308","-096868503","06",6097,2,38,0,0,4,0,0,0,2
"G3100530","1990","NE",,,,,,,,,,,"99","Dodge","053",,,"4","9999",,,,"9999","2","Nebraska","31",,,,,"0001384302","0000024600","Dodge County","A","+41576222","-096645203","06",33953,51,158,192,0,86,0,7,0,53
"G3100550","1990","NE",,,,,,,,,,,"99","Douglas","055",,,"4","5920",,,,"9999","2","Nebraska","31",,,,,"0000857386","0000022302","Douglas County","A","+41299500","-096147377","06",353908,44875,2291,4431,351,5523,374,189,133,4369
"G3100570","1990","NE",,,,,,,,,,,"99","Dundy","057",,,"4","9999",,,,"9999","2","Nebraska","31",,,,,"0002382552","0000002420","Dundy County","A","+40181944","-101689773","06",2565,0,1,2,0,12,0,0,0,2
"G3100590","1990","NE",,,,,,,,,,,"99","Fillmore","059",,,"4","9999",,,,"9999","2","Nebraska","31",,,,,"0001493130","0000000410","Fillmore County","A","+40524934","-097596394","06",7057,0,13,3,2,11,0,0,0,17
"G3100610","1990","NE",,,,,,,,,,,"99","Franklin","061",,,"4","9999",,,,"9999","2","Nebraska","31",,,,,"0001491692","0000000488","Franklin County","A","+40183163","-098947494","06",3877,10,21,11,0,17,0,0,0,2
"G3100630","1990","NE",,,,,,,,,,,"99","Frontier","063",,,"4","9999",,,,"9999","2","Nebraska","31",,,,,"0002524195","0000014275","Frontier County","A","+40526950","-100388095","06",3047,2,2,4,16,19,0,0,0,11
"G3100650","1990","NE",,,,,,,,,,,"99","Furnas","065",,,"4","9999",,,,"9999","2","Nebraska","31",,,,,"0001859908","0000006277","Furnas County","A","+40173412","-099914748","06",5487,2,28,2,0,26,6,0,0,2
"G3100670","1990","NE",,,,,,,,,,,"99","Gage","067",,,"4","9999",,,,"9999","2","Nebraska","31",,,,,"0002215327","0000012057","Gage County","A","+40265089","-096693473","06",22488,5,142,74,0,72,0,0,0,13
"G3100690","1990","NE",,,,,,,,,,,"99","Garden","069",,,"4","9999",,,,"9999","2","Nebraska","31",,,,,"0004414785","0000068891","Garden County","A","+41622037","-102343512","06",2439,0,0,0,0,10,0,0,4,7
"G3100710","1990","NE",,,,,,,,,,,"99","Garfield","071",,,"4","9999",,,,"9999","2","Nebraska","31",,,,,"0001476440","0000003391","Garfield County","A","+41894206","-098982410","06",2135,0,0,0,0,6,0,0,0,0
"G3100730","1990","NE",,,,,,,,,,,"99","Gosper","073",,,"4","9999",,,,"9999","2","Nebraska","31",,,,,"0001186737","0000011836","Gosper County","A","+40503632","-099823186","06",1922,0,0,2,0,4,0,0,0,0
"G3100750","1990","NE",,,,,,,,,,,"99","Grant","075",,,"4","9999",,,,"9999","2","Nebraska","31",,,,,"0002010540","0000018134","Grant County","A","+41917324","-101743191","06",760,0,4,5,0,0,0,0,0,0
"G3100770","1990","NE",,,,,,,,,,,"99","Greeley","077",,,"4","9999",,,,"9999","2","Nebraska","31",,,,,"0001475975","0000002248","Greeley County","A","+41562536","-098515411","06",2994,0,8,4,0,0,0,0,0,0
"G3100790","1990","NE",,,,,,,,,,,"99","Hall","079",,,"4","9999",,,,"9999","2","Nebraska","31",,,,,"0001415271","0000015064","Hall County","A","+40865863","-098502417","06",45908,168,136,444,46,1488,5,0,12,718
"G3100810","1990","NE",,,,,,,,,,,"99","Hamilton","081",,,"4","9999",,,,"9999","2","Nebraska","31",,,,,"0001408135","0000007983","Hamilton County","A","+40876629","-098021026","06",8657,2,4,105,0,77,0,2,3,12
"G3100830","1990","NE",,,,,,,,,,,"99","Harlan","083",,,"4","9999",,,,"9999","2","Nebraska","31",,,,,"0001431662","0000055513","Harlan County","A","+40173713","-099398844","06",3789,0,9,0,0,10,0,0,0,2
"G3100850","1990","NE",,,,,,,,,,,"99","Hayes","085",,,"4","9999",,,,"9999","2","Nebraska","31",,,,,"0001847054","0000000570","Hayes County","A","+40527028","-101059564","06",1220,0,0,0,0,2,0,0,0,0
"G3100870","1990","NE",,,,,,,,,,,"99","Hitchcock","087",,,"4","9999",,,,"9999","2","Nebraska","31",,,,,"0001839106","0000022128","Hitchcock County","A","+40176232","-101040424","06",3711,0,6,5,0,21,0,0,0,7
"G3100890","1990","NE",,,,,,,,,,,"99","Holt","089",,,"4","9999",,,,"9999","2","Nebraska","31",,,,,"0006249184","0000012911","Holt County","A","+42460207","-098784402","06",12538,3,7,11,0,4,0,0,0,36
"G3100910","1990","NE",,,,,,,,,,,"99","Hooker","091",,,"4","9999",,,,"9999","2","Nebraska","31",,,,,"0001867898","0000000884","Hooker County","A","+41888368","-101141252","06",787,0,0,0,0,6,0,0,0,0
"G3100930","1990","NE",,,,,,,,,,,"99","Howard","093",,,"4","9999",,,,"9999","2","Nebraska","31",,,,,"0001474999","0000016251","Howard County","A","+41219061","-098517751","06",5994,0,11,0,0,18,0,3,2,27
"G3100950","1990","NE",,,,,,,,,,,"99","Jefferson","095",,,"4","9999",,,,"9999","2","Nebraska","31",,,,,"0001484202","0000006424","Jefferson County","A","+40168316","-097145681","06",8682,0,6,0,0,58,0,0,0,13
"G3100970","1990","NE",,,,,,,,,,,"99","Johnson","097",,,"4","9999",,,,"9999","2","Nebraska","31",,,,,"0000974294","0000001721","Johnson County","A","+40396310","-096266085","06",4568,0,0,82,0,10,0,0,0,13
"G3100990","1990","NE",,,,,,,,,,,"99","Kearney","099",,,"4","9999",,,,"9999","2","Nebraska","31",,,,,"0001336581","0000000260","Kearney County","A","+40506230","-098946238","06",6558,0,0,3,0,53,0,0,0,15
"G3101010","1990","NE",,,,,,,,,,,"99","Keith","101",,,"4","9999",,,,"9999","2","Nebraska","31",,,,,"0002748863","0000125650","Keith County","A","+41197112","-101662464","06",8073,40,42,10,16,244,0,3,0,156
"G3101030","1990","NE",,,,,,,,,,,"99","Keya Paha","103",,,"4","9999",,,,"9999","2","Nebraska","31",,,,,"0002002893","0000002291","Keya Paha County","A","+42877726","-099719073","06",1024,0,2,0,0,3,0,0,0,0
"G3101050","1990","NE",,,,,,,,,,,"99","Kimball","105",,,"4","9999",,,,"9999","2","Nebraska","31",,,,,"0002465148","0000001510","Kimball County","A","+41199445","-103710823","06",3878,0,9,19,0,179,0,0,0,23
"G3101070","1990","NE",,,,,,,,,,,"99","Knox","107",,,"4","9999",,,,"9999","2","Nebraska","31",,,,,"0002870259","0000081688","Knox County","A","+42634373","-097880665","06",9034,0,487,13,0,0,0,0,0,0
"G3101090","1990","NE",,,,,,,,,,,"99","Lancaster","109",,,"4","4360",,,,"9999","2","Nebraska","31",,,,,"0002172717","0000020304","Lancaster County","A","+40784048","-096688565","06",201158,4751,1196,2948,170,1855,73,63,26,1401
"G3101110","1990","NE",,,,,,,,,,,"99","Lincoln","111",,,"4","9999",,,,"9999","2","Nebraska","31",,,,,"0006641193","0000028757","Lincoln County","A","+41051988","-100745234","06",30614,130,89,106,0,656,30,7,13,863
"G3101130","1990","NE",,,,,,,,,,,"99","Logan","113",,,"4","9999",,,,"9999","2","Nebraska","31",,,,,"0001478148","0000001205","Logan County","A","+41555666","-100476018","06",872,6,0,0,0,0,0,0,0,0
"G3101150","1990","NE",,,,,,,,,,,"99","Loup","115",,,"4","9999",,,,"9999","2","Nebraska","31",,,,,"0001475648","0000003387","Loup County","A","+41933135","-099447237","06",679,0,0,2,0,2,0,0,0,0
"G3101170","1990","NE",,,,,,,,,,,"99","McPherson","117",,,"4","9999",,,,"9999","2","Nebraska","31",,,,,"0002224862","0000002681","McPherson County","A","+41569659","-101059600","06",543,3,0,0,0,0,0,0,0,0
"G3101190","1990","NE",,,,,,,,,,,"99","Madison","119",,,"4","9999",,,,"9999","2","Nebraska","31",,,,,"0001483088","0000006393","Madison County","A","+41921863","-097599502","06",31551,277,246,87,6,200,0,13,2,273
"G3101210","1990","NE",,,,,,,,,,,"99","Merrick","121",,,"4","9999",,,,"9999","2","Nebraska","31",,,,,"0001255239","0000025220","Merrick County","A","+41169317","-098030128","06",7953,0,3,2,0,78,0,0,0,6
"G3101230","1990","NE",,,,,,,,,,,"99","Morrill","123",,,"4","9999",,,,"9999","2","Nebraska","31",,,,,"0003687802","0000015703","Morrill County","A","+41694377","-103012837","06",5009,0,10,2,0,239,0,0,0,163
"G3101250","1990","NE",,,,,,,,,,,"99","Nance","125",,,"4","9999",,,,"9999","2","Nebraska","31",,,,,"0001143095","0000017428","Nance County","A","+41394246","-097994262","06",4212,0,2,11,0,41,0,2,0,7
"G3101270","1990","NE",,,,,,,,,,,"99","Nemaha","127",,,"4","9999",,,,"9999","2","Nebraska","31",,,,,"0001060138","0000006702","Nemaha County","A","+40386734","-095847155","06",7885,36,39,4,0,16,0,0,0,0
"G3101290","1990","NE",,,,,,,,,,,"99","Nuckolls","129",,,"4","9999",,,,"9999","2","Nebraska","31",,,,,"0001490143","0000001708","Nuckolls County","A","+40176562","-098046375","06",5756,0,16,0,0,14,0,0,0,0
"G3101310","1990","NE",,,,,,,,,,,"99","Otoe","131",,,"4","9999",,,,"9999","2","Nebraska","31",,,,,"0001595066","0000008449","Otoe County","A","+40652199","-096135761","06",14063,10,37,6,5,106,0,0,0,25
"G3101330","1990","NE",,,,,,,,,,,"99","Pawnee","133",,,"4","9999",,,,"9999","2","Nebraska","31",,,,,"0001118142","0000003243","Pawnee County","A","+40130088","-096239620","06",3287,8,0,0,0,16,0,0,0,6
"G3101350","1990","NE",,,,,,,,,,,"99","Perkins","135",,,"4","9999",,,,"9999","2","Nebraska","31",,,,,"0002287412","0000003012","Perkins County","A","+40841741","-101656066","06",3336,0,9,3,0,4,0,0,0,15
"G3101370","1990","NE",,,,,,,,,,,"99","Phelps","137",,,"4","9999",,,,"9999","2","Nebraska","31",,,,,"0001398579","0000001630","Phelps County","A","+40508945","-099409499","06",9532,8,14,21,0,87,0,0,0,53
"G3101390","1990","NE",,,,,,,,,,,"99","Pierce","139",,,"4","9999",,,,"9999","2","Nebraska","31",,,,,"0001486572","0000003486","Pierce County","A","+42271341","-097610610","06",7742,0,51,8,0,11,0,0,0,15
"G3101410","1990","NE",,,,,,,,,,,"99","Platte","141",,,"4","9999",,,,"9999","2","Nebraska","31",,,,,"0001756204","0000028643","Platte County","A","+41568353","-097525384","06",29236,94,61,80,8,194,0,17,0,130
"G3101430","1990","NE",,,,,,,,,,,"99","Polk","143",,,"4","9999",,,,"9999","2","Nebraska","31",,,,,"0001137320","0000005219","Polk County","A","+41188157","-097570500","06",5649,0,13,1,0,12,0,0,0,0
"G3101450","1990","NE",,,,,,,,,,,"99","Red Willow","145",,,"4","9999",,,,"9999","2","Nebraska","31",,,,,"0001856172","0000003700","Red Willow County","A","+40176191","-100479004","06",11393,0,49,52,15,116,0,0,0,80
"G3101470","1990","NE",,,,,,,,,,,"99","Richardson","147",,,"4","9999",,,,"9999","2","Nebraska","31",,,,,"0001433503","0000006429","Richardson County","A","+40123823","-095718299","06",9731,2,133,25,0,46,0,0,0,0
"G3101490","1990","NE",,,,,,,,,,,"99","Rock","149",,,"4","9999",,,,"9999","2","Nebraska","31",,,,,"0002612047","0000008795","Rock County","A","+42418278","-099453634","06",2017,0,0,0,0,0,0,0,0,2
"G3101510","1990","NE",,,,,,,,,,,"99","Saline","151",,,"4","9999",,,,"9999","2","Nebraska","31",,,,,"0001490180","0000001870","Saline County","A","+40531349","-097142311","06",12529,11,19,70,2,44,0,7,0,33
"G3101530","1990","NE",,,,,,,,,,,"99","Sarpy","153",,,"4","5920",,,,"9999","2","Nebraska","31",,,,,"0000623339","0000017145","Sarpy County","A","+41114000","-096110088","06",91793,5148,405,2007,56,1879,141,24,64,1066
"G3101550","1990","NE",,,,,,,,,,,"99","Saunders","155",,,"4","9999",,,,"9999","2","Nebraska","31",,,,,"0001953021","0000012503","Saunders County","A","+41225722","-096633759","06",18106,3,39,31,12,50,0,0,0,44
"G3101570","1990","NE",,,,,,,,,,,"99","Scotts Bluff","157",,,"4","9999",,,,"9999","2","Nebraska","31",,,,,"0001914913","0000016113","Scotts Bluff County","A","+41850278","-103708714","06",29931,48,625,209,40,2812,20,72,16,2252
"G3101590","1990","NE",,,,,,,,,,,"99","Seward","159",,,"4","9999",,,,"9999","2","Nebraska","31",,,,,"0001488682","0000002489","Seward County","A","+40872125","-097140386","06",15210,41,26,19,8,61,0,0,5,80
"G3101610","1990","NE",,,,,,,,,,,"99","Sheridan","161",,,"4","9999",,,,"9999","2","Nebraska","31",,,,,"0006322651","0000074953","Sheridan County","A","+42497280","-102434459","06",6250,0,434,12,3,17,5,26,0,3
"G3101630","1990","NE",,,,,,,,,,,"99","Sherman","163",,,"4","9999",,,,"9999","2","Nebraska","31",,,,,"0001465615","0000014977","Sherman County","A","+41222173","-098973058","06",3692,0,4,14,2,3,0,0,0,3
"G3101650","1990","NE",,,,,,,,,,,"99","Sioux","165",,,"4","9999",,,,"9999","2","Nebraska","31",,,,,"0005352749","0000001885","Sioux County","A","+42480782","-103771264","06",1481,0,0,4,0,5,0,0,0,59
"G3101670","1990","NE",,,,,,,,,,,"99","Stanton","167",,,"4","9999",,,,"9999","2","Nebraska","31",,,,,"0001113317","0000003189","Stanton County","A","+41922034","-097190405","06",6196,31,8,5,0,2,0,0,0,2
"G3101690","1990","NE",,,,,,,,,,,"99","Thayer","169",,,"4","9999",,,,"9999","2","Nebraska","31",,,,,"0001488162","0000002016","Thayer County","A","+40176274","-097594321","06",6526,2,23,13,0,60,0,0,0,11
"G3101710","1990","NE",,,,,,,,,,,"99","Thomas","171",,,"4","9999",,,,"9999","2","Nebraska","31",,,,,"0001846410","0000002044","Thomas County","A","+41918002","-100582468","06",833,0,0,0,0,14,0,4,0,0
"G3101730","1990","NE",,,,,,,,,,,"99","Thurston","173",,,"4","9999",,,,"9999","2","Nebraska","31",,,,,"0001020035","0000006317","Thurston County","A","+42157066","-096550403","06",3856,7,2987,6,0,0,0,69,0,11
"G3101750","1990","NE",,,,,,,,,,,"99","Valley","175",,,"4","9999",,,,"9999","2","Nebraska","31",,,,,"0001471470","0000006232","Valley County","A","+41570138","-098977427","06",5143,7,6,11,0,0,0,0,0,2
"G3101770","1990","NE",,,,,,,,,,,"99","Washington","177",,,"4","5920",,,,"9999","2","Nebraska","31",,,,,"0001011350","0000008578","Washington County","A","+41527246","-096223083","06",16397,40,44,23,0,32,19,0,0,52
"G3101790","1990","NE",,,,,,,,,,,"99","Wayne","179",,,"4","9999",,,,"9999","2","Nebraska","31",,,,,"0001148584","0000000121","Wayne County","A","+42213805","-097124769","06",9259,35,21,14,0,35,0,0,0,0
"G3101810","1990","NE",,,,,,,,,,,"99","Webster","181",,,"4","9999",,,,"9999","2","Nebraska","31",,,,,"0001489010","0000000334","Webster County","A","+40178054","-098497844","06",4235,0,10,3,0,26,0,0,0,5
"G3101830","1990","NE",,,,,,,,,,,"99","Wheeler","183",,,"4","9999",,,,"9999","2","Nebraska","31",,,,,"0001489765","0000001060","Wheeler County","A","+41917999","-098525297","06",944,0,0,4,0,0,0,0,0,0
"G3101850","1990","NE",,,,,,,,,,,"99","York","185",,,"4","9999",,,,"9999","2","Nebraska","31",,,,,"0001491025","0000000929","York County","A","+40872110","-097596756","06",14181,50,70,57,24,39,0,0,0,7
"G3200010","1990","NV",,,,,,,,,,,"99","Churchill","001",,,"8","9999",,,,"9999","4","Nevada","32",,,,,"0012767003","0000244250","Churchill County","A","+39602421","-118340938","06",15386,226,914,553,17,593,0,46,0,203
"G3200030","1990","NV",,,,,,,,,,,"99","Clark","003",,,"8","4120",,,,"9999","4","Nevada","32",,,,,"0020488726","0000467085","Clark County","A","+36201751","-115022815","06",559628,69200,5929,25153,845,43190,1284,1010,934,34286
"G3200050","1990","NV",,,,,,,,,,,"99","Douglas","005",,,"8","9999",,,,"9999","4","Nevada","32",,,,,"0001838553","0000072008","Douglas County","A","+38916313","-119613672","06",25014,90,709,178,0,1120,7,26,13,480
"G3200070","1990","NV",,,,,,,,,,,"99","Elko","007",,,"8","9999",,,,"9999","4","Nevada","32",,,,,"0044500241","0000058220","Elko County","A","+41131015","-115354139","06",26789,274,1862,305,36,2215,6,152,4,1887
"G3200090","1990","NV",,,,,,,,,,,"99","Esmeralda","009",,,"8","9999",,,,"9999","4","Nevada","32",,,,,"0009294709","0000001286","Esmeralda County","A","+37785829","-117632074","06",1139,3,78,16,0,32,0,7,0,69
"G3200110","1990","NV",,,,,,,,,,,"99","Eureka","011",,,"8","9999",,,,"9999","4","Nevada","32",,,,,"0010815752","0000011085","Eureka County","A","+39978797","-116269805","06",1376,4,30,6,0,91,0,2,0,38
"G3200130","1990","NV",,,,,,,,,,,"99","Humboldt","013",,,"8","9999",,,,"9999","4","Nevada","32",,,,,"0024989223","0000025799","Humboldt County","A","+41411069","-118116900","06",9738,121,631,30,7,1023,18,44,6,1226
"G3200150","1990","NV",,,,,,,,,,,"99","Lander","015",,,"8","9999",,,,"9999","4","Nevada","32",,,,,"0014228283","0000066929","Lander County","A","+39945697","-117026495","06",5208,11,242,18,0,461,0,77,9,240
"G3200170","1990","NV",,,,,,,,,,,"99","Lincoln","017",,,"8","9999",,,,"9999","4","Nevada","32",,,,,"0027543838","0000007127","Lincoln County","A","+37641515","-114875416","06",3404,88,49,10,0,68,7,0,0,149
"G3200190","1990","NV",,,,,,,,,,,"99","Lyon","019",,,"8","9999",,,,"9999","4","Nevada","32",,,,,"0005163887","0000058811","Lyon County","A","+39012903","-119192374","06",17760,70,572,117,13,677,4,38,41,709
"G3200210","1990","NV",,,,,,,,,,,"99","Mineral","021",,,"8","9999",,,,"9999","4","Nevada","32",,,,,"0009729638","0000146467","Mineral County","A","+38541887","-118427922","06",4875,311,629,95,10,265,0,121,7,162
"G3200230","1990","NV",,,,,,,,,,,"99","Nye","023",,,"8","9999",,,,"9999","4","Nevada","32",,,,,"0047001352","0000032285","Nye County","A","+38049845","-116451089","06",15570,274,609,99,0,743,17,34,0,435
"G3200270","1990","NV",,,,,,,,,,,"99","Pershing","027",,,"8","9999",,,,"9999","4","Nevada","32",,,,,"0015563591","0000152251","Pershing County","A","+40445544","-118403097","06",3494,3,189,19,0,269,0,10,2,350
"G3200290","1990","NV",,,,,,,,,,,"99","Storey","029",,,"8","9999",,,,"9999","4","Nevada","32",,,,,"0000682368","0000000890","Storey County","A","+39446885","-119534827","06",2318,7,30,37,3,82,0,8,0,41
"G3200310","1990","NV",,,,,,,,,,,"99","Washoe","031",,,"8","6720",,,,"9999","4","Nevada","32",,,,,"0016426998","0000541343","Washoe County","A","+40634414","-119684644","06",212728,5332,4533,9531,243,12369,131,425,282,9093
"G3200330","1990","NV",,,,,,,,,,,"99","White Pine","033",,,"8","9999",,,,"9999","4","Nevada","32",,,,,"0022990317","0000053341","White Pine County","A","+39435433","-114896275","06",7970,209,237,68,8,481,0,67,0,224
"G3205100","1990","NV",,,,,,,,,,,"99","Carson City","510",,,"8","9999",,,,"9999","4","Nevada","32",,,,,"0000371791","0000031798","Carson City","F","+39148328","-119743243","09",35083,572,996,511,45,1731,41,92,9,1363
"G3300010","1990","NH",,,,,,,,,,,"99","Belknap","001",,,"1","9999",,,,"9999","1","New Hampshire","33",,,,,"0001039415","0000174240","Belknap County","A","+43518880","-071424962","06",48721,51,79,161,6,175,7,7,6,3
"G3300030","1990","NH",,,,,,,,,,,"99","Carroll","003",,,"1","9999",,,,"9999","1","New Hampshire","33",,,,,"0002418835","0000151278","Carroll County","A","+43869599","-071210551","06",35028,87,53,90,0,147,5,0,0,0
"G3300050","1990","NH",,,,,,,,,,,"99","Cheshire","005",,,"1","9999",,,,"9999","1","New Hampshire","33",,,,,"0001832353","0000056306","Cheshire County","A","+42920538","-072253258","06",69055,206,154,302,15,344,0,0,6,39
"G3300070","1990","NH",,,,,,,,,,,"99","Coos","007",,,"1","9999",,,,"9999","1","New Hampshire","33",,,,,"0004663680","0000080468","Coos County","A","+44687083","-071301722","06",34479,40,77,71,2,89,0,0,0,70
"G3300090","1990","NH",,,,,,,,,,,"99","Grafton","009",,,"1","9999",,,,"9999","1","New Hampshire","33",,,,,"0004437972","0000095295","Grafton County","A","+43933000","-071843447","06",72927,444,204,744,42,507,29,6,3,23
"G3300110","1990","NH",,,,,,,,,,,"##","Hillsborough","011",,,"1","####",,,,"####","1","New Hampshire","33",,,,,"0002270092","0000040917","Hillsborough County","A","+42914784","-071716133","06",322977,2608,710,3881,207,3603,352,26,24,1685
"G3300130","1990","NH",,,,,,,,,,,"99","Merrimack","013",,,"1","####",,,,"9999","1","New Hampshire","33",,,,,"0002420413","0000057084","Merrimack County","A","+43289857","-071677476","06",117887,498,280,514,53,543,44,42,22,122
"G3300150","1990","NH",,,,,,,,,,,"##","Rockingham","015",,,"1","####",,,,"####","1","New Hampshire","33",,,,,"0001800653","0000255902","Rockingham County","A","+42984404","-071089199","06",238550,2115,444,1985,76,1902,88,16,35,634
"G3300170","1990","NH",,,,,,,,,,,"99","Strafford","017",,,"1","####",,,,"9999","1","New Hampshire","33",,,,,"0000955268","0000039149","Strafford County","A","+43295820","-071027358","06",101598,525,239,1022,95,513,0,0,28,213
"G3300190","1990","NH",,,,,,,,,,,"99","Sullivan","019",,,"1","9999",,,,"9999","1","New Hampshire","33",,,,,"0001391992","0000037629","Sullivan County","A","+43361077","-072224592","06",38101,54,96,141,0,173,2,0,0,25
"G3400010","1990","NJ",,,,,,,,,,,"99","Atlantic","001",,,"2","0560",,,,"9999","1","New Jersey","34",,,,,"0001453385","0000285722","Atlantic County","A","+39465326","-074636618","06",165900,37994,286,4453,256,6526,1187,25,175,7525
"G3400030","1990","NJ",,,,,,,,,,,"70","Bergen","003",,,"2","5602",,,,"0875","1","New Jersey","34",,,,,"0000606587","0000032673","Bergen County","A","+40958707","-074074366","06",683864,37563,891,53501,649,35164,1512,56,700,11480
"G3400050","1990","NJ",,,,,,,,,,,"77","Burlington","005",,,"2","6162",,,,"6160","1","New Jersey","34",,,,,"0002084350","0000038101","Burlington County","A","+39875728","-074669233","06",317997,55582,1019,7242,246,6906,1286,156,311,4321
"G3400070","1990","NJ",,,,,,,,,,,"77","Camden","007",,,"2","6162",,,,"6160","1","New Jersey","34",,,,,"0000575840","0000013610","Camden County","A","+39800850","-074959749","06",377681,79430,988,11280,265,7803,2366,99,382,22530
"G3400090","1990","NJ",,,,,,,,,,,"99","Cape May","009",,,"2","0560",,,,"9999","1","New Jersey","34",,,,,"0000661007","0000945550","Cape May County","A","+39077466","-074858609","06",87164,4874,318,636,102,738,209,10,63,975
"G3400110","1990","NJ",,,,,,,,,,,"77","Cumberland","011",,,"2","6162",,,,"8760","1","New Jersey","34",,,,,"0001267332","0000484979","Cumberland County","A","+39329755","-075132998","06",95244,22736,1275,1307,142,5983,664,77,10,10615
"G3400130","1990","NJ",,,,,,,,,,,"70","Essex","013",,,"2","5602",,,,"5640","1","New Jersey","34",,,,,"0000327097","0000008553","Essex County","A","+40787300","-074246315","06",352765,308376,1333,20332,2190,45315,8235,255,833,38572
"G3400150","1990","NJ",,,,,,,,,,,"77","Gloucester","015",,,"2","6162",,,,"6160","1","New Jersey","34",,,,,"0000841398","0000031428","Gloucester County","A","+39714874","-075140073","06",203361,19821,554,2731,121,2181,230,17,84,982
"G3400170","1990","NJ",,,,,,,,,,,"70","Hudson","017",,,"2","5602",,,,"3640","1","New Jersey","34",,,,,"0000120834","0000040427","Hudson County","A","+40732350","-074075391","06",263892,70362,605,35257,1761,117584,9473,301,1401,52463
"G3400190","1990","NJ",,,,,,,,,,,"70","Hunterdon","019",,,"2","5602",,,,"5015","1","New Jersey","34",,,,,"0001113945","0000020088","Hunterdon County","A","+40570352","-074917106","06",102505,1876,65,1481,37,1411,94,2,13,292
"G3400210","1990","NJ",,,,,,,,,,,"77","Mercer","021",,,"2","6162",,,,"8480","1","New Jersey","34",,,,,"0000585230","0000007551","Mercer County","A","+40281920","-074699203","06",236790,59787,704,9441,379,8090,1466,151,453,8563
"G3400230","1990","NJ",,,,,,,,,,,"70","Middlesex","023",,,"2","5602",,,,"5015","1","New Jersey","34",,,,,"0000804532","0000031119","Middlesex County","A","+40438650","-074409233","06",519013,49258,857,43858,773,31553,3643,259,925,21641
"G3400250","1990","NJ",,,,,,,,,,,"70","Monmouth","025",,,"2","5602",,,,"5190","1","New Jersey","34",,,,,"0001222127","0000501101","Monmouth County","A","+40287807","-074154352","06",469673,45918,602,14640,457,13670,1490,60,415,6199
"G3400270","1990","NJ",,,,,,,,,,,"70","Morris","027",,,"2","5602",,,,"5640","1","New Jersey","34",,,,,"0001214908","0000031826","Morris County","A","+40865200","-074546877","06",373487,11620,342,16212,212,13821,640,28,201,4790
"G3400290","1990","NJ",,,,,,,,,,,"70","Ocean","029",,,"2","5602",,,,"5190","1","New Jersey","34",,,,,"0001648140","0000724048","Ocean County","A","+39872246","-074250491","06",403798,11343,640,3524,113,9350,463,39,62,3871
"G3400310","1990","NJ",,,,,,,,,,,"70","Passaic","031",,,"2","5602",,,,"0875","1","New Jersey","34",,,,,"0000479279","0000031123","Passaic County","A","+41031900","-074299702","06",286213,57751,742,10986,1186,40014,8493,280,492,46903
"G3400330","1990","NJ",,,,,,,,,,,"77","Salem","033",,,"2","6162",,,,"9160","1","New Jersey","34",,,,,"0000875024","0000089861","Salem County","A","+39579547","-075361703","06",53966,9553,220,270,42,453,119,5,1,665
"G3400350","1990","NJ",,,,,,,,,,,"70","Somerset","035",,,"2","5602",,,,"5015","1","New Jersey","34",,,,,"0000789240","0000000891","Somerset County","A","+40563900","-074614790","06",204783,14193,315,10482,318,6667,448,9,71,2993
"G3400370","1990","NJ",,,,,,,,,,,"70","Sussex","037",,,"2","5602",,,,"5640","1","New Jersey","34",,,,,"0001350012","0000038116","Sussex County","A","+41141843","-074690791","06",125832,1069,210,1059,48,2322,39,10,53,301
"G3400390","1990","NJ",,,,,,,,,,,"70","Union","039",,,"2","5602",,,,"5640","1","New Jersey","34",,,,,"0000267515","0000005631","Union County","A","+40659733","-074308022","06",322934,89640,530,13105,725,44313,3354,170,514,18534
"G3400410","1990","NJ",,,,,,,,,,,"99","Warren","041",,,"2","0240",,,,"9999","1","New Jersey","34",,,,,"0000926997","0000012595","Warren County","A","+40855295","-074993620","06",87704,1200,142,852,23,1295,29,0,0,362
"G3500010","1990","NM",,,,,,,,,,,"99","Bernalillo","001",,,"8","0200",,,,"9999","4","New Mexico","35",,,,,"0003020361","0000006759","Bernalillo County","A","+35052967","-106670237","06",268909,12124,14248,6618,1519,101636,1004,1760,799,71960
"G3500030","1990","NM",,,,,,,,,,,"99","Catron","003",,,"8","9999",,,,"9999","4","New Mexico","35",,,,,"0017944214","0000003166","Catron County","A","+33923860","-108416545","06",1830,0,5,0,0,691,0,0,0,37
"G3500050","1990","NM",,,,,,,,,,,"99","Chaves","005",,,"8","9999",,,,"9999","4","New Mexico","35",,,,,"0015724905","0000010903","Chaves County","A","+33363485","-104468714","06",34812,1082,306,289,183,13047,151,23,23,7933
"G3500060","1990","NM",,,,,,,,,,,"99","Cibola","006",,,"8","9999",,,,"9999","4","New Mexico","35",,,,,"0011757475","0000006492","Cibola County","A","+34920479","-107988955","06",6506,276,8943,35,3,7380,9,210,10,422
"G3500070","1990","NM",,,,,,,,,,,"99","Colfax","007",,,"8","9999",,,,"9999","4","New Mexico","35",,,,,"0009730381","0000029480","Colfax County","A","+36606105","-104638170","06",6615,19,54,2,178,4120,19,26,3,1889
"G3500090","1990","NM",,,,,,,,,,,"99","Curry","009",,,"8","9999",,,,"9999","4","New Mexico","35",,,,,"0003641698","0000004451","Curry County","A","+34572141","-103345985","06",28431,2816,235,713,129,3619,82,22,85,6075
"G3500110","1990","NM",,,,,,,,,,,"99","De Baca","011",,,"8","9999",,,,"9999","4","New Mexico","35",,,,,"0006021903","0000023217","DeBaca County","A","+34335626","-104415672","06",1479,4,27,0,4,659,0,15,0,64
"G3500130","1990","NM",,,,,,,,,,,"99","Dona Ana","013",,,"8","4100",,,,"9999","4","New Mexico","35",,,,,"0009861268","0000019266","Dona Ana County","A","+32345226","-106832380","06",55031,1962,824,1265,109,68727,157,130,81,7224
"G3500150","1990","NM",,,,,,,,,,,"99","Eddy","015",,,"8","9999",,,,"9999","4","New Mexico","35",,,,,"0010831991","0000040282","Eddy County","A","+32466262","-104298400","06",30406,793,162,146,47,9308,73,30,9,7631
"G3500170","1990","NM",,,,,,,,,,,"99","Grant","017",,,"8","9999",,,,"9999","4","New Mexico","35",,,,,"0010272381","0000004200","Grant County","A","+32729422","-108379315","06",13134,172,273,50,0,12631,11,44,20,1341
"G3500190","1990","NM",,,,,,,,,,,"99","Guadalupe","019",,,"8","9999",,,,"9999","4","New Mexico","35",,,,,"0007849207","0000003114","Guadalupe County","A","+34862267","-104784565","06",554,0,26,31,0,2526,0,0,0,1019
"G3500210","1990","NM",,,,,,,,,,,"99","Harding","021",,,"8","9999",,,,"9999","4","New Mexico","35",,,,,"0005505033","0000001578","Harding County","A","+35858004","-103816980","06",519,6,6,2,3,262,0,0,0,189
"G3500230","1990","NM",,,,,,,,,,,"99","Hidalgo","023",,,"8","9999",,,,"9999","4","New Mexico","35",,,,,"0008924932","0000000723","Hidalgo County","A","+31916452","-108711794","06",2875,26,26,36,0,2548,14,0,0,433
"G3500250","1990","NM",,,,,,,,,,,"99","Lea","025",,,"8","9999",,,,"9999","4","New Mexico","35",,,,,"0011378566","0000002752","Lea County","A","+32795765","-103415097","06",36243,2414,356,252,81,9679,11,0,46,6683
"G3500270","1990","NM",,,,,,,,,,,"99","Lincoln","027",,,"8","9999",,,,"9999","4","New Mexico","35",,,,,"0012513445","0000000505","Lincoln County","A","+33740041","-105455602","06",8611,75,137,12,6,2538,13,14,0,813
"G3500280","1990","NM",,,,,,,,,,,"99","Los Alamos","028",,,"8","7490",,,,"9999","4","New Mexico","35",,,,,"0000283229","0000000000","Los Alamos County","A","+35865097","-106308527","06",15556,47,154,425,0,1542,11,0,23,357
"G3500290","1990","NM",,,,,,,,,,,"99","Luna","029",,,"8","9999",,,,"9999","4","New Mexico","35",,,,,"0007680151","0000000487","Luna County","A","+32180790","-107748657","06",9100,223,189,31,79,7131,30,0,0,1327
"G3500310","1990","NM",,,,,,,,,,,"99","McKinley","031",,,"8","9999",,,,"9999","4","New Mexico","35",,,,,"0014113242","0000016820","McKinley County","A","+35582671","-108259921","06",9738,188,42760,279,70,3644,0,789,74,3144
"G3500330","1990","NM",,,,,,,,,,,"99","Mora","033",,,"8","9999",,,,"9999","4","New Mexico","35",,,,,"0005001853","0000006163","Mora County","A","+36018034","-104939782","06",599,0,14,0,26,1824,0,0,0,1801
"G3500350","1990","NM",,,,,,,,,,,"99","Otero","035",,,"8","9999",,,,"9999","4","New Mexico","35",,,,,"0017163769","0000002343","Otero County","A","+32622624","-105726123","06",33326,2639,2689,993,80,8053,112,311,49,3676
"G3500370","1990","NM",,,,,,,,,,,"99","Quay","037",,,"8","9999",,,,"9999","4","New Mexico","35",,,,,"0007446591","0000017801","Quay County","A","+35106344","-103551586","06",6557,142,62,16,18,1516,24,21,5,2462
"G3500390","1990","NM",,,,,,,,,,,"99","Rio Arriba","039",,,"8","9999",,,,"9999","4","New Mexico","35",,,,,"0015172367","0000099646","Rio Arriba County","A","+36509143","-106697088","06",4461,60,4869,24,83,19925,12,413,5,4513
"G3500410","1990","NM",,,,,,,,,,,"99","Roosevelt","041",,,"8","9999",,,,"9999","4","New Mexico","35",,,,,"0006342147","0000016513","Roosevelt County","A","+34018530","-103480021","06",11721,165,192,102,32,1601,12,0,4,2873
"G3500430","1990","NM",,,,,,,,,,,"99","Sandoval","043",,,"8","9999",,,,"9999","4","New Mexico","35",,,,,"0009608015","0000012932","Sandoval County","A","+35687899","-106848434","06",32409,786,12211,343,77,11103,75,303,88,5924
"G3500450","1990","NM",,,,,,,,,,,"99","San Juan","045",,,"8","9999",,,,"9999","4","New Mexico","35",,,,,"0014282276","0000062996","San Juan County","A","+36512598","-108323153","06",45941,382,33045,161,59,5948,67,568,13,5421
"G3500470","1990","NM",,,,,,,,,,,"99","San Miguel","047",,,"8","9999",,,,"9999","4","New Mexico","35",,,,,"0012218082","0000048152","San Miguel County","A","+35470038","-104827478","06",4679,113,95,157,107,11763,63,37,33,8696
"G3500490","1990","NM",,,,,,,,,,,"99","Santa Fe","049",,,"8","7490",,,,"9999","4","New Mexico","35",,,,,"0004945233","0000004136","Santa Fe County","A","+35508155","-105978176","06",46831,418,2187,413,419,32841,156,424,66,15173
"G3500510","1990","NM",,,,,,,,,,,"99","Sierra","051",,,"8","9999",,,,"9999","4","New Mexico","35",,,,,"0010827548","0000145229","Sierra County","A","+33135598","-107185843","06",7433,13,80,12,6,1898,28,14,0,428
"G3500530","1990","NM",,,,,,,,,,,"99","Socorro","053",,,"8","9999",,,,"9999","4","New Mexico","35",,,,,"0017215916","0000005138","Socorro County","A","+34016437","-106934282","06",5837,155,1371,204,15,5621,0,51,0,1510
"G3500550","1990","NM",,,,,,,,,,,"99","Taos","055",,,"8","9999",,,,"9999","4","New Mexico","35",,,,,"0005706576","0000003782","Taos County","A","+36569839","-105629539","06",6200,47,1541,58,82,10624,22,87,8,4449
"G3500570","1990","NM",,,,,,,,,,,"99","Torrance","057",,,"8","9999",,,,"9999","4","New Mexico","35",,,,,"0008663819","0000002580","Torrance County","A","+34640111","-105854078","06",6205,35,117,17,3,2745,3,23,1,1136
"G3500590","1990","NM",,,,,,,,,,,"99","Union","059",,,"8","9999",,,,"9999","4","New Mexico","35",,,,,"0009920259","0000002039","Union County","A","+36475532","-103470806","06",2733,0,36,6,0,1233,0,15,4,97
"G3500610","1990","NM",,,,,,,,,,,"99","Valencia","061",,,"8","9999",,,,"9999","4","New Mexico","35",,,,,"0002765202","0000001675","Valencia County","A","+34716689","-106804756","06",20566,389,1374,123,95,14332,88,91,108,8069
"G3600010","1990","NY",,,,,,,,,,,"99","Albany","001",,,"2","0160",,,,"9999","1","New York","36",,,,,"0001356555","0000025137","Albany County","A","+42602898","-073971738","06",257262,24062,584,4940,282,3430,549,52,92,1341
"G3600030","1990","NY",,,,,,,,,,,"99","Allegany","003",,,"2","9999",,,,"9999","1","New York","36",,,,,"0002668428","0000010881","Allegany County","A","+42254909","-078021991","06",49422,255,119,288,16,273,11,6,0,80
"G3600050","1990","NY",,,,,,,,,,,"70","Bronx","005",,,"2","5602",,,,"5600","1","New York","36",,,,,"0000108859","0000039870","Bronx County","B","+40848950","-073852624","06",276221,380670,2907,30948,4177,155097,70971,2231,2748,277819
"G3600070","1990","NY",,,,,,,,,,,"99","Broome","007",,,"2","0960",,,,"9999","1","New York","36",,,,,"0001830770","0000022384","Broome County","A","+42164181","-075819672","06",201816,3847,426,3627,117,1571,152,12,34,558
"G3600090","1990","NY",,,,,,,,,,,"99","Cattaraugus","009",,,"2","9999",,,,"9999","1","New York","36",,,,,"0003392739","0000032086","Cattaraugus County","A","+42240917","-078679107","06",80841,768,1728,390,46,252,41,28,6,134
"G3600110","1990","NY",,,,,,,,,,,"99","Cayuga","011",,,"2","9999",,,,"9999","1","New York","36",,,,,"0001795579","0000221852","Cayuga County","A","+42944801","-076561355","06",77579,2946,266,315,59,552,225,5,13,353
"G3600130","1990","NY",,,,,,,,,,,"99","Chautauqua","013",,,"2","3610",,,,"9999","1","New York","36",,,,,"0002750955","0001134536","Chautauqua County","A","+42301517","-079412500","06",134394,2149,433,784,37,1862,149,2,41,2044
"G3600150","1990","NY",,,,,,,,,,,"99","Chemung","015",,,"2","2335",,,,"9999","1","New York","36",,,,,"0001057213","0000006779","Chemung County","A","+42140927","-076759986","06",87794,4867,295,678,298,560,261,6,0,436
"G3600170","1990","NY",,,,,,,,,,,"99","Chenango","017",,,"2","9999",,,,"9999","1","New York","36",,,,,"0002316545","0000011242","Chenango County","A","+42495443","-075615045","06",50577,389,180,157,16,334,5,2,0,108
"G3600190","1990","NY",,,,,,,,,,,"99","Clinton","019",,,"2","9999",,,,"9999","1","New York","36",,,,,"0002692068","0000202683","Clinton County","A","+44740265","-073679454","06",79653,3318,206,646,37,937,329,101,29,713
"G3600210","1990","NY",,,,,,,,,,,"99","Columbia","021",,,"2","9999",,,,"9999","1","New York","36",,,,,"0001646696","0000032460","Columbia County","A","+42251434","-073630358","06",59402,2257,126,152,62,517,132,5,8,321
"G3600230","1990","NY",,,,,,,,,,,"99","Cortland","023",,,"2","9999",,,,"9999","1","New York","36",,,,,"0001294179","0000004846","Cortland County","A","+42599105","-076072518","06",47620,332,176,194,25,348,74,0,8,186
"G3600250","1990","NY",,,,,,,,,,,"99","Delaware","025",,,"2","9999",,,,"9999","1","New York","36",,,,,"0003746279","0000056127","Delaware County","A","+42200760","-074964774","06",46004,242,170,168,4,531,22,2,0,82
"G3600270","1990","NY",,,,,,,,,,,"99","Dutchess","027",,,"2","6460",,,,"9999","1","New York","36",,,,,"0002076289","0000061579","Dutchess County","A","+41764453","-073747154","06",223031,20573,408,5751,340,6475,917,52,44,1871
"G3600290","1990","NY",,,,,,,,,,,"10","Erie","029",,,"2","1282",,,,"1280","1","New York","36",,,,,"0002705679","0000472169","Erie County","A","+42754950","-078784908","06",823521,108337,5132,9868,605,8608,1331,248,134,10748
"G3600310","1990","NY",,,,,,,,,,,"99","Essex","031",,,"2","9999",,,,"9999","1","New York","36",,,,,"0004654122","0000309684","Essex County","A","+44113105","-073767963","06",35192,920,147,141,15,440,108,12,5,172
"G3600330","1990","NY",,,,,,,,,,,"99","Franklin","033",,,"2","9999",,,,"9999","1","New York","36",,,,,"0004225871","0000170759","Franklin County","A","+44600320","-074309128","06",41630,1444,2243,127,17,487,241,18,6,327
"G3600350","1990","NY",,,,,,,,,,,"99","Fulton","035",,,"2","9999",,,,"9999","1","New York","36",,,,,"0001285094","0000095212","Fulton County","A","+43114979","-074423782","06",52727,690,184,236,27,178,26,0,0,123
"G3600370","1990","NY",,,,,,,,,,,"99","Genesee","037",,,"2","9999",,,,"9999","1","New York","36",,,,,"0001279804","0000003193","Genesee County","A","+43000525","-078194557","06",57527,1058,860,219,14,235,13,21,0,113
"G3600390","1990","NY",,,,,,,,,,,"99","Greene","039",,,"2","0160",,,,"9999","1","New York","36",,,,,"0001677932","0000026769","Greene County","A","+42292033","-074128747","06",40851,1918,136,221,35,732,221,4,11,610
"G3600410","1990","NY",,,,,,,,,,,"99","Hamilton","041",,,"2","9999",,,,"9999","1","New York","36",,,,,"0004456584","0000225881","Hamilton County","A","+43655197","-074501200","06",5225,20,6,3,2,23,0,0,0,0
"G3600430","1990","NY",,,,,,,,,,,"99","Herkimer","043",,,"2","8680",,,,"9999","1","New York","36",,,,,"0003656682","0000120739","Herkimer County","A","+43411567","-074958575","06",65077,165,138,97,12,264,5,0,0,39
"G3600450","1990","NY",,,,,,,,,,,"99","Jefferson","045",,,"2","9999",,,,"9999","1","New York","36",,,,,"0003295320","0001515053","Jefferson County","A","+43994023","-076054296","06",100125,6419,408,871,97,1029,242,9,65,1678
"G3600470","1990","NY",,,,,,,,,,,"70","Kings","047",,,"2","5602",,,,"5600","1","New York","36",,,,,"0000182677","0000068219","Kings County","B","+40635750","-073950611","06",928255,806864,4443,108461,5036,151507,66756,1996,2687,224659
"G3600490","1990","NY",,,,,,,,,,,"99","Lewis","049",,,"2","9999",,,,"9999","1","New York","36",,,,,"0003303742","0000037333","Lewis County","A","+43786335","-075449376","06",26380,91,48,123,25,74,2,0,9,44
"G3600510","1990","NY",,,,,,,,,,,"99","Livingston","051",,,"2","6840",,,,"9999","1","New York","36",,,,,"0001637327","0000021539","Livingston County","A","+42727421","-077770368","06",59642,1389,159,302,16,449,98,4,0,313
"G3600530","1990","NY",,,,,,,,,,,"99","Madison","053",,,"2","8160",,,,"9999","1","New York","36",,,,,"0001698711","0000014729","Madison County","A","+42911775","-075668201","06",67135,697,316,422,39,318,7,14,2,170
"G3600550","1990","NY",,,,,,,,,,,"99","Monroe","055",,,"2","6840",,,,"9999","1","New York","36",,,,,"0001707564","0001825723","Monroe County","A","+43295268","-077688549","06",591909,83163,1803,11786,576,10268,1367,43,174,12879
"G3600570","1990","NY",,,,,,,,,,,"99","Montgomery","057",,,"2","0160",,,,"9999","1","New York","36",,,,,"0001048498","0000014303","Montgomery County","A","+42906210","-074436589","06",48668,399,61,205,27,1521,56,0,18,1026
"G3600590","1990","NY",,,,,,,,,,,"70","Nassau","059",,,"2","5602",,,,"5380","1","New York","36",,,,,"0000742735","0000431368","Nassau County","A","+40732792","-073588401","06",1067420,106479,1336,38312,921,49529,4512,290,602,17947
"G3600610","1990","NY",,,,,,,,,,,"70","New York","061",,,"2","5602",,,,"5600","1","New York","36",,,,,"0000073498","0000013737","New York County","B","+40774364","-073972137","06",728563,264717,2568,107199,3792,139557,62967,2409,2969,172795
"G3600630","1990","NY",,,,,,,,,,,"10","Niagara","063",,,"2","1282",,,,"5700","1","New York","36",,,,,"0001354493","0001597826","Niagara County","A","+43323867","-078793919","06",203125,12018,2138,886,137,1687,65,64,21,615
"G3600650","1990","NY",,,,,,,,,,,"99","Oneida","065",,,"2","8680",,,,"9999","1","New York","36",,,,,"0003141040","0000115030","Oneida County","A","+43240624","-075438137","06",229675,12752,578,2020,216,2660,859,6,71,1999
"G3600670","1990","NY",,,,,,,,,,,"99","Onondaga","067",,,"2","8160",,,,"9999","1","New York","36",,,,,"0002021044","0000065805","Onondaga County","A","+43006600","-076196101","06",415486,36672,3494,6557,443,3494,566,53,106,2102
"G3600690","1990","NY",,,,,,,,,,,"99","Ontario","069",,,"2","6840",,,,"9999","1","New York","36",,,,,"0001669019","0000046748","Ontario County","A","+42852906","-077294965","06",91565,1642,205,381,50,869,70,3,7,309
"G3600710","1990","NY",,,,,,,,,,,"70","Orange","071",,,"2","5602",,,,"5950","1","New York","36",,,,,"0002114407","0000057508","Orange County","A","+41402112","-074306348","06",260815,20763,690,3576,207,12461,1481,76,73,7505
"G3600730","1990","NY",,,,,,,,,,,"99","Orleans","073",,,"2","6840",,,,"9999","1","New York","36",,,,,"0001013792","0001103242","Orleans County","A","+43368193","-078228812","06",37860,2614,154,205,23,399,132,20,24,415
"G3600750","1990","NY",,,,,,,,,,,"99","Oswego","075",,,"2","8160",,,,"9999","1","New York","36",,,,,"0002469122","0000929429","Oswego County","A","+43466230","-076203861","06",119228,658,493,461,29,669,40,9,6,178
"G3600770","1990","NY",,,,,,,,,,,"99","Otsego","077",,,"2","9999",,,,"9999","1","New York","36",,,,,"0002597586","0000031875","Otsego County","A","+42633690","-075035377","06",58610,728,81,304,26,579,34,10,20,125
"G3600790","1990","NY",,,,,,,,,,,"70","Putnam","079",,,"2","5602",,,,"5600","1","New York","36",,,,,"0000599688","0000038149","Putnam County","A","+41431417","-073746355","06",79788,617,103,898,144,1898,77,0,21,395
"G3600810","1990","NY",,,,,,,,,,,"70","Queens","081",,,"2","5602",,,,"5600","1","New York","36",,,,,"0000283346","0000176000","Queens County","B","+40656400","-073839526","06",941890,394170,4702,233297,6213,188430,29269,862,5521,147244
"G3600830","1990","NY",,,,,,,,,,,"99","Rensselaer","083",,,"2","0160",,,,"9999","1","New York","36",,,,,"0001693936","0000029593","Rensselaer County","A","+42709750","-073513949","06",144796,5018,421,2146,196,1253,121,26,49,403
"G3600850","1990","NY",,,,,,,,,,,"70","Richmond","085",,,"2","5602",,,,"5600","1","New York","36",,,,,"0000151790","0000113984","Richmond County","B","+40562180","-074140403","06",303783,28471,529,16382,379,18604,2282,71,337,8139
"G3600870","1990","NY",,,,,,,,,,,"70","Rockland","087",,,"2","5602",,,,"5600","1","New York","36",,,,,"0000451241","0000065089","Rockland County","A","+41149750","-074026692","06",212120,24289,768,10409,256,10925,2068,53,197,4390
"G3600890","1990","NY",,,,,,,,,,,"99","St Lawrence","089",,,"2","9999",,,,"9999","1","New York","36",,,,,"0006956025","0000351958","St. Lawrence County","A","+44496564","-075072951","06",107682,1527,834,688,0,560,241,7,0,435
"G3600910","1990","NY",,,,,,,,,,,"99","Saratoga","091",,,"2","0160",,,,"9999","1","New York","36",,,,,"0002102841","0000082540","Saratoga County","A","+43105938","-073867690","06",175644,2447,256,1153,72,1222,66,16,36,364
"G3600930","1990","NY",,,,,,,,,,,"99","Schenectady","093",,,"2","0160",,,,"9999","1","New York","36",,,,,"0000533864","0000009105","Schenectady County","A","+42814907","-074065955","06",137940,6273,287,2017,297,1467,201,4,74,725
"G3600950","1990","NY",,,,,,,,,,,"99","Schoharie","095",,,"2","9999",,,,"9999","1","New York","36",,,,,"0001610559","0000011246","Schoharie County","A","+42590974","-074439343","06",30950,345,85,138,13,186,22,0,0,120
"G3600970","1990","NY",,,,,,,,,,,"99","Schuyler","097",,,"2","9999",,,,"9999","1","New York","36",,,,,"0000851392","0000045150","Schuyler County","A","+42389814","-076876981","06",18247,151,63,40,4,75,6,0,0,76
"G3600990","1990","NY",,,,,,,,,,,"99","Seneca","099",,,"2","9999",,,,"9999","1","New York","36",,,,,"0000841552","0000169910","Seneca County","A","+42785959","-076828702","06",32462,558,92,236,2,214,27,0,2,90
"G3601010","1990","NY",,,,,,,,,,,"99","Steuben","101",,,"2","9999",,,,"9999","1","New York","36",,,,,"0003607152","0000029644","Steuben County","A","+42264234","-077385385","06",96808,1088,242,460,70,342,4,7,4,63
"G3601030","1990","NY",,,,,,,,,,,"70","Suffolk","103",,,"2","5602",,,,"5380","1","New York","36",,,,,"0002360093","0003783600","Suffolk County","A","+40940536","-072679044","06",1133930,78015,2843,21770,1068,58306,4458,390,415,20669
"G3601050","1990","NY",,,,,,,,,,,"99","Sullivan","105",,,"2","9999",,,,"9999","1","New York","36",,,,,"0002511786","0000070259","Sullivan County","A","+41715260","-074764967","06",58756,5332,148,549,85,2617,462,11,41,1276
"G3601070","1990","NY",,,,,,,,,,,"99","Tioga","107",,,"2","0960",,,,"9999","1","New York","36",,,,,"0001343497","0000010908","Tioga County","A","+42166803","-076302894","06",51389,192,30,333,38,257,8,7,7,76
"G3601090","1990","NY",,,,,,,,,,,"99","Tompkins","109",,,"2","9999",,,,"9999","1","New York","36",,,,,"0001233040","0000040339","Tompkins County","A","+42451443","-076474722","06",83853,3020,171,5117,95,1232,115,37,28,429
"G3601110","1990","NY",,,,,,,,,,,"99","Ulster","111",,,"2","9999",,,,"9999","1","New York","36",,,,,"0002917831","0000088680","Ulster County","A","+41888944","-074257640","06",149544,6844,513,1814,93,4129,829,11,76,1451
"G3601130","1990","NY",,,,,,,,,,,"99","Warren","113",,,"2","2975",,,,"9999","1","New York","36",,,,,"0002252571","0000160597","Warren County","A","+43562908","-073844432","06",58047,350,82,350,17,281,0,0,7,75
"G3601150","1990","NY",,,,,,,,,,,"99","Washington","115",,,"2","2975",,,,"9999","1","New York","36",,,,,"0002164038","0000026878","Washington County","A","+43320093","-073430584","06",55998,1711,139,127,34,667,334,19,4,297
"G3601170","1990","NY",,,,,,,,,,,"99","Wayne","117",,,"2","6840",,,,"9999","1","New York","36",,,,,"0001564951","0002020085","Wayne County","A","+43283016","-077053546","06",84467,2560,214,346,49,767,53,0,0,667
"G3601190","1990","NY",,,,,,,,,,,"70","Westchester","119",,,"2","5602",,,,"5600","1","New York","36",,,,,"0001121170","0000174365","Westchester County","A","+41153598","-073753992","06",641994,115065,990,31510,1131,53744,5323,190,403,24516
"G3601210","1990","NY",,,,,,,,,,,"99","Wyoming","121",,,"2","9999",,,,"9999","1","New York","36",,,,,"0001535816","0000009075","Wyoming County","A","+42698873","-078228348","06",39341,1891,110,171,22,281,220,5,15,451
"G3601230","1990","NY",,,,,,,,,,,"99","Yates","123",,,"2","9999",,,,"9999","1","New York","36",,,,,"0000876067","0000087030","Yates County","A","+42639454","-077104974","06",22374,138,85,13,0,140,3,0,7,50
"G3700010","1990","NC",,,,,,,,,,,"99","Alamance","001",,,"5","1300",,,,"9999","3","North Carolina","37",,,,,"0001115485","0000010649","Alamance County","A","+36043667","-079398440","06",86130,20767,334,237,23,449,62,7,0,204
"G3700030","1990","NC",,,,,,,,,,,"99","Alexander","003",,,"5","3290",,,,"9999","3","North Carolina","37",,,,,"0000674244","0000007682","Alexander County","A","+35921840","-081176957","06",25701,1689,38,18,0,94,2,0,2,0
"G3700050","1990","NC",,,,,,,,,,,"99","Alleghany","005",,,"5","9999",,,,"9999","3","North Carolina","37",,,,,"0000607822","0000002184","Alleghany County","A","+36494291","-081130166","06",9309,193,2,0,0,28,0,0,0,58
"G3700070","1990","NC",,,,,,,,,,,"99","Anson","007",,,"5","9999",,,,"9999","3","North Carolina","37",,,,,"0001376877","0000014395","Anson County","A","+34974665","-080102273","06",12212,11071,91,56,2,5,35,0,0,2
"G3700090","1990","NC",,,,,,,,,,,"99","Ashe","009",,,"5","9999",,,,"9999","3","North Carolina","37",,,,,"0001103759","0000001678","Ashe County","A","+36433061","-081501738","06",21878,118,32,50,0,68,0,0,0,63
"G3700110","1990","NC",,,,,,,,,,,"99","Avery","011",,,"5","9999",,,,"9999","3","North Carolina","37",,,,,"0000639765","0000000527","Avery County","A","+36078677","-081923096","06",14641,116,16,30,0,7,0,0,0,57
"G3700130","1990","NC",,,,,,,,,,,"99","Beaufort","013",,,"5","9999",,,,"9999","3","North Carolina","37",,,,,"0002143508","0000337704","Beaufort County","A","+35482730","-076844806","06",28821,13144,31,59,24,120,29,0,0,55
"G3700150","1990","NC",,,,,,,,,,,"99","Bertie","015",,,"5","9999",,,,"9999","3","North Carolina","37",,,,,"0001811023","0000108725","Bertie County","A","+36059078","-076963026","06",7794,12519,17,4,21,0,7,0,0,26
"G3700170","1990","NC",,,,,,,,,,,"99","Bladen","017",,,"5","9999",,,,"9999","3","North Carolina","37",,,,,"0002266291","0000031435","Bladen County","A","+34619414","-078555913","06",16882,11211,431,2,20,63,26,0,0,28
"G3700190","1990","NC",,,,,,,,,,,"99","Brunswick","019",,,"5","9999",,,,"9999","3","North Carolina","37",,,,,"0002214234","0000505472","Brunswick County","A","+34038591","-078221373","06",41150,9177,280,63,9,153,8,18,0,127
"G3700210","1990","NC",,,,,,,,,,,"99","Buncombe","021",,,"5","0480",,,,"9999","3","North Carolina","37",,,,,"0001699771","0000009757","Buncombe County","A","+35609250","-082530302","06",158154,14027,526,917,36,851,81,0,26,203
"G3700230","1990","NC",,,,,,,,,,,"99","Burke","023",,,"5","3290",,,,"9999","3","North Carolina","37",,,,,"0001312474","0000021151","Burke County","A","+35747224","-081705546","06",69604,5031,197,627,2,177,24,0,0,82
"G3700250","1990","NC",,,,,,,,,,,"99","Cabarrus","025",,,"5","1520",,,,"9999","3","North Carolina","37",,,,,"0000943870","0000001535","Cabarrus County","A","+35387719","-080550624","06",84821,12802,420,437,0,259,42,6,0,148
"G3700270","1990","NC",,,,,,,,,,,"99","Caldwell","027",,,"5","9999",,,,"9999","3","North Carolina","37",,,,,"0001221648","0000006857","Caldwell County","A","+35954179","-081546710","06",66315,3893,137,58,0,170,25,13,0,98
"G3700290","1990","NC",,,,,,,,,,,"99","Camden","029",,,"5","9999",,,,"9999","3","North Carolina","37",,,,,"0000623401","0000168412","Camden County","A","+36337433","-076162635","06",4399,1473,15,10,0,0,0,0,7,0
"G3700310","1990","NC",,,,,,,,,,,"99","Carteret","031",,,"5","9999",,,,"9999","3","North Carolina","37",,,,,"0001376252","0002124325","Carteret County","A","+34876340","-076504367","06",47428,4262,291,206,2,190,0,0,31,146
"G3700330","1990","NC",,,,,,,,,,,"99","Caswell","033",,,"5","9999",,,,"9999","3","North Carolina","37",,,,,"0001102645","0000007094","Caswell County","A","+36395774","-079334978","06",12022,8461,26,48,0,63,3,5,5,60
"G3700350","1990","NC",,,,,,,,,,,"99","Catawba","035",,,"5","3290",,,,"9999","3","North Carolina","37",,,,,"0001035959","0000035069","Catawba County","A","+35663000","-081214447","06",105950,10666,227,854,28,432,7,11,0,237
"G3700370","1990","NC",,,,,,,,,,,"99","Chatham","037",,,"5","9999",,,,"9999","3","North Carolina","37",,,,,"0001769175","0000067596","Chatham County","A","+35701627","-079257916","06",29223,8776,141,102,11,178,94,0,0,234
"G3700390","1990","NC",,,,,,,,,,,"99","Cherokee","039",,,"5","9999",,,,"9999","3","North Carolina","37",,,,,"0001178976","0000029753","Cherokee County","A","+35137053","-084063943","06",19233,372,428,45,18,54,0,0,0,20
"G3700410","1990","NC",,,,,,,,,,,"99","Chowan","041",,,"5","9999",,,,"9999","3","North Carolina","37",,,,,"0000447129","0000157166","Chowan County","A","+36130582","-076602214","06",8326,5095,30,24,0,11,13,0,0,7
"G3700430","1990","NC",,,,,,,,,,,"99","Clay","043",,,"5","9999",,,,"9999","3","North Carolina","37",,,,,"0000556088","0000015269","Clay County","A","+35058290","-083755775","06",7026,30,11,7,0,42,0,0,0,39
"G3700450","1990","NC",,,,,,,,,,,"99","Cleveland","045",,,"5","9999",,,,"9999","3","North Carolina","37",,,,,"0001202650","0000010277","Cleveland County","A","+35335821","-081555983","06",66131,17679,168,442,14,104,73,0,0,103
"G3700470","1990","NC",,,,,,,,,,,"99","Columbus","047",,,"5","9999",,,,"9999","3","North Carolina","37",,,,,"0002426420","0000043501","Columbus County","A","+34260273","-078665189","06",32705,15154,1410,16,25,73,37,27,0,140
"G3700490","1990","NC",,,,,,,,,,,"99","Craven","049",,,"5","9999",,,,"9999","3","North Carolina","37",,,,,"0001801481","0000171621","Craven County","A","+35120364","-077082063","06",57650,20941,536,691,71,828,139,0,80,677
"G3700510","1990","NC",,,,,,,,,,,"99","Cumberland","051",,,"5","2560",,,,"9999","3","North Carolina","37",,,,,"0001691602","0000013913","Cumberland County","A","+35046496","-078828669","06",166023,86163,4486,5264,228,4255,1290,91,308,6458
"G3700530","1990","NC",,,,,,,,,,,"99","Currituck","053",,,"5","9999",,,,"9999","3","North Carolina","37",,,,,"0000677819","0000683689","Currituck County","A","+36364223","-075943940","06",11993,1530,92,66,0,51,0,4,0,0
"G3700550","1990","NC",,,,,,,,,,,"99","Dare","055",,,"5","9999",,,,"9999","3","North Carolina","37",,,,,"0000988529","0003055997","Dare County","A","+35689903","-075726973","06",21569,829,102,56,0,130,8,0,2,50
"G3700570","1990","NC",,,,,,,,,,,"99","Davidson","057",,,"5","3120",,,,"9999","3","North Carolina","37",,,,,"0001430279","0000037760","Davidson County","A","+35793988","-080212050","06",113051,12167,449,514,22,336,11,0,0,127
"G3700590","1990","NC",,,,,,,,,,,"99","Davie","059",,,"5","3120",,,,"9999","3","North Carolina","37",,,,,"0000686892","0000004357","Davie County","A","+35929728","-080542744","06",25091,2468,82,124,8,61,0,0,6,19
"G3700610","1990","NC",,,,,,,,,,,"99","Duplin","061",,,"5","9999",,,,"9999","3","North Carolina","37",,,,,"0002118185","0000003408","Duplin County","A","+34936280","-077934958","06",25889,13291,37,30,9,151,12,0,0,576
"G3700630","1990","NC",,,,,,,,,,,"99","Durham","063",,,"5","6640",,,,"9999","3","North Carolina","37",,,,,"0000752731","0000019387","Durham County","A","+36037733","-078874855","06",108532,67391,421,3278,105,1192,207,8,6,695
"G3700650","1990","NC",,,,,,,,,,,"99","Edgecombe","065",,,"5","9999",,,,"9999","3","North Carolina","37",,,,,"0001308117","0000003999","Edgecombe County","A","+35913972","-077596413","06",24685,31614,45,30,19,52,88,0,0,25
"G3700670","1990","NC",,,,,,,,,,,"99","Forsyth","067",,,"5","3120",,,,"9999","3","North Carolina","37",,,,,"0001061038","0000008408","Forsyth County","A","+36130100","-080256884","06",195979,65736,423,1692,87,1361,187,30,5,378
"G3700690","1990","NC",,,,,,,,,,,"99","Franklin","069",,,"5","6640",,,,"9999","3","North Carolina","37",,,,,"0001273230","0000006610","Franklin County","A","+36078542","-078284402","06",23228,12877,101,61,9,118,0,0,0,20
"G3700710","1990","NC",,,,,,,,,,,"99","Gaston","071",,,"5","1520",,,,"9999","3","North Carolina","37",,,,,"0000923415","0000018952","Gaston County","A","+35295733","-081181376","06",150410,22441,398,780,102,671,61,20,33,177
"G3700730","1990","NC",,,,,,,,,,,"99","Gates","073",,,"5","9999",,,,"9999","3","North Carolina","37",,,,,"0000882234","0000012939","Gates County","A","+36441682","-076703036","06",5107,4195,0,3,0,0,0,0,0,0
"G3700750","1990","NC",,,,,,,,,,,"99","Graham","075",,,"5","9999",,,,"9999","3","North Carolina","37",,,,,"0000756477","0000024687","Graham County","A","+35348981","-083832761","06",6740,0,440,6,0,6,0,0,0,4
"G3700770","1990","NC",,,,,,,,,,,"99","Granville","077",,,"5","9999",,,,"9999","3","North Carolina","37",,,,,"0001375727","0000014064","Granville County","A","+36304616","-078656475","06",22830,14932,125,86,0,151,47,28,0,146
"G3700790","1990","NC",,,,,,,,,,,"99","Greene","079",,,"5","9999",,,,"9999","3","North Carolina","37",,,,,"0000687510","0000001192","Greene County","A","+35486406","-077684095","06",8671,6517,15,0,0,76,0,0,3,102
"G3700810","1990","NC",,,,,,,,,,,"99","Guilford","081",,,"5","3120",,,,"9999","3","North Carolina","37",,,,,"0001683839","0000019678","Guilford County","A","+36078650","-079788578","06",248227,91508,1599,3384,177,1652,260,29,5,579
"G3700830","1990","NC",,,,,,,,,,,"99","Halifax","083",,,"5","9999",,,,"9999","3","North Carolina","37",,,,,"0001878900","0000014312","Halifax County","A","+36256365","-077656287","06",25902,27477,1765,100,27,156,67,0,0,22
"G3700850","1990","NC",,,,,,,,,,,"99","Harnett","085",,,"5","9999",,,,"9999","3","North Carolina","37",,,,,"0001541157","0000016219","Harnett County","A","+35370721","-078864479","06",50643,15201,595,230,8,666,75,0,8,396
"G3700870","1990","NC",,,,,,,,,,,"99","Haywood","087",,,"5","9999",,,,"9999","3","North Carolina","37",,,,,"0001434538","0000002488","Haywood County","A","+35552912","-082978472","06",45912,571,254,21,0,155,0,0,12,17
"G3700890","1990","NC",,,,,,,,,,,"99","Henderson","089",,,"5","9999",,,,"9999","3","North Carolina","37",,,,,"0000968251","0000002606","Henderson County","A","+35336677","-082481060","06",65957,2205,150,292,33,394,10,0,4,240
"G3700910","1990","NC",,,,,,,,,,,"99","Hertford","091",,,"5","9999",,,,"9999","3","North Carolina","37",,,,,"0000916007","0000018555","Hertford County","A","+36357722","-076983549","06",9168,13001,178,109,11,32,7,4,0,13
"G3700930","1990","NC",,,,,,,,,,,"99","Hoke","093",,,"5","9999",,,,"9999","3","North Carolina","37",,,,,"0001013335","0000002891","Hoke County","A","+35020731","-079233597","06",9579,9831,3217,39,0,82,24,16,0,68
"G3700950","1990","NC",,,,,,,,,,,"99","Hyde","095",,,"5","9999",,,,"9999","3","North Carolina","37",,,,,"0001587217","0002100950","Hyde County","A","+35406175","-076153167","06",3580,1795,0,9,0,27,0,0,0,0
"G3700970","1990","NC",,,,,,,,,,,"99","Iredell","097",,,"5","9999",,,,"9999","3","North Carolina","37",,,,,"0001487705","0000049259","Iredell County","A","+35808938","-080872852","06",76942,14649,180,410,17,269,41,25,13,385
"G3700990","1990","NC",,,,,,,,,,,"99","Jackson","099",,,"5","9999",,,,"9999","3","North Carolina","37",,,,,"0001270602","0000009800","Jackson County","A","+35287913","-083144428","06",23464,451,2663,119,0,83,0,9,14,43
"G3701010","1990","NC",,,,,,,,,,,"99","Johnston","101",,,"5","9999",,,,"9999","3","North Carolina","37",,,,,"0002051232","0000010157","Johnston County","A","+35519144","-078365188","06",65430,14363,336,105,41,334,47,0,0,650
"G3701030","1990","NC",,,,,,,,,,,"99","Jones","103",,,"5","9999",,,,"9999","3","North Carolina","37",,,,,"0001225854","0000003735","Jones County","A","+35012274","-077366004","06",5715,3676,2,4,0,13,0,0,0,4
"G3701050","1990","NC",,,,,,,,,,,"99","Lee","105",,,"5","9999",,,,"9999","3","North Carolina","37",,,,,"0000666368","0000005371","Lee County","A","+35476112","-079172288","06",31011,9401,113,223,0,293,19,0,7,307
"G3701070","1990","NC",,,,,,,,,,,"99","Lenoir","107",,,"5","9999",,,,"9999","3","North Carolina","37",,,,,"0001035668","0000005792","Lenoir County","A","+35241504","-077642804","06",34113,22544,94,113,12,175,51,0,7,165
"G3701090","1990","NC",,,,,,,,,,,"99","Lincoln","109",,,"5","1520",,,,"9999","3","North Carolina","37",,,,,"0000773937","0000021336","Lincoln County","A","+35484317","-081222868","06",45333,4060,155,131,49,376,7,19,0,189
"G3701110","1990","NC",,,,,,,,,,,"99","McDowell","111",,,"5","9999",,,,"9999","3","North Carolina","37",,,,,"0001144003","0000012260","McDowell County","A","+35682170","-082048316","06",33929,1369,114,148,0,89,14,0,0,18
"G3701130","1990","NC",,,,,,,,,,,"99","Macon","113",,,"5","9999",,,,"9999","3","North Carolina","37",,,,,"0001337622","0000007739","Macon County","A","+35149662","-083420551","06",22881,376,92,40,0,48,0,0,18,44
"G3701150","1990","NC",,,,,,,,,,,"99","Madison","115",,,"5","9999",,,,"9999","3","North Carolina","37",,,,,"0001164065","0000005616","Madison County","A","+35858222","-082711605","06",16678,116,29,37,0,78,0,0,0,15
"G3701170","1990","NC",,,,,,,,,,,"99","Martin","117",,,"5","9999",,,,"9999","3","North Carolina","37",,,,,"0001198098","0000000802","Martin County","A","+35843384","-077102793","06",13778,11180,20,39,0,3,17,0,5,36
"G3701190","1990","NC",,,,,,,,,,,"99","Mecklenburg","119",,,"5","1520",,,,"9999","3","North Carolina","37",,,,,"0001366029","0000057783","Mecklenburg County","A","+35248300","-080833124","06",360995,134140,1990,7982,275,3489,476,44,113,1929
"G3701210","1990","NC",,,,,,,,,,,"99","Mitchell","121",,,"5","9999",,,,"9999","3","North Carolina","37",,,,,"0000573618","0000001756","Mitchell County","A","+36013505","-082164023","06",14332,33,12,15,0,41,0,0,0,0
"G3701230","1990","NC",,,,,,,,,,,"99","Montgomery","123",,,"5","9999",,,,"9999","3","North Carolina","37",,,,,"0001271846","0000025995","Montgomery County","A","+35329501","-079902750","06",16547,5982,149,152,7,193,23,0,13,280
"G3701250","1990","NC",,,,,,,,,,,"99","Moore","125",,,"5","9999",,,,"9999","3","North Carolina","37",,,,,"0001809768","0000019519","Moore County","A","+35308882","-079484951","06",47382,10846,294,142,8,168,27,0,1,145
"G3701270","1990","NC",,,,,,,,,,,"99","Nash","127",,,"5","9999",,,,"9999","3","North Carolina","37",,,,,"0001399438","0000006213","Nash County","A","+35968403","-077988153","06",51756,24076,268,135,7,236,108,0,0,91
"G3701290","1990","NC",,,,,,,,,,,"99","New Hanover","129",,,"5","9200",,,,"9999","3","North Carolina","37",,,,,"0000515261","0000334081","New Hanover County","A","+34182267","-077864928","06",94494,23928,500,593,22,526,110,6,0,105
"G3701310","1990","NC",,,,,,,,,,,"99","Northampton","131",,,"5","9999",,,,"9999","3","North Carolina","37",,,,,"0001388609","0000036569","Northampton County","A","+36419492","-077397564","06",8390,12307,37,3,0,15,42,0,0,4
"G3701330","1990","NC",,,,,,,,,,,"99","Onslow","133",,,"5","3605",,,,"9999","3","North Carolina","37",,,,,"0001986186","0000366723","Onslow County","A","+34714503","-077413151","06",108770,29154,995,2816,172,2948,636,93,246,4008
"G3701350","1990","NC",,,,,,,,,,,"99","Orange","135",,,"5","6640",,,,"9999","3","North Carolina","37",,,,,"0001035451","0000003521","Orange County","A","+36059176","-079118108","06",75124,14808,337,2311,25,682,92,67,0,405
"G3701370","1990","NC",,,,,,,,,,,"99","Pamlico","137",,,"5","9999",,,,"9999","3","North Carolina","37",,,,,"0000872693","0000593875","Pamlico County","A","+35150317","-076667599","06",8344,2941,25,31,0,21,5,0,0,5
"G3701390","1990","NC",,,,,,,,,,,"99","Pasquotank","139",,,"5","9999",,,,"9999","3","North Carolina","37",,,,,"0000587655","0000162027","Pasquotank County","A","+36264968","-076261902","06",19225,11597,107,127,0,217,13,0,0,12
"G3701410","1990","NC",,,,,,,,,,,"99","Pender","141",,,"5","9999",,,,"9999","3","North Carolina","37",,,,,"0002255159","0000160503","Pender County","A","+34510260","-077887412","06",19723,8743,132,51,10,59,28,0,2,107
"G3701430","1990","NC",,,,,,,,,,,"99","Perquimans","143",,,"5","9999",,,,"9999","3","North Carolina","37",,,,,"0000640211","0000211768","Perquimans County","A","+36181163","-076413974","06",6951,3406,50,12,0,0,14,0,0,14
"G3701450","1990","NC",,,,,,,,,,,"99","Person","145",,,"5","9999",,,,"9999","3","North Carolina","37",,,,,"0001016170","0000030456","Person County","A","+36392005","-078976731","06",20718,9092,270,0,10,59,3,0,0,28
"G3701470","1990","NC",,,,,,,,,,,"99","Pitt","147",,,"5","9999",,,,"9999","3","North Carolina","37",,,,,"0001687701","0000008267","Pitt County","A","+35590834","-077376724","06",70607,35919,124,690,9,278,59,0,7,231
"G3701490","1990","NC",,,,,,,,,,,"99","Polk","149",,,"5","9999",,,,"9999","3","North Carolina","37",,,,,"0000615999","0000001933","Polk County","A","+35277434","-082166223","06",13204,1050,14,40,2,79,0,0,0,27
"G3701510","1990","NC",,,,,,,,,,,"99","Randolph","151",,,"5","3120",,,,"9999","3","North Carolina","37",,,,,"0002039544","0000006487","Randolph County","A","+35710853","-079806454","06",98871,6169,408,548,34,270,12,33,6,195
"G3701530","1990","NC",,,,,,,,,,,"99","Richmond","153",,,"5","9999",,,,"9999","3","North Carolina","37",,,,,"0001227766","0000014504","Richmond County","A","+35002992","-079746604","06",30721,12863,547,74,6,104,25,0,13,165
"G3701550","1990","NC",,,,,,,,,,,"99","Robeson","155",,,"5","9999",,,,"9999","3","North Carolina","37",,,,,"0002457654","0000005630","Robeson County","A","+34640290","-079107083","06",37937,26204,40305,116,0,115,27,249,0,226
"G3701570","1990","NC",,,,,,,,,,,"99","Rockingham","157",,,"5","9999",,,,"9999","3","North Carolina","37",,,,,"0001467166","0000015228","Rockingham County","A","+36395222","-079777045","06",67556,17532,227,159,4,353,11,28,0,194
"G3701590","1990","NC",,,,,,,,,,,"99","Rowan","159",,,"5","1520",,,,"9999","3","North Carolina","37",,,,,"0001324532","0000032352","Rowan County","A","+35635940","-080522881","06",91589,17626,465,338,8,371,55,20,2,131
"G3701610","1990","NC",,,,,,,,,,,"99","Rutherford","161",,,"5","9999",,,,"9999","3","North Carolina","37",,,,,"0001461330","0000004561","Rutherford County","A","+35399004","-081919825","06",49961,6555,118,27,0,179,0,0,29,49
"G3701630","1990","NC",,,,,,,,,,,"99","Sampson","163",,,"5","9999",,,,"9999","3","North Carolina","37",,,,,"0002448889","0000005168","Sampson County","A","+34991474","-078368650","06",30008,15623,1050,38,0,207,82,0,21,268
"G3701650","1990","NC",,,,,,,,,,,"99","Scotland","165",,,"5","9999",,,,"9999","3","North Carolina","37",,,,,"0000826631","0000003864","Scotland County","A","+34841482","-079480268","06",18944,12110,2276,117,0,176,97,2,23,9
"G3701670","1990","NC",,,,,,,,,,,"99","Stanly","167",,,"5","9999",,,,"9999","3","North Carolina","37",,,,,"0001023305","0000023823","Stanly County","A","+35312435","-080253246","06",45119,5905,139,316,2,137,35,0,0,112
"G3701690","1990","NC",,,,,,,,,,,"99","Stokes","169",,,"5","3120",,,,"9999","3","North Carolina","37",,,,,"0001170296","0000010487","Stokes County","A","+36409127","-080229627","06",34815,2038,40,82,0,167,0,54,2,25
"G3701710","1990","NC",,,,,,,,,,,"99","Surry","171",,,"5","9999",,,,"9999","3","North Carolina","37",,,,,"0001389690","0000003246","Surry County","A","+36415407","-080686903","06",58023,2956,80,30,82,189,5,0,0,339
"G3701730","1990","NC",,,,,,,,,,,"99","Swain","173",,,"5","9999",,,,"9999","3","North Carolina","37",,,,,"0001367858","0000032432","Swain County","A","+35492370","-083492172","06",7966,140,3057,22,0,25,30,10,0,18
"G3701750","1990","NC",,,,,,,,,,,"99","Transylvania","175",,,"5","9999",,,,"9999","3","North Carolina","37",,,,,"0000979927","0000005724","Transylvania County","A","+35198385","-082797132","06",24012,1186,65,77,0,161,4,0,0,15
"G3701770","1990","NC",,,,,,,,,,,"99","Tyrrell","177",,,"5","9999",,,,"9999","3","North Carolina","37",,,,,"0001009930","0000544887","Tyrrell County","A","+35870394","-076165131","06",2278,1546,9,6,0,0,0,0,0,17
"G3701790","1990","NC",,,,,,,,,,,"99","Union","179",,,"5","1520",,,,"9999","3","North Carolina","37",,,,,"0001650918","0000005753","Union County","A","+34988079","-080533324","06",69829,13411,307,180,22,273,18,24,0,147
"G3701810","1990","NC",,,,,,,,,,,"99","Vance","181",,,"5","9999",,,,"9999","3","North Carolina","37",,,,,"0000656683","0000042224","Vance County","A","+36364666","-078405165","06",20965,17536,34,26,0,166,27,4,0,134
"G3701830","1990","NC",,,,,,,,,,,"99","Wake","183",,,"5","6640",,,,"9999","3","North Carolina","37",,,,,"0002159843","0000061089","Wake County","A","+35789933","-078650425","06",321714,87359,1028,8227,158,2831,491,55,57,1460
"G3701850","1990","NC",,,,,,,,,,,"99","Warren","185",,,"5","9999",,,,"9999","3","North Carolina","37",,,,,"0001110461","0000039034","Warren County","A","+36397658","-078097308","06",6588,9851,755,0,0,12,19,0,0,40
"G3701870","1990","NC",,,,,,,,,,,"99","Washington","187",,,"5","9999",,,,"9999","3","North Carolina","37",,,,,"0000900914","0000197908","Washington County","A","+35836810","-076564706","06",7566,6359,0,0,0,9,7,0,0,56
"G3701890","1990","NC",,,,,,,,,,,"99","Watauga","189",,,"5","9999",,,,"9999","3","North Carolina","37",,,,,"0000809489","0000000530","Watauga County","A","+36233549","-081696969","06",35679,789,61,142,0,253,0,0,0,28
"G3701910","1990","NC",,,,,,,,,,,"99","Wayne","191",,,"5","9999",,,,"9999","3","North Carolina","37",,,,,"0001431237","0000010674","Wayne County","A","+35362320","-078004614","06",68524,33724,339,838,46,603,102,13,12,465
"G3701930","1990","NC",,,,,,,,,,,"99","Wilkes","193",,,"5","9999",,,,"9999","3","North Carolina","37",,,,,"0001961207","0000007087","Wilkes County","A","+36203051","-081165682","06",55964,2884,165,145,6,153,0,6,0,70
"G3701950","1990","NC",,,,,,,,,,,"99","Wilson","195",,,"5","9999",,,,"9999","3","North Carolina","37",,,,,"0000961133","0000008272","Wilson County","A","+35704817","-077919105","06",40596,24892,63,74,2,112,18,5,0,299
"G3701970","1990","NC",,,,,,,,,,,"99","Yadkin","197",,,"5","3120",,,,"9999","3","North Carolina","37",,,,,"0000869241","0000004950","Yadkin County","A","+36158264","-080665192","06",28816,1309,39,5,7,97,4,0,0,211
"G3701990","1990","NC",,,,,,,,,,,"99","Yancey","199",,,"5","9999",,,,"9999","3","North Carolina","37",,,,,"0000809243","0000001752","Yancey County","A","+35902682","-082310012","06",15133,197,35,8,0,38,0,0,0,8
"G3800010","1990","ND",,,,,,,,,,,"99","Adams","001",,,"4","9999",,,,"9999","2","North Dakota","38",,,,,"0002558835","0000002389","Adams County","A","+46092879","-102534333","06",3151,0,21,0,0,2,0,0,0,0
"G3800030","1990","ND",,,,,,,,,,,"99","Barnes","003",,,"4","9999",,,,"9999","2","North Dakota","38",,,,,"0003863669","0000055892","Barnes County","A","+46931923","-098069757","06",12375,41,35,23,0,40,0,0,14,17
"G3800050","1990","ND",,,,,,,,,,,"99","Benson","005",,,"4","9999",,,,"9999","2","North Dakota","38",,,,,"0003596407","0000131618","Benson County","A","+48071704","-099361521","06",4396,0,2781,2,4,10,0,0,0,5
"G3800070","1990","ND",,,,,,,,,,,"99","Billings","007",,,"4","9999",,,,"9999","2","North Dakota","38",,,,,"0002982370","0000005119","Billings County","A","+47035300","-103367026","06",1103,0,5,0,0,0,0,0,0,0
"G3800090","1990","ND",,,,,,,,,,,"99","Bottineau","009",,,"4","9999",,,,"9999","2","North Dakota","38",,,,,"0004321864","0000075506","Bottineau County","A","+48791711","-100840699","06",7930,8,37,5,0,28,0,0,0,3
"G3800110","1990","ND",,,,,,,,,,,"99","Bowman","011",,,"4","9999",,,,"9999","2","North Dakota","38",,,,,"0003009784","0000012813","Bowman County","A","+46113386","-103519386","06",3579,0,2,2,5,6,0,0,0,2
"G3800130","1990","ND",,,,,,,,,,,"99","Burke","013",,,"4","9999",,,,"9999","2","North Dakota","38",,,,,"0002858334","0000066642","Burke County","A","+48790330","-102519454","06",2978,0,9,4,0,4,0,0,0,7
"G3800150","1990","ND",,,,,,,,,,,"99","Burleigh","015",,,"4","1010",,,,"9999","2","North Dakota","38",,,,,"0004229933","0000090507","Burleigh County","A","+46977379","-100471829","06",58057,70,1358,295,17,159,0,25,7,143
"G3800170","1990","ND",,,,,,,,,,,"99","Cass","017",,,"4","2520",,,,"9999","2","North Dakota","38",,,,,"0004573291","0000005825","Cass County","A","+46927062","-097252187","06",100157,280,925,792,8,543,24,9,0,136
"G3800190","1990","ND",,,,,,,,,,,"99","Cavalier","019",,,"4","9999",,,,"9999","2","North Dakota","38",,,,,"0003856714","0000054751","Cavalier County","A","+48768447","-098463027","06",6018,5,37,2,0,2,0,0,0,0
"G3800210","1990","ND",,,,,,,,,,,"99","Dickey","021",,,"4","9999",,,,"9999","2","North Dakota","38",,,,,"0002929549","0000027607","Dickey County","A","+46109445","-098493941","06",6019,6,32,13,0,24,0,0,0,13
"G3800230","1990","ND",,,,,,,,,,,"99","Divide","023",,,"4","9999",,,,"9999","2","North Dakota","38",,,,,"0003261902","0000090167","Divide County","A","+48809270","-103487269","06",2893,2,2,2,0,0,0,0,0,0
"G3800250","1990","ND",,,,,,,,,,,"99","Dunn","025",,,"4","9999",,,,"9999","2","North Dakota","38",,,,,"0005205909","0000187454","Dunn County","A","+47358187","-102615277","06",3629,0,353,2,0,21,0,0,0,0
"G3800270","1990","ND",,,,,,,,,,,"99","Eddy","027",,,"4","9999",,,,"9999","2","North Dakota","38",,,,,"0001637113","0000031520","Eddy County","A","+47723346","-098900015","06",2896,0,45,2,0,6,0,0,0,2
"G3800290","1990","ND",,,,,,,,,,,"99","Emmons","029",,,"4","9999",,,,"9999","2","North Dakota","38",,,,,"0003910865","0000116128","Emmons County","A","+46284744","-100236848","06",4811,0,10,0,0,9,0,0,0,0
"G3800310","1990","ND",,,,,,,,,,,"99","Foster","031",,,"4","9999",,,,"9999","2","North Dakota","38",,,,,"0001645337","0000029752","Foster County","A","+47459774","-098885309","06",3931,0,30,3,0,15,0,0,0,4
"G3800330","1990","ND",,,,,,,,,,,"99","Golden Valley","033",,,"4","9999",,,,"9999","2","North Dakota","38",,,,,"0002595249","0000000971","Golden Valley County","A","+46938518","-103843934","06",2090,0,10,8,0,0,0,0,0,0
"G3800350","1990","ND",,,,,,,,,,,"99","Grand Forks","035",,,"4","2985",,,,"9999","2","North Dakota","38",,,,,"0003724127","0000005240","Grand Forks County","A","+47918883","-097454195","06",66166,1403,1092,890,41,643,6,40,14,388
"G3800370","1990","ND",,,,,,,,,,,"99","Grant","037",,,"4","9999",,,,"9999","2","North Dakota","38",,,,,"0004298274","0000016720","Grant County","A","+46357872","-101638779","06",3491,1,50,0,0,7,0,0,0,0
"G3800390","1990","ND",,,,,,,,,,,"99","Griggs","039",,,"4","9999",,,,"9999","2","North Dakota","38",,,,,"0001835129","0000019856","Griggs County","A","+47463565","-098231555","06",3280,0,18,0,0,5,0,0,0,0
"G3800410","1990","ND",,,,,,,,,,,"99","Hettinger","041",,,"4","9999",,,,"9999","2","North Dakota","38",,,,,"0002932736","0000003759","Hettinger County","A","+46430704","-102455884","06",3427,0,0,14,2,2,0,0,0,0
"G3800430","1990","ND",,,,,,,,,,,"99","Kidder","043",,,"4","9999",,,,"9999","2","North Dakota","38",,,,,"0003500767","0000211490","Kidder County","A","+46976741","-099778937","06",3303,0,0,15,0,14,0,0,0,0
"G3800450","1990","ND",,,,,,,,,,,"99","Lamoure","045",,,"4","9999",,,,"9999","2","North Dakota","38",,,,,"0002971337","0000009402","LaMoure County","A","+46466204","-098530109","06",5359,0,7,3,0,14,0,0,0,0
"G3800470","1990","ND",,,,,,,,,,,"99","Logan","047",,,"4","9999",,,,"9999","2","North Dakota","38",,,,,"0002571130","0000047734","Logan County","A","+46450131","-099476773","06",2841,0,0,0,0,2,0,0,0,4
"G3800490","1990","ND",,,,,,,,,,,"99","McHenry","049",,,"4","9999",,,,"9999","2","North Dakota","38",,,,,"0004854201","0000097426","McHenry County","A","+48232472","-100637482","06",6497,3,4,1,0,6,0,0,14,3
"G3800510","1990","ND",,,,,,,,,,,"99","McIntosh","051",,,"4","9999",,,,"9999","2","North Dakota","38",,,,,"0002525980","0000051393","McIntosh County","A","+46118799","-099439281","06",3994,0,12,11,0,4,0,0,0,0
"G3800530","1990","ND",,,,,,,,,,,"99","McKenzie","053",,,"4","9999",,,,"9999","2","North Dakota","38",,,,,"0007102219","0000307891","McKenzie County","A","+47732829","-103388753","06",5435,2,910,0,0,28,0,8,0,0
"G3800550","1990","ND",,,,,,,,,,,"99","McLean","055",,,"4","9999",,,,"9999","2","North Dakota","38",,,,,"0005466017","0000564196","McLean County","A","+47605422","-101315389","06",9877,0,561,2,2,8,0,2,0,5
"G3800570","1990","ND",,,,,,,,,,,"99","Mercer","057",,,"4","9999",,,,"9999","2","North Dakota","38",,,,,"0002707672","0000173687","Mercer County","A","+47302460","-101816965","06",9493,2,170,33,0,56,0,0,6,48
"G3800590","1990","ND",,,,,,,,,,,"99","Morton","059",,,"4","1010",,,,"9999","2","North Dakota","38",,,,,"0004989447","0000049124","Morton County","A","+46719726","-101278215","06",23250,17,315,69,0,32,0,0,0,17
"G3800610","1990","ND",,,,,,,,,,,"99","Mountrail","061",,,"4","9999",,,,"9999","2","North Dakota","38",,,,,"0004724184","0000303421","Mountrail County","A","+48201592","-102365822","06",5589,3,1392,21,0,6,0,6,0,4
"G3800630","1990","ND",,,,,,,,,,,"99","Nelson","063",,,"4","9999",,,,"9999","2","North Dakota","38",,,,,"0002542563","0000070238","Nelson County","A","+47922206","-098186285","06",4384,5,6,5,0,5,0,0,0,5
"G3800650","1990","ND",,,,,,,,,,,"99","Oliver","065",,,"4","9999",,,,"9999","2","North Dakota","38",,,,,"0001874021","0000019871","Oliver County","A","+47112668","-101345343","06",2323,0,58,0,0,0,0,0,0,0
"G3800670","1990","ND",,,,,,,,,,,"99","Pembina","067",,,"4","9999",,,,"9999","2","North Dakota","38",,,,,"0002897687","0000007734","Pembina County","A","+48768426","-097545607","06",8962,26,154,17,0,11,0,3,0,65
"G3800690","1990","ND",,,,,,,,,,,"99","Pierce","069",,,"4","9999",,,,"9999","2","North Dakota","38",,,,,"0002636388","0000166659","Pierce County","A","+48249461","-099978658","06",5049,0,3,0,0,0,0,0,0,0
"G3800710","1990","ND",,,,,,,,,,,"99","Ramsey","071",,,"4","9999",,,,"9999","2","North Dakota","38",,,,,"0003072336","0000297072","Ramsey County","A","+48251981","-098716228","06",12067,11,585,6,0,12,0,0,0,0
"G3800730","1990","ND",,,,,,,,,,,"99","Ransom","073",,,"4","9999",,,,"9999","2","North Dakota","38",,,,,"0002234631","0000003585","Ransom County","A","+46458866","-097663940","06",5872,7,10,7,2,17,0,0,0,6
"G3800750","1990","ND",,,,,,,,,,,"99","Renville","075",,,"4","9999",,,,"9999","2","North Dakota","38",,,,,"0002265686","0000044881","Renville County","A","+48712854","-101657777","06",3109,2,29,8,0,3,0,0,0,9
"G3800770","1990","ND",,,,,,,,,,,"99","Richland","077",,,"4","9999",,,,"9999","2","North Dakota","38",,,,,"0003721588","0000023036","Richland County","A","+46265335","-096951275","06",17628,16,349,72,2,38,0,41,0,2
"G3800790","1990","ND",,,,,,,,,,,"99","Rolette","079",,,"4","9999",,,,"9999","2","North Dakota","38",,,,,"0002337585","0000095467","Rolette County","A","+48772380","-099838825","06",4219,10,8484,0,2,12,0,23,0,22
"G3800810","1990","ND",,,,,,,,,,,"99","Sargent","081",,,"4","9999",,,,"9999","2","North Dakota","38",,,,,"0002224322","0000021592","Sargent County","A","+46106623","-097629284","06",4533,3,9,0,0,2,0,0,0,2
"G3800830","1990","ND",,,,,,,,,,,"99","Sheridan","083",,,"4","9999",,,,"9999","2","North Dakota","38",,,,,"0002516968","0000088123","Sheridan County","A","+47581277","-100340990","06",2135,0,11,2,0,0,0,0,0,0
"G3800850","1990","ND",,,,,,,,,,,"99","Sioux","085",,,"4","9999",,,,"9999","2","North Dakota","38",,,,,"0002833962","0000088529","Sioux County","A","+46107789","-101048926","06",905,14,2800,7,0,1,0,34,0,0
"G3800870","1990","ND",,,,,,,,,,,"99","Slope","087",,,"4","9999",,,,"9999","2","North Dakota","38",,,,,"0003154525","0000003376","Slope County","A","+46452768","-103457908","06",907,0,0,0,0,0,0,0,0,0
"G3800890","1990","ND",,,,,,,,,,,"99","Stark","089",,,"4","9999",,,,"9999","2","North Dakota","38",,,,,"0003466074","0000005959","Stark County","A","+46813207","-102664071","06",22583,12,111,56,0,49,0,13,0,8
"G3800910","1990","ND",,,,,,,,,,,"99","Steele","091",,,"4","9999",,,,"9999","2","North Dakota","38",,,,,"0001845144","0000008107","Steele County","A","+47458286","-097718683","06",2415,0,0,0,0,2,0,0,0,3
"G3800930","1990","ND",,,,,,,,,,,"99","Stutsman","093",,,"4","9999",,,,"9999","2","North Dakota","38",,,,,"0005753672","0000199071","Stutsman County","A","+46979177","-098955015","06",21903,56,135,68,0,43,23,0,0,13
"G3800950","1990","ND",,,,,,,,,,,"99","Towner","095",,,"4","9999",,,,"9999","2","North Dakota","38",,,,,"0002655694","0000042087","Towner County","A","+48688157","-099247131","06",3573,4,50,0,0,0,0,0,0,0
"G3800970","1990","ND",,,,,,,,,,,"99","Traill","097",,,"4","9999",,,,"9999","2","North Dakota","38",,,,,"0002232433","0000001675","Traill County","A","+47447328","-097166212","06",8565,3,49,35,7,28,0,0,0,65
"G3800990","1990","ND",,,,,,,,,,,"99","Walsh","099",,,"4","9999",,,,"9999","2","North Dakota","38",,,,,"0003320391","0000031513","Walsh County","A","+48372875","-097722817","06",13324,40,92,52,0,177,0,0,0,155
"G3801010","1990","ND",,,,,,,,,,,"99","Ward","101",,,"4","9999",,,,"9999","2","North Dakota","38",,,,,"0005213647","0000112321","Ward County","A","+48224255","-101545197","06",54058,1337,968,500,83,444,73,22,58,378
"G3801030","1990","ND",,,,,,,,,,,"99","Wells","103",,,"4","9999",,,,"9999","2","North Dakota","38",,,,,"0003292809","0000050100","Wells County","A","+47580840","-099671067","06",5838,4,6,10,0,0,0,0,0,6
"G3801050","1990","ND",,,,,,,,,,,"99","Williams","105",,,"4","9999",,,,"9999","2","North Dakota","38",,,,,"0005362733","0000200796","Williams County","A","+48347291","-103477221","06",20069,0,935,12,0,31,0,12,0,70
"G3900010","1990","OH",,,,,,,,,,,"99","Adams","001",,,"3","9999",,,,"9999","2","Ohio","39",,,,,"0001512432","0000004861","Adams County","A","+38843296","-083477769","06",25227,23,65,13,3,31,0,0,0,9
"G3900030","1990","OH",,,,,,,,,,,"99","Allen","003",,,"3","4320",,,,"9999","2","Ohio","39",,,,,"0001047552","0000006360","Allen County","A","+40770280","-084106099","06",95842,12200,226,510,69,484,35,0,0,389
"G3900050","1990","OH",,,,,,,,,,,"99","Ashland","005",,,"3","9999",,,,"9999","2","Ohio","39",,,,,"0001099169","0000006405","Ashland County","A","+40843012","-082272140","06",46496,411,69,267,11,160,46,0,0,47
"G3900070","1990","OH",,,,,,,,,,,"99","Ashtabula","007",,,"3","9999",,,,"9999","2","Ohio","39",,,,,"0001819996","0001725082","Ashtabula County","A","+41890073","-080755929","06",94718,2896,222,331,122,940,5,8,0,579
"G3900090","1990","OH",,,,,,,,,,,"99","Athens","009",,,"3","9999",,,,"9999","2","Ohio","39",,,,,"0001312600","0000004616","Athens County","A","+39333812","-082046097","06",55866,1676,170,1314,54,334,41,0,5,89
"G3900110","1990","OH",,,,,,,,,,,"99","Auglaize","011",,,"3","4320",,,,"9999","2","Ohio","39",,,,,"0001039293","0000001209","Auglaize County","A","+40561253","-084223844","06",44178,52,49,60,12,173,2,8,2,49
"G3900130","1990","OH",,,,,,,,,,,"99","Belmont","013",,,"3","9000",,,,"9999","2","Ohio","39",,,,,"0001391618","0000010627","Belmont County","A","+40017551","-080987417","06",69387,1191,121,188,97,75,0,0,0,15
"G3900150","1990","OH",,,,,,,,,,,"99","Brown","015",,,"3","9999",,,,"9999","2","Ohio","39",,,,,"0001273760","0000008953","Brown County","A","+38932813","-083867153","06",34483,332,64,63,1,15,3,0,0,5
"G3900170","1990","OH",,,,,,,,,,,"21","Butler","017",,,"3","1642",,,,"3200","2","Ohio","39",,,,,"0001210328","0000007591","Butler County","A","+39438400","-084577398","06",274286,12872,435,2340,86,995,75,7,48,335
"G3900190","1990","OH",,,,,,,,,,,"99","Carroll","019",,,"3","1320",,,,"9999","2","Ohio","39",,,,,"0001022240","0000011228","Carroll County","A","+40579814","-081091262","06",26181,110,59,31,8,61,0,0,0,71
"G3900210","1990","OH",,,,,,,,,,,"99","Champaign","021",,,"3","9999",,,,"9999","2","Ohio","39",,,,,"0001110061","0000002970","Champaign County","A","+40141414","-083768165","06",34685,900,86,128,0,160,0,0,0,60
"G3900230","1990","OH",,,,,,,,,,,"99","Clark","023",,,"3","2000",,,,"9999","2","Ohio","39",,,,,"0001036054","0000009851","Clark County","A","+39917000","-083783722","06",132588,13146,242,661,103,508,78,11,26,185
"G3900250","1990","OH",,,,,,,,,,,"21","Clermont","025",,,"3","1642",,,,"1640","2","Ohio","39",,,,,"0001170821","0000014723","Clermont County","A","+39052324","-084150453","06",147293,1246,318,503,30,662,0,5,0,130
"G3900270","1990","OH",,,,,,,,,,,"99","Clinton","027",,,"3","9999",,,,"9999","2","Ohio","39",,,,,"0001064232","0000003642","Clinton County","A","+39411261","-083807878","06",34475,716,39,63,6,90,4,0,0,22
"G3900290","1990","OH",,,,,,,,,,,"99","Columbiana","029",,,"3","9999",,,,"9999","2","Ohio","39",,,,,"0001379250","0000006970","Columbiana County","A","+40769112","-080776727","06",106008,1344,183,232,20,377,8,4,0,100
"G3900310","1990","OH",,,,,,,,,,,"99","Coshocton","031",,,"3","9999",,,,"9999","2","Ohio","39",,,,,"0001461107","0000009002","Coshocton County","A","+40301931","-081915091","06",34712,466,76,96,5,72,0,0,0,0
"G3900330","1990","OH",,,,,,,,,,,"99","Crawford","033",,,"3","9999",,,,"9999","2","Ohio","39",,,,,"0001042030","0000001345","Crawford County","A","+40849353","-082923687","06",47311,153,89,119,0,163,0,6,0,29
"G3900350","1990","OH",,,,,,,,,,,"28","Cuyahoga","035",,,"3","1692",,,,"1680","2","Ohio","39",,,,,"0001186945","0002039212","Cuyahoga County","A","+41535933","-081659700","06",1012219,348208,2578,17573,1173,13381,1708,143,263,14894
"G3900370","1990","OH",,,,,,,,,,,"99","Darke","037",,,"3","9999",,,,"9999","2","Ohio","39",,,,,"0001553788","0000001198","Darke County","A","+40134201","-084622267","06",52694,291,94,178,13,214,0,30,11,94
"G3900390","1990","OH",,,,,,,,,,,"99","Defiance","039",,,"3","9999",,,,"9999","2","Ohio","39",,,,,"0001065050","0000007747","Defiance County","A","+41320857","-084487509","06",35919,576,69,52,12,1081,14,0,10,1617
"G3900410","1990","OH",,,,,,,,,,,"99","Delaware","041",,,"3","1840",,,,"9999","2","Ohio","39",,,,,"0001146168","0000034844","Delaware County","A","+40278272","-083007427","06",64707,1467,74,399,20,165,0,0,19,78
"G3900430","1990","OH",,,,,,,,,,,"99","Erie","043",,,"3","9999",,,,"9999","2","Ohio","39",,,,,"0000659151","0000961614","Erie County","A","+41512729","-082614102","06",69207,6210,147,238,62,686,35,0,0,194
"G3900450","1990","OH",,,,,,,,,,,"99","Fairfield","045",,,"3","1840",,,,"9999","2","Ohio","39",,,,,"0001309864","0000007368","Fairfield County","A","+39745644","-082628052","06",101169,1148,231,401,16,302,74,7,0,113
"G3900470","1990","OH",,,,,,,,,,,"99","Fayette","047",,,"3","9999",,,,"9999","2","Ohio","39",,,,,"0001053121","0000001287","Fayette County","A","+39564719","-083450830","06",26517,657,44,125,41,28,6,0,0,48
"G3900490","1990","OH",,,,,,,,,,,"99","Franklin","049",,,"3","1840",,,,"9999","2","Ohio","39",,,,,"0001398517","0000008755","Franklin County","A","+39969700","-083009799","06",779079,152166,2044,18768,1222,4921,673,106,142,2316
"G3900510","1990","OH",,,,,,,,,,,"99","Fulton","051",,,"3","8400",,,,"9999","2","Ohio","39",,,,,"0001053667","0000001395","Fulton County","A","+41596538","-084124544","06",36505,81,55,150,10,592,36,0,0,1069
"G3900530","1990","OH",,,,,,,,,,,"99","Gallia","053",,,"3","9999",,,,"9999","2","Ohio","39",,,,,"0001214185","0000006120","Gallia County","A","+38825385","-082320026","06",29735,888,46,161,21,42,19,0,0,42
"G3900550","1990","OH",,,,,,,,,,,"28","Geauga","055",,,"3","1692",,,,"1680","2","Ohio","39",,,,,"0001046740","0000011842","Geauga County","A","+41498752","-081172537","06",79397,963,108,396,17,194,0,0,36,18
"G3900570","1990","OH",,,,,,,,,,,"99","Greene","057",,,"3","2000",,,,"9999","2","Ohio","39",,,,,"0001074631","0000003425","Greene County","A","+39694616","-083886488","06",123239,9543,414,2072,183,787,98,10,27,358
"G3900590","1990","OH",,,,,,,,,,,"99","Guernsey","059",,,"3","9999",,,,"9999","2","Ohio","39",,,,,"0001352090","0000016276","Guernsey County","A","+40049355","-081495979","06",38214,564,71,67,0,83,0,0,9,16
"G3900610","1990","OH",,,,,,,,,,,"21","Hamilton","061",,,"3","1642",,,,"1640","2","Ohio","39",,,,,"0001055146","0000014034","Hamilton County","A","+39196451","-084541524","06",670385,180423,986,8810,795,3104,434,125,233,933
"G3900630","1990","OH",,,,,,,,,,,"99","Hancock","063",,,"3","9999",,,,"9999","2","Ohio","39",,,,,"0001376308","0000005807","Hancock County","A","+40998346","-083665018","06",62821,646,83,442,10,738,36,6,38,716
"G3900650","1990","OH",,,,,,,,,,,"99","Hardin","065",,,"3","9999",,,,"9999","2","Ohio","39",,,,,"0001218091","0000000635","Hardin County","A","+40660679","-083663687","06",30590,184,77,109,9,86,6,32,0,18
"G3900670","1990","OH",,,,,,,,,,,"99","Harrison","067",,,"3","9999",,,,"9999","2","Ohio","39",,,,,"0001045238","0000018767","Harrison County","A","+40292840","-081092565","06",15614,400,7,18,5,36,0,0,0,5
"G3900690","1990","OH",,,,,,,,,,,"99","Henry","069",,,"3","9999",,,,"9999","2","Ohio","39",,,,,"0001078820","0000008990","Henry County","A","+41332796","-084068597","06",27638,109,58,72,12,491,0,3,11,714
"G3900710","1990","OH",,,,,,,,,,,"99","Highland","071",,,"3","9999",,,,"9999","2","Ohio","39",,,,,"0001433114","0000011811","Highland County","A","+39184030","-083604085","06",34678,728,88,112,0,105,0,3,0,14
"G3900730","1990","OH",,,,,,,,,,,"99","Hocking","073",,,"3","9999",,,,"9999","2","Ohio","39",,,,,"0001094991","0000002173","Hocking County","A","+39496579","-082475783","06",25132,153,97,50,26,69,0,0,0,6
"G3900750","1990","OH",,,,,,,,,,,"99","Holmes","075",,,"3","9999",,,,"9999","2","Ohio","39",,,,,"0001095599","0000002664","Holmes County","A","+40561116","-081929128","06",32735,13,18,42,0,28,0,0,0,13
"G3900770","1990","OH",,,,,,,,,,,"99","Huron","077",,,"3","9999",,,,"9999","2","Ohio","39",,,,,"0001277142","0000004753","Huron County","A","+41150165","-082601847","06",54469,593,141,226,7,490,8,0,0,306
"G3900790","1990","OH",,,,,,,,,,,"99","Jackson","079",,,"3","9999",,,,"9999","2","Ohio","39",,,,,"0001088578","0000003159","Jackson County","A","+39020616","-082621663","06",29904,178,83,51,0,2,2,0,0,10
"G3900810","1990","OH",,,,,,,,,,,"99","Jefferson","081",,,"3","8080",,,,"9999","2","Ohio","39",,,,,"0001060954","0000003255","Jefferson County","A","+40382728","-080761686","06",75056,4410,246,182,13,313,0,7,0,71
"G3900830","1990","OH",,,,,,,,,,,"99","Knox","083",,,"3","9999",,,,"9999","2","Ohio","39",,,,,"0001365325","0000006242","Knox County","A","+40398535","-082421969","06",46634,512,67,148,21,68,5,0,0,18
"G3900850","1990","OH",,,,,,,,,,,"28","Lake","085",,,"3","1692",,,,"1680","2","Ohio","39",,,,,"0000591124","0001944546","Lake County","A","+41816100","-081241142","06",208805,3428,312,1446,28,1259,24,21,25,151
"G3900870","1990","OH",,,,,,,,,,,"99","Lawrence","087",,,"3","3400",,,,"9999","2","Ohio","39",,,,,"0001179614","0000004801","Lawrence County","A","+38594016","-082536254","06",60001,1571,50,103,0,85,0,0,0,24
"G3900890","1990","OH",,,,,,,,,,,"99","Licking","089",,,"3","1840",,,,"9999","2","Ohio","39",,,,,"0001778087","0000004859","Licking County","A","+40090900","-082481737","06",124847,2083,229,418,106,445,0,12,0,160
"G3900910","1990","OH",,,,,,,,,,,"99","Logan","091",,,"3","9999",,,,"9999","2","Ohio","39",,,,,"0001187452","0000021584","Logan County","A","+40387097","-083770366","06",41079,827,92,238,5,56,4,0,0,9
"G3900930","1990","OH",,,,,,,,,,,"28","Lorain","093",,,"3","1692",,,,"4440","2","Ohio","39",,,,,"0001275762","0001115037","Lorain County","A","+41466200","-082154196","06",233156,20625,686,1204,135,8690,513,24,35,6058
"G3900950","1990","OH",,,,,,,,,,,"99","Lucas","095",,,"3","8400",,,,"9999","2","Ohio","39",,,,,"0000881629","0000570441","Lucas County","A","+41678167","-083497155","06",373639,67920,1004,4767,478,7061,553,58,30,6851
"G3900970","1990","OH",,,,,,,,,,,"99","Madison","097",,,"3","1840",,,,"9999","2","Ohio","39",,,,,"0001204991","0000001873","Madison County","A","+39896820","-083401323","06",33796,2830,107,163,18,119,0,6,0,29
"G3900990","1990","OH",,,,,,,,,,,"99","Mahoning","099",,,"3","9320",,,,"9999","2","Ohio","39",,,,,"0001075546","0000021057","Mahoning County","A","+41017147","-080772601","06",218438,39152,462,907,217,2677,367,18,15,2553
"G3901010","1990","OH",,,,,,,,,,,"99","Marion","101",,,"3","9999",,,,"9999","2","Ohio","39",,,,,"0001046003","0000000787","Marion County","A","+40585721","-083160746","06",60520,2531,204,355,30,427,53,0,9,145
"G3901030","1990","OH",,,,,,,,,,,"28","Medina","103",,,"3","1692",,,,"1680","2","Ohio","39",,,,,"0001091834","0000004072","Medina County","A","+41117833","-081901405","06",119906,906,234,612,48,533,0,0,25,90
"G3901050","1990","OH",,,,,,,,,,,"99","Meigs","105",,,"3","9999",,,,"9999","2","Ohio","39",,,,,"0001112283","0000007655","Meigs County","A","+39075823","-082019038","06",22707,131,75,27,0,44,0,0,0,3
"G3901070","1990","OH",,,,,,,,,,,"99","Mercer","107",,,"3","9999",,,,"9999","2","Ohio","39",,,,,"0001199910","0000025978","Mercer County","A","+40541993","-084629032","06",38973,12,81,74,11,105,0,15,0,172
"G3901090","1990","OH",,,,,,,,,,,"99","Miami","109",,,"3","2000",,,,"9999","2","Ohio","39",,,,,"0001054203","0000005595","Miami County","A","+40053520","-084228387","06",90172,1737,242,615,45,298,0,8,0,65
"G3901110","1990","OH",,,,,,,,,,,"99","Monroe","111",,,"3","9999",,,,"9999","2","Ohio","39",,,,,"0001179899","0000004964","Monroe County","A","+39729247","-081079816","06",15366,91,26,2,0,12,0,0,0,0
"G3901130","1990","OH",,,,,,,,,,,"99","Montgomery","113",,,"3","2000",,,,"9999","2","Ohio","39",,,,,"0001195815","0000006953","Montgomery County","A","+39752100","-084290229","06",461253,101390,1232,5158,623,2738,360,35,111,909
"G3901150","1990","OH",,,,,,,,,,,"99","Morgan","115",,,"3","9999",,,,"9999","2","Ohio","39",,,,,"0001081834","0000010837","Morgan County","A","+39612958","-081850797","06",13511,574,70,20,9,8,0,0,0,2
"G3901170","1990","OH",,,,,,,,,,,"99","Morrow","117",,,"3","9999",,,,"9999","2","Ohio","39",,,,,"0001050361","0000004747","Morrow County","A","+40525913","-082797934","06",27478,51,65,36,0,101,0,0,0,18
"G3901190","1990","OH",,,,,,,,,,,"99","Muskingum","119",,,"3","9999",,,,"9999","2","Ohio","39",,,,,"0001721428","0000020630","Muskingum County","A","+39965646","-081946898","06",77993,3343,282,213,76,99,31,9,0,22
"G3901210","1990","OH",,,,,,,,,,,"99","Noble","121",,,"3","9999",,,,"9999","2","Ohio","39",,,,,"0001033460","0000014464","Noble County","A","+39766920","-081453275","06",11294,2,34,6,0,0,0,0,0,0
"G3901230","1990","OH",,,,,,,,,,,"99","Ottawa","123",,,"3","9999",,,,"9999","2","Ohio","39",,,,,"0000660698","0000946159","Ottawa County","A","+41593455","-083056788","06",38014,423,88,59,5,919,0,0,6,515
"G3901250","1990","OH",,,,,,,,,,,"99","Paulding","125",,,"3","9999",,,,"9999","2","Ohio","39",,,,,"0001078165","0000006832","Paulding County","A","+41117567","-084577226","06",19721,156,49,4,4,240,7,15,0,292
"G3901270","1990","OH",,,,,,,,,,,"99","Perry","127",,,"3","9999",,,,"9999","2","Ohio","39",,,,,"0001061989","0000006684","Perry County","A","+39735104","-082236075","06",31293,69,74,22,0,90,0,0,9,0
"G3901290","1990","OH",,,,,,,,,,,"99","Pickaway","129",,,"3","1840",,,,"9999","2","Ohio","39",,,,,"0001300587","0000012138","Pickaway County","A","+39639560","-083032285","06",44744,2970,121,99,5,140,52,12,0,112
"G3901310","1990","OH",,,,,,,,,,,"99","Pike","131",,,"3","9999",,,,"9999","2","Ohio","39",,,,,"0001143535","0000006363","Pike County","A","+39083659","-083072020","06",23795,359,47,14,0,34,0,0,0,0
"G3901330","1990","OH",,,,,,,,,,,"28","Portage","133",,,"3","1692",,,,"0080","2","Ohio","39",,,,,"0001275360","0000038123","Portage County","A","+41171000","-081197599","06",136350,3784,300,1149,60,672,68,31,14,157
"G3901350","1990","OH",,,,,,,,,,,"99","Preble","135",,,"3","9999",,,,"9999","2","Ohio","39",,,,,"0001100310","0000003940","Preble County","A","+39742384","-084652255","06",39699,138,52,59,32,119,0,0,0,14
"G3901370","1990","OH",,,,,,,,,,,"99","Putnam","137",,,"3","9999",,,,"9999","2","Ohio","39",,,,,"0001253330","0000000943","Putnam County","A","+41022141","-084128383","06",32431,18,35,21,2,769,1,9,0,533
"G3901390","1990","OH",,,,,,,,,,,"99","Richland","139",,,"3","4800",,,,"9999","2","Ohio","39",,,,,"0001287325","0000008608","Richland County","A","+40775350","-082536025","06",114521,9744,197,675,95,668,67,0,0,170
"G3901410","1990","OH",,,,,,,,,,,"99","Ross","141",,,"3","9999",,,,"9999","2","Ohio","39",,,,,"0001783092","0000011776","Ross County","A","+39328618","-083059872","06",63929,4456,148,368,28,279,56,0,0,66
"G3901430","1990","OH",,,,,,,,,,,"99","Sandusky","143",,,"3","9999",,,,"9999","2","Ohio","39",,,,,"0001059837","0000022260","Sandusky County","A","+41356640","-083145322","06",56733,1540,89,86,12,1515,12,0,0,1976
"G3901450","1990","OH",,,,,,,,,,,"99","Scioto","145",,,"3","9999",,,,"9999","2","Ohio","39",,,,,"0001585919","0000009832","Scioto County","A","+38806229","-082987386","06",76912,2567,462,129,0,203,6,5,11,32
"G3901470","1990","OH",,,,,,,,,,,"99","Seneca","147",,,"3","9999",,,,"9999","2","Ohio","39",,,,,"0001426118","0000004611","Seneca County","A","+41126893","-083125553","06",56464,1055,117,311,37,814,3,15,0,917
"G3901490","1990","OH",,,,,,,,,,,"99","Shelby","149",,,"3","9999",,,,"9999","2","Ohio","39",,,,,"0001060097","0000004556","Shelby County","A","+40328870","-084204745","06",43820,613,23,289,29,102,6,2,0,31
"G3901510","1990","OH",,,,,,,,,,,"99","Stark","151",,,"3","1320",,,,"9999","2","Ohio","39",,,,,"0001492295","0000012339","Stark County","A","+40814050","-081365774","06",337795,24516,940,1649,264,2047,130,26,3,215
"G3901530","1990","OH",,,,,,,,,,,"28","Summit","153",,,"3","1692",,,,"0080","2","Ohio","39",,,,,"0001069162","0000018889","Summit County","A","+41129651","-081532341","06",445025,60725,1046,4855,437,2149,159,85,34,475
"G3901550","1990","OH",,,,,,,,,,,"99","Trumbull","155",,,"3","9320",,,,"9999","2","Ohio","39",,,,,"0001595020","0000047241","Trumbull County","A","+41315261","-080755132","06",209922,15127,384,989,264,908,52,0,0,167
"G3901570","1990","OH",,,,,,,,,,,"99","Tuscarawas","157",,,"3","9999",,,,"9999","2","Ohio","39",,,,,"0001470150","0000010101","Tuscarawas County","A","+40446309","-081473953","06",82712,647,227,199,0,283,0,0,11,11
"G3901590","1990","OH",,,,,,,,,,,"99","Union","159",,,"3","1840",,,,"9999","2","Ohio","39",,,,,"0001130995","0000000843","Union County","A","+40305099","-083374523","06",30452,1099,101,201,13,75,15,0,0,13
"G3901610","1990","OH",,,,,,,,,,,"99","Van Wert","161",,,"3","9999",,,,"9999","2","Ohio","39",,,,,"0001062186","0000001036","Van Wert County","A","+40855603","-084585647","06",29669,189,41,70,18,262,0,0,2,213
"G3901630","1990","OH",,,,,,,,,,,"99","Vinton","163",,,"3","9999",,,,"9999","2","Ohio","39",,,,,"0001072541","0000002279","Vinton County","A","+39250218","-082485640","06",11039,1,41,0,0,9,0,0,0,8
"G3901650","1990","OH",,,,,,,,,,,"21","Warren","165",,,"3","1642",,,,"1640","2","Ohio","39",,,,,"0001035678","0000018819","Warren County","A","+39429839","-084167334","06",109864,2401,357,663,36,511,21,4,0,52
"G3901670","1990","OH",,,,,,,,,,,"99","Washington","167",,,"3","6020",,,,"9999","2","Ohio","39",,,,,"0001645280","0000012799","Washington County","A","+39460344","-081494182","06",60995,718,104,221,59,143,0,0,0,14
"G3901690","1990","OH",,,,,,,,,,,"99","Wayne","169",,,"3","9999",,,,"9999","2","Ohio","39",,,,,"0001438485","0000002443","Wayne County","A","+40829618","-081889985","06",98661,1687,143,457,35,396,17,16,0,49
"G3901710","1990","OH",,,,,,,,,,,"99","Williams","171",,,"3","9999",,,,"9999","2","Ohio","39",,,,,"0001092448","0000003326","Williams County","A","+41564595","-084584619","06",36027,46,12,129,0,461,0,3,5,273
"G3901730","1990","OH",,,,,,,,,,,"99","Wood","173",,,"3","8400",,,,"9999","2","Ohio","39",,,,,"0001599015","0000008298","Wood County","A","+41361006","-083622380","06",108394,1084,233,1088,45,1156,10,10,27,1222
"G3901750","1990","OH",,,,,,,,,,,"99","Wyandot","175",,,"3","9999",,,,"9999","2","Ohio","39",,,,,"0001050606","0000005202","Wyandot County","A","+40847753","-083303441","06",22056,6,14,55,0,25,5,0,0,93
"G4000010","1990","OK",,,,,,,,,,,"99","Adair","001",,,"7","9999",,,,"9999","3","Oklahoma","40",,,,,"0001491070","0000003523","Adair County","A","+35878036","-094658226","06",10176,3,8009,7,5,58,0,76,0,87
"G4000030","1990","OK",,,,,,,,,,,"99","Alfalfa","003",,,"7","9999",,,,"9999","3","Oklahoma","40",,,,,"0002244773","0000038319","Alfalfa County","A","+36731338","-098323046","06",5902,203,169,14,12,38,0,25,0,53
"G4000050","1990","OK",,,,,,,,,,,"99","Atoka","005",,,"7","9999",,,,"9999","3","Oklahoma","40",,,,,"0002533948","0000030273","Atoka County","A","+34379391","-096046294","06",10382,753,1560,3,0,24,7,27,0,22
"G4000070","1990","OK",,,,,,,,,,,"99","Beaver","007",,,"7","9999",,,,"9999","3","Oklahoma","40",,,,,"0004699452","0000008346","Beaver County","A","+36752961","-100480776","06",5672,1,83,6,3,76,0,0,0,182
"G4000090","1990","OK",,,,,,,,,,,"99","Beckham","009",,,"7","9999",,,,"9999","3","Oklahoma","40",,,,,"0002335866","0000005978","Beckham County","A","+35264820","-099688986","06",17406,365,357,50,0,161,0,6,0,467
"G4000110","1990","OK",,,,,,,,,,,"99","Blaine","011",,,"7","9999",,,,"9999","3","Oklahoma","40",,,,,"0002405010","0000026840","Blaine County","A","+35877489","-098427986","06",9758,495,943,12,12,86,5,15,12,132
"G4000130","1990","OK",,,,,,,,,,,"99","Bryan","013",,,"7","9999",,,,"9999","3","Oklahoma","40",,,,,"0002353924","0000089706","Bryan County","A","+33970162","-096254831","06",26571,417,4464,156,19,264,0,25,7,166
"G4000150","1990","OK",,,,,,,,,,,"99","Caddo","015",,,"7","9999",,,,"9999","3","Oklahoma","40",,,,,"0003311127","0000031024","Caddo County","A","+35182336","-098380745","06",21017,793,6300,103,5,295,0,377,13,647
"G4000170","1990","OK",,,,,,,,,,,"99","Canadian","017",,,"7","5880",,,,"9999","3","Oklahoma","40",,,,,"0002330721","0000013859","Canadian County","A","+35539318","-097980893","06",66712,1757,3148,1130,37,838,38,78,57,614
"G4000190","1990","OK",,,,,,,,,,,"99","Carter","019",,,"7","9999",,,,"9999","3","Oklahoma","40",,,,,"0002133780","0000025710","Carter County","A","+34249137","-097286756","06",34943,3291,3512,125,0,457,151,102,0,338
"G4000210","1990","OK",,,,,,,,,,,"99","Cherokee","021",,,"7","9999",,,,"9999","3","Oklahoma","40",,,,,"0001945318","0000065697","Cherokee County","A","+35905744","-094998885","06",22022,370,11246,35,10,167,0,142,6,51
"G4000230","1990","OK",,,,,,,,,,,"99","Choctaw","023",,,"7","9999",,,,"9999","3","Oklahoma","40",,,,,"0002004582","0000069287","Choctaw County","A","+34026995","-095553496","06",10875,1963,2270,3,8,111,0,41,0,31
"G4000250","1990","OK",,,,,,,,,,,"99","Cimarron","025",,,"7","9999",,,,"9999","3","Oklahoma","40",,,,,"0004753001","0000015874","Cimarron County","A","+36743901","-102515919","06",2860,0,13,16,0,198,0,18,0,196
"G4000270","1990","OK",,,,,,,,,,,"99","Cleveland","027",,,"7","5880",,,,"9999","3","Oklahoma","40",,,,,"0001388680","0000057562","Cleveland County","A","+35200821","-097328474","06",152082,4804,8671,3851,84,2732,35,281,61,1652
"G4000290","1990","OK",,,,,,,,,,,"99","Coal","029",,,"7","9999",,,,"9999","3","Oklahoma","40",,,,,"0001342266","0000007964","Coal County","A","+34595613","-096300670","06",4748,55,962,2,0,6,0,0,0,7
"G4000310","1990","OK",,,,,,,,,,,"99","Comanche","031",,,"7","4200",,,,"9999","3","Oklahoma","40",,,,,"0002769824","0000037502","Comanche County","A","+34655859","-098463570","06",77331,19622,4766,2790,212,2464,265,312,165,3559
"G4000330","1990","OK",,,,,,,,,,,"99","Cotton","033",,,"7","9999",,,,"9999","3","Oklahoma","40",,,,,"0001649025","0000013738","Cotton County","A","+34284831","-098373904","06",5678,151,487,9,12,52,5,29,0,228
"G4000350","1990","OK",,,,,,,,,,,"99","Craig","035",,,"7","9999",,,,"9999","3","Oklahoma","40",,,,,"0001971233","0000004362","Craig County","A","+36759826","-095217817","06",10761,462,2720,12,0,64,0,7,15,63
"G4000370","1990","OK",,,,,,,,,,,"99","Creek","037",,,"7","8560",,,,"9999","3","Oklahoma","40",,,,,"0002474990","0000036843","Creek County","A","+35901840","-096372290","06",53319,1670,5023,111,10,459,0,94,27,202
"G4000390","1990","OK",,,,,,,,,,,"99","Custer","039",,,"7","9999",,,,"9999","3","Oklahoma","40",,,,,"0002555243","0000040121","Custer County","A","+35635738","-099005288","06",22506,909,1577,271,7,298,0,71,2,1256
"G4000410","1990","OK",,,,,,,,,,,"99","Delaware","041",,,"7","9999",,,,"9999","3","Oklahoma","40",,,,,"0001918542","0000133709","Delaware County","A","+36414563","-094802479","06",20653,45,7037,98,0,115,0,49,15,58
"G4000430","1990","OK",,,,,,,,,,,"99","Dewey","043",,,"7","9999",,,,"9999","3","Oklahoma","40",,,,,"0002590528","0000021059","Dewey County","A","+35993079","-098996491","06",5169,7,288,2,2,16,0,26,0,41
"G4000450","1990","OK",,,,,,,,,,,"99","Ellis","045",,,"7","9999",,,,"9999","3","Oklahoma","40",,,,,"0003183723","0000006993","Ellis County","A","+36214555","-099750152","06",4277,3,79,0,6,67,0,0,0,65
"G4000470","1990","OK",,,,,,,,,,,"99","Garfield","047",,,"7","2340",,,,"9999","3","Oklahoma","40",,,,,"0002741522","0000003888","Garfield County","A","+36378521","-097784521","06",52209,1996,1132,470,9,426,6,87,25,375
"G4000490","1990","OK",,,,,,,,,,,"99","Garvin","049",,,"7","9999",,,,"9999","3","Oklahoma","40",,,,,"0002095729","0000011822","Garvin County","A","+34709442","-097310735","06",23739,720,1873,47,0,145,3,2,0,76
"G4000510","1990","OK",,,,,,,,,,,"99","Grady","051",,,"7","9999",,,,"9999","3","Oklahoma","40",,,,,"0002851717","0000011221","Grady County","A","+35019608","-097887040","06",37385,1503,2076,96,8,288,5,48,0,338
"G4000530","1990","OK",,,,,,,,,,,"99","Grant","053",,,"7","9999",,,,"9999","3","Oklahoma","40",,,,,"0002591620","0000007892","Grant County","A","+36798976","-097789295","06",5497,0,102,10,0,43,0,0,0,37
"G4000550","1990","OK",,,,,,,,,,,"99","Greer","055",,,"7","9999",,,,"9999","3","Oklahoma","40",,,,,"0001656068","0000011150","Greer County","A","+34930896","-099557685","06",5613,452,135,17,9,87,0,0,0,246
"G4000570","1990","OK",,,,,,,,,,,"99","Harmon","057",,,"7","9999",,,,"9999","3","Oklahoma","40",,,,,"0001393066","0000001909","Harmon County","A","+34741972","-099844468","06",2858,277,4,14,0,22,11,0,0,607
"G4000590","1990","OK",,,,,,,,,,,"99","Harper","059",,,"7","9999",,,,"9999","3","Oklahoma","40",,,,,"0002691176","0000005077","Harper County","A","+36782669","-099652312","06",3941,2,35,14,0,30,0,0,0,41
"G4000610","1990","OK",,,,,,,,,,,"99","Haskell","061",,,"7","9999",,,,"9999","3","Oklahoma","40",,,,,"0001494588","0000124924","Haskell County","A","+35225339","-095111182","06",9069,90,1578,3,0,45,0,11,0,144
"G4000630","1990","OK",,,,,,,,,,,"99","Hughes","063",,,"7","9999",,,,"9999","3","Oklahoma","40",,,,,"0002089584","0000020471","Hughes County","A","+35036022","-096256149","06",10396,325,2209,12,0,24,0,22,0,35
"G4000650","1990","OK",,,,,,,,,,,"99","Jackson","065",,,"7","9999",,,,"9999","3","Oklahoma","40",,,,,"0002079123","0000003813","Jackson County","A","+34586674","-099410293","06",22079,2648,404,382,11,1047,58,74,23,2038
"G4000670","1990","OK",,,,,,,,,,,"99","Jefferson","067",,,"7","9999",,,,"9999","3","Oklahoma","40",,,,,"0001965455","0000038901","Jefferson County","A","+34099101","-097840491","06",6308,38,345,26,0,37,0,0,2,254
"G4000690","1990","OK",,,,,,,,,,,"99","Johnston","069",,,"7","9999",,,,"9999","3","Oklahoma","40",,,,,"0001669386","0000035684","Johnston County","A","+34314652","-096655290","06",8087,218,1563,8,0,84,0,23,0,49
"G4000710","1990","OK",,,,,,,,,,,"99","Kay","071",,,"7","9999",,,,"9999","3","Oklahoma","40",,,,,"0002379679","0000068397","Kay County","A","+36814882","-097143581","06",42632,809,3542,176,22,492,0,61,2,320
"G4000730","1990","OK",,,,,,,,,,,"99","Kingfisher","073",,,"7","9999",,,,"9999","3","Oklahoma","40",,,,,"0002338942","0000007666","Kingfisher County","A","+35941949","-097943210","06",12078,318,411,11,6,77,0,0,0,311
"G4000750","1990","OK",,,,,,,,,,,"99","Kiowa","075",,,"7","9999",,,,"9999","3","Oklahoma","40",,,,,"0002628025","0000041593","Kiowa County","A","+34920933","-098980696","06",9448,579,720,71,3,89,22,9,0,406
"G4000770","1990","OK",,,,,,,,,,,"99","Latimer","077",,,"7","9999",,,,"9999","3","Oklahoma","40",,,,,"0001870530","0000017996","Latimer County","A","+34870002","-095241651","06",8482,154,1565,48,0,75,0,9,0,0
"G4000790","1990","OK",,,,,,,,,,,"99","Le Flore","079",,,"7","9999",,,,"9999","3","Oklahoma","40",,,,,"0004107817","0000057265","Le Flore County","A","+34903005","-094701145","06",36550,1106,5079,40,0,335,5,28,0,127
"G4000810","1990","OK",,,,,,,,,,,"99","Lincoln","081",,,"7","9999",,,,"9999","3","Oklahoma","40",,,,,"0002482893","0000018225","Lincoln County","A","+35703034","-096881194","06",26356,775,1708,89,0,96,0,111,0,81
"G4000830","1990","OK",,,,,,,,,,,"99","Logan","083",,,"7","5880",,,,"9999","3","Oklahoma","40",,,,,"0001928598","0000011248","Logan County","A","+35911613","-097453262","06",23464,4014,918,49,31,166,19,6,0,344
"G4000850","1990","OK",,,,,,,,,,,"99","Love","085",,,"7","9999",,,,"9999","3","Oklahoma","40",,,,,"0001334965","0000042900","Love County","A","+33953475","-097248514","06",6883,360,534,27,5,109,0,10,0,229
"G4000870","1990","OK",,,,,,,,,,,"99","McClain","087",,,"7","5880",,,,"9999","3","Oklahoma","40",,,,,"0001475489","0000027168","McClain County","A","+34999599","-097440429","06",20632,197,1471,17,3,265,0,30,0,180
"G4000890","1990","OK",,,,,,,,,,,"99","McCurtain","089",,,"7","9999",,,,"9999","3","Oklahoma","40",,,,,"0004797664","0000127085","McCurtain County","A","+34113228","-094766327","06",24748,3420,4762,81,7,151,17,108,0,139
"G4000910","1990","OK",,,,,,,,,,,"99","McIntosh","091",,,"7","9999",,,,"9999","3","Oklahoma","40",,,,,"0001605855","0000239506","McIntosh County","A","+35375661","-095665740","06",12708,895,3046,22,4,47,0,26,8,23
"G4000930","1990","OK",,,,,,,,,,,"99","Major","093",,,"7","9999",,,,"9999","3","Oklahoma","40",,,,,"0002478150","0000002863","Major County","A","+36311312","-098541893","06",7803,5,143,5,2,18,0,0,0,79
"G4000950","1990","OK",,,,,,,,,,,"99","Marshall","095",,,"7","9999",,,,"9999","3","Oklahoma","40",,,,,"0000961247","0000144642","Marshall County","A","+34025326","-096769483","06",9291,185,1069,18,0,95,0,41,0,130
"G4000970","1990","OK",,,,,,,,,,,"99","Mayes","097",,,"7","9999",,,,"9999","3","Oklahoma","40",,,,,"0001699514","0000070889","Mayes County","A","+36299893","-095236667","06",26850,112,6010,31,3,289,0,8,0,63
"G4000990","1990","OK",,,,,,,,,,,"99","Murray","099",,,"7","9999",,,,"9999","3","Oklahoma","40",,,,,"0001083454","0000017162","Murray County","A","+34486166","-097072616","06",10491,84,1318,0,12,77,0,13,0,47
"G4001010","1990","OK",,,,,,,,,,,"99","Muskogee","101",,,"7","9999",,,,"9999","3","Oklahoma","40",,,,,"0002107922","0000065114","Muskogee County","A","+35609351","-095379437","06",48638,9376,9048,284,42,311,46,44,0,289
"G4001030","1990","OK",,,,,,,,,,,"99","Noble","103",,,"7","9999",,,,"9999","3","Oklahoma","40",,,,,"0001895782","0000027287","Noble County","A","+36388652","-097237596","06",9762,198,907,49,0,42,0,24,0,63
"G4001050","1990","OK",,,,,,,,,,,"99","Nowata","105",,,"7","9999",,,,"9999","3","Oklahoma","40",,,,,"0001463327","0000041282","Nowata County","A","+36793178","-095620470","06",7903,345,1606,2,0,94,0,31,0,11
"G4001070","1990","OK",,,,,,,,,,,"99","Okfuskee","107",,,"7","9999",,,,"9999","3","Oklahoma","40",,,,,"0001618198","0000010763","Okfuskee County","A","+35471468","-096326079","06",7778,1321,2326,10,0,78,2,9,0,27
"G4001090","1990","OK",,,,,,,,,,,"99","Oklahoma","109",,,"7","5880",,,,"9999","3","Oklahoma","40",,,,,"0001836709","0000023903","Oklahoma County","A","+35548500","-097414951","06",452323,87577,23657,11249,270,9911,792,1018,215,12599
"G4001110","1990","OK",,,,,,,,,,,"99","Okmulgee","111",,,"7","9999",,,,"9999","3","Oklahoma","40",,,,,"0001805274","0000013837","Okmulgee County","A","+35643966","-095965546","06",27170,4361,4423,96,13,291,0,17,12,107
"G4001130","1990","OK",,,,,,,,,,,"99","Osage","113",,,"7","8560",,,,"9999","3","Oklahoma","40",,,,,"0005829961","0000137252","Osage County","A","+36631222","-096395836","06",30877,4091,6020,17,0,216,134,141,0,149
"G4001150","1990","OK",,,,,,,,,,,"99","Ottawa","115",,,"7","9999",,,,"9999","3","Oklahoma","40",,,,,"0001220799","0000034748","Ottawa County","A","+36843759","-094810733","06",24478,179,5562,79,0,59,0,19,10,175
"G4001170","1990","OK",,,,,,,,,,,"99","Pawnee","117",,,"7","9999",,,,"9999","3","Oklahoma","40",,,,,"0001474977","0000065865","Pawnee County","A","+36314100","-096696887","06",13734,105,1622,14,3,78,0,6,0,13
"G4001190","1990","OK",,,,,,,,,,,"99","Payne","119",,,"7","9999",,,,"9999","3","Oklahoma","40",,,,,"0001777751","0000027949","Payne County","A","+36078009","-096974496","06",54512,1764,2525,1756,59,485,10,30,0,366
"G4001210","1990","OK",,,,,,,,,,,"99","Pittsburg","121",,,"7","9999",,,,"9999","3","Oklahoma","40",,,,,"0003382542","0000186235","Pittsburg County","A","+34925128","-095748811","06",33485,1554,4779,67,15,267,12,78,24,300
"G4001230","1990","OK",,,,,,,,,,,"99","Pontotoc","123",,,"7","9999",,,,"9999","3","Oklahoma","40",,,,,"0001864043","0000015005","Pontotoc County","A","+34723619","-096694030","06",28023,852,4631,175,3,212,0,38,0,185
"G4001250","1990","OK",,,,,,,,,,,"99","Pottawatomie","125",,,"7","5880",,,,"9999","3","Oklahoma","40",,,,,"0002040625","0000014259","Pottawatomie County","A","+35201997","-096944952","06",49620,1354,6616,226,24,442,0,217,12,249
"G4001270","1990","OK",,,,,,,,,,,"99","Pushmataha","127",,,"7","9999",,,,"9999","3","Oklahoma","40",,,,,"0003619246","0000065966","Pushmataha County","A","+34415152","-095364329","06",9079,136,1667,0,0,85,0,5,0,25
"G4001290","1990","OK",,,,,,,,,,,"99","Roger Mills","129",,,"7","9999",,,,"9999","3","Oklahoma","40",,,,,"0002957638","0000011871","Roger Mills County","A","+35686725","-099703113","06",3909,2,140,0,0,58,0,20,0,18
"G4001310","1990","OK",,,,,,,,,,,"99","Rogers","131",,,"7","8560",,,,"9999","3","Oklahoma","40",,,,,"0001748245","0000094512","Rogers County","A","+36365741","-095602914","06",47060,323,7034,181,2,330,0,98,0,142
"G4001330","1990","OK",,,,,,,,,,,"99","Seminole","133",,,"7","9999",,,,"9999","3","Oklahoma","40",,,,,"0001638236","0000020793","Seminole County","A","+35173411","-096608146","06",18903,1921,4274,31,0,189,0,29,0,65
"G4001350","1990","OK",,,,,,,,,,,"99","Sequoyah","135",,,"7","2720",,,,"9999","3","Oklahoma","40",,,,,"0001745339","0000106316","Sequoyah County","A","+35497561","-094754786","06",25768,802,6954,80,3,98,17,42,0,64
"G4001370","1990","OK",,,,,,,,,,,"99","Stephens","137",,,"7","9999",,,,"9999","3","Oklahoma","40",,,,,"0002271820","0000036368","Stephens County","A","+34478097","-097855732","06",38830,899,1671,191,16,156,0,18,0,518
"G4001390","1990","OK",,,,,,,,,,,"99","Texas","139",,,"7","9999",,,,"9999","3","Oklahoma","40",,,,,"0005276646","0000030184","Texas County","A","+36751898","-101483534","06",14578,45,202,29,0,573,0,42,0,950
"G4001410","1990","OK",,,,,,,,,,,"99","Tillman","141",,,"7","9999",,,,"9999","3","Oklahoma","40",,,,,"0002259475","0000017874","Tillman County","A","+34376696","-098920417","06",7627,944,349,17,39,261,56,22,0,1069
"G4001430","1990","OK",,,,,,,,,,,"99","Tulsa","143",,,"7","8560",,,,"9999","3","Oklahoma","40",,,,,"0001477154","0000043298","Tulsa County","A","+36120000","-095941351","06",411109,49123,24989,6086,272,6669,310,545,112,4126
"G4001450","1990","OK",,,,,,,,,,,"99","Wagoner","145",,,"7","8560",,,,"9999","3","Oklahoma","40",,,,,"0001458329","0000072390","Wagoner County","A","+35958872","-095522791","06",40682,2024,4343,87,3,481,8,61,2,192
"G4001470","1990","OK",,,,,,,,,,,"99","Washington","147",,,"7","9999",,,,"9999","3","Oklahoma","40",,,,,"0001079673","0000018988","Washington County","A","+36722337","-095904266","06",41849,1224,3676,273,30,557,32,80,9,336
"G4001490","1990","OK",,,,,,,,,,,"99","Washita","149",,,"7","9999",,,,"9999","3","Oklahoma","40",,,,,"0002599028","0000014632","Washita County","A","+35289932","-098991939","06",10695,28,277,49,0,179,0,25,4,184
"G4001510","1990","OK",,,,,,,,,,,"99","Woods","151",,,"7","9999",,,,"9999","3","Oklahoma","40",,,,,"0003332418","0000009043","Woods County","A","+36765245","-098861452","06",8729,44,127,17,0,38,0,21,0,127
"G4001530","1990","OK",,,,,,,,,,,"99","Woodward","153",,,"7","9999",,,,"9999","3","Oklahoma","40",,,,,"0003217770","0000009614","Woodward County","A","+36420829","-099260057","06",17872,160,388,66,5,164,0,11,0,310
"G4100010","1990","OR",,,,,,,,,,,"99","Baker","001",,,"9","9999",,,,"9999","4","Oregon","41",,,,,"0007946871","0000052619","Baker County","A","+44711780","-117673520","06",14854,30,115,40,0,218,0,17,0,43
"G4100030","1990","OR",,,,,,,,,,,"99","Benton","003",,,"9","9999",,,,"9999","4","Oregon","41",,,,,"0001752137","0000006501","Benton County","A","+44496872","-123428048","06",64152,588,558,3939,40,910,12,44,45,523
"G4100050","1990","OR",,,,,,,,,,,"79","Clackamas","005",,,"9","6442",,,,"6440","4","Oregon","41",,,,,"0004838896","0000028052","Clackamas County","A","+45192752","-122209616","06",264542,837,1907,4526,70,4447,27,128,160,2206
"G4100070","1990","OR",,,,,,,,,,,"99","Clatsop","007",,,"9","9999",,,,"9999","4","Oregon","41",,,,,"0002142748","0000666896","Clatsop County","A","+46005966","-123711298","06",31718,98,360,375,2,408,5,5,39,291
"G4100090","1990","OR",,,,,,,,,,,"99","Columbia","009",,,"9","9999",,,,"9999","4","Oregon","41",,,,,"0001701032","0000081857","Columbia County","A","+45945866","-123083527","06",35824,39,590,339,8,491,0,3,0,263
"G4100110","1990","OR",,,,,,,,,,,"99","Coos","011",,,"9","9999",,,,"9999","4","Oregon","41",,,,,"0004145402","0000533299","Coos County","A","+43184471","-124092310","06",56567,92,1576,597,0,1079,15,62,18,267
"G4100130","1990","OR",,,,,,,,,,,"99","Crook","013",,,"9","9999",,,,"9999","4","Oregon","41",,,,,"0007716953","0000020804","Crook County","A","+44131686","-120358943","06",13477,11,252,13,0,188,0,57,0,113
"G4100150","1990","OR",,,,,,,,,,,"99","Curry","015",,,"9","9999",,,,"9999","4","Oregon","41",,,,,"0004215049","0000935523","Curry County","A","+42472592","-124229902","06",18331,7,579,84,2,239,0,13,0,72
"G4100170","1990","OR",,,,,,,,,,,"99","Deschutes","017",,,"9","9999",,,,"9999","4","Oregon","41",,,,,"0007817441","0000094904","Deschutes County","A","+43914533","-121224278","06",72064,110,842,466,0,1063,0,78,12,323
"G4100190","1990","OR",,,,,,,,,,,"99","Douglas","019",,,"9","9999",,,,"9999","4","Oregon","41",,,,,"0013045410","0000251800","Douglas County","A","+43287160","-123181133","06",90012,159,1644,727,18,1478,0,64,25,522
"G4100210","1990","OR",,,,,,,,,,,"99","Gilliam","021",,,"9","9999",,,,"9999","4","Oregon","41",,,,,"0003118701","0000048629","Gilliam County","A","+45382978","-120207947","06",1656,0,8,13,0,40,0,0,0,0
"G4100230","1990","OR",,,,,,,,,,,"99","Grant","023",,,"9","9999",,,,"9999","4","Oregon","41",,,,,"0011729640","0000001838","Grant County","A","+44497814","-119003011","06",7556,1,110,11,0,95,0,2,4,74
"G4100250","1990","OR",,,,,,,,,,,"99","Harney","025",,,"9","9999",,,,"9999","4","Oregon","41",,,,,"0026249366","0000238702","Harney County","A","+43070633","-118970858","06",6548,2,247,43,0,136,0,0,3,81
"G4100270","1990","OR",,,,,,,,,,,"99","Hood River","027",,,"9","9999",,,,"9999","4","Oregon","41",,,,,"0001352984","0000029036","Hood River County","A","+45522620","-121639725","06",13581,43,293,277,44,1731,0,17,10,907
"G4100290","1990","OR",,,,,,,,,,,"99","Jackson","029",,,"9","4890",,,,"9999","4","Oregon","41",,,,,"0007214094","0000042930","Jackson County","A","+42420584","-122736577","06",136561,223,2298,1357,56,3327,25,197,58,2287
"G4100310","1990","OR",,,,,,,,,,,"99","Jefferson","031",,,"9","9999",,,,"9999","4","Oregon","41",,,,,"0004612523","0000026869","Jefferson County","A","+44632684","-121171493","06",9582,14,2571,63,13,587,8,101,0,737
"G4100330","1990","OR",,,,,,,,,,,"99","Josephine","033",,,"9","9999",,,,"9999","4","Oregon","41",,,,,"0004246418","0000005290","Josephine County","A","+42362011","-123561043","06",59496,102,955,312,25,1217,2,50,3,487
"G4100350","1990","OR",,,,,,,,,,,"99","Klamath","035",,,"9","9999",,,,"9999","4","Oregon","41",,,,,"0015396544","0000496181","Klamath County","A","+42684837","-121646636","06",51845,360,2182,322,10,1570,0,156,19,1238
"G4100370","1990","OR",,,,,,,,,,,"99","Lake","037",,,"9","9999",,,,"9999","4","Oregon","41",,,,,"0021073097","0000576782","Lake County","A","+42792238","-120385895","06",6743,17,106,57,0,92,0,0,20,151
"G4100390","1990","OR",,,,,,,,,,,"99","Lane","039",,,"9","2400",,,,"9999","4","Oregon","41",,,,,"0011795250","0000434602","Lane County","A","+43948124","-122876059","06",265306,2014,3061,5416,105,4362,55,119,136,2338
"G4100410","1990","OR",,,,,,,,,,,"99","Lincoln","041",,,"9","9999",,,,"9999","4","Oregon","41",,,,,"0002537294","0000554889","Lincoln County","A","+44642350","-123908152","06",36834,66,977,325,19,490,0,22,28,128
"G4100430","1990","OR",,,,,,,,,,,"99","Linn","043",,,"9","9999",,,,"9999","4","Oregon","41",,,,,"0005934771","0000046320","Linn County","A","+44491682","-122526534","06",87177,227,1073,600,15,1310,4,44,26,751
"G4100450","1990","OR",,,,,,,,,,,"99","Malheur","045",,,"9","9999",,,,"9999","4","Oregon","41",,,,,"0025609255","0000110763","Malheur County","A","+43205538","-117633581","06",19690,42,242,777,14,1504,2,25,14,3728
"G4100470","1990","OR",,,,,,,,,,,"99","Marion","047",,,"9","7080",,,,"9999","4","Oregon","41",,,,,"0003069124","0000026439","Marion County","A","+44908524","-122577765","06",201580,1946,3281,3988,241,7540,75,229,78,9525
"G4100490","1990","OR",,,,,,,,,,,"99","Morrow","049",,,"9","9999",,,,"9999","4","Oregon","41",,,,,"0005265068","0000040997","Morrow County","A","+45421674","-119566553","06",6666,7,73,33,2,137,0,18,0,689
"G4100510","1990","OR",,,,,,,,,,,"79","Multnomah","051",,,"9","6442",,,,"6440","4","Oregon","41",,,,,"0001127338","0000078823","Multnomah County","A","+45544157","-122414021","06",498786,34353,6396,26386,564,10193,568,780,514,5347
"G4100530","1990","OR",,,,,,,,,,,"99","Polk","053",,,"9","7080",,,,"9999","4","Oregon","41",,,,,"0001919416","0000008078","Polk County","A","+44906346","-123417179","06",45148,189,749,636,85,1027,0,41,0,1666
"G4100550","1990","OR",,,,,,,,,,,"99","Sherman","055",,,"9","9999",,,,"9999","4","Oregon","41",,,,,"0002132343","0000020711","Sherman County","A","+45408506","-120687486","06",1870,0,16,5,0,16,0,0,0,11
"G4100570","1990","OR",,,,,,,,,,,"99","Tillamook","057",,,"9","9999",,,,"9999","4","Oregon","41",,,,,"0002854734","0000597374","Tillamook County","A","+45455937","-123758294","06",20760,73,273,106,21,244,9,6,0,78
"G4100590","1990","OR",,,,,,,,,,,"99","Umatilla","059",,,"9","9999",,,,"9999","4","Oregon","41",,,,,"0008327696","0000041435","Umatilla County","A","+45593620","-118733709","06",51337,328,1880,447,58,1392,26,71,30,3680
"G4100610","1990","OR",,,,,,,,,,,"99","Union","061",,,"9","9999",,,,"9999","4","Oregon","41",,,,,"0005275004","0000004451","Union County","A","+45315046","-118011272","06",22641,88,235,277,0,215,0,23,5,114
"G4100630","1990","OR",,,,,,,,,,,"99","Wallowa","063",,,"9","9999",,,,"9999","4","Oregon","41",,,,,"0008146648","0000016463","Wallowa County","A","+45577481","-117172910","06",6750,0,33,22,0,92,0,0,3,11
"G4100650","1990","OR",,,,,,,,,,,"99","Wasco","065",,,"9","9999",,,,"9999","4","Oregon","41",,,,,"0006167268","0000036977","Wasco County","A","+45163261","-121163151","06",19507,83,782,200,7,569,8,30,0,497
"G4100670","1990","OR",,,,,,,,,,,"79","Washington","067",,,"9","6442",,,,"6440","4","Oregon","41",,,,,"0001874636","0000006816","Washington County","A","+45555072","-123094570","06",280819,1921,1734,12687,183,6043,77,268,204,7618
"G4100690","1990","OR",,,,,,,,,,,"99","Wheeler","069",,,"9","9999",,,,"9999","4","Oregon","41",,,,,"0004441853","0000001410","Wheeler County","A","+44725726","-120023209","06",1372,0,6,2,0,16,0,0,0,0
"G4100710","1990","OR",,,,,,,,,,,"79","Yamhill","071",,,"9","6442",,,,"6440","4","Oregon","41",,,,,"0001853411","0000007269","Yamhill County","A","+45226904","-123307997","06",59239,405,901,663,11,2673,30,51,56,1522
"G4200010","1990","PA",,,,,,,,,,,"99","Adams","001",,,"2","9280",,,,"9999","1","Pennsylvania","42",,,,,"0001346937","0000003899","Adams County","A","+39869594","-077217656","06",75718,860,67,282,23,622,29,7,0,666
"G4200030","1990","PA",,,,,,,,,,,"78","Allegheny","003",,,"2","6282",,,,"6280","1","Pennsylvania","42",,,,,"0001891252","0000037595","Allegheny County","A","+40468950","-079981194","06",1164707,148998,1275,12447,1273,5521,643,158,193,1234
"G4200050","1990","PA",,,,,,,,,,,"99","Armstrong","005",,,"2","9999",,,,"9999","1","Pennsylvania","42",,,,,"0001693783","0000027218","Armstrong County","A","+40812435","-079464222","06",72571,511,61,149,22,155,2,0,2,5
"G4200070","1990","PA",,,,,,,,,,,"78","Beaver","007",,,"2","6282",,,,"0845","1","Pennsylvania","42",,,,,"0001127334","0000022466","Beaver County","A","+40685765","-080352306","06",174268,10308,246,284,153,617,42,6,0,169
"G4200090","1990","PA",,,,,,,,,,,"99","Bedford","009",,,"2","9999",,,,"9999","1","Pennsylvania","42",,,,,"0002627804","0000007492","Bedford County","A","+40010430","-078489624","06",47510,87,79,89,12,101,0,0,0,41
"G4200110","1990","PA",,,,,,,,,,,"99","Berks","011",,,"2","6680",,,,"9999","1","Pennsylvania","42",,,,,"0002225379","0000016734","Berks County","A","+40415567","-075927702","06",308434,9350,272,2068,109,6752,494,63,422,8559
"G4200130","1990","PA",,,,,,,,,,,"99","Blair","013",,,"2","0280",,,,"9999","1","Pennsylvania","42",,,,,"0001361910","0000003398","Blair County","A","+40470517","-078350837","06",128597,1075,125,364,36,232,0,0,0,113
"G4200150","1990","PA",,,,,,,,,,,"99","Bradford","015",,,"2","9999",,,,"9999","1","Pennsylvania","42",,,,,"0002980424","0000026804","Bradford County","A","+41792808","-076518068","06",60192,131,184,275,9,131,0,2,0,43
"G4200170","1990","PA",,,,,,,,,,,"77","Bucks","017",,,"2","6162",,,,"6160","1","Pennsylvania","42",,,,,"0001573798","0000037562","Bucks County","A","+40337910","-075105075","06",508734,14838,685,8039,344,5725,215,34,71,2489
"G4200190","1990","PA",,,,,,,,,,,"99","Butler","019",,,"2","9999",,,,"9999","1","Pennsylvania","42",,,,,"0002042443","0000016220","Butler County","A","+40908519","-079912075","06",149809,772,184,629,23,441,0,0,7,148
"G4200210","1990","PA",,,,,,,,,,,"99","Cambria","021",,,"2","3680",,,,"9999","1","Pennsylvania","42",,,,,"0001782145","0000013962","Cambria County","A","+40494070","-078715379","06",158072,3673,136,296,36,666,27,7,2,114
"G4200230","1990","PA",,,,,,,,,,,"99","Cameron","023",,,"2","9999",,,,"9999","1","Pennsylvania","42",,,,,"0001028695","0000003716","Cameron County","A","+41441659","-078204884","06",5843,0,50,0,0,20,0,0,0,0
"G4200250","1990","PA",,,,,,,,,,,"99","Carbon","025",,,"2","0240",,,,"9999","1","Pennsylvania","42",,,,,"0000990844","0000016110","Carbon County","A","+40922705","-075702118","06",56057,72,40,100,29,426,5,0,11,106
"G4200270","1990","PA",,,,,,,,,,,"99","Centre","027",,,"2","8050",,,,"9999","1","Pennsylvania","42",,,,,"0002868712","0000011184","Centre County","A","+40914266","-077818493","06",115845,2580,222,3869,56,811,77,6,5,315
"G4200290","1990","PA",,,,,,,,,,,"77","Chester","029",,,"2","6162",,,,"6160","1","Pennsylvania","42",,,,,"0001958072","0000009955","Chester County","A","+39967135","-075751932","06",340267,23455,367,3957,320,4966,456,34,56,2518
"G4200310","1990","PA",,,,,,,,,,,"99","Clarion","031",,,"2","9999",,,,"9999","1","Pennsylvania","42",,,,,"0001560438","0000016854","Clarion County","A","+41191092","-079423449","06",41119,149,71,258,7,76,0,5,4,10
"G4200330","1990","PA",,,,,,,,,,,"99","Clearfield","033",,,"2","9999",,,,"9999","1","Pennsylvania","42",,,,,"0002971713","0000016810","Clearfield County","A","+41000315","-078474173","06",77553,151,78,212,13,58,0,7,9,16
"G4200350","1990","PA",,,,,,,,,,,"99","Clinton","035",,,"2","9999",,,,"9999","1","Pennsylvania","42",,,,,"0002307412","0000018720","Clinton County","A","+41241450","-077636720","06",36765,92,72,138,0,105,0,0,4,6
"G4200370","1990","PA",,,,,,,,,,,"99","Columbia","037",,,"2","7560",,,,"9999","1","Pennsylvania","42",,,,,"0001257632","0000010973","Columbia County","A","+41051138","-076402903","06",62348,255,10,180,32,293,8,3,0,73
"G4200390","1990","PA",,,,,,,,,,,"99","Crawford","039",,,"2","9999",,,,"9999","1","Pennsylvania","42",,,,,"0002623416","0000064540","Crawford County","A","+41683512","-080107629","06",84371,1017,86,354,19,255,15,4,0,48
"G4200410","1990","PA",,,,,,,,,,,"99","Cumberland","041",,,"2","3240",,,,"9999","1","Pennsylvania","42",,,,,"0001424966","0000002630","Cumberland County","A","+40169850","-077265050","06",188336,2794,263,2386,81,893,81,14,32,377
"G4200430","1990","PA",,,,,,,,,,,"99","Dauphin","043",,,"2","3240",,,,"9999","1","Pennsylvania","42",,,,,"0001360589","0000083519","Dauphin County","A","+40413168","-076786812","06",194321,35086,265,2508,355,1891,381,134,67,2805
"G4200450","1990","PA",,,,,,,,,,,"77","Delaware","045",,,"2","6162",,,,"6160","1","Pennsylvania","42",,,,,"0000477144","0000016924","Delaware County","A","+39917000","-075399299","06",470194,60224,549,10103,411,3445,751,54,90,1830
"G4200470","1990","PA",,,,,,,,,,,"99","Elk","047",,,"2","9999",,,,"9999","1","Pennsylvania","42",,,,,"0002146297","0000009270","Elk County","A","+41418708","-078650566","06",34612,34,36,111,17,29,13,0,6,20
"G4200490","1990","PA",,,,,,,,,,,"99","Erie","049",,,"2","2360",,,,"9999","1","Pennsylvania","42",,,,,"0002077162","0001959329","Erie County","A","+42103350","-080104148","06",256331,14129,378,1400,266,1715,261,1,15,1076
"G4200510","1990","PA",,,,,,,,,,,"78","Fayette","051",,,"2","6282",,,,"6280","1","Pennsylvania","42",,,,,"0002046418","0000020389","Fayette County","A","+39921104","-079649092","06",139247,5359,139,140,28,403,13,0,0,22
"G4200530","1990","PA",,,,,,,,,,,"99","Forest","053",,,"2","9999",,,,"9999","1","Pennsylvania","42",,,,,"0001108889","0000008494","Forest County","A","+41520744","-079236411","06",4714,54,21,5,0,2,0,0,0,6
"G4200550","1990","PA",,,,,,,,,,,"99","Franklin","055",,,"2","9999",,,,"9999","1","Pennsylvania","42",,,,,"0001999403","0000001860","Franklin County","A","+39927135","-077723804","06",116644,2605,172,612,74,407,48,13,47,460
"G4200570","1990","PA",,,,,,,,,,,"99","Fulton","057",,,"2","9999",,,,"9999","1","Pennsylvania","42",,,,,"0001133372","0000001201","Fulton County","A","+39920382","-078109002","06",13645,120,33,16,0,19,0,0,0,4
"G4200590","1990","PA",,,,,,,,,,,"99","Greene","059",,,"2","9999",,,,"9999","1","Pennsylvania","42",,,,,"0001491601","0000005386","Greene County","A","+39855311","-080222408","06",38833,291,43,152,13,154,21,0,4,39
"G4200610","1990","PA",,,,,,,,,,,"99","Huntingdon","061",,,"2","9999",,,,"9999","1","Pennsylvania","42",,,,,"0002267202","0000038664","Huntingdon County","A","+40414326","-077978030","06",41713,1916,81,118,23,95,94,9,0,115
"G4200630","1990","PA",,,,,,,,,,,"99","Indiana","063",,,"2","9999",,,,"9999","1","Pennsylvania","42",,,,,"0002148476","0000012486","Indiana County","A","+40651719","-079086996","06",87762,1124,107,553,19,326,7,4,9,83
"G4200650","1990","PA",,,,,,,,,,,"99","Jefferson","065",,,"2","9999",,,,"9999","1","Pennsylvania","42",,,,,"0001697765","0000003634","Jefferson County","A","+41127291","-078999777","06",45882,33,71,20,9,44,0,0,0,24
"G4200670","1990","PA",,,,,,,,,,,"99","Juniata","067",,,"2","9999",,,,"9999","1","Pennsylvania","42",,,,,"0001014316","0000005126","Juniata County","A","+40530678","-077401666","06",20476,32,29,14,15,54,0,0,0,5
"G4200690","1990","PA",,,,,,,,,,,"99","Lackawanna","069",,,"2","7560",,,,"9999","1","Pennsylvania","42",,,,,"0001188272","0000014974","Lackawanna County","A","+41440400","-075610116","06",215128,1423,188,1255,106,674,22,0,34,209
"G4200710","1990","PA",,,,,,,,,,,"99","Lancaster","071",,,"2","4000",,,,"9999","1","Pennsylvania","42",,,,,"0002458245","0000090056","Lancaster County","A","+40042000","-076250026","06",393751,8821,533,4676,199,4495,750,23,63,9511
"G4200730","1990","PA",,,,,,,,,,,"99","Lawrence","073",,,"2","9999",,,,"9999","1","Pennsylvania","42",,,,,"0000933663","0000005921","Lawrence County","A","+40991788","-080334616","06",92553,2915,83,270,63,251,42,8,18,43
"G4200750","1990","PA",,,,,,,,,,,"99","Lebanon","075",,,"2","3240",,,,"9999","1","Pennsylvania","42",,,,,"0000937093","0000002061","Lebanon County","A","+40367234","-076457436","06",109612,641,77,915,0,1310,78,2,30,1079
"G4200770","1990","PA",,,,,,,,,,,"99","Lehigh","077",,,"2","0240",,,,"9999","1","Pennsylvania","42",,,,,"0000897878","0000004298","Lehigh County","A","+40614472","-075589956","06",265373,6442,238,3956,167,6021,535,14,35,8349
"G4200790","1990","PA",,,,,,,,,,,"99","Luzerne","079",,,"2","7560",,,,"9999","1","Pennsylvania","42",,,,,"0002307567","0000041926","Luzerne County","A","+41176500","-075991033","06",320803,3879,166,1349,118,1052,134,32,6,610
"G4200810","1990","PA",,,,,,,,,,,"99","Lycoming","081",,,"2","9140",,,,"9999","1","Pennsylvania","42",,,,,"0003198465","0000023085","Lycoming County","A","+41346464","-077060074","06",114764,2650,210,476,57,320,48,13,12,160
"G4200830","1990","PA",,,,,,,,,,,"99","McKean","083",,,"2","9999",,,,"9999","1","Pennsylvania","42",,,,,"0002542393","0000006741","Mc Kean County","A","+41800645","-078566323","06",45791,465,179,163,12,274,75,0,27,145
"G4200850","1990","PA",,,,,,,,,,,"99","Mercer","085",,,"2","7610",,,,"9999","1","Pennsylvania","42",,,,,"0001740125","0000027860","Mercer County","A","+41305415","-080252937","06",114233,5790,130,369,34,298,20,0,10,119
"G4200870","1990","PA",,,,,,,,,,,"99","Mifflin","087",,,"2","9999",,,,"9999","1","Pennsylvania","42",,,,,"0001063748","0000007113","Mifflin County","A","+40608715","-077617844","06",45860,56,49,104,0,110,16,0,0,2
"G4200890","1990","PA",,,,,,,,,,,"99","Monroe","089",,,"2","7560",,,,"9999","1","Pennsylvania","42",,,,,"0001572978","0000022554","Monroe County","A","+41056916","-075336173","06",91043,1582,143,541,32,1905,41,5,0,417
"G4200910","1990","PA",,,,,,,,,,,"77","Montgomery","091",,,"2","6162",,,,"6160","1","Pennsylvania","42",,,,,"0001251341","0000011213","Montgomery County","A","+40209368","-075370456","06",615125,38167,832,15616,344,5185,766,138,98,1840
"G4200930","1990","PA",,,,,,,,,,,"99","Montour","093",,,"2","9999",,,,"9999","1","Pennsylvania","42",,,,,"0000338657","0000004010","Montour County","A","+41025235","-076662181","06",17302,89,8,160,9,62,0,0,0,105
"G4200950","1990","PA",,,,,,,,,,,"99","Northampton","095",,,"2","0240",,,,"9999","1","Pennsylvania","42",,,,,"0000968277","0000009219","Northampton County","A","+40752690","-075307559","06",228084,5039,267,2280,240,4920,134,15,48,6078
"G4200970","1990","PA",,,,,,,,,,,"99","Northumberland","097",,,"2","9999",,,,"9999","1","Pennsylvania","42",,,,,"0001191219","0000045246","Northumberland County","A","+40850183","-076708228","06",95578,295,119,210,66,324,9,0,9,161
"G4200990","1990","PA",,,,,,,,,,,"99","Perry","099",,,"2","3240",,,,"9999","1","Pennsylvania","42",,,,,"0001433733","0000005820","Perry County","A","+40397773","-077266435","06",40714,96,92,92,16,124,0,0,0,38
"G4201010","1990","PA",,,,,,,,,,,"77","Philadelphia","101",,,"2","6162",,,,"6160","1","Pennsylvania","42",,,,,"0000349985","0000019543","Philadelphia County","B","+40006817","-075134678","06",827703,626782,3095,42225,1586,21191,5648,230,949,56168
"G4201030","1990","PA",,,,,,,,,,,"99","Pike","103",,,"2","9999",,,,"9999","1","Pennsylvania","42",,,,,"0001416901","0000050726","Pike County","A","+41329641","-075033703","06",26707,301,92,100,0,670,16,32,0,48
"G4201050","1990","PA",,,,,,,,,,,"99","Potter","105",,,"2","9999",,,,"9999","1","Pennsylvania","42",,,,,"0002800376","0000000620","Potter County","A","+41743791","-077899596","06",16567,26,8,59,0,43,0,0,9,5
"G4201070","1990","PA",,,,,,,,,,,"99","Schuylkill","107",,,"2","9999",,,,"9999","1","Pennsylvania","42",,,,,"0002016590","0000010432","Schuylkill County","A","+40704630","-076214305","06",150559,752,130,614,7,338,35,2,3,145
"G4201090","1990","PA",,,,,,,,,,,"99","Snyder","109",,,"2","9999",,,,"9999","1","Pennsylvania","42",,,,,"0000857877","0000002463","Snyder County","A","+40770942","-077076050","06",36171,149,67,129,4,90,0,0,0,70
"G4201110","1990","PA",,,,,,,,,,,"99","Somerset","111",,,"2","3680",,,,"9999","1","Pennsylvania","42",,,,,"0002783608","0000016845","Somerset County","A","+39973876","-079033390","06",77678,106,48,123,16,171,0,7,0,69
"G4201130","1990","PA",,,,,,,,,,,"99","Sullivan","113",,,"2","9999",,,,"9999","1","Pennsylvania","42",,,,,"0001165447","0000006201","Sullivan County","A","+41446935","-076505484","06",6020,42,29,5,0,6,0,0,0,2
"G4201150","1990","PA",,,,,,,,,,,"99","Susquehanna","115",,,"2","9999",,,,"9999","1","Pennsylvania","42",,,,,"0002131582","0000024434","Susquehanna County","A","+41822731","-075800266","06",39951,80,101,47,6,149,3,0,0,43
"G4201170","1990","PA",,,,,,,,,,,"99","Tioga","117",,,"2","9999",,,,"9999","1","Pennsylvania","42",,,,,"0002936471","0000009269","Tioga County","A","+41773775","-077253772","06",40483,251,146,104,11,82,8,2,0,39
"G4201190","1990","PA",,,,,,,,,,,"99","Union","119",,,"2","9999",,,,"9999","1","Pennsylvania","42",,,,,"0000820396","0000001011","Union County","A","+40961867","-077064657","06",34420,772,76,302,9,283,136,0,8,170
"G4201210","1990","PA",,,,,,,,,,,"99","Venango","121",,,"2","9999",,,,"9999","1","Pennsylvania","42",,,,,"0001748537","0000020638","Venango County","A","+41402128","-079762997","06",58411,531,93,79,2,195,0,0,2,68
"G4201230","1990","PA",,,,,,,,,,,"99","Warren","123",,,"2","9999",,,,"9999","1","Pennsylvania","42",,,,,"0002288184","0000037203","Warren County","A","+41814825","-079272278","06",44656,29,116,162,23,64,0,0,0,0
"G4201250","1990","PA",,,,,,,,,,,"78","Washington","125",,,"2","6282",,,,"6280","1","Pennsylvania","42",,,,,"0002219998","0000009988","Washington County","A","+40188779","-080247841","06",196013,6530,190,616,137,891,33,41,5,128
"G4201270","1990","PA",,,,,,,,,,,"99","Wayne","127",,,"2","9999",,,,"9999","1","Pennsylvania","42",,,,,"0001889049","0000054977","Wayne County","A","+41650179","-075306389","06",39164,264,38,122,10,281,0,2,2,61
"G4201290","1990","PA",,,,,,,,,,,"78","Westmoreland","129",,,"2","6282",,,,"6280","1","Pennsylvania","42",,,,,"0002648463","0000035962","Westmoreland County","A","+40309275","-079465439","06",360165,6979,354,1365,292,890,13,4,0,259
"G4201310","1990","PA",,,,,,,,,,,"99","Wyoming","131",,,"2","7560",,,,"9999","1","Pennsylvania","42",,,,,"0001028816","0000019672","Wyoming County","A","+41520492","-076019577","06",27737,145,27,67,11,83,0,0,0,6
"G4201330","1990","PA",,,,,,,,,,,"99","York","133",,,"2","9280",,,,"9999","1","Pennsylvania","42",,,,,"0002342993","0000014780","York County","A","+39922000","-076727053","06",321547,10721,401,1972,146,1822,340,19,21,2585
"G4400010","1990","RI",,,,,,,,,,,"80","Bristol","001",,,"1","6482",,,,"6480","1","Rhode Island","44",,,,,"0000063923","0000051867","Bristol County","N","+41704547","-071283797","06",47648,194,39,275,59,610,0,0,0,34
"G4400030","1990","RI",,,,,,,,,,,"##","Kent","003",,,"1","####",,,,"####","1","Rhode Island","44",,,,,"0000440489","0000046444","Kent County","N","+41673235","-071578076","06",156998,1133,288,1335,13,1062,15,7,10,274
"G4400050","1990","RI",,,,,,,,,,,"##","Newport","005",,,"1","####",,,,"####","1","Rhode Island","44",,,,,"0000269495","0000542847","Newport County","N","+41506879","-071266755","06",80812,3305,254,876,224,1187,124,0,23,389
"G4400070","1990","RI",,,,,,,,,,,"80","Providence","007",,,"1","6482",,,,"####","1","Rhode Island","44",,,,,"0001070421","0000058418","Providence County","N","+41866859","-071580073","06",507075,28325,2288,13269,6061,17345,3815,291,477,17324
"G4400090","1990","RI",,,,,,,,,,,"##","Washington","009",,,"1","####",,,,"####","1","Rhode Island","44",,,,,"0000862192","0000595717","Washington County","N","+41381169","-071613906","06",105540,1050,1085,1350,36,796,25,15,0,109
"G4500010","1990","SC",,,,,,,,,,,"99","Abbeville","001",,,"5","9999",,,,"9999","3","South Carolina","45",,,,,"0001315848","0000007906","Abbeville County","A","+34227273","-082453021","06",16221,7474,38,14,0,74,33,0,3,5
"G4500030","1990","SC",,,,,,,,,,,"99","Aiken","003",,,"5","0600",,,,"9999","3","South Carolina","45",,,,,"0002779271","0000019309","Aiken County","A","+33546053","-081638521","06",90369,29028,238,498,13,374,72,5,19,324
"G4500050","1990","SC",,,,,,,,,,,"99","Allendale","005",,,"5","9999",,,,"9999","3","South Carolina","45",,,,,"0001057322","0000011284","Allendale County","A","+32990877","-081354905","06",3598,7922,32,13,6,43,21,0,0,87
"G4500070","1990","SC",,,,,,,,,,,"99","Anderson","007",,,"5","0405",,,,"9999","3","South Carolina","45",,,,,"0001859733","0000102127","Anderson County","A","+34520050","-082638192","06",119884,24031,245,416,17,384,65,0,5,149
"G4500090","1990","SC",,,,,,,,,,,"99","Bamberg","009",,,"5","9999",,,,"9999","3","South Carolina","45",,,,,"0001018583","0000005745","Bamberg County","A","+33218686","-081050881","06",6403,10399,19,0,0,75,6,0,0,0
"G4500110","1990","SC",,,,,,,,,,,"99","Barnwell","011",,,"5","9999",,,,"9999","3","South Carolina","45",,,,,"0001420609","0000022767","Barnwell County","A","+33263886","-081437239","06",11391,8722,13,41,0,86,6,0,0,34
"G4500130","1990","SC",,,,,,,,,,,"99","Beaufort","013",,,"5","9999",,,,"9999","3","South Carolina","45",,,,,"0001520394","0000870174","Beaufort County","A","+32353242","-080693583","06",58812,24441,322,672,63,967,160,34,56,898
"G4500150","1990","SC",,,,,,,,,,,"99","Berkeley","015",,,"5","1440",,,,"9999","3","South Carolina","45",,,,,"0002847827","0000335869","Berkeley County","A","+33195151","-079950279","06",92588,30893,388,2466,14,1343,140,6,164,774
"G4500170","1990","SC",,,,,,,,,,,"99","Calhoun","017",,,"5","9999",,,,"9999","3","South Carolina","45",,,,,"0000985032","0000031192","Calhoun County","A","+33674718","-080780909","06",6124,6580,19,2,0,11,0,0,9,8
"G4500190","1990","SC",,,,,,,,,,,"99","Charleston","019",,,"5","1440",,,,"9999","3","South Carolina","45",,,,,"0002376119","0001138863","Charleston County","A","+32820344","-079896313","06",185693,102322,753,2352,155,2047,686,15,157,859
"G4500210","1990","SC",,,,,,,,,,,"99","Cherokee","021",,,"5","9999",,,,"9999","3","South Carolina","45",,,,,"0001017110","0000011894","Cherokee County","A","+35048282","-081622753","06",35019,9162,107,98,13,22,40,0,0,45
"G4500230","1990","SC",,,,,,,,,,,"99","Chester","023",,,"5","9999",,,,"9999","3","South Carolina","45",,,,,"0001503662","0000014579","Chester County","A","+34691839","-081158515","06",19088,12754,110,49,0,3,85,0,0,81
"G4500250","1990","SC",,,,,,,,,,,"99","Chesterfield","025",,,"5","9999",,,,"9999","3","South Carolina","45",,,,,"0002068834","0000018289","Chesterfield County","A","+34637952","-080158797","06",25459,12885,109,14,0,77,33,0,0,0
"G4500270","1990","SC",,,,,,,,,,,"99","Clarendon","027",,,"5","9999",,,,"9999","3","South Carolina","45",,,,,"0001572775","0000229107","Clarendon County","A","+33664767","-080217656","06",12216,16010,26,14,2,46,83,0,8,45
"G4500290","1990","SC",,,,,,,,,,,"99","Colleton","029",,,"5","9999",,,,"9999","3","South Carolina","45",,,,,"0002736264","0000199036","Colleton County","A","+32844497","-080652023","06",18550,15450,140,90,0,73,48,0,4,22
"G4500310","1990","SC",,,,,,,,,,,"99","Darlington","031",,,"5","9999",,,,"9999","3","South Carolina","45",,,,,"0001455745","0000014220","Darlington County","A","+34331851","-079955347","06",36734,24682,120,70,0,95,82,0,0,68
"G4500330","1990","SC",,,,,,,,,,,"99","Dillon","033",,,"5","9999",,,,"9999","3","South Carolina","45",,,,,"0001048653","0000004326","Dillon County","A","+34390473","-079376200","06",15869,12563,474,138,2,29,21,0,0,18
"G4500350","1990","SC",,,,,,,,,,,"99","Dorchester","035",,,"5","1440",,,,"9999","3","South Carolina","45",,,,,"0001488695","0000005068","Dorchester County","A","+33081310","-080404485","06",61672,19097,615,691,26,664,81,36,51,127
"G4500370","1990","SC",,,,,,,,,,,"99","Edgefield","037",,,"5","9999",,,,"9999","3","South Carolina","45",,,,,"0001299955","0000012023","Edgefield County","A","+33769976","-081970777","06",9735,8511,21,27,0,29,0,0,0,52
"G4500390","1990","SC",,,,,,,,,,,"99","Fairfield","039",,,"5","9999",,,,"9999","3","South Carolina","45",,,,,"0001778178","0000060661","Fairfield County","A","+34396023","-081125623","06",9244,13025,6,0,0,0,9,0,0,11
"G4500410","1990","SC",,,,,,,,,,,"99","Florence","041",,,"5","2655",,,,"9999","3","South Carolina","45",,,,,"0002069958","0000009944","Florence County","A","+34023779","-079707319","06",69445,44135,113,306,24,108,131,0,33,49
"G4500430","1990","SC",,,,,,,,,,,"99","Georgetown","043",,,"5","9999",,,,"9999","3","South Carolina","45",,,,,"0002110475","0000570404","Georgetown County","A","+33414160","-079296224","06",26042,19959,51,93,7,35,29,0,18,68
"G4500450","1990","SC",,,,,,,,,,,"99","Greenville","045",,,"5","3160",,,,"9999","3","South Carolina","45",,,,,"0002051517","0000012731","Greenville County","A","+34893133","-082370835","06",257364,57558,444,1754,81,2212,148,9,69,528
"G4500470","1990","SC",,,,,,,,,,,"99","Greenwood","047",,,"5","9999",,,,"9999","3","South Carolina","45",,,,,"0001179829","0000019213","Greenwood County","A","+34156258","-082128543","06",41055,17996,47,292,12,46,17,0,28,74
"G4500490","1990","SC",,,,,,,,,,,"99","Hampton","049",,,"5","9999",,,,"9999","3","South Carolina","45",,,,,"0001450228","0000007211","Hampton County","A","+32779195","-081143056","06",8270,9871,3,1,0,9,37,0,0,0
"G4500510","1990","SC",,,,,,,,,,,"99","Horry","051",,,"5","9999",,,,"9999","3","South Carolina","45",,,,,"0002936321","0000314132","Horry County","A","+33910208","-078976174","06",116557,25095,411,847,56,687,90,0,6,304
"G4500530","1990","SC",,,,,,,,,,,"99","Jasper","053",,,"5","9999",,,,"9999","3","South Carolina","45",,,,,"0001694711","0000081762","Jasper County","A","+32435176","-081024023","06",6499,8877,6,29,0,31,2,0,0,43
"G4500550","1990","SC",,,,,,,,,,,"99","Kershaw","055",,,"5","9999",,,,"9999","3","South Carolina","45",,,,,"0001881125","0000036275","Kershaw County","A","+34338999","-080587852","06",30877,12359,87,100,10,139,5,0,2,20
"G4500570","1990","SC",,,,,,,,,,,"99","Lancaster","057",,,"5","9999",,,,"9999","3","South Carolina","45",,,,,"0001421960","0000016322","Lancaster County","A","+34686633","-080704349","06",40352,13800,61,78,10,154,17,0,6,38
"G4500590","1990","SC",,,,,,,,,,,"99","Laurens","059",,,"5","9999",,,,"9999","3","South Carolina","45",,,,,"0001847076","0000022958","Laurens County","A","+34484033","-082005370","06",41344,16358,113,105,5,77,0,0,15,75
"G4500610","1990","SC",,,,,,,,,,,"99","Lee","061",,,"5","9999",,,,"9999","3","South Carolina","45",,,,,"0001062755","0000002594","Lee County","A","+34158251","-080253474","06",6840,11422,36,50,0,26,22,0,0,41
"G4500630","1990","SC",,,,,,,,,,,"99","Lexington","063",,,"5","1760",,,,"9999","3","South Carolina","45",,,,,"0001815111","0000151959","Lexington County","A","+33898782","-081270402","06",146663,18389,415,938,32,767,35,0,6,366
"G4500650","1990","SC",,,,,,,,,,,"99","McCormick","065",,,"5","9999",,,,"9999","3","South Carolina","45",,,,,"0000931348","0000088817","McCormick County","A","+33899201","-082304716","06",3647,5187,11,7,0,10,6,0,0,0
"G4500670","1990","SC",,,,,,,,,,,"99","Marion","067",,,"5","9999",,,,"9999","3","South Carolina","45",,,,,"0001266774","0000012960","Marion County","A","+34080549","-079362044","06",15038,18540,88,106,0,114,0,0,0,13
"G4500690","1990","SC",,,,,,,,,,,"99","Marlboro","069",,,"5","9999",,,,"9999","3","South Carolina","45",,,,,"0001242477","0000014442","Marlboro County","A","+34601702","-079678127","06",14393,14247,615,29,0,24,35,0,1,17
"G4500710","1990","SC",,,,,,,,,,,"99","Newberry","071",,,"5","9999",,,,"9999","3","South Carolina","45",,,,,"0001633789","0000042770","Newberry County","A","+34288986","-081599637","06",21448,11555,5,86,0,44,2,0,0,32
"G4500730","1990","SC",,,,,,,,,,,"99","Oconee","073",,,"5","9999",,,,"9999","3","South Carolina","45",,,,,"0001619019","0000125690","Oconee County","A","+34753820","-083067436","06",51846,4989,87,105,0,395,0,0,0,72
"G4500750","1990","SC",,,,,,,,,,,"99","Orangeburg","075",,,"5","9999",,,,"9999","3","South Carolina","45",,,,,"0002864521","0000056555","Orangeburg County","A","+33441547","-080798725","06",34795,49191,206,384,0,83,109,7,7,21
"G4500770","1990","SC",,,,,,,,,,,"99","Pickens","077",,,"5","3160",,,,"9999","3","South Carolina","45",,,,,"0001287012","0000038728","Pickens County","A","+34888679","-082723847","06",85558,6912,186,730,3,325,32,0,6,142
"G4500790","1990","SC",,,,,,,,,,,"99","Richland","079",,,"5","1760",,,,"9999","3","South Carolina","45",,,,,"0001959437","0000039378","Richland County","A","+34030983","-080906595","06",158323,118675,588,3458,110,1970,736,36,94,1730
"G4500810","1990","SC",,,,,,,,,,,"99","Saluda","081",,,"5","9999",,,,"9999","3","South Carolina","45",,,,,"0001169061","0000023999","Saluda County","A","+34005308","-081728478","06",10863,5421,30,0,0,20,0,0,4,19
"G4500830","1990","SC",,,,,,,,,,,"99","Spartanburg","083",,,"5","3160",,,,"9999","3","South Carolina","45",,,,,"0002100474","0000021290","Spartanburg County","A","+34931638","-081990754","06",176484,46792,351,1590,52,1038,86,34,26,347
"G4500850","1990","SC",,,,,,,,,,,"99","Sumter","085",,,"5","9999",,,,"9999","3","South Carolina","45",,,,,"0001723547","0000043047","Sumter County","A","+33916406","-080382110","06",56361,44341,141,848,44,478,84,0,78,262
"G4500870","1990","SC",,,,,,,,,,,"99","Union","087",,,"5","9999",,,,"9999","3","South Carolina","45",,,,,"0001331816","0000004522","Union County","A","+34692678","-081616539","06",21127,9102,17,36,0,31,2,0,16,6
"G4500890","1990","SC",,,,,,,,,,,"99","Williamsburg","089",,,"5","9999",,,,"9999","3","South Carolina","45",,,,,"0002419059","0000007689","Williamsburg County","A","+33616602","-079727888","06",13103,23577,22,4,0,0,104,0,0,5
"G4500910","1990","SC",,,,,,,,,,,"99","York","091",,,"5","1520",,,,"9999","3","South Carolina","45",,,,,"0001767804","0000034240","York County","A","+34970035","-081182972","06",102948,26265,790,760,17,507,46,34,6,124
"G4600030","1990","SD",,,,,,,,,,,"99","Aurora","003",,,"4","9999",,,,"9999","2","South Dakota","46",,,,,"0001834318","0000011267","Aurora County","A","+43716927","-098566832","06",3075,0,44,4,0,0,0,6,0,6
"G4600050","1990","SD",,,,,,,,,,,"99","Beadle","005",,,"4","9999",,,,"9999","2","South Dakota","46",,,,,"0003261894","0000014268","Beadle County","A","+44412058","-098278016","06",17925,49,133,47,0,60,0,0,0,39
"G4600070","1990","SD",,,,,,,,,,,"99","Bennett","007",,,"4","9999",,,,"9999","2","South Dakota","46",,,,,"0003070179","0000013725","Bennett County","A","+43184184","-101660099","06",1685,26,1467,2,0,2,0,14,0,10
"G4600090","1990","SD",,,,,,,,,,,"99","Bon Homme","009",,,"4","9999",,,,"9999","2","South Dakota","46",,,,,"0001459326","0000046413","Bon Homme County","A","+42992990","-097883432","06",6856,27,150,8,2,38,0,0,0,8
"G4600110","1990","SD",,,,,,,,,,,"99","Brookings","011",,,"4","9999",,,,"9999","2","South Dakota","46",,,,,"0002057796","0000026677","Brookings County","A","+44365823","-096793380","06",24552,42,205,304,21,74,0,0,0,9
"G4600130","1990","SD",,,,,,,,,,,"99","Brown","013",,,"4","9999",,,,"9999","2","South Dakota","46",,,,,"0004436215","0000048010","Brown County","A","+45597080","-098352618","06",34278,30,971,143,0,85,1,4,0,68
"G4600150","1990","SD",,,,,,,,,,,"99","Brule","015",,,"4","9999",,,,"9999","2","South Dakota","46",,,,,"0002121333","0000071256","Brule County","A","+43718229","-099064599","06",5068,7,384,0,0,13,0,0,0,13
"G4600170","1990","SD",,,,,,,,,,,"99","Buffalo","017",,,"4","9999",,,,"9999","2","South Dakota","46",,,,,"0001218946","0000043585","Buffalo County","A","+44083964","-099200583","06",393,0,1366,0,0,0,0,0,0,0
"G4600190","1990","SD",,,,,,,,,,,"99","Butte","019",,,"4","9999",,,,"9999","2","South Dakota","46",,,,,"0005823824","0000046240","Butte County","A","+44909143","-103491262","06",7515,5,119,9,0,108,0,0,0,158
"G4600210","1990","SD",,,,,,,,,,,"99","Campbell","021",,,"4","9999",,,,"9999","2","South Dakota","46",,,,,"0001905840","0000092055","Campbell County","A","+45760522","-100047744","06",1952,6,7,0,0,0,0,0,0,0
"G4600230","1990","SD",,,,,,,,,,,"99","Charles Mix","023",,,"4","9999",,,,"9999","2","South Dakota","46",,,,,"0002844548","0000134659","Charles Mix County","A","+43206188","-098594708","06",7118,2,1993,3,0,5,0,9,0,1
"G4600250","1990","SD",,,,,,,,,,,"99","Clark","025",,,"4","9999",,,,"9999","2","South Dakota","46",,,,,"0002481249","0000025556","Clark County","A","+44860191","-097727360","06",4374,0,11,9,0,7,0,0,0,2
"G4600270","1990","SD",,,,,,,,,,,"99","Clay","027",,,"4","9999",,,,"9999","2","South Dakota","46",,,,,"0001066149","0000013189","Clay County","A","+42917104","-096973744","06",12498,40,357,180,0,49,0,37,0,25
"G4600290","1990","SD",,,,,,,,,,,"99","Codington","029",,,"4","9999",,,,"9999","2","South Dakota","46",,,,,"0001781292","0000076062","Codington County","A","+44976256","-097178708","06",22092,4,496,78,0,24,0,0,0,4
"G4600310","1990","SD",,,,,,,,,,,"99","Corson","031",,,"4","9999",,,,"9999","2","South Dakota","46",,,,,"0006405221","0000146227","Corson County","A","+45720628","-101184324","06",2149,0,2026,3,0,2,0,12,0,3
"G4600330","1990","SD",,,,,,,,,,,"99","Custer","033",,,"4","9999",,,,"9999","2","South Dakota","46",,,,,"0004034610","0000003757","Custer County","A","+43680419","-103456829","06",5972,14,149,6,0,30,0,0,0,8
"G4600350","1990","SD",,,,,,,,,,,"99","Davison","035",,,"4","9999",,,,"9999","2","South Dakota","46",,,,,"0001127822","0000003509","Davison County","A","+43680526","-098155557","06",17146,28,270,29,0,5,0,0,0,25
"G4600370","1990","SD",,,,,,,,,,,"99","Day","037",,,"4","9999",,,,"9999","2","South Dakota","46",,,,,"0002664175","0000162268","Day County","A","+45369448","-097605347","06",6511,3,454,2,2,2,0,0,0,4
"G4600390","1990","SD",,,,,,,,,,,"99","Deuel","039",,,"4","9999",,,,"9999","2","South Dakota","46",,,,,"0001615082","0000034112","Deuel County","A","+44760936","-096669191","06",4498,0,13,9,0,2,0,0,0,0
"G4600410","1990","SD",,,,,,,,,,,"99","Dewey","041",,,"4","9999",,,,"9999","2","South Dakota","46",,,,,"0005964284","0000370128","Dewey County","A","+45158592","-100875318","06",1830,10,3661,0,0,5,0,15,0,2
"G4600430","1990","SD",,,,,,,,,,,"99","Douglas","043",,,"4","9999",,,,"9999","2","South Dakota","46",,,,,"0001123069","0000001411","Douglas County","A","+43391366","-098358100","06",3728,0,9,0,8,1,0,0,0,0
"G4600450","1990","SD",,,,,,,,,,,"99","Edmunds","045",,,"4","9999",,,,"9999","2","South Dakota","46",,,,,"0002967237","0000014448","Edmunds County","A","+45413325","-099209666","06",4344,0,12,0,0,0,0,0,0,0
"G4600470","1990","SD",,,,,,,,,,,"99","Fall River","047",,,"4","9999",,,,"9999","2","South Dakota","46",,,,,"0004506402","0000024119","Fall River County","A","+43245477","-103516358","06",6723,27,465,13,0,71,0,4,0,50
"G4600490","1990","SD",,,,,,,,,,,"99","Faulk","049",,,"4","9999",,,,"9999","2","South Dakota","46",,,,,"0002590598","0000014334","Faulk County","A","+45068683","-099149587","06",2739,0,2,0,0,3,0,0,0,0
"G4600510","1990","SD",,,,,,,,,,,"99","Grant","051",,,"4","9999",,,,"9999","2","South Dakota","46",,,,,"0001767749","0000014053","Grant County","A","+45173035","-096771809","06",8297,0,43,22,0,2,0,0,0,8
"G4600530","1990","SD",,,,,,,,,,,"99","Gregory","053",,,"4","9999",,,,"9999","2","South Dakota","46",,,,,"0002631377","0000097162","Gregory County","A","+43197644","-099178480","06",5094,2,249,3,0,11,0,0,0,0
"G4600550","1990","SD",,,,,,,,,,,"99","Haakon","055",,,"4","9999",,,,"9999","2","South Dakota","46",,,,,"0004695956","0000036927","Haakon County","A","+44302329","-101532194","06",2576,7,11,10,0,13,0,0,0,7
"G4600570","1990","SD",,,,,,,,,,,"99","Hamlin","057",,,"4","9999",,,,"9999","2","South Dakota","46",,,,,"0001324004","0000069395","Hamlin County","A","+44680601","-097195229","06",4907,10,2,22,0,10,0,0,0,23
"G4600590","1990","SD",,,,,,,,,,,"99","Hand","059",,,"4","9999",,,,"9999","2","South Dakota","46",,,,,"0003721068","0000009410","Hand County","A","+44546951","-099004167","06",4234,13,0,15,0,4,0,0,0,6
"G4600610","1990","SD",,,,,,,,,,,"99","Hanson","061",,,"4","9999",,,,"9999","2","South Dakota","46",,,,,"0001125860","0000002526","Hanson County","A","+43664959","-097788912","06",2985,0,3,0,0,6,0,0,0,0
"G4600630","1990","SD",,,,,,,,,,,"99","Harding","063",,,"4","9999",,,,"9999","2","South Dakota","46",,,,,"0006916761","0000018335","Harding County","A","+45590649","-103497581","06",1646,3,5,0,0,3,0,0,0,12
"G4600650","1990","SD",,,,,,,,,,,"99","Hughes","065",,,"4","9999",,,,"9999","2","South Dakota","46",,,,,"0001919113","0000153788","Hughes County","A","+44393092","-099986777","06",13673,19,986,16,0,21,0,30,0,72
"G4600670","1990","SD",,,,,,,,,,,"99","Hutchinson","067",,,"4","9999",,,,"9999","2","South Dakota","46",,,,,"0002105755","0000003677","Hutchinson County","A","+43335361","-097747586","06",8210,0,31,10,0,4,0,0,0,7
"G4600690","1990","SD",,,,,,,,,,,"99","Hyde","069",,,"4","9999",,,,"9999","2","South Dakota","46",,,,,"0002230171","0000014471","Hyde County","A","+44554626","-099482159","06",1637,3,54,0,0,2,0,0,0,0
"G4600710","1990","SD",,,,,,,,,,,"99","Jackson","071",,,"4","9999",,,,"9999","2","South Dakota","46",,,,,"0004841467","0000005488","Jackson County","A","+43697000","-101636476","06",1616,0,1193,2,0,0,0,0,0,0
"G4600730","1990","SD",,,,,,,,,,,"99","Jerauld","073",,,"4","9999",,,,"9999","2","South Dakota","46",,,,,"0001373431","0000006185","Jerauld County","A","+44062161","-098622396","06",2419,0,0,6,0,0,0,0,0,0
"G4600750","1990","SD",,,,,,,,,,,"99","Jones","075",,,"4","9999",,,,"9999","2","South Dakota","46",,,,,"0002513953","0000002878","Jones County","A","+43951780","-100685817","06",1315,0,9,0,0,0,0,0,0,0
"G4600770","1990","SD",,,,,,,,,,,"99","Kingsbury","077",,,"4","9999",,,,"9999","2","South Dakota","46",,,,,"0002171519","0000065543","Kingsbury County","A","+44368957","-097489808","06",5902,0,11,10,0,2,0,0,0,0
"G4600790","1990","SD",,,,,,,,,,,"99","Lake","079",,,"4","9999",,,,"9999","2","South Dakota","46",,,,,"0001458863","0000030636","Lake County","A","+44019624","-097121663","06",10394,0,50,48,35,15,0,0,0,8
"G4600810","1990","SD",,,,,,,,,,,"99","Lawrence","081",,,"4","9999",,,,"9999","2","South Dakota","46",,,,,"0002072157","0000000723","Lawrence County","A","+44363726","-103790858","06",19749,21,534,43,6,204,0,30,0,68
"G4600830","1990","SD",,,,,,,,,,,"99","Lincoln","083",,,"4","9999",,,,"9999","2","South Dakota","46",,,,,"0001497380","0000001303","Lincoln County","A","+43279420","-096721935","06",15281,37,38,14,0,10,0,0,0,47
"G4600850","1990","SD",,,,,,,,,,,"99","Lyman","085",,,"4","9999",,,,"9999","2","South Dakota","46",,,,,"0004247814","0000173788","Lyman County","A","+43900473","-099849729","06",2575,2,1049,0,0,4,0,6,0,2
"G4600870","1990","SD",,,,,,,,,,,"99","McCook","087",,,"4","9999",,,,"9999","2","South Dakota","46",,,,,"0001488121","0000006841","McCook County","A","+43669909","-097361956","06",5652,0,30,2,0,2,0,0,0,2
"G4600890","1990","SD",,,,,,,,,,,"99","McPherson","089",,,"4","9999",,,,"9999","2","South Dakota","46",,,,,"0002944866","0000038615","McPherson County","A","+45765065","-099223900","06",3224,0,0,4,0,0,0,0,0,0
"G4600910","1990","SD",,,,,,,,,,,"99","Marshall","091",,,"4","9999",,,,"9999","2","South Dakota","46",,,,,"0002172718","0000121160","Marshall County","A","+45762753","-097601540","06",4546,0,284,5,0,5,0,0,0,4
"G4600930","1990","SD",,,,,,,,,,,"99","Meade","093",,,"4","9999",,,,"9999","2","South Dakota","46",,,,,"0008989489","0000030621","Meade County","A","+44566385","-102713481","06",20375,489,322,342,16,160,0,11,0,163
"G4600950","1990","SD",,,,,,,,,,,"99","Mellette","095",,,"4","9999",,,,"9999","2","South Dakota","46",,,,,"0003384126","0000008450","Mellette County","A","+43580181","-100761006","06",1125,3,985,3,2,8,0,11,0,0
"G4600970","1990","SD",,,,,,,,,,,"99","Miner","097",,,"4","9999",,,,"9999","2","South Dakota","46",,,,,"0001477281","0000004274","Miner County","A","+44023103","-097609958","06",3251,0,10,0,0,11,0,0,0,0
"G4600990","1990","SD",,,,,,,,,,,"99","Minnehaha","099",,,"4","7760",,,,"9999","2","South Dakota","46",,,,,"0002095767","0000011831","Minnehaha County","A","+43681463","-096785900","06",120110,774,1370,812,63,380,7,114,0,179
"G4601010","1990","SD",,,,,,,,,,,"99","Moody","101",,,"4","9999",,,,"9999","2","South Dakota","46",,,,,"0001346034","0000003692","Moody County","A","+44022801","-096672420","06",5980,10,502,15,0,0,0,0,0,0
"G4601030","1990","SD",,,,,,,,,,,"99","Pennington","103",,,"4","6660",,,,"9999","2","South Dakota","46",,,,,"0007190799","0000020960","Pennington County","A","+44006945","-102820047","06",71911,1195,5449,906,0,802,26,441,20,593
"G4601050","1990","SD",,,,,,,,,,,"99","Perkins","105",,,"4","9999",,,,"9999","2","South Dakota","46",,,,,"0007437851","0000049451","Perkins County","A","+45496378","-102482944","06",3845,7,59,0,0,14,0,0,0,7
"G4601070","1990","SD",,,,,,,,,,,"99","Potter","107",,,"4","9999",,,,"9999","2","South Dakota","46",,,,,"0002244311","0000082728","Potter County","A","+45064126","-099949695","06",3170,0,9,0,0,2,0,0,0,9
"G4601090","1990","SD",,,,,,,,,,,"99","Roberts","109",,,"4","9999",,,,"9999","2","South Dakota","46",,,,,"0002852463","0000088263","Roberts County","A","+45623555","-096947565","06",7588,0,2263,3,10,5,0,19,0,26
"G4601110","1990","SD",,,,,,,,,,,"99","Sanborn","111",,,"4","9999",,,,"9999","2","South Dakota","46",,,,,"0001473839","0000003106","Sanborn County","A","+44025361","-098090440","06",2819,0,0,2,0,12,0,0,0,0
"G4601130","1990","SD",,,,,,,,,,,"99","Shannon","113",,,"4","9999",,,,"9999","2","South Dakota","46",,,,,"0005423341","0000007164","Shannon County","A","+43331777","-102547032","06",505,8,9180,11,0,0,0,136,0,62
"G4601150","1990","SD",,,,,,,,,,,"99","Spink","115",,,"4","9999",,,,"9999","2","South Dakota","46",,,,,"0003895323","0000016056","Spink County","A","+44939872","-098346522","06",7920,0,61,0,0,0,0,0,0,0
"G4601170","1990","SD",,,,,,,,,,,"99","Stanley","117",,,"4","9999",,,,"9999","2","South Dakota","46",,,,,"0003738341","0000190852","Stanley County","A","+44400340","-100748171","06",2283,0,153,0,2,8,0,3,0,4
"G4601190","1990","SD",,,,,,,,,,,"99","Sully","119",,,"4","9999",,,,"9999","2","South Dakota","46",,,,,"0002608021","0000164370","Sully County","A","+44714831","-100130900","06",1569,0,15,0,0,5,0,0,0,0
"G4601210","1990","SD",,,,,,,,,,,"99","Todd","121",,,"4","9999",,,,"9999","2","South Dakota","46",,,,,"0003595502","0000007200","Todd County","A","+43179627","-100728883","06",1423,12,6804,0,0,2,0,77,0,34
"G4601230","1990","SD",,,,,,,,,,,"99","Tripp","123",,,"4","9999",,,,"9999","2","South Dakota","46",,,,,"0004179316","0000010040","Tripp County","A","+43341691","-099883842","06",6247,0,670,7,0,0,0,0,0,0
"G4601250","1990","SD",,,,,,,,,,,"99","Turner","125",,,"4","9999",,,,"9999","2","South Dakota","46",,,,,"0001597702","0000001625","Turner County","A","+43310084","-097151173","06",8540,1,21,4,0,10,0,0,0,0
"G4601270","1990","SD",,,,,,,,,,,"99","Union","127",,,"4","9999",,,,"9999","2","South Dakota","46",,,,,"0001192447","0000017356","Union County","A","+42831916","-096651542","06",10035,10,16,34,3,61,0,4,0,26
"G4601290","1990","SD",,,,,,,,,,,"99","Walworth","129",,,"4","9999",,,,"9999","2","South Dakota","46",,,,,"0001833318","0000094294","Walworth County","A","+45427712","-100027351","06",5578,0,462,7,0,40,0,0,0,0
"G4601350","1990","SD",,,,,,,,,,,"99","Yankton","135",,,"4","9999",,,,"9999","2","South Dakota","46",,,,,"0001350992","0000028599","Yankton County","A","+43008961","-097386759","06",18636,142,273,76,0,104,5,0,0,16
"G4601370","1990","SD",,,,,,,,,,,"99","Ziebach","137",,,"4","9999",,,,"9999","2","South Dakota","46",,,,,"0005082852","0000022580","Ziebach County","A","+44982242","-101669433","06",790,6,1382,4,0,0,0,34,0,4
"G4700010","1990","TN",,,,,,,,,,,"99","Anderson","001",,,"6","3840",,,,"9999","3","Tennessee","47",,,,,"0000874179","0000018940","Anderson County","A","+36112832","-084197066","06",64285,2678,169,515,21,460,3,26,25,68
"G4700030","1990","TN",,,,,,,,,,,"99","Bedford","003",,,"6","9999",,,,"9999","3","Tennessee","47",,,,,"0001226929","0000003024","Bedford County","A","+35513756","-086458047","06",26917,3069,14,165,0,200,0,0,0,46
"G4700050","1990","TN",,,,,,,,,,,"99","Benton","005",,,"6","9999",,,,"9999","3","Tennessee","47",,,,,"0001022561","0000107273","Benton County","A","+36069009","-088071640","06",14058,301,15,90,0,48,0,0,0,12
"G4700070","1990","TN",,,,,,,,,,,"99","Bledsoe","007",,,"6","9999",,,,"9999","3","Tennessee","47",,,,,"0001052404","0000001026","Bledsoe County","A","+35598757","-085207162","06",9239,368,39,0,0,9,0,0,0,14
"G4700090","1990","TN",,,,,,,,,,,"99","Blount","009",,,"6","3840",,,,"9999","3","Tennessee","47",,,,,"0001446700","0000020941","Blount County","A","+35686901","-083925565","06",82231,2672,224,436,44,340,0,0,9,13
"G4700110","1990","TN",,,,,,,,,,,"99","Bradley","011",,,"6","9999",,,,"9999","3","Tennessee","47",,,,,"0000851477","0000007164","Bradley County","A","+35153889","-084859853","06",69607,3143,168,158,19,408,11,15,7,176
"G4700130","1990","TN",,,,,,,,,,,"99","Campbell","013",,,"6","9999",,,,"9999","3","Tennessee","47",,,,,"0001243413","0000047104","Campbell County","A","+36405561","-084146314","06",34469,146,231,83,0,143,0,0,2,5
"G4700150","1990","TN",,,,,,,,,,,"99","Cannon","015",,,"6","9999",,,,"9999","3","Tennessee","47",,,,,"0000688078","0000000165","Cannon County","A","+35810088","-086062841","06",10245,194,0,7,0,12,0,0,0,9
"G4700170","1990","TN",,,,,,,,,,,"99","Carroll","017",,,"6","9999",,,,"9999","3","Tennessee","47",,,,,"0001551552","0000002162","Carroll County","A","+35976257","-088452112","06",24108,3140,80,27,0,143,4,0,0,12
"G4700190","1990","TN",,,,,,,,,,,"99","Carter","019",,,"6","3660",,,,"9999","3","Tennessee","47",,,,,"0000883356","0000017018","Carter County","A","+36295910","-082128917","06",50618,437,142,95,14,103,0,0,48,48
"G4700210","1990","TN",,,,,,,,,,,"99","Cheatham","021",,,"6","5360",,,,"9999","3","Tennessee","47",,,,,"0000783964","0000011589","Cheatham County","A","+36266733","-087079844","06",26335,570,20,13,0,181,0,0,4,17
"G4700230","1990","TN",,,,,,,,,,,"99","Chester","023",,,"6","9999",,,,"9999","3","Tennessee","47",,,,,"0000747314","0000000574","Chester County","A","+35425075","-088609154","06",11349,1396,13,13,0,25,18,0,0,5
"G4700250","1990","TN",,,,,,,,,,,"99","Claiborne","025",,,"6","9999",,,,"9999","3","Tennessee","47",,,,,"0001124825","0000018828","Claiborne County","A","+36483926","-083662483","06",25625,236,119,130,0,27,0,0,0,0
"G4700270","1990","TN",,,,,,,,,,,"99","Clay","027",,,"6","9999",,,,"9999","3","Tennessee","47",,,,,"0000611543","0000059946","Clay County","A","+36554418","-085543285","06",7083,121,10,0,0,0,0,0,2,22
"G4700290","1990","TN",,,,,,,,,,,"99","Cocke","029",,,"6","9999",,,,"9999","3","Tennessee","47",,,,,"0001125151","0000022657","Cocke County","A","+35926194","-083120093","06",28302,517,141,37,0,144,0,0,0,0
"G4700310","1990","TN",,,,,,,,,,,"99","Coffee","031",,,"6","9999",,,,"9999","3","Tennessee","47",,,,,"0001110874","0000014465","Coffee County","A","+35491586","-086074545","06",38078,1617,137,247,0,155,0,0,6,99
"G4700330","1990","TN",,,,,,,,,,,"99","Crockett","033",,,"6","9999",,,,"9999","3","Tennessee","47",,,,,"0000687096","0000000536","Crockett County","A","+35810366","-089132681","06",11056,2253,19,2,0,45,3,0,0,0
"G4700350","1990","TN",,,,,,,,,,,"99","Cumberland","035",,,"6","9999",,,,"9999","3","Tennessee","47",,,,,"0001765422","0000008648","Cumberland County","A","+35951401","-084997337","06",34127,5,469,37,0,78,0,0,0,20
"G4700370","1990","TN",,,,,,,,,,,"99","Davidson","037",,,"6","5360",,,,"9999","3","Tennessee","47",,,,,"0001300850","0000061905","Davidson County","B","+36168900","-086784641","06",379297,119067,1410,6476,322,2759,345,64,45,999
"G4700390","1990","TN",,,,,,,,,,,"99","Decatur","039",,,"6","9999",,,,"9999","3","Tennessee","47",,,,,"0000864845","0000028532","Decatur County","A","+35605487","-088105680","06",9972,409,13,16,1,53,0,0,0,8
"G4700410","1990","TN",,,,,,,,,,,"99","DeKalb","041",,,"6","9999",,,,"9999","3","Tennessee","47",,,,,"0000788883","0000063230","DeKalb County","A","+35979470","-085833312","06",14090,139,18,13,0,53,0,0,0,47
"G4700430","1990","TN",,,,,,,,,,,"99","Dickson","043",,,"6","5360",,,,"9999","3","Tennessee","47",,,,,"0001268888","0000003674","Dickson County","A","+36153651","-087361508","06",32936,1676,64,89,0,242,28,0,0,26
"G4700450","1990","TN",,,,,,,,,,,"99","Dyer","045",,,"6","9999",,,,"9999","3","Tennessee","47",,,,,"0001322416","0000041269","Dyer County","A","+36057273","-089411842","06",30452,4138,54,51,0,116,24,2,0,17
"G4700470","1990","TN",,,,,,,,,,,"99","Fayette","047",,,"6","9999",,,,"9999","3","Tennessee","47",,,,,"0001824771","0000004477","Fayette County","A","+35188741","-089413304","06",14056,11196,58,19,0,119,97,0,0,14
"G4700490","1990","TN",,,,,,,,,,,"99","Fentress","049",,,"6","9999",,,,"9999","3","Tennessee","47",,,,,"0001291528","0000000870","Fentress County","A","+36384006","-084927652","06",14628,0,8,16,0,16,0,0,0,1
"G4700510","1990","TN",,,,,,,,,,,"99","Franklin","051",,,"6","9999",,,,"9999","3","Tennessee","47",,,,,"0001432613","0000055006","Franklin County","A","+35151502","-086097176","06",32371,1997,72,116,0,130,20,6,0,13
"G4700530","1990","TN",,,,,,,,,,,"99","Gibson","053",,,"6","9999",,,,"9999","3","Tennessee","47",,,,,"0001561049","0000002372","Gibson County","A","+35999277","-088930092","06",37016,8925,22,63,0,192,20,0,0,77
"G4700550","1990","TN",,,,,,,,,,,"99","Giles","055",,,"6","9999",,,,"9999","3","Tennessee","47",,,,,"0001582409","0000000645","Giles County","A","+35202363","-087035741","06",22128,3374,22,90,9,95,0,0,0,23
"G4700570","1990","TN",,,,,,,,,,,"99","Grainger","057",,,"6","3840",,,,"9999","3","Tennessee","47",,,,,"0000726120","0000057250","Grainger County","A","+36277124","-083510921","06",16897,113,43,10,0,24,0,0,0,8
"G4700590","1990","TN",,,,,,,,,,,"99","Greene","059",,,"6","9999",,,,"9999","3","Tennessee","47",,,,,"0001610576","0000006276","Greene County","A","+36173342","-082846031","06",54158,1241,185,86,17,119,39,0,0,8
"G4700610","1990","TN",,,,,,,,,,,"99","Grundy","061",,,"6","9999",,,,"9999","3","Tennessee","47",,,,,"0000933919","0000001499","Grundy County","A","+35392309","-085720116","06",13264,12,35,16,0,35,0,0,0,0
"G4700630","1990","TN",,,,,,,,,,,"99","Hamblen","063",,,"6","9999",,,,"9999","3","Tennessee","47",,,,,"0000417098","0000038181","Hamblen County","A","+36217813","-083266137","06",47759,2335,120,119,13,112,0,0,0,22
"G4700650","1990","TN",,,,,,,,,,,"99","Hamilton","065",,,"6","1560",,,,"9999","3","Tennessee","47",,,,,"0001405064","0000086159","Hamilton County","A","+35181708","-085167580","06",226222,54251,762,2339,97,1237,126,10,42,450
"G4700670","1990","TN",,,,,,,,,,,"99","Hancock","067",,,"6","9999",,,,"9999","3","Tennessee","47",,,,,"0000575766","0000003130","Hancock County","A","+36525586","-083219764","06",6587,122,21,5,2,2,0,0,0,0
"G4700690","1990","TN",,,,,,,,,,,"99","Hardeman","069",,,"6","9999",,,,"9999","3","Tennessee","47",,,,,"0001729046","0000007404","Hardeman County","A","+35203033","-088996804","06",14441,8786,7,34,0,109,0,0,0,0
"G4700710","1990","TN",,,,,,,,,,,"99","Hardin","071",,,"6","9999",,,,"9999","3","Tennessee","47",,,,,"0001496779","0000047791","Hardin County","A","+35195383","-088186344","06",21539,973,56,37,0,21,0,0,0,7
"G4700730","1990","TN",,,,,,,,,,,"99","Hawkins","073",,,"6","3660",,,,"9999","3","Tennessee","47",,,,,"0001260517","0000033607","Hawkins County","A","+36435910","-082948661","06",43447,793,119,69,15,103,0,0,0,19
"G4700750","1990","TN",,,,,,,,,,,"99","Haywood","075",,,"6","9999",,,,"9999","3","Tennessee","47",,,,,"0001381107","0000002456","Haywood County","A","+35580088","-089286435","06",9567,9611,37,9,0,91,12,0,0,110
"G4700770","1990","TN",,,,,,,,,,,"99","Henderson","077",,,"6","9999",,,,"9999","3","Tennessee","47",,,,,"0001346958","0000015258","Henderson County","A","+35654930","-088386314","06",19896,1758,28,5,0,128,24,0,5,0
"G4700790","1990","TN",,,,,,,,,,,"99","Henry","079",,,"6","9999",,,,"9999","3","Tennessee","47",,,,,"0001454941","0000082209","Henry County","A","+36327336","-088298902","06",24922,2831,56,15,6,20,0,0,0,38
"G4700810","1990","TN",,,,,,,,,,,"99","Hickman","081",,,"6","9999",,,,"9999","3","Tennessee","47",,,,,"0001586889","0000000133","Hickman County","A","+35800109","-087474381","06",15791,838,0,0,0,70,0,7,0,48
"G4700830","1990","TN",,,,,,,,,,,"99","Houston","083",,,"6","9999",,,,"9999","3","Tennessee","47",,,,,"0000518580","0000017382","Houston County","A","+36282538","-087713578","06",6672,277,11,0,0,49,2,2,2,3
"G4700850","1990","TN",,,,,,,,,,,"99","Humphreys","085",,,"6","9999",,,,"9999","3","Tennessee","47",,,,,"0001378513","0000063465","Humphreys County","A","+36032690","-087773093","06",15202,475,42,72,0,4,0,0,0,0
"G4700870","1990","TN",,,,,,,,,,,"99","Jackson","087",,,"6","9999",,,,"9999","3","Tennessee","47",,,,,"0000800048","0000027644","Jackson County","A","+36355165","-085670208","06",9125,20,16,42,23,71,0,0,0,0
"G4700890","1990","TN",,,,,,,,,,,"99","Jefferson","089",,,"6","3840",,,,"9999","3","Tennessee","47",,,,,"0000709213","0000104924","Jefferson County","A","+36050118","-083447215","06",31863,927,87,22,31,71,0,0,0,15
"G4700910","1990","TN",,,,,,,,,,,"99","Johnson","091",,,"6","9999",,,,"9999","3","Tennessee","47",,,,,"0000773101","0000011038","Johnson County","A","+36457805","-081858900","06",13675,60,12,6,0,4,0,0,0,9
"G4700930","1990","TN",,,,,,,,,,,"99","Knox","093",,,"6","3840",,,,"9999","3","Tennessee","47",,,,,"0001316994","0000044862","Knox County","A","+35992500","-083937408","06",300428,29232,950,3103,101,1360,67,46,33,429
"G4700950","1990","TN",,,,,,,,,,,"99","Lake","095",,,"6","9999",,,,"9999","3","Tennessee","47",,,,,"0000423282","0000078686","Lake County","A","+36341338","-089492300","06",5407,1697,0,0,0,11,14,0,0,0
"G4700970","1990","TN",,,,,,,,,,,"99","Lauderdale","097",,,"6","9999",,,,"9999","3","Tennessee","47",,,,,"0001218546","0000095031","Lauderdale County","A","+35757434","-089634774","06",15886,7320,56,24,0,125,13,0,0,67
"G4700990","1990","TN",,,,,,,,,,,"99","Lawrence","099",,,"6","9999",,,,"9999","3","Tennessee","47",,,,,"0001598590","0000001919","Lawrence County","A","+35223766","-087393263","06",34694,397,37,65,0,95,0,0,0,15
"G4701010","1990","TN",,,,,,,,,,,"99","Lewis","101",,,"6","9999",,,,"9999","3","Tennessee","47",,,,,"0000730678","0000000991","Lewis County","A","+35521788","-087494841","06",9076,81,17,38,0,31,0,0,0,4
"G4701030","1990","TN",,,,,,,,,,,"99","Lincoln","103",,,"6","9999",,,,"9999","3","Tennessee","47",,,,,"0001477054","0000001012","Lincoln County","A","+35140702","-086588480","06",25546,2360,71,32,0,95,23,0,0,30
"G4701050","1990","TN",,,,,,,,,,,"99","Loudon","105",,,"6","9999",,,,"9999","3","Tennessee","47",,,,,"0000592116","0000047723","Loudon County","A","+35734401","-084312001","06",30676,362,46,55,9,86,0,0,0,21
"G4701070","1990","TN",,,,,,,,,,,"99","McMinn","107",,,"6","9999",,,,"9999","3","Tennessee","47",,,,,"0001114470","0000005029","McMinn County","A","+35424689","-084618065","06",40115,1990,145,49,0,69,0,0,6,9
"G4701090","1990","TN",,,,,,,,,,,"99","McNairy","109",,,"6","9999",,,,"9999","3","Tennessee","47",,,,,"0001450609","0000002050","McNairy County","A","+35175253","-088564230","06",20890,1434,16,34,0,42,0,0,0,6
"G4701110","1990","TN",,,,,,,,,,,"99","Macon","111",,,"6","9999",,,,"9999","3","Tennessee","47",,,,,"0000795509","0000000149","Macon County","A","+36529292","-086005371","06",15728,60,54,0,45,19,0,0,0,0
"G4701130","1990","TN",,,,,,,,,,,"99","Madison","113",,,"6","3580",,,,"9999","3","Tennessee","47",,,,,"0001442933","0000004038","Madison County","A","+35608057","-088838707","06",53249,24098,49,266,0,184,78,0,0,58
"G4701150","1990","TN",,,,,,,,,,,"99","Marion","115",,,"6","1560",,,,"9999","3","Tennessee","47",,,,,"0001294581","0000036154","Marion County","A","+35127629","-085610305","06",23624,1012,89,27,0,67,0,0,0,41
"G4701170","1990","TN",,,,,,,,,,,"99","Marshall","117",,,"6","9999",,,,"9999","3","Tennessee","47",,,,,"0000972258","0000001931","Marshall County","A","+35467106","-086766868","06",19456,1892,56,15,15,71,15,0,0,19
"G4701190","1990","TN",,,,,,,,,,,"99","Maury","119",,,"6","9999",,,,"9999","3","Tennessee","47",,,,,"0001587463","0000006865","Maury County","A","+35615798","-087076364","06",45919,8524,92,119,0,81,0,0,6,71
"G4701210","1990","TN",,,,,,,,,,,"99","Meigs","121",,,"6","9999",,,,"9999","3","Tennessee","47",,,,,"0000504717","0000056781","Meigs County","A","+35514694","-084810033","06",7812,151,59,0,0,11,0,0,0,0
"G4701230","1990","TN",,,,,,,,,,,"99","Monroe","123",,,"6","9999",,,,"9999","3","Tennessee","47",,,,,"0001645293","0000045677","Monroe County","A","+35447590","-084250833","06",29394,792,37,60,0,194,0,0,0,64
"G4701250","1990","TN",,,,,,,,,,,"99","Montgomery","125",,,"6","1660",,,,"9999","3","Tennessee","47",,,,,"0001396427","0000012204","Montgomery County","A","+36495480","-087381542","06",77917,17694,451,1703,59,1225,204,3,124,1118
"G4701270","1990","TN",,,,,,,,,,,"99","Moore","127",,,"6","9999",,,,"9999","3","Tennessee","47",,,,,"0000334552","0000003122","Moore County","N","+35284220","-086357414","06",4531,172,13,0,0,5,0,0,0,0
"G4701290","1990","TN",,,,,,,,,,,"99","Morgan","129",,,"6","9999",,,,"9999","3","Tennessee","47",,,,,"0001352162","0000000887","Morgan County","A","+36131087","-084641665","06",16854,203,88,38,6,68,0,17,0,26
"G4701310","1990","TN",,,,,,,,,,,"99","Obion","131",,,"6","9999",,,,"9999","3","Tennessee","47",,,,,"0001411418","0000027016","Obion County","A","+36361447","-089146594","06",28246,3233,51,54,4,74,6,0,0,49
"G4701330","1990","TN",,,,,,,,,,,"99","Overton","133",,,"6","9999",,,,"9999","3","Tennessee","47",,,,,"0001122411","0000003798","Overton County","A","+36343800","-085285354","06",17525,44,16,0,0,45,0,0,0,6
"G4701350","1990","TN",,,,,,,,,,,"99","Perry","135",,,"6","9999",,,,"9999","3","Tennessee","47",,,,,"0001074655","0000020726","Perry County","A","+35635531","-087868156","06",6453,113,20,15,0,8,0,0,0,3
"G4701370","1990","TN",,,,,,,,,,,"99","Pickett","137",,,"6","9999",,,,"9999","3","Tennessee","47",,,,,"0000421933","0000030203","Pickett County","A","+36558238","-085079045","06",4525,0,0,6,0,17,0,0,0,0
"G4701390","1990","TN",,,,,,,,,,,"99","Polk","139",,,"6","9999",,,,"9999","3","Tennessee","47",,,,,"0001126925","0000018855","Polk County","A","+35126323","-084515542","06",13527,0,10,55,0,51,0,0,0,0
"G4701410","1990","TN",,,,,,,,,,,"99","Putnam","141",,,"6","9999",,,,"9999","3","Tennessee","47",,,,,"0001038501","0000003818","Putnam County","A","+36139518","-085496221","06",49427,925,83,529,0,268,0,0,0,141
"G4701430","1990","TN",,,,,,,,,,,"99","Rhea","143",,,"6","9999",,,,"9999","3","Tennessee","47",,,,,"0000818310","0000052972","Rhea County","A","+35608595","-084918053","06",23472,528,72,33,56,103,4,12,0,64
"G4701450","1990","TN",,,,,,,,,,,"99","Roane","145",,,"6","9999",,,,"9999","3","Tennessee","47",,,,,"0000934973","0000088055","Roane County","A","+35847249","-084522972","06",45191,1534,87,127,15,231,0,0,0,42
"G4701470","1990","TN",,,,,,,,,,,"99","Robertson","147",,,"6","5360",,,,"9999","3","Tennessee","47",,,,,"0001234170","0000000527","Robertson County","A","+36525008","-086870201","06",36662,4521,80,57,3,154,5,0,0,12
"G4701490","1990","TN",,,,,,,,,,,"99","Rutherford","149",,,"6","5360",,,,"9999","3","Tennessee","47",,,,,"0001603140","0000013014","Rutherford County","A","+35843234","-086416543","06",105203,10560,302,1510,39,671,19,87,65,114
"G4701510","1990","TN",,,,,,,,,,,"99","Scott","151",,,"6","9999",,,,"9999","3","Tennessee","47",,,,,"0001378193","0000002916","Scott County","A","+36433287","-084513935","06",18226,20,85,17,10,0,0,0,0,0
"G4701530","1990","TN",,,,,,,,,,,"99","Sequatchie","153",,,"6","1560",,,,"9999","3","Tennessee","47",,,,,"0000688589","0000000460","Sequatchie County","A","+35369655","-085412463","06",8857,0,6,0,0,0,0,0,0,0
"G4701550","1990","TN",,,,,,,,,,,"99","Sevier","155",,,"6","3840",,,,"9999","3","Tennessee","47",,,,,"0001534134","0000014085","Sevier County","A","+35782564","-083520848","06",50264,180,139,93,6,289,9,9,7,47
"G4701570","1990","TN",,,,,,,,,,,"99","Shelby","157",,,"6","4920",,,,"9999","3","Tennessee","47",,,,,"0001955117","0000074635","Shelby County","A","+35184300","-089892262","06",451158,359153,1641,7381,402,3423,1190,67,218,1697
"G4701590","1990","TN",,,,,,,,,,,"99","Smith","159",,,"6","9999",,,,"9999","3","Tennessee","47",,,,,"0000814395","0000028328","Smith County","A","+36248527","-085957049","06",13549,502,26,28,0,36,0,0,0,2
"G4701610","1990","TN",,,,,,,,,,,"99","Stewart","161",,,"6","9999",,,,"9999","3","Tennessee","47",,,,,"0001185442","0000091996","Stewart County","A","+36499703","-087837981","06",9231,102,78,19,0,48,0,0,0,1
"G4701630","1990","TN",,,,,,,,,,,"99","Sullivan","163",,,"6","3660",,,,"9999","3","Tennessee","47",,,,,"0001069793","0000043160","Sullivan County","A","+36514955","-082299835","06",139850,2364,508,500,12,276,0,19,12,55
"G4701650","1990","TN",,,,,,,,,,,"99","Sumner","165",,,"6","5360",,,,"9999","3","Tennessee","47",,,,,"0001371018","0000035761","Sumner County","A","+36467611","-086456380","06",96920,5381,255,274,6,323,0,27,3,92
"G4701670","1990","TN",,,,,,,,,,,"99","Tipton","167",,,"6","4920",,,,"9999","3","Tennessee","47",,,,,"0001189825","0000039791","Tipton County","A","+35492198","-089757474","06",28250,8840,149,149,0,108,20,0,11,41
"G4701690","1990","TN",,,,,,,,,,,"99","Trousdale","169",,,"6","9999",,,,"9999","3","Tennessee","47",,,,,"0000295907","0000006227","Trousdale County","A","+36393167","-086156392","06",5020,852,15,0,0,20,2,0,6,5
"G4701710","1990","TN",,,,,,,,,,,"99","Unicoi","171",,,"6","3660",,,,"9999","3","Tennessee","47",,,,,"0000482109","0000000908","Unicoi County","A","+36103068","-082427883","06",16434,2,0,14,0,74,0,0,0,25
"G4701730","1990","TN",,,,,,,,,,,"99","Union","173",,,"6","3840",,,,"9999","3","Tennessee","47",,,,,"0000579054","0000061050","Union County","A","+36281919","-083838534","06",13578,0,8,22,0,66,0,15,0,5
"G4701750","1990","TN",,,,,,,,,,,"99","Van Buren","175",,,"6","9999",,,,"9999","3","Tennessee","47",,,,,"0000708299","0000002943","Van Buren County","A","+35693182","-085462045","06",4824,0,6,0,0,12,0,0,0,4
"G4701770","1990","TN",,,,,,,,,,,"99","Warren","177",,,"6","9999",,,,"9999","3","Tennessee","47",,,,,"0001120696","0000003662","Warren County","A","+35677516","-085776728","06",31414,1229,62,73,0,125,0,0,0,89
"G4701790","1990","TN",,,,,,,,,,,"99","Washington","179",,,"6","3660",,,,"9999","3","Tennessee","47",,,,,"0000844918","0000009032","Washington County","A","+36293700","-082497179","06",88198,3085,175,323,15,426,30,14,0,49
"G4701810","1990","TN",,,,,,,,,,,"99","Wayne","181",,,"6","9999",,,,"9999","3","Tennessee","47",,,,,"0001901114","0000004231","Wayne County","A","+35235790","-087786972","06",13765,123,16,3,0,28,0,0,0,0
"G4701830","1990","TN",,,,,,,,,,,"99","Weakley","183",,,"6","9999",,,,"9999","3","Tennessee","47",,,,,"0001502920","0000004076","Weakley County","A","+36294905","-088716884","06",29454,2115,39,261,24,73,1,0,0,5
"G4701850","1990","TN",,,,,,,,,,,"99","White","185",,,"6","9999",,,,"9999","3","Tennessee","47",,,,,"0000975760","0000007261","White County","A","+35926720","-085454978","06",19581,351,28,33,10,87,0,0,0,0
"G4701870","1990","TN",,,,,,,,,,,"99","Williamson","187",,,"6","5360",,,,"9999","3","Tennessee","47",,,,,"0001509267","0000002433","Williamson County","A","+35893759","-086899195","06",74459,5445,174,490,13,289,0,0,8,143
"G4701890","1990","TN",,,,,,,,,,,"99","Wilson","189",,,"6","5360",,,,"9999","3","Tennessee","47",,,,,"0001477946","0000032712","Wilson County","A","+36157815","-086298660","06",62096,4579,180,287,5,321,106,0,28,73
"G4800010","1990","TX",,,,,,,,,,,"99","Anderson","001",,,"7","9999",,,,"9999","3","Texas","48",,,,,"0002773689","0000018429","Anderson County","A","+31812084","-095647441","06",32803,11158,114,88,104,648,0,16,18,3075
"G4800030","1990","TX",,,,,,,,,,,"99","Andrews","003",,,"7","9999",,,,"9999","3","Texas","48",,,,,"0003886893","0000000935","Andrews County","A","+32298585","-102639393","06",9350,242,104,66,54,1551,7,0,0,2964
"G4800050","1990","TX",,,,,,,,,,,"99","Angelina","005",,,"7","9999",,,,"9999","3","Texas","48",,,,,"0002076207","0000162883","Angelina County","A","+31256099","-094606858","06",53068,10654,263,374,47,1678,68,22,9,3701
"G4800070","1990","TX",,,,,,,,,,,"99","Aransas","007",,,"7","9999",,,,"9999","3","Texas","48",,,,,"0000652561","0000714972","Aransas County","A","+28095649","-096987988","06",13276,260,83,605,42,2039,8,0,0,1579
"G4800090","1990","TX",,,,,,,,,,,"99","Archer","009",,,"7","9999",,,,"9999","3","Texas","48",,,,,"0002356297","0000041667","Archer County","A","+33614468","-098690961","06",7771,15,43,8,0,51,0,0,0,85
"G4800110","1990","TX",,,,,,,,,,,"99","Armstrong","011",,,"7","9999",,,,"9999","3","Texas","48",,,,,"0002366417","0000000459","Armstrong County","A","+34965951","-101352778","06",1923,0,14,0,3,17,0,0,3,61
"G4800130","1990","TX",,,,,,,,,,,"99","Atascosa","013",,,"7","9999",,,,"9999","3","Texas","48",,,,,"0003191432","0000009101","Atascosa County","A","+28889887","-098527509","06",14225,98,80,70,60,10833,16,30,12,5109
"G4800150","1990","TX",,,,,,,,,,,"99","Austin","015",,,"7","9999",,,,"9999","3","Texas","48",,,,,"0001690361","0000009793","Austin County","A","+29883407","-096277412","06",15203,2603,46,28,0,1041,23,0,0,888
"G4800170","1990","TX",,,,,,,,,,,"99","Bailey","017",,,"7","9999",,,,"9999","3","Texas","48",,,,,"0002141280","0000001774","Bailey County","A","+34067427","-102829715","06",3773,152,0,0,30,2736,0,14,0,359
"G4800190","1990","TX",,,,,,,,,,,"99","Bandera","019",,,"7","9999",,,,"9999","3","Texas","48",,,,,"0002050685","0000015103","Bandera County","A","+29736098","-099230642","06",9322,34,41,19,0,788,0,0,0,358
"G4800210","1990","TX",,,,,,,,,,,"99","Bastrop","021",,,"7","9999",,,,"9999","3","Texas","48",,,,,"0002301089","0000019520","Bastrop County","A","+30103798","-097311543","06",26751,4363,127,137,121,2886,149,19,0,3710
"G4800230","1990","TX",,,,,,,,,,,"99","Baylor","023",,,"7","9999",,,,"9999","3","Texas","48",,,,,"0002255460","0000078328","Baylor County","A","+33626664","-099215518","06",3899,180,19,14,5,63,0,0,0,205
"G4800250","1990","TX",,,,,,,,,,,"99","Bee","025",,,"7","9999",,,,"9999","3","Texas","48",,,,,"0002279780","0000000441","Bee County","A","+28417263","-097740424","06",11232,743,80,124,40,8248,61,32,15,4560
"G4800270","1990","TX",,,,,,,,,,,"99","Bell","027",,,"7","3810",,,,"9999","3","Texas","48",,,,,"0002742779","0000073042","Bell County","A","+31037453","-097475901","06",125338,35238,1027,5299,154,10708,829,188,224,12083
"G4800290","1990","TX",,,,,,,,,,,"99","Bexar","029",,,"7","7240",,,,"9999","3","Texas","48",,,,,"0003229537","0000025466","Bexar County","A","+29448583","-098519868","06",498512,82134,2685,14020,1919,381143,2466,1694,1209,199612
"G4800310","1990","TX",,,,,,,,,,,"99","Blanco","031",,,"7","9999",,,,"9999","3","Texas","48",,,,,"0001842259","0000005606","Blanco County","A","+30267305","-098399450","06",5075,34,18,27,0,537,0,0,0,281
"G4800330","1990","TX",,,,,,,,,,,"99","Borden","033",,,"7","9999",,,,"9999","3","Texas","48",,,,,"0002328052","0000018766","Borden County","A","+32739076","-101426367","06",691,0,0,0,0,91,4,0,0,13
"G4800350","1990","TX",,,,,,,,,,,"99","Bosque","035",,,"7","9999",,,,"9999","3","Texas","48",,,,,"0002562226","0000034811","Bosque County","A","+31901794","-097629102","06",13320,304,24,7,15,996,0,0,2,457
"G4800370","1990","TX",,,,,,,,,,,"99","Bowie","037",,,"7","8360",,,,"9999","3","Texas","48",,,,,"0002299765","0000090364","Bowie County","A","+33445682","-094422660","06",61594,17811,470,366,72,942,71,2,0,337
"G4800390","1990","TX",,,,,,,,,,,"42","Brazoria","039",,,"7","3362",,,,"1145","3","Texas","48",,,,,"0003592032","0000545601","Brazoria County","A","+29169166","-095435296","06",140050,15508,795,1952,160,15020,252,125,71,17774
"G4800410","1990","TX",,,,,,,,,,,"99","Brazos","041",,,"7","1260",,,,"9999","3","Texas","48",,,,,"0001517291","0000011705","Brazos County","A","+30661650","-096300526","06",87286,13573,264,4425,109,7496,65,69,35,8540
"G4800430","1990","TX",,,,,,,,,,,"99","Brewster","043",,,"7","9999",,,,"9999","3","Texas","48",,,,,"0016039987","0000000458","Brewster County","A","+29807048","-103245707","06",4843,39,32,72,0,3457,14,0,0,224
"G4800450","1990","TX",,,,,,,,,,,"99","Briscoe","045",,,"7","9999",,,,"9999","3","Texas","48",,,,,"0002331784","0000003454","Briscoe County","A","+34525630","-101206877","06",1520,61,7,0,0,42,0,2,0,339
"G4800470","1990","TX",,,,,,,,,,,"99","Brooks","047",,,"7","9999",,,,"9999","3","Texas","48",,,,,"0002443263","0000000848","Brooks County","A","+27041691","-098211783","06",860,0,0,0,0,5903,11,0,0,1430
"G4800490","1990","TX",,,,,,,,,,,"99","Brown","049",,,"7","9999",,,,"9999","3","Texas","48",,,,,"0002444929","0000033776","Brown County","A","+31771917","-098998381","06",28877,1507,108,41,39,1458,6,0,0,2335
"G4800510","1990","TX",,,,,,,,,,,"99","Burleson","051",,,"7","9999",,,,"9999","3","Texas","48",,,,,"0001723945","0000031646","Burleson County","A","+30493350","-096621407","06",9576,2376,44,0,0,617,52,6,0,954
"G4800530","1990","TX",,,,,,,,,,,"99","Burnet","053",,,"7","9999",,,,"9999","3","Texas","48",,,,,"0002577809","0000064448","Burnet County","A","+30783602","-098184677","06",19895,260,52,61,49,917,2,20,25,1396
"G4800550","1990","TX",,,,,,,,,,,"99","Caldwell","055",,,"7","9999",,,,"9999","3","Texas","48",,,,,"0001413589","0000004331","Caldwell County","A","+29836706","-097613817","06",13588,2763,14,124,51,5325,59,42,12,4414
"G4800570","1990","TX",,,,,,,,,,,"99","Calhoun","057",,,"7","9999",,,,"9999","3","Texas","48",,,,,"0001327014","0001346497","Calhoun County","A","+28436184","-096605182","06",11051,574,25,526,8,3784,0,0,0,3085
"G4800590","1990","TX",,,,,,,,,,,"99","Callahan","059",,,"7","9999",,,,"9999","3","Texas","48",,,,,"0002327622","0000006836","Callahan County","A","+32291665","-099371110","06",11327,0,25,27,0,232,0,0,3,245
"G4800610","1990","TX",,,,,,,,,,,"99","Cameron","061",,,"7","1240",,,,"9999","3","Texas","48",,,,,"0002345421","0000960512","Cameron County","A","+26149481","-097449175","06",45741,622,224,526,415,168683,281,391,117,43120
"G4800630","1990","TX",,,,,,,,,,,"99","Camp","063",,,"7","9999",,,,"9999","3","Texas","48",,,,,"0000511595","0000014729","Camp County","A","+32973045","-094978874","06",6966,2362,51,8,0,164,0,11,0,342
"G4800650","1990","TX",,,,,,,,,,,"99","Carson","065",,,"7","9999",,,,"9999","3","Texas","48",,,,,"0002391191","0000002350","Carson County","A","+35405426","-101354862","06",6136,15,48,12,4,158,0,0,0,203
"G4800670","1990","TX",,,,,,,,,,,"99","Cass","067",,,"7","9999",,,,"9999","3","Texas","48",,,,,"0002428037","0000059419","Cass County","A","+33071051","-094345845","06",23533,6028,44,0,0,189,33,2,5,148
"G4800690","1990","TX",,,,,,,,,,,"99","Castro","069",,,"7","9999",,,,"9999","3","Texas","48",,,,,"0002326914","0000002494","Castro County","A","+34534122","-102256718","06",4633,239,11,0,22,920,0,0,0,3245
"G4800710","1990","TX",,,,,,,,,,,"99","Chambers","071",,,"7","9999",,,,"9999","3","Texas","48",,,,,"0001552351","0000697298","Chambers County","A","+29703602","-094679441","06",16344,2437,39,263,5,462,5,0,9,524
"G4800730","1990","TX",,,,,,,,,,,"99","Cherokee","073",,,"7","9999",,,,"9999","3","Texas","48",,,,,"0002725504","0000025133","Cherokee County","A","+31835463","-095166649","06",31469,6872,103,165,23,596,60,6,0,1755
"G4800750","1990","TX",,,,,,,,,,,"99","Childress","075",,,"7","9999",,,,"9999","3","Texas","48",,,,,"0001839895","0000008477","Childress County","A","+34536440","-100202132","06",4731,321,36,35,0,210,0,0,0,620
"G4800770","1990","TX",,,,,,,,,,,"99","Clay","077",,,"7","9999",,,,"9999","3","Texas","48",,,,,"0002843465","0000047548","Clay County","A","+33789854","-098205021","06",9702,35,123,16,0,64,0,0,0,84
"G4800790","1990","TX",,,,,,,,,,,"99","Cochran","079",,,"7","9999",,,,"9999","3","Texas","48",,,,,"0002007897","0000000227","Cochran County","A","+33603881","-102830864","06",2275,225,16,5,13,722,9,3,0,1109
"G4800810","1990","TX",,,,,,,,,,,"99","Coke","081",,,"7","9999",,,,"9999","3","Texas","48",,,,,"0002328147","0000075547","Coke County","A","+31883748","-100530717","06",3064,0,6,0,4,169,0,0,0,181
"G4800830","1990","TX",,,,,,,,,,,"99","Coleman","083",,,"7","9999",,,,"9999","3","Texas","48",,,,,"0003296924","0000022295","Coleman County","A","+31772823","-099454126","06",8303,237,54,0,22,655,0,0,0,439
"G4800850","1990","TX",,,,,,,,,,,"31","Collin","085",,,"7","1922",,,,"1920","3","Texas","48",,,,,"0002195576","0000098932","Collin County","A","+33184602","-096577641","06",227523,10305,1137,7407,72,7944,176,130,130,9212
"G4800870","1990","TX",,,,,,,,,,,"99","Collingsworth","087",,,"7","9999",,,,"9999","3","Texas","48",,,,,"0002379796","0000001664","Collingsworth County","A","+34967149","-100269645","06",2746,228,21,4,4,240,1,2,0,327
"G4800890","1990","TX",,,,,,,,,,,"99","Colorado","089",,,"7","9999",,,,"9999","3","Texas","48",,,,,"0002494254","0000027568","Colorado County","A","+29621759","-096518732","06",12403,3099,52,31,9,900,27,6,0,1856
"G4800910","1990","TX",,,,,,,,,,,"99","Comal","091",,,"7","7240",,,,"9999","3","Texas","48",,,,,"0001454277","0000034054","Comal County","A","+29810502","-098283519","06",39333,429,109,142,55,7507,6,13,18,4220
"G4800930","1990","TX",,,,,,,,,,,"99","Comanche","093",,,"7","9999",,,,"9999","3","Texas","48",,,,,"0002428801","0000025847","Comanche County","A","+31950806","-098557533","06",11138,0,22,0,17,1198,4,13,0,989
"G4800950","1990","TX",,,,,,,,,,,"99","Concho","095",,,"7","9999",,,,"9999","3","Texas","48",,,,,"0002568045","0000005777","Concho County","A","+31332458","-099863987","06",1845,20,0,0,0,899,0,0,2,278
"G4800970","1990","TX",,,,,,,,,,,"99","Cooke","097",,,"7","9999",,,,"9999","3","Texas","48",,,,,"0002263119","0000064955","Cooke County","A","+33637623","-097212517","06",27889,1148,218,99,4,506,22,0,0,891
"G4800990","1990","TX",,,,,,,,,,,"99","Coryell","099",,,"7","3810",,,,"9999","3","Texas","48",,,,,"0002724301","0000012846","Coryell County","A","+31391048","-097797886","06",42977,13323,383,1519,89,2184,262,37,124,3315
"G4801010","1990","TX",,,,,,,,,,,"99","Cottle","101",,,"7","9999",,,,"9999","3","Texas","48",,,,,"0002334225","0000001078","Cottle County","A","+34081223","-100274555","06",1676,199,2,8,0,177,0,0,0,185
"G4801030","1990","TX",,,,,,,,,,,"99","Crane","103",,,"7","9999",,,,"9999","3","Texas","48",,,,,"0002034769","0000000075","Crane County","A","+31411048","-102521101","06",2920,126,16,9,30,184,0,0,0,1367
"G4801050","1990","TX",,,,,,,,,,,"99","Crockett","105",,,"7","9999",,,,"9999","3","Texas","48",,,,,"0007271805","0000000032","Crockett County","A","+30731935","-101408540","06",2005,42,10,0,0,2009,12,0,0,0
"G4801070","1990","TX",,,,,,,,,,,"99","Crosby","107",,,"7","9999",,,,"9999","3","Texas","48",,,,,"0002329876","0000005633","Crosby County","A","+33612604","-101297568","06",3872,320,2,3,10,1928,10,0,0,1159
"G4801090","1990","TX",,,,,,,,,,,"99","Culberson","109",,,"7","9999",,,,"9999","3","Texas","48",,,,,"0009874888","0000000635","Culberson County","A","+31445363","-104523738","06",954,0,9,21,0,1455,0,0,0,968
"G4801110","1990","TX",,,,,,,,,,,"99","Dallam","111",,,"7","9999",,,,"9999","3","Texas","48",,,,,"0003897437","0000001461","Dallam County","A","+36286684","-102593764","06",4141,73,43,6,6,460,0,42,0,690
"G4801130","1990","TX",,,,,,,,,,,"31","Dallas","113",,,"7","1922",,,,"1920","3","Texas","48",,,,,"0002278896","0000075076","Dallas County","A","+32766851","-096778007","06",1118840,366080,8285,50003,2060,124311,3803,1293,1141,176994
"G4801150","1990","TX",,,,,,,,,,,"99","Dawson","115",,,"7","9999",,,,"9999","3","Texas","48",,,,,"0002336449","0000000155","Dawson County","A","+32742354","-101947095","06",7644,611,9,0,21,2185,6,0,0,3873
"G4801170","1990","TX",,,,,,,,,,,"99","Deaf Smith","117",,,"7","9999",,,,"9999","3","Texas","48",,,,,"0003878368","0000002395","Deaf Smith County","A","+34973393","-102602399","06",9448,267,45,54,6,5086,9,9,7,4222
"G4801190","1990","TX",,,,,,,,,,,"99","Delta","119",,,"7","9999",,,,"9999","3","Texas","48",,,,,"0000717876","0000001985","Delta County","A","+33386586","-095674455","06",4421,355,34,0,0,33,0,0,0,14
"G4801210","1990","TX",,,,,,,,,,,"31","Denton","121",,,"7","1922",,,,"1920","3","Texas","48",,,,,"0002301191","0000179298","Denton County","A","+33204366","-097117642","06",232743,13269,1766,6771,178,8860,223,40,111,9564
"G4801230","1990","TX",,,,,,,,,,,"99","Dewitt","123",,,"7","9999",,,,"9999","3","Texas","48",,,,,"0002355034","0000003297","DeWitt County","A","+29080906","-097355051","06",12296,2016,26,0,0,2064,116,6,0,2316
"G4801250","1990","TX",,,,,,,,,,,"99","Dickens","125",,,"7","9999",,,,"9999","3","Texas","48",,,,,"0002342034","0000002600","Dickens County","A","+33620179","-100779070","06",1967,100,12,1,0,236,2,2,0,251
"G4801270","1990","TX",,,,,,,,,,,"99","Dimmit","127",,,"7","9999",,,,"9999","3","Texas","48",,,,,"0003447306","0000009254","Dimmit County","A","+28424499","-099749168","06",1586,127,34,0,28,6017,0,0,0,2641
"G4801290","1990","TX",,,,,,,,,,,"99","Donley","129",,,"7","9999",,,,"9999","3","Texas","48",,,,,"0002408210","0000008483","Donley County","A","+34962252","-100811225","06",3471,118,1,4,0,62,0,0,0,40
"G4801310","1990","TX",,,,,,,,,,,"99","Duval","131",,,"7","9999",,,,"9999","3","Texas","48",,,,,"0004643490","0000007687","Duval County","A","+27683283","-098523719","06",1622,0,4,17,27,8577,0,0,0,2671
"G4801330","1990","TX",,,,,,,,,,,"99","Eastland","133",,,"7","9999",,,,"9999","3","Texas","48",,,,,"0002398567","0000015252","Eastland County","A","+32331043","-098827763","06",16677,398,49,0,4,895,0,0,0,465
"G4801350","1990","TX",,,,,,,,,,,"99","Ector","135",,,"7","5800",,,,"9999","3","Texas","48",,,,,"0002333929","0000001621","Ector County","A","+31865200","-102542114","06",75136,5416,663,297,150,16404,254,81,27,20506
"G4801370","1990","TX",,,,,,,,,,,"99","Edwards","137",,,"7","9999",,,,"9999","3","Texas","48",,,,,"0005490650","0000000497","Edwards County","A","+29971228","-100300348","06",1078,0,6,1,0,1036,0,0,0,145
"G4801390","1990","TX",,,,,,,,,,,"31","Ellis","139",,,"7","1922",,,,"1920","3","Texas","48",,,,,"0002434560","0000030423","Ellis County","A","+32350178","-096793045","06",65172,8493,333,183,99,3974,30,11,17,6855
"G4801410","1990","TX",,,,,,,,,,,"99","El Paso","141",,,"7","2320",,,,"9999","3","Texas","48",,,,,"0002623914","0000004294","El Paso County","A","+31769320","-106241145","06",151884,20264,1690,6076,448,301385,1720,763,713,106667
"G4801430","1990","TX",,,,,,,,,,,"99","Erath","143",,,"7","9999",,,,"9999","3","Texas","48",,,,,"0002813797","0000008989","Erath County","A","+32233970","-098215626","06",25177,145,74,135,0,1278,0,0,0,1182
"G4801450","1990","TX",,,,,,,,,,,"99","Falls","145",,,"7","9999",,,,"9999","3","Texas","48",,,,,"0001992075","0000012215","Falls County","A","+31257512","-096931593","06",11018,4792,2,12,4,399,23,16,0,1446
"G4801470","1990","TX",,,,,,,,,,,"99","Fannin","147",,,"7","9999",,,,"9999","3","Texas","48",,,,,"0002309133","0000019855","Fannin County","A","+33588237","-096105154","06",22372,1568,217,68,7,283,4,0,0,285
"G4801490","1990","TX",,,,,,,,,,,"99","Fayette","149",,,"7","9999",,,,"9999","3","Texas","48",,,,,"0002460825","0000025367","Fayette County","A","+29864754","-096926304","06",16722,1691,16,10,19,619,7,0,8,1003
"G4801510","1990","TX",,,,,,,,,,,"99","Fisher","151",,,"7","9999",,,,"9999","3","Texas","48",,,,,"0002334220","0000001506","Fisher County","A","+32740941","-100398597","06",3594,243,10,0,2,771,0,1,0,221
"G4801530","1990","TX",,,,,,,,,,,"99","Floyd","153",,,"7","9999",,,,"9999","3","Texas","48",,,,,"0002570077","0000000690","Floyd County","A","+34073713","-101303050","06",4931,300,0,7,9,623,12,9,2,2604
"G4801550","1990","TX",,,,,,,,,,,"99","Foard","155",,,"7","9999",,,,"9999","3","Texas","48",,,,,"0001830418","0000002621","Foard County","A","+33980906","-099777656","06",1475,90,3,0,2,82,12,9,0,121
"G4801570","1990","TX",,,,,,,,,,,"42","Fort Bend","157",,,"7","3362",,,,"3360","3","Texas","48",,,,,"0002266351","0000028666","Fort Bend County","A","+29532940","-095773554","06",121449,45805,390,13984,218,19830,721,78,447,22499
"G4801590","1990","TX",,,,,,,,,,,"99","Franklin","159",,,"7","9999",,,,"9999","3","Texas","48",,,,,"0000739908","0000023608","Franklin County","A","+33175706","-095218629","06",7062,355,36,7,6,75,0,18,0,243
"G4801610","1990","TX",,,,,,,,,,,"99","Freestone","161",,,"7","9999",,,,"9999","3","Texas","48",,,,,"0002292799","0000017997","Freestone County","A","+31702338","-096147950","06",12272,3004,72,49,0,129,7,0,0,285
"G4801630","1990","TX",,,,,,,,,,,"99","Frio","163",,,"7","9999",,,,"9999","3","Texas","48",,,,,"0002934792","0000003266","Frio County","A","+28864972","-099107956","06",3503,159,37,10,15,5615,21,0,6,4106
"G4801650","1990","TX",,,,,,,,,,,"99","Gaines","165",,,"7","9999",,,,"9999","3","Texas","48",,,,,"0003891257","0000001270","Gaines County","A","+32740335","-102639610","06",9150,246,78,27,90,1285,0,0,0,3247
"G4801670","1990","TX",,,,,,,,,,,"42","Galveston","167",,,"7","3362",,,,"2920","3","Texas","48",,,,,"0001032569","0001237456","Galveston County","A","+29380498","-094858410","06",145266,37483,819,3187,237,18946,607,183,292,10379
"G4801690","1990","TX",,,,,,,,,,,"99","Garza","169",,,"7","9999",,,,"9999","3","Texas","48",,,,,"0002319663","0000001621","Garza County","A","+33181125","-101299846","06",3396,328,0,0,19,1249,0,0,0,151
"G4801710","1990","TX",,,,,,,,,,,"99","Gillespie","171",,,"7","9999",,,,"9999","3","Texas","48",,,,,"0002748404","0000001087","Gillespie County","A","+30312721","-098949835","06",14791,0,24,9,0,1711,0,3,0,666
"G4801730","1990","TX",,,,,,,,,,,"99","Glasscock","173",,,"7","9999",,,,"9999","3","Texas","48",,,,,"0002333122","0000000479","Glasscock County","A","+31867275","-101532036","06",991,0,0,0,0,165,0,0,0,291
"G4801750","1990","TX",,,,,,,,,,,"99","Goliad","175",,,"7","9999",,,,"9999","3","Texas","48",,,,,"0002210781","0000015143","Goliad County","A","+28651680","-097425216","06",3451,372,0,0,8,1522,35,0,0,592
"G4801770","1990","TX",,,,,,,,,,,"99","Gonzales","177",,,"7","9999",,,,"9999","3","Texas","48",,,,,"0002765742","0000005337","Gonzales County","A","+29451275","-097494484","06",9475,1674,21,27,14,3550,55,19,0,2370
"G4801790","1990","TX",,,,,,,,,,,"99","Gray","179",,,"7","9999",,,,"9999","3","Texas","48",,,,,"0002404361","0000002518","Gray County","A","+35409477","-100814547","06",20885,864,270,65,12,593,9,55,0,1214
"G4801810","1990","TX",,,,,,,,,,,"99","Grayson","181",,,"7","7640",,,,"9999","3","Texas","48",,,,,"0002418227","0000118025","Grayson County","A","+33623821","-096676295","06",84133,6447,1261,664,42,1254,26,40,23,1131
"G4801830","1990","TX",,,,,,,,,,,"99","Gregg","183",,,"7","4420",,,,"9999","3","Texas","48",,,,,"0000709834","0000006068","Gregg County","A","+32484661","-094810546","06",80314,19651,682,344,94,1706,130,20,8,1999
"G4801850","1990","TX",,,,,,,,,,,"99","Grimes","185",,,"7","9999",,,,"9999","3","Texas","48",,,,,"0002055984","0000019294","Grimes County","A","+30548859","-095978548","06",11493,4619,51,13,23,1416,10,0,0,1203
"G4801870","1990","TX",,,,,,,,,,,"99","Guadalupe","187",,,"7","7240",,,,"9999","3","Texas","48",,,,,"0001842021","0000007840","Guadalupe County","A","+29583050","-097948367","06",41446,3569,134,534,200,11378,105,38,97,7372
"G4801890","1990","TX",,,,,,,,,,,"99","Hale","189",,,"7","9999",,,,"9999","3","Texas","48",,,,,"0002602296","0000000284","Hale County","A","+34074288","-101826044","06",18280,1896,63,112,77,5551,15,21,17,8639
"G4801910","1990","TX",,,,,,,,,,,"99","Hall","191",,,"7","9999",,,,"9999","3","Texas","48",,,,,"0002339133","0000002567","Hall County","A","+34521376","-100692559","06",2859,301,15,13,10,49,2,0,0,656
"G4801930","1990","TX",,,,,,,,,,,"99","Hamilton","193",,,"7","9999",,,,"9999","3","Texas","48",,,,,"0002164652","0000001743","Hamilton County","A","+31703376","-098110174","06",7278,9,21,26,2,126,0,1,0,270
"G4801950","1990","TX",,,,,,,,,,,"99","Hansford","195",,,"7","9999",,,,"9999","3","Texas","48",,,,,"0002382482","0000001554","Hansford County","A","+36279070","-101352290","06",4679,0,23,10,9,153,0,0,0,974
"G4801970","1990","TX",,,,,,,,,,,"99","Hardeman","197",,,"7","9999",,,,"9999","3","Texas","48",,,,,"0001801155","0000004204","Hardeman County","A","+34289676","-099745284","06",4400,302,19,0,11,43,10,0,0,498
"G4801990","1990","TX",,,,,,,,,,,"99","Hardin","199",,,"7","0840",,,,"9999","3","Texas","48",,,,,"0002316446","0000007893","Hardin County","A","+30336011","-094393144","06",36993,3474,150,42,0,406,18,0,0,237
"G4802010","1990","TX",,,,,,,,,,,"42","Harris","201",,,"7","3362",,,,"3360","3","Texas","48",,,,,"0004478072","0000126661","Harris County","A","+29856850","-095392677","06",1533307,532735,6707,106607,4195,293034,7669,1711,2443,329791
"G4802030","1990","TX",,,,,,,,,,,"99","Harrison","203",,,"7","4420",,,,"9999","3","Texas","48",,,,,"0002327988","0000042292","Harrison County","A","+32547759","-094370569","06",39772,15973,256,159,30,525,85,12,6,665
"G4802050","1990","TX",,,,,,,,,,,"99","Hartley","205",,,"7","9999",,,,"9999","3","Texas","48",,,,,"0003787501","0000002457","Hartley County","A","+35841078","-102607584","06",3424,0,17,0,0,68,0,1,0,124
"G4802070","1990","TX",,,,,,,,,,,"99","Haskell","207",,,"7","9999",,,,"9999","3","Texas","48",,,,,"0002338882","0000018871","Haskell County","A","+33179200","-099729590","06",5306,237,25,0,13,202,0,0,0,1037
"G4802090","1990","TX",,,,,,,,,,,"99","Hays","209",,,"7","0640",,,,"9999","3","Texas","48",,,,,"0001755851","0000004962","Hays County","A","+30057564","-098029527","06",44806,2135,191,361,28,10669,88,31,7,7298
"G4802110","1990","TX",,,,,,,,,,,"99","Hemphill","211",,,"7","9999",,,,"9999","3","Texas","48",,,,,"0002356193","0000006166","Hemphill County","A","+35833579","-100280445","06",3266,0,30,0,0,237,0,0,0,187
"G4802130","1990","TX",,,,,,,,,,,"99","Henderson","213",,,"7","9999",,,,"9999","3","Texas","48",,,,,"0002264638","0000193517","Henderson County","A","+32210163","-095852317","06",51154,4734,210,185,32,1114,9,5,2,1098
"G4802150","1990","TX",,,,,,,,,,,"99","Hidalgo","215",,,"7","4880",,,,"9999","3","Texas","48",,,,,"0004063898","0000035505","Hidalgo County","A","+26396343","-098184820","06",54259,682,160,905,616,232479,338,485,196,93425
"G4802170","1990","TX",,,,,,,,,,,"99","Hill","217",,,"7","9999",,,,"9999","3","Texas","48",,,,,"0002492699","0000060290","Hill County","A","+31993448","-097131872","06",22492,2429,81,24,12,1273,42,0,0,793
"G4802190","1990","TX",,,,,,,,,,,"99","Hockley","219",,,"7","9999",,,,"9999","3","Texas","48",,,,,"0002352511","0000000691","Hockley County","A","+33605835","-102342916","06",15294,1028,129,79,24,3508,40,7,6,4084
"G4802210","1990","TX",,,,,,,,,,,"99","Hood","221",,,"7","9999",,,,"9999","3","Texas","48",,,,,"0001092032","0000039331","Hood County","A","+32433954","-097834554","06",27359,9,151,174,0,830,0,0,7,451
"G4802230","1990","TX",,,,,,,,,,,"99","Hopkins","223",,,"7","9999",,,,"9999","3","Texas","48",,,,,"0002032515","0000020830","Hopkins County","A","+33149020","-095561957","06",24872,2495,116,52,19,533,16,30,0,700
"G4802250","1990","TX",,,,,,,,,,,"99","Houston","225",,,"7","9999",,,,"9999","3","Texas","48",,,,,"0003188261","0000015372","Houston County","A","+31317506","-095429180","06",14042,6286,29,41,30,306,69,0,0,572
"G4802270","1990","TX",,,,,,,,,,,"99","Howard","227",,,"7","9999",,,,"9999","3","Texas","48",,,,,"0002338559","0000003510","Howard County","A","+32309140","-101439033","06",22186,1264,173,152,16,3042,18,6,0,5486
"G4802290","1990","TX",,,,,,,,,,,"99","Hudspeth","229",,,"7","9999",,,,"9999","3","Texas","48",,,,,"0011839758","0000002403","Hudspeth County","A","+31452136","-105374221","06",954,0,0,21,61,1391,5,0,0,483
"G4802310","1990","TX",,,,,,,,,,,"99","Hunt","231",,,"7","9999",,,,"9999","3","Texas","48",,,,,"0002178794","0000105818","Hunt County","A","+33122740","-096085312","06",54389,6693,241,329,6,1562,36,4,10,1073
"G4802330","1990","TX",,,,,,,,,,,"99","Hutchinson","233",,,"7","9999",,,,"9999","3","Texas","48",,,,,"0002298436","0000019633","Hutchinson County","A","+35837384","-101361364","06",22183,712,343,95,81,515,7,9,42,1702
"G4802350","1990","TX",,,,,,,,,,,"99","Irion","235",,,"7","9999",,,,"9999","3","Texas","48",,,,,"0002723564","0000000292","Irion County","A","+31302962","-100980244","06",1244,0,0,0,0,383,0,0,0,2
"G4802370","1990","TX",,,,,,,,,,,"99","Jack","237",,,"7","9999",,,,"9999","3","Texas","48",,,,,"0002376160","0000007114","Jack County","A","+33236089","-098175532","06",6671,53,1,26,2,66,0,0,0,162
"G4802390","1990","TX",,,,,,,,,,,"99","Jackson","239",,,"7","9999",,,,"9999","3","Texas","48",,,,,"0002148456","0000071420","Jackson County","A","+28944158","-096576023","06",9005,1232,4,45,3,1811,23,8,0,908
"G4802410","1990","TX",,,,,,,,,,,"99","Jasper","241",,,"7","9999",,,,"9999","3","Texas","48",,,,,"0002428046","0000083433","Jasper County","A","+30740786","-094026774","06",24501,5878,168,33,7,253,6,0,0,256
"G4802430","1990","TX",,,,,,,,,,,"99","Jeff Davis","243",,,"7","9999",,,,"9999","3","Texas","48",,,,,"0005865307","0000000460","Jeff Davis County","A","+30716095","-104134891","06",1157,5,19,2,0,509,2,0,0,252
"G4802450","1990","TX",,,,,,,,,,,"99","Jefferson","245",,,"7","0840",,,,"9999","3","Texas","48",,,,,"0002340312","0000538016","Jefferson County","A","+29859568","-094140023","06",147155,74067,639,5035,159,7021,367,41,185,4728
"G4802470","1990","TX",,,,,,,,,,,"99","Jim Hogg","247",,,"7","9999",,,,"9999","3","Texas","48",,,,,"0002942718","0000000141","Jim Hogg County","A","+27048922","-098678037","06",424,0,4,21,0,3946,0,0,0,714
"G4802490","1990","TX",,,,,,,,,,,"99","Jim Wells","249",,,"7","9999",,,,"9999","3","Texas","48",,,,,"0002239447","0000009451","Jim Wells County","A","+27733396","-098090400","06",10055,225,51,95,102,18397,23,9,86,8636
"G4802510","1990","TX",,,,,,,,,,,"31","Johnson","251",,,"7","1922",,,,"2800","3","Texas","48",,,,,"0001889226","0000013101","Johnson County","A","+32377955","-097364638","06",86511,2622,416,345,58,3722,58,54,31,3348
"G4802530","1990","TX",,,,,,,,,,,"99","Jones","253",,,"7","9999",,,,"9999","3","Texas","48",,,,,"0002411497","0000015878","Jones County","A","+32738590","-099882423","06",13006,589,50,48,31,804,20,4,0,1938
"G4802550","1990","TX",,,,,,,,,,,"99","Karnes","255",,,"7","9999",,,,"9999","3","Texas","48",,,,,"0001943480","0000008462","Karnes County","A","+28905185","-097864268","06",6169,350,15,11,14,3430,0,0,0,2466
"G4802570","1990","TX",,,,,,,,,,,"31","Kaufman","257",,,"7","1922",,,,"1920","3","Texas","48",,,,,"0002036071","0000053731","Kaufman County","A","+32596811","-096284033","06",41290,7221,226,246,30,1492,33,24,0,1658
"G4802590","1990","TX",,,,,,,,,,,"99","Kendall","259",,,"7","9999",,,,"9999","3","Texas","48",,,,,"0001715868","0000001551","Kendall County","A","+29950477","-098703562","06",12096,90,77,23,0,1590,26,0,0,687
"G4802610","1990","TX",,,,,,,,,,,"99","Kenedy","261",,,"7","9999",,,,"9999","3","Texas","48",,,,,"0003773283","0001265822","Kenedy County","A","+26926476","-097616195","06",98,0,0,0,0,272,0,0,0,90
"G4802630","1990","TX",,,,,,,,,,,"99","Kent","263",,,"7","9999",,,,"9999","3","Texas","48",,,,,"0002337212","0000001491","Kent County","A","+33186492","-100770987","06",875,6,2,0,0,18,0,0,0,109
"G4802650","1990","TX",,,,,,,,,,,"99","Kerr","265",,,"7","9999",,,,"9999","3","Texas","48",,,,,"0002865254","0000003851","Kerr County","A","+30062193","-099348662","06",29117,808,146,94,2,3688,44,0,0,2405
"G4802670","1990","TX",,,,,,,,,,,"99","Kimble","267",,,"7","9999",,,,"9999","3","Texas","48",,,,,"0003239554","0000000583","Kimble County","A","+30491302","-099749899","06",3339,0,0,0,11,332,0,0,0,440
"G4802690","1990","TX",,,,,,,,,,,"99","King","269",,,"7","9999",,,,"9999","3","Texas","48",,,,,"0002362976","0000002686","King County","A","+33614091","-100251840","06",309,0,0,0,0,2,0,0,0,43
"G4802710","1990","TX",,,,,,,,,,,"99","Kinney","271",,,"7","9999",,,,"9999","3","Texas","48",,,,,"0003531552","0000004834","Kinney County","A","+29352365","-100417548","06",1454,50,24,6,0,1289,13,6,0,277
"G4802730","1990","TX",,,,,,,,,,,"99","Kleberg","273",,,"7","9999",,,,"9999","3","Texas","48",,,,,"0002256042","0000568361","Kleberg County","A","+27427354","-097661874","06",10275,971,93,375,77,10300,55,21,66,8041
"G4802750","1990","TX",,,,,,,,,,,"99","Knox","275",,,"7","9999",,,,"9999","3","Texas","48",,,,,"0002212252","0000003491","Knox County","A","+33608582","-099743207","06",3374,330,10,4,9,371,8,0,4,727
"G4802770","1990","TX",,,,,,,,,,,"99","Lamar","277",,,"7","9999",,,,"9999","3","Texas","48",,,,,"0002375188","0000040056","Lamar County","A","+33667163","-095570216","06",36226,6474,532,176,25,370,40,0,6,100
"G4802790","1990","TX",,,,,,,,,,,"99","Lamb","279",,,"7","9999",,,,"9999","3","Texas","48",,,,,"0002632175","0000003932","Lamb County","A","+34068807","-102347526","06",8786,708,43,18,0,4413,14,33,5,1052
"G4802810","1990","TX",,,,,,,,,,,"99","Lampasas","281",,,"7","9999",,,,"9999","3","Texas","48",,,,,"0001844331","0000004978","Lampasas County","A","+31194425","-098239911","06",11359,263,77,89,0,871,0,0,0,862
"G4802830","1990","TX",,,,,,,,,,,"99","La Salle","283",,,"7","9999",,,,"9999","3","Texas","48",,,,,"0003856474","0000013931","La Salle County","A","+28344299","-099100392","06",1228,3,16,32,13,2360,0,0,0,1602
"G4802850","1990","TX",,,,,,,,,,,"99","Lavaca","285",,,"7","9999",,,,"9999","3","Texas","48",,,,,"0002512271","0000001158","Lavaca County","A","+29383845","-096937616","06",15732,1362,29,7,2,837,0,0,0,721
"G4802870","1990","TX",,,,,,,,,,,"99","Lee","287",,,"7","9999",,,,"9999","3","Texas","48",,,,,"0001628013","0000014269","Lee County","A","+30306715","-096956390","06",9581,1760,33,25,7,383,16,0,7,1042
"G4802890","1990","TX",,,,,,,,,,,"99","Leon","289",,,"7","9999",,,,"9999","3","Texas","48",,,,,"0002776813","0000021594","Leon County","A","+31300326","-095999974","06",10580,1611,40,5,0,171,2,0,0,256
"G4802910","1990","TX",,,,,,,,,,,"42","Liberty","291",,,"7","3362",,,,"3360","3","Texas","48",,,,,"0003003947","0000042741","Liberty County","A","+30148954","-094812381","06",43096,6816,150,49,53,1187,19,9,11,1336
"G4802930","1990","TX",,,,,,,,,,,"99","Limestone","293",,,"7","9999",,,,"9999","3","Texas","48",,,,,"0002354010","0000063038","Limestone County","A","+31544771","-096583032","06",15385,4129,52,56,8,313,8,10,0,985
"G4802950","1990","TX",,,,,,,,,,,"99","Lipscomb","295",,,"7","9999",,,,"9999","3","Texas","48",,,,,"0002414312","0000000289","Lipscomb County","A","+36276316","-100271621","06",2718,0,41,2,0,375,0,5,0,2
"G4802970","1990","TX",,,,,,,,,,,"99","Live Oak","297",,,"7","9999",,,,"9999","3","Texas","48",,,,,"0002684274","0000110169","Live Oak County","A","+28351117","-098126619","06",6181,0,22,18,46,2151,0,6,19,1113
"G4802990","1990","TX",,,,,,,,,,,"99","Llano","299",,,"7","9999",,,,"9999","3","Texas","48",,,,,"0002421291","0000081307","Llano County","A","+30705177","-098684898","06",11086,0,65,40,0,244,0,0,0,196
"G4803010","1990","TX",,,,,,,,,,,"99","Loving","301",,,"7","9999",,,,"9999","3","Texas","48",,,,,"0001743370","0000009760","Loving County","A","+31844703","-103567326","06",89,0,0,0,0,0,0,0,0,18
"G4803030","1990","TX",,,,,,,,,,,"99","Lubbock","303",,,"7","4600",,,,"9999","3","Texas","48",,,,,"0002329961","0000002948","Lubbock County","A","+33611700","-101819891","06",152430,16238,687,2434,246,24222,597,119,53,25610
"G4803050","1990","TX",,,,,,,,,,,"99","Lynn","305",,,"7","9999",,,,"9999","3","Texas","48",,,,,"0002310087","0000004080","Lynn County","A","+33178193","-101815569","06",3690,224,17,0,23,1544,0,0,0,1260
"G4803070","1990","TX",,,,,,,,,,,"99","McCulloch","307",,,"7","9999",,,,"9999","3","Texas","48",,,,,"0002769693","0000010481","McCulloch County","A","+31196882","-099346716","06",6308,162,6,0,0,1567,0,0,0,735
"G4803090","1990","TX",,,,,,,,,,,"99","McLennan","309",,,"7","8800",,,,"9999","3","Texas","48",,,,,"0002698578","0000047512","McLennan County","A","+31550629","-097200593","06",135014,29228,451,1377,69,11456,235,66,47,11180
"G4803110","1990","TX",,,,,,,,,,,"99","McMullen","311",,,"7","9999",,,,"9999","3","Texas","48",,,,,"0002882924","0000076684","McMullen County","A","+28346140","-098567388","06",493,0,5,0,1,182,0,0,0,136
"G4803130","1990","TX",,,,,,,,,,,"99","Madison","313",,,"7","9999",,,,"9999","3","Texas","48",,,,,"0001216483","0000007242","Madison County","A","+30966550","-095930373","06",7120,2489,44,21,0,864,86,9,0,298
"G4803150","1990","TX",,,,,,,,,,,"99","Marion","315",,,"7","9999",,,,"9999","3","Texas","48",,,,,"0000987405","0000101401","Marion County","A","+32798342","-094357498","06",6743,3083,30,0,0,59,7,0,0,62
"G4803170","1990","TX",,,,,,,,,,,"99","Martin","317",,,"7","9999",,,,"9999","3","Texas","48",,,,,"0002369480","0000002170","Martin County","A","+32302906","-101960705","06",2862,102,0,26,2,279,0,0,0,1685
"G4803190","1990","TX",,,,,,,,,,,"99","Mason","319",,,"7","9999",,,,"9999","3","Texas","48",,,,,"0002414263","0000000293","Mason County","A","+30717774","-099220381","06",2729,13,10,0,0,350,0,5,0,316
"G4803210","1990","TX",,,,,,,,,,,"99","Matagorda","321",,,"7","9999",,,,"9999","3","Texas","48",,,,,"0002886683","0001289247","Matagorda County","A","+28784392","-095997565","06",22037,5060,93,655,16,4747,71,12,9,4228
"G4803230","1990","TX",,,,,,,,,,,"99","Maverick","323",,,"7","9999",,,,"9999","3","Texas","48",,,,,"0003315648","0000030214","Maverick County","A","+28746977","-100320605","06",1586,20,633,73,43,22165,43,69,6,11740
"G4803250","1990","TX",,,,,,,,,,,"99","Medina","325",,,"7","9999",,,,"9999","3","Texas","48",,,,,"0003439178","0000017518","Medina County","A","+29353808","-099110186","06",14974,48,99,63,48,8688,10,15,7,3360
"G4803270","1990","TX",,,,,,,,,,,"99","Menard","327",,,"7","9999",,,,"9999","3","Texas","48",,,,,"0002336139","0000000877","Menard County","A","+30898389","-099822558","06",1514,4,6,0,4,565,0,0,0,159
"G4803290","1990","TX",,,,,,,,,,,"99","Midland","329",,,"7","5040",,,,"9999","3","Texas","48",,,,,"0002331823","0000004442","Midland County","A","+31888607","-102020215","06",74718,8164,349,911,89,12348,132,68,8,9824
"G4803310","1990","TX",,,,,,,,,,,"99","Milam","331",,,"7","9999",,,,"9999","3","Texas","48",,,,,"0002633484","0000012826","Milam County","A","+30789011","-096975258","06",16614,2902,27,11,28,1998,47,0,45,1274
"G4803330","1990","TX",,,,,,,,,,,"99","Mills","333",,,"7","9999",,,,"9999","3","Texas","48",,,,,"0001937773","0000004601","Mills County","A","+31495886","-098593910","06",4040,6,0,0,2,187,0,0,0,296
"G4803350","1990","TX",,,,,,,,,,,"99","Mitchell","335",,,"7","9999",,,,"9999","3","Texas","48",,,,,"0002357226","0000015171","Mitchell County","A","+32302220","-100923210","06",5380,381,8,0,8,929,0,0,0,1310
"G4803370","1990","TX",,,,,,,,,,,"99","Montague","337",,,"7","9999",,,,"9999","3","Texas","48",,,,,"0002410590","0000020141","Montague County","A","+33672186","-097725133","06",16691,0,50,5,14,130,0,0,0,384
"G4803390","1990","TX",,,,,,,,,,,"42","Montgomery","339",,,"7","3362",,,,"3360","3","Texas","48",,,,,"0002704799","0000084386","Montgomery County","A","+30299724","-095501898","06",159684,7727,776,1084,72,6542,103,63,34,6116
"G4803410","1990","TX",,,,,,,,,,,"99","Moore","341",,,"7","9999",,,,"9999","3","Texas","48",,,,,"0002330293","0000025775","Moore County","A","+35835871","-101890081","06",11701,97,137,233,53,1072,2,22,34,4514
"G4803430","1990","TX",,,,,,,,,,,"99","Morris","343",,,"7","9999",,,,"9999","3","Texas","48",,,,,"0000659221","0000010694","Morris County","A","+33117936","-094731150","06",9596,3220,81,11,0,163,3,0,0,126
"G4803450","1990","TX",,,,,,,,,,,"99","Motley","345",,,"7","9999",,,,"9999","3","Texas","48",,,,,"0002562649","0000001115","Motley County","A","+34084735","-100789278","06",1317,58,11,6,0,37,0,0,0,103
"G4803470","1990","TX",,,,,,,,,,,"99","Nacogdoches","347",,,"7","9999",,,,"9999","3","Texas","48",,,,,"0002452333","0000089520","Nacogdoches County","A","+31611655","-094613766","06",42530,8881,156,324,54,1227,142,0,0,1439
"G4803490","1990","TX",,,,,,,,,,,"99","Navarro","349",,,"7","9999",,,,"9999","3","Texas","48",,,,,"0002774409","0000039019","Navarro County","A","+32049290","-096474324","06",29252,7563,240,230,0,1134,17,23,17,1450
"G4803510","1990","TX",,,,,,,,,,,"99","Newton","351",,,"7","9999",,,,"9999","3","Texas","48",,,,,"0002415832","0000017655","Newton County","A","+30782101","-093746804","06",10331,3028,45,9,18,38,11,0,0,89
"G4803530","1990","TX",,,,,,,,,,,"99","Nolan","353",,,"7","9999",,,,"9999","3","Texas","48",,,,,"0002362246","0000005038","Nolan County","A","+32308326","-100398609","06",11637,671,50,7,6,1412,32,18,0,2761
"G4803550","1990","TX",,,,,,,,,,,"99","Nueces","355",,,"7","1880",,,,"9999","3","Texas","48",,,,,"0002164957","0000856476","Nueces County","A","+27736587","-097521053","06",124643,12206,773,2058,465,96044,397,250,303,54006
"G4803570","1990","TX",,,,,,,,,,,"99","Ochiltree","357",,,"7","9999",,,,"9999","3","Texas","48",,,,,"0002376653","0000001332","Ochiltree County","A","+36278773","-100814586","06",7431,0,57,6,11,566,0,58,0,999
"G4803590","1990","TX",,,,,,,,,,,"99","Oldham","359",,,"7","9999",,,,"9999","3","Texas","48",,,,,"0003886922","0000002037","Oldham County","A","+35399278","-102595807","06",2034,0,51,10,0,78,0,0,0,105
"G4803610","1990","TX",,,,,,,,,,,"99","Orange","361",,,"7","0840",,,,"9999","3","Texas","48",,,,,"0000923127","0000059932","Orange County","A","+30125520","-093894312","06",70903,6707,209,721,9,1437,49,5,0,469
"G4803630","1990","TX",,,,,,,,,,,"99","Palo Pinto","363",,,"7","9999",,,,"9999","3","Texas","48",,,,,"0002468237","0000084358","Palo Pinto County","A","+32747826","-098305804","06",21808,799,88,123,13,1050,0,19,0,1155
"G4803650","1990","TX",,,,,,,,,,,"99","Panola","365",,,"7","9999",,,,"9999","3","Texas","48",,,,,"0002074527","0000052886","Panola County","A","+32162806","-094306867","06",17308,4031,97,43,0,281,18,0,0,257
"G4803670","1990","TX",,,,,,,,,,,"31","Parker","367",,,"7","1922",,,,"2800","3","Texas","48",,,,,"0002340257","0000017027","Parker County","A","+32777999","-097805805","06",61185,628,346,177,13,1134,4,34,0,1264
"G4803690","1990","TX",,,,,,,,,,,"99","Parmer","369",,,"7","9999",,,,"9999","3","Texas","48",,,,,"0002283664","0000009080","Parmer County","A","+34528179","-102779388","06",5441,238,77,0,31,3503,27,6,1,539
"G4803710","1990","TX",,,,,,,,,,,"99","Pecos","371",,,"7","9999",,,,"9999","3","Texas","48",,,,,"0012338848","0000002780","Pecos County","A","+30781391","-102723149","06",6230,71,43,34,20,3233,6,0,21,5017
"G4803730","1990","TX",,,,,,,,,,,"99","Polk","373",,,"7","9999",,,,"9999","3","Texas","48",,,,,"0002738565","0000136092","Polk County","A","+30797514","-094830439","06",24670,3866,614,66,0,519,9,26,0,917
"G4803750","1990","TX",,,,,,,,,,,"99","Potter","375",,,"7","0320",,,,"9999","3","Texas","48",,,,,"0002355462","0000032661","Potter County","A","+35397205","-101894774","06",67092,8463,892,2415,183,6824,160,95,92,11658
"G4803770","1990","TX",,,,,,,,,,,"99","Presidio","377",,,"7","9999",,,,"9999","3","Texas","48",,,,,"0009986502","0000001942","Presidio County","A","+29998304","-104229258","06",1180,0,11,26,0,4415,11,16,3,975
"G4803790","1990","TX",,,,,,,,,,,"99","Rains","379",,,"7","9999",,,,"9999","3","Texas","48",,,,,"0000601057","0000069471","Rains County","A","+32869941","-095796204","06",6278,270,25,3,5,36,0,0,0,98
"G4803810","1990","TX",,,,,,,,,,,"99","Randall","381",,,"7","0320",,,,"9999","3","Texas","48",,,,,"0002368458","0000020781","Randall County","A","+34968492","-101900395","06",81697,841,492,638,25,3184,13,54,19,2710
"G4803830","1990","TX",,,,,,,,,,,"99","Reagan","383",,,"7","9999",,,,"9999","3","Texas","48",,,,,"0003044297","0000001768","Reagan County","A","+31358564","-101523572","06",2509,64,0,0,0,1112,0,0,0,829
"G4803850","1990","TX",,,,,,,,,,,"99","Real","385",,,"7","9999",,,,"9999","3","Texas","48",,,,,"0001812891","0000000337","Real County","A","+29841002","-099806875","06",1793,0,44,0,0,254,0,0,0,321
"G4803870","1990","TX",,,,,,,,,,,"99","Red River","387",,,"7","9999",,,,"9999","3","Texas","48",,,,,"0002720133","0000019242","Red River County","A","+33618415","-095051014","06",11105,2858,97,32,0,66,8,16,0,135
"G4803890","1990","TX",,,,,,,,,,,"99","Reeves","389",,,"7","9999",,,,"9999","3","Texas","48",,,,,"0006827374","0000015735","Reeves County","A","+31321483","-103682964","06",3877,413,36,0,0,11450,0,27,1,48
"G4803910","1990","TX",,,,,,,,,,,"99","Refugio","391",,,"7","9999",,,,"9999","3","Texas","48",,,,,"0001995152","0000125322","Refugio County","A","+28320913","-097168737","06",4216,606,8,0,0,2028,0,11,0,1107
"G4803930","1990","TX",,,,,,,,,,,"99","Roberts","393",,,"7","9999",,,,"9999","3","Texas","48",,,,,"0002393548","0000000254","Roberts County","A","+35833390","-100806360","06",991,0,0,3,0,5,0,0,0,26
"G4803950","1990","TX",,,,,,,,,,,"99","Robertson","395",,,"7","9999",,,,"9999","3","Texas","48",,,,,"0002213491","0000028758","Robertson County","A","+31027267","-096514023","06",9436,4264,22,7,38,614,44,0,0,1086
"G4803970","1990","TX",,,,,,,,,,,"31","Rockwall","397",,,"7","1922",,,,"1920","3","Texas","48",,,,,"0000333580","0000051578","Rockwall County","A","+32892657","-096409279","06",23086,825,133,88,14,884,0,0,0,574
"G4803990","1990","TX",,,,,,,,,,,"99","Runnels","399",,,"7","9999",,,,"9999","3","Texas","48",,,,,"0002731167","0000007031","Runnels County","A","+31833126","-099968457","06",8307,217,15,7,11,2102,8,11,0,616
"G4804010","1990","TX",,,,,,,,,,,"99","Rusk","401",,,"7","9999",,,,"9999","3","Texas","48",,,,,"0002392239","0000038997","Rusk County","A","+32105284","-094757408","06",32957,8895,219,48,8,865,54,5,0,684
"G4804030","1990","TX",,,,,,,,,,,"99","Sabine","403",,,"7","9999",,,,"9999","3","Texas","48",,,,,"0001269872","0000223644","Sabine County","A","+31342577","-093850139","06",8269,1112,10,14,41,103,0,0,0,37
"G4804050","1990","TX",,,,,,,,,,,"99","San Augustine","405",,,"7","9999",,,,"9999","3","Texas","48",,,,,"0001367296","0000166638","San Augustine County","A","+31397248","-094180302","06",5636,2243,5,0,0,27,0,10,0,78
"G4804070","1990","TX",,,,,,,,,,,"99","San Jacinto","407",,,"7","9999",,,,"9999","3","Texas","48",,,,,"0001478128","0000148279","San Jacinto County","A","+30575046","-095162686","06",13433,2534,48,0,0,93,12,7,0,245
"G4804090","1990","TX",,,,,,,,,,,"99","San Patricio","409",,,"7","1880",,,,"9999","3","Texas","48",,,,,"0001791678","0000039744","San Patricio County","A","+28005082","-097522009","06",28005,745,142,138,133,16993,48,88,25,12432
"G4804110","1990","TX",,,,,,,,,,,"99","San Saba","411",,,"7","9999",,,,"9999","3","Texas","48",,,,,"0002938480","0000009795","San Saba County","A","+31155153","-098814685","06",4377,10,13,0,0,572,0,0,0,429
"G4804130","1990","TX",,,,,,,,,,,"99","Schleicher","413",,,"7","9999",,,,"9999","3","Texas","48",,,,,"0003394708","0000000112","Schleicher County","A","+30899605","-100538965","06",1898,27,2,0,7,179,2,0,2,873
"G4804150","1990","TX",,,,,,,,,,,"99","Scurry","415",,,"7","9999",,,,"9999","3","Texas","48",,,,,"0002337666","0000013041","Scurry County","A","+32745829","-100916695","06",13360,966,53,34,0,878,0,13,22,3308
"G4804170","1990","TX",,,,,,,,,,,"99","Shackelford","417",,,"7","9999",,,,"9999","3","Texas","48",,,,,"0002367332","0000004107","Shackelford County","A","+32730322","-099354834","06",3005,18,30,0,13,107,0,0,0,143
"G4804190","1990","TX",,,,,,,,,,,"99","Shelby","419",,,"7","9999",,,,"9999","3","Texas","48",,,,,"0002056976","0000104645","Shelby County","A","+31791634","-094141742","06",16715,4755,18,21,0,303,2,0,0,220
"G4804210","1990","TX",,,,,,,,,,,"99","Sherman","421",,,"7","9999",,,,"9999","3","Texas","48",,,,,"0002390834","0000000423","Sherman County","A","+36280020","-101893135","06",2302,2,10,0,0,501,0,9,0,34
"G4804230","1990","TX",,,,,,,,,,,"99","Smith","423",,,"7","8640",,,,"9999","3","Texas","48",,,,,"0002404799","0000054528","Smith County","A","+32375250","-095271428","06",109670,31349,521,690,17,3982,143,14,18,4905
"G4804250","1990","TX",,,,,,,,,,,"99","Somervell","425",,,"7","9999",,,,"9999","3","Texas","48",,,,,"0000484802","0000012253","Somervell County","A","+32221652","-097771429","06",4553,0,53,11,0,298,0,0,0,445
"G4804270","1990","TX",,,,,,,,,,,"99","Starr","427",,,"7","9999",,,,"9999","3","Texas","48",,,,,"0003167898","0000016201","Starr County","A","+26574537","-098733280","06",978,0,8,6,5,24114,5,0,7,15395
"G4804290","1990","TX",,,,,,,,,,,"99","Stephens","429",,,"7","9999",,,,"9999","3","Texas","48",,,,,"0002317302","0000069502","Stephens County","A","+32738118","-098839489","06",7911,253,18,8,0,334,28,0,0,458
"G4804310","1990","TX",,,,,,,,,,,"99","Sterling","431",,,"7","9999",,,,"9999","3","Texas","48",,,,,"0002391731","0000000342","Sterling County","A","+31824140","-101045062","06",1069,0,2,0,0,175,0,9,0,183
"G4804330","1990","TX",,,,,,,,,,,"99","Stonewall","433",,,"7","9999",,,,"9999","3","Texas","48",,,,,"0002379551","0000004047","Stonewall County","A","+33177940","-100252273","06",1684,68,2,15,4,217,1,0,0,22
"G4804350","1990","TX",,,,,,,,,,,"99","Sutton","435",,,"7","9999",,,,"9999","3","Texas","48",,,,,"0003765561","0000001639","Sutton County","A","+30495859","-100541264","06",2247,0,18,0,0,884,0,0,0,986
"G4804370","1990","TX",,,,,,,,,,,"99","Swisher","437",,,"7","9999",,,,"9999","3","Texas","48",,,,,"0002332281","0000000643","Swisher County","A","+34529503","-101731838","06",5193,374,50,12,30,456,0,0,0,2018
"G4804390","1990","TX",,,,,,,,,,,"31","Tarrant","439",,,"7","1922",,,,"2800","3","Texas","48",,,,,"0002236492","0000088175","Tarrant County","A","+32770451","-097293284","06",859883,138773,5218,28756,979,58558,1739,486,419,75292
"G4804410","1990","TX",,,,,,,,,,,"99","Taylor","441",,,"7","0040",,,,"9999","3","Texas","48",,,,,"0002371673","0000009419","Taylor County","A","+32311387","-099880794","06",93445,7312,316,1374,194,7043,152,91,20,9708
"G4804430","1990","TX",,,,,,,,,,,"99","Terrell","443",,,"7","9999",,,,"9999","3","Texas","48",,,,,"0006106979","0000000085","Terrell County","A","+30226009","-102066907","06",651,0,5,0,0,538,0,0,0,216
"G4804450","1990","TX",,,,,,,,,,,"99","Terry","445",,,"7","9999",,,,"9999","3","Texas","48",,,,,"0002304832","0000002742","Terry County","A","+33171110","-102338855","06",7522,408,28,7,86,2709,10,0,0,2448
"G4804470","1990","TX",,,,,,,,,,,"99","Throckmorton","447",,,"7","9999",,,,"9999","3","Texas","48",,,,,"0002363144","0000008111","Throckmorton County","A","+33183624","-099214984","06",1735,0,0,14,0,48,0,0,0,83
"G4804490","1990","TX",,,,,,,,,,,"99","Titus","449",,,"7","9999",,,,"9999","3","Texas","48",,,,,"0001063398","0000039219","Titus County","A","+33217645","-094968314","06",18146,3218,122,29,0,546,9,2,3,1934
"G4804510","1990","TX",,,,,,,,,,,"99","Tom Green","451",,,"7","7200",,,,"9999","3","Texas","48",,,,,"0003942488","0000047751","Tom Green County","A","+31409637","-100457118","06",68043,3835,378,836,68,11829,137,45,54,13233
"G4804530","1990","TX",,,,,,,,,,,"99","Travis","453",,,"7","0640",,,,"9999","3","Texas","48",,,,,"0002562566","0000084904","Travis County","A","+30333300","-097779406","06",376611,61470,1595,15838,844,47102,1417,549,412,70569
"G4804550","1990","TX",,,,,,,,,,,"99","Trinity","455",,,"7","9999",,,,"9999","3","Texas","48",,,,,"0001794577","0000054802","Trinity County","A","+31093348","-095124857","06",9348,1645,28,123,2,134,0,0,0,165
"G4804570","1990","TX",,,,,,,,,,,"99","Tyler","457",,,"7","9999",,,,"9999","3","Texas","48",,,,,"0002390504","0000033153","Tyler County","A","+30768905","-094379095","06",14428,1988,14,23,0,85,6,0,0,102
"G4804590","1990","TX",,,,,,,,,,,"99","Upshur","459",,,"7","9999",,,,"9999","3","Texas","48",,,,,"0001522209","0000012946","Upshur County","A","+32734950","-094941393","06",26499,3869,205,15,0,489,16,33,0,244
"G4804610","1990","TX",,,,,,,,,,,"99","Upton","461",,,"7","9999",,,,"9999","3","Texas","48",,,,,"0003216182","0000000410","Upton County","A","+31364072","-102042245","06",2608,125,40,2,10,824,4,0,0,834
"G4804630","1990","TX",,,,,,,,,,,"99","Uvalde","463",,,"7","9999",,,,"9999","3","Texas","48",,,,,"0004031719","0000005328","Uvalde County","A","+29350099","-099760754","06",8999,31,55,36,17,6099,8,0,11,8084
"G4804650","1990","TX",,,,,,,,,,,"99","Val Verde","465",,,"7","9999",,,,"9999","3","Texas","48",,,,,"0008212044","0000160640","Val Verde County","A","+29894131","-101151496","06",10518,768,52,213,7,16210,35,98,29,10791
"G4804670","1990","TX",,,,,,,,,,,"99","Van Zandt","467",,,"7","9999",,,,"9999","3","Texas","48",,,,,"0002198422","0000027834","Van Zandt County","A","+32557969","-095835238","06",34950,1368,112,79,0,611,0,0,0,824
"G4804690","1990","TX",,,,,,,,,,,"99","Victoria","469",,,"7","8750",,,,"9999","3","Texas","48",,,,,"0002285897","0000016129","Victoria County","A","+28796000","-096970943","06",43766,4807,123,366,89,15445,108,18,31,9608
"G4804710","1990","TX",,,,,,,,,,,"99","Walker","471",,,"7","9999",,,,"9999","3","Texas","48",,,,,"0002039670","0000036228","Walker County","A","+30737951","-095573906","06",32849,12005,257,318,32,2081,324,54,9,2988
"G4804730","1990","TX",,,,,,,,,,,"42","Waller","473",,,"7","3362",,,,"3360","3","Texas","48",,,,,"0001330287","0000012612","Waller County","A","+30013363","-095981994","06",11980,8742,23,53,27,998,40,5,11,1511
"G4804750","1990","TX",,,,,,,,,,,"99","Ward","475",,,"7","9999",,,,"9999","3","Texas","48",,,,,"0002164084","0000000652","Ward County","A","+31510529","-103101512","06",7788,465,50,3,8,2158,0,2,0,2641
"G4804770","1990","TX",,,,,,,,,,,"99","Washington","477",,,"7","9999",,,,"9999","3","Texas","48",,,,,"0001578029","0000031400","Washington County","A","+30213697","-096405463","06",19339,5450,37,131,35,553,18,0,5,586
"G4804790","1990","TX",,,,,,,,,,,"99","Webb","479",,,"7","4080",,,,"9999","3","Texas","48",,,,,"0008694635","0000048437","Webb County","A","+27770428","-099327204","06",7551,37,0,394,173,86335,62,40,19,38628
"G4804810","1990","TX",,,,,,,,,,,"99","Wharton","481",,,"7","9999",,,,"9999","3","Texas","48",,,,,"0002823644","0000011141","Wharton County","A","+29277302","-096216514","06",23623,6249,7,84,84,5577,74,0,0,4257
"G4804830","1990","TX",,,,,,,,,,,"99","Wheeler","483",,,"7","9999",,,,"9999","3","Texas","48",,,,,"0002367963","0000002895","Wheeler County","A","+35397156","-100267035","06",5291,150,42,6,1,105,6,2,5,271
"G4804850","1990","TX",,,,,,,,,,,"99","Wichita","485",,,"7","9080",,,,"9999","3","Texas","48",,,,,"0001625734","0000013847","Wichita County","A","+33990204","-098707740","06",98468,10918,785,1739,80,4327,170,83,76,5732
"G4804870","1990","TX",,,,,,,,,,,"99","Wilbarger","487",,,"7","9999",,,,"9999","3","Texas","48",,,,,"0002515223","0000018217","Wilbarger County","A","+34084244","-099241684","06",11436,1346,94,72,8,554,13,21,0,1577
"G4804890","1990","TX",,,,,,,,,,,"99","Willacy","489",,,"7","9999",,,,"9999","3","Texas","48",,,,,"0001545495","0000485769","Willacy County","A","+26493711","-097598146","06",2704,80,0,8,34,11143,0,13,0,3723
"G4804910","1990","TX",,,,,,,,,,,"99","Williamson","491",,,"7","0640",,,,"9999","3","Texas","48",,,,,"0002912130","0000031404","Williamson County","A","+30644320","-097598344","06",110920,6600,501,1695,111,11055,249,39,28,8353
"G4804930","1990","TX",,,,,,,,,,,"99","Wilson","493",,,"7","9999",,,,"9999","3","Texas","48",,,,,"0002090603","0000003778","Wilson County","A","+29174034","-098085622","06",14329,204,43,4,7,5408,2,5,0,2648
"G4804950","1990","TX",,,,,,,,,,,"99","Winkler","495",,,"7","9999",,,,"9999","3","Texas","48",,,,,"0002178451","0000000502","Winkler County","A","+31859680","-103047453","06",5220,162,70,8,6,878,57,14,0,2211
"G4804970","1990","TX",,,,,,,,,,,"99","Wise","497",,,"7","9999",,,,"9999","3","Texas","48",,,,,"0002343085","0000047060","Wise County","A","+33215455","-097652699","06",31400,501,212,145,0,1177,0,6,0,1238
"G4804990","1990","TX",,,,,,,,,,,"99","Wood","499",,,"7","9999",,,,"9999","3","Texas","48",,,,,"0001684260","0000118042","Wood County","A","+32781919","-095381557","06",26210,2341,116,11,0,226,37,0,0,439
"G4805010","1990","TX",,,,,,,,,,,"99","Yoakum","501",,,"7","9999",,,,"9999","3","Texas","48",,,,,"0002071433","0000000034","Yoakum County","A","+33175036","-102824205","06",5407,76,66,42,0,843,0,0,1,2351
"G4805030","1990","TX",,,,,,,,,,,"99","Young","503",,,"7","9999",,,,"9999","3","Texas","48",,,,,"0002388988","0000022048","Young County","A","+33177251","-098698171","06",16623,350,34,66,18,324,0,10,0,701
"G4805050","1990","TX",,,,,,,,,,,"99","Zapata","505",,,"7","9999",,,,"9999","3","Texas","48",,,,,"0002581820","0000158861","Zapata County","A","+26999964","-099183083","06",1759,0,8,0,14,4923,0,0,12,2563
"G4805070","1990","TX",,,,,,,,,,,"99","Zavala","507",,,"7","9999",,,,"9999","3","Texas","48",,,,,"0003363319","0000008387","Zavala County","A","+28864352","-099759662","06",962,290,16,0,29,5481,6,53,0,5325
"G4900010","1990","UT",,,,,,,,,,,"99","Beaver","001",,,"8","9999",,,,"9999","4","Utah","49",,,,,"0006708405","0000005997","Beaver County","A","+38340778","-113228751","06",4590,0,50,14,0,48,0,6,0,57
"G4900030","1990","UT",,,,,,,,,,,"99","Box Elder","003",,,"8","9999",,,,"9999","4","Utah","49",,,,,"0014824344","0002604927","Box Elder County","A","+41514922","-113097137","06",34123,2,456,455,33,566,0,27,30,793
"G4900050","1990","UT",,,,,,,,,,,"99","Cache","005",,,"8","9999",,,,"9999","4","Utah","49",,,,,"0003016375","0000022126","Cache County","A","+41690981","-111748944","06",65891,223,433,1963,17,814,7,2,2,831
"G4900070","1990","UT",,,,,,,,,,,"99","Carbon","007",,,"8","9999",,,,"9999","4","Utah","49",,,,,"0003829495","0000015842","Carbon County","A","+39643915","-110582783","06",17589,40,137,117,9,1525,16,0,0,795
"G4900090","1990","UT",,,,,,,,,,,"99","Daggett","009",,,"8","9999",,,,"9999","4","Utah","49",,,,,"0001808832","0000063989","Daggett County","A","+40889907","-109505044","06",660,0,10,0,0,17,0,0,1,2
"G4900110","1990","UT",,,,,,,,,,,"99","Davis","011",,,"8","7160",,,,"9999","4","Utah","49",,,,,"0000788635","0000852454","Davis County","A","+41014827","-112123475","06",174509,2104,873,3192,111,4136,90,94,120,2712
"G4900130","1990","UT",,,,,,,,,,,"99","Duchesne","013",,,"8","9999",,,,"9999","4","Utah","49",,,,,"0008387432","0000046354","Duchesne County","A","+40281647","-110435306","06",11601,15,621,35,5,163,0,56,16,133
"G4900150","1990","UT",,,,,,,,,,,"99","Emery","015",,,"8","9999",,,,"9999","4","Utah","49",,,,,"0011531044","0000025097","Emery County","A","+38990178","-110690249","06",9991,11,65,31,0,92,0,6,2,134
"G4900170","1990","UT",,,,,,,,,,,"99","Garfield","017",,,"8","9999",,,,"9999","4","Utah","49",,,,,"0013402022","0000088005","Garfield County","A","+37873550","-111438826","06",3839,0,97,13,0,20,0,0,0,11
"G4900190","1990","UT",,,,,,,,,,,"99","Grand","019",,,"8","9999",,,,"9999","4","Utah","49",,,,,"0009535814","0000032416","Grand County","A","+38993569","-109559034","06",6157,0,230,17,0,170,0,0,0,46
"G4900210","1990","UT",,,,,,,,,,,"99","Iron","021",,,"8","9999",,,,"9999","4","Utah","49",,,,,"0008543139","0000009351","Iron County","A","+37856501","-113276939","06",19621,40,692,81,0,181,0,12,9,153
"G4900230","1990","UT",,,,,,,,,,,"99","Juab","023",,,"8","9999",,,,"9999","4","Utah","49",,,,,"0008785021","0000037723","Juab County","A","+39711399","-112795948","06",5673,0,93,0,0,19,0,7,0,25
"G4900250","1990","UT",,,,,,,,,,,"99","Kane","025",,,"8","9999",,,,"9999","4","Utah","49",,,,,"0010339737","0000301538","Kane County","A","+37292567","-111893833","06",4961,10,39,82,0,67,0,0,0,10
"G4900270","1990","UT",,,,,,,,,,,"99","Millard","027",,,"8","9999",,,,"9999","4","Utah","49",,,,,"0017067125","0000618721","Millard County","A","+39046589","-113104745","06",10781,0,116,77,0,130,0,12,4,213
"G4900290","1990","UT",,,,,,,,,,,"99","Morgan","029",,,"8","9999",,,,"9999","4","Utah","49",,,,,"0001577641","0000004308","Morgan County","A","+41081323","-111579140","06",5441,3,0,13,0,49,0,0,0,22
"G4900310","1990","UT",,,,,,,,,,,"99","Piute","031",,,"8","9999",,,,"9999","4","Utah","49",,,,,"0001962854","0000020591","Piute County","A","+38335937","-112129709","06",1261,0,6,0,0,10,0,0,0,0
"G4900330","1990","UT",,,,,,,,,,,"99","Rich","033",,,"8","9999",,,,"9999","4","Utah","49",,,,,"0002664088","0000149580","Rich County","A","+41619014","-111238688","06",1678,0,2,16,0,4,0,0,0,25
"G4900350","1990","UT",,,,,,,,,,,"99","Salt Lake","035",,,"8","7160",,,,"9999","4","Utah","49",,,,,"0001909916","0000182353","Salt Lake County","A","+40670711","-111925494","06",652298,5090,5968,19134,331,23640,488,409,383,18215
"G4900370","1990","UT",,,,,,,,,,,"99","San Juan","037",,,"8","9999",,,,"9999","4","Utah","49",,,,,"0020255674","0000292461","San Juan County","A","+37631161","-109805024","06",5299,26,6795,18,0,180,0,55,0,248
"G4900390","1990","UT",,,,,,,,,,,"99","Sanpete","039",,,"8","9999",,,,"9999","4","Utah","49",,,,,"0004113335","0000037689","Sanpete County","A","+39373352","-111575157","06",15275,6,139,242,0,277,0,34,2,284
"G4900410","1990","UT",,,,,,,,,,,"99","Sevier","041",,,"8","9999",,,,"9999","4","Utah","49",,,,,"0004947873","0000020796","Sevier County","A","+38746559","-111797045","06",14739,0,291,31,1,256,0,4,0,109
"G4900430","1990","UT",,,,,,,,,,,"99","Summit","043",,,"8","9999",,,,"9999","4","Utah","49",,,,,"0004846280","0000028488","Summit County","A","+40883639","-110965855","06",15188,0,76,41,0,186,0,2,0,25
"G4900450","1990","UT",,,,,,,,,,,"99","Tooele","045",,,"8","9999",,,,"9999","4","Utah","49",,,,,"0017989917","0000885298","Tooele County","A","+40445422","-113182152","06",22813,209,312,236,24,1597,14,13,10,1373
"G4900470","1990","UT",,,,,,,,,,,"99","Uintah","047",,,"8","9999",,,,"9999","4","Utah","49",,,,,"0011596212","0000056751","Uintah County","A","+40125578","-109518320","06",19129,14,2259,56,10,397,0,118,9,219
"G4900490","1990","UT",,,,,,,,,,,"99","Utah","049",,,"8","6520",,,,"9999","4","Utah","49",,,,,"0005175889","0000369456","Utah County","A","+40117393","-111669709","06",249952,251,1603,3801,72,4123,0,138,33,3617
"G4900510","1990","UT",,,,,,,,,,,"99","Wasatch","051",,,"8","9999",,,,"9999","4","Utah","49",,,,,"0003058595","0000073323","Wasatch County","A","+40332732","-111158793","06",9729,6,66,16,0,224,0,3,0,45
"G4900530","1990","UT",,,,,,,,,,,"99","Washington","053",,,"8","9999",,,,"9999","4","Utah","49",,,,,"0006286446","0000007431","Washington County","A","+37278485","-113516741","06",46541,129,731,296,8,616,0,11,16,212
"G4900550","1990","UT",,,,,,,,,,,"99","Wayne","055",,,"8","9999",,,,"9999","4","Utah","49",,,,,"0006372598","0000015927","Wayne County","A","+38364135","-110897030","06",2104,0,32,3,0,20,0,0,0,18
"G4900570","1990","UT",,,,,,,,,,,"99","Weber","057",,,"8","7160",,,,"9999","4","Utah","49",,,,,"0001490760","0000217322","Weber County","A","+41295677","-111917425","06",141659,2178,1059,2307,145,4807,107,111,76,5881
"G5000010","1990","VT",,,,,,,,,,,"99","Addison","001",,,"1","9999",,,,"9999","1","Vermont","50",,,,,"0001994401","0000099513","Addison County","A","+44030571","-073142548","06",32337,135,85,175,34,154,2,0,0,31
"G5000030","1990","VT",,,,,,,,,,,"99","Bennington","003",,,"1","9999",,,,"9999","1","Vermont","50",,,,,"0001751665","0000003624","Bennington County","A","+43029341","-073108405","06",35240,144,106,208,0,135,0,0,4,8
"G5000050","1990","VT",,,,,,,,,,,"99","Caledonia","005",,,"1","9999",,,,"9999","1","Vermont","50",,,,,"0001685987","0000017556","Caledonia County","A","+44459934","-072098806","06",27483,61,133,60,4,83,13,9,0,0
"G5000070","1990","VT",,,,,,,,,,,"99","Chittenden","007",,,"1","####",,,,"9999","1","Vermont","50",,,,,"0001395901","0000208924","Chittenden County","A","+44466717","-073078302","06",127699,1013,330,1359,66,1017,35,13,27,202
"G5000090","1990","VT",,,,,,,,,,,"99","Essex","009",,,"1","9999",,,,"9999","1","Vermont","50",,,,,"0001723091","0000022117","Essex County","A","+44731851","-071720604","06",6311,15,32,5,6,25,0,0,0,11
"G5000110","1990","VT",,,,,,,,,,,"99","Franklin","011",,,"1","####",,,,"9999","1","Vermont","50",,,,,"0001650038","0000143953","Franklin County","A","+44856057","-072923341","06",38929,25,758,83,1,126,0,0,6,52
"G5000130","1990","VT",,,,,,,,,,,"99","Grand Isle","013",,,"1","####",,,,"9999","1","Vermont","50",,,,,"0000214006","0000290168","Grand Isle County","A","+44796902","-073290981","06",5250,12,21,12,0,23,0,0,0,0
"G5000150","1990","VT",,,,,,,,,,,"99","Lamoille","015",,,"1","9999",,,,"9999","1","Vermont","50",,,,,"0001192940","0000007447","Lamoille County","A","+44607105","-072646320","06",19450,31,54,87,9,83,0,3,4,14
"G5000170","1990","VT",,,,,,,,,,,"99","Orange","017",,,"1","9999",,,,"9999","1","Vermont","50",,,,,"0001783826","0000008374","Orange County","A","+44008230","-072381605","06",25852,39,87,64,4,79,0,2,3,19
"G5000190","1990","VT",,,,,,,,,,,"99","Orleans","019",,,"1","9999",,,,"9999","1","Vermont","50",,,,,"0001804912","0000060752","Orleans County","A","+44829184","-072250933","06",23772,33,104,46,0,85,0,0,0,13
"G5000210","1990","VT",,,,,,,,,,,"99","Rutland","021",,,"1","9999",,,,"9999","1","Vermont","50",,,,,"0002414353","0000031715","Rutland County","A","+43574204","-073035050","06",61447,102,91,214,7,230,18,12,0,21
"G5000230","1990","VT",,,,,,,,,,,"99","Washington","023",,,"1","9999",,,,"9999","1","Vermont","50",,,,,"0001785983","0000016212","Washington County","A","+44269630","-072621309","06",53645,258,128,150,9,656,10,2,9,61
"G5000250","1990","VT",,,,,,,,,,,"99","Windham","025",,,"1","9999",,,,"9999","1","Vermont","50",,,,,"0002042939","0000024337","Windham County","A","+42986237","-072717598","06",40831,136,89,238,3,200,0,4,0,87
"G5000270","1990","VT",,,,,,,,,,,"99","Windsor","027",,,"1","9999",,,,"9999","1","Vermont","50",,,,,"0002515718","0000012347","Windsor County","A","+43570621","-072570174","06",53195,112,152,310,15,233,0,0,0,38
"G5100010","1990","VA",,,,,,,,,,,"99","Accomack","001",,,"5","9999",,,,"9999","3","Virginia","51",,,,,"0001177446","0002215922","Accomack County","A","+37762281","-075763999","06",20408,10836,46,22,8,190,85,0,0,108
"G5100030","1990","VA",,,,,,,,,,,"99","Albemarle","003",,,"5","1540",,,,"9999","3","Virginia","51",,,,,"0001871928","0000009028","Albemarle County","A","+38025947","-078556228","06",58583,6833,45,1622,90,641,22,0,34,170
"G5100050","1990","VA",,,,,,,,,,,"99","Alleghany","005",,,"5","9999",,,,"9999","3","Virginia","51",,,,,"0001154846","0000002696","Alleghany County","A","+37784462","-080013426","06",12746,351,17,42,0,20,0,0,0,0
"G5100070","1990","VA",,,,,,,,,,,"99","Amelia","007",,,"5","9999",,,,"9999","3","Virginia","51",,,,,"0000924193","0000004510","Amelia County","A","+37337386","-077977328","06",5951,2802,8,14,0,0,0,0,0,12
"G5100090","1990","VA",,,,,,,,,,,"99","Amherst","009",,,"5","4640",,,,"9999","3","Virginia","51",,,,,"0001230914","0000009207","Amherst County","A","+37611246","-079142385","06",22507,5752,80,28,0,184,7,0,0,20
"G5100110","1990","VA",,,,,,,,,,,"99","Appomattox","011",,,"5","9999",,,,"9999","3","Virginia","51",,,,,"0000864295","0000002715","Appomattox County","A","+37369929","-078810027","06",9402,2819,33,14,3,25,0,2,0,0
"G5100130","1990","VA",,,,,,,,,,,"99","Arlington","013",,,"5","8840",,,,"9999","3","Virginia","51",,,,,"0000067030","0000000244","Arlington County","A","+38878726","-077101909","06",118559,17598,423,11333,281,12186,349,42,263,9902
"G5100150","1990","VA",,,,,,,,,,,"99","Augusta","015",,,"5","9999",,,,"9999","3","Virginia","51",,,,,"0002516724","0000001477","Augusta County","A","+38171554","-079133094","06",52149,2066,57,104,6,209,9,0,0,77
"G5100170","1990","VA",,,,,,,,,,,"99","Bath","017",,,"5","9999",,,,"9999","3","Virginia","51",,,,,"0001377569","0000007032","Bath County","A","+38058846","-079736146","06",4459,251,0,58,0,31,0,0,0,0
"G5100190","1990","VA",,,,,,,,,,,"99","Bedford","019",,,"5","9999",,,,"9999","3","Virginia","51",,,,,"0001955045","0000037593","Bedford County","A","+37311688","-079528785","06",41698,3605,68,47,8,209,0,0,0,21
"G5100210","1990","VA",,,,,,,,,,,"99","Bland","021",,,"5","9999",,,,"9999","3","Virginia","51",,,,,"0000928963","0000000164","Bland County","A","+37132211","-081126687","06",6277,213,0,0,0,14,0,0,0,10
"G5100230","1990","VA",,,,,,,,,,,"99","Botetourt","023",,,"5","6800",,,,"9999","3","Virginia","51",,,,,"0001405590","0000008491","Botetourt County","A","+37551711","-079804515","06",23736,1035,22,79,13,82,0,0,18,7
"G5100250","1990","VA",,,,,,,,,,,"99","Brunswick","025",,,"5","9999",,,,"9999","3","Virginia","51",,,,,"0001466363","0000008370","Brunswick County","A","+36764459","-077858651","06",6607,9322,14,0,17,0,10,0,0,17
"G5100270","1990","VA",,,,,,,,,,,"99","Buchanan","027",,,"5","9999",,,,"9999","3","Virginia","51",,,,,"0001305091","0000000000","Buchanan County","A","+37266622","-082035524","06",31043,56,33,31,7,70,5,0,0,88
"G5100290","1990","VA",,,,,,,,,,,"99","Buckingham","029",,,"5","9999",,,,"9999","3","Virginia","51",,,,,"0001504511","0000007001","Buckingham County","A","+37568550","-078525376","06",7531,5251,5,25,0,26,16,0,0,19
"G5100310","1990","VA",,,,,,,,,,,"99","Campbell","031",,,"5","4640",,,,"9999","3","Virginia","51",,,,,"0001306658","0000007198","Campbell County","A","+37211710","-079091261","06",40371,6861,56,110,8,74,0,13,0,79
"G5100330","1990","VA",,,,,,,,,,,"99","Caroline","033",,,"5","9999",,,,"9999","3","Virginia","51",,,,,"0001379489","0000016355","Caroline County","A","+38025805","-077348448","06",11595,7267,256,29,0,56,5,0,0,9
"G5100350","1990","VA",,,,,,,,,,,"99","Carroll","035",,,"5","9999",,,,"9999","3","Virginia","51",,,,,"0001234221","0000003377","Carroll County","A","+36734719","-080734321","06",26355,90,20,37,0,69,0,0,0,23
"G5100360","1990","VA",,,,,,,,,,,"99","Charles City","036",,,"5","6760",,,,"9999","3","Virginia","51",,,,,"0000472605","0000055482","Charles City County","A","+37351613","-077061381","06",1790,3959,489,6,0,10,20,0,0,8
"G5100370","1990","VA",,,,,,,,,,,"99","Charlotte","037",,,"5","9999",,,,"9999","3","Virginia","51",,,,,"0001230328","0000006288","Charlotte County","A","+37008090","-078661932","06",7372,4275,9,2,0,22,4,0,0,4
"G5100410","1990","VA",,,,,,,,,,,"99","Chesterfield","041",,,"5","6760",,,,"9999","3","Virginia","51",,,,,"0001102584","0000032954","Chesterfield County","A","+37378206","-077588420","06",175748,26974,511,3834,108,1518,93,31,43,414
"G5100430","1990","VA",,,,,,,,,,,"99","Clarke","043",,,"5","9999",,,,"9999","3","Virginia","51",,,,,"0000457478","0000004063","Clarke County","A","+39116395","-077996976","06",10939,1064,12,57,0,29,0,0,0,0
"G5100450","1990","VA",,,,,,,,,,,"99","Craig","045",,,"5","9999",,,,"9999","3","Virginia","51",,,,,"0000854882","0000000012","Craig County","A","+37486962","-080215803","06",4330,0,23,12,0,7,0,0,0,0
"G5100470","1990","VA",,,,,,,,,,,"99","Culpeper","047",,,"5","9999",,,,"9999","3","Virginia","51",,,,,"0000987226","0000002970","Culpeper County","A","+38486067","-077956946","06",22419,4789,101,291,9,121,0,0,0,61
"G5100490","1990","VA",,,,,,,,,,,"99","Cumberland","049",,,"5","9999",,,,"9999","3","Virginia","51",,,,,"0000773168","0000003206","Cumberland County","A","+37514670","-078239480","06",4725,3010,13,6,0,64,7,0,0,0
"G5100510","1990","VA",,,,,,,,,,,"99","Dickenson","051",,,"5","9999",,,,"9999","3","Virginia","51",,,,,"0000861582","0000004950","Dickenson County","A","+37116635","-082351260","06",17493,51,32,16,0,28,0,0,0,0
"G5100530","1990","VA",,,,,,,,,,,"99","Dinwiddie","053",,,"5","6760",,,,"9999","3","Virginia","51",,,,,"0001304735","0000008499","Dinwiddie County","A","+37076433","-077630071","06",13201,7474,7,81,0,121,6,0,0,70
"G5100570","1990","VA",,,,,,,,,,,"99","Essex","057",,,"5","9999",,,,"9999","3","Virginia","51",,,,,"0000667653","0000072891","Essex County","A","+37944415","-076951431","06",5319,3272,36,16,0,44,0,0,0,2
"G5100590","1990","VA",,,,,,,,,,,"99","Fairfax","059",,,"5","8840",,,,"9999","3","Virginia","51",,,,,"0001024541","0000029109","Fairfax County","A","+38833867","-077276396","06",634680,62275,2009,68280,814,31669,1085,309,654,16809
"G5100610","1990","VA",,,,,,,,,,,"99","Fauquier","061",,,"5","9999",,,,"9999","3","Virginia","51",,,,,"0001684299","0000003941","Fauquier County","A","+38740657","-077808543","06",42109,5366,144,434,18,475,45,5,0,145
"G5100630","1990","VA",,,,,,,,,,,"99","Floyd","063",,,"5","9999",,,,"9999","3","Virginia","51",,,,,"0000988024","0000000035","Floyd County","A","+36936010","-080363170","06",11652,294,13,13,0,25,0,0,0,8
"G5100650","1990","VA",,,,,,,,,,,"99","Fluvanna","065",,,"5","1540",,,,"9999","3","Virginia","51",,,,,"0000744443","0000007255","Fluvanna County","A","+37844377","-078278911","06",9483,2849,24,8,0,36,0,0,0,29
"G5100670","1990","VA",,,,,,,,,,,"99","Franklin","067",,,"5","9999",,,,"9999","3","Virginia","51",,,,,"0001792585","0000050449","Franklin County","A","+36993220","-079880814","06",35037,4262,41,57,79,64,9,0,0,0
"G5100690","1990","VA",,,,,,,,,,,"99","Frederick","069",,,"5","9999",,,,"9999","3","Virginia","51",,,,,"0001073768","0000002796","Frederick County","A","+39205592","-078262947","06",44290,794,75,256,4,202,0,9,6,87
"G5100710","1990","VA",,,,,,,,,,,"99","Giles","071",,,"5","9999",,,,"9999","3","Virginia","51",,,,,"0000926960","0000007954","Giles County","A","+37319108","-080697854","06",16003,265,14,38,0,34,0,0,0,12
"G5100730","1990","VA",,,,,,,,,,,"99","Gloucester","073",,,"5","5720",,,,"9999","3","Virginia","51",,,,,"0000560964","0000185004","Gloucester County","A","+37403209","-076522841","06",26273,3310,49,204,0,256,7,11,0,21
"G5100750","1990","VA",,,,,,,,,,,"99","Goochland","075",,,"5","6760",,,,"9999","3","Virginia","51",,,,,"0000736738","0000014389","Goochland County","A","+37717585","-077925906","06",9837,4204,12,67,0,14,22,0,7,0
"G5100770","1990","VA",,,,,,,,,,,"99","Grayson","077",,,"5","9999",,,,"9999","3","Virginia","51",,,,,"0001146498","0000008455","Grayson County","A","+36652520","-081228499","06",15692,522,14,0,0,46,0,2,0,2
"G5100790","1990","VA",,,,,,,,,,,"99","Greene","079",,,"5","1540",,,,"9999","3","Virginia","51",,,,,"0000405630","0000000954","Greene County","A","+38297914","-078470800","06",9567,666,6,9,0,42,0,0,0,7
"G5100810","1990","VA",,,,,,,,,,,"99","Greensville","081",,,"5","9999",,,,"9999","3","Virginia","51",,,,,"0000765241","0000003553","Greensville County","A","+36674526","-077562483","06",3875,4947,0,6,0,25,0,0,0,0
"G5100830","1990","VA",,,,,,,,,,,"99","Halifax","083",,,"5","9999",,,,"9999","3","Virginia","51",,,,,"0002107734","0000026556","Halifax County","A","+36766677","-078938306","06",17414,11424,46,52,0,47,15,0,0,35
"G5100850","1990","VA",,,,,,,,,,,"99","Hanover","085",,,"5","6760",,,,"9999","3","Virginia","51",,,,,"0001224460","0000003494","Hanover County","A","+37760263","-077491262","06",56242,6225,135,346,28,262,12,0,0,56
"G5100870","1990","VA",,,,,,,,,,,"99","Henrico","087",,,"5","6760",,,,"9999","3","Virginia","51",,,,,"0000616755","0000013178","Henrico County","A","+37550800","-077404166","06",167102,43734,562,4144,119,1321,185,9,41,664
"G5100890","1990","VA",,,,,,,,,,,"99","Henry","089",,,"5","9999",,,,"9999","3","Virginia","51",,,,,"0000990356","0000005276","Henry County","A","+36670869","-079884458","06",43341,13113,119,151,9,99,80,0,5,25
"G5100910","1990","VA",,,,,,,,,,,"99","Highland","091",,,"5","9999",,,,"9999","3","Virginia","51",,,,,"0001077138","0000000000","Highland County","A","+38350324","-079556297","06",2628,0,0,0,0,7,0,0,0,0
"G5100930","1990","VA",,,,,,,,,,,"99","Isle Of Wight","093",,,"5","9999",,,,"9999","3","Virginia","51",,,,,"0000818152","0000121467","Isle of Wight County","A","+36907042","-076711212","06",16908,7922,46,68,0,85,9,0,0,15
"G5100950","1990","VA",,,,,,,,,,,"99","James City","095",,,"5","5720",,,,"9999","3","Virginia","51",,,,,"0000370143","0000095349","James City County","A","+37311647","-076770737","06",27380,6437,39,524,0,442,0,0,17,20
"G5100970","1990","VA",,,,,,,,,,,"99","King And Queen","097",,,"5","9999",,,,"9999","3","Virginia","51",,,,,"0000819184","0000026070","King and Queen County","A","+37720303","-076901789","06",3570,2628,79,0,9,0,0,0,0,3
"G5100990","1990","VA",,,,,,,,,,,"99","King George","099",,,"5","9999",,,,"9999","3","Virginia","51",,,,,"0000466238","0000020189","King George County","A","+38264541","-077154814","06",10507,2709,20,186,0,81,0,0,0,24
"G5101010","1990","VA",,,,,,,,,,,"99","King William","101",,,"5","9999",,,,"9999","3","Virginia","51",,,,,"0000713415","0000026471","King William County","A","+37703021","-077096684","06",7378,3301,218,0,0,0,7,0,0,9
"G5101030","1990","VA",,,,,,,,,,,"99","Lancaster","103",,,"5","9999",,,,"9999","3","Virginia","51",,,,,"0000344859","0000254372","Lancaster County","A","+37707716","-076410883","06",7552,3254,2,0,0,12,54,0,0,22
"G5101050","1990","VA",,,,,,,,,,,"99","Lee","105",,,"5","9999",,,,"9999","3","Virginia","51",,,,,"0001132220","0000000484","Lee County","A","+36707070","-083128996","06",24286,55,8,14,0,102,0,0,0,31
"G5101070","1990","VA",,,,,,,,,,,"99","Loudoun","107",,,"5","8840",,,,"9999","3","Virginia","51",,,,,"0001346585","0000003171","Loudoun County","A","+39093182","-077636626","06",75431,6223,274,2024,56,1622,70,17,60,352
"G5101090","1990","VA",,,,,,,,,,,"99","Louisa","109",,,"5","9999",,,,"9999","3","Virginia","51",,,,,"0001288502","0000034554","Louisa County","A","+37987057","-077957028","06",14835,5233,48,47,70,76,0,0,0,16
"G5101110","1990","VA",,,,,,,,,,,"99","Lunenburg","111",,,"5","9999",,,,"9999","3","Virginia","51",,,,,"0001118319","0000001608","Lunenburg County","A","+36947001","-078241394","06",7042,4311,25,4,0,19,2,0,12,4
"G5101130","1990","VA",,,,,,,,,,,"99","Madison","113",,,"5","9999",,,,"9999","3","Virginia","51",,,,,"0000832565","0000000930","Madison County","A","+38409177","-078281290","06",10177,1697,4,15,0,50,0,0,0,6
"G5101150","1990","VA",,,,,,,,,,,"99","Mathews","115",,,"5","9999",,,,"9999","3","Virginia","51",,,,,"0000221949","0000430686","Mathews County","A","+37418661","-076279226","06",7122,1132,9,0,8,34,43,0,0,0
"G5101170","1990","VA",,,,,,,,,,,"99","Mecklenburg","117",,,"5","9999",,,,"9999","3","Virginia","51",,,,,"0001616113","0000143381","Mecklenburg County","A","+36683622","-078365114","06",17922,11199,36,29,0,24,17,0,0,14
"G5101190","1990","VA",,,,,,,,,,,"99","Middlesex","119",,,"5","9999",,,,"9999","3","Virginia","51",,,,,"0000337483","0000208390","Middlesex County","A","+37610869","-076506992","06",6439,2138,14,12,0,50,0,0,0,0
"G5101210","1990","VA",,,,,,,,,,,"99","Montgomery","121",,,"5","9999",,,,"9999","3","Virginia","51",,,,,"0001005538","0000003115","Montgomery County","A","+37171177","-080394412","06",67487,2762,137,2764,69,482,25,0,49,138
"G5101250","1990","VA",,,,,,,,,,,"99","Nelson","125",,,"5","9999",,,,"9999","3","Virginia","51",,,,,"0001223469","0000005060","Nelson County","A","+37792026","-078884353","06",10188,2384,45,46,14,21,22,0,0,58
"G5101270","1990","VA",,,,,,,,,,,"99","New Kent","127",,,"5","6760",,,,"9999","3","Virginia","51",,,,,"0000543470","0000036093","New Kent County","A","+37506203","-076997788","06",8051,2131,111,20,41,32,10,0,0,49
"G5101310","1990","VA",,,,,,,,,,,"99","Northampton","131",,,"5","9999",,,,"9999","3","Virginia","51",,,,,"0000537117","0001522962","Northampton County","A","+37301001","-075925725","06",6694,6033,20,16,5,154,17,0,0,122
"G5101330","1990","VA",,,,,,,,,,,"99","Northumberland","133",,,"5","9999",,,,"9999","3","Virginia","51",,,,,"0000498087","0000241812","Northumberland County","A","+37857955","-076379084","06",7392,3082,3,23,13,7,0,0,0,4
"G5101350","1990","VA",,,,,,,,,,,"99","Nottoway","135",,,"5","9999",,,,"9999","3","Virginia","51",,,,,"0000815153","0000003626","Nottoway County","A","+37141409","-078054668","06",8671,6203,8,34,0,52,9,0,0,16
"G5101370","1990","VA",,,,,,,,,,,"99","Orange","137",,,"5","9999",,,,"9999","3","Virginia","51",,,,,"0000885090","0000004412","Orange County","A","+38240198","-078011777","06",18041,3060,58,33,7,146,12,0,0,64
"G5101390","1990","VA",,,,,,,,,,,"99","Page","139",,,"5","9999",,,,"9999","3","Virginia","51",,,,,"0000805865","0000007685","Page County","A","+38613652","-078481544","06",21004,439,16,140,0,81,0,0,0,10
"G5101410","1990","VA",,,,,,,,,,,"99","Patrick","141",,,"5","9999",,,,"9999","3","Virginia","51",,,,,"0001251389","0000007051","Patrick County","A","+36681768","-080285090","06",16158,1248,10,6,0,45,0,0,0,6
"G5101430","1990","VA",,,,,,,,,,,"99","Pittsylvania","143",,,"5","1950",,,,"9999","3","Virginia","51",,,,,"0002514506","0000019065","Pittsylvania County","A","+36820155","-079397333","06",40461,14909,52,53,0,127,18,0,7,28
"G5101450","1990","VA",,,,,,,,,,,"99","Powhatan","145",,,"5","6760",,,,"9999","3","Virginia","51",,,,,"0000676759","0000002908","Powhatan County","A","+37546060","-077916362","06",11932,3292,57,10,0,15,0,8,0,14
"G5101470","1990","VA",,,,,,,,,,,"99","Prince Edward","147",,,"5","9999",,,,"9999","3","Virginia","51",,,,,"0000913773","0000002755","Prince Edward County","A","+37218313","-078443070","06",10832,6198,30,71,0,99,24,0,0,66
"G5101490","1990","VA",,,,,,,,,,,"99","Prince George","149",,,"5","6760",,,,"9999","3","Virginia","51",,,,,"0000687928","0000041964","Prince George County","A","+37186767","-077221211","06",17847,7824,116,576,49,452,149,0,0,381
"G5101530","1990","VA",,,,,,,,,,,"99","Prince William","153",,,"5","8840",,,,"9999","3","Virginia","51",,,,,"0000876528","0000027523","Prince William County","A","+38704050","-077477783","06",174423,24579,573,6708,242,5619,363,31,187,2961
"G5101550","1990","VA",,,,,,,,,,,"99","Pulaski","155",,,"5","9999",,,,"9999","3","Virginia","51",,,,,"0000830285","0000023381","Pulaski County","A","+37063187","-080713855","06",32245,1998,71,108,0,65,9,0,0,0
"G5101570","1990","VA",,,,,,,,,,,"99","Rappahannock","157",,,"5","9999",,,,"9999","3","Virginia","51",,,,,"0000690491","0000000673","Rappahannock County","A","+38687336","-078168603","06",6034,495,15,31,0,45,0,0,0,2
"G5101590","1990","VA",,,,,,,,,,,"99","Richmond","159",,,"5","9999",,,,"9999","3","Virginia","51",,,,,"0000495921","0000064546","Richmond County","A","+37938524","-076724393","06",5034,2165,8,27,0,10,5,0,0,24
"G5101610","1990","VA",,,,,,,,,,,"99","Roanoke","161",,,"5","6800",,,,"9999","3","Virginia","51",,,,,"0000649227","0000000461","Roanoke County","A","+37268550","-080079453","06",76185,2101,52,630,0,261,13,6,23,61
"G5101630","1990","VA",,,,,,,,,,,"99","Rockbridge","163",,,"5","9999",,,,"9999","3","Virginia","51",,,,,"0001553145","0000003500","Rockbridge County","A","+37814645","-079446196","06",17745,482,58,21,2,42,0,0,0,0
"G5101650","1990","VA",,,,,,,,,,,"99","Rockingham","165",,,"5","9999",,,,"9999","3","Virginia","51",,,,,"0002204627","0000005557","Rockingham County","A","+38515309","-078876339","06",55790,815,66,209,5,317,34,0,3,243
"G5101670","1990","VA",,,,,,,,,,,"99","Russell","167",,,"5","9999",,,,"9999","3","Virginia","51",,,,,"0001229387","0000005477","Russell County","A","+36937887","-082095390","06",28360,184,25,52,0,46,0,0,0,0
"G5101690","1990","VA",,,,,,,,,,,"99","Scott","169",,,"5","3660",,,,"9999","3","Virginia","51",,,,,"0001389783","0000005294","Scott County","A","+36718623","-082601454","06",23016,117,15,8,0,37,0,0,0,11
"G5101710","1990","VA",,,,,,,,,,,"99","Shenandoah","171",,,"5","9999",,,,"9999","3","Virginia","51",,,,,"0001326697","0000000836","Shenandoah County","A","+38861886","-078568095","06",30818,387,4,116,35,219,7,0,0,50
"G5101730","1990","VA",,,,,,,,,,,"99","Smyth","173",,,"5","9999",,,,"9999","3","Virginia","51",,,,,"0001170958","0000000566","Smyth County","A","+36844951","-081533542","06",31575,624,24,80,0,55,0,0,0,12
"G5101750","1990","VA",,,,,,,,,,,"99","Southampton","175",,,"5","9999",,,,"9999","3","Virginia","51",,,,,"0001554693","0000007246","Southampton County","A","+36723556","-077106580","06",9513,7789,11,33,0,74,87,0,0,43
"G5101770","1990","VA",,,,,,,,,,,"99","Spotsylvania","177",,,"5","9999",,,,"9999","3","Virginia","51",,,,,"0001038331","0000029533","Spotsylvania County","A","+38179795","-077650521","06",49555,6193,196,533,36,666,0,0,17,207
"G5101790","1990","VA",,,,,,,,,,,"99","Stafford","179",,,"5","8840",,,,"9999","3","Virginia","51",,,,,"0000699316","0000024727","Stafford County","A","+38413096","-077452829","06",54807,4154,262,722,15,877,76,0,45,278
"G5101810","1990","VA",,,,,,,,,,,"99","Surry","181",,,"5","9999",,,,"9999","3","Virginia","51",,,,,"0000722886","0000080855","Surry County","A","+37119825","-076890536","06",2713,3411,2,0,0,19,0,0,0,0
"G5101830","1990","VA",,,,,,,,,,,"99","Sussex","183",,,"5","9999",,,,"9999","3","Virginia","51",,,,,"0001271051","0000005445","Sussex County","A","+36926372","-077258771","06",4234,5967,6,19,8,10,4,0,0,0
"G5101850","1990","VA",,,,,,,,,,,"99","Tazewell","185",,,"5","9999",,,,"9999","3","Virginia","51",,,,,"0001346193","0000000383","Tazewell County","A","+37125510","-081563049","06",44495,1168,58,189,0,20,25,0,0,5
"G5101870","1990","VA",,,,,,,,,,,"99","Warren","187",,,"5","9999",,,,"9999","3","Virginia","51",,,,,"0000553542","0000006793","Warren County","A","+38908123","-078206974","06",24579,1157,66,59,13,153,34,0,0,81
"G5101910","1990","VA",,,,,,,,,,,"99","Washington","191",,,"5","3660",,,,"9999","3","Virginia","51",,,,,"0001461291","0000008761","Washington County","A","+36724220","-081961173","06",45055,598,82,87,0,43,0,0,0,22
"G5101930","1990","VA",,,,,,,,,,,"99","Westmoreland","193",,,"5","9999",,,,"9999","3","Virginia","51",,,,,"0000593619","0000060755","Westmoreland County","A","+38113533","-076803864","06",10204,5100,41,64,8,38,25,0,0,0
"G5101950","1990","VA",,,,,,,,,,,"99","Wise","195",,,"5","9999",,,,"9999","3","Virginia","51",,,,,"0001044720","0000003093","Wise County","A","+36974565","-082621677","06",38547,679,52,152,0,104,0,0,10,29
"G5101970","1990","VA",,,,,,,,,,,"99","Wythe","197",,,"5","9999",,,,"9999","3","Virginia","51",,,,,"0001199844","0000003556","Wythe County","A","+36921075","-081085048","06",24194,1036,20,40,0,103,0,0,45,28
"G5101990","1990","VA",,,,,,,,,,,"99","York","199",,,"5","5720",,,,"9999","3","Virginia","51",,,,,"0000273542","0000284599","York County","A","+37223614","-076439212","06",34240,6388,107,1029,11,284,50,14,8,291
"G5105100","1990","VA",,,,,,,,,,,"99","Alexandria City","510",,,"5","8840",,,,"9999","3","Virginia","51",,,,,"0000039551","0000000271","Alexandria city","F","+38821000","-077086178","08",71508,24320,222,4607,86,5399,237,25,80,4699
"G5105150","1990","VA",,,,,,,,,,,"99","Bedford City","515",,,"5","9999",,,,"9999","3","Virginia","51",,,,,"0000017726","0000000037","Bedford city","F","+37337818","-079521114","08",4635,1328,0,54,0,56,0,0,0,0
"G5105200","1990","VA",,,,,,,,,,,"99","Bristol City","520",,,"5","3660",,,,"9999","3","Virginia","51",,,,,"0000030031","0000000000","Bristol city","F","+36613216","-082168103","08",17147,1068,15,128,0,47,13,0,0,8
"G5105300","1990","VA",,,,,,,,,,,"99","Buena Vista City","530",,,"5","9999",,,,"9999","3","Virginia","51",,,,,"0000017684","0000000000","Buena Vista city","F","+37731693","-079357099","08",6059,282,0,65,0,0,0,0,0,0
"G5105400","1990","VA",,,,,,,,,,,"99","Charlottesville City","540",,,"5","1540",,,,"9999","3","Virginia","51",,,,,"0000026574","0000000000","Charlottesville city","F","+38037450","-078485745","08",30338,8602,106,866,44,306,19,0,10,50
"G5105500","1990","VA",,,,,,,,,,,"99","Chesapeake City","550",,,"5","5720",,,,"9999","3","Virginia","51",,,,,"0000882361","0000026511","Chesapeake city","F","+36678812","-076308771","08",106425,41566,522,1794,94,970,77,7,21,500
"G5105600","1990","VA",,,,,,,,,,,"99","Clifton Forge City","560",,,"5","9999",,,,"9999","3","Virginia","51",,,,,"0000008006","0000000011","Clifton Forge city","F","+37823468","-079825532","08",3970,695,0,0,0,14,0,0,0,0
"G5105700","1990","VA",,,,,,,,,,,"99","Colonial Heights City","570",,,"5","6760",,,,"9999","3","Virginia","51",,,,,"0000019327","0000000839","Colonial Heights city","F","+37264000","-077398786","08",15472,58,0,329,6,105,0,0,30,64
"G5105800","1990","VA",,,,,,,,,,,"99","Covington City","580",,,"5","9999",,,,"9999","3","Virginia","51",,,,,"0000011490","0000000000","Covington city","F","+37777966","-079990271","08",5940,970,0,11,44,26,0,0,0,0
"G5105900","1990","VA",,,,,,,,,,,"99","Danville City","590",,,"5","1950",,,,"9999","3","Virginia","51",,,,,"0000111540","0000002271","Danville city","F","+36583187","-079408300","08",33078,19491,54,233,12,125,25,18,7,13
"G5105950","1990","VA",,,,,,,,,,,"99","Emporia City","595",,,"5","9999",,,,"9999","3","Virginia","51",,,,,"0000017839","0000000176","Emporia city","F","+36694793","-077536704","08",2839,2422,0,19,0,10,16,0,0,0
"G5106000","1990","VA",,,,,,,,,,,"99","Fairfax City","600",,,"5","8840",,,,"9999","3","Virginia","51",,,,,"0000015964","0000000000","Fairfax city","F","+38853650","-077298227","08",15903,999,57,1307,31,899,22,0,73,331
"G5106100","1990","VA",,,,,,,,,,,"99","Falls Church City","610",,,"5","8840",,,,"9999","3","Virginia","51",,,,,"0000005168","0000000000","Falls Church city","F","+38885050","-077174558","08",8222,266,53,431,34,311,0,48,0,213
"G5106200","1990","VA",,,,,,,,,,,"99","Franklin City","620",,,"5","9999",,,,"9999","3","Virginia","51",,,,,"0000019882","0000000121","Franklin city","F","+36680804","-076935967","08",3642,4176,0,14,15,0,10,0,0,7
"G5106300","1990","VA",,,,,,,,,,,"99","Fredericksburg City","630",,,"5","9999",,,,"9999","3","Virginia","51",,,,,"0000027234","0000000024","Fredericksburg city","F","+38299252","-077487129","08",14312,4083,22,185,31,129,33,0,0,232
"G5106400","1990","VA",,,,,,,,,,,"99","Galax City","640",,,"5","9999",,,,"9999","3","Virginia","51",,,,,"0000020893","0000000000","Galax city","F","+36664502","-080917721","08",6186,402,8,0,0,33,0,0,0,41
"G5106500","1990","VA",,,,,,,,,,,"99","Hampton City","650",,,"5","5720",,,,"9999","3","Virginia","51",,,,,"0000134214","0000218544","Hampton city","F","+37049850","-076294973","08",76946,51669,352,2258,62,1221,507,8,61,709
"G5106600","1990","VA",,,,,,,,,,,"99","Harrisonburg City","660",,,"5","9999",,,,"9999","3","Virginia","51",,,,,"0000045494","0000000076","Harrisonburg city","F","+38436724","-078873976","08",27670,1995,36,442,37,294,25,0,9,199
"G5106700","1990","VA",,,,,,,,,,,"99","Hopewell City","670",,,"5","6760",,,,"9999","3","Virginia","51",,,,,"0000026541","0000001227","Hopewell city","F","+37290565","-077298425","08",16526,5850,18,235,37,207,68,0,25,135
"G5106780","1990","VA",,,,,,,,,,,"99","Lexington City","678",,,"5","9999",,,,"9999","3","Virginia","51",,,,,"0000006459","0000000000","Lexington city","F","+37782292","-079444621","08",5999,811,6,102,0,29,0,0,0,12
"G5106800","1990","VA",,,,,,,,,,,"99","Lynchburg City","680",,,"5","4640",,,,"9999","3","Virginia","51",,,,,"0000127946","0000000947","Lynchburg city","F","+37401217","-079191434","08",47595,17465,85,441,31,303,53,12,2,62
"G5106830","1990","VA",,,,,,,,,,,"99","Manassas City","683",,,"5","8840",,,,"9999","3","Virginia","51",,,,,"0000025928","0000000058","Manassas city","F","+38747400","-077485372","08",22567,2821,111,827,5,776,72,0,0,778
"G5106850","1990","VA",,,,,,,,,,,"99","Manassas Park City","685",,,"5","8840",,,,"9999","3","Virginia","51",,,,,"0000004744","0000000000","Manassas Park city","F","+38773267","-077452060","08",5746,501,10,159,0,195,0,0,7,116
"G5106900","1990","VA",,,,,,,,,,,"99","Martinsville City","690",,,"5","9999",,,,"9999","3","Virginia","51",,,,,"0000028377","0000000135","Martinsville city","F","+36683477","-079863824","08",10076,5863,8,103,0,0,108,0,0,4
"G5107000","1990","VA",,,,,,,,,,,"99","Newport News City","700",,,"5","5720",,,,"9999","3","Virginia","51",,,,,"0000176999","0000131301","Newport News city","F","+37075850","-076514160","08",104704,56258,651,3793,77,1854,724,30,188,1766
"G5107100","1990","VA",,,,,,,,,,,"99","Norfolk City","710",,,"5","5720",,,,"9999","3","Virginia","51",,,,,"0000139236","0000110184","Norfolk city","F","+36923200","-076244943","08",145093,101271,1335,6067,223,3039,864,62,613,2662
"G5107200","1990","VA",,,,,,,,,,,"99","Norton City","720",,,"5","9999",,,,"9999","3","Virginia","51",,,,,"0000018814","0000000000","Norton city","F","+36931339","-082626090","08",3904,263,22,29,0,19,0,0,0,10
"G5107300","1990","VA",,,,,,,,,,,"99","Petersburg City","730",,,"5","6760",,,,"9999","3","Virginia","51",,,,,"0000059253","0000000885","Petersburg city","F","+37204350","-077392576","08",10066,27504,103,271,69,110,176,0,39,48
"G5107350","1990","VA",,,,,,,,,,,"99","Poquoson City","735",,,"5","5720",,,,"9999","3","Virginia","51",,,,,"0000040193","0000162947","Poquoson city","F","+37153396","-076290436","08",10734,30,41,147,7,41,0,0,0,5
"G5107400","1990","VA",,,,,,,,,,,"99","Portsmouth City","740",,,"5","5720",,,,"9999","3","Virginia","51",,,,,"0000085843","0000034896","Portsmouth city","F","+36855534","-076356410","08",52591,48868,283,711,27,817,244,19,16,331
"G5107500","1990","VA",,,,,,,,,,,"99","Radford City","750",,,"5","9999",,,,"9999","3","Virginia","51",,,,,"0000025428","0000000962","Radford city","F","+37124075","-080558897","08",14470,949,0,262,0,216,8,0,0,35
"G5107600","1990","VA",,,,,,,,,,,"99","Richmond City","760",,,"5","6760",,,,"9999","3","Virginia","51",,,,,"0000155728","0000006421","Richmond city","F","+37531050","-077474584","08",87048,112072,419,1654,119,880,334,22,10,498
"G5107700","1990","VA",,,,,,,,,,,"99","Roanoke City","770",,,"5","6800",,,,"9999","3","Virginia","51",,,,,"0000111115","0000000079","Roanoke city","F","+37278400","-079958399","08",71590,23073,167,775,73,392,213,0,7,107
"G5107750","1990","VA",,,,,,,,,,,"99","Salem City","775",,,"5","6800",,,,"9999","3","Virginia","51",,,,,"0000037689","0000000000","Salem city","F","+37286650","-080056418","08",22308,1034,33,270,30,81,0,0,0,0
"G5107800","1990","VA",,,,,,,,,,,"99","South Boston City","780",,,"5","9999",,,,"9999","3","Virginia","51",,,,,"0000014347","0000000035","South Boston city","F","+36707791","-078906246","08",4395,2569,0,26,0,0,0,0,0,7
"G5107900","1990","VA",,,,,,,,,,,"99","Staunton City","790",,,"5","9999",,,,"9999","3","Virginia","51",,,,,"0000051182","0000000000","Staunton city","F","+38158808","-079062277","08",21040,3059,48,124,21,132,3,0,0,34
"G5108000","1990","VA",,,,,,,,,,,"99","Suffolk City","800",,,"5","5720",,,,"9999","3","Virginia","51",,,,,"0001036205","0000075149","Suffolk city","F","+36703293","-076638147","08",28352,23157,151,143,45,180,24,6,0,83
"G5108100","1990","VA",,,,,,,,,,,"99","Virginia Beach City","810",,,"5","5720",,,,"9999","3","Virginia","51",,,,,"0000643159","0000644783","Virginia Beach city","F","+36770134","-076014740","08",309570,53920,1518,15674,259,6720,880,94,1273,3161
"G5108200","1990","VA",,,,,,,,,,,"99","Waynesboro City","820",,,"5","9999",,,,"9999","3","Virginia","51",,,,,"0000036378","0000000048","Waynesboro city","F","+38069502","-078902634","08",16438,1789,39,95,0,100,0,16,0,72
"G5108300","1990","VA",,,,,,,,,,,"99","Williamsburg City","830",,,"5","5720",,,,"9999","3","Virginia","51",,,,,"0000022297","0000000334","Williamsburg city","F","+37270008","-076706855","08",9290,1740,16,356,16,78,20,0,0,14
"G5108400","1990","VA",,,,,,,,,,,"99","Winchester City","840",,,"5","9999",,,,"9999","3","Virginia","51",,,,,"0000024170","0000000000","Winchester city","F","+39174479","-078175001","08",19257,2194,26,163,0,216,5,0,0,86
"G5300010","1990","WA",,,,,,,,,,,"99","Adams","001",,,"9","9999",,,,"9999","4","Washington","53",,,,,"0004985744","0000012244","Adams County","A","+46988989","-118556910","06",9060,21,38,115,20,39,6,0,1,4303
"G5300030","1990","WA",,,,,,,,,,,"99","Asotin","003",,,"9","9999",,,,"9999","4","Washington","53",,,,,"0001647009","0000012379","Asotin County","A","+46182485","-117185020","06",17057,52,185,36,0,172,0,19,16,68
"G5300050","1990","WA",,,,,,,,,,,"99","Benton","005",,,"9","6740",,,,"9999","4","Washington","53",,,,,"0004411065","0000147817","Benton County","A","+46247641","-119501530","06",99929,899,811,2200,112,3101,66,12,38,5392
"G5300070","1990","WA",,,,,,,,,,,"99","Chelan","007",,,"9","9999",,,,"9999","4","Washington","53",,,,,"0007567041","0000187090","Chelan County","A","+47876957","-120641356","06",46669,88,488,363,53,1740,0,59,18,2772
"G5300090","1990","WA",,,,,,,,,,,"99","Clallam","009",,,"9","9999",,,,"9999","4","Washington","53",,,,,"0004519953","0002411240","Clallam County","A","+48109502","-123931203","06",51856,323,2542,741,11,671,13,91,3,213
"G5300110","1990","WA",,,,,,,,,,,"79","Clark","011",,,"9","6442",,,,"8725","4","Washington","53",,,,,"0001626236","0000073487","Clark County","A","+45773673","-122484295","06",221857,2632,2225,5514,150,3767,108,146,127,1527
"G5300130","1990","WA",,,,,,,,,,,"99","Columbia","013",,,"9","9999",,,,"9999","4","Washington","53",,,,,"0002250199","0000012207","Columbia County","A","+46301584","-117915368","06",3515,0,24,6,0,359,0,1,0,119
"G5300150","1990","WA",,,,,,,,,,,"99","Cowlitz","015",,,"9","9999",,,,"9999","4","Washington","53",,,,,"0002949286","0000071722","Cowlitz County","A","+46190773","-122682163","06",77444,245,1487,1265,43,756,0,52,21,806
"G5300170","1990","WA",,,,,,,,,,,"99","Douglas","017",,,"9","9999",,,,"9999","4","Washington","53",,,,,"0004715290","0000072946","Douglas County","A","+47739947","-119694857","06",22903,40,307,141,7,1319,0,8,14,1466
"G5300190","1990","WA",,,,,,,,,,,"99","Ferry","019",,,"9","9999",,,,"9999","4","Washington","53",,,,,"0005708311","0000138509","Ferry County","A","+48469558","-118508651","06",5052,7,1126,2,0,40,0,10,13,45
"G5300210","1990","WA",,,,,,,,,,,"99","Franklin","021",,,"9","6740",,,,"9999","4","Washington","53",,,,,"0003217260","0000060085","Franklin County","A","+46536896","-118904770","06",23897,1108,291,845,45,3076,95,58,42,8016
"G5300230","1990","WA",,,,,,,,,,,"99","Garfield","023",,,"9","9999",,,,"9999","4","Washington","53",,,,,"0001840292","0000019794","Garfield County","A","+46433948","-117534760","06",2229,0,10,9,0,0,0,0,0,0
"G5300250","1990","WA",,,,,,,,,,,"99","Grant","025",,,"9","9999",,,,"9999","4","Washington","53",,,,,"0006931816","0000297837","Grant County","A","+47207843","-119466316","06",43662,504,662,603,45,3522,12,9,53,5686
"G5300270","1990","WA",,,,,,,,,,,"99","Grays Harbor","027",,,"9","9999",,,,"9999","4","Washington","53",,,,,"0004965699","0000795997","Grays Harbor County","A","+47147370","-123829002","06",59520,45,2559,723,54,788,0,106,17,363
"G5300290","1990","WA",,,,,,,,,,,"99","Island","029",,,"9","9999",,,,"9999","4","Washington","53",,,,,"0000540252","0000799780","Island County","A","+48154178","-122575880","06",53983,1539,528,2264,26,1110,13,8,133,591
"G5300310","1990","WA",,,,,,,,,,,"99","Jefferson","031",,,"9","9999",,,,"9999","4","Washington","53",,,,,"0004684833","0000956032","Jefferson County","A","+47844076","-123575786","06",19003,57,642,216,5,213,0,10,0,0
"G5300330","1990","WA",,,,,,,,,,,"91","King","033",,,"9","7602",,,,"7600","4","Washington","53",,,,,"0005506604","0000467934","King County","A","+47474506","-121844283","06",1257425,73380,16359,116624,1371,22862,1588,1437,2446,13827
"G5300350","1990","WA",,,,,,,,,,,"99","Kitsap","035",,,"9","1150",,,,"9999","4","Washington","53",,,,,"0001025625","0000440295","Kitsap County","A","+47640250","-122647374","06",167859,4859,3093,7825,145,3073,46,206,635,1990
"G5300370","1990","WA",,,,,,,,,,,"99","Kittitas","037",,,"9","9999",,,,"9999","4","Washington","53",,,,,"0005948347","0000093030","Kittitas County","A","+47124405","-120675562","06",25234,101,226,431,0,314,3,0,9,407
"G5300390","1990","WA",,,,,,,,,,,"99","Klickitat","039",,,"9","9999",,,,"9999","4","Washington","53",,,,,"0004849716","0000082396","Klickitat County","A","+45873750","-120789119","06",14920,23,466,134,33,449,0,114,5,472
"G5300410","1990","WA",,,,,,,,,,,"99","Lewis","041",,,"9","9999",,,,"9999","4","Washington","53",,,,,"0006236197","0000074147","Lewis County","A","+46577736","-122398304","06",56735,262,806,420,4,781,29,29,0,292
"G5300430","1990","WA",,,,,,,,,,,"99","Lincoln","043",,,"9","9999",,,,"9999","4","Washington","53",,,,,"0005986123","0000073811","Lincoln County","A","+47572051","-118414206","06",8619,0,141,22,0,51,0,0,2,29
"G5300450","1990","WA",,,,,,,,,,,"99","Mason","045",,,"9","9999",,,,"9999","4","Washington","53",,,,,"0002489266","0000233051","Mason County","A","+47350607","-123184950","06",35205,283,1432,475,18,603,33,33,27,232
"G5300470","1990","WA",,,,,,,,,,,"99","Okanogan","047",,,"9","9999",,,,"9999","4","Washington","53",,,,,"0013644839","0000121951","Okanogan County","A","+48549908","-119746130","06",26882,29,3425,160,48,684,5,152,7,1958
"G5300490","1990","WA",,,,,,,,,,,"99","Pacific","049",,,"9","9999",,,,"9999","4","Washington","53",,,,,"0002524124","0000644952","Pacific County","A","+46560890","-123780620","06",17357,90,515,472,7,210,8,49,6,168
"G5300510","1990","WA",,,,,,,,,,,"99","Pend Oreille","051",,,"9","9999",,,,"9999","4","Washington","53",,,,,"0003627226","0000064396","Pend Oreille County","A","+48534841","-117282483","06",8620,24,139,29,0,77,0,6,0,20
"G5300530","1990","WA",,,,,,,,,,,"91","Pierce","053",,,"9","7602",,,,"8200","4","Washington","53",,,,,"0004339668","0000339592","Pierce County","A","+47048300","-122113229","06",489326,40982,7924,27851,675,10045,1287,504,1067,6542
"G5300550","1990","WA",,,,,,,,,,,"99","San Juan","055",,,"9","9999",,,,"9999","4","Washington","53",,,,,"0000453100","0001155528","San Juan County","A","+48570365","-122973197","06",9720,20,103,91,3,85,0,2,0,11
"G5300570","1990","WA",,,,,,,,,,,"99","Skagit","057",,,"9","9999",,,,"9999","4","Washington","53",,,,,"0004494390","0000479677","Skagit County","A","+48476786","-121781902","06",72682,188,1694,736,93,1488,0,98,0,2576
"G5300590","1990","WA",,,,,,,,,,,"99","Skamania","059",,,"9","9999",,,,"9999","4","Washington","53",,,,,"0004290412","0000071030","Skamania County","A","+46026291","-121913533","06",7823,0,300,37,0,102,0,0,7,20
"G5300610","1990","WA",,,,,,,,,,,"91","Snohomish","061",,,"9","7602",,,,"7600","4","Washington","53",,,,,"0005413618","0000275390","Snohomish County","A","+48044416","-121713679","06",429215,4397,6434,15854,278,5706,68,322,544,2824
"G5300630","1990","WA",,,,,,,,,,,"99","Spokane","063",,,"9","7840",,,,"9999","4","Washington","53",,,,,"0004568254","0000044061","Spokane County","A","+47619550","-117402999","06",338895,4966,5022,6450,180,3757,101,245,149,1599
"G5300650","1990","WA",,,,,,,,,,,"99","Stevens","065",,,"9","9999",,,,"9999","4","Washington","53",,,,,"0006418870","0000161433","Stevens County","A","+48397024","-117852805","06",28346,89,1866,106,21,311,0,43,23,143
"G5300670","1990","WA",,,,,,,,,,,"99","Thurston","067",,,"9","5910",,,,"9999","4","Washington","53",,,,,"0001883099","0000120739","Thurston County","A","+46925123","-122827505","06",146042,2602,2382,5894,41,2527,107,170,88,1385
"G5300690","1990","WA",,,,,,,,,,,"99","Wahkiakum","069",,,"9","9999",,,,"9999","4","Washington","53",,,,,"0000684428","0000058137","Wahkiakum County","A","+46293398","-123427978","06",3137,13,78,27,0,19,0,9,0,44
"G5300710","1990","WA",,,,,,,,,,,"99","Walla Walla","071",,,"9","9999",,,,"9999","4","Washington","53",,,,,"0003290547","0000074437","Walla Walla County","A","+46225991","-118478365","06",42077,680,278,628,12,1297,4,0,48,3415
"G5300730","1990","WA",,,,,,,,,,,"99","Whatcom","073",,,"9","0860",,,,"9999","4","Washington","53",,,,,"0005490940","0000993496","Whatcom County","A","+48833747","-121900129","06",117593,618,3816,2397,110,1854,0,96,11,1285
"G5300750","1990","WA",,,,,,,,,,,"99","Whitman","075",,,"9","9999",,,,"9999","4","Washington","53",,,,,"0005592804","0000047212","Whitman County","A","+46886676","-117519057","06",35304,507,259,2041,13,411,12,5,10,213
"G5300770","1990","WA",,,,,,,,,,,"99","Yakima","077",,,"9","9260",,,,"9999","4","Washington","53",,,,,"0011126938","0000040559","Yakima County","A","+46455639","-120738899","06",132479,1882,7771,1687,477,7091,205,649,278,36304
"G5400010","1990","WV",,,,,,,,,,,"99","Barbour","001",,,"5","9999",,,,"9999","3","West Virginia","54",,,,,"0000882695","0000005088","Barbour County","A","+39129849","-079998348","06",15281,93,193,25,0,100,0,0,0,7
"G5400030","1990","WV",,,,,,,,,,,"99","Berkeley","003",,,"5","9999",,,,"9999","3","West Virginia","54",,,,,"0000831844","0000001117","Berkeley County","A","+39467095","-078025717","06",56421,2256,82,245,0,179,21,16,0,33
"G5400050","1990","WV",,,,,,,,,,,"99","Boone","005",,,"5","9999",,,,"9999","3","West Virginia","54",,,,,"0001302826","0000000510","Boone County","A","+38020883","-081719842","06",25509,236,29,37,0,55,0,0,0,4
"G5400070","1990","WV",,,,,,,,,,,"99","Braxton","007",,,"5","9999",,,,"9999","3","West Virginia","54",,,,,"0001329999","0000006960","Braxton County","A","+38703282","-080731279","06",12864,52,26,25,5,26,0,0,0,0
"G5400090","1990","WV",,,,,,,,,,,"99","Brooke","009",,,"5","8080",,,,"9999","3","West Virginia","54",,,,,"0000230128","0000008836","Brooke County","A","+40269700","-080584356","06",26568,270,64,27,6,52,0,0,0,5
"G5400110","1990","WV",,,,,,,,,,,"99","Cabell","011",,,"5","3400",,,,"9999","3","West Virginia","54",,,,,"0000729375","0000016647","Cabell County","A","+38418436","-082241701","06",91969,3789,183,607,43,169,18,0,0,49
"G5400130","1990","WV",,,,,,,,,,,"99","Calhoun","013",,,"5","9999",,,,"9999","3","West Virginia","54",,,,,"0000726846","0000000041","Calhoun County","A","+38843699","-081117714","06",7852,0,9,21,0,3,0,0,0,0
"G5400150","1990","WV",,,,,,,,,,,"99","Clay","015",,,"5","9999",,,,"9999","3","West Virginia","54",,,,,"0000886882","0000003681","Clay County","A","+38460407","-081074645","06",9932,0,13,0,0,38,0,0,0,0
"G5400170","1990","WV",,,,,,,,,,,"99","Doddridge","017",,,"5","9999",,,,"9999","3","West Virginia","54",,,,,"0000829983","0000000126","Doddridge County","A","+39260436","-080700569","06",6877,0,97,13,0,7,0,0,0,0
"G5400190","1990","WV",,,,,,,,,,,"99","Fayette","019",,,"5","9999",,,,"9999","3","West Virginia","54",,,,,"0001719682","0000011486","Fayette County","A","+38031135","-081087168","06",44433,3087,51,195,7,156,7,0,2,14
"G5400210","1990","WV",,,,,,,,,,,"99","Gilmer","021",,,"5","9999",,,,"9999","3","West Virginia","54",,,,,"0000880784","0000000060","Gilmer County","A","+38918256","-080854153","06",7617,25,0,13,0,14,0,0,0,0
"G5400230","1990","WV",,,,,,,,,,,"99","Grant","023",,,"5","9999",,,,"9999","3","West Virginia","54",,,,,"0001236051","0000007733","Grant County","A","+39101933","-079196749","06",10249,99,35,20,6,17,0,0,0,2
"G5400250","1990","WV",,,,,,,,,,,"99","Greenbrier","025",,,"5","9999",,,,"9999","3","West Virginia","54",,,,,"0002645215","0000008217","Greenbrier County","A","+37949802","-080450076","06",33222,1287,53,33,0,64,14,0,12,8
"G5400270","1990","WV",,,,,,,,,,,"99","Hampshire","027",,,"5","9999",,,,"9999","3","West Virginia","54",,,,,"0001662205","0000007500","Hampshire County","A","+39313728","-078613302","06",16248,146,21,30,0,43,0,0,0,10
"G5400290","1990","WV",,,,,,,,,,,"99","Hancock","029",,,"5","8080",,,,"9999","3","West Virginia","54",,,,,"0000215086","0000013773","Hancock County","A","+40521032","-080580986","06",33954,897,50,178,0,109,0,11,0,34
"G5400310","1990","WV",,,,,,,,,,,"99","Hardy","031",,,"5","9999",,,,"9999","3","West Virginia","54",,,,,"0001511100","0000002810","Hardy County","A","+39005336","-078863351","06",10711,211,21,7,0,8,0,0,0,19
"G5400330","1990","WV",,,,,,,,,,,"99","Harrison","033",,,"5","9999",,,,"9999","3","West Virginia","54",,,,,"0001077662","0000001399","Harrison County","A","+39286675","-080383296","06",67194,1020,108,178,24,785,0,0,35,27
"G5400350","1990","WV",,,,,,,,,,,"99","Jackson","035",,,"5","9999",,,,"9999","3","West Virginia","54",,,,,"0001206434","0000015060","Jackson County","A","+38833209","-081672301","06",25691,12,51,76,0,68,7,7,0,26
"G5400370","1990","WV",,,,,,,,,,,"99","Jefferson","037",,,"5","9999",,,,"9999","3","West Virginia","54",,,,,"0000542767","0000005252","Jefferson County","A","+39307105","-077863627","06",32751,2600,55,99,6,310,31,0,0,74
"G5400390","1990","WV",,,,,,,,,,,"99","Kanawha","039",,,"5","1480",,,,"9999","3","West Virginia","54",,,,,"0002339217","0000020453","Kanawha County","A","+38342352","-081525708","06",191612,13545,233,1217,106,539,128,0,46,193
"G5400410","1990","WV",,,,,,,,,,,"99","Lewis","041",,,"5","9999",,,,"9999","3","West Virginia","54",,,,,"0001007090","0000002457","Lewis County","A","+38995933","-080505532","06",17079,40,5,39,0,60,0,0,0,0
"G5400430","1990","WV",,,,,,,,,,,"99","Lincoln","043",,,"5","9999",,,,"9999","3","West Virginia","54",,,,,"0001133013","0000002992","Lincoln County","A","+38177845","-082070911","06",21184,0,79,43,0,58,0,0,0,18
"G5400450","1990","WV",,,,,,,,,,,"99","Logan","045",,,"5","9999",,,,"9999","3","West Virginia","54",,,,,"0001176465","0000003616","Logan County","A","+37825660","-081938543","06",41189,1403,68,243,12,81,0,0,2,34
"G5400470","1990","WV",,,,,,,,,,,"99","McDowell","047",,,"5","9999",,,,"9999","3","West Virginia","54",,,,,"0001385024","0000000469","McDowell County","A","+37371586","-081648191","06",30363,4705,18,26,0,95,23,3,0,0
"G5400490","1990","WV",,,,,,,,,,,"99","Marion","049",,,"5","9999",,,,"9999","3","West Virginia","54",,,,,"0000802087","0000004733","Marion County","A","+39512047","-080242751","06",54626,1866,166,152,21,395,6,0,2,15
"G5400510","1990","WV",,,,,,,,,,,"99","Marshall","051",,,"5","9000",,,,"9999","3","West Virginia","54",,,,,"0000795199","0000013399","Marshall County","A","+39872410","-080671747","06",36808,131,44,136,7,202,0,2,4,22
"G5400530","1990","WV",,,,,,,,,,,"99","Mason","053",,,"5","9999",,,,"9999","3","West Virginia","54",,,,,"0001118587","0000033539","Mason County","A","+38772922","-082022311","06",25020,69,29,36,5,17,0,0,0,2
"G5400550","1990","WV",,,,,,,,,,,"99","Mercer","055",,,"5","9999",,,,"9999","3","West Virginia","54",,,,,"0001089094","0000000534","Mercer County","A","+37405805","-081113567","06",60340,3900,76,350,28,258,0,6,0,22
"G5400570","1990","WV",,,,,,,,,,,"99","Mineral","057",,,"5","1900",,,,"9999","3","West Virginia","54",,,,,"0000848911","0000003617","Mineral County","A","+39415225","-078941624","06",25758,726,2,118,0,78,10,0,0,5
"G5400590","1990","WV",,,,,,,,,,,"99","Mingo","059",,,"5","9999",,,,"9999","3","West Virginia","54",,,,,"0001094608","0000002675","Mingo County","A","+37728488","-082135768","06",32732,817,63,0,0,117,0,0,8,2
"G5400610","1990","WV",,,,,,,,,,,"99","Monongalia","061",,,"5","9999",,,,"9999","3","West Virginia","54",,,,,"0000935494","0000012224","Monongalia County","A","+39625612","-080051298","06",71452,1649,183,1477,38,442,36,21,27,184
"G5400630","1990","WV",,,,,,,,,,,"99","Monroe","063",,,"5","9999",,,,"9999","3","West Virginia","54",,,,,"0001226070","0000000766","Monroe County","A","+37561255","-080544308","06",12221,119,43,2,0,17,0,0,0,4
"G5400650","1990","WV",,,,,,,,,,,"99","Morgan","065",,,"5","9999",,,,"9999","3","West Virginia","54",,,,,"0000593156","0000001741","Morgan County","A","+39561866","-078260773","06",11907,68,49,45,2,57,0,0,0,0
"G5400670","1990","WV",,,,,,,,,,,"99","Nicholas","067",,,"5","9999",,,,"9999","3","West Virginia","54",,,,,"0001680068","0000014948","Nicholas County","A","+38290255","-080796399","06",26576,10,12,85,6,67,0,0,0,19
"G5400690","1990","WV",,,,,,,,,,,"99","Ohio","069",,,"5","9000",,,,"9999","3","West Virginia","54",,,,,"0000275019","0000006938","Ohio County","A","+40096746","-080617313","06",48840,1517,22,258,0,201,0,0,8,25
"G5400710","1990","WV",,,,,,,,,,,"99","Pendleton","071",,,"5","9999",,,,"9999","3","West Virginia","54",,,,,"0001807818","0000000539","Pendleton County","A","+38683748","-079355805","06",7854,170,0,10,0,16,0,0,0,4
"G5400730","1990","WV",,,,,,,,,,,"99","Pleasants","073",,,"5","9999",,,,"9999","3","West Virginia","54",,,,,"0000338605","0000010002","Pleasants County","A","+39371449","-081162542","06",7509,6,9,11,2,9,0,0,0,0
"G5400750","1990","WV",,,,,,,,,,,"99","Pocahontas","075",,,"5","9999",,,,"9999","3","West Virginia","54",,,,,"0002435499","0000004032","Pocahontas County","A","+38322017","-080007876","06",8886,78,14,9,0,13,0,0,0,8
"G5400770","1990","WV",,,,,,,,,,,"99","Preston","077",,,"5","9999",,,,"9999","3","West Virginia","54",,,,,"0001679315","0000007938","Preston County","A","+39469459","-079668297","06",28750,120,47,53,4,47,0,0,0,16
"G5400790","1990","WV",,,,,,,,,,,"99","Putnam","079",,,"5","1480",,,,"9999","3","West Virginia","54",,,,,"0000896796","0000010800","Putnam County","A","+38509356","-081905932","06",42325,151,79,138,0,117,0,0,0,25
"G5400810","1990","WV",,,,,,,,,,,"99","Raleigh","081",,,"5","9999",,,,"9999","3","West Virginia","54",,,,,"0001572067","0000006236","Raleigh County","A","+37775947","-081255664","06",70252,5769,83,382,25,234,8,0,19,47
"G5400830","1990","WV",,,,,,,,,,,"99","Randolph","083",,,"5","9999",,,,"9999","3","West Virginia","54",,,,,"0002693075","0000000518","Randolph County","A","+38780276","-079868127","06",27460,151,37,98,6,45,0,0,0,6
"G5400850","1990","WV",,,,,,,,,,,"99","Ritchie","085",,,"5","9999",,,,"9999","3","West Virginia","54",,,,,"0001174678","0000000173","Ritchie County","A","+39178478","-081066113","06",10210,7,4,8,2,2,0,0,0,0
"G5400870","1990","WV",,,,,,,,,,,"99","Roane","087",,,"5","9999",,,,"9999","3","West Virginia","54",,,,,"0001252590","0000000458","Roane County","A","+38715480","-081358358","06",15063,5,0,22,0,30,0,0,0,0
"G5400890","1990","WV",,,,,,,,,,,"99","Summers","089",,,"5","9999",,,,"9999","3","West Virginia","54",,,,,"0000935464","0000016951","Summers County","A","+37656684","-080857020","06",13289,706,46,12,0,90,18,6,16,21
"G5400910","1990","WV",,,,,,,,,,,"99","Taylor","091",,,"5","9999",,,,"9999","3","West Virginia","54",,,,,"0000447527","0000007529","Taylor County","A","+39340219","-080047974","06",14968,36,31,21,0,66,0,0,0,22
"G5400930","1990","WV",,,,,,,,,,,"99","Tucker","093",,,"5","9999",,,,"9999","3","West Virginia","54",,,,,"0001084935","0000005794","Tucker County","A","+39103552","-079566944","06",7680,2,13,0,0,33,0,0,0,0
"G5400950","1990","WV",,,,,,,,,,,"99","Tyler","095",,,"5","9999",,,,"9999","3","West Virginia","54",,,,,"0000667115","0000008127","Tyler County","A","+39465448","-080879427","06",9752,3,9,9,0,21,0,0,0,2
"G5400970","1990","WV",,,,,,,,,,,"99","Upshur","097",,,"5","9999",,,,"9999","3","West Virginia","54",,,,,"0000918892","0000000263","Upshur County","A","+38900603","-080231820","06",22577,107,53,39,6,76,0,0,0,9
"G5400990","1990","WV",,,,,,,,,,,"99","Wayne","099",,,"5","3400",,,,"9999","3","West Virginia","54",,,,,"0001310029","0000016643","Wayne County","A","+38149958","-082433107","06",41388,18,63,28,0,133,0,0,0,6
"G5401010","1990","WV",,,,,,,,,,,"99","Webster","101",,,"5","9999",,,,"9999","3","West Virginia","54",,,,,"0001440400","0000000117","Webster County","A","+38494635","-080434785","06",10703,7,3,2,8,6,0,0,0,0
"G5401030","1990","WV",,,,,,,,,,,"99","Wetzel","103",,,"5","9999",,,,"9999","3","West Virginia","54",,,,,"0000930438","0000005555","Wetzel County","A","+39610273","-080640864","06",19162,49,8,14,0,13,0,0,0,12
"G5401050","1990","WV",,,,,,,,,,,"99","Wirt","105",,,"5","9999",,,,"9999","3","West Virginia","54",,,,,"0000603501","0000004764","Wirt County","A","+39019027","-081384729","06",5157,24,0,8,0,3,0,0,0,0
"G5401070","1990","WV",,,,,,,,,,,"99","Wood","107",,,"5","6020",,,,"9999","3","West Virginia","54",,,,,"0000951448","0000024918","Wood County","A","+39212523","-081514126","06",85216,751,211,394,19,278,18,5,0,23
"G5401090","1990","WV",,,,,,,,,,,"99","Wyoming","109",,,"5","9999",,,,"9999","3","West Virginia","54",,,,,"0001297339","0000002444","Wyoming County","A","+37609826","-081541200","06",28541,248,79,10,0,112,0,0,0,0
"G5500010","1990","WI",,,,,,,,,,,"99","Adams","001",,,"3","9999",,,,"9999","2","Wisconsin","55",,,,,"0001677790","0000105618","Adams County","A","+43967112","-089773485","06",14807,356,106,57,6,186,18,28,2,116
"G5500030","1990","WI",,,,,,,,,,,"99","Ashland","003",,,"3","9999",,,,"9999","2","Wisconsin","55",,,,,"0002703730","0003229094","Ashland County","A","+46708333","-090558463","06",14723,15,1457,7,0,69,0,19,0,17
"G5500050","1990","WI",,,,,,,,,,,"99","Barron","005",,,"3","9999",,,,"9999","2","Wisconsin","55",,,,,"0002234879","0000070433","Barron County","A","+45418223","-091852830","06",40323,40,141,73,25,101,0,3,9,35
"G5500070","1990","WI",,,,,,,,,,,"99","Bayfield","007",,,"3","9999",,,,"9999","2","Wisconsin","55",,,,,"0003823902","0001464237","Bayfield County","A","+46631235","-091182816","06",12653,24,1258,26,4,19,0,16,0,8
"G5500090","1990","WI",,,,,,,,,,,"99","Brown","009",,,"3","3080",,,,"9999","2","Wisconsin","55",,,,,"0001369360","0000224699","Brown County","A","+44475233","-087993704","06",186119,1028,3397,2575,10,782,0,193,12,478
"G5500110","1990","WI",,,,,,,,,,,"99","Buffalo","011",,,"3","9999",,,,"9999","2","Wisconsin","55",,,,,"0001772902","0000065039","Buffalo County","A","+44378606","-091752438","06",13495,0,12,40,0,29,0,0,0,8
"G5500130","1990","WI",,,,,,,,,,,"99","Burnett","013",,,"3","9999",,,,"9999","2","Wisconsin","55",,,,,"0002127807","0000152526","Burnett County","A","+45865601","-092367816","06",12509,18,507,18,2,26,0,1,0,3
"G5500150","1990","WI",,,,,,,,,,,"99","Calumet","015",,,"3","0460",,,,"9999","2","Wisconsin","55",,,,,"0000828452","0000199922","Calumet County","A","+44078234","-088221545","06",33782,49,144,179,0,75,0,30,0,32
"G5500170","1990","WI",,,,,,,,,,,"99","Chippewa","017",,,"3","2290",,,,"9999","2","Wisconsin","55",,,,,"0002617125","0000080004","Chippewa County","A","+45067529","-091282372","06",51651,30,292,219,4,138,0,0,3,23
"G5500190","1990","WI",,,,,,,,,,,"99","Clark","019",,,"3","9999",,,,"9999","2","Wisconsin","55",,,,,"0003148661","0000008922","Clark County","A","+44730612","-090610237","06",31388,27,87,36,0,59,0,0,0,50
"G5500210","1990","WI",,,,,,,,,,,"99","Columbia","021",,,"3","9999",,,,"9999","2","Wisconsin","55",,,,,"0002004313","0000056759","Columbia County","A","+43471189","-089329917","06",44259,242,93,87,0,207,6,3,48,143
"G5500230","1990","WI",,,,,,,,,,,"99","Crawford","023",,,"3","9999",,,,"9999","2","Wisconsin","55",,,,,"0001483427","0000068723","Crawford County","A","+43232808","-090930812","06",15721,47,25,82,0,30,12,7,0,16
"G5500250","1990","WI",,,,,,,,,,,"99","Dane","025",,,"3","4720",,,,"9999","2","Wisconsin","55",,,,,"0003113634","0000093893","Dane County","A","+43066828","-089418327","06",341397,10296,1256,8499,433,3285,118,70,83,1648
"G5500270","1990","WI",,,,,,,,,,,"99","Dodge","027",,,"3","9999",,,,"9999","2","Wisconsin","55",,,,,"0002285409","0000063916","Dodge County","A","+43415772","-088708026","06",74293,1050,151,249,6,423,8,7,16,356
"G5500290","1990","WI",,,,,,,,,,,"99","Door","029",,,"3","9999",,,,"9999","2","Wisconsin","55",,,,,"0001250317","0004887822","Door County","A","+45020683","-087009973","06",25369,12,163,36,0,96,0,0,0,14
"G5500310","1990","WI",,,,,,,,,,,"99","Douglas","031",,,"3","2240",,,,"9999","2","Wisconsin","55",,,,,"0003390973","0000442308","Douglas County","A","+46450846","-091906262","06",40339,135,825,298,3,86,4,5,0,63
"G5500330","1990","WI",,,,,,,,,,,"99","Dunn","033",,,"3","9999",,,,"9999","2","Wisconsin","55",,,,,"0002206880","0000030788","Dunn County","A","+44947560","-091897593","06",34833,183,116,613,3,99,0,0,0,62
"G5500350","1990","WI",,,,,,,,,,,"99","Eau Claire","035",,,"3","2290",,,,"9999","2","Wisconsin","55",,,,,"0001651545","0000019800","Eau Claire County","A","+44726606","-091286578","06",81840,357,423,2239,2,231,19,2,0,70
"G5500370","1990","WI",,,,,,,,,,,"99","Florence","037",,,"3","9999",,,,"9999","2","Wisconsin","55",,,,,"0001264134","0000024430","Florence County","A","+45851098","-088399329","06",4544,5,23,4,2,12,0,0,0,0
"G5500390","1990","WI",,,,,,,,,,,"99","Fond du Lac","039",,,"3","9999",,,,"9999","2","Wisconsin","55",,,,,"0001872505","0000111103","Fond du Lac County","A","+43755355","-088490804","06",87994,263,258,466,19,726,0,23,6,328
"G5500410","1990","WI",,,,,,,,,,,"99","Forest","041",,,"3","9999",,,,"9999","2","Wisconsin","55",,,,,"0002626637","0000083774","Forest County","A","+45667573","-088777119","06",7827,135,769,16,3,7,0,6,0,13
"G5500430","1990","WI",,,,,,,,,,,"99","Grant","043",,,"3","9999",,,,"9999","2","Wisconsin","55",,,,,"0002973059","0000092042","Grant County","A","+42863327","-090707582","06",48718,100,84,241,8,87,0,0,0,26
"G5500450","1990","WI",,,,,,,,,,,"99","Green","045",,,"3","9999",,,,"9999","2","Wisconsin","55",,,,,"0001512680","0000001492","Green County","A","+42682273","-089601700","06",30077,37,52,31,1,129,0,5,0,7
"G5500470","1990","WI",,,,,,,,,,,"99","Green Lake","047",,,"3","9999",,,,"9999","2","Wisconsin","55",,,,,"0000917650","0000067743","Green Lake County","A","+43807656","-089044233","06",18357,31,54,57,2,88,0,1,0,61
"G5500490","1990","WI",,,,,,,,,,,"99","Iowa","049",,,"3","9999",,,,"9999","2","Wisconsin","55",,,,,"0001975512","0000014016","Iowa County","A","+42997920","-090133868","06",20074,7,20,8,2,35,0,2,0,2
"G5500510","1990","WI",,,,,,,,,,,"99","Iron","051",,,"3","9999",,,,"9999","2","Wisconsin","55",,,,,"0001961359","0000418594","Iron County","A","+46326395","-090261543","06",6126,0,11,2,0,6,0,0,0,8
"G5500530","1990","WI",,,,,,,,,,,"99","Jackson","053",,,"3","9999",,,,"9999","2","Wisconsin","55",,,,,"0002557065","0000033118","Jackson County","A","+44315222","-090808375","06",15740,47,681,19,0,92,0,3,0,6
"G5500550","1990","WI",,,,,,,,,,,"99","Jefferson","055",,,"3","9999",,,,"9999","2","Wisconsin","55",,,,,"0001442795","0000066655","Jefferson County","A","+43020464","-088780296","06",66000,238,190,283,18,645,0,14,10,385
"G5500570","1990","WI",,,,,,,,,,,"99","Juneau","057",,,"3","9999",,,,"9999","2","Wisconsin","55",,,,,"0001988330","0000094607","Juneau County","A","+43923262","-090112162","06",21296,19,96,90,2,80,0,7,5,55
"G5500590","1990","WI",,,,,,,,,,,"14","Kenosha","059",,,"3","1602",,,,"3800","2","Wisconsin","55",,,,,"0000706605","0001247185","Kenosha County","A","+42582298","-087805528","06",116227,5186,442,671,100,3059,115,28,0,2353
"G5500610","1990","WI",,,,,,,,,,,"99","Kewaunee","061",,,"3","9999",,,,"9999","2","Wisconsin","55",,,,,"0000887475","0001921659","Kewaunee County","A","+44589317","-087440146","06",18714,16,66,18,0,44,0,6,0,14
"G5500630","1990","WI",,,,,,,,,,,"99","La Crosse","063",,,"3","3870",,,,"9999","2","Wisconsin","55",,,,,"0001172693","0000070394","La Crosse County","A","+43907641","-091110152","06",93663,411,436,2662,31,458,77,10,45,111
"G5500650","1990","WI",,,,,,,,,,,"99","Lafayette","065",,,"3","9999",,,,"9999","2","Wisconsin","55",,,,,"0001641050","0000002626","Lafayette County","A","+42659420","-090135229","06",15995,20,11,13,2,21,0,0,0,14
"G5500670","1990","WI",,,,,,,,,,,"99","Langlade","067",,,"3","9999",,,,"9999","2","Wisconsin","55",,,,,"0002260415","0000039369","Langlade County","A","+45255568","-089071360","06",19251,12,132,17,0,60,0,0,0,33
"G5500690","1990","WI",,,,,,,,,,,"99","Lincoln","069",,,"3","9999",,,,"9999","2","Wisconsin","55",,,,,"0002287078","0000061976","Lincoln County","A","+45329846","-089732421","06",26717,44,70,51,17,57,21,0,0,16
"G5500710","1990","WI",,,,,,,,,,,"99","Manitowoc","071",,,"3","9999",,,,"9999","2","Wisconsin","55",,,,,"0001532148","0002336924","Manitowoc County","A","+44145467","-087553328","06",78438,112,355,1084,0,278,0,8,0,146
"G5500730","1990","WI",,,,,,,,,,,"99","Marathon","073",,,"3","8940",,,,"9999","2","Wisconsin","55",,,,,"0004001746","0000080728","Marathon County","A","+44897926","-089757776","06",112108,75,359,2430,12,295,2,6,0,113
"G5500750","1990","WI",,,,,,,,,,,"99","Marinette","075",,,"3","9999",,,,"9999","2","Wisconsin","55",,,,,"0003631108","0000383722","Marinette County","A","+45342922","-088001038","06",40200,9,143,68,0,96,0,0,0,32
"G5500770","1990","WI",,,,,,,,,,,"99","Marquette","077",,,"3","9999",,,,"9999","2","Wisconsin","55",,,,,"0001179830","0000023111","Marquette County","A","+43817826","-089393777","06",12071,25,56,19,4,100,0,5,0,41
"G5500780","1990","WI",,,,,,,,,,,"99","Menominee","078",,,"3","9999",,,,"9999","2","Wisconsin","55",,,,,"0000927207","0000018202","Menominee County","A","+45019069","-088699885","06",388,0,3463,0,0,0,0,36,0,3
"G5500790","1990","WI",,,,,,,,,,,"63","Milwaukee","079",,,"3","5082",,,,"5080","2","Wisconsin","55",,,,,"0000625649","0002455935","Milwaukee County","A","+42975611","-087671417","06",700763,194422,6659,14655,883,18885,1129,599,198,21082
"G5500810","1990","WI",,,,,,,,,,,"99","Monroe","081",,,"3","9999",,,,"9999","2","Wisconsin","55",,,,,"0002333412","0000019536","Monroe County","A","+43945115","-090619581","06",35897,126,244,195,4,128,2,2,0,35
"G5500830","1990","WI",,,,,,,,,,,"99","Oconto","083",,,"3","9999",,,,"9999","2","Wisconsin","55",,,,,"0002585051","0000391313","Oconto County","A","+44994496","-088228660","06",29858,21,222,32,6,71,0,0,2,14
"G5500850","1990","WI",,,,,,,,,,,"99","Oneida","085",,,"3","9999",,,,"9999","2","Wisconsin","55",,,,,"0002913044","0000288481","Oneida County","A","+45704915","-089524257","06",31072,55,331,82,3,108,0,0,0,28
"G5500870","1990","WI",,,,,,,,,,,"99","Outagamie","087",,,"3","0460",,,,"9999","2","Wisconsin","55",,,,,"0001658607","0000010531","Outagamie County","A","+44411623","-088461577","06",135635,244,1883,1718,37,570,5,63,23,332
"G5500890","1990","WI",,,,,,,,,,,"63","Ozaukee","089",,,"3","5082",,,,"5080","2","Wisconsin","55",,,,,"0000600784","0002290434","Ozaukee County","A","+43249500","-087501558","06",71424,492,118,404,7,324,0,5,0,57
"G5500910","1990","WI",,,,,,,,,,,"99","Pepin","091",,,"3","9999",,,,"9999","2","Wisconsin","55",,,,,"0000601702","0000042425","Pepin County","A","+44597146","-092001352","06",7053,2,30,4,0,10,0,0,0,8
"G5500930","1990","WI",,,,,,,,,,,"99","Pierce","093",,,"3","9999",,,,"9999","2","Wisconsin","55",,,,,"0001493180","0000039106","Pierce County","A","+44715928","-092423203","06",32230,84,64,193,16,127,9,4,0,38
"G5500950","1990","WI",,,,,,,,,,,"99","Polk","095",,,"3","9999",,,,"9999","2","Wisconsin","55",,,,,"0002375872","0000101034","Polk County","A","+45460060","-092442921","06",34270,16,323,41,4,97,0,0,2,20
"G5500970","1990","WI",,,,,,,,,,,"99","Portage","097",,,"3","9999",,,,"9999","2","Wisconsin","55",,,,,"0002088494","0000042613","Portage County","A","+44475670","-089498457","06",59841,150,216,737,11,234,8,38,13,157
"G5500990","1990","WI",,,,,,,,,,,"99","Price","099",,,"3","9999",,,,"9999","2","Wisconsin","55",,,,,"0003244466","0000067018","Price County","A","+45680277","-090361480","06",15470,8,52,26,2,38,0,0,0,4
"G5501010","1990","WI",,,,,,,,,,,"63","Racine","101",,,"3","5082",,,,"6600","2","Wisconsin","55",,,,,"0000862811","0001188420","Racine County","A","+42784761","-087755094","06",148191,16840,560,982,66,3953,141,30,106,4165
"G5501030","1990","WI",,,,,,,,,,,"99","Richland","103",,,"3","9999",,,,"9999","2","Wisconsin","55",,,,,"0001518424","0000008249","Richland County","A","+43377179","-090426645","06",17398,15,40,33,2,18,0,0,0,15
"G5501050","1990","WI",,,,,,,,,,,"99","Rock","105",,,"3","3620",,,,"9999","2","Wisconsin","55",,,,,"0001866210","0000014807","Rock County","A","+42671533","-089068438","06",129809,6535,502,872,88,1018,2,41,34,609
"G5501070","1990","WI",,,,,,,,,,,"99","Rusk","107",,,"3","9999",,,,"9999","2","Wisconsin","55",,,,,"0002365151","0000046031","Rusk County","A","+45475093","-091135458","06",14751,43,88,111,2,54,0,2,0,28
"G5501090","1990","WI",,,,,,,,,,,"99","St Croix","109",,,"3","5120",,,,"9999","2","Wisconsin","55",,,,,"0001869874","0000035981","St. Croix County","A","+45038874","-092446895","06",49728,36,146,196,0,102,0,2,0,41
"G5501110","1990","WI",,,,,,,,,,,"99","Sauk","111",,,"3","9999",,,,"9999","2","Wisconsin","55",,,,,"0002169683","0000027968","Sauk County","A","+43427344","-089943585","06",46402,39,233,75,2,100,0,0,0,124
"G5501130","1990","WI",,,,,,,,,,,"99","Sawyer","113",,,"3","9999",,,,"9999","2","Wisconsin","55",,,,,"0003254416","0000243232","Sawyer County","A","+45898597","-091142137","06",11999,20,2085,4,0,28,0,22,0,23
"G5501150","1990","WI",,,,,,,,,,,"99","Shawano","115",,,"3","9999",,,,"9999","2","Wisconsin","55",,,,,"0002311754","0000043572","Shawano County","A","+44789692","-088756369","06",35219,24,1746,54,0,82,0,4,0,28
"G5501170","1990","WI",,,,,,,,,,,"99","Sheboygan","117",,,"3","7620",,,,"9999","2","Wisconsin","55",,,,,"0001330365","0001961677","Sheboygan County","A","+43715696","-087663102","06",99512,432,311,2014,27,775,30,68,2,706
"G5501190","1990","WI",,,,,,,,,,,"99","Taylor","119",,,"3","9999",,,,"9999","2","Wisconsin","55",,,,,"0002525142","0000024920","Taylor County","A","+45211478","-090504533","06",18796,2,38,27,2,28,0,0,4,4
"G5501210","1990","WI",,,,,,,,,,,"99","Trempealeau","121",,,"3","9999",,,,"9999","2","Wisconsin","55",,,,,"0001901443","0000020469","Trempealeau County","A","+44304911","-091352132","06",25106,15,31,42,0,48,0,0,0,21
"G5501230","1990","WI",,,,,,,,,,,"99","Vernon","123",,,"3","9999",,,,"9999","2","Wisconsin","55",,,,,"0002058928","0000055809","Vernon County","A","+43592530","-090833450","06",25410,18,34,65,0,78,0,0,0,12
"G5501250","1990","WI",,,,,,,,,,,"99","Vilas","125",,,"3","9999",,,,"9999","2","Wisconsin","55",,,,,"0002260558","0000375859","Vilas County","A","+46053337","-089512639","06",16074,12,1527,24,4,46,0,6,4,10
"G5501270","1990","WI",,,,,,,,,,,"99","Walworth","127",,,"3","9999",,,,"9999","2","Wisconsin","55",,,,,"0001438493","0000054779","Walworth County","A","+42668076","-088541597","06",71771,402,231,716,37,816,33,0,17,977
"G5501290","1990","WI",,,,,,,,,,,"99","Washburn","129",,,"3","9999",,,,"9999","2","Wisconsin","55",,,,,"0002097238","0000112359","Washburn County","A","+45900106","-091791144","06",13490,43,145,35,9,32,0,0,0,18
"G5501310","1990","WI",,,,,,,,,,,"63","Washington","131",,,"3","5082",,,,"5080","2","Wisconsin","55",,,,,"0001115899","0000013132","Washington County","A","+43366763","-088230896","06",94291,80,138,319,5,354,19,4,0,118
"G5501330","1990","WI",,,,,,,,,,,"63","Waukesha","133",,,"3","5082",,,,"5080","2","Wisconsin","55",,,,,"0001439016","0000064531","Waukesha County","A","+43017613","-088306396","06",294866,997,565,2727,58,3356,5,50,81,2010
"G5501350","1990","WI",,,,,,,,,,,"99","Waupaca","135",,,"3","9999",,,,"9999","2","Wisconsin","55",,,,,"0001945450","0000036875","Waupaca County","A","+44478883","-088965700","06",45480,5,104,85,0,290,0,7,0,133
"G5501370","1990","WI",,,,,,,,,,,"99","Waushara","137",,,"3","9999",,,,"9999","2","Wisconsin","55",,,,,"0001621561","0000029420","Waushara County","A","+44112576","-089238252","06",18860,22,81,39,2,219,0,0,0,162
"G5501390","1990","WI",,,,,,,,,,,"99","Winnebago","139",,,"3","0460",,,,"9999","2","Wisconsin","55",,,,,"0001136052","0000362920","Winnebago County","A","+44062273","-088643463","06",136168,560,774,1662,39,761,6,11,0,339
"G5501410","1990","WI",,,,,,,,,,,"99","Wood","141",,,"3","9999",,,,"9999","2","Wisconsin","55",,,,,"0002053499","0000043135","Wood County","A","+44450552","-090041620","06",72231,55,434,573,12,158,0,44,8,90
"G5600010","1990","WY",,,,,,,,,,,"99","Albany","001",,,"8","9999",,,,"9999","4","Wyoming","56",,,,,"0011069264","0000091131","Albany County","A","+41649318","-105743583","06",27874,191,225,522,22,1063,0,23,14,863
"G5600030","1990","WY",,,,,,,,,,,"99","Big Horn","003",,,"8","9999",,,,"9999","4","Wyoming","56",,,,,"0008125153","0000056904","Big Horn County","A","+44525535","-107987498","06",9901,0,51,40,0,313,0,0,3,217
"G5600050","1990","WY",,,,,,,,,,,"99","Campbell","005",,,"8","9999",,,,"9999","4","Wyoming","56",,,,,"0012423940","0000012442","Campbell County","A","+44240112","-105548641","06",28226,18,236,94,0,469,0,26,0,301
"G5600070","1990","WY",,,,,,,,,,,"99","Carbon","007",,,"8","9999",,,,"9999","4","Wyoming","56",,,,,"0020452137","0000175762","Carbon County","A","+41691252","-106930485","06",14092,78,94,83,0,1069,13,20,7,1203
"G5600090","1990","WY",,,,,,,,,,,"99","Converse","009",,,"8","9999",,,,"9999","4","Wyoming","56",,,,,"0011020137","0000026954","Converse County","A","+42974893","-105504181","06",10530,5,93,46,0,233,0,0,0,221
"G5600110","1990","WY",,,,,,,,,,,"99","Crook","011",,,"8","9999",,,,"9999","4","Wyoming","56",,,,,"0007403989","0000030898","Crook County","A","+44590082","-104564077","06",5233,0,42,3,0,14,0,0,0,2
"G5600130","1990","WY",,,,,,,,,,,"99","Fremont","013",,,"8","9999",,,,"9999","4","Wyoming","56",,,,,"0023783126","0000216351","Fremont County","A","+43028429","-108628992","06",26382,17,5948,136,6,470,0,282,0,421
"G5600150","1990","WY",,,,,,,,,,,"99","Goshen","015",,,"8","9999",,,,"9999","4","Wyoming","56",,,,,"0005763977","0000017716","Goshen County","A","+42089336","-104355497","06",11112,19,147,8,9,527,3,7,0,541
"G5600170","1990","WY",,,,,,,,,,,"99","Hot Springs","017",,,"8","9999",,,,"9999","4","Wyoming","56",,,,,"0005190344","0000006018","Hot Springs County","A","+43713999","-108443811","06",4610,9,111,0,0,41,0,0,0,38
"G5600190","1990","WY",,,,,,,,,,,"99","Johnson","019",,,"8","9999",,,,"9999","4","Wyoming","56",,,,,"0010791068","0000021815","Johnson County","A","+44039657","-106587406","06",5970,0,57,7,0,103,0,0,0,8
"G5600210","1990","WY",,,,,,,,,,,"99","Laramie","021",,,"8","1580",,,,"9999","4","Wyoming","56",,,,,"0006957380","0000004080","Laramie County","A","+41315457","-104686018","06",62408,2055,722,747,61,3757,124,50,97,3121
"G5600230","1990","WY",,,,,,,,,,,"99","Lincoln","023",,,"8","9999",,,,"9999","4","Wyoming","56",,,,,"0010539528","0000051583","Lincoln County","A","+42260038","-110702663","06",12304,12,54,39,0,169,0,6,2,39
"G5600250","1990","WY",,,,,,,,,,,"99","Natrona","025",,,"8","1350",,,,"9999","4","Wyoming","56",,,,,"0013830731","0000092871","Natrona County","A","+42965153","-106804612","06",58111,357,373,198,40,1446,0,75,4,622
"G5600270","1990","WY",,,,,,,,,,,"99","Niobrara","027",,,"8","9999",,,,"9999","4","Wyoming","56",,,,,"0006801102","0000005402","Niobrara County","A","+43050603","-104473411","06",2414,8,20,2,0,16,2,0,0,37
"G5600290","1990","WY",,,,,,,,,,,"99","Park","029",,,"8","9999",,,,"9999","4","Wyoming","56",,,,,"0017981674","0000067635","Park County","A","+44493416","-109563230","06",22216,42,241,38,0,384,0,0,0,257
"G5600310","1990","WY",,,,,,,,,,,"99","Platte","031",,,"8","9999",,,,"9999","4","Wyoming","56",,,,,"0005400279","0000067258","Platte County","A","+42129337","-104961471","06",7672,3,25,29,0,357,0,0,0,59
"G5600330","1990","WY",,,,,,,,,,,"99","Sheridan","033",,,"8","9999",,,,"9999","4","Wyoming","56",,,,,"0006535653","0000009646","Sheridan County","A","+44794111","-106882060","06",22688,47,125,143,0,420,0,26,0,113
"G5600350","1990","WY",,,,,,,,,,,"99","Sublette","035",,,"8","9999",,,,"9999","4","Wyoming","56",,,,,"0012643393","0000140773","Sublette County","A","+42761068","-109919619","06",4687,0,91,21,0,42,0,0,0,2
"G5600370","1990","WY",,,,,,,,,,,"99","Sweetwater","037",,,"8","9999",,,,"9999","4","Wyoming","56",,,,,"0027002983","0000170590","Sweetwater County","A","+41657588","-108894093","06",34572,259,264,182,43,1972,0,32,20,1479
"G5600390","1990","WY",,,,,,,,,,,"99","Teton","039",,,"8","9999",,,,"9999","4","Wyoming","56",,,,,"0010380572","0000554316","Teton County","A","+43922545","-110573554","06",10826,19,146,71,0,100,0,6,0,4
"G5600410","1990","WY",,,,,,,,,,,"99","Uinta","041",,,"8","9999",,,,"9999","4","Wyoming","56",,,,,"0005391742","0000015306","Uinta County","A","+41285990","-110546505","06",17724,4,84,88,4,548,0,36,2,215
"G5600430","1990","WY",,,,,,,,,,,"99","Washakie","043",,,"8","9999",,,,"9999","4","Wyoming","56",,,,,"0005802026","0000006966","Washakie County","A","+43907220","-107684285","06",7428,0,102,68,0,298,0,9,26,457
"G5600450","1990","WY",,,,,,,,,,,"99","Weston","045",,,"8","9999",,,,"9999","4","Wyoming","56",,,,,"0006210603","0000005732","Weston County","A","+43835646","-104563095","06",6409,5,72,2,0,20,0,0,0,10
