GISJOIN,YEAR,STUSAB,REGIONA,DIVISIONA,STATE,STATEA,COUNTY,COUNTYA,CTY_SUBA,COUSUBCC,PLACEA,PLACECC,PLACEDC,TRACTA,TRBL_CTA,BLCK_GRPA,TRBL_BGA,C_CITYA,AIANHHA,RES_ONLYA,TRUSTA,AIANHHCC,AITSCE,TRBL_SUBA,ANRCA,MSA_CMSAA,CMSA,MACCI,PMSAA,NECMAA,NECMACCI,URB_AREAA,UATYPE,URBRURALA,CD106A,CD108A,CD109A,ZIP3A,ZCTAA,AREALAND,AREAWATR,NAME,FUNCSTAT,INTPTLAT,INTPLON,LSADC,MACC,UACP,GHE001,GHF001,GHF002,GMX001,GMX002,GMX003,GMX004,GMX005,GMX006,GMX007,GMX008,GMX009,GMX010,GMX011,GMX012,GMX013,GMX014,GMX015,GMX016,GN3001,F89001,F89002
GIS Join Match Code,Data File Year,File Identification,Region Code,Division Code,State Name,State Code,County Name,County Code,County Subdivision Code,FIPS County Subdivion Class Code,Place Code,FIPS Place Class Code,Place Description Code,Census Tract Code,Tribal Census Tract Code,Block Group Code,Tribal Block Group Code,Consolidated City Code,American Indian Area/Alaska Native Area/Hawaiian Home Land Code,American Indian Area/Alaska Native Area (Reservation or Statistical Entity Only) Code,American Indian Area (Off-Reservation Trust Land Only)/Hawaiian Home Land Code,FIPS American Indian Area/Alaska Native Area/Hawaiian Home Land Class Code,American Indian Tribal Subdivision (Census),Tribal Subdivision Code,Alaska Native Regional Corporation Code,Metropolitan Statistical Area/Consolidated Metropolitan Statistical Area Code,Consolidated Metropolitan Statistical Area,Metropolitan Area Central City Indicator,Primary Metropolitan Statistical Area Code,New England County Metropolitan Area Code,New England County Metropolitan Area Central City Indicator,Urban Area Code,Urban Area Type,Urban/Rural Code,Congressional District (106th) Code,Congressional District (108th) Code,Congressional District (109th) Code,3-Digit ZIP Code Tabulation Area Code,5-Digit ZIP Code Tabulation Area Code,Area (Land),Area (Water),Area Name-Legal/Statistical Area Description (LSAD) Term-Part Indicator,Functional Status Code,Internal Point (Latitude),Internal Point (Longitude),Legal/Statistical Area Description Code,Metropolitan Area Central City,Urban Area Central Place,Total,Urban,Rural,"Less than $10,000","$10,000 to $14,999","$15,000 to $19,999","$20,000 to $24,999","$25,000 to $29,999","$30,000 to $34,999","$35,000 to $39,999","$40,000 to $44,999","$45,000 to $49,999","$50,000 to $59,999","$60,000 to $74,999","$75,000 to $99,999","$100,000 to $124,999","$125,000 to $149,999","$150,000 to $199,999","$200,000 or more",Aggregate earnings in 1999,Urban,Rural
"G0100010","2000","US","3","6","Alabama","01","Autauga","001",,,,,"0",,,,,,,,,,,,,"5240","99","N","9999","9999","9",,,,,,,,,"1543550050","21959029","Autauga County","A","+32523283","-086577176","06",,,14.3,24210,19461,1635,945,929,1074,876,1014,1079,951,904,1614,2049,1689,679,205,144,185,660870800,9618,8044
"G0100030","2000","US","3","6","Alabama","01","Baldwin","003",,,,,"0",,,,,,,,,,,,,"5160","99","N","9999","9999","9",,,,,,,,,"4134518782","1115203109","Baldwin County","A","+30592781","-087748260","06",,,13.9,63708,76707,4874,3834,3480,3846,3793,3795,3862,3465,3028,5236,5672,5216,2102,1092,1034,1027,2177317800,30660,43625
"G0100050","2000","US","3","6","Alabama","01","Barbour","005",,,,,"0",,,,,,,,,,,,,"9999","99","9","9999","9999","9",,,,,,,,,"2291889572","50799584","Barbour County","A","+31856515","-085331312","06",,,20.7,8574,20464,2425,1109,803,862,728,603,523,486,480,726,586,576,221,115,103,86,293508700,3760,8701
"G0100070","2000","US","3","6","Alabama","01","Bibb","007",,,,,"0",,,,,,,,,,,,,"9999","99","9","9999","9999","9",,,,,,,,,"1613627425","8124469","Bibb County","A","+33040054","-087123243","06",,,17.9,3785,17041,1157,698,552,636,461,515,496,479,379,585,616,549,175,36,22,27,232646500,1202,7143
"G0100090","2000","US","3","6","Alabama","01","Blount","009",,,,,"0",,,,,,,,,,,,,"1000","99","N","9999","9999","9",,,,,,,,,"1672057889","12998871","Blount County","A","+33978461","-086554768","06",,,19.6,4695,46329,2377,1423,1328,1291,1527,1558,1222,1202,982,1770,2036,1477,517,204,133,106,675348100,1838,19320
"G0100110","2000","US","3","6","Alabama","01","Bullock","011",,,,,"0",,,,,,,,,,,,,"9999","99","9","9999","9999","9",,,,,,,,,"1618775183","2703063","Bullock County","A","+32098285","-085704915","06",,,14.5,4499,7215,1158,474,305,353,250,247,239,184,103,243,164,170,52,32,0,19,89626000,1321,3406
"G0100130","2000","US","3","6","Alabama","01","Butler","013",,,,,"0",,,,,,,,,,,,,"9999","99","9","9999","9999","9",,,,,,,,,"2012076972","2732130","Butler County","A","+31735884","-086662232","06",,,19.5,5287,16112,1809,840,791,786,554,586,457,501,263,576,439,383,135,55,67,144,245681000,2441,7516
"G0100150","2000","US","3","6","Alabama","01","Calhoun","015",,,,,"0",,,,,,,,,,,,,"0450","99","N","9999","9999","9",,,,,,,,,"1575907564","9996496","Calhoun County","A","+33741989","-085817544","06",,,14.6,77606,34643,6730,4043,3704,3632,3326,3156,3007,2709,2144,3674,3712,2853,1257,426,497,510,1445567400,35788,15534
"G0100170","2000","US","3","6","Alabama","01","Chambers","017",,,,,"0",,,,,,,,,,,,,"9999","99","9","9999","9999","9",,,,,,,,,"1546657021","15382288","Chambers County","A","+32891233","-085288745","06",,,15.7,18418,18165,2496,1339,1310,1111,1085,965,957,1070,722,1128,1174,705,214,46,97,126,441285900,8293,7963
"G0100190","2000","US","3","6","Alabama","01","Cherokee","019",,,,,"0",,,,,,,,,,,,,"9999","99","9","9999","9999","9",,,,,,,,,"1432576264","121290944","Cherokee County","A","+34184158","-085621930","06",,,17.7,0,23988,1331,1020,786,811,768,782,712,571,530,789,698,566,175,74,64,41,279887900,0,14025
"G0100210","2000","US","3","6","Alabama","01","Chilton","021",,,,,"0",,,,,,,,,,,,,"9999","99","9","9999","9999","9",,,,,,,,,"1797396705","17552968","Chilton County","A","+32852554","-086689982","06",,,18.0,4776,34817,2137,1341,1039,1151,1252,1181,1073,819,759,1500,1281,1132,345,144,33,83,484930200,2138,15513
"G0100230","2000","US","3","6","Alabama","01","Choctaw","023",,,,,"0",,,,,,,,,,,,,"9999","99","9","9999","9999","9",,,,,,,,,"2365990097","18999051","Choctaw County","A","+32027681","-088257855","06",,,24.4,0,15922,1268,817,592,516,431,331,359,301,245,409,421,340,162,54,16,82,173082400,0,7839
"G0100250","2000","US","3","6","Alabama","01","Clarke","025",,,,,"0",,,,,,,,,,,,,"9999","99","9","9999","9999","9",,,,,,,,,"3207377186","36596298","Clarke County","A","+31688155","-087834164","06",,,16.9,7137,20730,2030,1058,929,939,660,611,564,476,434,777,867,764,329,51,86,63,322034600,3112,9519
"G0100270","2000","US","3","6","Alabama","01","Clay","027",,,,,"0",,,,,,,,,,,,,"9999","99","9","9999","9999","9",,,,,,,,,"1567134311","2403035","Clay County","A","+33265810","-085842858","06",,,21.8,0,14254,944,543,509,570,533,448,412,292,328,435,355,283,46,37,13,22,147525800,0,6612
"G0100290","2000","US","3","6","Alabama","01","Cleburne","029",,,,,"0",,,,,,,,,,,,,"9999","99","9","9999","9999","9",,,,,,,,,"1450940300","2089814","Cleburne County","A","+33647948","-085511937","06",,,19.7,0,14123,780,541,478,508,417,492,421,363,238,452,442,286,97,43,35,23,164761800,0,6189
"G0100310","2000","US","3","6","Alabama","01","Coffee","031",,,,,"0",,,,,,,,,,,,,"9999","99","9","9999","9999","9",,,,,,,,,"1758576346","3854683","Coffee County","A","+31378987","-085956841","06",,,16.3,19440,24175,2146,1382,1556,1387,1192,1418,1188,937,863,1368,1422,1436,471,243,211,224,582918200,8846,10991
"G0100330","2000","US","3","6","Alabama","01","Colbert","033",,,,,"0",,,,,,,,,,,,,"2650","99","N","9999","9999","9",,,,,,,,,"1539831753","75305160","Colbert County","A","+34731480","-087725960","06",,,16.0,29102,25882,3264,1916,1754,1965,1625,1557,1466,1169,1320,1783,1817,1549,704,199,181,219,703850100,13490,11490
"G0100350","2000","US","3","6","Alabama","01","Conecuh","035",,,,,"0",,,,,,,,,,,,,"9999","99","9","9999","9999","9",,,,,,,,,"2203546316","4436364","Conecuh County","A","+31415613","-087002108","06",,,16.6,0,14089,1487,616,445,545,351,316,395,310,196,347,300,260,83,46,51,27,131871000,0,7265
"G0100370","2000","US","3","6","Alabama","01","Coosa","037",,,,,"0",,,,,,,,,,,,,"9999","99","9","9999","9999","9",,,,,,,,,"1689820597","36039382","Coosa County","A","+32955511","-086236319","06",,,19.8,319,11883,711,411,420,439,375,324,365,260,277,390,329,229,79,18,21,46,139765000,0,6142
"G0100390","2000","US","3","6","Alabama","01","Covington","039",,,,,"0",,,,,,,,,,,,,"9999","99","9","9999","9999","9",,,,,,,,,"2677571159","26020615","Covington County","A","+31251036","-086416195","06",,,21.4,10550,27081,2757,1789,1469,1410,1403,1026,882,714,619,1126,1060,712,275,131,95,171,428572900,5243,13335
"G0100410","2000","US","3","6","Alabama","01","Crenshaw","041",,,,,"0",,,,,,,,,,,,,"9999","99","9","9999","9999","9",,,,,,,,,"1578805448","3354388","Crenshaw County","A","+31710365","-086289299","06",,,23.0,0,13665,1141,564,507,429,547,347,342,349,280,277,338,246,101,40,18,47,147509100,0,6644
"G0100430","2000","US","3","6","Alabama","01","Cullman","043",,,,,"0",,,,,,,,,,,,,"9999","99","9","9999","9999","9",,,,,,,,,"1912519740","42457211","Cullman County","A","+34155603","-086830179","06",,,17.6,18840,58643,4122,2623,2473,2514,2436,2339,2110,2130,1435,2604,2437,1866,735,310,361,301,1053512500,8820,26413
"G0100450","2000","US","3","6","Alabama","01","Dale","045",,,,,"0",,,,,,,,,,,,,"2180","99","N","9999","9999","9",,,,,,,,,"1453174505","4146470","Dale County","A","+31394100","-085615013","06",,,24.3,22191,26938,2591,1718,1540,1688,1251,1397,1250,1339,987,1644,1659,1084,433,96,114,99,610445800,9576,12203
"G0100470","2000","US","3","6","Alabama","01","Dallas","047",,,,,"0",,,,,,,,,,,,,"9999","99","9","9999","9999","9",,,,,,,,,"2540033739","32793461","Dallas County","A","+32379942","-087065563","06",,,12.5,24434,21931,4801,1783,1567,1195,1134,904,964,772,609,1189,1210,984,360,122,115,160,475609500,11017,9433
"G0100490","2000","US","3","6","Alabama","01","DeKalb","049",,,,,"0",,,,,,,,,,,,,"9999","99","9","9999","9999","9",,,,,,,,,"2014784830","1908435","DeKalb County","A","+34459133","-085798919","06",,,21.4,7572,56880,3745,2363,2184,2200,2018,1903,1626,1410,1278,2270,1778,1284,497,166,154,271,797510300,3192,24859
"G0100510","2000","US","3","6","Alabama","01","Elmore","051",,,,,"0",,,,,,,,,,,,,"5240","99","N","9999","9999","9",,,,,,,,,"1609044562","93127438","Elmore County","A","+32596847","-086170765","06",,,16.4,24734,41140,2104,1265,1319,1506,1717,1508,1501,1476,1301,2364,2578,2195,829,471,270,288,943906700,8362,17371
"G0100530","2000","US","3","6","Alabama","01","Escambia","053",,,,,"0",,,,,,,,,,,,,"9999","99","9","9999","9999","9",,,,,,,,,"2453710209","14424173","Escambia County","A","+31104135","-087232880","06",,,19.7,15086,23354,2494,1581,1267,1207,839,977,794,904,752,1018,1019,735,315,133,137,105,418774600,6953,9591
"G0100550","2000","US","3","6","Alabama","01","Etowah","055",,,,,"0",,,,,,,,,,,,,"2880","99","N","9999","9999","9",,,,,,,,,"1385183532","36080591","Etowah County","A","+34018597","-086032125","06",,,14.9,62225,41234,6145,3642,3703,3287,3209,2874,2571,2228,2100,3163,3718,2671,1106,431,408,378,1295019900,28795,17164
"G0100570","2000","US","3","6","Alabama","01","Fayette","057",,,,,"0",,,,,,,,,,,,,"9999","99","9","9999","9999","9",,,,,,,,,"1625632174","4354945","Fayette County","A","+33747077","-087751725","06",,,20.3,3997,14498,1280,767,624,592,646,615,463,446,315,523,611,395,99,40,30,33,196822500,1805,6667
"G0100590","2000","US","3","6","Alabama","01","Franklin","059",,,,,"0",,,,,,,,,,,,,"9999","99","9","9999","9999","9",,,,,,,,,"1646312169","28139961","Franklin County","A","+34465405","-087832638","06",,,18.4,8566,22657,2229,1225,1188,1006,992,740,732,636,562,902,864,696,240,102,37,96,355591500,3602,10147
"G0100610","2000","US","3","6","Alabama","01","Geneva","061",,,,,"0",,,,,,,,,,,,,"9999","99","9","9999","9999","9",,,,,,,,,"1492559453","6793742","Geneva County","A","+31094579","-085796983","06",,,21.1,3392,22372,1893,1131,1092,878,774,729,655,538,457,760,715,476,156,83,58,75,277337400,1548,10567
"G0100630","2000","US","3","6","Alabama","01","Greene","063",,,,,"0",,,,,,,,,,,,,"9999","99","9","9999","9999","9",,,,,,,,,"1672782673","36438301","Greene County","A","+32837254","-087950852","06",,,27.8,0,9974,1121,484,386,309,270,212,216,159,123,155,247,142,39,29,10,54,99787900,0,5117
"G0100650","2000","US","3","6","Alabama","01","Hale","065",,,,,"0",,,,,,,,,,,,,"9999","99","9","9999","9999","9",,,,,,,,,"1667267304","32984565","Hale County","A","+32768094","-087635687","06",,,16.6,2605,14580,1541,590,493,504,459,442,355,320,277,461,470,300,115,49,18,33,162753300,1092,6664
"G0100670","2000","US","3","6","Alabama","01","Henry","067",,,,,"0",,,,,,,,,,,,,"9999","99","9","9999","9999","9",,,,,,,,,"1455045371","16913484","Henry County","A","+31493511","-085253760","06",,,17.8,0,16310,1221,578,565,506,363,504,336,393,312,498,560,383,150,66,47,49,186886300,0,8037
"G0100690","2000","US","3","6","Alabama","01","Houston","069",,,,,"0",,,,,,,,,,,,,"2180","99","N","9999","9999","9",,,,,,,,,"1503124582","3351697","Houston County","A","+31189731","-085350387","06",,,18.3,57814,30973,4868,3127,2675,2461,2609,2415,2247,1962,1645,3190,3217,2587,1355,488,455,560,1326142700,25924,13647
"G0100710","2000","US","3","6","Alabama","01","Jackson","071",,,,,"0",,,,,,,,,,,,,"9999","99","9","9999","9999","9",,,,,,,,,"2793932065","124376317","Jackson County","A","+34755318","-085948462","06",,,21.3,12790,41136,3016,1818,1768,1959,1564,1588,1362,1495,1057,1779,1858,1346,556,158,114,173,694021300,6033,18135
"G0100730","2000","US","3","6","Alabama","01","Jefferson","073",,,,,"0",,,,,,,,,,,,,"1000","99","N","9999","9999","9",,,,,,,,,"2881639146","28998564","Jefferson County","A","+33527872","-086828050","06",,,13.3,591134,70913,33766,18897,18024,19189,17687,17671,15823,14336,12267,22105,24106,22748,10678,5160,4833,5965,10883207500,259781,28381
"G0100750","2000","US","3","6","Alabama","01","Lamar","075",,,,,"0",,,,,,,,,,,,,"9999","99","9","9999","9999","9",,,,,,,,,"1566546589","1600546","Lamar County","A","+33772995","-088084702","06",,,22.4,0,15904,1113,686,543,568,498,530,390,388,286,465,531,282,68,61,9,33,167599000,0,7517
"G0100770","2000","US","3","6","Alabama","01","Lauderdale","077",,,,,"0",,,,,,,,,,,,,"2650","99","N","9999","9999","9",,,,,,,,,"1733895504","127745460","Lauderdale County","A","+34876890","-087605700","06",,,15.7,42402,45564,5040,3104,2905,2783,2504,2368,2298,2059,1813,2701,3312,2677,1191,563,349,461,1215564300,20446,19978
"G0100790","2000","US","3","6","Alabama","01","Lawrence","079",,,,,"0",,,,,,,,,,,,,"2030","99","N","9999","9999","9",,,,,,,,,"1795852273","63932890","Lawrence County","A","+34554375","-087302184","06",,,18.1,2595,32208,2100,1219,992,1028,1081,922,866,688,697,1221,1135,815,427,157,94,113,441282100,1200,13809
"G0100810","2000","US","3","6","Alabama","01","Lee","081",,,,,"0",,,,,,,,,,,,,"0580","99","N","9999","9999","9",,,,,,,,,"1576552257","17723094","Lee County","A","+32607485","-085328947","06",,,12.3,76956,38136,9563,3990,3316,2886,2543,2541,2106,2178,2203,3600,3897,3656,1708,607,487,470,1617849300,34502,15827
"G0100830","2000","US","3","6","Alabama","01","Limestone","083",,,,,"0",,,,,,,,,,,,,"3440","99","N","9999","9999","9",,,,,,,,,"1471241120","101090592","Limestone County","A","+34807445","-086974946","06",,,14.2,21888,43788,2755,1884,1923,1808,1711,1365,1765,1248,1140,2222,2551,2333,1061,410,310,182,953591700,8713,18184
"G0100850","2000","US","3","6","Alabama","01","Lowndes","085",,,,,"0",,,,,,,,,,,,,"9999","99","9","9999","9999","9",,,,,,,,,"1859446869","18376863","Lowndes County","A","+32171280","-086659917","06",,,26.8,0,13473,1362,421,422,377,298,289,289,189,187,335,306,226,69,41,42,52,129624800,0,5801
"G0100870","2000","US","3","6","Alabama","01","Macon","087",,,,,"0",,,,,,,,,,,,,"9999","99","9","9999","9999","9",,,,,,,,,"1581247720","7042123","Macon County","A","+32421555","-085721158","06",,,16.4,12210,11895,2366,1004,927,517,595,632,446,385,381,447,477,389,151,43,44,110,224845500,5210,5417
"G0100890","2000","US","3","6","Alabama","01","Madison","089",,,,,"0",,,,,,,,,,,,,"3440","99","N","9999","9999","9",,,,,,,,,"2084739506","20532503","Madison County","A","+34730790","-086588226","06",,,13.8,213287,63413,9756,6456,6548,6858,6898,6428,6476,5939,5504,9717,12173,12684,6816,3321,2500,2011,5134002400,95033,25255
"G0100910","2000","US","3","6","Alabama","01","Marengo","091",,,,,"0",,,,,,,,,,,,,"9999","99","9","9999","9999","9",,,,,,,,,"2530533970","15034262","Marengo County","A","+32331745","-087788789","06",,,16.6,6649,15890,2036,869,751,525,519,470,523,319,317,586,760,592,254,132,62,73,265435200,2852,7275
"G0100930","2000","US","3","6","Alabama","01","Marion","093",,,,,"0",,,,,,,,,,,,,"9999","99","9","9999","9999","9",,,,,,,,,"1920255331","5586055","Marion County","A","+34116331","-087878737","06",,,20.7,94,31120,2149,1309,1149,1134,941,970,925,699,571,854,832,630,212,93,81,127,361636100,78,14338
"G0100950","2000","US","3","6","Alabama","01","Marshall","095",,,,,"0",,,,,,,,,,,,,"9999","99","9","9999","9999","9",,,,,,,,,"1468677998","145303458","Marshall County","A","+34329598","-086288884","06",,,14.2,35045,47186,4576,2912,2433,2485,2636,2483,2134,1979,1561,2715,2546,2088,1046,448,230,364,1081226900,15341,20990
"G0100970","2000","US","3","6","Alabama","01","Mobile","097",,,,,"0",,,,,,,,,,,,,"5160","99","N","9999","9999","9",,,,,,,,,"3193690623","1064308706","Mobile County","A","+30722256","-088139667","06",,,14.1,321090,78753,22226,12828,11298,10675,10517,9869,9303,8292,7404,13212,13064,11449,4422,1991,1575,2130,5302296400,133924,31177
"G0100990","2000","US","3","6","Alabama","01","Monroe","099",,,,,"0",,,,,,,,,,,,,"9999","99","9","9999","9999","9",,,,,,,,,"2656951618","22457590","Monroe County","A","+31555656","-087359637","06",,,19.4,5238,19086,1883,813,709,709,710,764,534,397,506,680,683,600,191,71,66,86,278098700,2359,8984
"G0101010","2000","US","3","6","Alabama","01","Montgomery","101",,,,,"0",,,,,,,,,,,,,"5240","99","N","9999","9999","9",,,,,,,,,"2045477293","25880189","Montgomery County","A","+32331872","-086260844","06",,,12.3,197017,26493,11151,6312,6025,6124,6204,6024,5311,4623,4189,7349,7400,6990,3734,1714,1386,1495,3368790100,84752,10685
"G0101030","2000","US","3","6","Alabama","01","Morgan","103",,,,,"0",,,,,,,,,,,,,"2030","99","N","9999","9999","9",,,,,,,,,"1507925725","43627686","Morgan County","A","+34507018","-086918920","06",,,15.1,62608,48456,4944,3114,2969,3179,3253,2744,2567,2447,2250,4134,4460,3731,1876,778,537,532,1713129400,27659,19729
"G0101050","2000","US","3","6","Alabama","01","Perry","105",,,,,"0",,,,,,,,,,,,,"9999","99","9","9999","9999","9",,,,,,,,,"1863454321","11896118","Perry County","A","+32613284","-087334017","06",,,22.2,0,11861,1177,539,438,287,280,239,223,204,236,207,225,148,55,27,35,16,92097800,0,5406
"G0101070","2000","US","3","6","Alabama","01","Pickens","107",,,,,"0",,,,,,,,,,,,,"9999","99","9","9999","9999","9",,,,,,,,,"2282862165","22363229","Pickens County","A","+33274090","-088088963","06",,,27.8,0,20949,1738,821,665,664,591,471,388,464,385,644,592,378,149,19,55,79,216372900,0,9520
"G0101090","2000","US","3","6","Alabama","01","Pike","109",,,,,"0",,,,,,,,,,,,,"9999","99","9","9999","9999","9",,,,,,,,,"1737968630","2749829","Pike County","A","+31792165","-085937370","06",,,13.9,11776,17829,2602,1275,1019,966,883,756,698,631,406,823,797,509,197,154,97,116,347791900,5342,8639
"G0101110","2000","US","3","6","Alabama","01","Randolph","111",,,,,"0",,,,,,,,,,,,,"9999","99","9","9999","9999","9",,,,,,,,,"1504900000","7934149","Randolph County","A","+33262424","-085445563","06",,,16.7,4812,17568,1365,896,722,792,692,688,610,440,435,709,596,389,129,59,37,76,232063600,2107,8178
"G0101130","2000","US","3","6","Alabama","01","Russell","113",,,,,"0",,,,,,,,,,,,,"1800","99","N","9999","9999","9",,,,,,,,,"1661003813","15699413","Russell County","A","+32376002","-085101100","06",,,14.4,31700,18056,3827,1807,1665,1651,1675,1184,1099,1192,969,1536,1526,1106,230,116,63,82,550489800,14890,7941
"G0101150","2000","US","3","6","Alabama","01","St Clair","115",,,,,"0",,,,,,,,,,,,,"1000","99","N","9999","9999","9",,,,,,,,,"1641410695","51432687","St. Clair County","A","+33667273","-086329327","06",,,18.9,7968,56774,2597,1502,1695,1780,1774,1796,1704,1491,1286,2230,2567,1965,792,402,252,265,918915700,3563,23740
"G0101170","2000","US","3","6","Alabama","01","Shelby","117",,,,,"0",,,,,,,,,,,,,"1000","99","N","9999","9999","9",,,,,,,,,"2058248819","38413582","Shelby County","A","+33269120","-086698665","06",,,15.3,92176,51117,3191,2310,2040,2572,2701,2775,3168,2884,2693,5097,6872,7729,4366,2107,2095,2001,3352378200,37279,22023
"G0101190","2000","US","3","6","Alabama","01","Sumter","119",,,,,"0",,,,,,,,,,,,,"9999","99","9","9999","9999","9",,,,,,,,,"2343771409","21667529","Sumter County","A","+32558734","-088215706","06",,,22.9,0,14798,1786,658,529,483,341,285,253,255,178,343,274,209,38,24,31,35,121020500,0,6953
"G0101210","2000","US","3","6","Alabama","01","Talladega","121",,,,,"0",,,,,,,,,,,,,"9999","99","9","9999","9999","9",,,,,,,,,"1915378668","53656638","Talladega County","A","+33368498","-086178278","06",,,14.0,35887,44434,5324,2611,2434,2241,1964,2146,2082,1912,1366,2445,2594,1974,799,289,239,266,933056800,14971,19498
"G0101230","2000","US","3","6","Alabama","01","Tallapoosa","123",,,,,"0",,,,,,,,,,,,,"9999","99","9","9999","9999","9",,,,,,,,,"1859437932","125097133","Tallapoosa County","A","+32850131","-085835005","06",,,17.1,10007,31468,2609,1507,1463,1271,1289,1060,1002,1006,722,1482,1129,1052,481,165,183,210,525511700,4947,15563
"G0101250","2000","US","3","6","Alabama","01","Tuscaloosa","125",,,,,"0",,,,,,,,,,,,,"8600","99","N","9999","9999","9",,,,,,,,,"3430104517","69553838","Tuscaloosa County","A","+33235600","-087511691","06",,,11.8,116503,48372,10322,4902,4739,4446,4083,4145,3630,3105,3305,5345,5975,5474,2216,1045,850,935,2442027700,51730,19699
"G0101270","2000","US","3","6","Alabama","01","Walker","127",,,,,"0",,,,,,,,,,,,,"9999","99","9","9999","9999","9",,,,,,,,,"2057463774","28245606","Walker County","A","+33819888","-087285406","06",,,18.5,16075,54638,4802,2642,2529,2568,1896,2183,1633,1432,1281,2083,2232,1712,637,246,268,192,815051200,7409,25008
"G0101290","2000","US","3","6","Alabama","01","Washington","129",,,,,"0",,,,,,,,,,,,,"9999","99","9","9999","9999","9",,,,,,,,,"2798888327","20423419","Washington County","A","+31366088","-088151002","06",,,21.5,0,18097,1092,743,458,429,529,381,413,404,306,665,615,453,84,23,32,49,198885800,0,8123
"G0101310","2000","US","3","6","Alabama","01","Wilcox","131",,,,,"0",,,,,,,,,,,,,"9999","99","9","9999","9999","9",,,,,,,,,"2301677587","48643939","Wilcox County","A","+31993335","-087348302","06",,,22.9,0,13183,1736,512,364,276,283,325,203,235,168,177,237,127,67,41,0,40,96044300,0,6183
"G0101330","2000","US","3","6","Alabama","01","Winston","133",,,,,"0",,,,,,,,,,,,,"9999","99","9","9999","9999","9",,,,,,,,,"1591383854","45113969","Winston County","A","+34151249","-087418848","06",,,19.4,4070,20773,1744,939,943,882,860,938,747,551,296,600,710,455,178,119,80,83,307640100,1968,10534
"G0200130","2000","US","4","9","Alaska","02","Aleutians East","013",,,,,"0",,,,,,,,,,,,,"9999","99","9","9999","9999","9",,,,,,,,,"18099208933","20780667723","Aleutians East Borough","A","+55125713","-162030237","04",,,30.4,0,2697,36,28,30,26,23,50,33,22,31,40,64,58,33,16,16,18,44838000,0,724
"G0200160","2000","US","4","9","Alaska","02","Aleutians West","016",,,,,"A",,,,,,,,,,,,,"9999","99","9","9999","9999","9",,,,,,,,,"11387589341","25173999631","Aleutians West Census Area","S","+52319360","-172454123","05",,,27.8,2890,2575,43,27,41,48,45,81,50,60,74,150,180,208,163,66,23,15,121951200,613,1621
"G0200200","2000","US","4","9","Alaska","02","Anchorage","020",,,,,"0",,,,,,,,,,,,,"0380","99","N","9999","9999","9",,,,,,,,,"4395766279","683445939","Anchorage Municipality","C","+61191900","-149762097","12",,,14.3,250153,10130,3948,3774,4100,4836,5402,4849,5118,5275,4806,9267,12239,13597,7983,4283,3203,2400,5462036100,96039,4329
"G0200500","2000","US","4","9","Alaska","02","Bethel","050",,,,,"A",,,,,,,,,,,,,"9999","99","9","9999","9999","9",,,,,,,,,"105239784563","12626578961","Bethel Census Area","S","+60888556","-161191411","05",,,39.2,4363,11643,454,349,269,330,312,353,290,204,180,272,384,415,258,90,33,29,163633300,1621,3567
"G0200600","2000","US","4","9","Alaska","02","Bristol Bay Borough","060",,,,,"0",,,,,,,,,,,,,"9999","99","9","9999","9999","9",,,,,,,,,"1307725488","991362678","Bristol Bay Borough","A","+58690594","-156786726","04",,,43.7,0,1258,25,14,21,30,24,17,41,34,27,63,56,93,25,10,12,0,23821300,0,979
"G0200680","2000","US","4","9","Alaska","02","Denali","068",,,,,"0",,,,,,,,,,,,,"9999","99","9","9999","9999","9",,,,,,,,,"33021449878","64433414","Denali Borough","A","+63893564","-149104615","04",,,45.1,0,1893,53,44,22,43,34,47,46,38,39,63,111,133,71,12,21,11,42895400,0,1351
"G0200700","2000","US","4","9","Alaska","02","Dillingham","070",,,,,"A",,,,,,,,,,,,,"9999","99","9","9999","9999","9",,,,,,,,,"48367450285","5836871668","Dillingham Census Area","S","+59190911","-158614040","05",,,46.7,0,4922,176,114,99,103,81,99,43,72,96,110,174,143,116,41,39,5,64558300,0,2332
"G0200900","2000","US","4","9","Alaska","02","Fairbanks North Star","090",,,,,"0",,,,,,,,,,,,,"9999","99","9","9999","9999","9",,,,,,,,,"19078483082","201438083","Fairbanks North Star Borough","A","+64818590","-147568384","04",,,15.5,58284,24556,1661,1629,1441,1668,1858,1743,1631,1937,1563,2888,3776,3783,1990,1157,715,332,1467281300,22492,10799
"G0201000","2000","US","4","9","Alaska","02","Haines","100",,,,,"0",,,,,,,,,,,,,"9999","99","9","9999","9999","9",,,,,,,,,"6070244109","989605130","Haines Borough","A","+59245450","-135529519","04",,,48.1,0,2392,61,82,73,81,81,56,48,58,41,107,101,102,50,4,20,20,37044100,0,1419
"G0201100","2000","US","4","9","Alaska","02","Juneau","110",,,,,"0",,,,,,,,,,,,,"9999","99","9","9999","9999","9",,,,,,,,,"7036141369","1394301430","Juneau City and Borough","C","+58351422","-134511579","03",,,14.1,25074,5637,404,407,478,496,529,582,503,630,520,978,1547,2183,1143,482,390,262,663457500,10104,2178
"G0201220","2000","US","4","9","Alaska","02","Kenai Peninsula","122",,,,,"0",,,,,,,,,,,,,"9999","99","9","9999","9999","9",,,,,,,,,"41474147137","22639962070","Kenai Peninsula Borough","A","+60349178","-150987663","04",,,26.8,8132,41559,1342,1208,1114,1108,1137,986,1011,1015,910,1871,2112,2221,1276,568,312,221,827348600,3397,21474
"G0201300","2000","US","4","9","Alaska","02","Ketchikan Gateway","130",,,,,"0",,,,,,,,,,,,,"9999","99","9","9999","9999","9",,,,,,,,,"3194034374","1348745006","Ketchikan Gateway Borough","A","+55354938","-131620295","04",,,16.8,10759,3311,217,248,220,333,357,306,310,259,385,501,697,807,418,106,142,93,275528300,4772,1446
"G0201500","2000","US","4","9","Alaska","02","Kodiak Island","150",,,,,"0",,,,,,,,,,,,,"9999","99","9","9999","9999","9",,,,,,,,,"16989921131","14151251696","Kodiak Island Borough","A","+57694078","-152682317","04",,,18.2,10567,3346,159,212,191,268,245,240,189,265,189,495,466,653,417,196,171,75,257813600,3718,1441
"G0201640","2000","US","4","9","Alaska","02","Lake And Peninsula","164",,,,,"0",,,,,,,,,,,,,"9999","99","9","9999","9999","9",,,,,,,,,"61594989981","18453667773","Lake and Peninsula Borough","A","+58605648","-156409989","04",,,44.7,0,1823,82,49,30,40,27,58,27,56,20,39,36,64,37,6,4,12,21737300,0,1557
"G0201700","2000","US","4","9","Alaska","02","Matanuska-Susitna","170",,,,,"0",,,,,,,,,,,,,"9999","99","9","9999","9999","9",,,,,,,,,"63924889623","1497666767","Matanuska-Susitna Borough","A","+61762742","-149481089","04",,,16.3,21352,37970,1398,1064,1149,999,1192,1057,1164,1079,896,2182,2675,2852,1437,658,422,328,1002339100,7442,19887
"G0201800","2000","US","4","9","Alaska","02","Nome","180",,,,,"A",,,,,,,,,,,,,"9999","99","9","9999","9999","9",,,,,,,,,"59572081811","13681400029","Nome Census Area","S","+64809165","-164346772","05",,,37.7,2896,6300,283,179,184,194,156,142,166,123,151,221,271,300,169,74,52,21,112991200,1127,2522
"G0201850","2000","US","4","9","Alaska","02","North Slope","185",,,,,"0",,,,,,,,,,,,,"9999","99","9","9999","9999","9",,,,,,,,,"230035263166","15398849303","North Slope Borough","A","+70599509","-153940111","04",,,44.8,4318,3067,148,77,84,57,47,86,94,112,90,201,265,376,229,121,90,39,131049200,1510,1028
"G0201880","2000","US","4","9","Alaska","02","Northwest Arctic","188",,,,,"0",,,,,,,,,,,,,"9999","99","9","9999","9999","9",,,,,,,,,"92976270484","12596823585","Northwest Arctic Borough","A","+66822031","-160646404","04",,,44.9,3067,4141,166,86,105,128,90,127,97,74,91,162,212,219,112,65,35,9,92432100,997,1543
"G0202010","2000","US","4","9","Alaska","02","Prince Of Wales-Outer Ketchikan","201",,,,,"A",,,,,,,,,,,,,"9999","99","9","9999","9999","9",,,,,,,,,"19193422932","13715730157","Prince of Wales-Outer Ketchikan Census Area","S","+55552229","-132584730","05",,,46.1,0,6146,192,151,143,157,139,148,191,128,132,253,269,212,81,39,19,16,91860200,0,3055
"G0202200","2000","US","4","9","Alaska","02","Sitka","220",,,,,"0",,,,,,,,,,,,,"9999","99","9","9999","9999","9",,,,,,,,,"7443577063","5018227281","Sitka City and Borough","C","+57079871","-135331757","03",,,15.0,7308,1527,207,137,127,126,217,205,176,160,211,392,332,507,195,120,85,84,165891000,2912,738
"G0202320","2000","US","4","9","Alaska","02","Skagway-Hoonah-Angoon","232",,,,,"A",,,,,,,,,,,,,"9999","99","9","9999","9999","9",,,,,,,,,"20451795008","9013806170","Skagway-Hoonah-Angoon Census Area","S","+58321676","-135458953","05",,,45.3,0,3436,133,105,53,98,73,142,58,94,75,125,167,123,59,34,18,12,54611800,0,2108
"G0202400","2000","US","4","9","Alaska","02","Southeast Fairbanks","240",,,,,"A",,,,,,,,,,,,,"9999","99","9","9999","9999","9",,,,,,,,,"64270183513","637996435","Southeast Fairbanks Census Area","S","+63607284","-143910084","05",,,43.2,0,6174,230,179,154,143,133,104,116,91,78,197,229,231,105,35,25,21,77726500,0,3225
"G0202610","2000","US","4","9","Alaska","02","Valdez-Cordova","261",,,,,"A",,,,,,,,,,,,,"9999","99","9","9999","9999","9",,,,,,,,,"88886050122","15229266352","Valdez-Cordova Census Area","S","+61458662","-145325925","05",,,40.2,0,10195,288,269,199,212,188,219,218,198,191,300,452,516,310,154,123,47,190892100,0,5148
"G0202700","2000","US","4","9","Alaska","02","Wade Hampton","270",,,,,"A",,,,,,,,,,,,,"9999","99","9","9999","9999","9",,,,,,,,,"44530953609","6412136001","Wade Hampton Census Area","S","+62084927","-163736818","05",,,48.2,0,7028,177,154,154,177,138,124,110,115,68,139,111,89,25,15,12,2,42676300,0,2063
"G0202800","2000","US","4","9","Alaska","02","Wrangell-Petersburg","280",,,,,"A",,,,,,,,,,,,,"9999","99","9","9999","9999","9",,,,,,,,,"15112433221","8252397782","Wrangell-Petersburg Census Area","S","+56714340","-133073562","05",,,26.3,2792,3892,174,162,201,93,167,166,170,115,171,250,272,309,168,51,74,62,120508900,1165,2119
"G0202820","2000","US","4","9","Alaska","02","Yakutat","282",,,,,"0",,,,,,,,,,,,,"9999","99","9","9999","9999","9",,,,,,,,,"19814593290","4684825424","Yakutat City and Borough","A","+59793489","-140271248","03",,,44.1,0,808,18,9,13,21,16,21,7,18,21,28,45,32,8,2,3,4,15573000,0,499
"G0202900","2000","US","4","9","Alaska","02","Yukon-Koyukuk","290",,,,,"A",,,,,,,,,,,,,"9999","99","9","9999","9999","9",,,,,,,,,"377878437401","5031897827","Yukon-Koyukuk Census Area","S","+65129566","-151854704","05",,,46.0,0,6551,383,238,215,192,164,142,109,135,80,180,195,145,73,25,19,10,67821000,0,3917
"G0400010","2000","US","4","8","Arizona","04","Apache","001",,,,,"0",,,,,,,,,,,,,"9999","99","9","9999","9999","9",,,,,,,,,"29020502286","35069942","Apache County","A","+35645278","-109449620","06",,,16.7,16606,52817,5401,2053,1528,1451,1580,1211,1090,887,804,1236,1252,839,336,151,47,66,494179200,5906,25715
"G0400030","2000","US","4","8","Arizona","04","Cochise","003",,,,,"0",,,,,,,,,,,,,"9999","99","9","9999","9999","9",,,,,,,,,"15978796535","127742070","Cochise County","A","+31750272","-109904319","06",,,16.0,78163,39592,5438,3772,3800,3779,3456,3245,2643,2607,2203,3612,3827,3154,1231,400,430,299,1336365600,32913,18213
"G0400050","2000","US","4","8","Arizona","04","Coconino","005",,,,,"0",,,,,,,,,,,,,"2620","99","N","9999","9999","9",,,,,,,,,"48218904679","113408657","Coconino County","A","+35771440","-111511062","06",,,15.2,74462,41858,4285,2838,2706,2964,2976,2566,2638,2311,2069,3727,3934,3950,1617,732,555,518,1633194400,29643,23800
"G0400070","2000","US","4","8","Arizona","04","Gila","007",,,,,"0",,,,,,,,,,,,,"9999","99","9","9999","9999","9",,,,,,,,,"12348294231","72606847","Gila County","A","+33714683","-110977311","06",,,19.1,28741,22594,2491,2025,1871,1817,1631,1386,1260,1232,954,1634,1620,1174,450,189,205,226,548896700,12876,15313
"G0400090","2000","US","4","8","Arizona","04","Graham","009",,,,,"0",,,,,,,,,,,,,"9999","99","9","9999","9999","9",,,,,,,,,"11989870698","30635420","Graham County","A","+32865056","-109816242","06",,,22.4,14829,18660,1509,1090,879,897,729,677,613,570,564,860,860,537,157,79,71,28,311428700,5705,5725
"G0400110","2000","US","4","8","Arizona","04","Greenlee","011",,,,,"0",,,,,,,,,,,,,"9999","99","9","9999","9999","9",,,,,,,,,"4783710414","3665171","Greenlee County","A","+33068497","-109273764","06",,,31.9,4324,4223,291,204,191,215,201,215,281,308,206,305,375,249,50,11,22,7,109490300,1775,1969
"G0400120","2000","US","4","8","Arizona","04","La Paz","012",,,,,"0",,,,,,,,,,,,,"9999","99","9","9999","9999","9",,,,,,,,,"11654826790","34717106","La Paz County","A","+33863604","-114045079","06",,,28.7,8547,11168,1329,876,922,917,759,567,634,459,282,533,464,345,140,65,51,49,176074700,5557,9576
"G0400130","2000","US","4","8","Arizona","04","Maricopa","013",,,,,"0",,,,,,,,,,,,,"6200","99","N","9999","9999","9",,,,,,,,,"23836016480","54722478","Maricopa County","A","+33494514","-112087906","06",,,12.7,2981673,90476,77072,59431,65917,72401,74040,74932,71348,66715,59792,108827,125902,126525,64308,30858,26506,28474,54732737400,1212724,37507
"G0400150","2000","US","4","8","Arizona","04","Mohave","015",,,,,"0",,,,,,,,,,,,,"4120","99","N","9999","9999","9",,,,,,,,,"34476991534","409405407","Mohave County","A","+35285985","-114082709","06",,,14.9,117132,37900,6123,5617,6022,6321,5576,5119,4554,3946,3112,4807,4722,3906,1413,549,388,621,1685067000,57978,22084
"G0400170","2000","US","4","8","Arizona","04","Navajo","017",,,,,"0",,,,,,,,,,,,,"9999","99","9","9999","9999","9",,,,,,,,,"25778620688","16344185","Navajo County","A","+35406314","-110256683","06",,,16.1,40937,56533,5589,2684,2670,2370,2212,2052,1952,1596,1300,2123,2302,1900,686,265,198,156,859298800,18674,28739
"G0400190","2000","US","4","8","Arizona","04","Pima","019",,,,,"0",,,,,,,,,,,,,"8520","99","N","9999","9999","9",,,,,,,,,"23792316898","6644112","Pima County","A","+32178410","-111088624","06",,,12.6,772162,71584,34224,23849,24661,26520,24553,24291,21516,18976,17241,28412,30423,27889,13055,5775,5359,5753,12142245600,337781,28956
"G0400210","2000","US","4","8","Arizona","04","Pinal","021",,,,,"0",,,,,,,,,,,,,"6200","99","N","9999","9999","9",,,,,,,,,"13907185407","11653422","Pinal County","A","+32965668","-111498113","06",,,14.1,116082,63645,6319,4604,4791,4697,4794,4586,4552,3946,3584,5605,5616,4435,1870,813,605,596,1957322600,55551,25603
"G0400230","2000","US","4","8","Arizona","04","Santa Cruz","023",,,,,"0",,,,,,,,,,,,,"9999","99","9","9999","9999","9",,,,,,,,,"3205457073","1227457","Santa Cruz County","A","+31481900","-110905734","06",,,16.4,25939,12442,1579,1188,1190,974,1041,872,534,567,546,882,920,692,340,179,177,140,397666100,7917,5119
"G0400250","2000","US","4","8","Arizona","04","Yavapai","025",,,,,"0",,,,,,,,,,,,,"9999","99","9","9999","9999","9",,,,,,,,,"21039252624","11603654","Yavapai County","A","+34650332","-112414707","06",,,15.0,104862,62655,6298,5692,6072,5947,5880,5235,5082,4504,3512,5730,5979,4924,2241,1044,762,1167,2039857800,49398,32332
"G0400270","2000","US","4","8","Arizona","04","Yuma","027",,,,,"0",,,,,,,,,,,,,"9360","99","N","9999","9999","9",,,,,,,,,"14281424443","12613327","Yuma County","A","+32684752","-114388951","06",,,13.8,139054,20972,5273,4847,4985,4917,4633,4630,3649,2989,2729,4301,4234,3507,1483,581,550,596,1603716800,64434,9706
"G0500010","2000","US","3","7","Arkansas","05","Arkansas","001",,,,,"0",,,,,,,,,,,,,"9999","99","9","9999","9999","9",,,,,,,,,"2560177487","117328433","Arkansas County","A","+34359997","-091429413","06",,,21.3,13100,7649,1273,810,755,672,681,602,512,596,391,699,645,448,163,96,82,48,266217300,5807,3865
"G0500030","2000","US","3","7","Arkansas","05","Ashley","003",,,,,"0",,,,,,,,,,,,,"9999","99","9","9999","9999","9",,,,,,,,,"2385761562","46447703","Ashley County","A","+33185420","-091785346","06",,,22.2,11892,12317,1453,935,563,662,779,719,670,566,443,794,780,563,207,82,48,101,297922600,5163,5452
"G0500050","2000","US","3","7","Arkansas","05","Baxter","005",,,,,"0",,,,,,,,,,,,,"9999","99","9","9999","9999","9",,,,,,,,,"1435789253","83859190","Baxter County","A","+36312200","-092354317","06",,,19.6,12528,25858,1916,1754,1710,1776,1670,1488,1208,1088,823,1281,918,766,294,143,99,165,382788200,6319,13572
"G0500070","2000","US","3","7","Arkansas","05","Benton","007",,,,,"0",,,,,,,,,,,,,"2580","99","N","9999","9999","9",,,,,,,,,"2191114121","88700645","Benton County","A","+36354146","-094246822","06",,,18.2,90015,63391,4293,3383,3763,4457,4477,4308,4182,4115,3736,6059,5780,4528,2129,1185,939,908,2257989800,36943,27338
"G0500090","2000","US","3","7","Arkansas","05","Boone","009",,,,,"0",,,,,,,,,,,,,"9999","99","9","9999","9999","9",,,,,,,,,"1531141397","27563192","Boone County","A","+36285221","-093065891","06",,,22.7,13061,20887,2025,1249,1261,1187,1213,1210,1082,753,695,1043,922,605,205,128,113,173,397383700,6110,9316
"G0500110","2000","US","3","7","Arkansas","05","Bradley","011",,,,,"0",,,,,,,,,,,,,"9999","99","9","9999","9999","9",,,,,,,,,"1685119713","9715126","Bradley County","A","+33520920","-092141138","06",,,19.4,6029,6571,1099,493,453,386,367,380,263,238,144,316,285,141,108,67,48,46,127752000,2667,3263
"G0500130","2000","US","3","7","Arkansas","05","Calhoun","013",,,,,"0",,,,,,,,,,,,,"9999","99","9","9999","9999","9",,,,,,,,,"1627223264","11050088","Calhoun County","A","+33595502","-092510135","06",,,32.2,0,5744,407,192,247,187,168,226,158,147,82,153,170,79,33,28,13,37,69983400,0,3012
"G0500150","2000","US","3","7","Arkansas","05","Carroll","015",,,,,"0",,,,,,,,,,,,,"9999","99","9","9999","9999","9",,,,,,,,,"1632402948","22109108","Carroll County","A","+36364131","-093566034","06",,,17.5,7198,18159,1352,1044,1069,1085,914,759,626,529,453,703,639,436,233,89,136,132,293711300,2868,8960
"G0500170","2000","US","3","7","Arkansas","05","Chicot","017",,,,,"0",,,,,,,,,,,,,"9999","99","9","9999","9999","9",,,,,,,,,"1668022627","121360211","Chicot County","A","+33309088","-091309446","06",,,18.5,8745,5372,1225,667,514,387,347,349,282,255,206,302,265,198,64,40,44,54,139041400,3777,2197
"G0500190","2000","US","3","7","Arkansas","05","Clark","019",,,,,"0",,,,,,,,,,,,,"9999","99","9","9999","9999","9",,,,,,,,,"2241461032","44470582","Clark County","A","+34068954","-093157703","06",,,18.7,10417,13129,1686,900,791,596,613,665,540,465,409,723,609,545,173,50,59,69,259120900,4039,6127
"G0500210","2000","US","3","7","Arkansas","05","Clay","021",,,,,"0",,,,,,,,,,,,,"9999","99","9","9999","9999","9",,,,,,,,,"1655774222","5484984","Clay County","A","+36364388","-090400570","06",,,21.8,6725,10884,1375,783,757,720,630,605,397,417,361,476,364,271,54,34,52,72,186894900,3298,5200
"G0500230","2000","US","3","7","Arkansas","05","Cleburne","023",,,,,"0",,,,,,,,,,,,,"9999","99","9","9999","9999","9",,,,,,,,,"1432389875","100649118","Cleburne County","A","+35535227","-092060882","06",,,20.9,5420,18626,1271,901,933,816,832,887,823,659,531,685,797,549,193,114,58,132,283121900,2722,11010
"G0500250","2000","US","3","7","Arkansas","05","Cleveland","025",,,,,"0",,,,,,,,,,,,,"9999","99","9","9999","9999","9",,,,,,,,,"1548136778","2753551","Cleveland County","A","+33904731","-092216337","06",,,36.6,0,8571,442,313,254,236,262,221,244,218,187,256,312,192,64,19,18,28,104192800,0,3834
"G0500270","2000","US","3","7","Arkansas","05","Columbia","027",,,,,"0",,,,,,,,,,,,,"9999","99","9","9999","9999","9",,,,,,,,,"1984225864","1935498","Columbia County","A","+33249422","-093229778","06",,,28.1,10450,15153,1865,1022,786,934,706,594,496,496,412,790,751,632,241,96,71,109,289534100,4616,6950
"G0500290","2000","US","3","7","Arkansas","05","Conway","029",,,,,"0",,,,,,,,,,,,,"9999","99","9","9999","9999","9",,,,,,,,,"1440420568","27231140","Conway County","A","+35207694","-092713984","06",,,22.6,5612,14724,1149,692,723,678,617,456,524,486,432,762,551,510,193,89,48,71,243560600,2539,6489
"G0500310","2000","US","3","7","Arkansas","05","Craighead","031",,,,,"0",,,,,,,,,,,,,"3700","99","N","9999","9999","9",,,,,,,,,"1841065959","5533069","Craighead County","A","+35828198","-090631993","06",,,17.1,53330,28818,4312,2802,2570,2781,2439,2240,1989,1976,1490,2595,2714,2400,822,425,339,407,1131237900,23289,11844
"G0500330","2000","US","3","7","Arkansas","05","Crawford","033",,,,,"0",,,,,,,,,,,,,"2720","99","N","9999","9999","9",,,,,,,,,"1542060108","22805968","Crawford County","A","+35523127","-094260230","06",,,17.5,24022,29225,2282,1587,1598,1669,1621,1792,1614,1222,1083,1717,1461,1194,468,141,133,123,623694400,9428,11887
"G0500350","2000","US","3","7","Arkansas","05","Crittenden","035",,,,,"0",,,,,,,,,,,,,"4920","99","N","9999","9999","9",,,,,,,,,"1580323104","68687085","Crittenden County","A","+35197701","-090272800","06",,,16.0,40545,10321,3243,1578,1439,1338,1602,1223,1012,1097,886,1368,1592,1135,505,138,163,141,609676800,16105,4402
"G0500370","2000","US","3","7","Arkansas","05","Cross","037",,,,,"0",,,,,,,,,,,,,"9999","99","9","9999","9999","9",,,,,,,,,"1595034998","16800413","Cross County","A","+35279599","-090786115","06",,,20.2,8083,11443,1132,718,736,662,525,600,457,430,388,520,585,309,134,76,59,90,231547600,3287,4743
"G0500390","2000","US","3","7","Arkansas","05","Dallas","039",,,,,"0",,,,,,,,,,,,,"9999","99","9","9999","9999","9",,,,,,,,,"1728609957","1919275","Dallas County","A","+33938130","-092608187","06",,,20.6,4145,5065,633,340,346,343,286,313,202,185,178,262,198,97,30,18,10,67,94703300,1740,2661
"G0500410","2000","US","3","7","Arkansas","05","Desha","041",,,,,"0",,,,,,,,,,,,,"9999","99","9","9999","9999","9",,,,,,,,,"1981313426","141231808","Desha County","A","+33789358","-091350302","06",,,22.9,9915,5426,1388,600,537,535,416,413,296,231,155,411,390,311,84,77,59,39,159833200,4258,2405
"G0500430","2000","US","3","7","Arkansas","05","Drew","043",,,,,"0",,,,,,,,,,,,,"9999","99","9","9999","9999","9",,,,,,,,,"2144980532","19353359","Drew County","A","+33600602","-091735642","06",,,17.1,8709,10014,1255,701,632,630,577,472,444,326,326,559,585,405,160,81,83,97,242964900,3749,4538
"G0500450","2000","US","3","7","Arkansas","05","Faulkner","045",,,,,"0",,,,,,,,,,,,,"4400","99","N","9999","9999","9",,,,,,,,,"1676702498","43078811","Faulkner County","A","+35119477","-092379944","06",,,18.2,43960,42054,3352,2283,2203,2399,2042,2341,1961,1890,1828,2979,3318,2817,1262,381,368,429,1281239800,17927,16619
"G0500470","2000","US","3","7","Arkansas","05","Franklin","047",,,,,"0",,,,,,,,,,,,,"9999","99","9","9999","9999","9",,,,,,,,,"1578738873","26238447","Franklin County","A","+35477580","-093884506","06",,,24.2,2833,14938,998,595,641,580,543,555,543,449,405,608,493,266,160,24,23,42,188774800,1239,6434
"G0500490","2000","US","3","7","Arkansas","05","Fulton","049",,,,,"0",,,,,,,,,,,,,"9999","99","9","9999","9999","9",,,,,,,,,"1601015098","5593232","Fulton County","A","+36355003","-091729311","06",,,27.2,1091,10551,682,541,613,525,449,293,362,255,193,278,299,171,50,25,32,51,109678100,529,5444
"G0500510","2000","US","3","7","Arkansas","05","Garland","051",,,,,"0",,,,,,,,,,,,,"9999","99","9","9999","9999","9",,,,,,,,,"1753998615","148540166","Garland County","A","+34545307","-093075894","06",,,13.7,55757,32311,4399,3475,3554,3391,2989,3046,2586,2232,1693,3019,2563,2551,1173,374,275,476,1091543000,30230,14723
"G0500530","2000","US","3","7","Arkansas","05","Grant","053",,,,,"0",,,,,,,,,,,,,"9999","99","9","9999","9999","9",,,,,,,,,"1636294639","3194372","Grant County","A","+34311031","-092450809","06",,,21.2,3719,12745,593,413,500,460,435,503,425,462,396,590,578,521,141,79,32,85,231036900,1583,5377
"G0500550","2000","US","3","7","Arkansas","05","Greene","055",,,,,"0",,,,,,,,,,,,,"9999","99","9","9999","9999","9",,,,,,,,,"1495741684","5535135","Greene County","A","+36098211","-090513709","06",,,16.7,19079,18252,1994,1285,1231,1411,1227,1021,1050,1016,854,1142,1132,748,197,120,116,145,437031300,8727,7434
"G0500570","2000","US","3","7","Arkansas","05","Hempstead","057",,,,,"0",,,,,,,,,,,,,"9999","99","9","9999","9999","9",,,,,,,,,"1887515647","32604215","Hempstead County","A","+33717614","-093647930","06",,,24.4,10403,13184,1495,973,692,809,690,643,625,563,413,674,630,432,174,76,15,59,262386900,4213,5953
"G0500590","2000","US","3","7","Arkansas","05","Hot Spring","059",,,,,"0",,,,,,,,,,,,,"9999","99","9","9999","9999","9",,,,,,,,,"1592668724","18708143","Hot Spring County","A","+34337450","-092891238","06",,,21.5,9128,21225,1513,1062,963,1073,1003,1083,852,801,624,1071,1010,593,197,42,44,61,343668100,4303,9081
"G0500610","2000","US","3","7","Arkansas","05","Howard","061",,,,,"0",,,,,,,,,,,,,"9999","99","9","9999","9999","9",,,,,,,,,"1521413675","20153742","Howard County","A","+34050292","-093964857","06",,,24.9,4829,9471,756,577,531,483,489,443,247,313,215,452,441,242,91,72,44,71,176427200,2106,4191
"G0500630","2000","US","3","7","Arkansas","05","Independence","063",,,,,"0",,,,,,,,,,,,,"9999","99","9","9999","9999","9",,,,,,,,,"1978183758","20183074","Independence County","A","+35757476","-091587049","06",,,23.2,10746,23487,1719,1220,1126,1177,1072,1049,935,897,699,1298,1055,674,186,82,108,182,412222300,4665,10176
"G0500650","2000","US","3","7","Arkansas","05","Izard","065",,,,,"0",,,,,,,,,,,,,"9999","99","9","9999","9999","9",,,,,,,,,"1503963686","8640533","Izard County","A","+36139475","-091874963","06",,,35.4,0,13249,940,617,555,527,414,509,348,301,246,338,242,208,71,26,22,32,116484800,0,6591
"G0500670","2000","US","3","7","Arkansas","05","Jackson","067",,,,,"0",,,,,,,,,,,,,"9999","99","9","9999","9999","9",,,,,,,,,"1640818713","20519620","Jackson County","A","+35613258","-091227582","06",,,25.7,7039,11379,1228,758,749,746,472,449,519,331,249,510,400,241,137,67,47,78,204262400,3345,4611
"G0500690","2000","US","3","7","Arkansas","05","Jefferson","069",,,,,"0",,,,,,,,,,,,,"6240","99","N","9999","9999","9",,,,,,,,,"2291661025","74801688","Jefferson County","A","+34243795","-091987152","06",,,14.8,58436,25842,4948,2601,2549,2587,1963,2001,1905,1787,1363,2321,2515,2319,881,301,235,279,1023176800,23720,10630
"G0500710","2000","US","3","7","Arkansas","05","Johnson","071",,,,,"0",,,,,,,,,,,,,"9999","99","9","9999","9999","9",,,,,,,,,"1715007779","53288421","Johnson County","A","+35498657","-093484633","06",,,23.1,5478,17303,1274,839,984,803,768,625,552,507,445,697,556,337,155,57,27,78,257747600,2245,7681
"G0500730","2000","US","3","7","Arkansas","05","Lafayette","073",,,,,"0",,,,,,,,,,,,,"9999","99","9","9999","9999","9",,,,,,,,,"1363620948","48091961","Lafayette County","A","+33272263","-093563116","06",,,31.3,0,8559,659,437,290,326,273,203,190,151,130,206,233,184,37,42,11,34,87200000,0,4560
"G0500750","2000","US","3","7","Arkansas","05","Lawrence","075",,,,,"0",,,,,,,,,,,,,"9999","99","9","9999","9999","9",,,,,,,,,"1519202550","14957296","Lawrence County","A","+36070597","-091071214","06",,,28.3,6315,11459,1224,745,683,636,704,548,487,377,349,509,422,254,69,71,36,30,178699500,2949,5136
"G0500770","2000","US","3","7","Arkansas","05","Lee","077",,,,,"0",,,,,,,,,,,,,"9999","99","9","9999","9999","9",,,,,,,,,"1558301195","46109827","Lee County","A","+34780126","-090763960","06",,,16.4,5163,7417,1032,557,473,327,239,318,244,161,182,193,243,108,38,23,37,33,98034300,2154,2614
"G0500790","2000","US","3","7","Arkansas","05","Lincoln","079",,,,,"0",,,,,,,,,,,,,"9999","99","9","9999","9999","9",,,,,,,,,"1453505517","28401658","Lincoln County","A","+33978821","-091709049","06",,,23.1,0,14492,704,356,399,359,334,312,313,256,202,343,251,274,60,47,18,31,144646000,0,4955
"G0500810","2000","US","3","7","Arkansas","05","Little River","081",,,,,"0",,,,,,,,,,,,,"9999","99","9","9999","9999","9",,,,,,,,,"1377184049","85823803","Little River County","A","+33697284","-094220589","06",,,23.0,3731,9897,873,451,463,509,493,413,252,267,284,425,434,334,167,61,19,37,163169100,1611,4824
"G0500830","2000","US","3","7","Arkansas","05","Logan","083",,,,,"0",,,,,,,,,,,,,"9999","99","9","9999","9999","9",,,,,,,,,"1838562451","56023081","Logan County","A","+35220758","-093755313","06",,,21.8,6486,16000,1273,907,870,803,740,692,629,547,442,693,492,329,117,67,55,77,232961800,2949,6993
"G0500850","2000","US","3","7","Arkansas","05","Lonoke","085",,,,,"0",,,,,,,,,,,,,"4400","99","N","9999","9999","9",,,,,,,,,"1983828425","94450249","Lonoke County","A","+34779050","-091912157","06",,,17.6,23880,28948,1806,1325,1197,1226,1256,1449,1275,1216,1042,2089,2236,1908,739,251,142,100,754704600,9376,11373
"G0500870","2000","US","3","7","Arkansas","05","Madison","087",,,,,"0",,,,,,,,,,,,,"9999","99","9","9999","9999","9",,,,,,,,,"2167336831","648241","Madison County","A","+36031137","-093730452","06",,,26.2,0,14243,830,573,510,546,432,444,465,319,277,308,347,217,77,36,33,43,164751800,0,6537
"G0500890","2000","US","3","7","Arkansas","05","Marion","089",,,,,"0",,,,,,,,,,,,,"9999","99","9","9999","9999","9",,,,,,,,,"1548040144","110451459","Marion County","A","+36291289","-092681404","06",,,26.3,0,16140,1015,735,733,643,631,520,495,396,295,461,391,241,90,36,36,44,148191600,0,8235
"G0500910","2000","US","3","7","Arkansas","05","Miller","091",,,,,"0",,,,,,,,,,,,,"8360","99","N","9999","9999","9",,,,,,,,,"1616097588","34967325","Miller County","A","+33384684","-093968079","06",,,17.6,23604,16839,2462,1527,1403,1080,1149,1061,978,797,573,1345,1424,1024,414,164,138,152,518934000,10597,7130
"G0500930","2000","US","3","7","Arkansas","05","Mississippi","093",,,,,"0",,,,,,,,,,,,,"9999","99","9","9999","9999","9",,,,,,,,,"2326453080","55635025","Mississippi County","A","+35806751","-090030415","06",,,20.4,34041,17938,3617,1845,1823,1598,1552,1244,1151,920,905,1365,1247,1198,449,140,122,133,557197000,14726,7584
"G0500950","2000","US","3","7","Arkansas","05","Monroe","095",,,,,"0",,,,,,,,,,,,,"9999","99","9","9999","9999","9",,,,,,,,,"1571207189","38240567","Monroe County","A","+34732843","-091207816","06",,,23.9,3839,6415,936,548,386,363,338,205,277,178,195,248,184,121,31,28,22,46,96834400,1617,3450
"G0500970","2000","US","3","7","Arkansas","05","Montgomery","097",,,,,"0",,,,,,,,,,,,,"9999","99","9","9999","9999","9",,,,,,,,,"2022591566","50139601","Montgomery County","A","+34559133","-093643872","06",,,28.4,0,9245,554,381,339,338,369,292,315,224,192,295,173,157,47,40,20,29,92552100,0,5048
"G0500990","2000","US","3","7","Arkansas","05","Nevada","099",,,,,"0",,,,,,,,,,,,,"9999","99","9","9999","9999","9",,,,,,,,,"1605671916","2138354","Nevada County","A","+33689358","-093327444","06",,,21.6,3029,6926,784,449,286,304,368,193,196,279,180,272,309,153,65,19,34,14,107990500,1377,3374
"G0501010","2000","US","3","7","Arkansas","05","Newton","101",,,,,"0",,,,,,,,,,,,,"9999","99","9","9999","9999","9",,,,,,,,,"2131479507","550305","Newton County","A","+35967765","-093188458","06",,,40.4,0,8608,652,415,344,363,285,304,251,170,162,219,170,77,49,11,12,33,81856400,0,4316
"G0501030","2000","US","3","7","Arkansas","05","Ouachita","103",,,,,"0",,,,,,,,,,,,,"9999","99","9","9999","9999","9",,,,,,,,,"1897037646","18601184","Ouachita County","A","+33574007","-092861447","06",,,19.3,12340,16450,1998,1197,1044,847,829,831,811,643,553,949,923,524,246,88,40,74,312812200,5860,7590
"G0501050","2000","US","3","7","Arkansas","05","Perry","105",,,,,"0",,,,,,,,,,,,,"9999","99","9","9999","9999","9",,,,,,,,,"1426937645","24678846","Perry County","A","+34982668","-092861630","06",,,31.4,0,10209,542,351,307,317,411,304,236,263,216,311,332,203,108,37,28,33,124750400,0,4702
"G0501070","2000","US","3","7","Arkansas","05","Phillips","107",,,,,"0",,,,,,,,,,,,,"9999","99","9","9999","9999","9",,,,,,,,,"1794011405","89657658","Phillips County","A","+34468372","-090761973","06",,,21.3,13870,12575,2376,1149,973,699,697,635,619,501,338,440,558,335,160,34,101,86,247766900,5823,5036
"G0501090","2000","US","3","7","Arkansas","05","Pike","109",,,,,"0",,,,,,,,,,,,,"9999","99","9","9999","9999","9",,,,,,,,,"1561784452","28160233","Pike County","A","+34177310","-093656805","06",,,33.0,0,11303,731,470,430,409,376,353,357,204,203,269,277,240,72,19,39,40,127085400,0,5536
"G0501110","2000","US","3","7","Arkansas","05","Poinsett","111",,,,,"0",,,,,,,,,,,,,"9999","99","9","9999","9999","9",,,,,,,,,"1962534369","14627018","Poinsett County","A","+35587012","-090603918","06",,,23.7,9413,16201,1897,990,1035,798,787,682,578,645,553,598,716,412,140,37,70,33,258088500,4069,6982
"G0501130","2000","US","3","7","Arkansas","05","Polk","113",,,,,"0",,,,,,,,,,,,,"9999","99","9","9999","9999","9",,,,,,,,,"2225780691","7876636","Polk County","A","+34485490","-094253631","06",,,24.7,5189,15040,1212,978,911,905,655,514,578,374,394,510,455,307,88,46,48,89,207435600,2573,6663
"G0501150","2000","US","3","7","Arkansas","05","Pope","115",,,,,"0",,,,,,,,,,,,,"9999","99","9","9999","9999","9",,,,,,,,,"2102811754","48921339","Pope County","A","+35330478","-093084446","06",,,18.1,22829,31640,2555,1719,1912,1784,1639,1526,1308,1121,1049,1745,1826,1345,573,261,165,165,679926100,9921,12930
"G0501170","2000","US","3","7","Arkansas","05","Prairie","117",,,,,"0",,,,,,,,,,,,,"9999","99","9","9999","9999","9",,,,,,,,,"1672962375","77251283","Prairie County","A","+34807983","-091534077","06",,,29.0,0,9539,658,300,361,368,248,317,258,292,137,344,249,178,63,26,15,55,113499900,0,4790
"G0501190","2000","US","3","7","Arkansas","05","Pulaski","119",,,,,"0",,,,,,,,,,,,,"4400","99","N","9999","9999","9",,,,,,,,,"1996416793","95884135","Pulaski County","A","+34766541","-092294471","06",,,12.7,315450,46024,15338,10066,10396,11163,10556,10229,9393,9059,7484,13160,13705,12735,6081,2778,2728,3161,6270003100,141960,19175
"G0501210","2000","US","3","7","Arkansas","05","Randolph","121",,,,,"0",,,,,,,,,,,,,"9999","99","9","9999","9999","9",,,,,,,,,"1688216567","10911454","Randolph County","A","+36315472","-090988939","06",,,19.9,5687,12508,1171,778,662,663,585,509,626,398,323,533,390,380,74,58,45,55,192170900,2617,5651
"G0501230","2000","US","3","7","Arkansas","05","St Francis","123",,,,,"0",,,,,,,,,,,,,"9999","99","9","9999","9999","9",,,,,,,,,"1641628992","22169936","St. Francis County","A","+35015874","-090708841","06",,,21.6,14346,14983,2221,1097,793,727,837,715,554,548,431,729,635,340,192,53,56,99,283947200,5080,6162
"G0501250","2000","US","3","7","Arkansas","05","Saline","125",,,,,"0",,,,,,,,,,,,,"4400","99","N","9999","9999","9",,,,,,,,,"1873756910","18137769","Saline County","A","+34616381","-092636449","06",,,17.5,41989,41540,1944,1895,1758,2328,2025,2155,2471,2271,1954,3681,3750,3407,1117,395,372,290,1267813000,17292,16533
"G0501270","2000","US","3","7","Arkansas","05","Scott","127",,,,,"0",,,,,,,,,,,,,"9999","99","9","9999","9999","9",,,,,,,,,"2315138467","10909264","Scott County","A","+34880858","-094089691","06",,,17.8,2978,8018,668,462,475,417,424,376,300,215,183,265,265,177,55,5,26,28,109867600,1323,3601
"G0501290","2000","US","3","7","Arkansas","05","Searcy","129",,,,,"0",,,,,,,,,,,,,"9999","99","9","9999","9999","9",,,,,,,,,"1727908178","3519587","Searcy County","A","+35920954","-092688268","06",,,41.9,0,8261,797,497,387,290,319,270,230,167,91,177,161,86,24,6,15,16,71056000,0,4292
"G0501310","2000","US","3","7","Arkansas","05","Sebastian","131",,,,,"0",,,,,,,,,,,,,"2720","99","N","9999","9999","9",,,,,,,,,"1388864138","25366668","Sebastian County","A","+35293916","-094351769","06",,,15.8,90945,24126,5067,3780,3628,3831,3564,3489,2852,2769,2213,3807,3882,3188,1383,616,468,811,1662256800,39412,9899
"G0501330","2000","US","3","7","Arkansas","05","Sevier","133",,,,,"0",,,,,,,,,,,,,"9999","99","9","9999","9999","9",,,,,,,,,"1460600945","45080895","Sevier County","A","+34016649","-094262899","06",,,25.5,5781,9976,788,523,567,466,494,483,390,352,290,438,389,310,124,42,7,46,175195900,2071,4363
"G0501350","2000","US","3","7","Arkansas","05","Sharp","135",,,,,"0",,,,,,,,,,,,,"9999","99","9","9999","9999","9",,,,,,,,,"1565267826","5158769","Sharp County","A","+36190062","-091498459","06",,,34.0,2939,14180,1155,844,702,891,696,634,449,395,326,388,276,210,128,30,56,51,150095700,1906,7436
"G0501370","2000","US","3","7","Arkansas","05","Stone","137",,,,,"0",,,,,,,,,,,,,"9999","99","9","9999","9999","9",,,,,,,,,"1571066263","7344646","Stone County","A","+35874106","-092169912","06",,,21.2,0,11499,814,629,695,432,413,407,231,186,155,228,265,115,90,14,19,69,106073300,0,5715
"G0501390","2000","US","3","7","Arkansas","05","Union","139",,,,,"0",,,,,,,,,,,,,"9999","99","9","9999","9999","9",,,,,,,,,"2690745020","42392663","Union County","A","+33207179","-092612793","06",,,23.8,21978,23651,2930,1720,1538,1413,1447,1233,1118,905,809,1443,1369,1106,402,175,176,210,550905800,10088,10588
"G0501410","2000","US","3","7","Arkansas","05","Van Buren","141",,,,,"0",,,,,,,,,,,,,"9999","99","9","9999","9999","9",,,,,,,,,"1842811977","33166480","Van Buren County","A","+35565783","-092414162","06",,,26.8,0,16192,928,774,727,683,620,513,444,394,345,421,378,246,111,54,57,95,162356000,0,9164
"G0501430","2000","US","3","7","Arkansas","05","Washington","143",,,,,"0",,,,,,,,,,,,,"2580","99","N","9999","9999","9",,,,,,,,,"2459756258","16296853","Washington County","A","+36051379","-094198684","06",,,22.3,109737,47978,6959,4490,4836,5076,4383,4601,3718,3671,3368,5545,5232,4248,1763,934,576,783,2231263700,44673,19657
"G0501450","2000","US","3","7","Arkansas","05","White","145",,,,,"0",,,,,,,,,,,,,"9999","99","9","9999","9999","9",,,,,,,,,"2678123867","21572200","White County","A","+35250106","-091730562","06",,,19.6,29880,37285,3197,2077,2220,2319,1847,1751,1738,1701,1382,2177,2016,1477,589,188,177,302,820583500,12014,15599
"G0501470","2000","US","3","7","Arkansas","05","Woodruff","147",,,,,"0",,,,,,,,,,,,,"9999","99","9","9999","9999","9",,,,,,,,,"1519193180","19400728","Woodruff County","A","+35196189","-091244090","06",,,32.2,0,8741,850,390,405,266,303,246,180,195,99,227,184,123,31,15,14,29,82518500,0,4089
"G0501490","2000","US","3","7","Arkansas","05","Yell","149",,,,,"0",,,,,,,,,,,,,"9999","99","9","9999","9999","9",,,,,,,,,"2403227487","54263565","Yell County","A","+35038510","-093362084","06",,,25.9,3962,17177,1078,771,789,794,626,614,474,483,470,621,483,390,135,55,23,95,249073700,1594,7563
"G0600010","2000","US","4","9","California","06","Alameda","001",,,,,"0",,,,,,,,,,,,,"7362","84","N","5775","9999","9",,,,,,,,,"1910302974","216454242","Alameda County","A","+37716662","-122096151","06",,,12.9,1435570,8171,41257,23184,22491,24020,23956,25648,25555,24575,22250,44382,59171,70947,44781,25911,24782,20877,32325662500,537449,2734
"G0600030","2000","US","4","9","California","06","Alpine","003",,,,,"0",,,,,,,,,,,,,"9999","99","9","9999","9999","9",,,,,,,,,"1913008753","11842922","Alpine County","A","+38632506","-119888663","06",,,44.3,0,1208,61,24,22,36,37,10,41,32,22,35,78,46,17,11,2,18,21732400,0,1514
"G0600050","2000","US","4","9","California","06","Amador","005",,,,,"0",,,,,,,,,,,,,"9999","99","9","9999","9999","9",,,,,,,,,"1535775543","30367858","Amador County","A","+38428879","-120715248","06",,,14.5,13825,21275,948,869,845,833,818,781,847,713,648,1078,1438,1555,631,220,263,254,557988400,4241,10794
"G0600070","2000","US","4","9","California","06","Butte","007",,,,,"0",,,,,,,,,,,,,"1620","99","N","9999","9999","9",,,,,,,,,"4246255361","97428420","Butte County","A","+39648354","-121646310","06",,,14.2,166740,36431,10218,7664,7099,6597,6020,5110,4637,4572,3810,6472,6456,5649,2436,1010,832,1092,2516126500,70000,15523
"G0600090","2000","US","4","9","California","06","Calaveras","009",,,,,"0",,,,,,,,,,,,,"9999","99","9","9999","9999","9",,,,,,,,,"2641887224","43527582","Calaveras County","A","+38167573","-120557245","06",,,12.5,7337,33217,1593,992,1139,1093,1154,908,1097,1014,958,1531,1604,1697,744,362,273,290,582210500,3269,19677
"G0600110","2000","US","4","9","California","06","Colusa","011",,,,,"0",,,,,,,,,,,,,"9999","99","9","9999","9999","9",,,,,,,,,"2980234877","14359155","Colusa County","A","+39187495","-122152389","06",,,21.3,9595,9209,633,442,492,525,415,528,364,399,326,562,527,486,141,109,68,64,204744300,3218,3556
"G0600130","2000","US","4","9","California","06","Contra Costa","013",,,,,"0",,,,,,,,,,,,,"7362","84","N","5775","9999","9",,,,,,,,,"1864651611","212906588","Contra Costa County","A","+37942423","-122060886","06",,,13.0,928782,20034,17656,12393,12400,13508,13704,15641,15240,16084,14992,28816,40660,51287,33589,18853,19385,20214,23811472200,347504,7073
"G0600150","2000","US","4","9","California","06","Del Norte","015",,,,,"0",,,,,,,,,,,,,"9999","99","9","9999","9999","9",,,,,,,,,"2610221532","574823230","Del Norte County","A","+41735225","-124113924","06",,,11.3,18667,8840,1467,1062,765,781,560,548,508,473,399,749,668,674,305,89,86,51,293377100,6553,3881
"G0600170","2000","US","4","9","California","06","El Dorado","017",,,,,"0",,,,,,,,,,,,,"6922","82","N","6920","9999","9",,,,,,,,,"4431073269","200075503","El Dorado County","A","+38768651","-120571902","06",,,12.7,98536,57763,3429,2742,2805,3205,3270,3428,3274,3066,3278,5256,7313,7815,4145,2273,1781,1933,3209648500,45001,26277
"G0600190","2000","US","4","9","California","06","Fresno","019",,,,,"0",,,,,,,,,,,,,"2840","99","N","9999","9999","9",,,,,,,,,"15443387242","141660122","Fresno County","A","+36638374","-119903470","06",,,13.0,698377,101030,30920,19681,20173,20320,18346,18087,14996,13788,11913,20444,22434,20411,9898,4422,3517,3954,9879588300,234780,35987
"G0600210","2000","US","4","9","California","06","Glenn","021",,,,,"0",,,,,,,,,,,,,"9999","99","9","9999","9999","9",,,,,,,,,"3405298392","32019600","Glenn County","A","+39630023","-122291407","06",,,17.8,14971,11482,973,844,926,776,846,651,703,579,467,700,677,617,246,68,57,67,278086300,5678,4304
"G0600230","2000","US","4","9","California","06","Humboldt","023",,,,,"0",,,,,,,,,,,,,"9999","99","9","9999","9999","9",,,,,,,,,"9252700018","1242513384","Humboldt County","A","+40747403","-123988265","06",,,19.0,87936,38582,7059,5057,4624,4179,3711,3589,3213,2832,2366,4119,4019,3485,1259,652,471,600,1568956800,37678,18234
"G0600250","2000","US","4","9","California","06","Imperial","025",,,,,"0",,,,,,,,,,,,,"9999","99","9","9999","9999","9",,,,,,,,,"10812506906","795121274","Imperial County","A","+32963098","-115487593","06",,,16.3,121303,21058,5540,3566,3538,3337,2745,2310,2251,2059,1933,3173,3355,2805,1458,609,391,363,1541414700,33868,10023
"G0600270","2000","US","4","9","California","06","Inyo","027",,,,,"0",,,,,,,,,,,,,"9999","99","9","9999","9999","9",,,,,,,,,"26425906085","61843146","Inyo County","A","+36709037","-117693329","06",,,27.9,10403,7542,907,680,689,526,521,513,469,432,309,766,607,606,362,144,80,62,248644700,4773,4269
"G0600290","2000","US","4","9","California","06","Kern","029",,,,,"0",,,,,,,,,,,,,"0680","99","N","9999","9999","9",,,,,,,,,"21085000353","52980904","Kern County","A","+35296023","-118683344","06",,,12.6,584365,77280,25140,16865,16900,15700,14807,13722,12380,10982,10019,17132,19325,18459,8675,3506,2674,2500,8368807700,198349,33215
"G0600310","2000","US","4","9","California","06","Kings","031",,,,,"0",,,,,,,,,,,,,"9999","99","9","9999","9999","9",,,,,,,,,"3602654510","1291278","Kings County","A","+36155141","-119811272","06",,,12.9,112500,16961,3262,2658,2686,3066,2596,2542,2440,1860,1720,2976,3191,2848,1206,474,420,484,1698500700,31191,5372
"G0600330","2000","US","4","9","California","06","Lake","033",,,,,"0",,,,,,,,,,,,,"9999","99","9","9999","9999","9",,,,,,,,,"3258098255","185236984","Lake County","A","+39023264","-122751791","06",,,12.8,32393,25916,3521,2221,2416,2022,1946,1699,1406,1307,1067,1615,1709,1747,646,280,170,212,630054800,18622,13906
"G0600350","2000","US","4","9","California","06","Lassen","035",,,,,"0",,,,,,,,,,,,,"9999","99","9","9999","9999","9",,,,,,,,,"11803267612","422439110","Lassen County","A","+40612365","-120720234","06",,,18.6,13936,19892,1120,752,738,676,727,606,649,529,564,913,930,792,373,124,79,57,382397500,3964,8036
"G0600370","2000","US","4","9","California","06","Los Angeles","037",,,,,"0",,,,,,,,,,,,,"4472","49","N","4480","9999","9",,,,,,,,,"10517607254","1790852700","Los Angeles County","A","+34088510","-118234216","06",,,13.0,9451949,67389,330000,203819,196731,201561,191887,189179,169484,162317,140505,253707,304843,318521,181732,95240,87864,108889,162336195100,3244376,26533
"G0600390","2000","US","4","9","California","06","Madera","039",,,,,"0",,,,,,,,,,,,,"2840","99","N","9999","9999","9",,,,,,,,,"5531855540","45223370","Madera County","A","+37035073","-120032438","06",,,13.7,81193,41916,3810,2821,3247,2468,2506,2521,2495,2277,1741,3349,3317,2702,1305,661,534,453,1396442500,22555,17832
"G0600410","2000","US","4","9","California","06","Marin","041",,,,,"0",,,,,,,,,,,,,"7362","84","N","7360","9999","9",,,,,,,,,"1346283474","798731740","Marin County","A","+37985723","-122575951","06",,,13.4,232902,14387,4884,2927,3369,3485,3734,3665,4324,4105,3722,7949,10291,12947,9804,6324,7049,12157,8742827100,97836,7154
"G0600430","2000","US","4","9","California","06","Mariposa","043",,,,,"0",,,,,,,,,,,,,"9999","99","9","9999","9999","9",,,,,,,,,"3758384025","30217838","Mariposa County","A","+37595471","-120003539","06",,,12.5,0,17130,786,587,505,561,481,407,392,346,301,619,604,534,248,66,91,64,213396000,0,8826
"G0600450","2000","US","4","9","California","06","Mendocino","045",,,,,"0",,,,,,,,,,,,,"9999","99","9","9999","9999","9",,,,,,,,,"9088191116","956135793","Mendocino County","A","+39363102","-123430217","06",,,15.0,46616,39649,3533,2448,2725,2811,2241,2456,2120,1872,1620,2987,2965,2715,1329,501,446,562,1202095600,18257,18680
"G0600470","2000","US","4","9","California","06","Merced","047",,,,,"0",,,,,,,,,,,,,"4940","99","N","9999","9999","9",,,,,,,,,"4995295707","111833232","Merced County","A","+37245783","-120674118","06",,,13.5,174915,35639,7057,5055,4589,5118,5101,4565,4212,3684,3116,5554,6277,5197,2068,849,812,679,2370679000,55926,12447
"G0600490","2000","US","4","9","California","06","Modoc","049",,,,,"0",,,,,,,,,,,,,"9999","99","9","9999","9999","9",,,,,,,,,"10215163611","671524702","Modoc County","A","+41527360","-120790625","06",,,24.0,2890,6559,536,441,380,326,314,231,187,159,161,279,281,280,106,18,18,49,107288200,1407,3400
"G0600510","2000","US","4","9","California","06","Mono","051",,,,,"0",,,,,,,,,,,,,"9999","99","9","9999","9999","9",,,,,,,,,"7884956227","226369633","Mono County","A","+37853807","-118961375","06",,,13.4,5831,7022,285,307,249,386,402,382,295,276,307,587,662,428,204,142,110,141,238803600,6179,5578
"G0600530","2000","US","4","9","California","06","Monterey","053",,,,,"0",,,,,,,,,,,,,"7120","99","N","9999","9999","9",,,,,,,,,"8603818751","1163213553","Monterey County","A","+36450732","-121528953","06",,,13.7,358191,43571,7700,5995,6515,7082,7440,7159,7427,6782,6764,12152,13239,14469,8000,3872,2967,3636,6195100000,114388,17320
"G0600550","2000","US","4","9","California","06","Napa","055",,,,,"0",,,,,,,,,,,,,"7362","84","N","8720","9999","9",,,,,,,,,"1952160868","89443626","Napa County","A","+38353762","-122332133","06",,,13.0,104554,19725,2533,1864,2150,2675,2467,2780,2537,2616,2178,4021,5126,6022,3203,1859,1570,1794,2472885000,39966,8588
"G0600570","2000","US","4","9","California","06","Nevada","057",,,,,"0",,,,,,,,,,,,,"9999","99","9","9999","9999","9",,,,,,,,,"2480205755","43715169","Nevada County","A","+39270775","-120814268","06",,,13.5,52211,39822,2592,2005,2035,2352,2408,2376,2163,2149,1993,3547,4367,3997,2101,927,1025,919,1557837600,25372,18910
"G0600590","2000","US","4","9","California","06","Orange","059",,,,,"0",,,,,,,,,,,,,"4472","49","N","5945","9999","9",,,,,,,,,"2044547652","410699725","Orange County","A","+33731518","-117861663","06",,,13.5,2840836,5453,45705,35871,37794,43413,43993,48359,47744,46709,42770,83551,109828,130633,83992,46305,44399,45088,61416889100,966331,3153
"G0600610","2000","US","4","9","California","06","Placer","061",,,,,"0",,,,,,,,,,,,,"6922","82","N","6920","9999","9",,,,,,,,,"3637294463","254882245","Placer County","A","+38971576","-120947618","06",,,13.1,195814,52585,4437,3793,4040,4014,4607,4801,4877,4790,4465,8949,11621,13909,8031,4032,3656,3488,5513448500,80705,26597
"G0600630","2000","US","4","9","California","06","Plumas","063",,,,,"0",,,,,,,,,,,,,"9999","99","9","9999","9999","9",,,,,,,,,"6614039250","154838986","Plumas County","A","+40020149","-120851195","06",,,15.0,2668,18156,1075,739,676,730,496,667,461,489,505,933,879,694,346,146,100,70,270661800,1217,12169
"G0600650","2000","US","4","9","California","06","Riverside","065",,,,,"0",,,,,,,,,,,,,"4472","49","N","6780","9999","9",,,,,,,,,"18666999221","248019369","Riverside County","A","+33783307","-116803605","06",,,12.3,1439546,105841,43183,32150,33301,34145,31484,31317,29953,27786,24961,45469,55371,56058,29391,12562,9840,9810,21942862100,530894,53780
"G0600670","2000","US","4","9","California","06","Sacramento","067",,,,,"0",,,,,,,,,,,,,"6922","82","N","6920","9999","9",,,,,,,,,"2501026086","77260881","Sacramento County","A","+38561106","-121389266","06",,,12.7,1194425,29074,37684,26880,26130,28193,28755,29938,27710,26682,23046,42498,50536,49765,27169,11895,9421,7539,20544319600,463694,11120
"G0600690","2000","US","4","9","California","06","San Benito","069",,,,,"0",,,,,,,,,,,,,"9999","99","9","9999","9999","9",,,,,,,,,"3597644798","4341176","San Benito County","A","+36745753","-121288843","06",,,17.5,41283,11951,825,511,734,804,776,824,836,801,626,1470,1956,2601,1485,755,572,335,926175600,12385,4114
"G0600710","2000","US","4","9","California","06","San Bernardino","071",,,,,"0",,,,,,,,,,,,,"4472","49","N","6780","9999","9",,,,,,,,,"51935723751","136803389","San Bernardino County","A","+34392344","-116982433","06",,,11.9,1612981,96453,47943,34849,33237,35517,32988,33525,31472,30436,26331,49067,58622,56907,28231,13102,9619,6993,23875273000,549601,51768
"G0600730","2000","US","4","9","California","06","San Diego","073",,,,,"0",,,,,,,,,,,,,"7320","99","N","9999","9999","9",,,,,,,,,"10877666909","843363020","San Diego County","A","+32904616","-117062993","06",,,12.5,2705075,108758,71577,52859,56759,60883,61625,60672,57239,54465,47913,90254,110045,114797,65393,32451,29053,29507,51237825100,996942,43207
"G0600750","2000","US","4","9","California","06","San Francisco","075",,,,,"0",,,,,,,,,,,,,"7362","84","N","7360","9999","9",,,,,,,,,"120938107","479723545","San Francisco County","C","+37759881","-122437392","06",,,11.7,776733,0,32261,16394,13984,14158,14381,15215,14898,15386,13500,24932,33365,39969,27331,16203,17613,20260,21984654600,346527,0
"G0600770","2000","US","4","9","California","06","San Joaquin","077",,,,,"0",,,,,,,,,,,,,"8120","99","N","9999","9999","9",,,,,,,,,"3624124428","69844755","San Joaquin County","A","+37945959","-121281307","06",,,13.2,507709,55889,18364,12234,12129,11924,11794,10694,10603,10187,8940,16076,19399,19934,9405,4016,3212,2701,7815757200,169751,19409
"G0600790","2000","US","4","9","California","06","San Luis Obispo","079",,,,,"0",,,,,,,,,,,,,"7460","99","N","9999","9999","9",,,,,,,,,"8558152840","806063654","San Luis Obispo County","A","+35373909","-120587460","06",,,12.0,200246,46435,8382,6115,5636,5879,5796,6174,5457,5199,4477,8500,10218,9735,4817,2441,1945,1961,3931493300,83422,18853
"G0600810","2000","US","4","9","California","06","San Mateo","081",,,,,"0",,,,,,,,,,,,,"7362","84","N","7360","9999","9",,,,,,,,,"1163077263","756138288","San Mateo County","A","+37531037","-122331932","06",,,13.5,697471,9690,10441,7526,8133,8305,9031,10223,10602,11218,9768,19713,29553,37665,26618,16486,16965,21972,20733036800,256637,3939
"G0600830","2000","US","4","9","California","06","Santa Barbara","083",,,,,"0",,,,,,,,,,,,,"7480","99","N","9999","9999","9",,,,,,,,,"7088826764","2724845772","Santa Barbara County","A","+34649384","-120071425","06",,,14.3,380031,19316,10569,7699,7510,7988,8248,8720,7604,7477,6673,12308,14202,15856,8400,4547,3914,5054,6770278900,135061,7840
"G0600850","2000","US","4","9","California","06","Santa Clara","085",,,,,"0",,,,,,,,,,,,,"7362","84","N","7400","9999","9",,,,,,,,,"3342865290","34494463","Santa Clara County","A","+37306509","-121912818","06",,,12.9,1661581,21004,25418,16344,16041,18053,18438,20979,20440,21819,21172,43236,63300,85163,64438,41499,45940,44205,47316798500,572066,7263
"G0600870","2000","US","4","9","California","06","Santa Cruz","087",,,,,"0",,,,,,,,,,,,,"7362","84","N","7485","9999","9",,,,,,,,,"1153169845","419361484","Santa Cruz County","A","+37002349","-121973761","06",,,13.2,218122,37480,6244,4331,4031,4807,4523,5060,4456,4358,4453,7556,9820,11611,7929,4157,3991,3917,5497993800,83226,15647
"G0600890","2000","US","4","9","California","06","Shasta","089",,,,,"0",,,,,,,,,,,,,"6690","99","N","9999","9999","9",,,,,,,,,"9803608907","161203391","Shasta County","A","+40688705","-122121202","06",,,15.4,112565,50691,7393,5349,5350,5197,4585,4380,4216,3437,3220,5296,5792,4706,2190,848,748,790,2084172200,46757,22053
"G0600910","2000","US","4","9","California","06","Sierra","091",,,,,"0",,,,,,,,,,,,,"9999","99","9","9999","9999","9",,,,,,,,,"2469247836","22253781","Sierra County","A","+39582063","-120534038","06",,,25.7,0,3555,208,103,102,94,108,126,110,88,101,119,154,117,45,14,25,9,50106400,0,2202
"G0600930","2000","US","4","9","California","06","Siskiyou","093",,,,,"0",,,,,,,,,,,,,"9999","99","9","9999","9999","9",,,,,,,,,"16282696756","157153505","Siskiyou County","A","+41614943","-122502816","06",,,28.9,15666,28635,2691,1960,1805,1772,1152,1217,1154,1053,922,1381,1330,1075,448,235,137,241,503230900,7106,14841
"G0600950","2000","US","4","9","California","06","Solano","095",,,,,"0",,,,,,,,,,,,,"7362","84","N","8720","9999","9",,,,,,,,,"2147592310","200674674","Solano County","A","+38235934","-122051826","06",,,12.6,378309,16233,7036,5318,5839,6309,7163,7005,6784,7170,6676,12872,16738,20035,10559,5088,3600,2248,7065851400,128676,5837
"G0600970","2000","US","4","9","California","06","Sonoma","097",,,,,"0",,,,,,,,,,,,,"7362","84","N","7500","9999","9",,,,,,,,,"4081505939","498177886","Sonoma County","A","+38440089","-122768624","06",,,13.3,393093,65521,10040,7735,7591,8832,8959,9661,9290,9247,8685,17181,20922,23321,13860,6504,5517,5345,9142391100,152200,30953
"G0600990","2000","US","4","9","California","06","Stanislaus","099",,,,,"0",,,,,,,,,,,,,"5170","99","N","9999","9999","9",,,,,,,,,"3868899889","54072211","Stanislaus County","A","+37613805","-120958800","06",,,13.3,406578,40419,13542,10035,10188,10225,9496,9891,9063,8328,7731,13544,15611,14410,6308,2646,1879,2356,6065784200,136836,13971
"G0601010","2000","US","4","9","California","06","Sutter","101",,,,,"0",,,,,,,,,,,,,"9340","99","N","9999","9999","9",,,,,,,,,"1560579911","15642554","Sutter County","A","+39076193","-121658159","06",,,15.0,67470,11460,2734,1975,1974,2123,1868,1700,1691,1580,1241,2338,2795,2619,1185,528,412,335,1053202100,24087,4232
"G0601030","2000","US","4","9","California","06","Tehama","103",,,,,"0",,,,,,,,,,,,,"9999","99","9","9999","9999","9",,,,,,,,,"7643021084","29224867","Tehama County","A","+40123054","-122135340","06",,,18.0,28515,27524,2531,1834,2135,1872,1746,1389,1533,1124,1031,1729,1680,1420,462,211,168,225,617591700,11797,11750
"G0601050","2000","US","4","9","California","06","Trinity","105",,,,,"0",,,,,,,,,,,,,"9999","99","9","9999","9999","9",,,,,,,,,"8232554997","74937644","Trinity County","A","+40667129","-123070397","06",,,28.0,0,13022,901,514,460,611,489,427,342,293,246,387,324,283,143,79,16,67,139688100,0,7980
"G0601070","2000","US","4","9","California","06","Tulare","107",,,,,"0",,,,,,,,,,,,,"8780","99","N","9999","9999","9",,,,,,,,,"12494018673","39164606","Tulare County","A","+36234647","-119166093","06",,,17.3,298320,69701,12994,9151,9155,9081,8201,7981,7075,6362,5372,9103,9409,8045,3786,1791,1409,1441,4091278700,94191,25448
"G0601090","2000","US","4","9","California","06","Tuolumne","109",,,,,"0",,,,,,,,,,,,,"9999","99","9","9999","9999","9",,,,,,,,,"5789697024","100823961","Tuolumne County","A","+37981845","-120232775","06",,,13.3,29122,25379,1937,1373,1600,1583,1457,1425,1450,1436,1066,2060,2089,1698,863,341,314,297,778582300,12924,15412
"G0601110","2000","US","4","9","California","06","Ventura","111",,,,,"0",,,,,,,,,,,,,"4472","49","N","8735","9999","9",,,,,,,,,"4779302398","939900119","Ventura County","A","+34277048","-119045326","06",,,13.2,729193,24004,11934,9383,9846,10721,10610,12357,12255,11785,10996,22454,29131,36546,22797,11803,11284,9601,15332586600,243052,8660
"G0601130","2000","US","4","9","California","06","Yolo","113",,,,,"0",,,,,,,,,,,,,"6922","82","N","9270","9999","9",,,,,,,,,"2624350750","24920133","Yolo County","A","+38634155","-121775709","06",,,12.8,152956,15704,6810,4006,3956,3915,3497,3530,3449,3123,2701,4868,5792,5999,3418,1691,1515,1088,2621160100,56120,5467
"G0601150","2000","US","4","9","California","06","Yuba","115",,,,,"0",,,,,,,,,,,,,"9340","99","N","9999","9999","9",,,,,,,,,"1633489210","33768609","Yuba County","A","+39207758","-121422281","06",,,15.7,42099,18120,2810,1784,1802,1892,1819,1541,1405,1236,1106,1484,1459,1260,437,177,167,173,640559000,14951,7685
"G0800010","2000","US","4","8","Colorado","08","Adams","001",,,,,"0",,,,,,,,,,,,,"2082","34","N","2080","9999","9",,,,,,,,,"3087083897","14964913","Adams County","A","+39866716","-104869954","06",,,13.4,349607,14250,7264,5202,6025,7135,8882,8750,8242,8653,7620,14502,17282,15923,6562,2839,1891,1518,6323569400,127350,5244
"G0800030","2000","US","4","8","Colorado","08","Alamosa","003",,,,,"0",,,,,,,,,,,,,"9999","99","9","9999","9999","9",,,,,,,,,"1871896200","2030248","Alamosa County","A","+37509886","-105803012","06",,,17.8,9069,5897,877,530,473,432,464,379,294,320,275,388,447,242,211,70,29,44,172940400,3697,2391
"G0800050","2000","US","4","8","Colorado","08","Arapahoe","005",,,,,"0",,,,,,,,,,,,,"2082","34","N","2080","9999","9",,,,,,,,,"2080134653","5929612","Arapahoe County","A","+39641904","-104841455","06",,,13.5,478124,9843,8595,6498,7356,9495,11174,11585,11468,11162,10007,19698,23411,26258,13891,7061,5945,7357,11572392400,193413,3422
"G0800070","2000","US","4","8","Colorado","08","Archuleta","007",,,,,"0",,,,,,,,,,,,,"9999","99","9","9999","9999","9",,,,,,,,,"3497066239","13612883","Archuleta County","A","+37215642","-107112531","06",,,25.7,3644,6254,403,245,237,326,261,312,302,326,211,329,400,306,141,24,63,103,145632600,2178,4034
"G0800090","2000","US","4","8","Colorado","08","Baca","009",,,,,"0",,,,,,,,,,,,,"9999","99","9","9999","9999","9",,,,,,,,,"6619277678","3542887","Baca County","A","+37348968","-102534136","06",,,43.0,0,4517,320,216,171,165,137,166,154,108,112,88,121,95,15,14,12,13,45546000,0,2364
"G0800110","2000","US","4","8","Colorado","08","Bent","011",,,,,"0",,,,,,,,,,,,,"9999","99","9","9999","9999","9",,,,,,,,,"3920990264","70493645","Bent County","A","+38070366","-103062997","06",,,24.9,3507,2491,310,203,179,168,226,114,149,110,80,172,143,71,35,11,13,17,58986600,1280,1086
"G0800130","2000","US","4","8","Colorado","08","Boulder","013",,,,,"0",,,,,,,,,,,,,"2082","34","N","1125","9999","9",,,,,,,,,"1922962810","23080988","Boulder County","A","+40058094","-105195154","06",,,13.4,264455,26833,7549,4783,4822,5349,5763,6335,5795,5410,4922,10466,13119,15603,9967,5281,5063,4566,7045425700,107291,12609
"G0800150","2000","US","4","8","Colorado","08","Chaffee","015",,,,,"0",,,,,,,,,,,,,"9999","99","9","9999","9999","9",,,,,,,,,"2624826821","4025351","Chaffee County","A","+38657693","-106089152","06",,,17.2,10073,6169,735,481,519,593,451,574,493,461,282,541,514,497,212,64,111,84,217221700,4374,4018
"G0800170","2000","US","4","8","Colorado","08","Cheyenne","017",,,,,"0",,,,,,,,,,,,,"9999","99","9","9999","9999","9",,,,,,,,,"4613673090","60028","Cheyenne County","A","+38816937","-102523618","06",,,47.0,0,2231,99,74,60,72,44,67,53,77,49,88,89,44,34,14,6,8,29935900,0,1105
"G0800190","2000","US","4","8","Colorado","08","Clear Creek","019",,,,,"0",,,,,,,,,,,,,"9999","99","9","9999","9999","9",,,,,,,,,"1024206164","2609887","Clear Creek County","A","+39717408","-105610273","06",,,28.1,201,9121,211,160,175,207,236,237,231,289,205,440,416,510,331,126,147,107,225657000,144,4984
"G0800210","2000","US","4","8","Colorado","08","Conejos","021",,,,,"0",,,,,,,,,,,,,"9999","99","9","9999","9999","9",,,,,,,,,"3333873637","9461565","Conejos County","A","+37185193","-106067753","06",,,40.6,0,8400,581,363,257,303,234,243,134,135,120,174,197,131,63,24,11,11,76552800,0,3886
"G0800230","2000","US","4","8","Colorado","08","Costilla","023",,,,,"0",,,,,,,,,,,,,"9999","99","9","9999","9999","9",,,,,,,,,"3178185817","8649231","Costilla County","A","+37288723","-105501779","06",,,37.3,0,3663,382,199,185,136,108,119,95,56,35,68,60,24,14,7,4,4,24970800,0,2202
"G0800250","2000","US","4","8","Colorado","08","Crowley","025",,,,,"0",,,,,,,,,,,,,"9999","99","9","9999","9999","9",,,,,,,,,"2043487287","29361121","Crowley County","A","+38225299","-103794584","06",,,26.5,0,5518,208,166,103,160,129,136,64,77,52,76,78,71,6,9,8,19,49610500,0,1542
"G0800270","2000","US","4","8","Colorado","08","Custer","027",,,,,"0",,,,,,,,,,,,,"9999","99","9","9999","9999","9",,,,,,,,,"1913708938","2631222","Custer County","A","+38128672","-105416939","06",,,29.3,0,3503,181,110,94,134,101,132,75,91,95,134,120,103,42,39,20,19,45321100,0,2989
"G0800290","2000","US","4","8","Colorado","08","Delta","029",,,,,"0",,,,,,,,,,,,,"9999","99","9","9999","9999","9",,,,,,,,,"2958041854","16618868","Delta County","A","+38814325","-107911736","06",,,20.9,6863,20971,1142,849,1128,1020,915,811,781,719,547,850,1031,713,275,103,84,94,322616900,2858,9516
"G0800310","2000","US","4","8","Colorado","08","Denver","031",,,,,"0",,,,,,,,,,,,,"2082","34","N","2080","9999","9",,,,,,,,,"397176192","4109354","Denver County","C","+39726287","-104965486","06",,,13.6,554632,4,24286,15173,14923,16618,17625,16496,15947,13800,11389,21044,22668,21836,11085,5577,4912,6036,10807717000,251433,2
"G0800330","2000","US","4","8","Colorado","08","Dolores","033",,,,,"0",,,,,,,,,,,,,"9999","99","9","9999","9999","9",,,,,,,,,"2763428837","2921716","Dolores County","A","+37761037","-108586457","06",,,46.9,0,1844,134,58,56,62,49,66,51,50,46,71,68,42,13,1,7,9,24196300,0,1193
"G0800350","2000","US","4","8","Colorado","08","Douglas","035",,,,,"0",,,,,,,,,,,,,"2082","34","N","2080","9999","9",,,,,,,,,"2175880002","6828752","Douglas County","A","+39461171","-104888716","06",,,12.3,150635,25131,1002,857,859,1023,1392,1599,1810,2175,2001,4918,8470,12515,8621,4967,4560,4260,5512700300,53938,9395
"G0800370","2000","US","4","8","Colorado","08","Eagle","037",,,,,"0",,,,,,,,,,,,,"9999","99","9","9999","9999","9",,,,,,,,,"4371576296","10168506","Eagle County","A","+39588020","-106705776","06",,,16.3,28631,13028,488,346,357,644,707,668,874,624,760,1597,2114,2431,1442,632,608,918,1150790300,13589,8522
"G0800390","2000","US","4","8","Colorado","08","Elbert","039",,,,,"0",,,,,,,,,,,,,"9999","99","9","9999","9999","9",,,,,,,,,"4793500494","289484","Elbert County","A","+39293642","-104292156","06",,,26.8,0,19872,185,137,183,313,271,303,347,303,408,678,1005,1205,653,354,203,212,438672000,0,7113
"G0800410","2000","US","4","8","Colorado","08","El Paso","041",,,,,"0",,,,,,,,,,,,,"1720","99","N","9999","9999","9",,,,,,,,,"5507477052","8058755","El Paso County","A","+38865444","-104748828","06",,,14.2,467980,48949,11555,8515,10303,12439,12715,12229,11946,12310,10992,20562,22475,23053,10600,5256,4204,3445,9261118400,184364,18064
"G0800430","2000","US","4","8","Colorado","08","Fremont","043",,,,,"0",,,,,,,,,,,,,"9999","99","9","9999","9999","9",,,,,,,,,"3970269235","2652570","Fremont County","A","+38427723","-105300306","06",,,15.5,33872,12273,1634,1242,1343,1156,1387,1019,963,1033,850,1335,1480,1136,377,126,91,82,587082400,11655,5490
"G0800450","2000","US","4","8","Colorado","08","Garfield","045",,,,,"0",,,,,,,,,,,,,"9999","99","9","9999","9999","9",,,,,,,,,"7632842385","22544035","Garfield County","A","+39536156","-107652813","06",,,16.4,30728,13063,895,756,648,1116,996,1063,1197,1018,897,1797,2054,2032,837,335,300,274,776423900,11993,5343
"G0800470","2000","US","4","8","Colorado","08","Gilpin","047",,,,,"0",,,,,,,,,,,,,"9999","99","9","9999","9999","9",,,,,,,,,"388157523","1001047","Gilpin County","A","+39841995","-105495503","06",,,20.1,0,4757,76,92,101,111,80,87,171,131,129,275,246,301,135,46,59,17,110237400,0,2929
"G0800490","2000","US","4","8","Colorado","08","Grand","049",,,,,"0",,,,,,,,,,,,,"9999","99","9","9999","9999","9",,,,,,,,,"4782865409","59388993","Grand County","A","+40087637","-106070981","06",,,30.1,0,12442,288,205,218,250,338,316,322,387,310,627,600,569,280,95,129,126,254909900,0,10894
"G0800510","2000","US","4","8","Colorado","08","Gunnison","051",,,,,"0",,,,,,,,,,,,,"9999","99","9","9999","9999","9",,,,,,,,,"8388489064","54212844","Gunnison County","A","+38605701","-107010914","06",,,20.5,6382,7574,531,365,392,465,488,405,359,321,300,534,548,456,194,99,83,126,227622200,2817,6318
"G0800530","2000","US","4","8","Colorado","08","Hinsdale","053",,,,,"0",,,,,,,,,,,,,"9999","99","9","9999","9999","9",,,,,,,,,"2894789684","14133153","Hinsdale County","A","+37823347","-107268004","06",,,39.0,0,790,25,29,12,22,48,27,26,30,24,41,29,8,8,3,12,13,12384400,0,1304
"G0800550","2000","US","4","8","Colorado","08","Huerfano","055",,,,,"0",,,,,,,,,,,,,"9999","99","9","9999","9999","9",,,,,,,,,"4120325675","6152131","Huerfano County","A","+37607617","-104962076","06",,,22.3,4058,3804,483,398,297,310,276,168,202,145,143,220,188,112,53,31,17,31,83461300,1673,2926
"G0800570","2000","US","4","8","Colorado","08","Jackson","057",,,,,"0",,,,,,,,,,,,,"9999","99","9","9999","9999","9",,,,,,,,,"4178201772","20046468","Jackson County","A","+40648682","-106267136","06",,,46.5,0,1577,71,56,35,81,65,56,53,30,29,65,51,45,13,4,11,2,22104700,0,1145
"G0800590","2000","US","4","8","Colorado","08","Jefferson","059",,,,,"0",,,,,,,,,,,,,"2082","34","N","2080","9999","9",,,,,,,,,"1999714135","15454869","Jefferson County","A","+39727160","-105142196","06",,,12.9,491542,35514,8121,6705,7510,8977,10321,11542,11113,11644,10584,21175,27523,31699,17457,8438,7387,6060,12476635100,197279,15209
"G0800610","2000","US","4","8","Colorado","08","Kiowa","061",,,,,"0",,,,,,,,,,,,,"9999","99","9","9999","9999","9",,,,,,,,,"4586848616","38236130","Kiowa County","A","+38449309","-102638287","06",,,48.5,0,1622,73,71,75,50,50,70,34,41,30,47,44,23,19,18,1,9,20437300,0,817
"G0800630","2000","US","4","8","Colorado","08","Kit Carson","063",,,,,"0",,,,,,,,,,,,,"9999","99","9","9999","9999","9",,,,,,,,,"5596629738","1787498","Kit Carson County","A","+39325815","-102547752","06",,,29.3,3709,4302,322,257,255,297,222,215,162,165,172,301,252,197,84,31,43,25,104834100,1419,2011
"G0800650","2000","US","4","8","Colorado","08","Lake","065",,,,,"0",,,,,,,,,,,,,"9999","99","9","9999","9999","9",,,,,,,,,"976148215","18147119","Lake County","A","+39214575","-106310225","06",,,19.8,6100,1712,227,202,210,164,220,278,287,236,164,234,374,175,106,17,32,45,116469600,2627,1286
"G0800670","2000","US","4","8","Colorado","08","La Plata","067",,,,,"0",,,,,,,,,,,,,"9999","99","9","9999","9999","9",,,,,,,,,"4382649384","20145559","La Plata County","A","+37264973","-107798209","06",,,22.0,15493,28448,1525,1121,1188,1396,1013,1298,1098,917,843,1618,1684,1762,743,368,379,393,726510300,6529,14236
"G0800690","2000","US","4","8","Colorado","08","Larimer","069",,,,,"0",,,,,,,,,,,,,"2670","99","N","9999","9999","9",,,,,,,,,"6737337334","84321662","Larimer County","A","+40534099","-105213007","06",,,13.1,217450,34044,6018,5147,5166,5882,5395,5898,5407,5670,5195,9879,11676,12311,6324,2657,2393,2110,4880136300,88049,17343
"G0800710","2000","US","4","8","Colorado","08","Las Animas","071",,,,,"0",,,,,,,,,,,,,"9999","99","9","9999","9999","9",,,,,,,,,"12361063595","7217966","Las Animas County","A","+37239836","-104384014","06",,,22.3,9341,5866,1050,638,563,520,482,518,345,302,314,400,496,258,110,57,42,60,157465000,4242,3387
"G0800730","2000","US","4","8","Colorado","08","Lincoln","073",,,,,"0",,,,,,,,,,,,,"9999","99","9","9999","9999","9",,,,,,,,,"6697949259","778973","Lincoln County","A","+39104782","-103573496","06",,,40.0,0,6087,222,168,153,171,216,187,133,117,103,193,156,118,68,18,16,17,69632400,0,2406
"G0800750","2000","US","4","8","Colorado","08","Logan","075",,,,,"0",,,,,,,,,,,,,"9999","99","9","9999","9999","9",,,,,,,,,"4761754388","16403444","Logan County","A","+40663118","-103129586","06",,,18.3,12196,8308,905,609,722,651,570,537,440,516,361,604,790,446,168,74,70,77,264655000,5469,2955
"G0800770","2000","US","4","8","Colorado","08","Mesa","077",,,,,"0",,,,,,,,,,,,,"2995","99","N","9999","9999","9",,,,,,,,,"8618821990","34604691","Mesa County","A","+39095228","-108509096","06",,,13.5,98577,17678,4081,3737,3469,3612,3684,3682,3264,2879,2448,4292,4127,3313,1473,495,639,645,1623315800,41169,7258
"G0800790","2000","US","4","8","Colorado","08","Mineral","079",,,,,"0",,,,,,,,,,,,,"9999","99","9","9999","9999","9",,,,,,,,,"2268101177","5143847","Mineral County","A","+37700620","-106920831","06",,,47.2,0,831,34,27,28,38,29,36,33,22,27,25,32,30,8,4,1,7,15544200,0,1119
"G0800810","2000","US","4","8","Colorado","08","Moffat","081",,,,,"0",,,,,,,,,,,,,"9999","99","9","9999","9999","9",,,,,,,,,"12282380220","22502942","Moffat County","A","+40560035","-108135333","06",,,14.7,9552,3632,391,275,333,280,372,397,283,478,272,513,671,596,70,34,12,26,208478600,3934,1701
"G0800830","2000","US","4","8","Colorado","08","Montezuma","083",,,,,"0",,,,,,,,,,,,,"9999","99","9","9999","9999","9",,,,,,,,,"5274855819","8641036","Montezuma County","A","+37353687","-108575842","06",,,19.9,8012,15818,1137,790,650,894,770,750,569,582,477,740,803,513,253,89,102,93,302535400,3478,7019
"G0800850","2000","US","4","8","Colorado","08","Montrose","085",,,,,"0",,,,,,,,,,,,,"9999","99","9","9999","9999","9",,,,,,,,,"5803157628","5080730","Montrose County","A","+38413615","-108151654","06",,,15.7,15676,17756,1271,1166,921,1145,930,1031,829,997,843,1277,959,966,382,77,122,92,419955100,6947,7255
"G0800870","2000","US","4","8","Colorado","08","Morgan","087",,,,,"0",,,,,,,,,,,,,"9999","99","9","9999","9999","9",,,,,,,,,"3329068550","22029704","Morgan County","A","+40264440","-103796035","06",,,20.2,18590,8581,985,595,707,901,841,792,678,685,503,915,871,553,242,88,74,81,325151800,6884,3526
"G0800890","2000","US","4","8","Colorado","08","Otero","089",,,,,"0",,,,,,,,,,,,,"9999","99","9","9999","9999","9",,,,,,,,,"3270782045","17839977","Otero County","A","+38016159","-103702578","06",,,21.1,12656,7655,1142,802,820,676,544,578,534,427,389,614,642,381,199,79,32,43,226483200,5551,3262
"G0800910","2000","US","4","8","Colorado","08","Ouray","091",,,,,"0",,,,,,,,,,,,,"9999","99","9","9999","9999","9",,,,,,,,,"1399806609","4506407","Ouray County","A","+38146914","-107770560","06",,,41.1,0,3742,115,83,99,125,131,79,104,100,74,165,179,132,72,31,40,48,68865800,0,2146
"G0800930","2000","US","4","8","Colorado","08","Park","093",,,,,"0",,,,,,,,,,,,,"9999","99","9","9999","9999","9",,,,,,,,,"5699763631","25897633","Park County","A","+39171091","-105717199","06",,,18.0,0,14523,268,226,204,327,252,386,479,324,280,767,809,849,366,194,90,104,299483700,0,10697
"G0800950","2000","US","4","8","Colorado","08","Phillips","095",,,,,"0",,,,,,,,,,,,,"9999","99","9","9999","9999","9",,,,,,,,,"1780932211","301806","Phillips County","A","+40597517","-102407552","06",,,34.1,0,4480,179,136,206,136,155,132,152,120,88,162,153,72,23,28,34,10,52912700,0,2014
"G0800970","2000","US","4","8","Colorado","08","Pitkin","097",,,,,"0",,,,,,,,,,,,,"9999","99","9","9999","9999","9",,,,,,,,,"2513379920","7273435","Pitkin County","A","+39238843","-106895404","06",,,19.2,7023,7849,274,215,250,307,308,362,341,453,314,609,924,886,474,238,251,616,452926400,4775,5321
"G0800990","2000","US","4","8","Colorado","08","Prowers","099",,,,,"0",,,,,,,,,,,,,"9999","99","9","9999","9999","9",,,,,,,,,"4248570375","10280082","Prowers County","A","+38062234","-102425270","06",,,21.8,8997,5486,704,423,554,440,548,434,357,358,274,389,377,254,100,55,18,40,163621200,3681,2296
"G0801010","2000","US","4","8","Colorado","08","Pueblo","101",,,,,"0",,,,,,,,,,,,,"6560","99","N","9999","9999","9",,,,,,,,,"6186671073","23414372","Pueblo County","A","+38235853","-104623605","06",,,14.3,123405,18067,6569,4598,4731,4557,4167,4313,3309,3334,2718,4692,4537,3931,1394,630,492,646,1799109300,51202,7724
"G0801030","2000","US","4","8","Colorado","08","Rio Blanco","103",,,,,"0",,,,,,,,,,,,,"9999","99","9","9999","9999","9",,,,,,,,,"8342274100","5025582","Rio Blanco County","A","+40010667","-108279602","06",,,30.1,0,5986,182,180,173,156,188,194,152,160,109,289,267,173,54,20,9,14,85298600,0,2855
"G0801050","2000","US","4","8","Colorado","08","Rio Grande","105",,,,,"0",,,,,,,,,,,,,"9999","99","9","9999","9999","9",,,,,,,,,"2361045181","1384108","Rio Grande County","A","+37637139","-106326095","06",,,21.4,4809,7604,618,476,318,407,389,391,326,237,314,423,347,230,47,57,43,75,151374100,1972,4031
"G0801070","2000","US","4","8","Colorado","08","Routt","107",,,,,"0",,,,,,,,,,,,,"9999","99","9","9999","9999","9",,,,,,,,,"6116485842","16647968","Routt County","A","+40461760","-106947912","06",,,19.6,10055,9635,311,333,437,328,373,417,475,509,450,890,1020,1172,515,313,185,252,460752800,6082,5135
"G0801090","2000","US","4","8","Colorado","08","Saguache","109",,,,,"0",,,,,,,,,,,,,"9999","99","9","9999","9999","9",,,,,,,,,"8206210445","4701404","Saguache County","A","+38100481","-106210400","06",,,42.9,0,5917,411,250,261,206,229,180,132,118,82,147,118,104,30,27,4,12,59823400,0,3087
"G0801110","2000","US","4","8","Colorado","08","San Juan","111",,,,,"0",,,,,,,,,,,,,"9999","99","9","9999","9999","9",,,,,,,,,"1003420663","2232833","San Juan County","A","+37809073","-107674865","06",,,41.6,0,558,47,24,17,24,17,43,13,12,6,27,24,3,2,7,3,0,7199000,0,632
"G0801130","2000","US","4","8","Colorado","08","San Miguel","113",,,,,"0",,,,,,,,,,,,,"9999","99","9","9999","9999","9",,,,,,,,,"3332026214","5139921","San Miguel County","A","+38022101","-108372815","06",,,32.2,0,6594,230,134,158,149,152,200,182,207,115,289,318,340,205,56,67,208,182319900,0,5197
"G0801150","2000","US","4","8","Colorado","08","Sedgwick","115",,,,,"0",,,,,,,,,,,,,"9999","99","9","9999","9999","9",,,,,,,,,"1419924040","3530215","Sedgwick County","A","+40906615","-102331149","06",,,46.6,0,2747,117,116,133,131,120,100,106,49,53,82,66,41,16,14,4,13,29607700,0,1387
"G0801170","2000","US","4","8","Colorado","08","Summit","117",,,,,"0",,,,,,,,,,,,,"9999","99","9","9999","9999","9",,,,,,,,,"1575131920","28720803","Summit County","A","+39574638","-106070643","06",,,20.1,17248,6300,296,311,289,480,378,558,484,518,580,968,1165,1270,794,329,355,331,579425600,14535,9666
"G0801190","2000","US","4","8","Colorado","08","Teller","119",,,,,"0",,,,,,,,,,,,,"9999","99","9","9999","9999","9",,,,,,,,,"1442785299","4902515","Teller County","A","+38912363","-105156719","06",,,15.1,8543,12012,299,258,358,533,519,511,500,485,511,785,1064,1130,496,241,167,123,398198200,3431,6931
"G0801210","2000","US","4","8","Colorado","08","Washington","121",,,,,"0",,,,,,,,,,,,,"9999","99","9","9999","9999","9",,,,,,,,,"6529308773","8118861","Washington County","A","+40082191","-103143089","06",,,44.5,0,4926,168,181,163,174,200,193,150,115,107,140,150,121,50,16,29,25,62875800,0,2307
"G0801230","2000","US","4","8","Colorado","08","Weld","123",,,,,"0",,,,,,,,,,,,,"2082","34","N","3060","9999","9",,,,,,,,,"10340389679","75395072","Weld County","A","+40346681","-104728213","06",,,18.5,130060,50876,5384,3761,3808,4479,3771,4476,3865,4023,3440,6271,7207,6714,2733,1256,941,1068,2872781900,47577,18617
"G0801250","2000","US","4","8","Colorado","08","Yuma","125",,,,,"0",,,,,,,,,,,,,"9999","99","9","9999","9999","9",,,,,,,,,"6127373276","8557668","Yuma County","A","+40039416","-102482412","06",,,25.1,3251,6590,472,261,321,318,337,287,296,220,158,396,318,244,70,47,27,34,119899700,1354,2941
"G0900010","2000","US","1","1","Connecticut","09","Fairfield","001",,,,,"0",,,,,,,,,,,,,"####","##","#","####","5483","N",,,,,,,,,"1620819817","546885879","Fairfield County","N","+41212896","-073354820","06",,,13.6,845940,36627,19717,13103,12402,13093,13504,13514,14036,13539,12379,24413,33384,40664,28222,17486,19952,34995,27950774000,326066,13400
"G0900030","2000","US","1","1","Connecticut","09","Hartford","003",,,,,"0",,,,,,,,,,,,,"####","99","#","9999","3283","N",,,,,,,,,"1904779991","39192842","Hartford County","N","+41769967","-072715449","06",,,14.1,810317,46866,26637,17737,16968,17355,18186,18286,17622,17258,14842,29336,39467,44110,24219,11963,10562,10636,17985101500,335565,17457
"G0900050","2000","US","1","1","Connecticut","09","Litchfield","005",,,,,"0",,,,,,,,,,,,,"####","##","#","####","9999","9",,,,,,,,,"2382586770","63848857","Litchfield County","N","+41754255","-073212688","06",,,15.9,102230,79963,3484,3419,2976,3844,3417,3532,3698,3608,3188,6988,9501,10585,6030,2645,2271,2408,4195020900,43266,36001
"G0900070","2000","US","1","1","Connecticut","09","Middlesex","007",,,,,"0",,,,,,,,,,,,,"####","##","#","####","3283","N",,,,,,,,,"956385973","180796624","Middlesex County","N","+41449378","-072539622","06",,,13.2,111621,43450,2710,2673,2544,2780,2769,2931,3026,3222,2562,5835,7955,9634,5870,2967,2211,1599,3597987500,50061,17224
"G0900090","2000","US","1","1","Connecticut","09","New Haven","009",,,,,"0",,,,,,,,,,,,,"####","##","#","####","5483","N",,,,,,,,,"1568595966","664018638","New Haven County","N","+41390764","-072940320","06",,,12.9,789108,34900,27431,18769,17158,17517,16476,17353,16929,16517,14678,28059,36767,41255,21942,11068,8997,8393,16387791800,327857,12875
"G0900110","2000","US","1","1","Connecticut","09","New London","011",,,,,"0",,,,,,,,,,,,,"####","99","#","9999","5523","N",,,,,,,,,"1724711552","273885845","New London County","N","+41446109","-072092949","06",,,14.5,187688,71400,6096,4616,5026,5525,5652,5747,5572,5775,5139,9894,13085,13218,6811,3347,2270,2091,5058376000,81578,29096
"G0900130","2000","US","1","1","Connecticut","09","Tolland","013",,,,,"0",,,,,,,,,,,,,"####","99","#","9999","3283","N",,,,,,,,,"1062078671","17979036","Tolland County","N","+41853064","-072358387","06",,,14.3,84312,52052,2426,2005,1820,2095,2141,2472,2465,2573,2302,4817,6589,8133,4658,2383,1612,953,2945817700,31813,19757
"G0900150","2000","US","1","1","Connecticut","09","Windham","015",,,,,"0",,,,,,,,,,,,,"####","##","#","####","9999","9",,,,,,,,,"1328024634","22567134","Windham County","N","+41834314","-071988008","06",,,15.6,55634,53457,3220,2573,2411,2643,2466,2470,2307,2421,2363,4229,5151,4970,2031,763,658,465,1831461600,22508,21451
"G1000010","2000","US","3","5","Delaware","10","Kent","001",,,,,"0",,,,,,,,,,,,,"2190","99","N","9999","9999","9",,,,,,,,,"1527371028","544921325","Kent County","A","+39092714","-075560273","06",,,16.1,81716,44981,3724,3112,3305,3167,3205,3346,3115,3127,2765,4736,5117,4669,2000,838,636,337,1876345300,33244,17237
"G1000030","2000","US","3","5","Delaware","10","New Castle","003",,,,,"0",,,,,,,,,,,,,"6162","77","N","9160","9999","9",,,,,,,,,"1104023324","174154862","New Castle County","A","+39695612","-075611707","06",,,13.1,472455,27810,11944,7785,8769,9992,10078,10362,10024,10078,9802,18465,22593,26272,14712,7161,6088,4849,10435242800,189427,10094
"G1000050","2000","US","3","5","Delaware","10","Sussex","005",,,,,"0",,,,,,,,,,,,,"9999","99","9","9999","9999","9",,,,,,,,,"2428312916","668395608","Sussex County","A","+38651424","-075342268","06",,,15.4,72874,83764,5457,4387,4221,4444,4583,4787,4037,3796,3838,6304,6448,5027,2350,1084,825,994,2241550600,52123,40947
"G1100010","2000","US","3","5","District Of Columbia","11","District Of Columbia","001",,,,,"9",,,,,,,,,,,,,"8872","97","N","8840","9999","9",,,,,,,,,"159033692","17968995","District of Columbia","F","+38913611","-077013222","14",,,12.6,572059,0,36939,14594,13263,15180,15096,15496,13352,12533,9426,18607,20946,22437,13446,7344,8292,11639,12886744600,274845,0
"G1200010","2000","US","3","5","Florida","12","Alachua","001",,,,,"0",,,,,,,,,,,,,"2900","99","N","9999","9999","9",,,,,,,,,"2264284694","245733880","Alachua County","A","+29676436","-082379953","06",,,13.0,162079,55876,15615,7085,6464,6858,6000,5266,4551,4108,3961,6577,6834,6581,3236,1652,1152,1596,3137860600,71637,23476
"G1200030","2000","US","3","5","Florida","12","Baker","003",,,,,"0",,,,,,,,,,,,,"9999","99","9","9999","9999","9",,,,,,,,,"1515692328","9513894","Baker County","A","+30287517","-082236268","06",,,13.4,8391,13868,768,445,446,512,497,472,393,527,455,840,828,516,218,37,58,63,264655900,2818,4774
"G1200050","2000","US","3","5","Florida","12","Bay","005",,,,,"0",,,,,,,,,,,,,"6015","99","N","9999","9999","9",,,,,,,,,"1977917239","698252537","Bay County","A","+30219170","-085638788","06",,,12.6,132467,15750,6311,4192,4679,4755,4519,4416,3869,4010,3128,5598,5681,4489,1791,807,657,692,2037848200,69218,9217
"G1200070","2000","US","3","5","Florida","12","Bradford","007",,,,,"0",,,,,,,,,,,,,"9999","99","9","9999","9999","9",,,,,,,,,"759210943","17892448","Bradford County","A","+29928876","-082142368","06",,,13.9,9109,16979,1113,645,612,751,628,733,578,482,459,837,784,593,132,74,25,79,277346300,3058,6547
"G1200090","2000","US","3","5","Florida","12","Brevard","009",,,,,"0",,,,,,,,,,,,,"4900","99","N","9999","9999","9",,,,,,,,,"2637097850","1395383121","Brevard County","A","+28220079","-080685189","06",,,13.1,454578,21652,15575,13177,13677,14944,14369,14280,12883,12058,10710,18857,20418,19061,8802,3866,2987,2707,7073548000,212637,9435
"G1200110","2000","US","3","5","Florida","12","Broward","011",,,,,"0",,,,,,,,,,,,,"4992","56","N","2680","9999","9",,,,,,,,,"3121961057","295873464","Broward County","A","+26134788","-080206098","06",,,11.5,1620756,2262,59064,42974,42331,43757,43454,42132,38293,37871,30938,57604,66383,66201,35475,16610,15056,16644,29639437800,739410,1633
"G1200130","2000","US","3","5","Florida","12","Calhoun","013",,,,,"0",,,,,,,,,,,,,"9999","99","9","9999","9999","9",,,,,,,,,"1469328284","18195242","Calhoun County","A","+30428611","-085186786","06",,,16.7,4485,8532,793,446,414,457,333,375,246,217,202,295,321,231,73,35,22,12,119348700,1300,3950
"G1200150","2000","US","3","5","Florida","12","Charlotte","015",,,,,"0",,,,,,,,,,,,,"6580","99","N","9999","9999","9",,,,,,,,,"1796425560","428681612","Charlotte County","A","+26952873","-082131242","06",,,11.9,128324,13303,4956,4577,5115,5494,5157,5284,4493,4236,3682,6016,5794,4473,2055,794,848,944,1547754000,71664,8094
"G1200170","2000","US","3","5","Florida","12","Citrus","017",,,,,"0",,,,,,,,,,,,,"9999","99","9","9999","9999","9",,,,,,,,,"1512062538","490382908","Citrus County","A","+28894637","-082469163","06",,,11.7,68316,49769,5447,4636,4957,5331,4979,4135,3628,3224,2737,4338,3572,2829,1431,408,491,518,1140900100,36573,25631
"G1200190","2000","US","3","5","Florida","12","Clay","019",,,,,"0",,,,,,,,,,,,,"3600","99","N","9999","9999","9",,,,,,,,,"1556861192","110298278","Clay County","A","+30000401","-081823736","06",,,12.5,105702,35112,2354,2095,2454,3105,3201,3286,3218,3169,2851,5861,6583,6433,3100,996,885,774,2376225200,39956,13792
"G1200210","2000","US","3","5","Florida","12","Collier","021",,,,,"0",,,,,,,,,,,,,"5345","99","N","9999","9999","9",,,,,,,,,"5245610020","724123671","Collier County","A","+26155113","-081671313","06",,,11.5,225452,25925,6147,4178,5590,6322,6701,6595,5904,6316,5407,9573,10443,11263,6029,3358,3306,5994,4351978200,132830,11706
"G1200230","2000","US","3","5","Florida","12","Columbia","023",,,,,"0",,,,,,,,,,,,,"9999","99","9","9999","9999","9",,,,,,,,,"2064343146","10346659","Columbia County","A","+30183900","-082638781","06",,,12.6,18208,38305,2536,1953,2093,1803,1781,1678,1334,1204,951,1819,1557,1346,450,215,128,106,612903200,8305,15274
"G1200270","2000","US","3","5","Florida","12","Desoto","027",,,,,"0",,,,,,,,,,,,,"9999","99","9","9999","9999","9",,,,,,,,,"1650512416","5772119","DeSoto County","A","+27201006","-081871967","06",,,11.4,14753,17456,1118,1001,1193,990,940,927,711,643,625,943,693,559,186,70,81,104,286329900,5793,7815
"G1200290","2000","US","3","5","Florida","12","Dixie","029",,,,,"0",,,,,,,,,,,,,"9999","99","9","9999","9999","9",,,,,,,,,"1823390223","413482127","Dixie County","A","+29607261","-083119978","06",,,17.4,3348,10479,913,569,568,479,436,340,331,301,233,397,217,242,88,24,44,43,129893800,1003,6359
"G1200310","2000","US","3","5","Florida","12","Duval","031",,,,,"0",,,,,,,,,,,,,"3600","99","N","9999","9999","9",,,,,,,,,"2003789932","374434073","Duval County","C","+30320873","-081638873","06",,,12.2,749233,29646,28386,17696,18904,21369,21485,21342,19565,19446,16796,28634,32490,28370,13627,5861,4557,5343,13271879600,318424,11354
"G1200330","2000","US","3","5","Florida","12","Escambia","033",,,,,"0",,,,,,,,,,,,,"6080","99","N","9999","9999","9",,,,,,,,,"1715486995","552217280","Escambia County","A","+30502045","-087277355","06",,,12.6,262062,32348,12639,8234,8160,9242,8520,8318,7391,6917,5729,9445,10342,8281,3590,1519,1157,1522,4046786000,109658,14989
"G1200350","2000","US","3","5","Florida","12","Flagler","035",,,,,"0",,,,,,,,,,,,,"2020","99","N","9999","9999","9",,,,,,,,,"1256133782","222134845","Flagler County","A","+29518686","-081247069","06",,,13.5,33602,16230,1384,1233,1479,1753,1662,1478,1583,1360,1129,2140,2376,1841,853,333,411,269,595441000,16563,7889
"G1200370","2000","US","3","5","Florida","12","Franklin","037",,,,,"0",,,,,,,,,,,,,"9999","99","9","9999","9999","9",,,,,,,,,"1409833626","1277222402","Franklin County","A","+29842944","-084789354","06",,,19.4,2974,8083,656,451,384,394,360,252,272,170,157,351,311,149,107,11,42,36,125803800,1488,5692
"G1200390","2000","US","3","5","Florida","12","Gadsden","039",,,,,"0",,,,,,,,,,,,,"8240","99","N","9999","9999","9",,,,,,,,,"1336776162","31996266","Gadsden County","A","+30603309","-084618328","06",,,17.3,15252,29835,2435,1399,1170,1310,1253,1199,989,985,805,1280,1385,993,269,183,99,88,497546200,5633,12070
"G1200410","2000","US","3","5","Florida","12","Gilchrist","041",,,,,"0",,,,,,,,,,,,,"9999","99","9","9999","9999","9",,,,,,,,,"903626096","17043801","Gilchrist County","A","+29709927","-082832899","06",,,18.8,0,14437,610,481,450,447,480,427,288,327,238,419,407,233,81,42,17,54,157121300,0,5906
"G1200430","2000","US","3","5","Florida","12","Glades","043",,,,,"0",,,,,,,,,,,,,"9999","99","9","9999","9999","9",,,,,,,,,"2003731216","551116416","Glades County","A","+26891982","-081168365","06",,,17.4,2790,7786,464,444,333,279,349,342,233,195,183,328,264,231,134,44,26,27,109815700,1063,4727
"G1200450","2000","US","3","5","Florida","12","Gulf","045",,,,,"0",,,,,,,,,,,,,"9999","99","9","9999","9999","9",,,,,,,,,"1436400451","492089137","Gulf County","A","+29940016","-085267756","06",,,20.4,4415,8917,788,374,389,452,436,323,318,314,248,426,405,254,84,37,31,35,135166400,1906,5681
"G1200470","2000","US","3","5","Florida","12","Hamilton","047",,,,,"0",,,,,,,,,,,,,"9999","99","9","9999","9999","9",,,,,,,,,"1333486443","11520856","Hamilton County","A","+30491893","-082948765","06",,,18.8,2485,10842,893,367,407,362,309,245,235,222,200,364,304,146,56,13,3,29,108420400,1125,3841
"G1200490","2000","US","3","5","Florida","12","Hardee","049",,,,,"0",,,,,,,,,,,,,"9999","99","9","9999","9999","9",,,,,,,,,"1650602844","2658258","Hardee County","A","+27538231","-081809106","06",,,17.9,14158,12780,1109,752,663,819,727,642,522,450,420,508,684,517,173,22,64,123,248131400,5193,4627
"G1200510","2000","US","3","5","Florida","12","Hendry","051",,,,,"0",,,,,,,,,,,,,"9999","99","9","9999","9999","9",,,,,,,,,"2985049625","96495484","Hendry County","A","+26696403","-081191622","06",,,15.8,23076,13134,1234,930,1076,776,813,798,768,718,477,973,970,783,260,95,69,114,400466900,8096,4198
"G1200530","2000","US","3","5","Florida","12","Hernando","053",,,,,"0",,,,,,,,,,,,,"8280","99","N","9999","9999","9",,,,,,,,,"1238813491","286903131","Hernando County","A","+28521291","-082481399","06",,,12.2,99574,31228,4388,4832,4905,5450,5510,4666,3957,3602,2811,5063,4693,2911,1142,552,420,554,1291713500,47995,14732
"G1200550","2000","US","3","5","Florida","12","Highlands","055",,,,,"0",,,,,,,,,,,,,"9999","99","9","9999","9999","9",,,,,,,,,"2663204750","202045430","Highlands County","A","+27439711","-081428524","06",,,12.8,58221,29145,4356,3600,3570,3776,3331,3163,2747,2282,1764,2758,2403,1956,792,367,255,385,773536300,31765,17081
"G1200570","2000","US","3","5","Florida","12","Hillsborough","057",,,,,"0",,,,,,,,,,,,,"8280","99","N","9999","9999","9",,,,,,,,,"2721840817","557661120","Hillsborough County","A","+27966349","-082412079","06",,,11.8,943085,55863,35368,24512,24767,27764,27628,26935,25282,22857,20182,35632,39801,36350,18982,8851,7638,8875,17690672600,403718,22244
"G1200590","2000","US","3","5","Florida","12","Holmes","059",,,,,"0",,,,,,,,,,,,,"9999","99","9","9999","9999","9",,,,,,,,,"1249536744","16209761","Holmes County","A","+30853637","-085785748","06",,,18.9,3919,14645,1161,697,724,591,495,558,445,344,383,459,490,334,99,43,42,59,192651900,1149,6849
"G1200610","2000","US","3","5","Florida","12","Indian River","061",,,,,"0",,,,,,,,,,,,,"9999","99","9","9999","9999","9",,,,,,,,,"1303362423","294451401","Indian River County","A","+27695124","-080454056","06",,,13.9,103714,9233,3873,3210,3724,3891,3538,3520,3042,2999,2530,4373,4592,3815,2028,1010,914,2137,1588520900,54035,3867
"G1200630","2000","US","3","5","Florida","12","Jackson","063",,,,,"0",,,,,,,,,,,,,"9999","99","9","9999","9999","9",,,,,,,,,"2371508002","100851072","Jackson County","A","+30769903","-085241124","06",,,18.2,7950,38805,2703,1333,1488,1566,1260,1174,1195,1015,673,1262,1197,957,417,103,119,124,476102200,2882,16608
"G1200650","2000","US","3","5","Florida","12","Jefferson","065",,,,,"0",,,,,,,,,,,,,"9999","99","9","9999","9999","9",,,,,,,,,"1548129422","100780141","Jefferson County","A","+30510187","-083884229","06",,,15.3,0,12902,732,390,392,265,409,271,300,254,254,360,412,325,176,56,18,83,172555500,0,5251
"G1200670","2000","US","3","5","Florida","12","Lafayette","067",,,,,"0",,,,,,,,,,,,,"9999","99","9","9999","9999","9",,,,,,,,,"1405937770","13170086","Lafayette County","A","+30001430","-083183264","06",,,20.1,0,7022,266,233,154,245,159,147,189,90,75,245,152,108,23,14,27,24,68646300,0,2660
"G1200690","2000","US","3","5","Florida","12","Lake","069",,,,,"0",,,,,,,,,,,,,"5960","99","N","9999","9999","9",,,,,,,,,"2468647214","526411252","Lake County","A","+28795924","-081747696","06",,,13.0,146582,63946,7414,6395,6922,7130,7095,6660,6210,5790,5205,7994,8173,7085,2907,1225,1021,1157,2649185900,73145,29685
"G1200710","2000","US","3","5","Florida","12","Lee","071",,,,,"0",,,,,,,,,,,,,"2700","99","N","9999","9999","9",,,,,,,,,"2081393117","1057384871","Lee County","A","+26602541","-081846262","06",,,12.9,389988,50900,13777,11438,12626,14269,14839,13415,13098,12525,10393,17965,18921,15489,7514,3899,3380,5207,6552483000,216654,28751
"G1200730","2000","US","3","5","Florida","12","Leon","073",,,,,"0",,,,,,,,,,,,,"8240","99","N","9999","9999","9",,,,,,,,,"1726848272","90760963","Leon County","A","+30462933","-084260888","06",,,11.1,204857,34595,14143,6317,6428,6944,6058,5701,5009,5322,4471,7946,9101,9168,4486,2024,1675,1898,4095897800,90060,13914
"G1200750","2000","US","3","5","Florida","12","Levy","075",,,,,"0",,,,,,,,,,,,,"9999","99","9","9999","9999","9",,,,,,,,,"2896589908","761301417","Levy County","A","+29330144","-082707810","06",,,18.9,0,34450,2100,1372,1457,1391,1345,1125,737,724,581,955,936,610,308,79,75,91,342702100,0,16570
"G1200770","2000","US","3","5","Florida","12","Liberty","077",,,,,"0",,,,,,,,,,,,,"9999","99","9","9999","9999","9",,,,,,,,,"2164882043","18891526","Liberty County","A","+30285745","-084883242","06",,,20.4,0,7021,358,201,206,185,202,138,141,115,111,118,190,151,45,10,17,39,90747000,0,3156
"G1200790","2000","US","3","5","Florida","12","Madison","079",,,,,"0",,,,,,,,,,,,,"9999","99","9","9999","9999","9",,,,,,,,,"1791740566","62171851","Madison County","A","+30443902","-083425800","06",,,15.9,4276,14457,1406,619,623,488,551,381,462,314,301,493,510,235,100,60,27,65,170030200,1800,6036
"G1200810","2000","US","3","5","Florida","12","Manatee","081",,,,,"0",,,,,,,,,,,,,"7510","99","N","9999","9999","9",,,,,,,,,"1919250962","392948270","Manatee County","A","+27487817","-082549069","06",,,12.0,242587,21415,9062,7923,7759,9312,8522,8095,7455,6613,5969,10358,10883,10076,4471,1935,1808,2215,3747897400,129586,8542
"G1200830","2000","US","3","5","Florida","12","Marion","083",,,,,"0",,,,,,,,,,,,,"5790","99","N","9999","9999","9",,,,,,,,,"4089224040","217955919","Marion County","A","+29142855","-082114602","06",,,12.2,158171,100745,11410,8971,9604,10111,9160,9189,7391,6385,5708,8843,8094,5953,2665,1122,899,1202,2911565300,74452,48211
"G1200850","2000","US","3","5","Florida","12","Martin","085",,,,,"0",,,,,,,,,,,,,"2710","99","N","9999","9999","9",,,,,,,,,"1439037748","510686877","Martin County","A","+27132403","-080255862","06",,,12.6,112771,13960,3515,3552,3629,4188,4028,3502,3431,2840,2905,4463,5541,5314,3093,1461,1547,2370,2088171500,59409,6062
"G1200860","2000","US","3","5","Florida","12","Miami-Dade","086",,,,,"0",,,,,,,,,,,,,"4992","56","N","5000","9999","9",,,,,,,,,"5040281893","1256644967","Miami-Dade County","A","+25756427","-080302264","06",,,11.6,2237388,15974,107901,58409,55140,56509,51980,48853,44982,42300,34498,61726,67807,63132,32258,15995,15222,20666,34176387000,847907,4371
"G1200870","2000","US","3","5","Florida","12","Monroe","087",,,,,"0",,,,,,,,,,,,,"9999","99","9","9999","9999","9",,,,,,,,,"2581997405","7097188635","Monroe County","A","+24777558","-081228495","06",,,11.8,74268,5321,3093,2017,2144,2250,2355,2278,2174,2160,1710,3423,3551,3632,1595,816,766,1142,1496445900,45875,5742
"G1200890","2000","US","3","5","Florida","12","Nassau","089",,,,,"0",,,,,,,,,,,,,"3600","99","N","9999","9999","9",,,,,,,,,"1687510883","192448901","Nassau County","A","+30623401","-081704762","06",,,13.1,28562,29101,1646,1188,1320,1194,1468,1308,1315,1252,1240,2440,2610,2473,1057,417,460,564,995856600,13681,12236
"G1200910","2000","US","3","5","Florida","12","Okaloosa","091",,,,,"0",,,,,,,,,,,,,"2750","99","N","9999","9999","9",,,,,,,,,"2423260572","379107044","Okaloosa County","A","+30642029","-086562467","06",,,12.6,150088,20410,4240,3586,4159,5028,4891,5187,4647,4286,3764,6991,7046,6525,3016,1182,878,947,2585274100,70847,7746
"G1200930","2000","US","3","5","Florida","12","Okeechobee","093",,,,,"0",,,,,,,,,,,,,"9999","99","9","9999","9999","9",,,,,,,,,"2004504057","304661835","Okeechobee County","A","+27325250","-080870875","06",,,11.9,20644,15266,1431,1082,1239,1231,1223,920,801,744,641,931,1076,626,367,95,100,107,372725500,9207,6297
"G1200950","2000","US","3","5","Florida","12","Orange","095",,,,,"0",,,,,,,,,,,,,"5960","99","N","9999","9999","9",,,,,,,,,"2350283150","250554236","Orange County","A","+28547129","-081404159","06",,,11.9,865854,30490,26043,19257,21761,23633,24360,24337,22016,22160,17993,31417,35368,31904,15620,7062,6099,7336,15622886400,349987,11362
"G1200970","2000","US","3","5","Florida","12","Osceola","097",,,,,"0",,,,,,,,,,,,,"5960","99","N","9999","9999","9",,,,,,,,,"3423712812","477727771","Osceola County","A","+28231941","-081319710","06",,,11.5,132113,40380,4458,3761,4719,4825,4796,5058,4161,4458,3873,6183,6090,4713,1926,764,535,646,2361589900,54342,17951
"G1200990","2000","US","3","5","Florida","12","Palm Beach","099",,,,,"0",,,,,,,,,,,,,"8960","99","N","9999","9999","9",,,,,,,,,"5112913099","1067653854","Palm Beach County","A","+26637745","-080176395","06",,,12.3,1112352,18832,36110,27150,28278,31136,30539,29741,27680,26196,22985,42511,47222,47767,27234,13823,14025,21898,20892225900,548557,7871
"G1201010","2000","US","3","5","Florida","12","Pasco","101",,,,,"0",,,,,,,,,,,,,"8280","99","N","9999","9999","9",,,,,,,,,"1929148020","318836906","Pasco County","A","+28276153","-082496887","06",,,11.7,293654,51111,13531,12881,13274,13988,12577,11646,10270,9739,7794,12260,12238,9281,4100,1564,1308,1262,3999964000,152247,21470
"G1201030","2000","US","3","5","Florida","12","Pinellas","103",,,,,"0",,,,,,,,,,,,,"8280","99","N","9999","9999","9",,,,,,,,,"724980947","848878459","Pinellas County","A","+27889647","-082727766","06",,,12.1,920518,964,37779,30287,31407,33678,31982,30194,26369,24512,21909,35563,37402,34478,16023,7478,7313,8825,15155625200,481169,404
"G1201050","2000","US","3","5","Florida","12","Polk","105",,,,,"0",,,,,,,,,,,,,"3980","99","N","9999","9999","9",,,,,,,,,"4854625486","351212963","Polk County","A","+27992436","-081758303","06",,,12.3,386213,97711,18262,13009,14432,15364,15365,14199,12912,11762,10243,17238,17277,14769,5157,2611,2024,2538,6389572700,176372,50004
"G1201070","2000","US","3","5","Florida","12","Putnam","107",,,,,"0",,,,,,,,,,,,,"9999","99","9","9999","9999","9",,,,,,,,,"1869686461","272651326","Putnam County","A","+29597982","-081758508","06",,,16.2,32122,38301,4624,2569,2528,2613,2355,1879,1604,1508,1340,1974,1967,1559,538,259,192,304,727748500,14774,19096
"G1201090","2000","US","3","5","Florida","12","St Johns","109",,,,,"0",,,,,,,,,,,,,"3600","99","N","9999","9999","9",,,,,,,,,"1577327360","550159510","St. Johns County","A","+29881862","-081358139","06",,,11.3,94573,28562,3108,2651,2778,2868,2963,2875,2771,2416,2323,4647,5353,5805,3137,1795,1775,2356,2580214900,45578,12430
"G1201110","2000","US","3","5","Florida","12","St Lucie","111",,,,,"0",,,,,,,,,,,,,"2710","99","N","9999","9999","9",,,,,,,,,"1482625971","299484165","St. Lucie County","A","+27348246","-080360875","06",,,12.6,180990,11705,6960,5378,5803,6139,6118,6368,5602,5029,4105,7120,7491,5578,2277,1012,998,925,2307343900,85185,6077
"G1201130","2000","US","3","5","Florida","12","Santa Rosa","113",,,,,"0",,,,,,,,,,,,,"6080","99","N","9999","9999","9",,,,,,,,,"2633826493","405710830","Santa Rosa County","A","+30614138","-087021807","06",,,12.0,83178,34565,3423,2683,2585,3083,3091,2910,2810,3112,2285,4432,5119,4175,1816,816,682,823,1774908300,35259,13860
"G1201150","2000","US","3","5","Florida","12","Sarasota","115",,,,,"0",,,,,,,,,,,,,"7510","99","N","9999","9999","9",,,,,,,,,"1480309966","397909102","Sarasota County","A","+27164930","-082398881","06",,,11.6,309959,15998,10039,8276,10465,10846,10429,11034,9667,9386,8378,14617,14576,13395,6944,3563,3145,5406,5059117600,175356,7111
"G1201170","2000","US","3","5","Florida","12","Seminole","117",,,,,"0",,,,,,,,,,,,,"5960","99","N","9999","9999","9",,,,,,,,,"798244204","94967916","Seminole County","A","+28709909","-081310831","06",,,12.0,350439,14757,7895,5945,6485,7869,8528,8409,8755,8840,8022,13799,15746,17175,9430,4862,3869,4002,7540524400,141442,5637
"G1201190","2000","US","3","5","Florida","12","Sumter","119",,,,,"0",,,,,,,,,,,,,"9999","99","9","9999","9999","9",,,,,,,,,"1413432149","89572882","Sumter County","A","+28770086","-082075542","06",,,14.4,26361,26984,2207,1984,1656,1938,1894,1653,1726,1298,1056,1688,1399,1364,399,194,103,177,451218200,12767,12428
"G1201210","2000","US","3","5","Florida","12","Suwannee","121",,,,,"0",,,,,,,,,,,,,"9999","99","9","9999","9999","9",,,,,,,,,"1780979161","11028541","Suwannee County","A","+30191684","-082985391","06",,,13.5,6420,28424,2124,1284,1152,1028,1165,1003,904,675,717,1182,980,755,262,94,74,91,368088000,2720,12959
"G1201230","2000","US","3","5","Florida","12","Taylor","123",,,,,"0",,,,,,,,,,,,,"9999","99","9","9999","9999","9",,,,,,,,,"2698539748","492349029","Taylor County","A","+30053738","-083585228","06",,,13.2,6527,12729,1112,781,475,633,576,573,453,364,346,522,538,432,207,70,59,20,214385600,2972,6674
"G1201250","2000","US","3","5","Florida","12","Union","125",,,,,"0",,,,,,,,,,,,,"9999","99","9","9999","9999","9",,,,,,,,,"622336384","24406640","Union County","A","+30028050","-082367222","06",,,21.8,6378,7064,423,203,238,291,310,235,278,168,210,347,304,237,32,37,32,20,128305200,979,2757
"G1201270","2000","US","3","5","Florida","12","Volusia","127",,,,,"0",,,,,,,,,,,,,"2020","99","N","9999","9999","9",,,,,,,,,"2857403499","852587118","Volusia County","A","+29049037","-081138947","06",,,12.3,402110,41233,17264,14126,15040,16023,15146,14143,12735,11298,9775,16793,16139,13165,5655,2480,2417,2522,5732867800,193816,18122
"G1201290","2000","US","3","5","Florida","12","Wakulla","129",,,,,"0",,,,,,,,,,,,,"9999","99","9","9999","9999","9",,,,,,,,,"1571240075","334318736","Wakulla County","A","+30144620","-084366174","06",,,13.1,0,22863,817,513,508,715,781,655,533,556,454,861,852,654,299,147,53,58,331248900,0,9820
"G1201310","2000","US","3","5","Florida","12","Walton","131",,,,,"0",,,,,,,,,,,,,"9999","99","9","9999","9999","9",,,,,,,,,"2739071253","467406411","Walton County","A","+30637995","-086155962","06",,,13.4,8347,32254,1938,1310,1559,1532,1294,1193,1119,999,866,1284,1444,975,425,198,163,267,508921600,6499,22584
"G1201330","2000","US","3","5","Florida","12","Washington","133",,,,,"0",,,,,,,,,,,,,"9999","99","9","9999","9999","9",,,,,,,,,"1502009565","92878415","Washington County","A","+30630591","-085638396","06",,,15.2,3624,17349,1227,791,849,734,648,525,499,433,328,563,617,358,200,87,42,70,228378200,1758,7745
"G1300010","2000","US","3","5","Georgia","13","Appling","001",,,,,"0",,,,,,,,,,,,,"9999","99","9","9999","9999","9",,,,,,,,,"1317027712","9338010","Appling County","A","+31745647","-082319207","06",,,17.2,5211,12208,1104,525,657,543,441,458,377,352,253,515,565,447,192,57,59,49,214024400,2261,5593
"G1300030","2000","US","3","5","Georgia","13","Atkinson","003",,,,,"0",,,,,,,,,,,,,"9999","99","9","9999","9999","9",,,,,,,,,"875528174","15679065","Atkinson County","A","+31301054","-082867921","06",,,31.1,0,7609,546,260,264,241,169,223,179,142,167,163,148,135,41,17,18,16,75508200,0,3171
"G1300050","2000","US","3","5","Georgia","13","Bacon","005",,,,,"0",,,,,,,,,,,,,"9999","99","9","9999","9999","9",,,,,,,,,"738015457","2509334","Bacon County","A","+31553477","-082458418","06",,,13.1,2681,7422,720,466,323,320,272,312,216,153,192,303,307,84,83,30,25,43,115817100,1282,3182
"G1300070","2000","US","3","5","Georgia","13","Baker","007",,,,,"0",,,,,,,,,,,,,"9999","99","9","9999","9999","9",,,,,,,,,"888935400","15408095","Baker County","A","+31335757","-084405081","06",,,23.1,0,4074,281,111,125,127,100,117,101,49,64,162,98,95,39,6,5,28,53468500,0,1740
"G1300090","2000","US","3","5","Georgia","13","Baldwin","009",,,,,"0",,,,,,,,,,,,,"9999","99","9","9999","9999","9",,,,,,,,,"669369760","23444397","Baldwin County","A","+33082610","-083238994","06",,,14.0,29515,15185,2005,1054,1025,1122,1087,1066,898,861,796,1323,1174,1269,391,291,176,244,549342600,10143,7030
"G1300110","2000","US","3","5","Georgia","13","Banks","011",,,,,"0",,,,,,,,,,,,,"9999","99","9","9999","9999","9",,,,,,,,,"605204930","517217","Banks County","A","+34349978","-083513176","06",,,22.7,830,13592,607,342,317,339,350,407,387,434,391,547,510,344,161,85,42,59,209588100,320,5488
"G1300130","2000","US","3","5","Georgia","13","Barrow","013",,,,,"0",,,,,,,,,,,,,"0520","99","N","9999","9999","9",,,,,,,,,"420019739","1734931","Barrow County","A","+33994618","-083721626","06",,,15.4,21654,24490,1289,939,840,755,1108,1094,999,1168,1047,2164,2160,1597,693,271,128,140,731852600,7942,9362
"G1300150","2000","US","3","5","Georgia","13","Bartow","015",,,,,"0",,,,,,,,,,,,,"0520","99","N","9999","9999","9",,,,,,,,,"1189906958","27677917","Bartow County","A","+34212295","-084825869","06",,,14.5,44676,31343,2085,1326,1471,1821,1985,1848,1671,1864,1519,3253,3405,2734,1050,498,345,298,1229545600,16679,12072
"G1300170","2000","US","3","5","Georgia","13","Ben Hill","017",,,,,"0",,,,,,,,,,,,,"9999","99","9","9999","9999","9",,,,,,,,,"652144451","5785209","Ben Hill County","A","+31731859","-083251409","06",,,13.8,11404,6080,1155,745,683,543,524,397,308,328,228,538,467,427,217,80,16,21,196388300,5051,2572
"G1300190","2000","US","3","5","Georgia","13","Berrien","019",,,,,"0",,,,,,,,,,,,,"9999","99","9","9999","9999","9",,,,,,,,,"1171745138","13900427","Berrien County","A","+31233031","-083226392","06",,,20.8,4103,12132,830,670,550,556,521,460,459,419,381,388,463,315,97,24,56,74,210289400,1834,5266
"G1300210","2000","US","3","5","Georgia","13","Bibb","021",,,,,"0",,,,,,,,,,,,,"4680","99","N","9999","9999","9",,,,,,,,,"647399370","13387893","Bibb County","A","+32829689","-083665205","06",,,13.4,131130,22757,8993,5059,4298,4067,3890,3807,3064,3342,2714,4733,5362,5038,2328,1056,672,1209,2288855500,58384,8810
"G1300230","2000","US","3","5","Georgia","13","Bleckley","023",,,,,"0",,,,,,,,,,,,,"9999","99","9","9999","9999","9",,,,,,,,,"563050373","4511008","Bleckley County","A","+32403725","-083335104","06",,,13.8,5532,6134,624,354,388,285,319,325,268,294,135,367,425,317,157,43,36,22,140631100,2292,2574
"G1300250","2000","US","3","5","Georgia","13","Brantley","025",,,,,"0",,,,,,,,,,,,,"9999","99","9","9999","9999","9",,,,,,,,,"1150992836","7810127","Brantley County","A","+31200683","-081997335","06",,,19.0,160,14469,728,457,436,530,532,367,394,380,188,476,518,305,39,66,23,2,160943100,60,6430
"G1300270","2000","US","3","5","Georgia","13","Brooks","027",,,,,"0",,,,,,,,,,,,,"9999","99","9","9999","9999","9",,,,,,,,,"1278473476","10740729","Brooks County","A","+30850636","-083576739","06",,,18.2,4879,11571,1141,602,541,600,480,443,263,415,325,449,402,279,98,45,34,50,180995900,2037,5081
"G1300290","2000","US","3","5","Georgia","13","Bryan","029",,,,,"0",,,,,,,,,,,,,"7520","99","N","9999","9999","9",,,,,,,,,"1144024867","33097452","Bryan County","A","+32050651","-081440858","06",,,15.6,9261,14156,742,498,409,448,463,451,446,440,217,699,1115,1142,471,245,199,104,379253300,3414,5261
"G1300310","2000","US","3","5","Georgia","13","Bulloch","031",,,,,"0",,,,,,,,,,,,,"9999","99","9","9999","9999","9",,,,,,,,,"1766557928","17524610","Bulloch County","A","+32415900","-081781930","06",,,12.5,27162,28821,3961,1811,1456,1674,1643,1181,1282,941,837,1559,1488,1497,696,283,199,249,740668800,10784,11958
"G1300330","2000","US","3","5","Georgia","13","Burke","033",,,,,"0",,,,,,,,,,,,,"9999","99","9","9999","9999","9",,,,,,,,,"2150910202","11700789","Burke County","A","+33054157","-082006464","06",,,14.3,5486,16757,1825,738,607,514,562,527,401,370,373,543,633,488,188,55,57,47,222052700,2246,6596
"G1300350","2000","US","3","5","Georgia","13","Butts","035",,,,,"0",,,,,,,,,,,,,"9999","99","9","9999","9999","9",,,,,,,,,"483324085","8809350","Butts County","A","+33296354","-083959538","06",,,17.0,4411,15111,705,329,413,403,527,425,441,433,409,675,716,519,229,130,66,42,277202800,1830,5550
"G1300370","2000","US","3","5","Georgia","13","Calhoun","037",,,,,"0",,,,,,,,,,,,,"9999","99","9","9999","9999","9",,,,,,,,,"725665602","8777274","Calhoun County","A","+31518459","-084653985","06",,,34.0,0,6320,445,204,151,198,138,146,103,102,86,126,116,92,22,17,8,10,56193200,0,2305
"G1300390","2000","US","3","5","Georgia","13","Camden","039",,,,,"0",,,,,,,,,,,,,"9999","99","9","9999","9999","9",,,,,,,,,"1631466106","395263101","Camden County","A","+30868376","-081654945","06",,,14.3,28020,15644,1171,824,926,861,1035,1146,1083,1230,962,1637,1634,1397,400,210,117,89,629152700,10183,6775
"G1300430","2000","US","3","5","Georgia","13","Candler","043",,,,,"0",,,,,,,,,,,,,"9999","99","9","9999","9999","9",,,,,,,,,"639404362","5017587","Candler County","A","+32407215","-082057541","06",,,13.5,2667,6910,603,415,367,307,207,251,200,122,124,279,224,165,80,18,14,10,89875000,1136,2757
"G1300450","2000","US","3","5","Georgia","13","Carroll","045",,,,,"0",,,,,,,,,,,,,"0520","99","N","9999","9999","9",,,,,,,,,"1292230426","12674729","Carroll County","A","+33604420","-085074706","06",,,15.6,41158,46110,3653,2459,2028,2238,2163,1687,2005,2149,1777,3098,3157,2842,1039,516,326,469,1259758100,16058,18009
"G1300470","2000","US","3","5","Georgia","13","Catoosa","047",,,,,"0",,,,,,,,,,,,,"1560","99","N","9999","9999","9",,,,,,,,,"420162010","1138014","Catoosa County","A","+34925169","-085173765","06",,,11.9,37823,15459,1891,1383,1296,1505,1384,1370,1394,1475,1303,2304,2023,1880,715,266,119,137,794189900,15629,6165
"G1300490","2000","US","3","5","Georgia","13","Charlton","049",,,,,"0",,,,,,,,,,,,,"9999","99","9","9999","9999","9",,,,,,,,,"2022186864","5694136","Charlton County","A","+30782826","-082050932","06",,,20.2,3950,6332,570,290,336,287,293,204,183,192,146,267,272,147,85,17,21,17,106480500,1560,2299
"G1300510","2000","US","3","5","Georgia","13","Chatham","051",,,,,"0",,,,,,,,,,,,,"7520","99","N","9999","9999","9",,,,,,,,,"1134710329","502896640","Chatham County","A","+32047559","-081107165","06",,,12.3,219227,12821,11088,6647,5951,7026,6115,5076,5043,5263,4734,7042,8280,8223,3724,1598,1507,2546,3694553400,94254,5429
"G1300530","2000","US","3","5","Georgia","13","Chattahoochee","053",,,,,"0",,,,,,,,,,,,,"1800","99","N","9999","9999","9",,,,,,,,,"644309946","6212093","Chattahoochee County","A","+32301665","-084776205","06",,,19.0,11703,3179,206,108,180,236,336,299,218,220,204,288,343,201,68,9,8,20,193999400,2022,1294
"G1300550","2000","US","3","5","Georgia","13","Chattooga","055",,,,,"0",,,,,,,,,,,,,"9999","99","9","9999","9999","9",,,,,,,,,"811515241","587717","Chattooga County","A","+34481702","-085354332","06",,,19.1,11143,14327,1284,824,861,899,803,745,636,577,642,834,684,462,201,69,34,35,284264400,4398,6279
"G1300570","2000","US","3","5","Georgia","13","Cherokee","057",,,,,"0",,,,,,,,,,,,,"0520","99","N","9999","9999","9",,,,,,,,,"1097320817","26695297","Cherokee County","A","+34209120","-084484272","06",,,11.9,106079,35824,2060,1382,1541,1980,2137,2324,2559,2722,2435,5133,7367,8054,4653,2029,1915,1271,3131153100,38508,13429
"G1300590","2000","US","3","5","Georgia","13","Clarke","059",,,,,"0",,,,,,,,,,,,,"0500","99","N","9999","9999","9",,,,,,,,,"312847519","1275394","Clarke County","N","+33954747","-083380111","06",,,12.7,92622,8867,8190,3671,3082,3031,2562,2384,2165,1866,1742,2791,2673,2250,1401,724,504,642,1394126500,38606,3520
"G1300610","2000","US","3","5","Georgia","13","Clay","061",,,,,"0",,,,,,,,,,,,,"9999","99","9","9999","9999","9",,,,,,,,,"505586964","56426278","Clay County","A","+31621252","-084992877","06",,,32.4,0,3357,390,163,88,96,102,70,93,47,60,64,65,60,5,9,13,30,39697600,0,1925
"G1300630","2000","US","3","5","Georgia","13","Clayton","063",,,,,"0",,,,,,,,,,,,,"0520","99","N","9999","9999","9",,,,,,,,,"369388178","4293049","Clayton County","A","+33566178","-084365597","06",,,11.8,233596,2921,5031,3286,4934,5867,6280,6335,5781,5963,4880,9444,9934,8566,3143,1196,901,731,3729522600,85355,1106
"G1300650","2000","US","3","5","Georgia","13","Clinch","065",,,,,"0",,,,,,,,,,,,,"9999","99","9","9999","9999","9",,,,,,,,,"2096046195","38551013","Clinch County","A","+30945683","-082716673","06",,,21.8,2876,4002,559,267,209,151,188,217,147,191,88,148,183,67,46,23,22,12,71534600,1209,1628
"G1300670","2000","US","3","5","Georgia","13","Cobb","067",,,,,"0",,,,,,,,,,,,,"0520","99","N","9999","9999","9",,,,,,,,,"880984209","11292420","Cobb County","A","+33935535","-084559283","06",,,11.5,604762,2989,10036,6652,7739,9950,11221,12387,11692,12889,11024,23427,28112,33874,20060,11043,9182,8302,14953810400,236387,1135
"G1300690","2000","US","3","5","Georgia","13","Coffee","069",,,,,"0",,,,,,,,,,,,,"9999","99","9","9999","9999","9",,,,,,,,,"1551133471","9626248","Coffee County","A","+31537784","-082839769","06",,,16.8,12371,25042,1980,1013,1193,1177,1171,906,942,753,617,1127,983,752,309,122,121,189,482867900,5484,10126
"G1300710","2000","US","3","5","Georgia","13","Colquitt","071",,,,,"0",,,,,,,,,,,,,"9999","99","9","9999","9999","9",,,,,,,,,"1430367856","11086913","Colquitt County","A","+31185419","-083779654","06",,,16.1,15335,26718,2606,1581,1350,1296,1318,948,937,854,758,1102,1230,826,306,154,94,140,478296400,7037,10517
"G1300730","2000","US","3","5","Georgia","13","Columbia","073",,,,,"0",,,,,,,,,,,,,"0600","99","N","9999","9999","9",,,,,,,,,"751134157","46005514","Columbia County","A","+33512018","-082174583","06",,,13.6,65864,23424,1332,1173,1121,1422,1697,1588,1710,1711,1661,3450,4466,4769,2222,1184,893,713,1767930200,24133,9188
"G1300750","2000","US","3","5","Georgia","13","Cook","075",,,,,"0",,,,,,,,,,,,,"9999","99","9","9999","9999","9",,,,,,,,,"593153947","10886080","Cook County","A","+31154793","-083429366","06",,,21.9,6474,9297,991,501,601,596,511,406,383,395,167,464,368,311,127,29,28,21,167999500,2666,3892
"G1300770","2000","US","3","5","Georgia","13","Coweta","077",,,,,"0",,,,,,,,,,,,,"0520","99","N","9999","9999","9",,,,,,,,,"1146372957","8704774","Coweta County","A","+33355881","-084752167","06",,,14.5,48569,40646,2183,1150,1402,1515,1564,1670,1567,1667,1839,3491,4358,4590,2204,849,755,625,1665554800,18121,15061
"G1300790","2000","US","3","5","Georgia","13","Crawford","079",,,,,"0",,,,,,,,,,,,,"9999","99","9","9999","9999","9",,,,,,,,,"841764778","3743382","Crawford County","A","+32709958","-083977831","06",,,16.4,0,12495,649,239,304,254,340,247,361,352,323,409,425,315,139,42,34,33,157497900,0,4872
"G1300810","2000","US","3","5","Georgia","13","Crisp","081",,,,,"0",,,,,,,,,,,,,"9999","99","9","9999","9999","9",,,,,,,,,"709186204","19108995","Crisp County","A","+31935851","-083767514","06",,,13.3,12910,9086,1850,887,668,617,500,521,455,354,380,468,652,535,250,79,69,61,252641100,5335,4224
"G1300830","2000","US","3","5","Georgia","13","Dade","083",,,,,"0",,,,,,,,,,,,,"1560","99","N","9999","9999","9",,,,,,,,,"450600975","469902","Dade County","A","+34863615","-085501646","06",,,16.5,3059,12095,644,458,420,478,409,377,473,322,347,544,469,458,71,44,53,60,201764400,1103,5121
"G1300850","2000","US","3","5","Georgia","13","Dawson","085",,,,,"0",,,,,,,,,,,,,"9999","99","9","9999","9999","9",,,,,,,,,"546583978","7502633","Dawson County","A","+34422163","-084126625","06",,,13.6,0,15999,386,261,345,344,421,292,457,346,302,826,592,794,334,149,120,101,299019800,0,7163
"G1300870","2000","US","3","5","Georgia","13","Decatur","087",,,,,"0",,,,,,,,,,,,,"9999","99","9","9999","9999","9",,,,,,,,,"1545700986","68275469","Decatur County","A","+30884222","-084570363","06",,,16.7,11874,16366,1688,1174,877,894,741,773,584,557,450,748,842,531,279,82,91,98,321093500,5289,6679
"G1300890","2000","US","3","5","Georgia","13","DeKalb","089",,,,,"0",,,,,,,,,,,,,"0520","99","N","9999","9999","9",,,,,,,,,"694649134","6998847","DeKalb County","A","+33790944","-084257680","06",,,11.7,663192,2673,16129,9828,11831,14065,15028,15686,15665,14858,13706,24758,29511,29666,15890,8226,7558,6986,13753592600,260174,1057
"G1300910","2000","US","3","5","Georgia","13","Dodge","091",,,,,"0",,,,,,,,,,,,,"9999","99","9","9999","9999","9",,,,,,,,,"1295735235","7465229","Dodge County","A","+32180813","-083166914","06",,,18.2,5581,13590,1187,766,654,656,489,478,557,347,262,506,373,496,116,50,97,45,213621200,2403,5783
"G1300930","2000","US","3","5","Georgia","13","Dooly","093",,,,,"0",,,,,,,,,,,,,"9999","99","9","9999","9999","9",,,,,,,,,"1017551127","10849212","Dooly County","A","+32160150","-083793948","06",,,23.5,2688,8837,724,369,351,345,288,216,243,181,196,314,294,201,51,33,52,39,125904500,1021,3478
"G1300950","2000","US","3","5","Georgia","13","Dougherty","095",,,,,"0",,,,,,,,,,,,,"0120","99","N","9999","9999","9",,,,,,,,,"853658496","13051563","Dougherty County","A","+31572874","-084163206","06",,,12.2,83139,12926,6467,2713,3006,2662,2477,2031,2326,2034,1427,2724,2668,2440,1171,444,452,566,1211301200,34546,5110
"G1300970","2000","US","3","5","Georgia","13","Douglas","097",,,,,"0",,,,,,,,,,,,,"0520","99","N","9999","9999","9",,,,,,,,,"516182640","2476542","Douglas County","A","+33736475","-084731971","06",,,11.9,73665,18509,1783,1377,1482,1560,1745,2220,2270,2050,1899,3757,4227,4648,2086,793,472,510,1700514100,28019,6806
"G1300990","2000","US","3","5","Georgia","13","Early","099",,,,,"0",,,,,,,,,,,,,"9999","99","9","9999","9999","9",,,,,,,,,"1324085913","13048671","Early County","A","+31311249","-084936136","06",,,16.5,4610,7744,943,552,526,287,309,325,291,212,109,306,291,275,149,47,27,54,141652000,1796,3542
"G1301010","2000","US","3","5","Georgia","13","Echols","101",,,,,"0",,,,,,,,,,,,,"9999","99","9","9999","9999","9",,,,,,,,,"1046682366","43180835","Echols County","A","+30706915","-082937455","06",,,15.1,0,3754,168,170,117,141,122,70,47,84,17,84,131,40,24,7,14,22,50329400,0,1482
"G1301030","2000","US","3","5","Georgia","13","Effingham","103",,,,,"0",,,,,,,,,,,,,"7520","99","N","9999","9999","9",,,,,,,,,"1241677488","8817701","Effingham County","A","+32340699","-081329476","06",,,13.9,8571,28964,961,612,726,865,772,750,867,745,883,1364,1885,1537,548,330,168,115,586023000,3331,10838
"G1301050","2000","US","3","5","Georgia","13","Elbert","105",,,,,"0",,,,,,,,,,,,,"9999","99","9","9999","9999","9",,,,,,,,,"955071595","14971054","Elbert County","A","+34129674","-082874725","06",,,15.3,6428,14083,1221,985,669,663,601,622,529,505,374,652,513,389,168,34,48,55,237545500,2918,6218
"G1301070","2000","US","3","5","Georgia","13","Emanuel","107",,,,,"0",,,,,,,,,,,,,"9999","99","9","9999","9999","9",,,,,,,,,"1776185016","11754659","Emanuel County","A","+32591877","-082295417","06",,,19.8,6540,15297,1792,948,728,612,526,514,504,366,273,391,549,486,158,78,28,87,218583900,2882,6537
"G1301090","2000","US","3","5","Georgia","13","Evans","109",,,,,"0",,,,,,,,,,,,,"9999","99","9","9999","9999","9",,,,,,,,,"478943937","5072138","Evans County","A","+32161606","-081907769","06",,,23.6,4037,6458,786,377,384,313,319,294,256,171,140,197,283,155,46,15,27,20,104320000,1551,2830
"G1301110","2000","US","3","5","Georgia","13","Fannin","111",,,,,"0",,,,,,,,,,,,,"9999","99","9","9999","9999","9",,,,,,,,,"999062000","14734795","Fannin County","A","+34886639","-084304223","06",,,20.5,0,19798,1101,835,744,743,672,727,574,606,411,761,440,419,169,39,82,55,216429800,0,11134
"G1301130","2000","US","3","5","Georgia","13","Fayette","113",,,,,"0",,,,,,,,,,,,,"0520","99","N","9999","9999","9",,,,,,,,,"510355880","5697102","Fayette County","A","+33428956","-084505305","06",,,12.2,71313,19950,897,611,850,994,1082,1239,1245,1380,1549,2604,4288,5675,3663,2032,2025,1357,2245873100,25792,6934
"G1301150","2000","US","3","5","Georgia","13","Floyd","115",,,,,"0",,,,,,,,,,,,,"9999","99","9","9999","9999","9",,,,,,,,,"1329001018","13808242","Floyd County","A","+34254872","-085198384","06",,,12.1,59041,31524,4092,2411,2546,2500,2807,2381,2100,2214,1814,3165,2944,2583,1207,451,348,467,1241103600,23851,12764
"G1301170","2000","US","3","5","Georgia","13","Forsyth","117",,,,,"0",,,,,,,,,,,,,"0520","99","N","9999","9999","9",,,,,,,,,"584807414","55876126","Forsyth County","A","+34210436","-084121129","06",,,11.1,64833,33574,1494,997,1127,1164,1328,1347,1359,1486,1440,2958,4396,6081,3676,2148,1962,1640,2541908600,23470,13035
"G1301190","2000","US","3","5","Georgia","13","Franklin","119",,,,,"0",,,,,,,,,,,,,"9999","99","9","9999","9999","9",,,,,,,,,"681929947","7955593","Franklin County","A","+34378007","-083176830","06",,,19.6,2193,18092,1080,649,646,667,621,651,488,466,595,715,614,368,125,62,42,102,247011400,861,8442
"G1301210","2000","US","3","5","Georgia","13","Fulton","121",,,,,"0",,,,,,,,,,,,,"0520","99","N","9999","9999","9",,,,,,,,,"1369218041","15421403","Fulton County","A","+33779605","-084419327","06",,,11.6,799126,16880,36099,16923,17269,17869,17637,17588,16004,14722,12977,24348,28613,32031,21837,12626,13889,20834,20777643500,342260,6372
"G1301230","2000","US","3","5","Georgia","13","Gilmer","123",,,,,"0",,,,,,,,,,,,,"9999","99","9","9999","9999","9",,,,,,,,,"1105114210","13322355","Gilmer County","A","+34680909","-084462723","06",,,19.2,3418,20038,1075,562,763,698,735,667,781,541,464,886,795,563,230,131,64,92,302234300,1331,10593
"G1301250","2000","US","3","5","Georgia","13","Glascock","125",,,,,"0",,,,,,,,,,,,,"9999","99","9","9999","9999","9",,,,,,,,,"373322474","804001","Glascock County","A","+33230816","-082599894","06",,,28.2,0,2556,193,88,91,72,66,70,103,23,59,79,71,60,24,11,3,0,29297800,0,1192
"G1301270","2000","US","3","5","Georgia","13","Glynn","127",,,,,"0",,,,,,,,,,,,,"9999","99","9","9999","9999","9",,,,,,,,,"1093928025","421657505","Glynn County","A","+31187633","-081496294","06",,,11.1,51846,15722,2964,2000,2090,1847,1781,1754,1481,1427,1284,2272,2730,2590,1441,556,480,551,1073287000,24957,7679
"G1301290","2000","US","3","5","Georgia","13","Gordon","129",,,,,"0",,,,,,,,,,,,,"9999","99","9","9999","9999","9",,,,,,,,,"920832558","6417197","Gordon County","A","+34498813","-084903478","06",,,15.2,15072,29032,1400,1142,1197,1231,1240,1059,1017,1204,916,1642,1830,1252,481,185,180,175,657247600,6087,11058
"G1301310","2000","US","3","5","Georgia","13","Grady","131",,,,,"0",,,,,,,,,,,,,"9999","99","9","9999","9999","9",,,,,,,,,"1186536922","5741618","Grady County","A","+30878254","-084230092","06",,,14.6,9007,14652,1622,765,792,775,583,578,629,496,413,568,648,570,181,72,67,58,259488600,3772,6219
"G1301330","2000","US","3","5","Georgia","13","Greene","133",,,,,"0",,,,,,,,,,,,,"9999","99","9","9999","9999","9",,,,,,,,,"1005631089","46519241","Greene County","A","+33562299","-083157643","06",,,23.0,2631,11775,886,455,405,384,300,403,309,247,231,414,428,300,279,81,82,288,233221800,1065,5588
"G1301350","2000","US","3","5","Georgia","13","Gwinnett","135",,,,,"0",,,,,,,,,,,,,"0520","99","N","9999","9999","9",,,,,,,,,"1120765173","10330244","Gwinnett County","A","+33967056","-084058446","06",,,11.5,573448,15000,6569,4914,5828,8397,8924,10458,11173,11896,10502,21339,28377,34129,18700,9036,7168,5157,13359519700,204396,5286
"G1301370","2000","US","3","5","Georgia","13","Habersham","137",,,,,"0",,,,,,,,,,,,,"9999","99","9","9999","9999","9",,,,,,,,,"720457202","2655014","Habersham County","A","+34570250","-083535083","06",,,19.2,12615,23287,1351,1026,1046,1012,1123,866,855,924,772,1391,1136,944,389,186,125,170,486095400,4555,10079
"G1301390","2000","US","3","5","Georgia","13","Hall","139",,,,,"0",,,,,,,,,,,,,"9999","99","9","9999","9999","9",,,,,,,,,"1019569684","92027130","Hall County","A","+34296799","-083842959","06",,,12.8,93269,46008,3901,2307,2665,2716,2909,3352,2903,2991,2729,4962,5372,5384,2438,906,803,1053,2286603200,33601,17445
"G1301410","2000","US","3","5","Georgia","13","Hancock","141",,,,,"0",,,,,,,,,,,,,"9999","99","9","9999","9999","9",,,,,,,,,"1225799782","14187039","Hancock County","A","+33260235","-083006476","06",,,18.3,3970,6106,771,363,348,299,216,219,228,105,71,266,138,139,44,2,19,18,74175200,1210,3077
"G1301430","2000","US","3","5","Georgia","13","Haralson","143",,,,,"0",,,,,,,,,,,,,"9999","99","9","9999","9999","9",,,,,,,,,"730665981","2722186","Haralson County","A","+33761217","-085196688","06",,,17.3,4370,21320,1361,966,691,819,778,683,674,593,483,813,906,584,244,76,68,86,317986600,1846,8873
"G1301450","2000","US","3","5","Georgia","13","Harris","145",,,,,"0",,,,,,,,,,,,,"1800","99","N","9999","9999","9",,,,,,,,,"1200957325","23935358","Harris County","A","+32736893","-084896839","06",,,15.7,685,23010,700,455,480,525,417,400,484,644,503,943,899,1156,667,297,171,117,426151100,293,9995
"G1301470","2000","US","3","5","Georgia","13","Hart","147",,,,,"0",,,,,,,,,,,,,"9999","99","9","9999","9999","9",,,,,,,,,"601418422","62702783","Hart County","A","+34360857","-082968511","06",,,13.2,5594,17403,1239,784,711,741,669,694,498,496,496,804,810,711,178,132,60,74,283525300,2625,8486
"G1301490","2000","US","3","5","Georgia","13","Heard","149",,,,,"0",,,,,,,,,,,,,"9999","99","9","9999","9999","9",,,,,,,,,"766707720","13098708","Heard County","A","+33308636","-085118515","06",,,22.9,0,11012,530,295,380,257,321,298,263,298,215,352,464,214,92,18,23,29,137783600,0,4512
"G1301510","2000","US","3","5","Georgia","13","Henry","151",,,,,"0",,,,,,,,,,,,,"0520","99","N","9999","9999","9",,,,,,,,,"835819604","4575051","Henry County","A","+33470734","-084183775","06",,,11.3,86020,33321,1639,898,1228,1862,1887,2196,2371,2489,2380,4837,6584,7008,3072,1362,864,655,2382433900,31408,11758
"G1301530","2000","US","3","5","Georgia","13","Houston","153",,,,,"0",,,,,,,,,,,,,"4680","99","N","9999","9999","9",,,,,,,,,"975779569","7966959","Houston County","A","+32558055","-083663234","06",,,13.3,94029,16736,3155,2112,2190,2847,2672,2830,2691,2591,2327,4566,4823,4664,1806,849,573,263,1744854700,38168,6341
"G1301550","2000","US","3","5","Georgia","13","Irwin","155",,,,,"0",,,,,,,,,,,,,"9999","99","9","9999","9999","9",,,,,,,,,"924128425","15329022","Irwin County","A","+31608582","-083284078","06",,,17.9,3140,6791,625,281,278,337,307,304,192,242,159,282,261,243,68,48,32,32,122133200,1231,2918
"G1301570","2000","US","3","5","Georgia","13","Jackson","157",,,,,"0",,,,,,,,,,,,,"9999","99","9","9999","9999","9",,,,,,,,,"886713334","1644714","Jackson County","A","+34146502","-083555602","06",,,20.9,4989,36600,1623,1013,1008,1012,1031,878,871,928,884,1550,1718,1328,584,205,227,169,624434600,2099,14127
"G1301590","2000","US","3","5","Georgia","13","Jasper","159",,,,,"0",,,,,,,,,,,,,"9999","99","9","9999","9999","9",,,,,,,,,"959391323","8180918","Jasper County","A","+33341969","-083697866","06",,,16.1,0,11426,483,207,257,276,233,257,382,271,222,512,469,343,113,48,40,63,154592200,0,4806
"G1301610","2000","US","3","5","Georgia","13","Jeff Davis","161",,,,,"0",,,,,,,,,,,,,"9999","99","9","9999","9999","9",,,,,,,,,"863463103","5279133","Jeff Davis County","A","+31830567","-082619624","06",,,13.0,3927,8757,836,499,413,479,450,324,327,245,204,281,372,176,113,52,42,31,143837400,1882,3699
"G1301630","2000","US","3","5","Georgia","13","Jefferson","163",,,,,"0",,,,,,,,,,,,,"9999","99","9","9999","9999","9",,,,,,,,,"1366607272","4943795","Jefferson County","A","+33054128","-082415148","06",,,15.1,3199,14067,1272,661,653,449,567,380,359,310,358,498,319,229,76,48,43,80,169826500,1374,5847
"G1301650","2000","US","3","5","Georgia","13","Jenkins","165",,,,,"0",,,,,,,,,,,,,"9999","99","9","9999","9999","9",,,,,,,,,"905996073","6843779","Jenkins County","A","+32795782","-081968659","06",,,13.0,3090,5485,697,330,353,277,230,179,126,158,137,180,201,187,104,9,9,34,87767600,1389,2518
"G1301670","2000","US","3","5","Georgia","13","Johnson","167",,,,,"0",,,,,,,,,,,,,"9999","99","9","9999","9999","9",,,,,,,,,"788037039","5842063","Johnson County","A","+32690626","-082653800","06",,,19.8,0,8560,741,301,283,292,212,147,159,113,140,286,139,205,46,9,29,15,79722100,0,3634
"G1301690","2000","US","3","5","Georgia","13","Jones","169",,,,,"0",,,,,,,,,,,,,"4680","99","N","9999","9999","9",,,,,,,,,"1019799727","4254244","Jones County","A","+32987856","-083539745","06",,,16.8,4342,19297,798,538,440,519,564,452,533,628,525,1052,865,983,358,184,120,90,371938300,1814,7458
"G1301710","2000","US","3","5","Georgia","13","Lamar","171",,,,,"0",,,,,,,,,,,,,"9999","99","9","9999","9999","9",,,,,,,,,"478683917","2515258","Lamar County","A","+33077540","-084157856","06",,,16.8,6823,9089,633,406,293,425,419,481,356,478,329,546,548,406,165,85,33,65,205328800,2641,3504
"G1301730","2000","US","3","5","Georgia","13","Lanier","173",,,,,"0",,,,,,,,,,,,,"9999","99","9","9999","9999","9",,,,,,,,,"483873307","33685063","Lanier County","A","+31032253","-083064864","06",,,17.6,431,6810,442,185,188,257,265,228,145,164,76,229,198,160,34,10,15,13,81940700,147,2864
"G1301750","2000","US","3","5","Georgia","13","Laurens","175",,,,,"0",,,,,,,,,,,,,"9999","99","9","9999","9999","9",,,,,,,,,"2103767864","16155787","Laurens County","A","+32498107","-082925022","06",,,17.6,19241,25633,2593,1611,1235,1330,1271,1114,1108,955,824,1464,1275,1254,491,197,141,235,587424300,8359,11328
"G1301770","2000","US","3","5","Georgia","13","Lee","177",,,,,"0",,,,,,,,,,,,,"0120","99","N","9999","9999","9",,,,,,,,,"921438960","16160130","Lee County","A","+31745706","-084178609","06",,,14.1,12472,12285,552,340,343,445,535,403,504,584,497,882,1020,1098,517,202,193,104,423945500,4541,4272
"G1301790","2000","US","3","5","Georgia","13","Liberty","179",,,,,"0",,,,,,,,,,,,,"9999","99","9","9999","9999","9",,,,,,,,,"1344337505","216174828","Liberty County","A","+31809525","-081538796","06",,,15.8,49376,12234,2115,1144,1479,1741,1906,1806,1534,1296,1118,1751,1647,1064,498,163,114,58,730876800,16584,5393
"G1301810","2000","US","3","5","Georgia","13","Lincoln","181",,,,,"0",,,,,,,,,,,,,"9999","99","9","9999","9999","9",,,,,,,,,"546731047","119627466","Lincoln County","A","+33798883","-082456007","06",,,21.0,0,8348,469,215,343,239,281,204,240,150,129,364,274,174,112,25,22,6,97966100,0,4514
"G1301830","2000","US","3","5","Georgia","13","Long","183",,,,,"0",,,,,,,,,,,,,"9999","99","9","9999","9999","9",,,,,,,,,"1038375404","6668719","Long County","A","+31764099","-081763179","06",,,20.2,1052,9252,428,335,332,332,309,328,301,246,151,331,225,177,43,16,9,13,111681500,437,3795
"G1301850","2000","US","3","5","Georgia","13","Lowndes","185",,,,,"0",,,,,,,,,,,,,"9999","99","9","9999","9999","9",,,,,,,,,"1305927264","16602714","Lowndes County","A","+30848527","-083277179","06",,,14.9,62572,29543,4738,2620,2653,2551,2476,2305,1611,1973,1846,2538,2831,2368,950,414,413,373,1263434600,24685,11866
"G1301870","2000","US","3","5","Georgia","13","Lumpkin","187",,,,,"0",,,,,,,,,,,,,"9999","99","9","9999","9999","9",,,,,,,,,"736771861","1031831","Lumpkin County","A","+34541761","-083992360","06",,,12.6,2978,18038,823,534,495,558,532,449,446,472,332,871,871,559,278,165,75,72,302464200,952,7311
"G1301890","2000","US","3","5","Georgia","13","McDuffie","189",,,,,"0",,,,,,,,,,,,,"0600","99","N","9999","9999","9",,,,,,,,,"672808402","16899120","McDuffie County","A","+33466930","-082477337","06",,,14.6,8038,13193,1308,584,665,627,548,528,549,387,406,694,597,562,258,72,65,130,309450000,3434,5482
"G1301910","2000","US","3","5","Georgia","13","McIntosh","191",,,,,"0",,,,,,,,,,,,,"9999","99","9","9999","9999","9",,,,,,,,,"1122627946","365385033","McIntosh County","A","+31472512","-081408986","06",,,20.5,2870,7977,604,368,417,355,348,318,350,228,214,283,341,226,75,33,15,23,112581000,1343,4392
"G1301930","2000","US","3","5","Georgia","13","Macon","193",,,,,"0",,,,,,,,,,,,,"9999","99","9","9999","9999","9",,,,,,,,,"1044500275","6906037","Macon County","A","+32350146","-084047114","06",,,20.1,5929,8145,963,517,473,537,362,201,176,309,238,334,269,294,56,41,31,12,128604800,2215,3280
"G1301950","2000","US","3","5","Georgia","13","Madison","195",,,,,"0",,,,,,,,,,,,,"0500","99","N","9999","9999","9",,,,,,,,,"735244939","4382980","Madison County","A","+34109553","-083216992","06",,,19.9,1025,24705,1024,609,815,877,677,693,698,636,626,855,998,878,236,73,59,68,352542700,382,10138
"G1301970","2000","US","3","5","Georgia","13","Marion","197",,,,,"0",,,,,,,,,,,,,"9999","99","9","9999","9999","9",,,,,,,,,"950523954","1279491","Marion County","A","+32369162","-084537079","06",,,23.1,0,7144,511,231,218,190,226,188,165,158,145,204,170,173,69,8,6,23,78825100,0,3130
"G1301990","2000","US","3","5","Georgia","13","Meriwether","199",,,,,"0",,,,,,,,,,,,,"9999","99","9","9999","9999","9",,,,,,,,,"1303494988","5335045","Meriwether County","A","+33002625","-084652379","06",,,20.6,3855,18679,1286,727,627,569,664,611,493,496,419,623,724,638,192,77,49,94,260902700,1725,7486
"G1302010","2000","US","3","5","Georgia","13","Miller","201",,,,,"0",,,,,,,,,,,,,"9999","99","9","9999","9999","9",,,,,,,,,"733086780","1748419","Miller County","A","+31166180","-084733801","06",,,16.7,0,6383,388,312,246,174,266,160,148,109,81,124,191,148,54,42,22,16,79072600,0,2770
"G1302050","2000","US","3","5","Georgia","13","Mitchell","205",,,,,"0",,,,,,,,,,,,,"9999","99","9","9999","9999","9",,,,,,,,,"1325963353","4792956","Mitchell County","A","+31207160","-084171566","06",,,15.7,11194,12738,1536,787,803,648,617,550,411,424,387,517,533,448,155,82,72,70,241201100,3712,5168
"G1302070","2000","US","3","5","Georgia","13","Monroe","207",,,,,"0",,,,,,,,,,,,,"9999","99","9","9999","9999","9",,,,,,,,,"1024675743","5612119","Monroe County","A","+33032414","-083919346","06",,,13.3,5471,16286,698,461,441,480,484,428,484,437,434,677,1055,843,419,180,110,92,352836000,2055,6370
"G1302090","2000","US","3","5","Georgia","13","Montgomery","209",,,,,"0",,,,,,,,,,,,,"9999","99","9","9999","9999","9",,,,,,,,,"635389441","5154042","Montgomery County","A","+32181044","-082524801","06",,,30.7,141,8129,505,242,210,251,254,166,201,186,169,266,173,152,98,27,28,19,93234900,50,3442
"G1302110","2000","US","3","5","Georgia","13","Morgan","211",,,,,"0",,,,,,,,,,,,,"9999","99","9","9999","9999","9",,,,,,,,,"905550810","12854379","Morgan County","A","+33592970","-083492962","06",,,18.7,3530,11927,519,409,353,340,371,390,388,301,256,590,599,518,259,60,105,121,238261600,1481,4647
"G1302130","2000","US","3","5","Georgia","13","Murray","213",,,,,"0",,,,,,,,,,,,,"9999","99","9","9999","9999","9",,,,,,,,,"892021622","6392459","Murray County","A","+34776038","-084772091","06",,,13.5,9644,26862,1353,1075,755,1000,1117,863,998,978,901,1432,1255,982,273,95,75,153,503345100,3777,10543
"G1302150","2000","US","3","5","Georgia","13","Muscogee","215",,,,,"0",,,,,,,,,,,,,"1800","99","N","9999","9999","9",,,,,,,,,"560106351","12273208","Muscogee County","N","+32490061","-084942179","06",,,13.2,181567,4724,8564,5314,5253,5538,5384,5003,4126,4383,3366,5696,6513,5081,2632,1066,710,1158,2607598100,74468,1714
"G1302170","2000","US","3","5","Georgia","13","Newton","217",,,,,"0",,,,,,,,,,,,,"0520","99","N","9999","9999","9",,,,,,,,,"715958451","7142945","Newton County","A","+33569094","-083859105","06",,,13.0,34531,27470,1681,848,1231,1246,1301,1487,1656,1577,1318,2417,2840,2356,1011,453,259,308,1008992000,13013,10020
"G1302190","2000","US","3","5","Georgia","13","Oconee","219",,,,,"0",,,,,,,,,,,,,"0500","99","N","9999","9999","9",,,,,,,,,"480973488","1133955","Oconee County","A","+33873241","-083446948","06",,,17.8,13035,13190,445,316,407,482,452,524,464,517,430,930,1073,1302,677,341,360,321,541261700,4642,4886
"G1302210","2000","US","3","5","Georgia","13","Oglethorpe","221",,,,,"0",,,,,,,,,,,,,"9999","99","9","9999","9999","9",,,,,,,,,"1142472771","2742852","Oglethorpe County","A","+33877055","-083111487","06",,,18.8,15,12620,585,355,348,410,315,377,388,325,282,375,442,396,115,55,67,50,178012400,8,5360
"G1302230","2000","US","3","5","Georgia","13","Paulding","223",,,,,"0",,,,,,,,,,,,,"0520","99","N","9999","9999","9",,,,,,,,,"811780741","4233552","Paulding County","A","+33902776","-084831116","06",,,12.6,49050,32628,1255,1037,1183,1179,1484,1601,1681,1939,1735,3580,4643,4369,1525,413,302,233,1470568000,17197,12077
"G1302250","2000","US","3","5","Georgia","13","Peach","225",,,,,"0",,,,,,,,,,,,,"4680","99","N","9999","9999","9",,,,,,,,,"391239596","1032378","Peach County","A","+32573982","-083835036","06",,,19.5,15046,8622,1331,681,514,661,610,457,495,416,382,717,766,815,298,134,78,59,299112500,5725,3368
"G1302270","2000","US","3","5","Georgia","13","Pickens","227",,,,,"0",,,,,,,,,,,,,"0520","99","N","9999","9999","9",,,,,,,,,"601210901","1681003","Pickens County","A","+34461344","-084437526","06",,,15.6,5000,17983,719,536,561,610,600,638,624,643,472,1044,1002,781,305,183,154,110,363495500,2111,8576
"G1302290","2000","US","3","5","Georgia","13","Pierce","229",,,,,"0",,,,,,,,,,,,,"9999","99","9","9999","9999","9",,,,,,,,,"889019723","1685972","Pierce County","A","+31344717","-082219039","06",,,16.2,3511,12125,1011,548,443,542,436,490,402,292,305,478,402,377,140,42,0,37,179413200,1600,5119
"G1302310","2000","US","3","5","Georgia","13","Pike","231",,,,,"0",,,,,,,,,,,,,"9999","99","9","9999","9999","9",,,,,,,,,"565586305","2734772","Pike County","A","+33089773","-084377396","06",,,24.3,0,13688,414,276,235,303,229,357,262,333,300,580,586,463,181,111,76,50,202266400,0,5068
"G1302330","2000","US","3","5","Georgia","13","Polk","233",,,,,"0",,,,,,,,,,,,,"9999","99","9","9999","9999","9",,,,,,,,,"805850175","2572981","Polk County","A","+34007831","-085178124","06",,,14.3,18424,19703,1918,1196,1033,1151,1225,931,1074,791,653,1375,1208,812,322,92,104,146,444062900,7408,7651
"G1302350","2000","US","3","5","Georgia","13","Pulaski","235",,,,,"0",,,,,,,,,,,,,"9999","99","9","9999","9999","9",,,,,,,,,"640823044","6391450","Pulaski County","A","+32246506","-083467422","06",,,13.1,3980,5608,537,244,352,199,258,295,185,218,79,280,334,229,55,43,40,70,123279800,1874,2070
"G1302370","2000","US","3","5","Georgia","13","Putnam","237",,,,,"0",,,,,,,,,,,,,"9999","99","9","9999","9999","9",,,,,,,,,"892327693","41706037","Putnam County","A","+33318579","-083354329","06",,,11.5,4706,14106,816,479,598,657,508,471,416,457,301,706,618,655,311,77,129,186,269535800,1897,8422
"G1302390","2000","US","3","5","Georgia","13","Quitman","239",,,,,"0",,,,,,,,,,,,,"9999","99","9","9999","9999","9",,,,,,,,,"392495592","24288073","Quitman County","A","+31857712","-085047248","06",,,31.5,1045,1553,183,94,111,126,87,86,69,62,50,60,45,44,20,3,0,16,27402000,590,1183
"G1302410","2000","US","3","5","Georgia","13","Rabun","241",,,,,"0",,,,,,,,,,,,,"9999","99","9","9999","9999","9",,,,,,,,,"961008648","15385167","Rabun County","A","+34877522","-083437178","06",,,22.8,0,15050,724,447,378,603,557,537,410,426,279,620,478,409,129,87,99,124,214474100,0,10210
"G1302430","2000","US","3","5","Georgia","13","Randolph","243",,,,,"0",,,,,,,,,,,,,"9999","99","9","9999","9999","9",,,,,,,,,"1111740855","4255508","Randolph County","A","+31764054","-084745351","06",,,19.3,3717,4074,760,281,308,250,189,186,148,97,104,191,163,148,40,25,12,14,68328400,1540,1862
"G1302450","2000","US","3","5","Georgia","13","Richmond","245",,,,,"0",,,,,,,,,,,,,"0600","99","N","9999","9999","9",,,,,,,,,"839251992","11432240","Richmond County","N","+33429488","-082028396","06",,,11.9,184282,15493,10308,5905,6082,5558,5677,5169,5023,4366,3957,5917,6061,5174,2026,879,725,1112,2643052600,76422,5890
"G1302470","2000","US","3","5","Georgia","13","Rockdale","247",,,,,"0",,,,,,,,,,,,,"0520","99","N","9999","9999","9",,,,,,,,,"338332197","3877444","Rockdale County","A","+33654110","-084021691","06",,,10.7,59547,10564,1209,1033,1054,1034,1443,1288,1496,1383,1040,2451,3465,3140,2064,795,718,438,1331622600,21275,3807
"G1302490","2000","US","3","5","Georgia","13","Schley","249",,,,,"0",,,,,,,,,,,,,"9999","99","9","9999","9999","9",,,,,,,,,"434098341","547891","Schley County","A","+32246795","-084320084","06",,,29.8,0,3766,224,117,127,127,83,83,137,71,83,115,92,114,19,11,15,8,46575100,0,1612
"G1302510","2000","US","3","5","Georgia","13","Screven","251",,,,,"0",,,,,,,,,,,,,"9999","99","9","9999","9999","9",,,,,,,,,"1679454296","18503827","Screven County","A","+32745608","-081632067","06",,,15.9,2555,12819,1119,500,354,487,484,487,371,357,255,379,519,316,34,50,39,44,166770900,1276,5577
"G1302530","2000","US","3","5","Georgia","13","Seminole","253",,,,,"0",,,,,,,,,,,,,"9999","99","9","9999","9999","9",,,,,,,,,"616516673","47978014","Seminole County","A","+30956754","-084868391","06",,,20.3,2612,6757,580,419,337,280,348,194,170,168,182,176,329,204,86,35,27,27,102929600,1080,3662
"G1302550","2000","US","3","5","Georgia","13","Spalding","255",,,,,"0",,,,,,,,,,,,,"0520","99","N","9999","9999","9",,,,,,,,,"512691349","4267816","Spalding County","A","+33255567","-084275067","06",,,13.8,34982,23435,2666,1538,1367,1734,1437,1661,1312,1184,1300,2039,2011,1813,741,326,203,191,783340100,14145,8856
"G1302570","2000","US","3","5","Georgia","13","Stephens","257",,,,,"0",,,,,,,,,,,,,"9999","99","9","9999","9999","9",,,,,,,,,"464273383","12877539","Stephens County","A","+34556658","-083288673","06",,,13.6,10164,15271,1376,933,891,989,886,742,639,502,396,872,708,551,222,96,95,71,310273900,4574,7078
"G1302590","2000","US","3","5","Georgia","13","Stewart","259",,,,,"0",,,,,,,,,,,,,"9999","99","9","9999","9999","9",,,,,,,,,"1188025171","11733568","Stewart County","A","+32086132","-084815050","06",,,33.2,0,5252,396,209,204,199,164,146,138,84,62,125,105,87,25,5,8,45,61941500,0,2354
"G1302610","2000","US","3","5","Georgia","13","Sumter","261",,,,,"0",,,,,,,,,,,,,"9999","99","9","9999","9999","9",,,,,,,,,"1256877305","18803133","Sumter County","A","+32051968","-084202962","06",,,13.9,18759,14441,2098,849,856,1100,929,933,758,717,551,878,908,731,310,125,103,144,387325800,7835,5865
"G1302630","2000","US","3","5","Georgia","13","Talbot","263",,,,,"0",,,,,,,,,,,,,"9999","99","9","9999","9999","9",,,,,,,,,"1018416278","3948522","Talbot County","A","+32691576","-084544527","06",,,27.3,0,6498,489,304,229,178,174,102,143,142,153,215,153,132,68,2,32,9,70706200,0,2871
"G1302650","2000","US","3","5","Georgia","13","Taliaferro","265",,,,,"0",,,,,,,,,,,,,"9999","99","9","9999","9999","9",,,,,,,,,"506054791","197627","Taliaferro County","A","+33568320","-082894881","06",,,33.8,0,2077,197,87,70,90,86,44,49,35,28,41,55,29,26,10,6,12,23376000,0,1085
"G1302670","2000","US","3","5","Georgia","13","Tattnall","267",,,,,"0",,,,,,,,,,,,,"9999","99","9","9999","9999","9",,,,,,,,,"1252759764","11729696","Tattnall County","A","+32049911","-082035100","06",,,16.2,4840,17465,1313,717,555,557,528,411,413,451,283,630,582,308,169,72,36,34,244762700,1607,6971
"G1302690","2000","US","3","5","Georgia","13","Taylor","269",,,,,"0",,,,,,,,,,,,,"9999","99","9","9999","9999","9",,,,,,,,,"977566155","5620795","Taylor County","A","+32549925","-084227022","06",,,29.3,0,8815,770,275,286,295,285,205,149,140,131,229,202,177,71,31,11,19,90409400,0,3978
"G1302710","2000","US","3","5","Georgia","13","Telfair","271",,,,,"0",,,,,,,,,,,,,"9999","99","9","9999","9999","9",,,,,,,,,"1142421448","7751572","Telfair County","A","+32005072","-082908006","06",,,26.3,5012,6782,863,469,328,319,370,267,238,234,198,268,188,214,82,45,36,32,132491100,1927,3156
"G1302730","2000","US","3","5","Georgia","13","Terrell","273",,,,,"0",,,,,,,,,,,,,"9999","99","9","9999","9999","9",,,,,,,,,"868600580","5851935","Terrell County","A","+31786049","-084437251","06",,,18.0,5079,5891,840,342,343,344,269,342,218,171,174,305,302,129,70,44,29,57,109429600,1946,2514
"G1302750","2000","US","3","5","Georgia","13","Thomas","275",,,,,"0",,,,,,,,,,,,,"9999","99","9","9999","9999","9",,,,,,,,,"1420100474","9777426","Thomas County","A","+30872279","-083949960","06",,,16.6,20922,21815,2563,1429,1347,1236,1276,1063,977,954,819,1356,1336,970,452,224,151,152,538498400,9144,9141
"G1302770","2000","US","3","5","Georgia","13","Tift","277",,,,,"0",,,,,,,,,,,,,"9999","99","9","9999","9999","9",,,,,,,,,"686474357","9871959","Tift County","A","+31458076","-083519231","06",,,14.6,21524,16883,2038,1158,1139,987,954,1091,786,784,707,1134,1035,1092,486,157,127,256,522501100,8705,6706
"G1302790","2000","US","3","5","Georgia","13","Toombs","279",,,,,"0",,,,,,,,,,,,,"9999","99","9","9999","9999","9",,,,,,,,,"949616868","5159644","Toombs County","A","+32176536","-082361368","06",,,14.8,12778,13289,1889,1090,766,809,752,561,511,471,449,758,709,584,291,77,83,70,287884600,5554,5817
"G1302810","2000","US","3","5","Georgia","13","Towns","281",,,,,"0",,,,,,,,,,,,,"9999","99","9","9999","9999","9",,,,,,,,,"431655083","13849053","Towns County","A","+34931235","-083758821","06",,,19.8,0,9319,495,444,270,346,318,324,270,250,232,291,277,203,150,67,47,21,106775200,0,6282
"G1302830","2000","US","3","5","Georgia","13","Treutlen","283",,,,,"0",,,,,,,,,,,,,"9999","99","9","9999","9999","9",,,,,,,,,"519708107","3964857","Treutlen County","A","+32395152","-082577844","06",,,18.4,3055,3799,627,227,194,246,140,178,169,129,132,203,121,99,27,24,26,9,71252000,1181,1684
"G1302850","2000","US","3","5","Georgia","13","Troup","285",,,,,"0",,,,,,,,,,,,,"9999","99","9","9999","9999","9",,,,,,,,,"1072008628","83023520","Troup County","A","+33027833","-085034090","06",,,12.1,33696,25083,2939,1584,1772,1584,1489,1461,1405,1083,1199,1927,2040,1699,768,402,266,312,836719500,13886,9938
"G1302870","2000","US","3","5","Georgia","13","Turner","287",,,,,"0",,,,,,,,,,,,,"9999","99","9","9999","9999","9",,,,,,,,,"740808082","9906871","Turner County","A","+31707392","-083621824","06",,,17.8,5010,4494,578,438,384,292,245,239,159,185,147,222,213,185,98,15,31,19,101194300,2055,1861
"G1302890","2000","US","3","5","Georgia","13","Twiggs","289",,,,,"0",,,,,,,,,,,,,"4680","99","N","9999","9999","9",,,,,,,,,"933142151","6881116","Twiggs County","A","+32658820","-083395136","06",,,20.7,0,10590,691,345,213,293,249,290,180,204,161,288,413,269,132,40,25,9,118913500,0,4291
"G1302910","2000","US","3","5","Georgia","13","Union","291",,,,,"0",,,,,,,,,,,,,"9999","99","9","9999","9999","9",,,,,,,,,"835397617","16768568","Union County","A","+34856402","-084009393","06",,,14.0,0,17289,1000,483,592,659,612,510,385,507,298,656,641,457,169,55,75,76,218853100,0,10001
"G1302930","2000","US","3","5","Georgia","13","Upson","293",,,,,"0",,,,,,,,,,,,,"9999","99","9","9999","9999","9",,,,,,,,,"842996575","5580060","Upson County","A","+32897982","-084316150","06",,,13.6,14950,12647,1508,1000,883,970,807,776,613,742,543,847,846,714,206,88,56,153,369372900,6553,5063
"G1302950","2000","US","3","5","Georgia","13","Walker","295",,,,,"0",,,,,,,,,,,,,"1560","99","N","9999","9999","9",,,,,,,,,"1156636353","1164775","Walker County","A","+34818692","-085291825","06",,,13.9,34479,26574,2852,1995,1838,2135,1997,1722,1488,1632,1642,2212,1934,1302,430,128,166,211,780690800,15085,10492
"G1302970","2000","US","3","5","Georgia","13","Walton","297",,,,,"0",,,,,,,,,,,,,"0520","99","N","9999","9999","9",,,,,,,,,"852571171","2262393","Walton County","A","+33784274","-083741320","06",,,17.9,25596,35091,1736,1054,1013,1350,1370,1379,1185,1105,1144,2182,2901,2607,1191,431,364,295,1012487300,9658,12842
"G1302990","2000","US","3","5","Georgia","13","Ware","299",,,,,"0",,,,,,,,,,,,,"9999","99","9","9999","9999","9",,,,,,,,,"2336928831","10408357","Ware County","A","+31205650","-082412807","06",,,13.5,25410,10073,2208,1347,1216,1278,936,1043,778,786,622,1035,975,741,245,94,71,103,378090000,11436,4395
"G1303010","2000","US","3","5","Georgia","13","Warren","301",,,,,"0",,,,,,,,,,,,,"9999","99","9","9999","9999","9",,,,,,,,,"739498074","3149261","Warren County","A","+33416748","-082663637","06",,,28.7,0,6336,552,222,208,118,216,157,173,119,98,240,153,83,25,19,18,28,64225400,0,2767
"G1303030","2000","US","3","5","Georgia","13","Washington","303",,,,,"0",,,,,,,,,,,,,"9999","99","9","9999","9999","9",,,,,,,,,"1762073768","10442069","Washington County","A","+32949364","-082782607","06",,,20.2,7158,14018,1397,730,522,601,478,489,327,375,312,660,587,507,267,87,51,49,266503700,3201,5126
"G1303050","2000","US","3","5","Georgia","13","Wayne","305",,,,,"0",,,,,,,,,,,,,"9999","99","9","9999","9999","9",,,,,,,,,"1669667768","10704521","Wayne County","A","+31601826","-081928050","06",,,16.0,12810,13755,1326,862,738,727,607,700,516,517,424,852,820,665,326,128,49,91,322583100,4900,5927
"G1303070","2000","US","3","5","Georgia","13","Webster","307",,,,,"0",,,,,,,,,,,,,"9999","99","9","9999","9999","9",,,,,,,,,"542694470","1868733","Webster County","A","+32047431","-084558131","06",,,32.2,0,2390,172,57,91,90,76,72,49,51,49,66,59,53,0,14,4,16,28508800,0,1115
"G1303090","2000","US","3","5","Georgia","13","Wheeler","309",,,,,"0",,,,,,,,,,,,,"9999","99","9","9999","9999","9",,,,,,,,,"771080931","6277076","Wheeler County","A","+32127572","-082742799","06",,,26.1,0,6179,469,183,197,187,169,79,135,111,67,109,135,94,37,24,3,23,66214900,0,2447
"G1303110","2000","US","3","5","Georgia","13","White","311",,,,,"0",,,,,,,,,,,,,"9999","99","9","9999","9999","9",,,,,,,,,"625684363","1510192","White County","A","+34615230","-083742570","06",,,15.1,0,19944,779,412,604,560,711,662,580,540,488,694,831,495,185,73,55,61,268338400,0,9454
"G1303130","2000","US","3","5","Georgia","13","Whitfield","313",,,,,"0",,,,,,,,,,,,,"9999","99","9","9999","9999","9",,,,,,,,,"751057934","1718369","Whitfield County","A","+34797393","-084972833","06",,,13.7,57143,26382,2750,1879,1686,2202,2386,2255,1715,1805,1752,2909,2851,2562,1056,512,473,569,1287642500,20780,9942
"G1303150","2000","US","3","5","Georgia","13","Wilcox","315",,,,,"0",,,,,,,,,,,,,"9999","99","9","9999","9999","9",,,,,,,,,"984962820","7768983","Wilcox County","A","+31962807","-083450409","06",,,27.2,0,8577,521,270,222,226,246,152,164,165,148,145,236,135,70,27,15,30,93279100,0,3320
"G1303170","2000","US","3","5","Georgia","13","Wilkes","317",,,,,"0",,,,,,,,,,,,,"9999","99","9","9999","9999","9",,,,,,,,,"1220854166","6789243","Wilkes County","A","+33767503","-082737630","06",,,15.2,3544,7143,795,461,311,370,353,255,223,228,228,315,358,245,93,43,23,17,116641200,1591,3431
"G1303190","2000","US","3","5","Georgia","13","Wilkinson","319",,,,,"0",,,,,,,,,,,,,"9999","99","9","9999","9999","9",,,,,,,,,"1156576514","14114360","Wilkinson County","A","+32835890","-083226599","06",,,29.4,0,10220,596,349,308,248,279,220,312,195,232,300,413,271,63,33,13,15,115543700,0,4449
"G1303210","2000","US","3","5","Georgia","13","Worth","321",,,,,"0",,,,,,,,,,,,,"9999","99","9","9999","9999","9",,,,,,,,,"1475586100","12577598","Worth County","A","+31556977","-083840672","06",,,14.2,6596,15371,1274,596,721,573,580,600,497,443,372,605,932,496,180,117,79,60,275423500,2798,6288
"G1500010","2000","US","4","9","Hawaii","15","Hawaii","001",,,,,"0",,,,,,,,,,,,,"9999","99","9","9999","9999","9",,,,,,,,,"10432517539","2741985846","Hawaii County","A","+19683885","-155393159","06",,,19.8,86965,61712,6135,3489,3371,3359,3451,3592,3181,2908,2638,4576,5188,5493,2609,1106,910,939,2028963000,35811,26863
"G1500030","2000","US","4","9","Hawaii","15","Honolulu","003",,,,,"0",,,,,,,,,,,,,"3320","99","N","9999","9999","9",,,,,,,,,"1553387626","3955125860","Honolulu County","A","+21426126","-158035861","06",,,14.3,862498,13658,20886,11769,13043,15303,15582,16248,15192,15310,13781,25565,33539,38442,23188,12087,9514,7282,15032026500,311585,4403
"G1500050","2000","US","4","9","Hawaii","15","Kalawao","005",,,,,"0",,,,,,,,,,,,,"9999","99","9","9999","9999","9",,,,,,,,,"34201958","101319995","Kalawao County","G","+21188462","-156970983","06",,,6.8,0,147,74,0,15,0,14,15,14,0,0,0,0,0,0,0,0,0,1425500,0,172
"G1500070","2000","US","4","9","Hawaii","15","Kauai","007",,,,,"0",,,,,,,,,,,,,"9999","99","9","9999","9999","9",,,,,,,,,"1612110222","1667768078","Kauai County","A","+21999721","-159477601","06",,,24.1,47512,10951,1640,1160,1213,1247,1197,1209,1212,1218,970,1974,2494,2195,1177,435,379,481,891673400,19177,6154
"G1500090","2000","US","4","9","Hawaii","15","Maui","009",,,,,"0",,,,,,,,,,,,,"9999","99","9","9999","9999","9",,,,,,,,,"3002303962","3210392559","Maui County","A","+20901025","-156615839","06",,,15.7,112204,15890,3202,2154,2259,2422,2422,2496,2467,2237,2357,4155,5506,5154,2942,1323,1200,1267,2183749200,48147,8230
"G1600010","2000","US","4","8","Idaho","16","Ada","001",,,,,"0",,,,,,,,,,,,,"1080","99","N","9999","9999","9",,,,,,,,,"2732414018","13822607","Ada County","A","+43560300","-116280069","06",,,12.5,280506,20398,6535,5555,6605,7703,7241,7438,6898,7215,6274,11212,13859,13438,6145,2752,2313,2394,5640884500,111291,7225
"G1600030","2000","US","4","8","Idaho","16","Adams","003",,,,,"0",,,,,,,,,,,,,"9999","99","9","9999","9999","9",,,,,,,,,"3534240016","14055584","Adams County","A","+44917815","-116392914","06",,,45.1,0,3476,198,138,111,169,140,103,110,104,51,108,84,63,32,6,6,7,35303200,0,1982
"G1600050","2000","US","4","8","Idaho","16","Bannock","005",,,,,"0",,,,,,,,,,,,,"6340","99","N","9999","9999","9",,,,,,,,,"2883429627","88465277","Bannock County","A","+42777785","-112346267","06",,,17.5,62514,13051,2832,2249,1970,2139,1855,1927,1651,1687,1462,2488,2656,2339,915,506,263,275,1040726300,24523,4579
"G1600070","2000","US","4","8","Idaho","16","Bear Lake","007",,,,,"0",,,,,,,,,,,,,"9999","99","9","9999","9999","9",,,,,,,,,"2515865034","202159268","Bear Lake County","A","+42310550","-111350221","06",,,27.7,2712,3699,218,202,153,231,225,217,125,154,98,212,239,149,30,10,0,6,63720800,1125,2143
"G1600090","2000","US","4","8","Idaho","16","Benewah","009",,,,,"0",,,,,,,,,,,,,"9999","99","9","9999","9999","9",,,,,,,,,"2010008935","20487687","Benewah County","A","+47240039","-116637643","06",,,30.0,2879,6292,385,353,320,296,347,279,240,240,180,324,289,184,85,22,20,14,104758400,1267,2971
"G1600110","2000","US","4","8","Idaho","16","Bingham","011",,,,,"0",,,,,,,,,,,,,"9999","99","9","9999","9999","9",,,,,,,,,"5425336578","66059020","Bingham County","A","+43179755","-112363605","06",,,17.7,17514,24221,1171,876,1016,976,1159,1137,1023,953,796,1370,1103,1023,381,118,94,115,475007000,6258,8045
"G1600130","2000","US","4","8","Idaho","16","Blaine","013",,,,,"0",,,,,,,,,,,,,"9999","99","9","9999","9999","9",,,,,,,,,"6849954809","42059646","Blaine County","A","+43437061","-114178832","06",,,23.3,12478,6513,467,324,358,489,520,447,427,455,349,765,896,842,484,224,219,491,421358400,6933,5253
"G1600150","2000","US","4","8","Idaho","16","Boise","015",,,,,"0",,,,,,,,,,,,,"9999","99","9","9999","9999","9",,,,,,,,,"4927348953","11146409","Boise County","A","+43955457","-115858563","06",,,43.2,0,6670,266,142,243,163,197,168,159,177,152,235,282,210,119,41,27,27,96653300,0,4349
"G1600170","2000","US","4","8","Idaho","16","Bonner","017",,,,,"0",,,,,,,,,,,,,"9999","99","9","9999","9999","9",,,,,,,,,"4500542891","471181080","Bonner County","A","+48316414","-116686831","06",,,19.1,8299,28536,1732,1395,1209,1230,1150,1034,998,923,866,1335,1299,865,363,165,82,114,452157100,3863,15783
"G1600190","2000","US","4","8","Idaho","16","Bonneville","019",,,,,"0",,,,,,,,,,,,,"9999","99","9","9999","9999","9",,,,,,,,,"4839334408","83335445","Bonneville County","A","+43474131","-111872559","06",,,14.8,67032,15490,2334,1696,1956,2040,1980,1805,1710,1927,1614,2749,3350,3031,1264,460,396,430,1209565200,25033,5451
"G1600210","2000","US","4","8","Idaho","16","Boundary","021",,,,,"0",,,,,,,,,,,,,"9999","99","9","9999","9999","9",,,,,,,,,"3286192758","24348657","Boundary County","A","+48758435","-116373036","06",,,22.7,2632,7239,476,353,270,321,364,242,279,217,199,393,291,174,41,12,30,40,110763200,1163,2932
"G1600230","2000","US","4","8","Idaho","16","Butte","023",,,,,"0",,,,,,,,,,,,,"9999","99","9","9999","9999","9",,,,,,,,,"5783048305","1916981","Butte County","A","+43686343","-113199944","06",,,38.0,0,2899,139,112,83,70,132,59,61,72,67,89,89,65,25,9,7,7,32441500,0,1290
"G1600250","2000","US","4","8","Idaho","16","Camas","025",,,,,"0",,,,,,,,,,,,,"9999","99","9","9999","9999","9",,,,,,,,,"2784123824","10524748","Camas County","A","+43391502","-114773345","06",,,48.6,0,991,31,20,51,33,33,32,25,28,22,44,26,29,8,3,9,4,12403900,0,601
"G1600270","2000","US","4","8","Idaho","16","Canyon","027",,,,,"0",,,,,,,,,,,,,"1080","99","N","9999","9999","9",,,,,,,,,"1527363178","35719112","Canyon County","A","+43618140","-116673633","06",,,15.4,96369,35072,3863,3104,3524,3965,3680,3761,3283,3298,2766,4165,4261,3135,1121,478,311,350,1589720400,35503,12462
"G1600290","2000","US","4","8","Idaho","16","Caribou","029",,,,,"0",,,,,,,,,,,,,"9999","99","9","9999","9999","9",,,,,,,,,"4573948205","84466498","Caribou County","A","+42726467","-111662032","06",,,29.3,3060,4244,258,165,192,198,184,176,177,179,179,234,299,164,95,12,16,19,85545700,1367,1821
"G1600310","2000","US","4","8","Idaho","16","Cassia","031",,,,,"0",,,,,,,,,,,,,"9999","99","9","9999","9999","9",,,,,,,,,"6647063674","35897093","Cassia County","A","+42357856","-113638731","06",,,18.2,9396,12020,656,669,649,610,606,507,543,428,511,658,518,449,141,49,41,73,237316100,3682,4180
"G1600330","2000","US","4","8","Idaho","16","Clark","033",,,,,"0",,,,,,,,,,,,,"9999","99","9","9999","9999","9",,,,,,,,,"4570381864","1503265","Clark County","A","+44240975","-112291097","06",,,46.4,0,1022,43,32,26,36,18,30,45,36,27,16,14,13,1,0,2,0,9630500,0,521
"G1600350","2000","US","4","8","Idaho","16","Clearwater","035",,,,,"0",,,,,,,,,,,,,"9999","99","9","9999","9999","9",,,,,,,,,"6375003321","69148734","Clearwater County","A","+46653353","-115858748","06",,,38.8,3922,5008,358,305,323,283,318,272,294,244,199,275,289,181,55,13,8,27,100416200,1621,2523
"G1600370","2000","US","4","8","Idaho","16","Custer","037",,,,,"0",,,,,,,,,,,,,"9999","99","9","9999","9999","9",,,,,,,,,"12756844014","29383068","Custer County","A","+44211630","-114139033","06",,,39.4,0,4342,221,164,153,158,127,112,133,116,128,120,150,121,31,13,10,9,51633200,0,2983
"G1600390","2000","US","4","8","Idaho","16","Elmore","039",,,,,"0",,,,,,,,,,,,,"9999","99","9","9999","9999","9",,,,,,,,,"7970880683","59391627","Elmore County","A","+43139342","-115537769","06",,,16.2,22305,6825,580,595,784,941,778,816,887,762,492,762,784,553,242,59,22,39,412011900,7189,3338
"G1600410","2000","US","4","8","Idaho","16","Franklin","041",,,,,"0",,,,,,,,,,,,,"9999","99","9","9999","9999","9",,,,,,,,,"1723465364","7570284","Franklin County","A","+42153211","-111855585","06",,,24.3,3437,7892,192,254,224,257,274,450,324,217,223,375,287,241,77,28,38,26,124371200,1213,2659
"G1600430","2000","US","4","8","Idaho","16","Fremont","043",,,,,"0",,,,,,,,,,,,,"9999","99","9","9999","9999","9",,,,,,,,,"4834879096","74685583","Fremont County","A","+44175903","-111510212","06",,,25.5,3283,8536,322,311,355,359,326,389,341,266,250,327,268,230,61,42,10,35,128842400,1239,5651
"G1600450","2000","US","4","8","Idaho","16","Gem","045",,,,,"0",,,,,,,,,,,,,"9999","99","9","9999","9999","9",,,,,,,,,"1457066871","8209994","Gem County","A","+43969570","-116451291","06",,,14.4,8198,6983,606,511,455,367,417,455,409,411,308,442,416,454,172,57,31,19,173859200,3254,2634
"G1600470","2000","US","4","8","Idaho","16","Gooding","047",,,,,"0",,,,,,,,,,,,,"9999","99","9","9999","9999","9",,,,,,,,,"1892714019","7932216","Gooding County","A","+42873169","-114781459","06",,,19.2,3598,10557,518,436,433,460,500,433,307,367,259,501,355,296,57,79,35,31,150632900,1482,4023
"G1600490","2000","US","4","8","Idaho","16","Idaho","049",,,,,"0",,,,,,,,,,,,,"9999","99","9","9999","9999","9",,,,,,,,,"21975746856","45562903","Idaho County","A","+45893268","-115888594","06",,,25.5,3162,12349,870,568,542,561,557,562,429,447,299,360,410,323,83,33,19,26,156777400,1444,6093
"G1600510","2000","US","4","8","Idaho","16","Jefferson","051",,,,,"0",,,,,,,,,,,,,"9999","99","9","9999","9999","9",,,,,,,,,"2836252504","27116238","Jefferson County","A","+43761293","-112106831","06",,,27.7,3608,15547,446,403,432,551,420,474,411,449,345,622,588,440,166,58,40,56,217142400,1312,4975
"G1600530","2000","US","4","8","Idaho","16","Jerome","053",,,,,"0",,,,,,,,,,,,,"9999","99","9","9999","9999","9",,,,,,,,,"1553568425","5263172","Jerome County","A","+42679123","-114304518","06",,,17.9,7863,10479,531,453,531,640,506,514,536,469,325,493,558,441,151,63,33,55,224888200,3042,3671
"G1600550","2000","US","4","8","Idaho","16","Kootenai","055",,,,,"0",,,,,,,,,,,,,"9999","99","9","9999","9999","9",,,,,,,,,"3224845525","182773264","Kootenai County","A","+47704372","-116770986","06",,,16.1,79904,28781,3339,3003,2766,3332,3094,3316,3104,2761,2572,3955,4041,3358,1276,547,505,411,1498547900,32526,14081
"G1600570","2000","US","4","8","Idaho","16","Latah","057",,,,,"0",,,,,,,,,,,,,"9999","99","9","9999","9999","9",,,,,,,,,"2788518961","616071","Latah County","A","+46786040","-116802597","06",,,18.4,21770,13165,1871,1127,1004,1130,913,844,766,558,685,1173,1217,1001,430,117,110,117,456808600,8274,5564
"G1600590","2000","US","4","8","Idaho","16","Lemhi","059",,,,,"0",,,,,,,,,,,,,"9999","99","9","9999","9999","9",,,,,,,,,"11821116983","13843742","Lemhi County","A","+44948818","-113778243","06",,,19.4,3000,4806,414,407,310,227,264,269,284,223,111,286,168,153,77,36,6,33,89269600,1511,2643
"G1600610","2000","US","4","8","Idaho","16","Lewis","061",,,,,"0",,,,,,,,,,,,,"9999","99","9","9999","9999","9",,,,,,,,,"1240715453","1983845","Lewis County","A","+46233719","-116379388","06",,,44.4,0,3747,204,148,176,136,80,137,127,84,84,128,109,100,25,10,5,13,42374100,0,1795
"G1600630","2000","US","4","8","Idaho","16","Lincoln","063",,,,,"0",,,,,,,,,,,,,"9999","99","9","9999","9999","9",,,,,,,,,"3122302013","848289","Lincoln County","A","+42965518","-114212667","06",,,38.1,0,4044,112,149,109,134,140,130,100,92,58,136,145,84,27,13,10,4,44141500,0,1651
"G1600650","2000","US","4","8","Idaho","16","Madison","065",,,,,"0",,,,,,,,,,,,,"9999","99","9","9999","9999","9",,,,,,,,,"1221243194","4766279","Madison County","A","+43818344","-111741490","06",,,16.9,19137,8330,635,625,779,600,567,617,473,407,393,661,645,428,117,70,68,69,248531300,5038,2592
"G1600670","2000","US","4","8","Idaho","16","Minidoka","067",,,,,"0",,,,,,,,,,,,,"9999","99","9","9999","9999","9",,,,,,,,,"1967414867","8698549","Minidoka County","A","+42670666","-113696748","06",,,19.6,8893,11281,754,633,729,589,556,616,467,527,440,580,463,387,62,50,73,68,209922000,3451,4047
"G1600690","2000","US","4","8","Idaho","16","Nez Perce","069",,,,,"0",,,,,,,,,,,,,"9999","99","9","9999","9999","9",,,,,,,,,"2199106991","18851831","Nez Perce County","A","+46410602","-116862484","06",,,18.1,31087,6323,1661,1214,1020,1256,1015,1213,951,971,641,1694,1498,1288,441,141,144,137,526270200,13394,2809
"G1600710","2000","US","4","8","Idaho","16","Oneida","071",,,,,"0",,,,,,,,,,,,,"9999","99","9","9999","9999","9",,,,,,,,,"3108851426","3304581","Oneida County","A","+42174344","-112410452","06",,,20.8,0,4125,112,142,113,111,122,140,147,87,130,149,109,47,22,6,4,13,41412200,0,1755
"G1600730","2000","US","4","8","Idaho","16","Owyhee","073",,,,,"0",,,,,,,,,,,,,"9999","99","9","9999","9999","9",,,,,,,,,"19885888661","48493695","Owyhee County","A","+42806872","-116190499","06",,,35.9,2744,7900,435,406,332,439,363,269,282,225,158,220,251,181,72,43,30,30,113218900,1004,3448
"G1600750","2000","US","4","8","Idaho","16","Payette","075",,,,,"0",,,,,,,,,,,,,"9999","99","9","9999","9999","9",,,,,,,,,"1055465027","6913011","Payette County","A","+43999903","-116867958","06",,,15.2,11556,9022,730,682,648,584,624,622,544,488,435,629,735,296,115,108,83,60,232259100,4684,3265
"G1600770","2000","US","4","8","Idaho","16","Power","077",,,,,"0",,,,,,,,,,,,,"9999","99","9","9999","9999","9",,,,,,,,,"3640397464","95907049","Power County","A","+42770307","-112814105","06",,,17.1,4133,3405,293,183,226,225,221,244,207,138,136,170,202,174,50,22,7,58,87522100,1582,1262
"G1600790","2000","US","4","8","Idaho","16","Shoshone","079",,,,,"0",,,,,,,,,,,,,"9999","99","9","9999","9999","9",,,,,,,,,"6821807921","4117464","Shoshone County","A","+47417879","-116040486","06",,,37.5,3320,10451,847,660,520,573,488,453,382,343,340,451,420,245,114,22,16,36,143647600,1709,5348
"G1600810","2000","US","4","8","Idaho","16","Teton","081",,,,,"0",,,,,,,,,,,,,"9999","99","9","9999","9999","9",,,,,,,,,"1166436540","539274","Teton County","A","+43720419","-111144179","06",,,28.8,0,5999,134,90,124,133,121,157,214,178,158,231,265,170,52,14,13,40,89391300,0,2632
"G1600830","2000","US","4","8","Idaho","16","Twin Falls","083",,,,,"0",,,,,,,,,,,,,"9999","99","9","9999","9999","9",,,,,,,,,"4985793354","8917541","Twin Falls County","A","+42489080","-114611547","06",,,17.8,43321,20963,2193,2023,2070,2049,1825,1912,1933,1442,1341,2296,1900,1470,585,253,164,355,830820500,17696,7899
"G1600850","2000","US","4","8","Idaho","16","Valley","085",,,,,"0",,,,,,,,,,,,,"9999","99","9","9999","9999","9",,,,,,,,,"9525514622","144625558","Valley County","A","+44655511","-115920089","06",,,26.6,0,7651,240,239,257,253,286,229,254,208,171,337,321,226,100,25,39,28,105435700,0,8084
"G1600870","2000","US","4","8","Idaho","16","Washington","087",,,,,"0",,,,,,,,,,,,,"9999","99","9","9999","9999","9",,,,,,,,,"3771847470","44613238","Washington County","A","+44392256","-116851251","06",,,21.5,5472,4505,454,315,367,386,304,347,230,292,163,267,276,188,41,57,36,38,110063200,2271,1867
"G1700010","2000","US","2","3","Illinois","17","Adams","001",,,,,"0",,,,,,,,,,,,,"9999","99","9","9999","9999","9",,,,,,,,,"2218672126","37924714","Adams County","A","+39965452","-091268051","06",,,20.6,45235,23042,2573,2200,2258,2174,2369,1924,1874,1491,1655,2656,2495,1671,667,309,266,280,913723700,20023,9363
"G1700030","2000","US","2","3","Illinois","17","Alexander","003",,,,,"0",,,,,,,,,,,,,"9999","99","9","9999","9999","9",,,,,,,,,"612225870","41845883","Alexander County","A","+37146816","-089289480","06",,,20.5,3969,5621,814,455,308,279,272,284,315,225,118,234,233,146,49,19,6,70,102524100,2030,2561
"G1700050","2000","US","2","3","Illinois","17","Bond","005",,,,,"0",,,,,,,,,,,,,"9999","99","9","9999","9999","9",,,,,,,,,"984720341","6380583","Bond County","A","+38882098","-089434850","06",,,23.9,7046,10587,616,433,427,378,505,400,488,418,364,582,594,614,173,63,54,38,247458800,2172,4518
"G1700070","2000","US","2","3","Illinois","17","Boone","007",,,,,"0",,,,,,,,,,,,,"6880","99","N","9999","9999","9",,,,,,,,,"728473464","1751854","Boone County","A","+42298948","-088834228","06",,,15.9,29077,12709,813,693,596,808,782,873,734,831,709,1666,2094,2125,876,315,437,279,767760200,10588,4826
"G1700090","2000","US","2","3","Illinois","17","Brown","009",,,,,"0",,,,,,,,,,,,,"9999","99","9","9999","9999","9",,,,,,,,,"791627134","4120069","Brown County","A","+39950254","-090740237","06",,,24.3,4077,2873,266,168,155,153,174,122,142,188,141,205,188,134,25,25,11,10,81592800,1072,1384
"G1700110","2000","US","2","3","Illinois","17","Bureau","011",,,,,"0",,,,,,,,,,,,,"9999","99","9","9999","9999","9",,,,,,,,,"2249570413","12264509","Bureau County","A","+41386420","-089477767","06",,,33.7,13595,21908,978,990,1042,946,971,1161,946,912,705,1527,1633,1487,429,162,111,164,527749000,6100,9231
"G1700130","2000","US","2","3","Illinois","17","Calhoun","013",,,,,"0",,,,,,,,,,,,,"9999","99","9","9999","9999","9",,,,,,,,,"657379178","77365087","Calhoun County","A","+39168969","-090653186","06",,,41.4,0,5084,209,179,179,158,169,153,119,110,125,231,202,160,27,7,18,8,61633000,0,2681
"G1700150","2000","US","2","3","Illinois","17","Carroll","015",,,,,"0",,,,,,,,,,,,,"9999","99","9","9999","9999","9",,,,,,,,,"1150503971","55830292","Carroll County","A","+42076584","-089953145","06",,,29.7,3537,13137,536,516,527,538,585,497,452,503,473,631,664,497,158,55,69,75,229493000,1791,6154
"G1700170","2000","US","2","3","Illinois","17","Cass","017",,,,,"0",,,,,,,,,,,,,"9999","99","9","9999","9999","9",,,,,,,,,"973578443","20281035","Cass County","A","+39975926","-090269918","06",,,27.2,6155,7540,514,491,395,409,472,389,360,356,346,575,496,367,130,20,22,32,169784900,2497,3287
"G1700190","2000","US","2","3","Illinois","17","Champaign","019",,,,,"0",,,,,,,,,,,,,"1400","99","N","9999","9999","9",,,,,,,,,"2581715418","1881148","Champaign County","A","+40136824","-088216752","06",,,15.7,151539,28130,8408,5190,5214,4900,4539,4636,3926,4144,3459,6469,6963,6407,2638,1333,1351,1042,2831093500,64549,10731
"G1700210","2000","US","2","3","Illinois","17","Christian","021",,,,,"0",,,,,,,,,,,,,"9999","99","9","9999","9999","9",,,,,,,,,"1836459714","17232565","Christian County","A","+39528077","-089262544","06",,,24.1,20040,15332,1324,980,1103,1027,1265,922,1071,998,744,1363,1397,976,420,125,97,118,481181600,8443,6549
"G1700230","2000","US","2","3","Illinois","17","Clark","023",,,,,"0",,,,,,,,,,,,,"9999","99","9","9999","9999","9",,,,,,,,,"1298887932","8752855","Clark County","A","+39345598","-087802973","06",,,19.8,7066,9942,668,538,617,600,474,484,592,403,400,744,701,424,196,53,46,51,223683000,3400,4416
"G1700250","2000","US","2","3","Illinois","17","Clay","025",,,,,"0",,,,,,,,,,,,,"9999","99","9","9999","9999","9",,,,,,,,,"1215348986","1525520","Clay County","A","+38737029","-088470910","06",,,24.7,4924,9636,673,557,513,527,574,507,443,400,302,422,396,295,103,27,31,54,161904100,2254,4140
"G1700270","2000","US","2","3","Illinois","17","Clinton","027",,,,,"0",,,,,,,,,,,,,"7040","99","N","9999","9999","9",,,,,,,,,"1228257056","75748972","Clinton County","A","+38598095","-089436849","06",,,26.4,20824,14711,866,749,869,807,734,935,740,749,754,1555,1622,1492,468,265,100,90,538030600,7894,5911
"G1700290","2000","US","2","3","Illinois","17","Coles","029",,,,,"0",,,,,,,,,,,,,"9999","99","9","9999","9999","9",,,,,,,,,"1316453530","4615587","Coles County","A","+39507634","-088259377","06",,,15.8,40447,12749,3156,1730,1839,1671,1417,1383,1308,1284,960,1786,1799,1411,636,241,208,220,704893400,17383,5385
"G1700310","2000","US","2","3","Illinois","17","Cook","031",,,,,"0",,,,,,,,,,,,,"1602","14","N","1600","9999","9",,,,,,,,,"2449300798","1785436307","Cook County","A","+41837649","-087767817","06",,,12.6,5372154,4587,192689,107043,104713,111195,112837,117950,111805,109361,95409,177254,213525,222453,122128,59810,53986,62250,102886960400,2094495,1626
"G1700330","2000","US","2","3","Illinois","17","Crawford","033",,,,,"0",,,,,,,,,,,,,"9999","99","9","9999","9999","9",,,,,,,,,"1148749411","5708708","Crawford County","A","+39009225","-087757873","06",,,23.4,8268,12184,898,618,670,602,761,653,435,569,407,670,678,492,191,84,67,50,262093700,3481,5304
"G1700350","2000","US","2","3","Illinois","17","Cumberland","035",,,,,"0",,,,,,,,,,,,,"9999","99","9","9999","9999","9",,,,,,,,,"896179057","2537976","Cumberland County","A","+39272064","-088263215","06",,,33.3,0,11253,372,303,333,410,359,316,318,300,279,438,468,312,51,35,34,18,142055600,0,4876
"G1700370","2000","US","2","3","Illinois","17","DeKalb","037",,,,,"0",,,,,,,,,,,,,"1602","14","N","1600","9999","9",,,,,,,,,"1642457595","2106707","DeKalb County","A","+41897263","-088739318","06",,,18.6,68781,20188,3002,1833,1715,1861,1756,1728,1831,1812,1545,3263,4184,3928,1799,723,447,242,1432138500,25380,7608
"G1700390","2000","US","2","3","Illinois","17","De Witt","039",,,,,"0",,,,,,,,,,,,,"9999","99","9","9999","9999","9",,,,,,,,,"1029716440","19628562","De Witt County","A","+40178001","-088914787","06",,,22.7,8141,8657,519,495,418,449,438,442,498,386,333,735,815,558,356,126,101,67,269037700,3615,3667
"G1700410","2000","US","2","3","Illinois","17","Douglas","041",,,,,"0",,,,,,,,,,,,,"9999","99","9","9999","9999","9",,,,,,,,,"1079667857","1442988","Douglas County","A","+39769979","-088236661","06",,,22.6,7310,12612,491,423,488,617,534,697,627,514,385,752,911,729,251,71,42,74,281879100,3128,4877
"G1700430","2000","US","2","3","Illinois","17","Dupage","043",,,,,"0",,,,,,,,,,,,,"1602","14","N","1600","9999","9",,,,,,,,,"864034248","7636291","DuPage County","A","+41856029","-088063587","06",,,12.4,903525,636,9716,8540,8468,11110,12955,13747,14359,15009,14418,30549,42790,54538,35534,18396,17737,18145,24439009100,335321,300
"G1700450","2000","US","2","3","Illinois","17","Edgar","045",,,,,"0",,,,,,,,,,,,,"9999","99","9","9999","9999","9",,,,,,,,,"1614999349","1632124","Edgar County","A","+39668118","-087746849","06",,,22.6,9290,10414,774,581,634,774,617,522,728,496,358,784,741,510,110,81,67,82,255220800,4301,4310
"G1700470","2000","US","2","3","Illinois","17","Edwards","047",,,,,"0",,,,,,,,,,,,,"9999","99","9","9999","9999","9",,,,,,,,,"575879274","797996","Edwards County","A","+38398083","-088048393","06",,,28.1,0,6971,279,259,238,327,216,294,223,178,207,257,190,129,33,36,19,16,82064300,0,3199
"G1700490","2000","US","2","3","Illinois","17","Effingham","049",,,,,"0",,,,,,,,,,,,,"9999","99","9","9999","9999","9",,,,,,,,,"1239826162","3115242","Effingham County","A","+39069653","-088592280","06",,,23.6,13959,20305,1109,890,899,958,980,953,839,843,897,1361,1429,1053,326,173,173,141,479343000,6202,7757
"G1700510","2000","US","2","3","Illinois","17","Fayette","051",,,,,"0",,,,,,,,,,,,,"9999","99","9","9999","9999","9",,,,,,,,,"1855693082","22975523","Fayette County","A","+39000305","-088990889","06",,,25.0,7796,14006,904,765,679,746,679,751,550,475,386,805,682,452,143,52,64,26,258901500,2900,6153
"G1700530","2000","US","2","3","Illinois","17","Ford","053",,,,,"0",,,,,,,,,,,,,"9999","99","9","9999","9999","9",,,,,,,,,"1258473076","1339862","Ford County","A","+40552455","-088223413","06",,,21.6,8128,6113,340,397,444,418,438,495,436,402,328,645,431,567,182,54,34,29,196284000,3530,2530
"G1700550","2000","US","2","3","Illinois","17","Franklin","055",,,,,"0",,,,,,,,,,,,,"9999","99","9","9999","9999","9",,,,,,,,,"1067269330","50043890","Franklin County","A","+37974494","-088955152","06",,,24.6,20563,18455,2387,1797,1557,1510,1322,1255,1009,1014,782,1209,1131,853,280,135,76,74,420151200,9946,8159
"G1700570","2000","US","2","3","Illinois","17","Fulton","057",,,,,"0",,,,,,,,,,,,,"9999","99","9","9999","9999","9",,,,,,,,,"2241955768","43952645","Fulton County","A","+40499297","-090177649","06",,,25.5,17572,20678,1413,1320,1229,1391,1070,1281,1010,950,752,1375,1338,1082,346,139,103,116,466474000,7129,9111
"G1700590","2000","US","2","3","Illinois","17","Gallatin","059",,,,,"0",,,,,,,,,,,,,"9999","99","9","9999","9999","9",,,,,,,,,"838450715","12120660","Gallatin County","A","+37782056","-088233803","06",,,35.9,0,6445,509,309,244,233,218,147,174,162,123,193,191,122,18,31,20,23,64567000,0,3071
"G1700610","2000","US","2","3","Illinois","17","Greene","061",,,,,"0",,,,,,,,,,,,,"9999","99","9","9999","9999","9",,,,,,,,,"1406599772","8424874","Greene County","A","+39369540","-090383013","06",,,30.9,4643,10118,659,534,443,507,544,545,407,331,281,468,522,329,90,35,37,25,162519300,2056,4276
"G1700630","2000","US","2","3","Illinois","17","Grundy","063",,,,,"0",,,,,,,,,,,,,"1602","14","N","1600","9999","9",,,,,,,,,"1087542889","27240335","Grundy County","A","+41309747","-088366716","06",,,22.6,23030,14505,778,697,628,675,756,890,757,897,742,1411,2098,2179,1065,366,237,124,683906000,9378,5662
"G1700650","2000","US","2","3","Illinois","17","Hamilton","065",,,,,"0",,,,,,,,,,,,,"9999","99","9","9999","9999","9",,,,,,,,,"1127069640","1746467","Hamilton County","A","+38096779","-088536242","06",,,19.6,2866,5755,503,299,321,293,294,281,219,237,98,330,295,174,80,27,23,25,94806200,1407,2576
"G1700670","2000","US","2","3","Illinois","17","Hancock","067",,,,,"0",,,,,,,,,,,,,"9999","99","9","9999","9999","9",,,,,,,,,"2058061147","51585223","Hancock County","A","+40424406","-091187696","06",,,30.8,5806,14315,628,644,585,671,655,638,547,552,465,942,888,526,194,57,45,51,266576200,2630,6279
"G1700690","2000","US","2","3","Illinois","17","Hardin","069",,,,,"0",,,,,,,,,,,,,"9999","99","9","9999","9999","9",,,,,,,,,"461881212","8287483","Hardin County","A","+37470687","-088281762","06",,,29.5,0,4800,317,183,213,209,138,154,114,144,99,126,102,99,41,2,2,22,48853000,0,2494
"G1700710","2000","US","2","3","Illinois","17","Henderson","071",,,,,"0",,,,,,,,,,,,,"9999","99","9","9999","9999","9",,,,,,,,,"981118459","42248329","Henderson County","A","+40833378","-090946340","06",,,36.9,121,8092,269,267,200,305,328,232,251,267,193,341,329,238,85,30,6,24,111574100,60,4066
"G1700730","2000","US","2","3","Illinois","17","Henry","073",,,,,"0",,,,,,,,,,,,,"1960","99","N","9999","9999","9",,,,,,,,,"2132110339","6176134","Henry County","A","+41351751","-090120495","06",,,21.0,28377,22643,1483,1304,1487,1510,1521,1428,1333,1244,1063,2077,2247,2038,661,358,198,105,725841000,12273,8997
"G1700750","2000","US","2","3","Illinois","17","Iroquois","075",,,,,"0",,,,,,,,,,,,,"9999","99","9","9999","9999","9",,,,,,,,,"2891534000","4151211","Iroquois County","A","+40749055","-087833796","06",,,34.6,8660,22674,966,877,915,965,981,851,862,723,743,1360,1377,897,327,128,105,135,430263300,3710,9652
"G1700770","2000","US","2","3","Illinois","17","Jackson","077",,,,,"0",,,,,,,,,,,,,"9999","99","9","9999","9999","9",,,,,,,,,"1523235581","37301738","Jackson County","A","+37769401","-089314721","06",,,16.7,37449,22163,5553,2499,2060,2056,1359,1390,1216,1273,1005,1496,1714,1362,588,234,230,258,710080100,17128,9716
"G1700790","2000","US","2","3","Illinois","17","Jasper","079",,,,,"0",,,,,,,,,,,,,"9999","99","9","9999","9999","9",,,,,,,,,"1280499931","9364378","Jasper County","A","+39009625","-088140296","06",,,20.4,3155,6962,322,363,298,384,301,309,241,177,246,408,479,243,91,37,9,21,128781000,1539,2755
"G1700810","2000","US","2","3","Illinois","17","Jefferson","081",,,,,"0",,,,,,,,,,,,,"9999","99","9","9999","9999","9",,,,,,,,,"1478768461","33040991","Jefferson County","A","+38310378","-088915252","06",,,27.5,17482,22563,1942,1268,1224,1200,1207,1083,1044,1004,866,1427,1241,1050,405,121,121,148,513960100,8408,8582
"G1700830","2000","US","2","3","Illinois","17","Jersey","083",,,,,"0",,,,,,,,,,,,,"7040","99","N","9999","9999","9",,,,,,,,,"956113325","20361792","Jersey County","A","+39083608","-090342138","06",,,19.1,8277,13391,557,602,659,481,467,515,485,610,465,852,933,832,266,149,104,115,326169500,3509,5409
"G1700850","2000","US","2","3","Illinois","17","Jo Daviess","085",,,,,"0",,,,,,,,,,,,,"9999","99","9","9999","9999","9",,,,,,,,,"1556790300","45674718","Jo Daviess County","A","+42393139","-090235822","06",,,28.2,6407,15882,687,516,618,766,667,668,609,690,546,989,1023,752,252,160,135,122,346167600,3103,8900
"G1700870","2000","US","2","3","Illinois","17","Johnson","087",,,,,"0",,,,,,,,,,,,,"9999","99","9","9999","9999","9",,,,,,,,,"892580171","11004603","Johnson County","A","+37466033","-088894637","06",,,28.0,2676,10202,489,356,359,366,293,293,327,253,165,374,354,314,87,49,8,67,174499100,21,5025
"G1700890","2000","US","2","3","Illinois","17","Kane","089",,,,,"0",,,,,,,,,,,,,"1602","14","N","1600","9999","9",,,,,,,,,"1347922501","9439462","Kane County","A","+41918229","-088338441","06",,,13.2,379072,25047,5511,4486,4980,6032,6163,6495,7094,6828,6772,13305,18053,20750,11783,5689,5128,4664,8490633800,130093,8905
"G1700910","2000","US","2","3","Illinois","17","Kankakee","091",,,,,"0",,,,,,,,,,,,,"1602","14","N","3740","9999","9",,,,,,,,,"1752772109","12162047","Kankakee County","A","+41137091","-087842340","06",,,18.1,75834,27999,3160,2825,2300,2585,2550,2609,2301,2268,2038,3928,4458,4168,1493,690,385,451,1582409000,30093,10517
"G1700930","2000","US","2","3","Illinois","17","Kendall","093",,,,,"0",,,,,,,,,,,,,"1602","14","N","1600","9999","9",,,,,,,,,"830294774","5414036","Kendall County","A","+41641529","-088424929","06",,,13.6,40201,14343,435,378,686,622,770,783,917,936,918,1982,3252,3635,1656,911,563,345,1210801300,14631,4888
"G1700950","2000","US","2","3","Illinois","17","Knox","095",,,,,"0",,,,,,,,,,,,,"9999","99","9","9999","9999","9",,,,,,,,,"1855158547","8851277","Knox County","A","+40939735","-090290825","06",,,18.8,41983,13853,1964,1770,1753,1764,1782,1868,1461,1359,1334,2209,2151,1475,598,212,172,184,732070000,17650,6067
"G1700970","2000","US","2","3","Illinois","17","Lake","097",,,,,"0",,,,,,,,,,,,,"1602","14","N","1600","9999","9",,,,,,,,,"1159184623","2383790404","Lake County","A","+42313322","-087983801","06",,,14.4,633330,11026,8574,5944,7341,8413,8615,9502,9361,10064,9091,18442,26145,31966,21216,11881,12549,17380,17519371200,221664,4255
"G1700990","2000","US","2","3","Illinois","17","La Salle","099",,,,,"0",,,,,,,,,,,,,"9999","99","9","9999","9999","9",,,,,,,,,"2939419691","33986314","La Salle County","A","+41332155","-088904285","06",,,23.1,77659,33850,3122,3489,3079,3349,2909,2855,2689,2549,2164,4548,5236,4474,1546,595,360,382,1661548800,33792,12646
"G1701010","2000","US","2","3","Illinois","17","Lawrence","101",,,,,"0",,,,,,,,,,,,,"9999","99","9","9999","9999","9",,,,,,,,,"963433244","5076462","Lawrence County","A","+38723770","-087720031","06",,,21.1,7919,7533,765,697,537,582,533,523,405,361,350,523,467,318,95,58,59,46,178258500,3644,3370
"G1701030","2000","US","2","3","Illinois","17","Lee","103",,,,,"0",,,,,,,,,,,,,"9999","99","9","9999","9999","9",,,,,,,,,"1878683655","10158806","Lee County","A","+41774245","-089352013","06",,,21.9,20135,15927,860,842,884,1001,902,1012,974,854,811,1524,1441,1247,458,175,149,124,529097800,7878,6432
"G1701050","2000","US","2","3","Illinois","17","Livingston","105",,,,,"0",,,,,,,,,,,,,"9999","99","9","9999","9999","9",,,,,,,,,"2703325383","4333369","Livingston County","A","+40903217","-088565955","06",,,25.1,23335,16343,1015,951,903,1126,997,1003,833,1204,882,1501,1622,1385,519,244,123,92,572501100,8778,6519
"G1701070","2000","US","2","3","Illinois","17","Logan","107",,,,,"0",,,,,,,,,,,,,"9999","99","9","9999","9999","9",,,,,,,,,"1600974150","2242885","Logan County","A","+40143596","-089365106","06",,,24.8,18287,12896,783,802,787,1000,691,810,765,695,604,1171,1323,990,403,131,107,45,427065000,6553,5319
"G1701090","2000","US","2","3","Illinois","17","McDonough","109",,,,,"0",,,,,,,,,,,,,"9999","99","9","9999","9999","9",,,,,,,,,"1526202798","1943173","McDonough County","A","+40472379","-090670355","06",,,20.8,22516,10397,2040,1045,1011,882,829,807,896,758,588,1106,983,824,311,129,102,79,388685500,8828,4461
"G1701110","2000","US","2","3","Illinois","17","McHenry","111",,,,,"0",,,,,,,,,,,,,"1602","14","N","1600","9999","9",,,,,,,,,"1563078834","19746035","McHenry County","A","+42296401","-088353772","06",,,14.6,228772,31305,2534,2587,2740,2899,3502,4179,3951,4305,4162,9188,13529,16329,9019,3922,3687,2844,6017349200,81611,11297
"G1701130","2000","US","2","3","Illinois","17","McLean","113",,,,,"0",,,,,,,,,,,,,"1040","99","N","9999","9999","9",,,,,,,,,"3065321876","7143544","McLean County","A","+40495251","-088883582","06",,,17.4,115932,34501,4195,3014,3352,3486,3292,3474,3195,3104,2870,5446,7047,6623,3738,1689,1243,1024,2809938200,46452,13520
"G1701150","2000","US","2","3","Illinois","17","Macon","115",,,,,"0",,,,,,,,,,,,,"2040","99","N","9999","9999","9",,,,,,,,,"1503546813","12575217","Macon County","A","+39853136","-088953227","06",,,19.2,96544,18162,4953,3421,3156,3452,3420,3076,3083,2503,2374,4385,4919,4144,1744,751,467,670,1778767200,42866,7375
"G1701170","2000","US","2","3","Illinois","17","Macoupin","117",,,,,"0",,,,,,,,,,,,,"9999","99","9","9999","9999","9",,,,,,,,,"2236646294","10458238","Macoupin County","A","+39231191","-089877556","06",,,24.2,20349,28670,1787,1526,1398,1402,1460,1671,1421,1283,1109,1915,1901,1435,497,227,141,109,630803300,8858,12239
"G1701190","2000","US","2","3","Illinois","17","Madison","119",,,,,"0",,,,,,,,,,,,,"7040","99","N","9999","9999","9",,,,,,,,,"1877788394","39709004","Madison County","A","+38812515","-090018837","06",,,14.5,221137,37804,8923,6707,6249,6867,6663,6806,6546,6105,5292,10258,11896,10557,4573,1934,1364,1218,4106265500,94775,14167
"G1701210","2000","US","2","3","Illinois","17","Marion","121",,,,,"0",,,,,,,,,,,,,"9999","99","9","9999","9999","9",,,,,,,,,"1482156493","8912592","Marion County","A","+38614865","-088993656","06",,,24.5,24326,17365,1737,1441,1331,1164,1317,1257,1299,1056,912,1623,1588,1050,418,163,102,158,537310800,10903,7119
"G1701230","2000","US","2","3","Illinois","17","Marshall","123",,,,,"0",,,,,,,,,,,,,"9999","99","9","9999","9999","9",,,,,,,,,"999896316","32253288","Marshall County","A","+41048508","-089295467","06",,,29.4,2550,10630,320,302,330,452,419,325,362,361,309,684,611,488,160,41,59,24,182976500,1114,4800
"G1701250","2000","US","2","3","Illinois","17","Mason","125",,,,,"0",,,,,,,,,,,,,"9999","99","9","9999","9999","9",,,,,,,,,"1395854617","63263298","Mason County","A","+40260702","-089913299","06",,,24.0,6524,9514,565,417,540,505,536,479,503,372,363,730,642,444,136,72,30,43,205786100,2900,4133
"G1701270","2000","US","2","3","Illinois","17","Massac","127",,,,,"0",,,,,,,,,,,,,"9999","99","9","9999","9999","9",,,,,,,,,"619145951","7935615","Massac County","A","+37203007","-088742654","06",,,19.1,7557,7604,844,837,408,388,458,548,397,411,201,504,541,496,139,39,19,26,183485000,3809,3142
"G1701290","2000","US","2","3","Illinois","17","Menard","129",,,,,"0",,,,,,,,,,,,,"7880","99","N","9999","9999","9",,,,,,,,,"813896761","2916227","Menard County","A","+40032792","-089811751","06",,,28.9,3079,9407,307,250,293,300,275,313,341,234,348,552,666,573,221,73,46,83,210438500,1439,3846
"G1701310","2000","US","2","3","Illinois","17","Mercer","131",,,,,"0",,,,,,,,,,,,,"9999","99","9","9999","9999","9",,,,,,,,,"1453046630","20355646","Mercer County","A","+41201226","-090730320","06",,,28.0,3490,13467,493,369,476,495,478,482,417,416,389,845,803,555,216,56,54,46,241850400,1563,5546
"G1701330","2000","US","2","3","Illinois","17","Monroe","133",,,,,"0",,,,,,,,,,,,,"7040","99","N","9999","9999","9",,,,,,,,,"1005671538","24392101","Monroe County","A","+38329154","-090175233","06",,,16.1,15354,12265,441,413,447,399,568,573,569,485,514,1339,1574,1700,621,310,186,121,518550100,6214,4535
"G1701350","2000","US","2","3","Illinois","17","Montgomery","135",,,,,"0",,,,,,,,,,,,,"9999","99","9","9999","9999","9",,,,,,,,,"1822821203","15424970","Montgomery County","A","+39207454","-089500917","06",,,24.7,16173,14479,1411,1045,793,980,947,859,829,664,693,1005,1071,711,276,87,76,78,365096300,7252,5273
"G1701370","2000","US","2","3","Illinois","17","Morgan","137",,,,,"0",,,,,,,,,,,,,"9999","99","9","9999","9999","9",,,,,,,,,"1473074698","9083856","Morgan County","A","+39712954","-090215325","06",,,22.3,23604,13012,1289,961,1047,1001,1195,1168,844,944,856,1345,1401,1170,362,153,124,161,497294300,9858,5433
"G1701390","2000","US","2","3","Illinois","17","Moultrie","139",,,,,"0",,,,,,,,,,,,,"9999","99","9","9999","9999","9",,,,,,,,,"869190483","22979514","Moultrie County","A","+39635412","-088626340","06",,,28.7,4485,9802,400,287,355,348,452,526,339,365,352,589,598,498,149,93,36,40,200951200,2008,3735
"G1701410","2000","US","2","3","Illinois","17","Ogle","141",,,,,"0",,,,,,,,,,,,,"6880","99","N","9999","9999","9",,,,,,,,,"1965368722","11485500","Ogle County","A","+42025711","-089308985","06",,,19.6,26424,24608,1212,1300,878,1067,1285,1292,1259,1217,1129,1854,2571,2247,1046,406,250,216,837191500,10893,9527
"G1701430","2000","US","2","3","Illinois","17","Peoria","143",,,,,"0",,,,,,,,,,,,,"6120","99","N","9999","9999","9",,,,,,,,,"1604555696","29430618","Peoria County","A","+40752492","-089665063","06",,,16.3,156168,27265,7344,4939,4737,5114,5138,4630,4486,3794,3641,7010,7553,7222,3411,1363,1100,1257,2973721500,67735,10469
"G1701450","2000","US","2","3","Illinois","17","Perry","145",,,,,"0",,,,,,,,,,,,,"9999","99","9","9999","9999","9",,,,,,,,,"1142083828","15153833","Perry County","A","+38054426","-089349016","06",,,20.8,9994,13100,1034,697,702,594,696,723,650,564,483,786,717,546,148,44,37,64,277648800,4778,4679
"G1701470","2000","US","2","3","Illinois","17","Piatt","147",,,,,"0",,,,,,,,,,,,,"9999","99","9","9999","9999","9",,,,,,,,,"1139651250","808703","Piatt County","A","+39997207","-088577414","06",,,27.9,5098,11267,354,356,353,395,389,445,467,397,443,784,856,717,236,98,80,84,269586400,2209,4589
"G1701490","2000","US","2","3","Illinois","17","Pike","149",,,,,"0",,,,,,,,,,,,,"9999","99","9","9999","9999","9",,,,,,,,,"2150464165","48107632","Pike County","A","+39629292","-090886468","06",,,32.3,4126,13258,874,688,561,642,514,541,422,388,359,656,684,359,74,48,14,45,198271900,1938,6073
"G1701510","2000","US","2","3","Illinois","17","Pope","151",,,,,"0",,,,,,,,,,,,,"9999","99","9","9999","9999","9",,,,,,,,,"960531785","9776097","Pope County","A","+37411400","-088573261","06",,,23.0,0,4413,250,170,130,178,158,138,133,94,53,169,159,84,23,13,13,10,49141600,0,2351
"G1701530","2000","US","2","3","Illinois","17","Pulaski","153",,,,,"0",,,,,,,,,,,,,"9999","99","9","9999","9999","9",,,,,,,,,"520032959","6598181","Pulaski County","A","+37197155","-089132572","06",,,34.5,0,7348,610,348,262,201,211,203,172,133,147,182,176,164,46,3,4,10,68675300,0,3353
"G1701550","2000","US","2","3","Illinois","17","Putnam","155",,,,,"0",,,,,,,,,,,,,"9999","99","9","9999","9999","9",,,,,,,,,"413868679","32235199","Putnam County","A","+41226096","-089274381","06",,,37.5,0,6086,96,131,149,204,121,188,162,131,196,299,334,223,109,40,14,6,92324000,0,2888
"G1701570","2000","US","2","3","Illinois","17","Randolph","157",,,,,"0",,,,,,,,,,,,,"9999","99","9","9999","9999","9",,,,,,,,,"1498090643","48799890","Randolph County","A","+38079211","-089796877","06",,,21.6,19420,14473,1104,873,967,909,804,1028,777,866,740,1309,1323,762,325,142,47,109,436250800,7039,6289
"G1701590","2000","US","2","3","Illinois","17","Richland","159",,,,,"0",,,,,,,,,,,,,"9999","99","9","9999","9999","9",,,,,,,,,"932763611","4838953","Richland County","A","+38722200","-088094535","06",,,18.7,8734,7415,844,608,623,573,562,460,370,413,365,683,474,375,170,44,47,47,185723700,4323,3145
"G1701610","2000","US","2","3","Illinois","17","Rock Island","161",,,,,"0",,,,,,,,,,,,,"1960","99","N","9999","9999","9",,,,,,,,,"1105280677","63208511","Rock Island County","A","+41491433","-090507532","06",,,17.4,132797,16577,5339,4291,4534,4701,4467,4299,3644,3655,3291,5617,6385,5841,2382,930,661,649,2274989000,57989,6500
"G1701630","2000","US","2","3","Illinois","17","St Clair","163",,,,,"0",,,,,,,,,,,,,"7040","99","N","9999","9999","9",,,,,,,,,"1719253745","26278018","St. Clair County","A","+38532682","-090002067","06",,,14.2,229191,26891,10484,6620,6240,6636,7313,6189,5842,5362,5063,8864,10650,9289,3940,1890,1253,1142,3797239700,93928,10518
"G1701650","2000","US","2","3","Illinois","17","Saline","165",,,,,"0",,,,,,,,,,,,,"9999","99","9","9999","9999","9",,,,,,,,,"992766969","9496536","Saline County","A","+37753831","-088540840","06",,,17.5,16916,9817,1631,1155,985,1000,914,788,781,542,514,857,824,561,211,101,34,72,285679700,8034,4326
"G1701670","2000","US","2","3","Illinois","17","Sangamon","167",,,,,"0",,,,,,,,,,,,,"7880","99","N","9999","9999","9",,,,,,,,,"2248581464","22855343","Sangamon County","A","+39763854","-089646499","06",,,16.2,161365,27586,5642,4813,4962,5337,5056,5490,4995,4854,4253,7588,8967,8532,3840,1745,1263,1444,3477213700,74525,10934
"G1701690","2000","US","2","3","Illinois","17","Schuyler","169",,,,,"0",,,,,,,,,,,,,"9999","99","9","9999","9999","9",,,,,,,,,"1132637582","10545936","Schuyler County","A","+40143586","-090579100","06",,,19.5,3217,3972,311,238,232,273,223,192,255,206,214,327,220,148,49,21,47,15,94826500,1540,1764
"G1701710","2000","US","2","3","Illinois","17","Scott","171",,,,,"0",,,,,,,,,,,,,"9999","99","9","9999","9999","9",,,,,,,,,"649869187","4791467","Scott County","A","+39647927","-090478407","06",,,39.6,0,5537,222,157,201,192,160,114,149,194,131,241,224,141,46,23,12,9,71230000,0,2464
"G1701730","2000","US","2","3","Illinois","17","Shelby","173",,,,,"0",,,,,,,,,,,,,"9999","99","9","9999","9999","9",,,,,,,,,"1964534133","24712654","Shelby County","A","+39385719","-088799105","06",,,28.6,4710,18183,836,600,555,720,708,784,635,628,600,955,924,691,187,93,91,30,287362600,2239,7821
"G1701750","2000","US","2","3","Illinois","17","Stark","175",,,,,"0",,,,,,,,,,,,,"9999","99","9","9999","9999","9",,,,,,,,,"745755535","714176","Stark County","A","+41097764","-089802300","06",,,40.1,0,6332,223,183,187,212,212,202,189,182,142,256,263,162,56,22,16,9,77495800,0,2725
"G1701770","2000","US","2","3","Illinois","17","Stephenson","177",,,,,"0",,,,,,,,,,,,,"9999","99","9","9999","9999","9",,,,,,,,,"1461230391","1388256","Stephenson County","A","+42340808","-089642608","06",,,19.8,29906,19073,1680,1257,1391,1554,1285,1340,1281,1342,1147,2028,2276,1910,725,215,163,184,755224700,13905,7808
"G1701790","2000","US","2","3","Illinois","17","Tazewell","179",,,,,"0",,,,,,,,,,,,,"6120","99","N","9999","9999","9",,,,,,,,,"1680540029","23393536","Tazewell County","A","+40557333","-089540657","06",,,17.8,104571,23914,3153,2924,3105,3204,3369,3498,2813,2962,2819,5394,6603,5911,2349,995,706,569,2150942500,43537,9436
"G1701810","2000","US","2","3","Illinois","17","Union","181",,,,,"0",,,,,,,,,,,,,"9999","99","9","9999","9999","9",,,,,,,,,"1077851694","15454421","Union County","A","+37461737","-089248116","06",,,26.1,6821,11472,1006,624,684,643,579,526,505,467,358,613,506,499,144,84,27,55,212578800,3154,4740
"G1701830","2000","US","2","3","Illinois","17","Vermilion","183",,,,,"0",,,,,,,,,,,,,"9999","99","9","9999","9999","9",,,,,,,,,"2328606541","7915927","Vermilion County","A","+40156797","-087692434","06",,,20.8,59014,24905,3809,2786,2424,2828,2687,2629,2305,1996,1797,3164,3127,2397,749,293,204,183,1052295200,25971,10378
"G1701850","2000","US","2","3","Illinois","17","Wabash","185",,,,,"0",,,,,,,,,,,,,"9999","99","9","9999","9999","9",,,,,,,,,"578786625","11115526","Wabash County","A","+38430342","-087816801","06",,,20.7,7817,5120,702,361,374,355,440,404,369,296,314,542,483,275,148,52,52,24,160251400,3560,2198
"G1701870","2000","US","2","3","Illinois","17","Warren","187",,,,,"0",,,,,,,,,,,,,"9999","99","9","9999","9999","9",,,,,,,,,"1405122319","1674618","Warren County","A","+40876975","-090622695","06",,,24.7,10123,8612,609,541,617,456,631,594,470,462,485,679,721,572,174,92,49,23,235687000,4097,3690
"G1701890","2000","US","2","3","Illinois","17","Washington","189",,,,,"0",,,,,,,,,,,,,"9999","99","9","9999","9999","9",,,,,,,,,"1457147214","3912917","Washington County","A","+38366222","-089376927","06",,,31.9,3137,12011,406,336,451,409,446,442,355,389,366,661,720,494,198,47,56,72,224052300,1427,4958
"G1701910","2000","US","2","3","Illinois","17","Wayne","191",,,,,"0",,,,,,,,,,,,,"9999","99","9","9999","9999","9",,,,,,,,,"1848986002","4304987","Wayne County","A","+38419189","-088401393","06",,,32.2,5173,11978,889,676,617,745,601,477,460,513,407,676,547,319,118,46,26,34,197376800,2636,5314
"G1701930","2000","US","2","3","Illinois","17","White","193",,,,,"0",,,,,,,,,,,,,"9999","99","9","9999","9999","9",,,,,,,,,"1281708431","17680413","White County","A","+38104078","-088180096","06",,,23.0,5579,9792,841,644,683,632,519,460,491,386,304,492,516,344,127,27,50,32,173132500,2768,4625
"G1701950","2000","US","2","3","Illinois","17","Whiteside","195",,,,,"0",,,,,,,,,,,,,"9999","99","9","9999","9999","9",,,,,,,,,"1773546391","31707117","Whiteside County","A","+41778260","-089867831","06",,,20.8,39268,21385,1535,1573,1627,1837,1793,1783,1588,1609,1435,2704,2741,2081,671,315,201,251,868264600,16654,8371
"G1701970","2000","US","2","3","Illinois","17","Will","197",,,,,"0",,,,,,,,,,,,,"1602","14","N","1600","9999","9",,,,,,,,,"2167666114","32234514","Will County","A","+41527431","-088029840","06",,,13.8,469326,32940,6422,5034,5915,6347,6817,7934,7547,8285,8006,16883,24775,28499,16794,7858,5978,4508,10828763100,163395,12129
"G1701990","2000","US","2","3","Illinois","17","Williamson","199",,,,,"0",,,,,,,,,,,,,"9999","99","9","9999","9999","9",,,,,,,,,"1096636941","54291615","Williamson County","A","+37749230","-088972314","06",,,18.8,39200,22096,3364,2255,2236,2162,1859,1732,1641,1580,1387,2114,2021,1641,714,275,186,297,798163000,18437,9266
"G1702010","2000","US","2","3","Illinois","17","Winnebago","201",,,,,"0",,,,,,,,,,,,,"6880","99","N","9999","9999","9",,,,,,,,,"1330572400","14340767","Winnebago County","A","+42311119","-089081630","06",,,14.6,255521,22897,8484,6189,6537,6570,7225,6928,6574,6784,5736,11268,12806,12095,5293,2010,1748,1719,4796873600,105364,9040
"G1702030","2000","US","2","3","Illinois","17","Woodford","203",,,,,"0",,,,,,,,,,,,,"6120","99","N","9999","9999","9",,,,,,,,,"1367384872","38317003","Woodford County","A","+40783629","-089225144","06",,,27.8,14602,20867,592,461,650,738,762,668,693,795,827,1555,1899,1637,789,356,239,166,601101100,5431,8056
"G1800010","2000","US","2","3","Indiana","18","Adams","001",,,,,"0",,,,,,,,,,,,,"2760","99","N","9999","9999","9",,,,,,,,,"878938129","1485488","Adams County","A","+40744555","-084940506","06",,,16.8,14635,18990,746,768,695,1038,1007,763,749,895,773,1255,1198,1221,359,138,119,79,449231900,6377,6027
"G1800030","2000","US","2","3","Indiana","18","Allen","003",,,,,"0",,,,,,,,,,,,,"2760","99","N","9999","9999","9",,,,,,,,,"1702268870","7388974","Allen County","A","+41090284","-085100068","06",,,14.2,287516,44333,9320,7060,8266,8796,8773,8749,8342,8145,6967,12574,15463,13349,6423,2618,1754,2292,5941149900,123016,15889
"G1800050","2000","US","2","3","Indiana","18","Bartholomew","005",,,,,"0",,,,,,,,,,,,,"9999","99","9","9999","9999","9",,,,,,,,,"1053706192","6527955","Bartholomew County","A","+39211509","-085892211","06",,,15.3,48758,22677,1897,1515,1810,1812,1878,1916,1748,1632,1577,2971,3203,3232,1387,589,416,375,1246344300,20902,8951
"G1800070","2000","US","2","3","Indiana","18","Benton","007",,,,,"0",,,,,,,,,,,,,"9999","99","9","9999","9999","9",,,,,,,,,"1052338649","236014","Benton County","A","+40579571","-087314706","06",,,30.3,0,9421,213,228,236,284,294,297,248,240,217,441,404,327,102,35,18,0,127582500,0,3818
"G1800090","2000","US","2","3","Indiana","18","Blackford","009",,,,,"0",,,,,,,,,,,,,"9999","99","9","9999","9999","9",,,,,,,,,"427600367","790354","Blackford County","A","+40462132","-085340883","06",,,20.9,7087,6961,552,336,430,538,523,475,370,478,279,643,516,383,81,39,18,19,180584600,3202,2953
"G1800110","2000","US","2","3","Indiana","18","Boone","011",,,,,"0",,,,,,,,,,,,,"3480","99","N","9999","9999","9",,,,,,,,,"1095183694","1097913","Boone County","A","+40032080","-086450455","06",,,13.8,24968,21139,1029,939,837,922,1197,941,1019,866,840,1774,2047,1901,968,563,621,627,975467100,10041,7888
"G1800130","2000","US","2","3","Indiana","18","Brown","013",,,,,"0",,,,,,,,,,,,,"9999","99","9","9999","9999","9",,,,,,,,,"808760520","11286879","Brown County","A","+39228538","-086218138","06",,,17.4,0,14957,448,349,360,332,455,326,359,433,336,594,811,573,304,110,46,75,245055100,0,7163
"G1800150","2000","US","2","3","Indiana","18","Carroll","015",,,,,"0",,,,,,,,,,,,,"9999","99","9","9999","9999","9",,,,,,,,,"964143712","7243387","Carroll County","A","+40580759","-086584006","06",,,19.0,3968,16197,413,465,564,518,496,546,466,568,476,1013,919,713,333,126,53,48,316125900,1935,6740
"G1800170","2000","US","2","3","Indiana","18","Cass","017",,,,,"0",,,,,,,,,,,,,"9999","99","9","9999","9999","9",,,,,,,,,"1069323600","5323314","Cass County","A","+40746875","-086345234","06",,,15.5,21929,19001,1051,1100,941,1177,1445,1215,1030,1025,879,1742,1490,1526,613,217,104,117,601426500,9103,7517
"G1800190","2000","US","2","3","Indiana","18","Clark","019",,,,,"0",,,,,,,,,,,,,"4520","99","N","9999","9999","9",,,,,,,,,"971345543","3008476","Clark County","A","+38386482","-085727465","06",,,14.4,73790,22682,3092,2421,2534,2973,3044,2767,2494,2669,2002,3938,4405,3650,1554,505,415,311,1539957800,32411,8765
"G1800210","2000","US","2","3","Indiana","18","Clay","021",,,,,"0",,,,,,,,,,,,,"8320","99","N","9999","9999","9",,,,,,,,,"926223832","7189285","Clay County","A","+39439101","-087119952","06",,,19.3,10074,16482,920,746,780,809,691,842,782,728,715,856,1070,790,249,112,86,22,339860100,4516,6581
"G1800230","2000","US","2","3","Indiana","18","Clinton","023",,,,,"0",,,,,,,,,,,,,"3920","99","N","9999","9999","9",,,,,,,,,"1049193310","468720","Clinton County","A","+40288872","-086496578","06",,,16.1,16877,16989,937,994,807,908,913,836,757,731,696,1276,1698,1208,485,170,106,28,490618700,6740,6527
"G1800250","2000","US","2","3","Indiana","18","Crawford","025",,,,,"0",,,,,,,,,,,,,"9999","99","9","9999","9999","9",,,,,,,,,"791710530","8204002","Crawford County","A","+38306130","-086437222","06",,,26.2,0,10743,606,349,353,357,242,314,289,302,248,319,333,313,79,11,29,23,133158400,0,5138
"G1800270","2000","US","2","3","Indiana","18","Daviess","027",,,,,"0",,,,,,,,,,,,,"9999","99","9","9999","9999","9",,,,,,,,,"1115399472","16053700","Daviess County","A","+38698934","-087106867","06",,,19.3,12252,17568,1135,968,850,915,877,821,726,619,698,1055,1048,673,225,102,134,86,365608900,5409,6489
"G1800290","2000","US","2","3","Indiana","18","Dearborn","029",,,,,"0",,,,,,,,,,,,,"1642","21","N","1640","9999","9",,,,,,,,,"790496144","4759793","Dearborn County","A","+39135699","-084943303","06",,,14.6,17123,28986,998,831,753,1017,915,1109,1013,1065,873,2074,2243,2241,878,389,232,191,782666200,7178,10613
"G1800310","2000","US","2","3","Indiana","18","Decatur","031",,,,,"0",,,,,,,,,,,,,"9999","99","9","9999","9999","9",,,,,,,,,"965039242","2107040","Decatur County","A","+39317235","-085501652","06",,,19.2,10385,14170,707,560,449,784,758,740,648,662,595,1044,1054,884,297,74,75,89,370568400,4484,5508
"G1800330","2000","US","2","3","Indiana","18","DeKalb","033",,,,,"0",,,,,,,,,,,,,"2760","99","N","9999","9999","9",,,,,,,,,"939849684","2501129","DeKalb County","A","+41388868","-085017127","06",,,18.1,23395,16890,825,804,917,853,866,1155,1144,1025,960,1948,1977,1552,614,194,188,124,660169000,9787,6357
"G1800350","2000","US","2","3","Indiana","18","Delaware","035",,,,,"0",,,,,,,,,,,,,"5280","99","N","9999","9999","9",,,,,,,,,"1018621049","6819770","Delaware County","A","+40211893","-085396077","06",,,14.3,90921,27848,5689,3660,3788,3687,3648,3287,2783,2518,2161,4064,4495,3890,1627,757,390,687,1741687900,39698,11334
"G1800370","2000","US","2","3","Indiana","18","Dubois","037",,,,,"0",,,,,,,,,,,,,"9999","99","9","9999","9999","9",,,,,,,,,"1113917236","13317894","Dubois County","A","+38350091","-086900551","06",,,22.7,18724,20950,961,833,729,860,1083,1017,1007,1030,840,1786,1980,1523,546,183,158,228,666549800,7757,7754
"G1800390","2000","US","2","3","Indiana","18","Elkhart","039",,,,,"0",,,,,,,,,,,,,"2330","99","N","9999","9999","9",,,,,,,,,"1201271553","10448707","Elkhart County","A","+41626089","-085899404","06",,,13.3,142915,39876,3807,3434,4037,4480,4334,4663,4359,4314,4139,7742,8248,6608,2588,1140,1104,1127,3113831600,56533,13258
"G1800410","2000","US","2","3","Indiana","18","Fayette","041",,,,,"0",,,,,,,,,,,,,"9999","99","9","9999","9999","9",,,,,,,,,"556750300","413786","Fayette County","A","+39644201","-085157456","06",,,14.8,16814,8774,859,796,677,811,718,778,611,635,681,1116,1048,746,388,166,77,85,371261900,7527,3454
"G1800430","2000","US","2","3","Indiana","18","Floyd","043",,,,,"0",,,,,,,,,,,,,"4520","99","N","9999","9999","9",,,,,,,,,"383314416","809536","Floyd County","A","+38316931","-085863288","06",,,15.6,56150,14673,2241,1611,1504,1651,1875,1623,1779,1778,1587,2664,2928,3304,1384,645,467,491,1289652100,23717,5370
"G1800450","2000","US","2","3","Indiana","18","Fountain","045",,,,,"0",,,,,,,,,,,,,"9999","99","9","9999","9999","9",,,,,,,,,"1024835884","5766410","Fountain County","A","+40139160","-087257568","06",,,21.1,6193,11761,552,525,470,522,582,514,592,488,422,754,768,584,145,37,36,70,248743800,2773,4919
"G1800470","2000","US","2","3","Indiana","18","Franklin","047",,,,,"0",,,,,,,,,,,,,"9999","99","9","9999","9999","9",,,,,,,,,"999742432","13812540","Franklin County","A","+39416701","-085069631","06",,,19.3,4521,17630,530,484,483,511,440,596,477,538,443,830,1096,795,318,125,112,79,338791300,1920,6676
"G1800490","2000","US","2","3","Indiana","18","Fulton","049",,,,,"0",,,,,,,,,,,,,"9999","99","9","9999","9999","9",,,,,,,,,"954430483","7424213","Fulton County","A","+41057846","-086241036","06",,,17.3,7252,13259,524,562,624,759,660,551,524,523,467,862,950,695,192,74,65,45,295712900,3538,5585
"G1800510","2000","US","2","3","Indiana","18","Gibson","051",,,,,"0",,,,,,,,,,,,,"9999","99","9","9999","9999","9",,,,,,,,,"1265945055","26592852","Gibson County","A","+38317700","-087558364","06",,,21.2,15083,17417,1157,968,954,1072,895,899,795,1038,574,1310,1391,1082,448,112,76,67,458265400,6847,7278
"G1800530","2000","US","2","3","Indiana","18","Grant","053",,,,,"0",,,,,,,,,,,,,"9999","99","9","9999","9999","9",,,,,,,,,"1072329368","2087962","Grant County","A","+40520940","-085648911","06",,,17.0,52278,21125,2675,2130,2398,2079,2237,2123,1915,1686,1372,2756,2732,2537,944,275,164,310,1011493500,22209,8351
"G1800550","2000","US","2","3","Indiana","18","Greene","055",,,,,"0",,,,,,,,,,,,,"9999","99","9","9999","9999","9",,,,,,,,,"1403069250","10822532","Greene County","A","+39051476","-087037411","06",,,17.9,11637,21520,1408,1227,1144,1038,1137,890,983,808,728,1104,1201,1134,372,64,64,63,430770000,5577,9476
"G1800570","2000","US","2","3","Indiana","18","Hamilton","057",,,,,"0",,,,,,,,,,,,,"3480","99","N","9999","9999","9",,,,,,,,,"1030659443","12400138","Hamilton County","A","+40031229","-086065824","06",,,11.3,161477,21263,1874,1601,2002,2236,2248,2560,2687,2646,2517,5906,8874,11813,7081,4031,3432,4484,5307546600,61707,7771
"G1800590","2000","US","2","3","Indiana","18","Hancock","059",,,,,"0",,,,,,,,,,,,,"3480","99","N","9999","9999","9",,,,,,,,,"792860060","1573047","Hancock County","A","+39820991","-085790803","06",,,11.7,34682,20709,784,670,990,1263,1202,1015,1121,1131,932,2101,2925,3174,1896,556,564,487,1140319900,13975,7775
"G1800610","2000","US","2","3","Indiana","18","Harrison","061",,,,,"0",,,,,,,,,,,,,"4520","99","N","9999","9999","9",,,,,,,,,"1256707048","4298352","Harrison County","A","+38213797","-086107584","06",,,17.7,4367,29958,768,715,919,694,796,978,900,962,904,1427,1623,1261,518,207,119,133,550592400,1933,11766
"G1800630","2000","US","2","3","Indiana","18","Hendricks","063",,,,,"0",,,,,,,,,,,,,"3480","99","N","9999","9999","9",,,,,,,,,"1057734962","1249174","Hendricks County","A","+39769192","-086452581","06",,,11.1,73236,30857,1578,1402,1487,1545,1843,2029,2249,2207,1944,4260,5499,5739,2970,1413,769,389,2089897500,27698,11531
"G1800650","2000","US","2","3","Indiana","18","Henry","065",,,,,"0",,,,,,,,,,,,,"9999","99","9","9999","9999","9",,,,,,,,,"1017676405","5101891","Henry County","A","+39923532","-085405985","06",,,18.1,26917,21591,1490,1382,1554,1535,1376,1361,1516,1202,930,1781,2206,1657,924,304,126,162,718052600,11953,8639
"G1800670","2000","US","2","3","Indiana","18","Howard","067",,,,,"0",,,,,,,,,,,,,"3850","99","N","9999","9999","9",,,,,,,,,"759039097","2229896","Howard County","A","+40475438","-086126407","06",,,14.5,66365,18599,2697,2020,2383,2459,2091,2303,1918,2006,1590,3614,3947,4235,1837,817,575,354,1491712300,30548,7056
"G1800690","2000","US","2","3","Indiana","18","Huntington","069",,,,,"0",,,,,,,,,,,,,"2760","99","N","9999","9999","9",,,,,,,,,"990911815","13853095","Huntington County","A","+40836839","-085477295","06",,,20.2,18397,19678,757,915,890,1134,1136,1064,925,833,961,1738,1667,1296,515,167,111,168,606172600,7633,7636
"G1800710","2000","US","2","3","Indiana","18","Jackson","071",,,,,"0",,,,,,,,,,,,,"9999","99","9","9999","9999","9",,,,,,,,,"1319119215","11495954","Jackson County","A","+38917112","-085979889","06",,,16.7,23238,18097,1267,1036,1007,1201,1273,1154,1208,1189,1046,1690,1790,1299,437,189,155,144,605049500,9798,7339
"G1800730","2000","US","2","3","Indiana","18","Jasper","073",,,,,"0",,,,,,,,,,,,,"9999","99","9","9999","9999","9",,,,,,,,,"1450045348","3514142","Jasper County","A","+41022050","-087133815","06",,,17.3,11634,18409,705,642,577,628,700,725,731,827,617,1071,1513,1128,452,125,84,147,464278000,4512,6724
"G1800750","2000","US","2","3","Indiana","18","Jay","075",,,,,"0",,,,,,,,,,,,,"9999","99","9","9999","9999","9",,,,,,,,,"993614553","465184","Jay County","A","+40425659","-085030582","06",,,20.5,9388,12418,741,645,502,663,726,808,653,625,592,821,776,573,150,40,26,63,276283700,4246,4828
"G1800770","2000","US","2","3","Indiana","18","Jefferson","077",,,,,"0",,,,,,,,,,,,,"9999","99","9","9999","9999","9",,,,,,,,,"935931397","4081365","Jefferson County","A","+38766912","-085436056","06",,,16.0,17454,14251,1101,768,845,946,950,907,808,839,763,1260,1216,1143,343,144,92,47,434431200,7436,5950
"G1800790","2000","US","2","3","Indiana","18","Jennings","079",,,,,"0",,,,,,,,,,,,,"9999","99","9","9999","9999","9",,,,,,,,,"977006491","2919492","Jennings County","A","+39000810","-085626827","06",,,14.3,11383,16171,837,504,707,630,761,866,892,950,657,1265,837,708,354,100,41,87,379524900,5297,6172
"G1800810","2000","US","2","3","Indiana","18","Johnson","081",,,,,"0",,,,,,,,,,,,,"3480","99","N","9999","9999","9",,,,,,,,,"829297013","3531854","Johnson County","A","+39513686","-086100823","06",,,12.2,95795,19414,1948,1903,2103,2355,2115,2425,2596,2120,2204,4808,5852,6064,3222,1255,825,715,2245480100,37828,7267
"G1800830","2000","US","2","3","Indiana","18","Knox","083",,,,,"0",,,,,,,,,,,,,"9999","99","9","9999","9999","9",,,,,,,,,"1336004527","21294379","Knox County","A","+38697416","-087418937","06",,,17.7,25141,14115,2330,1485,1285,1291,977,1193,879,915,835,1298,1311,915,444,173,130,79,486912600,11273,6032
"G1800850","2000","US","2","3","Indiana","18","Kosciusko","085",,,,,"0",,,,,,,,,,,,,"9999","99","9","9999","9999","9",,,,,,,,,"1392125540","43602648","Kosciusko County","A","+41264505","-085833206","06",,,18.3,34502,39555,1528,1349,1711,1777,1967,1881,1932,1852,1927,3205,3319,2565,1119,463,322,393,1204950700,15338,16850
"G1800870","2000","US","2","3","Indiana","18","Lagrange","087",,,,,"0",,,,,,,,,,,,,"9999","99","9","9999","9999","9",,,,,,,,,"983064819","18525491","LaGrange County","A","+41645075","-085428214","06",,,18.8,3245,31664,669,462,668,808,832,893,826,816,751,1425,1344,1046,331,172,87,112,481804300,1328,11610
"G1800890","2000","US","2","3","Indiana","18","Lake","089",,,,,"0",,,,,,,,,,,,,"1602","14","N","2960","9999","9",,,,,,,,,"1287184722","335035775","Lake County","A","+41529603","-087395253","06",,,13.0,462042,22522,18523,11754,11147,11452,12119,10933,10494,10378,9398,17657,20686,19995,8715,3438,2518,2382,7620127500,186790,8202
"G1800910","2000","US","2","3","Indiana","18","LaPorte","091",,,,,"0",,,,,,,,,,,,,"9999","99","9","9999","9999","9",,,,,,,,,"1549429105","38336917","LaPorte County","A","+41599217","-086779261","06",,,15.5,71090,39016,3177,2444,2762,2928,3063,2607,2713,2543,2244,4379,5179,4119,1566,538,434,390,1688555100,30193,15428
"G1800930","2000","US","2","3","Indiana","18","Lawrence","093",,,,,"0",,,,,,,,,,,,,"9999","99","9","9999","9999","9",,,,,,,,,"1162466015","8390544","Lawrence County","A","+38840482","-086485148","06",,,14.6,20278,25644,1813,1255,1537,1276,1459,1470,1268,1410,828,1833,1875,1561,557,155,96,94,643240900,9579,10981
"G1800950","2000","US","2","3","Indiana","18","Madison","095",,,,,"0",,,,,,,,,,,,,"3480","99","N","9999","9999","9",,,,,,,,,"1171010928","2022316","Madison County","A","+40145940","-085719201","06",,,13.7,101995,31363,4185,3803,3576,4590,3740,3854,3468,3225,2862,4915,5532,5222,2154,785,506,576,2012053200,44222,12717
"G1800970","2000","US","2","3","Indiana","18","Marion","097",,,,,"0",,,,,,,,,,,,,"3480","99","N","9999","9999","9",,,,,,,,,"1026279857","17585955","Marion County","C","+39792792","-086141810","06",,,11.8,851873,8581,30072,21695,23249,25592,24870,25216,23298,21038,18184,33342,37011,33978,15805,7303,5595,6013,15547401400,383862,3321
"G1800990","2000","US","2","3","Indiana","18","Marshall","099",,,,,"0",,,,,,,,,,,,,"9999","99","9","9999","9999","9",,,,,,,,,"1150665571","14633440","Marshall County","A","+41331349","-086268543","06",,,18.8,16635,28493,865,1032,1077,1051,1169,1162,1230,1191,1155,1887,1926,1631,530,278,129,190,678220800,6814,11285
"G1801010","2000","US","2","3","Indiana","18","Martin","101",,,,,"0",,,,,,,,,,,,,"9999","99","9","9999","9999","9",,,,,,,,,"870588814","11373992","Martin County","A","+38724504","-086833305","06",,,18.3,2761,7608,416,368,279,315,299,364,249,336,300,398,419,272,79,51,24,27,141288100,1333,3396
"G1801030","2000","US","2","3","Indiana","18","Miami","103",,,,,"0",,,,,,,,,,,,,"9999","99","9","9999","9999","9",,,,,,,,,"972849489","4512147","Miami County","A","+40753246","-086053583","06",,,15.7,18255,17827,1037,992,1044,883,1083,976,961,939,936,1330,1568,1175,450,113,95,97,509186300,8017,7282
"G1801050","2000","US","2","3","Indiana","18","Monroe","105",,,,,"0",,,,,,,,,,,,,"1020","99","N","9999","9999","9",,,,,,,,,"1021351780","43955450","Monroe County","A","+39161997","-086540369","06",,,12.0,92483,28080,6832,3850,3800,3541,3144,3147,2495,2347,2019,3410,4345,3951,1873,936,606,643,1774627100,38377,12469
"G1801070","2000","US","2","3","Indiana","18","Montgomery","107",,,,,"0",,,,,,,,,,,,,"9999","99","9","9999","9999","9",,,,,,,,,"1306678230","2140304","Montgomery County","A","+40032010","-086887139","06",,,20.2,16715,20914,1135,971,906,983,1016,936,1033,1076,874,1715,1727,1314,500,161,85,163,567146200,7191,8487
"G1801090","2000","US","2","3","Indiana","18","Morgan","109",,,,,"0",,,,,,,,,,,,,"3480","99","N","9999","9999","9",,,,,,,,,"1052753734","7552456","Morgan County","A","+39499253","-086412857","06",,,13.3,31131,35558,1581,1244,1447,1396,1460,1692,1338,1327,1315,2804,3532,3044,1279,390,270,354,1162203400,12506,13402
"G1801110","2000","US","2","3","Indiana","18","Newton","111",,,,,"0",,,,,,,,,,,,,"9999","99","9","9999","9999","9",,,,,,,,,"1040783341","4363716","Newton County","A","+40951375","-087402193","06",,,27.9,384,14182,440,238,354,398,383,362,416,418,380,604,673,438,134,56,36,43,205589000,111,5615
"G1801130","2000","US","2","3","Indiana","18","Noble","113",,,,,"0",,,,,,,,,,,,,"9999","99","9","9999","9999","9",,,,,,,,,"1064775038","16831334","Noble County","A","+41408138","-085413889","06",,,19.8,15544,30731,1067,914,884,1193,1286,1267,1141,1061,1078,1931,2207,1624,627,202,142,106,703898700,6184,12049
"G1801150","2000","US","2","3","Indiana","18","Ohio","115",,,,,"0",,,,,,,,,,,,,"1642","21","N","1640","9999","9",,,,,,,,,"224612911","1934679","Ohio County","A","+38948067","-084940039","06",,,20.3,0,5623,165,142,142,175,119,151,171,121,122,230,276,284,56,24,4,17,92440400,0,2424
"G1801170","2000","US","2","3","Indiana","18","Orange","117",,,,,"0",,,,,,,,,,,,,"9999","99","9","9999","9999","9",,,,,,,,,"1034754978","22482801","Orange County","A","+38561967","-086517884","06",,,17.3,6224,13082,996,617,602,724,656,612,510,542,371,613,654,421,123,95,36,86,255646500,2869,5479
"G1801190","2000","US","2","3","Indiana","18","Owen","119",,,,,"0",,,,,,,,,,,,,"9999","99","9","9999","9999","9",,,,,,,,,"997606598","6872342","Owen County","A","+39307950","-086818225","06",,,16.8,0,21786,635,521,617,732,763,686,565,584,410,873,841,644,197,107,45,61,295716700,0,9853
"G1801210","2000","US","2","3","Indiana","18","Parke","121",,,,,"0",,,,,,,,,,,,,"9999","99","9","9999","9999","9",,,,,,,,,"1151958364","13782456","Parke County","A","+39763805","-087219238","06",,,22.7,3003,14238,580,471,508,597,568,410,451,382,373,651,571,507,194,73,17,69,227635100,1481,6058
"G1801230","2000","US","2","3","Indiana","18","Perry","123",,,,,"0",,,,,,,,,,,,,"9999","99","9","9999","9999","9",,,,,,,,,"987805969","12812953","Perry County","A","+38012306","-086695887","06",,,21.3,8985,9914,779,597,480,526,604,500,520,478,423,775,737,515,159,59,80,24,249982500,4189,4034
"G1801250","2000","US","2","3","Indiana","18","Pike","125",,,,,"0",,,,,,,,,,,,,"9999","99","9","9999","9999","9",,,,,,,,,"870692004","12708620","Pike County","A","+38411987","-087237138","06",,,20.5,2616,10221,427,435,413,434,488,361,365,318,276,553,480,385,93,17,16,22,161112400,1249,4362
"G1801270","2000","US","2","3","Indiana","18","Porter","127",,,,,"0",,,,,,,,,,,,,"1602","14","N","2960","9999","9",,,,,,,,,"1082900386","268065565","Porter County","A","+41523510","-087086655","06",,,13.5,114735,32063,2903,2543,2708,2704,2764,2917,2868,2760,2819,6163,8189,8325,3414,1343,1056,1245,2953958500,45270,12346
"G1801290","2000","US","2","3","Indiana","18","Posey","129",,,,,"0",,,,,,,,,,,,,"2440","99","N","9999","9999","9",,,,,,,,,"1058010756","28353431","Posey County","A","+38025891","-087848770","06",,,20.4,8375,18686,820,585,639,634,650,702,529,631,474,1070,1429,1255,443,205,85,72,437430700,3646,7430
"G1801310","2000","US","2","3","Indiana","18","Pulaski","131",,,,,"0",,,,,,,,,,,,,"9999","99","9","9999","9999","9",,,,,,,,,"1123214862","2317449","Pulaski County","A","+41045238","-086690363","06",,,21.8,2531,11224,350,435,368,490,425,481,402,327,285,497,466,350,120,69,84,26,176141500,1170,4748
"G1801330","2000","US","2","3","Indiana","18","Putnam","133",,,,,"0",,,,,,,,,,,,,"9999","99","9","9999","9999","9",,,,,,,,,"1244000427","5887092","Putnam County","A","+39660304","-086840246","06",,,13.7,9669,26350,1051,770,828,1050,1078,781,832,787,702,1594,1081,1057,395,264,64,117,499204500,3488,10017
"G1801350","2000","US","2","3","Indiana","18","Randolph","135",,,,,"0",,,,,,,,,,,,,"9999","99","9","9999","9999","9",,,,,,,,,"1172831907","1016609","Randolph County","A","+40164503","-085004604","06",,,25.1,9966,17435,962,889,978,951,884,865,748,743,635,1054,1145,670,203,66,20,106,356895900,4660,7115
"G1801370","2000","US","2","3","Indiana","18","Ripley","137",,,,,"0",,,,,,,,,,,,,"9999","99","9","9999","9999","9",,,,,,,,,"1156068539","4024275","Ripley County","A","+39150121","-085241433","06",,,25.4,4812,21711,748,626,603,662,672,738,623,699,694,1113,1128,948,264,154,80,62,377190600,1939,8543
"G1801390","2000","US","2","3","Indiana","18","Rush","139",,,,,"0",,,,,,,,,,,,,"9999","99","9","9999","9999","9",,,,,,,,,"1057447250","874562","Rush County","A","+39621652","-085475672","06",,,15.6,7331,10930,597,546,423,512,620,498,454,581,352,704,693,562,257,80,35,46,270872000,3097,4240
"G1801410","2000","US","2","3","Indiana","18","St Joseph","141",,,,,"0",,,,,,,,,,,,,"7800","99","N","9999","9999","9",,,,,,,,,"1184506795","9404250","St. Joseph County","A","+41664783","-086241933","06",,,14.2,243099,22460,8108,6518,7182,7511,7052,7002,6335,6157,5272,10036,10653,9846,4312,1815,1341,1489,4247621800,98499,8514
"G1801430","2000","US","2","3","Indiana","18","Scott","143",,,,,"0",,,,,,,,,,,,,"4520","99","N","9999","9999","9",,,,,,,,,"493102309","6067249","Scott County","A","+38695829","-085765904","06",,,13.8,11308,11652,928,669,737,760,637,732,670,633,462,818,747,587,250,95,60,47,297167800,5072,4665
"G1801450","2000","US","2","3","Indiana","18","Shelby","145",,,,,"0",,,,,,,,,,,,,"3480","99","N","9999","9999","9",,,,,,,,,"1068729086","1221371","Shelby County","A","+39532818","-085779679","06",,,13.7,18952,24493,973,992,1073,966,1068,1098,1229,1183,882,1675,2024,1900,855,271,169,219,728640400,8334,9299
"G1801470","2000","US","2","3","Indiana","18","Spencer","147",,,,,"0",,,,,,,,,,,,,"9999","99","9","9999","9999","9",,,,,,,,,"1032591768","6594621","Spencer County","A","+38024372","-087013205","06",,,25.0,0,20391,517,418,515,462,581,537,476,507,478,892,883,798,282,132,34,45,302944300,0,8333
"G1801490","2000","US","2","3","Indiana","18","Starke","149",,,,,"0",,,,,,,,,,,,,"9999","99","9","9999","9999","9",,,,,,,,,"801110734","7776634","Starke County","A","+41271927","-086654352","06",,,18.4,7031,16525,763,637,757,626,685,613,567,689,567,850,923,594,252,85,43,78,303144500,3073,7128
"G1801510","2000","US","2","3","Indiana","18","Steuben","151",,,,,"0",,,,,,,,,,,,,"9999","99","9","9999","9999","9",,,,,,,,,"799592091","35634757","Steuben County","A","+41651551","-085009314","06",,,19.1,10472,22742,721,657,666,794,995,932,781,961,891,1480,1637,1262,406,226,135,177,553556500,5259,12078
"G1801530","2000","US","2","3","Indiana","18","Sullivan","153",,,,,"0",,,,,,,,,,,,,"9999","99","9","9999","9999","9",,,,,,,,,"1158231746","17730783","Sullivan County","A","+39100806","-087395420","06",,,22.3,7297,14454,830,623,708,689,640,609,568,496,439,595,732,461,192,129,24,42,272443500,2683,6121
"G1801550","2000","US","2","3","Indiana","18","Switzerland","155",,,,,"0",,,,,,,,,,,,,"9999","99","9","9999","9999","9",,,,,,,,,"572856219","6061090","Switzerland County","A","+38820999","-084989245","06",,,24.0,0,9065,341,314,230,296,247,184,256,252,219,350,369,264,60,14,18,56,126378600,0,4226
"G1801570","2000","US","2","3","Indiana","18","Tippecanoe","157",,,,,"0",,,,,,,,,,,,,"3920","99","N","9999","9999","9",,,,,,,,,"1294454176","8493456","Tippecanoe County","A","+40409485","-086880880","06",,,14.1,125844,23111,5876,4041,3769,3969,4075,3564,3066,3171,2681,5153,5326,5301,2419,1169,788,871,2383006500,49505,8838
"G1801590","2000","US","2","3","Indiana","18","Tipton","159",,,,,"0",,,,,,,,,,,,,"3850","99","N","9999","9999","9",,,,,,,,,"674395034","59501","Tipton County","A","+40305617","-086044956","06",,,19.1,5888,10689,368,372,400,353,350,436,327,357,415,682,842,933,419,140,46,59,301549200,2675,4173
"G1801610","2000","US","2","3","Indiana","18","Union","161",,,,,"0",,,,,,,,,,,,,"9999","99","9","9999","9999","9",,,,,,,,,"418407973","9583542","Union County","A","+39607816","-084917283","06",,,19.8,0,7349,172,148,252,232,245,241,247,214,104,287,259,237,84,31,18,27,117440300,0,3077
"G1801630","2000","US","2","3","Indiana","18","Vanderburgh","163",,,,,"0",,,,,,,,,,,,,"2440","99","N","9999","9999","9",,,,,,,,,"607539458","3013556","Vanderburgh County","A","+37989892","-087556964","06",,,13.3,154556,17366,6945,5446,5655,5408,5355,4715,4453,4379,3362,6663,6970,5756,2391,1001,847,1203,2722011600,69673,6627
"G1801650","2000","US","2","3","Indiana","18","Vermillion","165",,,,,"0",,,,,,,,,,,,,"8320","99","N","9999","9999","9",,,,,,,,,"665337903","7895535","Vermillion County","A","+39802926","-087443879","06",,,24.1,6951,9837,721,609,473,502,506,595,420,445,396,599,641,483,164,75,52,97,251038800,3190,4215
"G1801670","2000","US","2","3","Indiana","18","Vigo","167",,,,,"0",,,,,,,,,,,,,"8320","99","N","9999","9999","9",,,,,,,,,"1044528005","18574943","Vigo County","A","+39456887","-087391268","06",,,14.7,79449,26399,4971,3603,3379,3590,3185,2645,2465,2382,2235,3278,3946,2765,1176,621,397,408,1437859200,34396,10807
"G1801690","2000","US","2","3","Indiana","18","Wabash","169",,,,,"0",,,,,,,,,,,,,"9999","99","9","9999","9999","9",,,,,,,,,"1070106158","20470741","Wabash County","A","+40856664","-085806219","06",,,15.7,18144,16816,801,865,934,862,1108,1114,860,1009,798,1597,1395,1240,385,95,109,88,498108700,7479,6555
"G1801710","2000","US","2","3","Indiana","18","Warren","171",,,,,"0",,,,,,,,,,,,,"9999","99","9","9999","9999","9",,,,,,,,,"945042591","4447350","Warren County","A","+40311628","-087362680","06",,,28.9,0,8419,212,206,196,244,210,207,254,199,234,405,400,244,157,41,11,19,125290300,0,3477
"G1801730","2000","US","2","3","Indiana","18","Warrick","173",,,,,"0",,,,,,,,,,,,,"2440","99","N","9999","9999","9",,,,,,,,,"994748387","17574343","Warrick County","A","+38047646","-087304258","06",,,14.2,37396,14987,948,1056,981,969,1075,1350,1245,1288,1061,2030,2694,2500,1214,423,295,337,976060200,14572,5974
"G1801750","2000","US","2","3","Indiana","18","Washington","175",,,,,"0",,,,,,,,,,,,,"9999","99","9","9999","9999","9",,,,,,,,,"1332330769","5480035","Washington County","A","+38589628","-086096807","06",,,19.3,6261,20962,1003,668,878,861,736,706,760,671,589,1142,1039,711,249,63,72,97,373157900,2766,8425
"G1801770","2000","US","2","3","Indiana","18","Wayne","177",,,,,"0",,,,,,,,,,,,,"9999","99","9","9999","9999","9",,,,,,,,,"1045232235","2012939","Wayne County","A","+39840126","-084986884","06",,,16.8,48989,22108,2926,2139,2391,2358,2259,2196,1757,1806,1488,2784,2802,2024,825,270,218,220,973651600,21723,8745
"G1801790","2000","US","2","3","Indiana","18","Wells","179",,,,,"0",,,,,,,,,,,,,"2760","99","N","9999","9999","9",,,,,,,,,"958190248","1158035","Wells County","A","+40743854","-085210324","06",,,18.8,13400,14200,564,543,621,713,757,710,749,695,642,1275,1369,1076,435,155,47,81,436486900,5745,5225
"G1801810","2000","US","2","3","Indiana","18","White","181",,,,,"0",,,,,,,,,,,,,"9999","99","9","9999","9999","9",,,,,,,,,"1308556440","9232269","White County","A","+40748174","-086831515","06",,,20.7,8805,16462,509,535,762,954,697,559,733,716,681,1195,1164,705,282,111,84,45,368596800,4637,7446
"G1801830","2000","US","2","3","Indiana","18","Whitley","183",,,,,"0",,,,,,,,,,,,,"2760","99","N","9999","9999","9",,,,,,,,,"868990227","6167484","Whitley County","A","+41152809","-085502004","06",,,19.3,7439,23268,689,535,684,683,792,801,804,821,580,1459,1602,1315,515,188,136,121,527146700,3337,9208
"G1900010","2000","US","2","4","Iowa","19","Adair","001",,,,,"0",,,,,,,,,,,,,"9999","99","9","9999","9999","9",,,,,,,,,"1474485803","2599847","Adair County","A","+41345508","-094471930","06",,,35.1,0,8243,270,235,331,282,263,308,231,262,218,355,351,170,69,20,18,15,104012300,0,3690
"G1900030","2000","US","2","4","Iowa","19","Adams","003",,,,,"0",,,,,,,,,,,,,"9999","99","9","9999","9999","9",,,,,,,,,"1096962674","4832129","Adams County","A","+41022252","-094711809","06",,,27.0,0,4482,177,170,193,201,178,138,104,93,116,227,121,88,36,13,8,0,51509200,0,2109
"G1900050","2000","US","2","4","Iowa","19","Allamakee","005",,,,,"0",,,,,,,,,,,,,"9999","99","9","9999","9999","9",,,,,,,,,"1656463701","49583439","Allamakee County","A","+43268358","-091370554","06",,,26.9,4132,10543,491,429,518,481,527,514,435,429,370,488,438,385,103,57,26,39,177646400,1872,5270
"G1900070","2000","US","2","4","Iowa","19","Appanoose","007",,,,,"0",,,,,,,,,,,,,"9999","99","9","9999","9999","9",,,,,,,,,"1285285927","52046608","Appanoose County","A","+40751359","-092863972","06",,,27.4,5580,8141,890,530,581,505,541,503,371,419,308,425,339,236,65,24,25,30,145394500,2820,3877
"G1900090","2000","US","2","4","Iowa","19","Audubon","009",,,,,"0",,,,,,,,,,,,,"9999","99","9","9999","9999","9",,,,,,,,,"1147703950","1151262","Audubon County","A","+41666458","-094916461","06",,,28.9,0,6830,257,245,277,197,264,255,209,211,169,231,183,132,55,19,29,34,87442400,0,2995
"G1900110","2000","US","2","4","Iowa","19","Benton","011",,,,,"0",,,,,,,,,,,,,"9999","99","9","9999","9999","9",,,,,,,,,"1855438759","5339401","Benton County","A","+42072383","-092057568","06",,,26.7,7491,17817,680,608,504,675,697,691,671,710,617,1093,1289,1082,286,62,58,59,364315500,3314,7063
"G1900130","2000","US","2","4","Iowa","19","Black Hawk","013",,,,,"0",,,,,,,,,,,,,"8920","99","N","9999","9999","9",,,,,,,,,"1468819419","12421488","Black Hawk County","A","+42487586","-092344731","06",,,16.7,108187,19825,4870,3612,3558,3635,4152,3436,3402,2954,2493,4709,5177,4224,1532,747,606,629,1829188100,43916,7843
"G1900150","2000","US","2","4","Iowa","19","Boone","015",,,,,"0",,,,,,,,,,,,,"9999","99","9","9999","9999","9",,,,,,,,,"1480075104","5317536","Boone County","A","+42045378","-093922512","06",,,21.2,12633,13591,786,644,675,692,765,791,719,736,610,1223,1303,846,270,153,110,92,401810600,5543,5425
"G1900170","2000","US","2","4","Iowa","19","Bremer","017",,,,,"0",,,,,,,,,,,,,"9999","99","9","9999","9999","9",,,,,,,,,"1134147372","4412753","Bremer County","A","+42765073","-092345886","06",,,26.1,7518,15807,468,576,570,709,798,559,631,515,534,970,1117,790,290,160,74,73,334759600,2851,6486
"G1900190","2000","US","2","4","Iowa","19","Buchanan","019",,,,,"0",,,,,,,,,,,,,"9999","99","9","9999","9999","9",,,,,,,,,"1479550983","5419814","Buchanan County","A","+42477421","-091863059","06",,,25.1,5810,15283,582,628,546,637,610,598,520,593,421,943,768,643,176,71,86,101,279247000,2577,6120
"G1900210","2000","US","2","4","Iowa","19","Buena Vista","021",,,,,"0",,,,,,,,,,,,,"9999","99","9","9999","9999","9",,,,,,,,,"1488683322","13678254","Buena Vista County","A","+42718568","-095155185","06",,,27.1,10681,9730,661,572,586,776,562,568,622,514,365,684,775,452,160,103,45,69,242480800,3960,4185
"G1900230","2000","US","2","4","Iowa","19","Butler","023",,,,,"0",,,,,,,,,,,,,"9999","99","9","9999","9999","9",,,,,,,,,"1503173518","3056661","Butler County","A","+42735699","-092781090","06",,,44.0,0,15305,533,484,460,480,493,521,481,444,358,598,616,426,149,31,39,26,192759900,0,6578
"G1900250","2000","US","2","4","Iowa","19","Calhoun","025",,,,,"0",,,,,,,,,,,,,"9999","99","9","9999","9999","9",,,,,,,,,"1476681388","5541547","Calhoun County","A","+42387432","-094632554","06",,,32.1,0,11115,446,432,367,426,365,321,321,292,315,434,366,189,125,29,40,28,134022300,0,5219
"G1900270","2000","US","2","4","Iowa","19","Carroll","027",,,,,"0",,,,,,,,,,,,,"9999","99","9","9999","9999","9",,,,,,,,,"1474513028","2392571","Carroll County","A","+42028619","-094855710","06",,,26.3,9908,11513,708,677,629,588,657,769,513,508,487,924,966,562,215,112,76,89,299879300,4355,4664
"G1900290","2000","US","2","4","Iowa","19","Cass","029",,,,,"0",,,,,,,,,,,,,"9999","99","9","9999","9999","9",,,,,,,,,"1461604630","1760610","Cass County","A","+41358575","-094965991","06",,,25.5,6883,7801,637,436,543,525,527,584,433,493,353,556,427,324,165,41,25,46,179559400,3171,3419
"G1900310","2000","US","2","4","Iowa","19","Cedar","031",,,,,"0",,,,,,,,,,,,,"9999","99","9","9999","9999","9",,,,,,,,,"1500955175","6312027","Cedar County","A","+41770019","-091118036","06",,,30.9,3009,15178,457,452,401,451,534,503,530,511,530,841,950,636,226,59,33,45,272716100,1361,6209
"G1900330","2000","US","2","4","Iowa","19","Cerro Gordo","033",,,,,"0",,,,,,,,,,,,,"9999","99","9","9999","9999","9",,,,,,,,,"1471958543","17608293","Cerro Gordo County","A","+43111998","-093265669","06",,,18.1,36559,9888,1754,1572,1627,1855,1340,1296,1186,1201,1151,1923,1993,1305,543,198,167,243,682650100,17435,4053
"G1900350","2000","US","2","4","Iowa","19","Cherokee","035",,,,,"0",,,,,,,,,,,,,"9999","99","9","9999","9999","9",,,,,,,,,"1494814098","478050","Cherokee County","A","+42730472","-095611591","06",,,28.8,4984,8051,432,413,470,503,387,467,465,351,298,552,468,358,81,70,16,46,167650700,2343,3507
"G1900370","2000","US","2","4","Iowa","19","Chickasaw","037",,,,,"0",,,,,,,,,,,,,"9999","99","9","9999","9999","9",,,,,,,,,"1307020971","2176848","Chickasaw County","A","+43051169","-092322842","06",,,29.6,3366,9729,410,397,316,387,409,437,411,400,412,575,475,355,97,46,17,44,173604500,1481,4112
"G1900390","2000","US","2","4","Iowa","19","Clarke","039",,,,,"0",,,,,,,,,,,,,"9999","99","9","9999","9999","9",,,,,,,,,"1116584349","1553373","Clarke County","A","+41027425","-093791292","06",,,20.7,4375,4758,333,246,327,379,310,223,227,206,218,354,392,216,87,45,10,15,116790400,1924,2010
"G1900410","2000","US","2","4","Iowa","19","Clay","041",,,,,"0",,,,,,,,,,,,,"9999","99","9","9999","9999","9",,,,,,,,,"1473410544","9394276","Clay County","A","+43103200","-095156090","06",,,20.6,10989,6383,607,636,571,603,555,573,591,571,440,614,688,408,193,74,45,105,258178900,4977,2851
"G1900430","2000","US","2","4","Iowa","19","Clayton","043",,,,,"0",,,,,,,,,,,,,"9999","99","9","9999","9999","9",,,,,,,,,"2017101541","36270186","Clayton County","A","+42852007","-091320308","06",,,36.9,866,17812,642,555,639,666,675,616,597,538,480,710,597,381,134,48,31,72,229670100,478,8141
"G1900450","2000","US","2","4","Iowa","19","Clinton","045",,,,,"0",,,,,,,,,,,,,"9999","99","9","9999","9999","9",,,,,,,,,"1799990672","39396795","Clinton County","A","+41871169","-090427404","06",,,18.9,34129,16020,1809,1601,1512,1481,1502,1445,1408,1218,1248,2237,2232,1643,408,217,79,116,683723200,15247,6338
"G1900470","2000","US","2","4","Iowa","19","Crawford","047",,,,,"0",,,,,,,,,,,,,"9999","99","9","9999","9999","9",,,,,,,,,"1850193642","1632321","Crawford County","A","+42026888","-095369384","06",,,26.6,7152,9790,591,554,475,599,559,573,523,479,360,575,594,373,88,40,48,27,201878900,2746,4212
"G1900490","2000","US","2","4","Iowa","19","Dallas","049",,,,,"0",,,,,,,,,,,,,"2120","99","N","9999","9999","9",,,,,,,,,"1518937313","13634041","Dallas County","A","+41682923","-094021682","06",,,22.4,21479,19271,821,749,796,1030,997,1037,900,871,830,1520,2084,1917,909,505,323,303,793457900,8789,7740
"G1900510","2000","US","2","4","Iowa","19","Davis","051",,,,,"0",,,,,,,,,,,,,"9999","99","9","9999","9999","9",,,,,,,,,"1303384628","4267092","Davis County","A","+40745794","-092421763","06",,,23.1,0,8541,317,290,294,310,272,187,186,203,229,327,343,142,69,5,5,26,95885900,0,3530
"G1900530","2000","US","2","4","Iowa","19","Decatur","053",,,,,"0",,,,,,,,,,,,,"9999","99","9","9999","9999","9",,,,,,,,,"1377364917","3926620","Decatur County","A","+40727585","-093789690","06",,,28.5,0,8689,563,340,288,306,329,273,197,203,192,211,206,126,35,26,38,19,87975700,0,3833
"G1900550","2000","US","2","4","Iowa","19","Delaware","055",,,,,"0",,,,,,,,,,,,,"9999","99","9","9999","9999","9",,,,,,,,,"1496634003","3094320","Delaware County","A","+42469875","-091377044","06",,,24.3,5376,13028,557,445,575,560,527,528,489,445,377,727,728,523,183,70,58,69,243593900,2347,5335
"G1900570","2000","US","2","4","Iowa","19","Des Moines","057",,,,,"0",,,,,,,,,,,,,"9999","99","9","9999","9999","9",,,,,,,,,"1077819498","35352273","Des Moines County","A","+40854437","-091156013","06",,,18.4,30283,12068,1405,1329,1482,1320,1202,1385,1224,1069,1003,1845,1769,1318,381,184,119,258,621399100,13658,4985
"G1900590","2000","US","2","4","Iowa","19","Dickinson","059",,,,,"0",,,,,,,,,,,,,"9999","99","9","9999","9999","9",,,,,,,,,"986939442","58602091","Dickinson County","A","+43385253","-095143197","06",,,29.8,11468,4956,495,490,463,592,593,467,534,463,462,745,713,541,188,150,85,113,265074600,8079,3296
"G1900610","2000","US","2","4","Iowa","19","Dubuque","061",,,,,"0",,,,,,,,,,,,,"2200","99","N","9999","9999","9",,,,,,,,,"1575117834","21773164","Dubuque County","A","+42476090","-090822022","06",,,19.0,66217,22926,2394,2000,2388,2663,2590,2445,2566,2193,1970,3512,3789,2762,1171,334,343,583,1338618600,27186,8319
"G1900630","2000","US","2","4","Iowa","19","Emmet","063",,,,,"0",,,,,,,,,,,,,"9999","99","9","9999","9999","9",,,,,,,,,"1024968585","17180303","Emmet County","A","+43377876","-094688734","06",,,27.1,6587,4440,414,277,393,408,500,330,344,267,281,399,353,281,108,32,52,7,137863400,2849,2040
"G1900650","2000","US","2","4","Iowa","19","Fayette","065",,,,,"0",,,,,,,,,,,,,"9999","99","9","9999","9999","9",,,,,,,,,"1893085722","1348073","Fayette County","A","+42837590","-091850190","06",,,26.6,6456,15552,974,766,751,849,736,636,650,682,451,794,780,432,142,50,44,96,268508700,2946,6559
"G1900670","2000","US","2","4","Iowa","19","Floyd","067",,,,,"0",,,,,,,,,,,,,"9999","99","9","9999","9999","9",,,,,,,,,"1296456856","1927442","Floyd County","A","+43071481","-092781146","06",,,23.4,7460,9440,600,622,542,681,491,439,515,496,420,707,666,374,132,27,20,75,205238200,3451,3866
"G1900690","2000","US","2","4","Iowa","19","Franklin","069",,,,,"0",,,,,,,,,,,,,"9999","99","9","9999","9999","9",,,,,,,,,"1508499814","1483950","Franklin County","A","+42743428","-093248793","06",,,27.6,3607,7097,356,321,374,333,390,361,274,254,290,416,452,327,131,32,20,39,145256900,1681,3082
"G1900710","2000","US","2","4","Iowa","19","Fremont","071",,,,,"0",,,,,,,,,,,,,"9999","99","9","9999","9999","9",,,,,,,,,"1323690666","14700151","Fremont County","A","+40735068","-095615265","06",,,45.5,0,8010,346,229,230,239,209,236,162,203,236,440,315,211,54,35,39,24,111578300,0,3514
"G1900730","2000","US","2","4","Iowa","19","Greene","073",,,,,"0",,,,,,,,,,,,,"9999","99","9","9999","9999","9",,,,,,,,,"1472167388","7047971","Greene County","A","+42035081","-094383973","06",,,27.7,4445,5921,467,339,319,377,332,330,290,287,228,425,405,265,67,23,21,27,123277700,1996,2627
"G1900750","2000","US","2","4","Iowa","19","Grundy","075",,,,,"0",,,,,,,,,,,,,"9999","99","9","9999","9999","9",,,,,,,,,"1301504402","83861","Grundy County","A","+42383941","-092785161","06",,,37.1,0,12369,315,271,325,360,379,415,460,322,340,554,547,408,156,40,38,34,170535400,0,5304
"G1900770","2000","US","2","4","Iowa","19","Guthrie","077",,,,,"0",,,,,,,,,,,,,"9999","99","9","9999","9999","9",,,,,,,,,"1529649618","6361095","Guthrie County","A","+41678413","-094451238","06",,,35.4,0,11353,411,320,398,386,350,341,322,314,254,462,480,312,133,48,72,53,166436600,0,5467
"G1900790","2000","US","2","4","Iowa","19","Hamilton","079",,,,,"0",,,,,,,,,,,,,"9999","99","9","9999","9999","9",,,,,,,,,"1493594242","1980074","Hamilton County","A","+42393883","-093722419","06",,,25.5,7888,8550,435,525,482,502,568,446,489,518,376,730,743,548,171,31,54,71,239234000,3535,3547
"G1900810","2000","US","2","4","Iowa","19","Hancock","081",,,,,"0",,,,,,,,,,,,,"9999","99","9","9999","9999","9",,,,,,,,,"1479168162","5269077","Hancock County","A","+43085526","-093722060","06",,,26.6,3114,8986,299,265,349,402,421,416,380,431,325,512,504,274,102,41,44,27,159307700,1345,3819
"G1900830","2000","US","2","4","Iowa","19","Hardin","083",,,,,"0",,,,,,,,,,,,,"9999","99","9","9999","9999","9",,,,,,,,,"1474369884","1748575","Hardin County","A","+42402071","-093211684","06",,,27.6,4829,13983,643,525,661,645,646,641,674,524,417,700,760,482,163,62,62,31,235890800,2239,6079
"G1900850","2000","US","2","4","Iowa","19","Harrison","085",,,,,"0",,,,,,,,,,,,,"9999","99","9","9999","9999","9",,,,,,,,,"1804503600","10886585","Harrison County","A","+41687140","-095810212","06",,,31.0,3163,12503,476,476,460,453,535,386,440,451,352,678,598,517,145,50,40,47,217262300,1370,5232
"G1900870","2000","US","2","4","Iowa","19","Henry","087",,,,,"0",,,,,,,,,,,,,"9999","99","9","9999","9999","9",,,,,,,,,"1125187417","5797310","Henry County","A","+40982369","-091542799","06",,,25.9,8301,12035,744,538,524,514,498,567,518,548,529,815,851,549,229,118,35,50,287966400,3205,5041
"G1900890","2000","US","2","4","Iowa","19","Howard","089",,,,,"0",,,,,,,,,,,,,"9999","99","9","9999","9999","9",,,,,,,,,"1226106949","927974","Howard County","A","+43360011","-092288378","06",,,24.3,3695,6237,395,306,306,341,280,385,245,307,255,415,351,207,96,27,24,42,124554700,1681,2646
"G1900910","2000","US","2","4","Iowa","19","Humboldt","091",,,,,"0",,,,,,,,,,,,,"9999","99","9","9999","9999","9",,,,,,,,,"1125119979","3405680","Humboldt County","A","+42782090","-094217382","06",,,28.9,5059,5322,335,322,331,322,388,262,317,290,286,479,464,264,131,60,27,27,135631700,2384,2261
"G1900930","2000","US","2","4","Iowa","19","Ida","093",,,,,"0",,,,,,,,,,,,,"9999","99","9","9999","9999","9",,,,,,,,,"1118112305","1346648","Ida County","A","+42391959","-095507352","06",,,34.6,0,7837,322,277,254,226,255,273,219,260,157,347,276,183,59,26,18,45,104403600,0,3506
"G1900950","2000","US","2","4","Iowa","19","Iowa","095",,,,,"0",,,,,,,,,,,,,"9999","99","9","9999","9999","9",,,,,,,,,"1518895271","2325666","Iowa County","A","+41687953","-092061269","06",,,26.6,0,15671,397,351,406,457,488,466,397,492,458,728,780,514,135,58,22,37,232044000,0,6545
"G1900970","2000","US","2","4","Iowa","19","Jackson","097",,,,,"0",,,,,,,,,,,,,"9999","99","9","9999","9999","9",,,,,,,,,"1647464010","35378745","Jackson County","A","+42153859","-090556325","06",,,27.8,9502,10794,708,724,689,684,635,674,535,535,528,780,746,559,136,70,21,72,259530800,4389,4560
"G1900990","2000","US","2","4","Iowa","19","Jasper","099",,,,,"0",,,,,,,,,,,,,"9999","99","9","9999","9999","9",,,,,,,,,"1890661231","7608012","Jasper County","A","+41675163","-093062092","06",,,23.3,16285,20928,1045,881,925,1079,1117,1033,845,1099,919,1570,1978,1279,507,195,105,117,568001800,7466,8193
"G1901010","2000","US","2","4","Iowa","19","Jefferson","101",,,,,"0",,,,,,,,,,,,,"9999","99","9","9999","9999","9",,,,,,,,,"1127527476","3563874","Jefferson County","A","+41031640","-091963376","06",,,17.0,9351,6830,772,439,508,573,641,484,434,378,243,509,655,470,266,98,63,118,243420700,4355,2886
"G1901030","2000","US","2","4","Iowa","19","Johnson","103",,,,,"0",,,,,,,,,,,,,"3500","99","N","9999","9999","9",,,,,,,,,"1591493741","22974641","Johnson County","A","+41674915","-091568871","06",,,16.4,85181,25825,4654,3023,3029,2902,2754,2848,2799,2117,1797,3820,4369,4725,2114,1111,1034,978,2064553700,36275,9556
"G1901050","2000","US","2","4","Iowa","19","Jones","105",,,,,"0",,,,,,,,,,,,,"9999","99","9","9999","9999","9",,,,,,,,,"1490042057","3604321","Jones County","A","+42119996","-091162116","06",,,22.4,8911,11310,667,527,490,529,602,661,562,502,520,766,776,624,207,61,64,19,284014700,3389,4737
"G1901070","2000","US","2","4","Iowa","19","Keokuk","107",,,,,"0",,,,,,,,,,,,,"9999","99","9","9999","9999","9",,,,,,,,,"1500089075","1941795","Keokuk County","A","+41324551","-092175063","06",,,35.1,0,11400,411,411,447,384,361,319,296,328,291,536,366,238,93,27,27,39,142605200,0,5013
"G1901090","2000","US","2","4","Iowa","19","Kossuth","109",,,,,"0",,,,,,,,,,,,,"9999","99","9","9999","9999","9",,,,,,,,,"2520072916","3585163","Kossuth County","A","+43175841","-094216514","06",,,31.6,5898,11265,678,574,578,529,636,529,583,425,452,614,654,382,172,81,31,41,211344600,2690,4915
"G1901110","2000","US","2","4","Iowa","19","Lee","111",,,,,"0",,,,,,,,,,,,,"9999","99","9","9999","9999","9",,,,,,,,,"1340040200","55355227","Lee County","A","+40576831","-091416607","06",,,18.6,22682,15370,1431,1094,1204,1094,1210,1258,1151,1035,702,1562,1556,1068,347,197,100,177,513166800,10352,6260
"G1901130","2000","US","2","4","Iowa","19","Linn","113",,,,,"0",,,,,,,,,,,,,"1360","99","N","9999","9999","9",,,,,,,,,"1858167132","18398683","Linn County","A","+42029994","-091630559","06",,,16.2,160439,31262,4247,4099,4384,4871,4921,4990,4772,4864,4465,8267,9864,9242,3801,1571,1194,1254,3621276400,68642,11909
"G1901150","2000","US","2","4","Iowa","19","Louisa","115",,,,,"0",,,,,,,,,,,,,"9999","99","9","9999","9999","9",,,,,,,,,"1040960153","40735233","Louisa County","A","+41217443","-091261679","06",,,34.2,0,12183,361,243,270,435,376,338,289,318,262,573,447,400,108,43,16,47,165767400,0,5133
"G1901170","2000","US","2","4","Iowa","19","Lucas","117",,,,,"0",,,,,,,,,,,,,"9999","99","9","9999","9999","9",,,,,,,,,"1115115339","9392512","Lucas County","A","+41020540","-093326534","06",,,24.3,4421,5001,493,415,284,305,329,297,263,217,183,417,306,161,48,17,23,18,106126500,2068,2171
"G1901190","2000","US","2","4","Iowa","19","Lyon","119",,,,,"0",,,,,,,,,,,,,"9999","99","9","9999","9999","9",,,,,,,,,"1521620172","347269","Lyon County","A","+43387622","-096205202","06",,,32.4,0,11763,354,277,330,297,417,367,364,259,331,518,379,310,134,23,23,12,140240200,0,4758
"G1901210","2000","US","2","4","Iowa","19","Madison","121",,,,,"0",,,,,,,,,,,,,"9999","99","9","9999","9999","9",,,,,,,,,"1453335230","3004689","Madison County","A","+41336910","-094017570","06",,,24.9,4858,9161,409,402,243,378,406,358,322,353,292,615,710,420,196,96,53,62,213397300,2048,3613
"G1901230","2000","US","2","4","Iowa","19","Mahaska","123",,,,,"0",,,,,,,,,,,,,"9999","99","9","9999","9999","9",,,,,,,,,"1478547734","6552029","Mahaska County","A","+41320852","-092643490","06",,,23.6,12101,10234,923,597,599,585,665,716,745,593,523,1004,899,612,189,99,69,63,309240000,5383,4168
"G1901250","2000","US","2","4","Iowa","19","Marion","125",,,,,"0",,,,,,,,,,,,,"9999","99","9","9999","9999","9",,,,,,,,,"1435407880","42269737","Marion County","A","+41325547","-093069235","06",,,19.5,16854,15198,921,849,671,756,695,843,846,821,848,1222,1586,1228,450,150,64,105,466659800,6880,5875
"G1901270","2000","US","2","4","Iowa","19","Marshall","127",,,,,"0",,,,,,,,,,,,,"9999","99","9","9999","9999","9",,,,,,,,,"1482292782","1809376","Marshall County","A","+42036694","-092972749","06",,,21.1,26122,13189,1278,949,1209,1017,1293,1138,1126,942,965,1561,1670,1328,414,227,99,107,556252900,10878,5446
"G1901290","2000","US","2","4","Iowa","19","Mills","129",,,,,"0",,,,,,,,,,,,,"9999","99","9","9999","9999","9",,,,,,,,,"1130616543","8119401","Mills County","A","+41030434","-095642009","06",,,25.7,5575,8972,363,293,344,434,413,357,296,329,351,575,664,489,260,74,37,57,219590500,2003,3668
"G1901310","2000","US","2","4","Iowa","19","Mitchell","131",,,,,"0",,,,,,,,,,,,,"9999","99","9","9999","9999","9",,,,,,,,,"1214503073","1226604","Mitchell County","A","+43349343","-092820473","06",,,25.7,3380,7494,392,348,314,405,377,331,331,360,191,378,467,273,89,9,25,27,128624700,1554,3040
"G1901330","2000","US","2","4","Iowa","19","Monona","133",,,,,"0",,,,,,,,,,,,,"9999","99","9","9999","9999","9",,,,,,,,,"1795160988","14842528","Monona County","A","+42050426","-095953652","06",,,32.3,2712,7308,508,418,268,372,321,324,322,317,257,373,348,208,77,23,24,46,122991100,1346,3314
"G1901350","2000","US","2","4","Iowa","19","Monroe","135",,,,,"0",,,,,,,,,,,,,"9999","99","9","9999","9999","9",,,,,,,,,"1122514792","1813400","Monroe County","A","+41036610","-092840674","06",,,20.3,3513,4503,297,343,251,199,290,237,264,259,131,324,288,202,70,20,24,23,103790300,1697,1891
"G1901370","2000","US","2","4","Iowa","19","Montgomery","137",,,,,"0",,,,,,,,,,,,,"9999","99","9","9999","9999","9",,,,,,,,,"1097848242","2412232","Montgomery County","A","+41013101","-095159253","06",,,25.4,6091,5680,493,439,407,474,356,437,374,379,224,420,438,255,132,14,38,12,138794700,2954,2445
"G1901390","2000","US","2","4","Iowa","19","Muscatine","139",,,,,"0",,,,,,,,,,,,,"9999","99","9","9999","9999","9",,,,,,,,,"1136146756","26935827","Muscatine County","A","+41472456","-091084801","06",,,18.8,29543,12179,1090,1024,1098,1159,1154,1092,896,1051,1004,1601,1819,1740,607,192,162,194,639181500,11996,4790
"G1901410","2000","US","2","4","Iowa","19","O Brien","141",,,,,"0",,,,,,,,,,,,,"9999","99","9","9999","9999","9",,,,,,,,,"1484265528","443388","O'Brien County","A","+43090091","-095639384","06",,,28.4,4559,10543,470,401,493,508,587,450,498,470,384,641,548,323,117,34,27,46,187985700,1998,4511
"G1901430","2000","US","2","4","Iowa","19","Osceola","143",,,,,"0",,,,,,,,,,,,,"9999","99","9","9999","9999","9",,,,,,,,,"1032816585","1836838","Osceola County","A","+43379878","-095633004","06",,,28.6,2745,4258,231,274,265,191,213,251,168,203,159,305,193,191,57,50,23,4,88259900,1213,1799
"G1901450","2000","US","2","4","Iowa","19","Page","145",,,,,"0",,,,,,,,,,,,,"9999","99","9","9999","9999","9",,,,,,,,,"1385188241","1359121","Page County","A","+40740012","-095165970","06",,,23.8,11198,5778,790,516,535,475,508,469,560,421,413,653,604,460,170,41,63,31,212816100,4789,2513
"G1901470","2000","US","2","4","Iowa","19","Palo Alto","147",,,,,"0",,,,,,,,,,,,,"9999","99","9","9999","9999","9",,,,,,,,,"1460316904","14423970","Palo Alto County","A","+43090301","-094688715","06",,,28.9,3600,6547,381,372,353,356,372,368,250,285,252,419,338,177,80,26,42,48,132966400,1680,2951
"G1901490","2000","US","2","4","Iowa","19","Plymouth","149",,,,,"0",,,,,,,,,,,,,"9999","99","9","9999","9999","9",,,,,,,,,"2236621237","1020382","Plymouth County","A","+42752959","-096206675","06",,,25.7,9018,15831,559,586,678,627,705,667,649,559,563,1095,1146,833,275,186,107,150,371772200,3724,6156
"G1901510","2000","US","2","4","Iowa","19","Pocahontas","151",,,,,"0",,,,,,,,,,,,,"9999","99","9","9999","9999","9",,,,,,,,,"1496240975","3688856","Pocahontas County","A","+42744560","-094683864","06",,,34.0,0,8662,353,357,284,314,270,337,269,209,199,394,292,174,73,28,31,39,106982500,0,3988
"G1901530","2000","US","2","4","Iowa","19","Polk","153",,,,,"0",,,,,,,,,,,,,"2120","99","N","9999","9999","9",,,,,,,,,"1474600546","58414140","Polk County","A","+41627938","-093630942","06",,,13.5,352865,21736,9760,7306,7977,9727,9625,9867,9075,9357,8131,15388,18231,17335,7970,3229,2862,3476,7397065800,148213,8234
"G1901550","2000","US","2","4","Iowa","19","Pottawattamie","155",,,,,"0",,,,,,,,,,,,,"5920","99","N","9999","9999","9",,,,,,,,,"2471527702","14705551","Pottawattamie County","A","+41308529","-095680399","06",,,19.7,63903,23801,2477,2200,2284,2399,2612,2618,2312,2266,2066,3418,3699,3228,1108,474,354,381,1345378000,26388,9373
"G1901570","2000","US","2","4","Iowa","19","Poweshiek","157",,,,,"0",,,,,,,,,,,,,"9999","99","9","9999","9999","9",,,,,,,,,"1515232882","2948468","Poweshiek County","A","+41698037","-092547030","06",,,22.9,9115,9700,602,551,494,604,566,556,579,468,439,800,759,539,224,114,75,51,270103200,3697,4859
"G1901590","2000","US","2","4","Iowa","19","Ringgold","159",,,,,"0",,,,,,,,,,,,,"9999","99","9","9999","9999","9",,,,,,,,,"1392547781","3256488","Ringgold County","A","+40737297","-094232271","06",,,39.8,0,5469,307,225,210,195,221,210,122,138,92,198,163,77,47,7,8,12,56023800,0,2789
"G1901610","2000","US","2","4","Iowa","19","Sac","161",,,,,"0",,,,,,,,,,,,,"9999","99","9","9999","9999","9",,,,,,,,,"1491373754","6634728","Sac County","A","+42381921","-095093223","06",,,35.3,0,11529,486,425,418,410,398,396,389,307,262,456,324,303,85,25,29,35,134293300,0,5460
"G1901630","2000","US","2","4","Iowa","19","Scott","163",,,,,"0",,,,,,,,,,,,,"1960","99","N","9999","9999","9",,,,,,,,,"1186043898","26522530","Scott County","A","+41572127","-090578862","06",,,16.4,135109,23559,5141,3765,3849,4505,3973,4204,3598,3618,3311,6353,7241,6874,2827,1269,934,905,2682531100,56659,8990
"G1901650","2000","US","2","4","Iowa","19","Shelby","165",,,,,"0",,,,,,,,,,,,,"9999","99","9","9999","9999","9",,,,,,,,,"1530243402","1390822","Shelby County","A","+41681668","-095318339","06",,,28.3,5029,8144,452,287,373,435,428,416,388,374,287,654,505,357,147,37,52,10,165512500,2183,3276
"G1901670","2000","US","2","4","Iowa","19","Sioux","167",,,,,"0",,,,,,,,,,,,,"9999","99","9","9999","9999","9",,,,,,,,,"1988808569","1811107","Sioux County","A","+43075135","-096182305","06",,,22.8,14388,17201,713,773,615,731,850,735,810,962,744,1333,1082,762,275,121,70,106,403889700,4971,6289
"G1901690","2000","US","2","4","Iowa","19","Story","169",,,,,"0",,,,,,,,,,,,,"9999","99","9","9999","9999","9",,,,,,,,,"1483700745","2168471","Story County","A","+42024190","-093528718","06",,,18.7,59868,20113,2714,2038,2056,2152,1894,1826,1840,1626,1563,2836,2980,3064,1286,605,432,474,1260064800,22656,7974
"G1901710","2000","US","2","4","Iowa","19","Tama","171",,,,,"0",,,,,,,,,,,,,"9999","99","9","9999","9999","9",,,,,,,,,"1868152958","2769405","Tama County","A","+42073452","-092547625","06",,,31.0,5001,13102,553,524,480,558,574,553,538,498,475,773,710,482,154,92,40,16,226652100,2093,5490
"G1901730","2000","US","2","4","Iowa","19","Taylor","173",,,,,"0",,,,,,,,,,,,,"9999","99","9","9999","9999","9",,,,,,,,,"1382931664","2261204","Taylor County","A","+40731545","-094691780","06",,,43.7,0,6958,329,305,246,241,219,261,198,191,143,265,238,114,23,18,5,21,77665200,0,3199
"G1901750","2000","US","2","4","Iowa","19","Union","175",,,,,"0",,,,,,,,,,,,,"9999","99","9","9999","9999","9",,,,,,,,,"1099156431","4057826","Union County","A","+41033565","-094274698","06",,,20.8,7478,4831,607,402,531,458,468,398,367,381,273,439,494,267,102,44,26,21,155745700,3495,2162
"G1901770","2000","US","2","4","Iowa","19","Van Buren","177",,,,,"0",,,,,,,,,,,,,"9999","99","9","9999","9999","9",,,,,,,,,"1255673956","14843032","Van Buren County","A","+40740217","-091948808","06",,,37.5,0,7809,391,259,273,304,286,292,253,227,151,284,242,126,45,8,15,24,89048000,0,3581
"G1901790","2000","US","2","4","Iowa","19","Wapello","179",,,,,"0",,,,,,,,,,,,,"9999","99","9","9999","9999","9",,,,,,,,,"1118379166","10809775","Wapello County","A","+41026714","-092415780","06",,,19.4,25146,10905,1719,1413,1131,1318,1264,1245,1176,891,768,1291,1076,937,204,147,108,101,440088100,11136,4737
"G1901810","2000","US","2","4","Iowa","19","Warren","181",,,,,"0",,,,,,,,,,,,,"2120","99","N","9999","9999","9",,,,,,,,,"1480551159","4047522","Warren County","A","+41373285","-093559883","06",,,19.4,23813,16858,741,639,802,826,860,756,937,919,785,1869,2212,1992,759,246,215,151,698468500,8950,6339
"G1901830","2000","US","2","4","Iowa","19","Washington","183",,,,,"0",,,,,,,,,,,,,"9999","99","9","9999","9999","9",,,,,,,,,"1472959757","5324980","Washington County","A","+41329998","-091706689","06",,,25.2,6790,13880,542,516,607,578,679,612,616,618,516,1061,799,560,197,71,33,64,281817900,3005,5538
"G1901850","2000","US","2","4","Iowa","19","Wayne","185",,,,,"0",,,,,,,,,,,,,"9999","99","9","9999","9999","9",,,,,,,,,"1361309033","3825099","Wayne County","A","+40731007","-093328647","06",,,39.3,0,6730,374,281,288,254,249,233,205,199,109,241,139,140,63,30,10,14,77097600,0,3357
"G1901870","2000","US","2","4","Iowa","19","Webster","187",,,,,"0",,,,,,,,,,,,,"9999","99","9","9999","9999","9",,,,,,,,,"1852449097","7296287","Webster County","A","+42446780","-094179073","06",,,20.6,25692,14543,1510,1297,1248,1347,1277,1171,1171,1097,932,1407,1408,1248,284,116,206,143,543711600,10910,6059
"G1901890","2000","US","2","4","Iowa","19","Winnebago","189",,,,,"0",,,,,,,,,,,,,"9999","99","9","9999","9999","9",,,,,,,,,"1037203684","2859723","Winnebago County","A","+43363799","-093725153","06",,,25.6,3919,7804,395,222,377,391,405,392,281,366,261,569,519,365,112,30,28,33,158648400,1599,3466
"G1901910","2000","US","2","4","Iowa","19","Winneshiek","191",,,,,"0",,,,,,,,,,,,,"9999","99","9","9999","9999","9",,,,,,,,,"1786080294","698582","Winneshiek County","A","+43276910","-091846129","06",,,26.3,7609,13701,721,478,495,542,632,649,447,675,467,847,777,598,208,91,50,85,281608200,2714,5494
"G1901930","2000","US","2","4","Iowa","19","Woodbury","193",,,,,"0",,,,,,,,,,,,,"7720","99","N","9999","9999","9",,,,,,,,,"2260009199","12408837","Woodbury County","A","+42438477","-096233050","06",,,17.7,86701,17176,3192,2749,2746,3072,3006,2979,2601,2607,2137,3857,4241,3285,1429,385,371,599,1584957100,34427,6967
"G1901950","2000","US","2","4","Iowa","19","Worth","195",,,,,"0",,,,,,,,,,,,,"9999","99","9","9999","9999","9",,,,,,,,,"1035987843","4437166","Worth County","A","+43364399","-093265609","06",,,30.3,0,7909,306,224,228,274,266,264,256,308,200,371,273,214,53,13,9,21,100708300,0,3534
"G1901970","2000","US","2","4","Iowa","19","Wright","197",,,,,"0",,,,,,,,,,,,,"9999","99","9","9999","9999","9",,,,,,,,,"1504065286","4704103","Wright County","A","+42729717","-093750180","06",,,24.1,6039,8295,500,502,436,479,474,470,424,444,363,671,600,348,121,35,44,61,188719500,2669,3890
"G2000010","2000","US","2","4","Kansas","20","Allen","001",,,,,"0",,,,,,,,,,,,,"9999","99","9","9999","9999","9",,,,,,,,,"1302781243","5634828","Allen County","A","+37886958","-095344996","06",,,24.6,6343,8042,752,469,551,538,431,459,463,424,293,477,477,242,84,49,17,38,161210900,2917,3532
"G2000030","2000","US","2","4","Kansas","20","Anderson","003",,,,,"0",,,,,,,,,,,,,"9999","99","9","9999","9999","9",,,,,,,,,"1509750043","3566169","Anderson County","A","+38214784","-095283261","06",,,23.5,3415,4695,373,219,247,338,267,224,287,202,199,321,256,180,54,17,18,16,93299300,1621,1975
"G2000050","2000","US","2","4","Kansas","20","Atchison","005",,,,,"0",,,,,,,,,,,,,"9999","99","9","9999","9999","9",,,,,,,,,"1119749578","7004395","Atchison County","A","+39543110","-095252695","06",,,17.6,10487,6287,687,515,490,495,491,514,526,424,457,541,556,330,145,42,39,18,196493800,4313,2505
"G2000070","2000","US","2","4","Kansas","20","Barber","007",,,,,"0",,,,,,,,,,,,,"9999","99","9","9999","9999","9",,,,,,,,,"2937337841","5434284","Barber County","A","+37230652","-098568613","06",,,32.2,0,5307,218,170,197,221,185,202,161,218,99,214,171,94,50,28,21,7,63903900,0,2740
"G2000090","2000","US","2","4","Kansas","20","Barton","009",,,,,"0",,,,,,,,,,,,,"9999","99","9","9999","9999","9",,,,,,,,,"2315459321","16732561","Barton County","A","+38438130","-098767467","06",,,18.1,18812,9393,1173,959,1232,1067,879,863,831,782,566,963,946,600,296,61,80,93,349499600,8731,4157
"G2000110","2000","US","2","4","Kansas","20","Bourbon","011",,,,,"0",,,,,,,,,,,,,"9999","99","9","9999","9999","9",,,,,,,,,"1650049295","4491922","Bourbon County","A","+37856104","-094786887","06",,,17.8,7879,7500,816,572,449,595,506,522,384,375,358,510,493,328,64,68,28,68,177559700,3711,3424
"G2000130","2000","US","2","4","Kansas","20","Brown","013",,,,,"0",,,,,,,,,,,,,"9999","99","9","9999","9999","9",,,,,,,,,"1478039918","3941157","Brown County","A","+39813050","-095562704","06",,,22.6,3492,7232,560,404,401,348,306,325,302,276,271,401,307,297,69,14,16,9,122064300,1649,3166
"G2000150","2000","US","2","4","Kansas","20","Butler","015",,,,,"0",,,,,,,,,,,,,"9040","99","N","9999","9999","9",,,,,,,,,"3698114920","48104175","Butler County","A","+37752406","-096925607","06",,,19.5,33229,26253,1389,1299,1240,1442,1349,1354,1332,1263,1162,2210,2829,2649,1009,483,286,286,977825900,13215,9961
"G2000170","2000","US","2","4","Kansas","20","Chase","017",,,,,"0",,,,,,,,,,,,,"9999","99","9","9999","9999","9",,,,,,,,,"2009538213","5496332","Chase County","A","+38313664","-096607734","06",,,39.7,0,3030,114,128,103,130,90,100,92,67,85,93,109,91,28,15,4,6,40275800,0,1529
"G2000190","2000","US","2","4","Kansas","20","Chautauqua","019",,,,,"0",,,,,,,,,,,,,"9999","99","9","9999","9999","9",,,,,,,,,"1661959586","8136639","Chautauqua County","A","+37120943","-096254056","06",,,38.8,0,4359,221,183,199,175,157,174,144,96,82,116,93,83,25,17,10,18,45360100,0,2169
"G2000210","2000","US","2","4","Kansas","20","Cherokee","021",,,,,"0",,,,,,,,,,,,,"9999","99","9","9999","9999","9",,,,,,,,,"1520621277","9970872","Cherokee County","A","+37142082","-094787407","06",,,17.9,11079,11526,1246,840,796,772,706,707,527,647,486,784,680,436,127,66,37,37,255770400,5032,4999
"G2000230","2000","US","2","4","Kansas","20","Cheyenne","023",,,,,"0",,,,,,,,,,,,,"9999","99","9","9999","9999","9",,,,,,,,,"2641489340","2462666","Cheyenne County","A","+39761556","-101720764","06",,,41.1,0,3165,136,118,142,122,146,170,98,69,72,89,60,91,30,5,15,11,35503000,0,1636
"G2000250","2000","US","2","4","Kansas","20","Clark","025",,,,,"0",,,,,,,,,,,,,"9999","99","9","9999","9999","9",,,,,,,,,"2524419575","6529191","Clark County","A","+37240275","-099828006","06",,,48.2,0,2390,83,94,79,95,83,72,66,59,52,116,72,47,22,8,22,10,29825700,0,1111
"G2000270","2000","US","2","4","Kansas","20","Clay","027",,,,,"0",,,,,,,,,,,,,"9999","99","9","9999","9999","9",,,,,,,,,"1667542397","30042743","Clay County","A","+39357193","-097146911","06",,,20.9,4454,4368,366,305,260,387,304,258,273,163,261,427,312,178,109,18,11,22,101660800,2162,1922
"G2000290","2000","US","2","4","Kansas","20","Cloud","029",,,,,"0",,,,,,,,,,,,,"9999","99","9","9999","9999","9",,,,,,,,,"1853483448","7349470","Cloud County","A","+39505567","-097651814","06",,,25.1,5636,4632,405,395,397,428,339,387,279,257,190,409,320,186,67,26,52,47,124282100,2632,2206
"G2000310","2000","US","2","4","Kansas","20","Coffey","031",,,,,"0",,,,,,,,,,,,,"9999","99","9","9999","9999","9",,,,,,,,,"1631034448","64293466","Coffey County","A","+38236272","-095729157","06",,,32.4,2739,6126,327,217,286,271,268,244,232,227,214,308,353,368,94,47,30,19,125140300,1223,2653
"G2000330","2000","US","2","4","Kansas","20","Comanche","033",,,,,"0",,,,,,,,,,,,,"9999","99","9","9999","9999","9",,,,,,,,,"2041721350","3594942","Comanche County","A","+37252041","-099342854","06",,,38.3,0,1967,97,77,87,101,87,51,83,59,39,77,53,36,5,0,15,9,21716900,0,1088
"G2000350","2000","US","2","4","Kansas","20","Cowley","035",,,,,"0",,,,,,,,,,,,,"9999","99","9","9999","9999","9",,,,,,,,,"2916939456","16488639","Cowley County","A","+37236175","-096943603","06",,,19.1,23789,12502,1448,1237,1265,1189,1017,992,830,920,833,1300,1365,1002,305,162,74,134,484297400,10581,5092
"G2000370","2000","US","2","4","Kansas","20","Crawford","037",,,,,"0",,,,,,,,,,,,,"9999","99","9","9999","9999","9",,,,,,,,,"1535622965","5542090","Crawford County","A","+37462338","-094785443","06",,,19.4,24280,13962,2391,1573,1353,1370,1188,1015,866,925,742,1232,1253,902,284,176,135,111,453281600,11012,6209
"G2000390","2000","US","2","4","Kansas","20","Decatur","039",,,,,"0",,,,,,,,,,,,,"9999","99","9","9999","9999","9",,,,,,,,,"2314271489","1641535","Decatur County","A","+39777488","-100431977","06",,,26.4,0,3472,147,141,148,173,134,156,95,123,76,90,123,54,30,4,0,7,35529700,0,1821
"G2000410","2000","US","2","4","Kansas","20","Dickinson","041",,,,,"0",,,,,,,,,,,,,"9999","99","9","9999","9999","9",,,,,,,,,"2196108890","10873288","Dickinson County","A","+38849279","-097139524","06",,,22.7,6831,12513,714,626,626,557,619,697,556,570,482,861,747,556,165,62,25,53,261272100,3204,5482
"G2000430","2000","US","2","4","Kansas","20","Doniphan","043",,,,,"0",,,,,,,,,,,,,"9999","99","9","9999","9999","9",,,,,,,,,"1015734591","12663918","Doniphan County","A","+39794374","-095118046","06",,,43.6,997,7252,378,284,278,227,255,298,230,236,167,269,283,179,36,36,11,7,95883300,452,3037
"G2000450","2000","US","2","4","Kansas","20","Douglas","045",,,,,"0",,,,,,,,,,,,,"4150","99","N","9999","9999","9",,,,,,,,,"1183288922","45585042","Douglas County","A","+38927006","-095256048","06",,,13.7,87182,12780,4601,2689,2668,2808,2657,2380,2548,2096,1815,3412,3876,3494,1426,729,651,676,1611764600,35438,4812
"G2000470","2000","US","2","4","Kansas","20","Edwards","047",,,,,"0",,,,,,,,,,,,,"9999","99","9","9999","9999","9",,,,,,,,,"1611011662","208564","Edwards County","A","+37905732","-099322857","06",,,43.8,0,3449,151,145,149,128,147,115,106,88,96,114,103,62,26,4,4,27,41870300,0,1754
"G2000490","2000","US","2","4","Kansas","20","Elk","049",,,,,"0",,,,,,,,,,,,,"9999","99","9","9999","9999","9",,,,,,,,,"1676482330","7954931","Elk County","A","+37425671","-096238982","06",,,38.2,0,3261,213,141,146,131,161,65,91,108,52,91,101,73,21,9,1,14,34224700,0,1860
"G2000510","2000","US","2","4","Kansas","20","Ellis","051",,,,,"0",,,,,,,,,,,,,"9999","99","9","9999","9999","9",,,,,,,,,"2330913217","1298849","Ellis County","A","+38903108","-099316586","06",,,17.3,20593,6914,1404,1024,891,884,904,764,627,731,568,879,1061,753,306,103,168,137,400347000,9100,2978
"G2000530","2000","US","2","4","Kansas","20","Ellsworth","053",,,,,"0",,,,,,,,,,,,,"9999","99","9","9999","9999","9",,,,,,,,,"1854187306","19522808","Ellsworth County","A","+38703523","-098228092","06",,,29.1,2792,3733,240,195,241,175,168,201,189,181,121,251,250,179,77,14,5,8,81509500,1057,2171
"G2000550","2000","US","2","4","Kansas","20","Finney","055",,,,,"0",,,,,,,,,,,,,"9999","99","9","9999","9999","9",,,,,,,,,"3371579845","2177526","Finney County","A","+38002792","-100849140","06",,,15.6,32770,7753,965,797,992,1142,1006,955,916,895,827,1177,1451,1093,332,127,141,171,538332300,11198,2565
"G2000570","2000","US","2","4","Kansas","20","Ford","057",,,,,"0",,,,,,,,,,,,,"9999","99","9","9999","9999","9",,,,,,,,,"2845096923","2041426","Ford County","A","+37720186","-099912921","06",,,15.6,25973,6485,987,624,842,880,872,740,792,791,686,1047,1111,830,266,179,86,128,421651000,9235,2415
"G2000590","2000","US","2","4","Kansas","20","Franklin","059",,,,,"0",,,,,,,,,,,,,"9999","99","9","9999","9999","9",,,,,,,,,"1486273778","7251460","Franklin County","A","+38580288","-095272575","06",,,21.3,11803,12981,890,633,578,650,858,646,577,642,533,1207,1042,795,204,65,86,51,344901800,5025,5204
"G2000610","2000","US","2","4","Kansas","20","Geary","061",,,,,"0",,,,,,,,,,,,,"9999","99","9","9999","9999","9",,,,,,,,,"996351852","51023311","Geary County","A","+39031502","-096819527","06",,,16.6,24020,3927,922,769,983,1136,1039,831,714,572,591,844,839,700,248,91,65,130,349738100,10296,1663
"G2000630","2000","US","2","4","Kansas","20","Gove","063",,,,,"0",,,,,,,,,,,,,"9999","99","9","9999","9999","9",,,,,,,,,"2774871632","234107","Gove County","A","+38990702","-100475457","06",,,48.3,0,3068,131,103,94,103,100,127,88,62,81,128,99,81,25,14,5,13,39244100,0,1423
"G2000650","2000","US","2","4","Kansas","20","Graham","065",,,,,"0",,,,,,,,,,,,,"9999","99","9","9999","9999","9",,,,,,,,,"2326550146","995923","Graham County","A","+39342520","-099869673","06",,,46.6,0,2946,156,142,94,91,110,121,89,83,69,101,82,55,30,8,9,17,37267900,0,1553
"G2000670","2000","US","2","4","Kansas","20","Grant","067",,,,,"0",,,,,,,,,,,,,"9999","99","9","9999","9999","9",,,,,,,,,"1488871976","473370","Grant County","A","+37565557","-101321914","06",,,12.8,6280,1629,202,99,209,156,240,211,264,178,107,271,377,234,117,31,27,25,110221200,2352,675
"G2000690","2000","US","2","4","Kansas","20","Gray","069",,,,,"0",,,,,,,,,,,,,"9999","99","9","9999","9999","9",,,,,,,,,"2250443051","1139302","Gray County","A","+37722709","-100415469","06",,,44.3,0,5904,121,102,145,153,164,193,160,148,140,198,226,167,58,30,25,46,89366500,0,2181
"G2000710","2000","US","2","4","Kansas","20","Greeley","071",,,,,"0",,,,,,,,,,,,,"9999","99","9","9999","9999","9",,,,,,,,,"2015024746","0","Greeley County","A","+38468170","-101775770","06",,,46.0,0,1534,45,57,36,67,52,42,45,21,23,60,48,41,25,0,12,18,23394200,0,712
"G2000730","2000","US","2","4","Kansas","20","Greenwood","073",,,,,"0",,,,,,,,,,,,,"9999","99","9","9999","9999","9",,,,,,,,,"2951724374","33461945","Greenwood County","A","+37883169","-096223448","06",,,27.9,2873,4800,429,322,254,300,300,258,204,235,165,292,232,119,47,37,16,24,86676900,1533,2740
"G2000750","2000","US","2","4","Kansas","20","Hamilton","075",,,,,"0",,,,,,,,,,,,,"9999","99","9","9999","9999","9",,,,,,,,,"2580902700","2924215","Hamilton County","A","+38044782","-101781762","06",,,42.4,0,2670,110,88,78,117,75,107,78,71,40,113,59,65,21,20,6,10,32724200,0,1211
"G2000770","2000","US","2","4","Kansas","20","Harper","077",,,,,"0",,,,,,,,,,,,,"9999","99","9","9999","9999","9",,,,,,,,,"2075716613","3918261","Harper County","A","+37212521","-098064464","06",,,32.0,0,6536,326,279,307,262,217,199,190,154,147,225,207,157,44,10,13,28,75289900,0,3270
"G2000790","2000","US","2","4","Kansas","20","Harvey","079",,,,,"0",,,,,,,,,,,,,"9040","99","N","9999","9999","9",,,,,,,,,"1396866280","3033892","Harvey County","A","+38042818","-097408545","06",,,21.7,22599,10270,929,764,835,860,927,959,867,861,710,1314,1549,1279,452,125,72,104,464062300,9387,3991
"G2000810","2000","US","2","4","Kansas","20","Haskell","081",,,,,"0",,,,,,,,,,,,,"9999","99","9","9999","9999","9",,,,,,,,,"1495369685","933940","Haskell County","A","+37536761","-100884724","06",,,44.7,0,4307,103,73,95,115,124,147,111,116,65,133,162,125,45,21,13,29,62035400,0,1639
"G2000830","2000","US","2","4","Kansas","20","Hodgeman","083",,,,,"0",,,,,,,,,,,,,"9999","99","9","9999","9999","9",,,,,,,,,"2227189726","822887","Hodgeman County","A","+38079263","-099853278","06",,,47.1,0,2085,98,41,69,48,59,61,86,54,53,71,70,37,21,6,6,7,23962200,0,945
"G2000850","2000","US","2","4","Kansas","20","Jackson","085",,,,,"0",,,,,,,,,,,,,"9999","99","9","9999","9999","9",,,,,,,,,"1697979968","5871859","Jackson County","A","+39427956","-095784241","06",,,27.1,3284,9373,393,249,314,310,437,305,320,395,285,433,585,477,114,62,23,32,189547000,1471,3623
"G2000870","2000","US","2","4","Kansas","20","Jefferson","087",,,,,"0",,,,,,,,,,,,,"9999","99","9","9999","9999","9",,,,,,,,,"1388524630","53953277","Jefferson County","A","+39234439","-095391016","06",,,29.2,0,18426,475,388,345,407,386,404,457,498,565,891,869,739,197,97,53,71,278043800,0,7491
"G2000890","2000","US","2","4","Kansas","20","Jewell","089",,,,,"0",,,,,,,,,,,,,"9999","99","9","9999","9999","9",,,,,,,,,"2354761450","13707389","Jewell County","A","+39784285","-098202812","06",,,49.4,0,3791,208,198,144,121,148,163,163,103,81,131,84,72,27,10,12,16,41942000,0,2103
"G2000910","2000","US","2","4","Kansas","20","Johnson","091",,,,,"0",,,,,,,,,,,,,"3760","99","N","9999","9999","9",,,,,,,,,"1234844210","8725636","Johnson County","A","+38932175","-094753767","06",,,13.4,428500,22586,5386,4801,5501,6926,8409,9120,8971,9393,8798,17037,23794,26772,15531,8305,7517,8370,11742559800,173639,7973
"G2000930","2000","US","2","4","Kansas","20","Kearny","093",,,,,"0",,,,,,,,,,,,,"9999","99","9","9999","9999","9",,,,,,,,,"2256033735","1150620","Kearny County","A","+38029417","-101272236","06",,,41.6,0,4531,116,90,117,98,121,115,99,137,99,174,146,102,56,24,24,4,56364100,0,1657
"G2000950","2000","US","2","4","Kansas","20","Kingman","095",,,,,"0",,,,,,,,,,,,,"9999","99","9","9999","9999","9",,,,,,,,,"2236057212","8683175","Kingman County","A","+37578086","-098122060","06",,,25.4,3195,5478,287,249,260,209,249,275,252,273,168,329,325,285,105,33,26,39,114426400,1474,2378
"G2000970","2000","US","2","4","Kansas","20","Kiowa","097",,,,,"0",,,,,,,,,,,,,"9999","99","9","9999","9999","9",,,,,,,,,"1870992717","596751","Kiowa County","A","+37579287","-099257752","06",,,44.1,0,3278,150,90,120,168,110,103,91,68,66,139,115,87,28,12,8,8,39737400,0,1643
"G2000990","2000","US","2","4","Kansas","20","Labette","099",,,,,"0",,,,,,,,,,,,,"9999","99","9","9999","9999","9",,,,,,,,,"1680441611","11599938","Labette County","A","+37216412","-095258722","06",,,21.8,11143,11692,1091,825,939,886,722,802,625,512,521,811,692,519,139,43,33,46,268573200,5205,5101
"G2001010","2000","US","2","4","Kansas","20","Lane","101",,,,,"0",,,,,,,,,,,,,"9999","99","9","9999","9999","9",,,,,,,,,"1857584983","551138","Lane County","A","+38510314","-100485950","06",,,47.1,0,2155,71,74,73,74,80,70,79,59,51,102,75,52,21,15,9,10,28911100,0,1065
"G2001030","2000","US","2","4","Kansas","20","Leavenworth","103",,,,,"0",,,,,,,,,,,,,"3760","99","N","9999","9999","9",,,,,,,,,"1199868696","13099909","Leavenworth County","A","+39226737","-094979816","06",,,15.5,46845,21846,1304,1019,1155,1380,1378,1502,1500,1534,1194,2401,3351,3288,1139,402,358,182,1115749700,16352,8049
"G2001050","2000","US","2","4","Kansas","20","Lincoln","105",,,,,"0",,,,,,,,,,,,,"9999","99","9","9999","9999","9",,,,,,,,,"1861861931","2771159","Lincoln County","A","+39049012","-098199230","06",,,42.5,0,3578,160,134,156,169,114,151,102,101,86,132,103,71,31,8,10,3,40696000,0,1853
"G2001070","2000","US","2","4","Kansas","20","Linn","107",,,,,"0",,,,,,,,,,,,,"9999","99","9","9999","9999","9",,,,,,,,,"1550547739","19734736","Linn County","A","+38223827","-094805322","06",,,27.1,0,9570,419,291,293,315,206,329,262,279,249,398,383,242,88,8,14,38,120286400,0,4720
"G2001090","2000","US","2","4","Kansas","20","Logan","109",,,,,"0",,,,,,,,,,,,,"9999","99","9","9999","9999","9",,,,,,,,,"2779023781","274630","Logan County","A","+39010542","-101063727","06",,,29.1,0,3046,123,74,102,144,124,109,72,86,45,103,99,84,39,16,11,7,38769300,0,1423
"G2001110","2000","US","2","4","Kansas","20","Lyon","111",,,,,"0",,,,,,,,,,,,,"9999","99","9","9999","9999","9",,,,,,,,,"2203740728","11051416","Lyon County","A","+38428144","-096148192","06",,,17.2,26798,9137,1766,1154,936,1240,1012,1192,767,829,741,1217,1221,1050,326,130,84,52,458562100,10993,3764
"G2001130","2000","US","2","4","Kansas","20","McPherson","113",,,,,"0",,,,,,,,,,,,,"9999","99","9","9999","9999","9",,,,,,,,,"2330241609","3949362","McPherson County","A","+38373035","-097649667","06",,,22.5,16920,12634,821,699,704,824,786,798,747,922,788,1232,1280,919,351,137,85,111,419685700,6871,4959
"G2001150","2000","US","2","4","Kansas","20","Marion","115",,,,,"0",,,,,,,,,,,,,"9999","99","9","9999","9999","9",,,,,,,,,"2442636621","27019123","Marion County","A","+38338511","-097086112","06",,,31.5,2763,10598,418,409,493,441,421,393,417,314,315,538,433,310,76,40,46,18,158359700,1163,4719
"G2001170","2000","US","2","4","Kansas","20","Marshall","117",,,,,"0",,,,,,,,,,,,,"9999","99","9","9999","9999","9",,,,,,,,,"2337543745","4737021","Marshall County","A","+39790884","-096529574","06",,,28.7,3057,7908,425,421,388,366,447,350,312,286,229,415,321,285,85,57,51,27,133449000,1535,3464
"G2001190","2000","US","2","4","Kansas","20","Meade","119",,,,,"0",,,,,,,,,,,,,"9999","99","9","9999","9999","9",,,,,,,,,"2534086363","3215224","Meade County","A","+37256749","-100386755","06",,,44.7,0,4631,156,127,123,140,107,165,158,126,82,127,181,135,68,15,12,14,57302600,0,1968
"G2001210","2000","US","2","4","Kansas","20","Miami","121",,,,,"0",,,,,,,,,,,,,"3760","99","N","9999","9999","9",,,,,,,,,"1493696732","34786706","Miami County","A","+38568540","-094851324","06",,,15.0,12629,15722,689,495,554,526,682,587,781,672,578,1135,1293,1280,589,200,172,164,491071900,5150,5834
"G2001230","2000","US","2","4","Kansas","20","Mitchell","123",,,,,"0",,,,,,,,,,,,,"9999","99","9","9999","9999","9",,,,,,,,,"1812530696","48695029","Mitchell County","A","+39429869","-098200274","06",,,23.2,3607,3325,240,214,339,193,251,254,212,181,160,242,250,185,69,10,49,18,89218000,1684,1656
"G2001250","2000","US","2","4","Kansas","20","Montgomery","125",,,,,"0",,,,,,,,,,,,,"9999","99","9","9999","9999","9",,,,,,,,,"1671069601","16039269","Montgomery County","A","+37148070","-095701064","06",,,18.0,20931,15321,1781,1637,1404,1258,1160,1063,1123,984,734,1239,1135,791,323,66,77,127,432595400,10284,6923
"G2001270","2000","US","2","4","Kansas","20","Morris","127",,,,,"0",,,,,,,,,,,,,"9999","99","9","9999","9999","9",,,,,,,,,"1806201846","14134170","Morris County","A","+38703192","-096640347","06",,,27.9,0,6104,246,243,229,248,222,173,211,158,159,200,205,135,58,15,18,36,78494300,0,3160
"G2001290","2000","US","2","4","Kansas","20","Morton","129",,,,,"0",,,,,,,,,,,,,"9999","99","9","9999","9999","9",,,,,,,,,"1890483871","54721","Morton County","A","+37124416","-101784918","06",,,45.9,0,3496,90,83,110,116,84,108,109,84,60,114,133,125,27,8,15,16,46366800,0,1519
"G2001310","2000","US","2","4","Kansas","20","Nemaha","131",,,,,"0",,,,,,,,,,,,,"9999","99","9","9999","9999","9",,,,,,,,,"1859578740","3654535","Nemaha County","A","+39799258","-095988152","06",,,29.7,0,10717,399,384,269,361,336,278,299,343,246,370,328,205,53,36,15,61,125058700,0,4340
"G2001330","2000","US","2","4","Kansas","20","Neosho","133",,,,,"0",,,,,,,,,,,,,"9999","99","9","9999","9999","9",,,,,,,,,"1480820514","16246860","Neosho County","A","+37591458","-095351726","06",,,21.4,9332,7665,723,605,540,654,585,576,516,395,415,564,517,347,156,52,38,77,205824500,4203,3258
"G2001350","2000","US","2","4","Kansas","20","Ness","135",,,,,"0",,,,,,,,,,,,,"9999","99","9","9999","9999","9",,,,,,,,,"2783581074","667310","Ness County","A","+38526299","-099890005","06",,,44.7,0,3454,175,125,129,116,132,125,117,88,82,148,103,104,39,14,6,12,44100400,0,1835
"G2001370","2000","US","2","4","Kansas","20","Norton","137",,,,,"0",,,,,,,,,,,,,"9999","99","9","9999","9999","9",,,,,,,,,"2273602126","9184461","Norton County","A","+39783846","-099899288","06",,,23.8,3750,2203,229,226,185,244,197,230,154,146,125,204,168,69,28,27,28,7,77202700,1516,1157
"G2001390","2000","US","2","4","Kansas","20","Osage","139",,,,,"0",,,,,,,,,,,,,"9999","99","9","9999","9999","9",,,,,,,,,"1822066478","40718711","Osage County","A","+38639801","-095727351","06",,,32.6,0,16712,587,416,484,405,538,509,502,392,360,678,819,522,159,46,23,31,216660800,0,7018
"G2001410","2000","US","2","4","Kansas","20","Osborne","141",,,,,"0",,,,,,,,,,,,,"9999","99","9","9999","9999","9",,,,,,,,,"2311276912","4896621","Osborne County","A","+39378782","-098759519","06",,,41.6,0,4452,245,168,201,210,185,207,108,138,87,142,88,99,37,14,2,20,47700200,0,2419
"G2001430","2000","US","2","4","Kansas","20","Ottawa","143",,,,,"0",,,,,,,,,,,,,"9999","99","9","9999","9999","9",,,,,,,,,"1867669100","2034610","Ottawa County","A","+39127258","-097674561","06",,,31.9,0,6163,225,160,140,185,156,220,203,168,159,277,274,163,45,26,32,8,83229300,0,2755
"G2001450","2000","US","2","4","Kansas","20","Pawnee","145",,,,,"0",,,,,,,,,,,,,"9999","99","9","9999","9999","9",,,,,,,,,"1953299131","992024","Pawnee County","A","+38175395","-099207486","06",,,17.6,4874,2359,193,220,229,253,303,170,180,188,155,218,276,196,60,52,30,28,90249100,2035,1079
"G2001470","2000","US","2","4","Kansas","20","Phillips","147",,,,,"0",,,,,,,,,,,,,"9999","99","9","9999","9999","9",,,,,,,,,"2295321354","22228588","Phillips County","A","+39769800","-099347934","06",,,33.0,2668,3333,250,209,217,199,219,153,194,163,164,353,193,81,41,6,17,36,70522700,1372,1716
"G2001490","2000","US","2","4","Kansas","20","Pottawatomie","149",,,,,"0",,,,,,,,,,,,,"9999","99","9","9999","9999","9",,,,,,,,,"2186569613","46177450","Pottawatomie County","A","+39336607","-096305882","06",,,29.3,4238,13971,517,460,461,460,477,488,528,461,421,749,749,633,266,66,36,46,261273400,1695,5616
"G2001510","2000","US","2","4","Kansas","20","Pratt","151",,,,,"0",,,,,,,,,,,,,"9999","99","9","9999","9999","9",,,,,,,,,"1903617696","1979501","Pratt County","A","+37647965","-098731984","06",,,20.2,6448,3199,464,232,301,416,267,269,288,346,146,356,350,346,71,50,40,22,127059300,3273,1360
"G2001530","2000","US","2","4","Kansas","20","Rawlins","153",,,,,"0",,,,,,,,,,,,,"9999","99","9","9999","9999","9",,,,,,,,,"2770293240","280961","Rawlins County","A","+39790772","-101066921","06",,,42.4,0,2966,159,125,108,118,91,113,76,78,90,109,75,99,32,11,11,3,34369800,0,1565
"G2001550","2000","US","2","4","Kansas","20","Reno","155",,,,,"0",,,,,,,,,,,,,"9999","99","9","9999","9999","9",,,,,,,,,"3248928230","43603282","Reno County","A","+38004874","-098018143","06",,,18.5,44341,20449,2515,1865,1869,2209,1987,2117,1802,1603,1451,2382,2453,1792,683,216,285,285,903540700,19263,8362
"G2001570","2000","US","2","4","Kansas","20","Republic","157",,,,,"0",,,,,,,,,,,,,"9999","99","9","9999","9999","9",,,,,,,,,"1855423684","10178177","Republic County","A","+39823297","-097647948","06",,,34.6,0,5835,250,262,270,263,206,210,202,147,182,217,136,81,60,16,33,14,65320500,0,3113
"G2001590","2000","US","2","4","Kansas","20","Rice","159",,,,,"0",,,,,,,,,,,,,"9999","99","9","9999","9999","9",,,,,,,,,"1881827679","4450034","Rice County","A","+38349411","-098217441","06",,,26.5,6097,4664,392,353,327,305,280,335,335,287,224,424,375,248,110,35,22,20,124789500,2486,2123
"G2001610","2000","US","2","4","Kansas","20","Riley","161",,,,,"0",,,,,,,,,,,,,"9999","99","9","9999","9999","9",,,,,,,,,"1578728051","32516685","Riley County","A","+39254260","-096672062","06",,,14.8,53605,9238,3033,1941,2007,1720,1650,1509,1339,1022,1181,1665,1871,1585,766,391,292,148,827249800,19471,3926
"G2001630","2000","US","2","4","Kansas","20","Rooks","163",,,,,"0",,,,,,,,,,,,,"9999","99","9","9999","9999","9",,,,,,,,,"2300801183","18174436","Rooks County","A","+39357714","-099334448","06",,,34.7,0,5685,292,181,184,261,242,215,179,163,136,187,174,97,20,8,11,15,63223500,0,2758
"G2001650","2000","US","2","4","Kansas","20","Rush","165",,,,,"0",,,,,,,,,,,,,"9999","99","9","9999","9999","9",,,,,,,,,"1860148723","544865","Rush County","A","+38527472","-099310127","06",,,43.4,0,3551,179,130,160,145,123,137,92,101,74,149,107,87,32,5,6,19,42001900,0,1928
"G2001670","2000","US","2","4","Kansas","20","Russell","167",,,,,"0",,,,,,,,,,,,,"9999","99","9","9999","9999","9",,,,,,,,,"2291311584","37047136","Russell County","A","+38908993","-098773442","06",,,19.4,4329,3041,435,310,322,338,231,241,156,248,138,271,148,199,107,33,10,38,83171200,2248,1623
"G2001690","2000","US","2","4","Kansas","20","Saline","169",,,,,"0",,,,,,,,,,,,,"9999","99","9","9999","9999","9",,,,,,,,,"1863789025","4315448","Saline County","A","+38807979","-097612452","06",,,16.0,45551,8046,1803,1406,1614,1597,1561,1934,1636,1488,1191,2191,2257,1542,597,235,186,252,812141100,19584,3111
"G2001710","2000","US","2","4","Kansas","20","Scott","171",,,,,"0",,,,,,,,,,,,,"9999","99","9","9999","9999","9",,,,,,,,,"1858380253","304731","Scott County","A","+38483147","-100920898","06",,,12.2,3687,1433,116,180,210,141,168,123,62,165,66,161,266,210,63,41,34,41,84718600,1722,569
"G2001730","2000","US","2","4","Kansas","20","Sedgwick","173",,,,,"0",,,,,,,,,,,,,"9040","99","N","9999","9999","9",,,,,,,,,"2588371255","25988729","Sedgwick County","A","+37681327","-097363470","06",,,14.8,413159,39710,13867,10062,10978,11884,12123,12228,10843,11038,10011,17851,20485,19135,7748,3391,2379,2577,7700471000,177398,13735
"G2001750","2000","US","2","4","Kansas","20","Seward","175",,,,,"0",,,,,,,,,,,,,"9999","99","9","9999","9999","9",,,,,,,,,"1656356746","2562618","Seward County","A","+37119500","-100877378","06",,,16.1,19320,3190,784,392,581,675,578,502,496,507,525,642,710,546,269,86,55,81,281703700,6856,1171
"G2001770","2000","US","2","4","Kansas","20","Shawnee","177",,,,,"0",,,,,,,,,,,,,"8440","99","N","9999","9999","9",,,,,,,,,"1424015086","16835524","Shawnee County","A","+39039150","-095710259","06",,,14.0,142541,27330,5733,4277,4455,5009,4824,4721,4509,4399,3501,6893,8126,6797,2940,1128,864,831,2764199400,63652,10116
"G2001790","2000","US","2","4","Kansas","20","Sheridan","179",,,,,"0",,,,,,,,,,,,,"9999","99","9","9999","9999","9",,,,,,,,,"2321551000","647643","Sheridan County","A","+39356854","-100452202","06",,,40.3,0,2813,112,114,84,92,99,91,115,88,46,94,100,41,25,12,16,5,33561400,0,1263
"G2001810","2000","US","2","4","Kansas","20","Sherman","181",,,,,"0",,,,,,,,,,,,,"9999","99","9","9999","9999","9",,,,,,,,,"2734511928","548250","Sherman County","A","+39344980","-101743383","06",,,14.5,4838,1922,260,230,249,248,233,288,186,126,110,289,227,215,57,9,22,15,89069800,2361,823
"G2001830","2000","US","2","4","Kansas","20","Smith","183",,,,,"0",,,,,,,,,,,,,"9999","99","9","9999","9999","9",,,,,,,,,"2319155240","2838829","Smith County","A","+39763375","-098795409","06",,,30.0,0,4536,252,178,171,276,154,153,80,117,123,180,147,72,42,2,2,4,46939400,0,2326
"G2001850","2000","US","2","4","Kansas","20","Stafford","185",,,,,"0",,,,,,,,,,,,,"9999","99","9","9999","9999","9",,,,,,,,,"2051409369","6915466","Stafford County","A","+38035595","-098719925","06",,,42.6,0,4789,208,196,165,177,203,178,152,130,82,166,191,89,31,12,12,7,55109100,0,2458
"G2001870","2000","US","2","4","Kansas","20","Stanton","187",,,,,"0",,,,,,,,,,,,,"9999","99","9","9999","9999","9",,,,,,,,,"1761203284","147268","Stanton County","A","+37562435","-101748362","06",,,41.3,0,2406,81,42,65,56,64,57,59,52,63,88,84,75,22,9,18,17,34080700,0,1007
"G2001890","2000","US","2","4","Kansas","20","Stevens","189",,,,,"0",,,,,,,,,,,,,"9999","99","9","9999","9999","9",,,,,,,,,"1884289606","463605","Stevens County","A","+37222066","-101308761","06",,,20.1,3773,1690,119,113,107,206,133,160,113,113,98,250,238,217,44,18,29,26,76839800,1565,700
"G2001910","2000","US","2","4","Kansas","20","Sumner","191",,,,,"0",,,,,,,,,,,,,"9999","99","9","9999","9999","9",,,,,,,,,"3060863993","7712942","Sumner County","A","+37264610","-097432563","06",,,26.0,9751,16195,846,761,675,732,692,629,698,734,539,1060,1079,917,324,117,62,55,361153000,4271,6606
"G2001930","2000","US","2","4","Kansas","20","Thomas","193",,,,,"0",,,,,,,,,,,,,"9999","99","9","9999","9999","9",,,,,,,,,"2783679450","288228","Thomas County","A","+39367297","-101026354","06",,,17.8,5359,2821,357,200,203,241,283,235,192,210,199,273,270,308,132,35,36,43,117512500,2420,1142
"G2001950","2000","US","2","4","Kansas","20","Trego","195",,,,,"0",,,,,,,,,,,,,"9999","99","9","9999","9999","9",,,,,,,,,"2300669030","27792003","Trego County","A","+38936994","-099845838","06",,,24.0,0,3319,191,135,135,115,138,71,80,95,90,127,107,80,25,8,5,10,39171600,0,1723
"G2001970","2000","US","2","4","Kansas","20","Wabaunsee","197",,,,,"0",,,,,,,,,,,,,"9999","99","9","9999","9999","9",,,,,,,,,"2065207345","6253071","Wabaunsee County","A","+38974718","-096202352","06",,,33.6,0,6885,158,167,169,184,180,204,165,222,211,313,341,218,59,13,28,8,96260000,0,3033
"G2001990","2000","US","2","4","Kansas","20","Wallace","199",,,,,"0",,,,,,,,,,,,,"9999","99","9","9999","9999","9",,,,,,,,,"2367233016","136475","Wallace County","A","+38899840","-101757577","06",,,43.7,0,1749,65,74,56,65,44,62,26,75,36,49,42,36,24,10,6,14,22194600,0,791
"G2002010","2000","US","2","4","Kansas","20","Washington","201",,,,,"0",,,,,,,,,,,,,"9999","99","9","9999","9999","9",,,,,,,,,"2326996076","981695","Washington County","A","+39777103","-097077243","06",,,40.4,0,6483,336,270,200,256,309,223,185,186,163,182,169,99,42,15,8,22,69641900,0,3142
"G2002030","2000","US","2","4","Kansas","20","Wichita","203",,,,,"0",,,,,,,,,,,,,"9999","99","9","9999","9999","9",,,,,,,,,"1860951277","61986","Wichita County","A","+38498351","-101363778","06",,,40.9,0,2531,89,78,96,78,68,95,57,61,73,65,86,69,26,16,8,11,31644600,0,1119
"G2002050","2000","US","2","4","Kansas","20","Wilson","205",,,,,"0",,,,,,,,,,,,,"9999","99","9","9999","9999","9",,,,,,,,,"1486156996","3019101","Wilson County","A","+37540236","-095751968","06",,,27.0,2910,7422,551,413,437,351,373,324,293,287,209,343,297,218,51,35,22,10,112807400,1331,3606
"G2002070","2000","US","2","4","Kansas","20","Woodson","207",,,,,"0",,,,,,,,,,,,,"9999","99","9","9999","9999","9",,,,,,,,,"1296562465","12549925","Woodson County","A","+37885917","-095736987","06",,,35.2,0,3788,250,157,220,179,186,110,98,75,64,92,84,85,23,8,9,2,36622300,0,2076
"G2002090","2000","US","2","4","Kansas","20","Wyandotte","209",,,,,"0",,,,,,,,,,,,,"3760","99","N","9999","9999","9",,,,,,,,,"392097572","11140433","Wyandotte County","N","+39103711","-094692760","06",,,14.6,149491,8391,7607,4571,4473,4831,4865,4378,4044,3558,3231,5233,5347,4738,1656,541,304,333,2025337600,62684,3208
"G2100010","2000","US","3","6","Kentucky","21","Adair","001",,,,,"0",,,,,,,,,,,,,"9999","99","9","9999","9999","9",,,,,,,,,"1053704499","13969617","Adair County","A","+37102613","-085281104","06",,,14.5,4374,12870,1456,718,701,600,567,353,270,444,319,448,362,178,95,56,72,94,190801000,1969,5823
"G2100030","2000","US","3","6","Kentucky","21","Allen","003",,,,,"0",,,,,,,,,,,,,"9999","99","9","9999","9999","9",,,,,,,,,"896450919","15330656","Allen County","A","+36748478","-086183210","06",,,16.3,4018,13782,1107,568,574,496,547,557,451,379,407,652,652,280,79,58,48,34,201537700,1884,6173
"G2100050","2000","US","3","6","Kentucky","21","Anderson","005",,,,,"0",,,,,,,,,,,,,"9999","99","9","9999","9999","9",,,,,,,,,"524913106","4177657","Anderson County","A","+38012614","-084951050","06",,,12.9,9726,9385,582,343,358,406,477,530,465,446,562,1097,963,688,247,39,50,61,293765200,4085,3667
"G2100070","2000","US","3","6","Kentucky","21","Ballard","007",,,,,"0",,,,,,,,,,,,,"9999","99","9","9999","9999","9",,,,,,,,,"650503463","58120830","Ballard County","A","+37053173","-088986191","06",,,29.9,0,8286,419,313,282,284,272,239,171,189,221,281,282,302,83,30,8,40,118646000,0,3837
"G2100090","2000","US","3","6","Kentucky","21","Barren","009",,,,,"0",,,,,,,,,,,,,"9999","99","9","9999","9999","9",,,,,,,,,"1271616528","23194002","Barren County","A","+36984455","-085933483","06",,,17.7,13638,24395,2198,1497,1312,1125,1242,1125,960,961,759,1279,1222,1012,246,135,81,201,506771300,6473,10622
"G2100110","2000","US","3","6","Kentucky","21","Bath","011",,,,,"0",,,,,,,,,,,,,"9999","99","9","9999","9999","9",,,,,,,,,"723793989","11615891","Bath County","A","+38147434","-083758080","06",,,20.7,0,11085,921,447,427,378,336,332,246,245,194,297,235,230,70,31,25,46,127276200,0,4994
"G2100130","2000","US","3","6","Kentucky","21","Bell","013",,,,,"0",,,,,,,,,,,,,"9999","99","9","9999","9999","9",,,,,,,,,"934384652","1510593","Bell County","A","+36691388","-083702245","06",,,15.3,11118,18942,3436,1422,1363,1130,923,642,544,514,304,642,571,257,115,37,34,97,236167700,5235,8106
"G2100150","2000","US","3","6","Kentucky","21","Boone","015",,,,,"0",,,,,,,,,,,,,"1642","21","N","1640","9999","9",,,,,,,,,"637811194","27718806","Boone County","A","+38971999","-084680815","06",,,14.9,64744,21247,1597,1207,1661,1563,1481,1653,1668,1663,1781,3465,4412,4506,2112,926,851,785,1762435600,25559,7792
"G2100170","2000","US","3","6","Kentucky","21","Bourbon","017",,,,,"0",,,,,,,,,,,,,"4280","99","N","9999","9999","9",,,,,,,,,"754799210","596672","Bourbon County","A","+38218884","-084226178","06",,,17.3,10619,8741,1004,702,567,576,451,548,506,406,362,626,747,656,260,108,95,91,283137400,4821,3528
"G2100190","2000","US","3","6","Kentucky","21","Boyd","019",,,,,"0",,,,,,,,,,,,,"3400","99","N","9999","9999","9",,,,,,,,,"414834483","4268713","Boyd County","A","+38425361","-082664583","06",,,12.9,36988,12764,2741,1952,1566,1590,1379,1322,1240,1141,938,1741,1686,1502,578,259,198,244,653105200,16643,5333
"G2100210","2000","US","3","6","Kentucky","21","Boyle","021",,,,,"0",,,,,,,,,,,,,"9999","99","9","9999","9999","9",,,,,,,,,"471111135","2826418","Boyle County","A","+37625286","-084842347","06",,,17.5,17502,10195,1259,865,952,839,684,664,638,596,487,954,963,925,319,113,160,171,380109100,7548,3870
"G2100230","2000","US","3","6","Kentucky","21","Bracken","023",,,,,"0",,,,,,,,,,,,,"9999","99","9","9999","9999","9",,,,,,,,,"526333281","14696299","Bracken County","A","+38731039","-084080939","06",,,29.9,0,8279,386,264,213,277,276,202,272,216,173,263,318,238,76,27,13,9,109953300,0,3715
"G2100250","2000","US","3","6","Kentucky","21","Breathitt","025",,,,,"0",,,,,,,,,,,,,"9999","99","9","9999","9999","9",,,,,,,,,"1282544109","244193","Breathitt County","A","+37525387","-083345769","06",,,19.7,3279,12821,1730,814,630,509,452,356,263,274,223,328,279,194,71,15,10,33,121068900,1451,5361
"G2100270","2000","US","3","6","Kentucky","21","Breckinridge","027",,,,,"0",,,,,,,,,,,,,"9999","99","9","9999","9999","9",,,,,,,,,"1482535646","33975937","Breckinridge County","A","+37783397","-086452247","06",,,22.7,0,18648,1127,688,639,647,494,525,547,429,346,594,606,437,82,51,60,63,218138500,0,9890
"G2100290","2000","US","3","6","Kentucky","21","Bullitt","029",,,,,"0",,,,,,,,,,,,,"4520","99","N","9999","9999","9",,,,,,,,,"774604448","2908200","Bullitt County","A","+38005184","-085672052","06",,,15.9,39539,21697,1457,1298,996,1341,1624,1578,1271,1522,1475,2789,2896,2313,963,418,191,116,953168500,15090,8070
"G2100310","2000","US","3","6","Kentucky","21","Butler","031",,,,,"0",,,,,,,,,,,,,"9999","99","9","9999","9999","9",,,,,,,,,"1108720714","8916548","Butler County","A","+37203382","-086699279","06",,,18.7,0,13010,800,477,480,401,408,388,327,370,232,401,434,204,56,22,13,41,139507700,0,5815
"G2100330","2000","US","3","6","Kentucky","21","Caldwell","033",,,,,"0",,,,,,,,,,,,,"9999","99","9","9999","9999","9",,,,,,,,,"898673451","3099508","Caldwell County","A","+37152168","-087889446","06",,,14.1,6347,6713,864,482,559,550,367,363,361,314,212,393,471,256,96,56,26,49,158830400,2998,3128
"G2100350","2000","US","3","6","Kentucky","21","Calloway","035",,,,,"0",,,,,,,,,,,,,"9999","99","9","9999","9999","9",,,,,,,,,"1000392922","63536535","Calloway County","A","+36616903","-088269723","06",,,14.1,16253,17924,2102,1351,1009,1267,1144,1121,842,763,588,988,1012,886,359,165,115,110,426170700,7184,8885
"G2100370","2000","US","3","6","Kentucky","21","Campbell","037",,,,,"0",,,,,,,,,,,,,"1642","21","N","1640","9999","9",,,,,,,,,"392523925","20395077","Campbell County","A","+39036524","-084433303","06",,,15.8,74693,13923,2979,2180,2216,2279,2485,2243,2044,2263,1860,3328,3992,3837,1449,637,544,495,1465659400,31834,5064
"G2100390","2000","US","3","6","Kentucky","21","Carlisle","039",,,,,"0",,,,,,,,,,,,,"9999","99","9","9999","9999","9",,,,,,,,,"498536885","16931931","Carlisle County","A","+36851769","-088952666","06",,,25.5,0,5351,285,171,206,231,209,245,141,157,69,154,146,87,67,8,10,26,60259400,0,2490
"G2100410","2000","US","3","6","Kentucky","21","Carroll","041",,,,,"0",,,,,,,,,,,,,"9999","99","9","9999","9999","9",,,,,,,,,"336927272","18596070","Carroll County","A","+38667670","-085122626","06",,,17.7,4977,5178,619,312,298,159,271,258,241,161,232,423,449,389,53,51,14,18,134494200,2154,2285
"G2100430","2000","US","3","6","Kentucky","21","Carter","043",,,,,"0",,,,,,,,,,,,,"3400","99","N","9999","9999","9",,,,,,,,,"1063446887","4005430","Carter County","A","+38307846","-083049318","06",,,15.9,4783,22106,1810,1318,1027,725,810,771,570,574,442,752,757,530,135,41,46,48,276461400,1910,9624
"G2100450","2000","US","3","6","Kentucky","21","Casey","045",,,,,"0",,,,,,,,,,,,,"9999","99","9","9999","9999","9",,,,,,,,,"1154128617","301383","Casey County","A","+37320994","-084932578","06",,,16.9,0,15447,1449,698,743,616,503,380,369,318,181,378,288,162,66,39,33,50,146972200,0,7242
"G2100470","2000","US","3","6","Kentucky","21","Christian","047",,,,,"0",,,,,,,,,,,,,"1660","99","N","9999","9999","9",,,,,,,,,"1868197282","6973595","Christian County","A","+36854445","-087481989","06",,,14.6,52471,19794,3030,1949,2239,2325,2454,1789,1975,1568,1103,2182,1902,1316,566,188,114,187,861825500,19063,8119
"G2100490","2000","US","3","6","Kentucky","21","Clark","049",,,,,"0",,,,,,,,,,,,,"4280","99","N","9999","9999","9",,,,,,,,,"658660569","2188861","Clark County","A","+37978992","-084169019","06",,,12.6,22085,11059,1347,971,922,867,769,849,803,796,717,1223,1656,1184,474,192,133,136,493091100,9446,4303
"G2100510","2000","US","3","6","Kentucky","21","Clay","051",,,,,"0",,,,,,,,,,,,,"9999","99","9","9999","9999","9",,,,,,,,,"1219909733","179538","Clay County","A","+37180607","-083740232","06",,,18.3,4687,19869,2645,1332,1045,639,513,350,343,223,273,390,381,311,54,17,34,23,168051800,1393,8046
"G2100530","2000","US","3","6","Kentucky","21","Clinton","053",,,,,"0",,,,,,,,,,,,,"9999","99","9","9999","9999","9",,,,,,,,,"511406731","20941244","Clinton County","A","+36718925","-085134563","06",,,16.6,0,9634,1036,582,452,292,327,282,218,177,128,149,218,116,46,0,20,32,87665000,0,4888
"G2100550","2000","US","3","6","Kentucky","21","Crittenden","055",,,,,"0",,,,,,,,,,,,,"9999","99","9","9999","9999","9",,,,,,,,,"937940022","22817384","Crittenden County","A","+37329380","-088081084","06",,,16.4,2773,6611,593,376,389,306,311,262,268,170,216,300,316,226,63,29,26,11,106578300,1414,2996
"G2100570","2000","US","3","6","Kentucky","21","Cumberland","057",,,,,"0",,,,,,,,,,,,,"9999","99","9","9999","9999","9",,,,,,,,,"792076599","13013762","Cumberland County","A","+36779996","-085406691","06",,,25.7,0,7147,718,334,327,255,220,233,219,145,69,128,115,128,26,17,10,14,67615300,0,3567
"G2100590","2000","US","3","6","Kentucky","21","Daviess","059",,,,,"0",,,,,,,,,,,,,"5990","99","N","9999","9999","9",,,,,,,,,"1197581574","35960165","Daviess County","A","+37750648","-087105097","06",,,13.6,67557,23988,4078,2939,2613,2468,2556,2463,2477,2068,1758,3760,3490,3176,1037,437,204,552,1329854400,29450,8982
"G2100610","2000","US","3","6","Kentucky","21","Edmonson","061",,,,,"0",,,,,,,,,,,,,"9999","99","9","9999","9999","9",,,,,,,,,"783789990","13964294","Edmonson County","A","+37236499","-086248786","06",,,17.2,0,11644,831,469,569,433,340,353,324,213,201,357,282,168,70,3,32,26,113502200,0,6104
"G2100630","2000","US","3","6","Kentucky","21","Elliott","063",,,,,"0",,,,,,,,,,,,,"9999","99","9","9999","9999","9",,,,,,,,,"605957318","3214977","Elliott County","A","+38119776","-083097837","06",,,20.7,0,6748,608,355,315,206,173,177,144,96,85,136,143,94,57,28,0,12,59619100,0,3107
"G2100650","2000","US","3","6","Kentucky","21","Estill","065",,,,,"0",,,,,,,,,,,,,"9999","99","9","9999","9999","9",,,,,,,,,"657681296","4566122","Estill County","A","+37693947","-083970538","06",,,15.0,4205,11102,1430,612,600,584,489,416,382,246,213,411,299,264,62,38,27,17,134726500,1974,4850
"G2100670","2000","US","3","6","Kentucky","21","Fayette","067",,,,,"0",,,,,,,,,,,,,"4280","99","N","9999","9999","9",,,,,,,,,"736891307","2600547","Fayette County","C","+38029632","-084494642","06",,,12.8,249378,11134,11076,7669,7295,8131,7132,6730,6367,5654,5480,9200,10868,10334,5286,2241,2227,2721,4945283200,111895,4272
"G2100690","2000","US","3","6","Kentucky","21","Fleming","069",,,,,"0",,,,,,,,,,,,,"9999","99","9","9999","9999","9",,,,,,,,,"908680657","1618004","Fleming County","A","+38377973","-083701222","06",,,20.2,2816,10976,902,522,520,505,358,401,377,310,215,451,307,318,88,39,27,36,158463600,1341,4779
"G2100710","2000","US","3","6","Kentucky","21","Floyd","071",,,,,"0",,,,,,,,,,,,,"9999","99","9","9999","9999","9",,,,,,,,,"1021217616","3015317","Floyd County","A","+37572027","-082748921","06",,,16.3,5318,37123,4457,2215,1442,1351,1300,986,808,652,649,912,915,648,252,82,65,135,365352800,2606,15945
"G2100730","2000","US","3","6","Kentucky","21","Franklin","073",,,,,"0",,,,,,,,,,,,,"9999","99","9","9999","9999","9",,,,,,,,,"545088647","4266321","Franklin County","A","+38203653","-084868393","06",,,13.4,35077,12610,2030,1431,1145,1387,1239,1344,1366,1149,1003,1829,1983,2221,910,363,290,200,766722500,16453,4956
"G2100750","2000","US","3","6","Kentucky","21","Fulton","075",,,,,"0",,,,,,,,,,,,,"9999","99","9","9999","9999","9",,,,,,,,,"541177806","55940607","Fulton County","A","+36539914","-089064648","06",,,19.0,2805,4947,706,372,268,313,231,210,174,205,75,209,217,156,38,4,32,25,81284700,1407,2290
"G2100770","2000","US","3","6","Kentucky","21","Gallatin","077",,,,,"0",,,,,,,,,,,,,"1642","21","N","1640","9999","9",,,,,,,,,"255907333","15196831","Gallatin County","A","+38749513","-084873611","06",,,24.7,0,7870,376,223,197,183,249,159,192,165,187,323,251,227,96,32,35,11,108383300,0,3362
"G2100790","2000","US","3","6","Kentucky","21","Garrard","079",,,,,"0",,,,,,,,,,,,,"9999","99","9","9999","9999","9",,,,,,,,,"598824325","6912004","Garrard County","A","+37644153","-084550423","06",,,15.0,3953,10839,680,568,411,374,464,437,304,351,262,634,602,449,78,58,59,39,188184300,1854,4560
"G2100810","2000","US","3","6","Kentucky","21","Grant","081",,,,,"0",,,,,,,,,,,,,"1642","21","N","1640","9999","9",,,,,,,,,"673215866","2229839","Grant County","A","+38657847","-084602295","06",,,22.2,4962,17422,772,431,535,549,722,627,611,553,399,914,942,693,271,65,76,49,309536000,1963,7343
"G2100830","2000","US","3","6","Kentucky","21","Graves","083",,,,,"0",,,,,,,,,,,,,"9999","99","9","9999","9999","9",,,,,,,,,"1438975813","2251865","Graves County","A","+36731680","-088646569","06",,,15.2,11199,25829,2318,1481,1372,1118,944,1012,975,821,792,1178,1178,815,473,143,61,178,437839700,5256,11084
"G2100850","2000","US","3","6","Kentucky","21","Grayson","085",,,,,"0",,,,,,,,,,,,,"9999","99","9","9999","9999","9",,,,,,,,,"1304513526","18580493","Grayson County","A","+37467837","-086339099","06",,,18.4,5419,18634,1614,868,809,985,1001,664,598,477,456,693,611,501,176,43,67,54,272241600,2456,10346
"G2100870","2000","US","3","6","Kentucky","21","Green","087",,,,,"0",,,,,,,,,,,,,"9999","99","9","9999","9999","9",,,,,,,,,"747629079","300184","Green County","A","+37263757","-085536418","06",,,17.6,0,11518,899,531,518,391,377,326,288,271,180,304,277,170,109,10,21,76,113245600,0,5420
"G2100890","2000","US","3","6","Kentucky","21","Greenup","089",,,,,"0",,,,,,,,,,,,,"3400","99","N","9999","9999","9",,,,,,,,,"896409719","21774425","Greenup County","A","+38567287","-082858221","06",,,21.3,22630,14261,1807,1409,1292,1272,988,1008,820,830,836,1212,1202,1030,422,200,77,149,466689100,9849,6128
"G2100910","2000","US","3","6","Kentucky","21","Hancock","091",,,,,"0",,,,,,,,,,,,,"9999","99","9","9999","9999","9",,,,,,,,,"488990833","26217159","Hancock County","A","+37868783","-086805340","06",,,26.9,919,7473,389,229,238,180,248,237,184,216,247,286,331,267,108,19,23,13,113983500,414,3186
"G2100930","2000","US","3","6","Kentucky","21","Hardin","093",,,,,"0",,,,,,,,,,,,,"9999","99","9","9999","9999","9",,,,,,,,,"1626453011","4877254","Hardin County","A","+37738924","-085914926","06",,,13.9,60007,34167,2835,2411,2522,2861,2627,2526,2452,2150,1957,3253,3986,2932,1001,415,291,271,1306165900,24520,13153
"G2100950","2000","US","3","6","Kentucky","21","Harlan","095",,,,,"0",,,,,,,,,,,,,"9999","99","9","9999","9999","9",,,,,,,,,"1210029535","2011449","Harlan County","A","+36865382","-083200284","06",,,22.6,15829,17373,3563,2091,1300,1113,1061,814,618,423,411,622,600,363,94,61,51,96,241345300,7419,7598
"G2100970","2000","US","3","6","Kentucky","21","Harrison","097",,,,,"0",,,,,,,,,,,,,"9999","99","9","9999","9999","9",,,,,,,,,"802065260","510094","Harrison County","A","+38415364","-084321238","06",,,14.9,6494,11489,793,485,449,524,519,567,520,417,403,656,696,532,270,76,51,48,245293600,2988,4672
"G2100990","2000","US","3","6","Kentucky","21","Hart","099",,,,,"0",,,,,,,,,,,,,"9999","99","9","9999","9999","9",,,,,,,,,"1077254187","5133869","Hart County","A","+37280263","-085880213","06",,,20.3,2230,15215,1289,818,566,670,451,556,418,358,259,428,441,300,99,16,39,53,170879900,1082,6963
"G2101010","2000","US","3","6","Kentucky","21","Henderson","101",,,,,"0",,,,,,,,,,,,,"2440","99","N","9999","9999","9",,,,,,,,,"1139916860","70219199","Henderson County","A","+37802623","-087568076","06",,,14.2,26521,18308,2106,1461,1449,1361,1273,1185,1103,1063,843,1695,2055,1327,526,226,164,219,653222100,12321,7145
"G2101030","2000","US","3","6","Kentucky","21","Henry","103",,,,,"0",,,,,,,,,,,,,"9999","99","9","9999","9999","9",,,,,,,,,"749329544","4643060","Henry County","A","+38443195","-085164850","06",,,27.2,0,15060,728,431,386,358,459,389,288,302,404,647,556,436,239,70,79,54,211202100,0,6381
"G2101050","2000","US","3","6","Kentucky","21","Hickman","105",,,,,"0",,,,,,,,,,,,,"9999","99","9","9999","9999","9",,,,,,,,,"633109390","21997560","Hickman County","A","+36670021","-088953117","06",,,28.5,0,5262,348,235,164,166,123,131,215,120,93,165,162,163,46,18,21,17,62598800,0,2436
"G2101070","2000","US","3","6","Kentucky","21","Hopkins","107",,,,,"0",,,,,,,,,,,,,"9999","99","9","9999","9999","9",,,,,,,,,"1425939026","9517988","Hopkins County","A","+37304241","-087543652","06",,,20.3,25205,21314,2528,1943,1612,1607,1401,1515,1187,1094,983,1561,1406,1044,373,207,159,224,582001800,11637,9031
"G2101090","2000","US","3","6","Kentucky","21","Jackson","109",,,,,"0",,,,,,,,,,,,,"9999","99","9","9999","9999","9",,,,,,,,,"896993001","625470","Jackson County","A","+37413521","-083991547","06",,,20.3,0,13495,1402,686,544,509,447,364,332,254,199,255,148,110,26,7,8,19,98148700,0,6065
"G2101110","2000","US","3","6","Kentucky","21","Jefferson","111",,,,,"0",,,,,,,,,,,,,"4520","99","N","9999","9999","9",,,,,,,,,"997372560","34933418","Jefferson County","A","+38209237","-085704021","06",,,17.1,680799,12805,30656,19279,19241,20423,19720,18627,17331,16220,14739,25228,27662,27237,12713,6220,5541,6296,12104515600,300752,5083
"G2101130","2000","US","3","6","Kentucky","21","Jessamine","113",,,,,"0",,,,,,,,,,,,,"4280","99","N","9999","9999","9",,,,,,,,,"448412225","3418347","Jessamine County","A","+37879166","-084587109","06",,,14.6,27108,11933,1291,691,865,1118,1187,851,910,793,788,1276,1454,1242,708,271,171,246,607135900,10056,4590
"G2101150","2000","US","3","6","Kentucky","21","Johnson","115",,,,,"0",,,,,,,,,,,,,"9999","99","9","9999","9999","9",,,,,,,,,"677395112","6213074","Johnson County","A","+37834162","-082797237","06",,,14.5,5978,17467,1904,1069,801,783,754,659,429,426,382,555,576,394,139,65,29,124,230071700,2755,7481
"G2101170","2000","US","3","6","Kentucky","21","Kenton","117",,,,,"0",,,,,,,,,,,,,"1642","21","N","1640","9999","9",,,,,,,,,"419490114","6256655","Kenton County","A","+39026743","-084539347","06",,,15.7,140308,11156,4795,3285,3630,3582,3932,3819,3736,3588,3477,5898,6957,6183,3131,1136,1013,1291,2762321800,59299,4272
"G2101190","2000","US","3","6","Kentucky","21","Knott","119",,,,,"0",,,,,,,,,,,,,"9999","99","9","9999","9999","9",,,,,,,,,"912174899","2122837","Knott County","A","+37347626","-082956777","06",,,20.5,0,17649,1760,778,774,552,490,365,328,297,214,364,406,215,108,33,10,26,139379900,0,7579
"G2101210","2000","US","3","6","Kentucky","21","Knox","121",,,,,"0",,,,,,,,,,,,,"9999","99","9","9999","9999","9",,,,,,,,,"1004046439","108036","Knox County","A","+36894622","-083906488","06",,,13.6,9372,22423,3600,1722,1247,1049,905,799,635,445,251,505,479,483,139,41,40,50,233465700,4442,9557
"G2101230","2000","US","3","6","Kentucky","21","Larue","123",,,,,"0",,,,,,,,,,,,,"9999","99","9","9999","9999","9",,,,,,,,,"681675308","1362450","Larue County","A","+37528269","-085694210","06",,,15.0,3112,10261,779,387,440,404,410,391,372,361,290,427,406,366,131,36,50,39,162323500,1421,4439
"G2101250","2000","US","3","6","Kentucky","21","Laurel","125",,,,,"0",,,,,,,,,,,,,"9999","99","9","9999","9999","9",,,,,,,,,"1128378888","20904577","Laurel County","A","+37106679","-084083545","06",,,15.4,17127,35588,3625,2089,1966,1733,1597,1630,1356,1118,949,1236,1249,999,333,140,175,180,571356200,7641,14676
"G2101270","2000","US","3","6","Kentucky","21","Lawrence","127",,,,,"0",,,,,,,,,,,,,"9999","99","9","9999","9999","9",,,,,,,,,"1084622342","3495580","Lawrence County","A","+38075692","-082705282","06",,,18.3,3423,12146,1444,846,544,499,411,348,336,248,187,385,276,244,91,38,18,35,130155400,1577,5463
"G2101290","2000","US","3","6","Kentucky","21","Lee","129",,,,,"0",,,,,,,,,,,,,"9999","99","9","9999","9999","9",,,,,,,,,"543533117","3514818","Lee County","A","+37591061","-083697023","06",,,21.3,0,7916,844,418,295,268,270,166,105,116,70,117,131,94,43,24,13,27,77583900,0,3321
"G2101310","2000","US","3","6","Kentucky","21","Leslie","131",,,,,"0",,,,,,,,,,,,,"9999","99","9","9999","9999","9",,,,,,,,,"1046433067","857464","Leslie County","A","+37110113","-083369784","06",,,18.0,0,12401,1458,686,465,465,310,284,236,159,141,225,247,173,38,4,11,10,86274600,0,5502
"G2101330","2000","US","3","6","Kentucky","21","Letcher","133",,,,,"0",,,,,,,,,,,,,"9999","99","9","9999","9999","9",,,,,,,,,"878120322","191554","Letcher County","A","+37137877","-082814908","06",,,23.3,78,25199,2300,1425,1115,979,640,555,446,501,339,630,576,337,88,45,56,22,212871700,27,11378
"G2101350","2000","US","3","6","Kentucky","21","Lewis","135",,,,,"0",,,,,,,,,,,,,"9999","99","9","9999","9999","9",,,,,,,,,"1254818557","29037349","Lewis County","A","+38544909","-083340234","06",,,22.0,0,14092,1217,658,559,557,386,354,266,304,192,355,260,197,64,15,8,27,118849100,0,6173
"G2101370","2000","US","3","6","Kentucky","21","Lincoln","137",,,,,"0",,,,,,,,,,,,,"9999","99","9","9999","9999","9",,,,,,,,,"870905604","551368","Lincoln County","A","+37460561","-084678393","06",,,16.8,4573,18788,1523,1042,973,885,593,732,565,510,451,765,557,311,147,65,45,46,246233500,2000,8127
"G2101390","2000","US","3","6","Kentucky","21","Livingston","139",,,,,"0",,,,,,,,,,,,,"9999","99","9","9999","9999","9",,,,,,,,,"818648229","67644646","Livingston County","A","+37155131","-088328991","06",,,20.7,0,9804,437,356,316,371,390,299,203,218,232,347,410,221,95,29,16,33,122847100,0,4772
"G2101410","2000","US","3","6","Kentucky","21","Logan","141",,,,,"0",,,,,,,,,,,,,"9999","99","9","9999","9999","9",,,,,,,,,"1439216087","3659735","Logan County","A","+36864453","-086872605","06",,,20.2,6690,19883,1449,937,796,874,808,707,724,676,545,1039,958,565,183,111,33,99,327805000,3222,8653
"G2101430","2000","US","3","6","Kentucky","21","Lyon","143",,,,,"0",,,,,,,,,,,,,"9999","99","9","9999","9999","9",,,,,,,,,"558667225","105450646","Lyon County","A","+37048571","-088075212","06",,,22.6,0,8080,431,223,220,283,206,194,181,163,128,262,301,154,112,24,24,7,96976400,0,4189
"G2101450","2000","US","3","6","Kentucky","21","McCracken","145",,,,,"0",,,,,,,,,,,,,"9999","99","9","9999","9999","9",,,,,,,,,"650151003","44170785","McCracken County","A","+37059705","-088651111","06",,,14.5,46790,18724,3868,2400,2190,1971,1971,1859,1635,1570,1238,2104,2638,2283,916,350,378,370,964721200,22419,7942
"G2101470","2000","US","3","6","Kentucky","21","McCreary","147",,,,,"0",,,,,,,,,,,,,"9999","99","9","9999","9999","9",,,,,,,,,"1107732620","7610693","McCreary County","A","+36734929","-084473018","06",,,12.7,0,17080,1706,837,814,781,569,451,305,239,167,213,227,160,18,9,21,26,116010900,0,7405
"G2101490","2000","US","3","6","Kentucky","21","McLean","149",,,,,"0",,,,,,,,,,,,,"9999","99","9","9999","9999","9",,,,,,,,,"658621474","4865347","McLean County","A","+37501567","-087235570","06",,,28.8,0,9938,597,327,446,290,351,285,277,237,222,300,307,206,41,24,23,45,116112200,0,4392
"G2101510","2000","US","3","6","Kentucky","21","Madison","151",,,,,"0",,,,,,,,,,,,,"4280","99","N","9999","9999","9",,,,,,,,,"1141362670","6279386","Madison County","A","+37699681","-084272240","06",,,12.3,41554,29318,3941,2302,1973,2215,2115,1765,1725,1519,1349,2211,2639,1879,786,286,237,239,977337800,17837,11758
"G2101530","2000","US","3","6","Kentucky","21","Magoffin","153",,,,,"0",,,,,,,,,,,,,"9999","99","9","9999","9999","9",,,,,,,,,"801437172","15852","Magoffin County","A","+37714481","-083061381","06",,,21.2,0,13332,1552,564,452,381,302,334,265,248,203,273,185,151,47,39,13,21,106826400,0,5447
"G2101550","2000","US","3","6","Kentucky","21","Marion","155",,,,,"0",,,,,,,,,,,,,"9999","99","9","9999","9999","9",,,,,,,,,"897154272","1212431","Marion County","A","+37554278","-085269545","06",,,20.1,5503,12709,1111,547,524,521,557,510,412,364,357,464,578,400,105,28,57,68,208353500,2521,4756
"G2101570","2000","US","3","6","Kentucky","21","Marshall","157",,,,,"0",,,,,,,,,,,,,"9999","99","9","9999","9999","9",,,,,,,,,"789648719","91774088","Marshall County","A","+36901582","-088322058","06",,,15.0,4196,25929,1292,998,1072,950,1118,685,780,699,612,1118,1342,1037,363,178,120,48,402344900,1910,12820
"G2101590","2000","US","3","6","Kentucky","21","Martin","159",,,,,"0",,,,,,,,,,,,,"9999","99","9","9999","9999","9",,,,,,,,,"597509461","285233","Martin County","A","+37835910","-082515848","06",,,24.0,0,12578,1405,652,481,462,270,244,184,237,166,243,192,149,31,29,2,22,82590300,0,5551
"G2101610","2000","US","3","6","Kentucky","21","Mason","161",,,,,"0",,,,,,,,,,,,,"9999","99","9","9999","9999","9",,,,,,,,,"624469278","14224648","Mason County","A","+38612504","-083797966","06",,,16.7,8322,8478,949,710,603,671,462,511,443,348,219,547,561,416,180,69,78,69,220327800,4091,3663
"G2101630","2000","US","3","6","Kentucky","21","Meade","163",,,,,"0",,,,,,,,,,,,,"9999","99","9","9999","9999","9",,,,,,,,,"799024556","40698446","Meade County","A","+37948853","-086130373","06",,,19.5,4419,21930,874,546,692,715,824,775,737,575,622,1016,949,695,262,116,58,41,342266000,1598,8695
"G2101650","2000","US","3","6","Kentucky","21","Menifee","165",,,,,"0",,,,,,,,,,,,,"9999","99","9","9999","9999","9",,,,,,,,,"528093728","5519523","Menifee County","A","+37956583","-083597479","06",,,21.1,0,6556,618,270,267,198,190,200,165,130,130,115,112,86,22,0,5,15,53199100,0,3710
"G2101670","2000","US","3","6","Kentucky","21","Mercer","167",,,,,"0",,,,,,,,,,,,,"9999","99","9","9999","9999","9",,,,,,,,,"649869025","5689445","Mercer County","A","+37782987","-084848614","06",,,16.0,8436,12381,889,669,652,668,699,590,497,474,454,777,936,731,211,62,53,79,279484600,3964,5325
"G2101690","2000","US","3","6","Kentucky","21","Metcalfe","169",,,,,"0",,,,,,,,,,,,,"9999","99","9","9999","9999","9",,,,,,,,,"753414695","178981","Metcalfe County","A","+36982743","-085633086","06",,,23.1,0,10037,860,420,392,430,274,246,226,228,154,247,258,157,37,31,16,33,95422700,0,4592
"G2101710","2000","US","3","6","Kentucky","21","Monroe","171",,,,,"0",,,,,,,,,,,,,"9999","99","9","9999","9999","9",,,,,,,,,"856789301","3359278","Monroe County","A","+36714391","-085712551","06",,,17.4,0,11756,1060,512,505,512,328,289,291,253,188,261,261,130,33,14,22,66,112052400,0,5288
"G2101730","2000","US","3","6","Kentucky","21","Montgomery","173",,,,,"0",,,,,,,,,,,,,"9999","99","9","9999","9999","9",,,,,,,,,"514349457","549567","Montgomery County","A","+38025598","-083892016","06",,,18.2,10152,12402,1248,712,716,776,751,645,491,421,403,894,710,661,176,119,98,57,302830700,4632,5050
"G2101750","2000","US","3","6","Kentucky","21","Morgan","175",,,,,"0",,,,,,,,,,,,,"9999","99","9","9999","9999","9",,,,,,,,,"987464950","6388343","Morgan County","A","+37914777","-083261043","06",,,20.1,2888,11060,1109,565,497,452,390,328,275,194,152,236,257,178,63,23,5,59,111052400,586,4901
"G2101770","2000","US","3","6","Kentucky","21","Muhlenberg","177",,,,,"0",,,,,,,,,,,,,"9999","99","9","9999","9999","9",,,,,,,,,"1229515420","12211520","Muhlenberg County","A","+37236355","-087144646","06",,,19.0,10201,21638,2063,1397,1091,976,1025,892,762,723,471,1034,807,685,227,89,58,95,341356000,4806,8869
"G2101790","2000","US","3","6","Kentucky","21","Nelson","179",,,,,"0",,,,,,,,,,,,,"9999","99","9","9999","9999","9",,,,,,,,,"1094597666","3746524","Nelson County","A","+37807997","-085464953","06",,,16.4,14033,23444,1507,949,952,1033,873,916,906,1042,903,1357,1361,1202,450,224,130,162,557216800,5790,9144
"G2101810","2000","US","3","6","Kentucky","21","Nicholas","181",,,,,"0",,,,,,,,,,,,,"9999","99","9","9999","9999","9",,,,,,,,,"509214246","619074","Nicholas County","A","+38318436","-084014318","06",,,18.2,0,6813,427,231,315,169,223,213,240,146,95,168,156,227,48,15,25,23,87056200,0,3051
"G2101830","2000","US","3","6","Kentucky","21","Ohio","183",,,,,"0",,,,,,,,,,,,,"9999","99","9","9999","9999","9",,,,,,,,,"1537906727","7622677","Ohio County","A","+37456506","-086879363","06",,,21.6,5749,17167,1403,832,806,778,681,688,522,514,506,638,726,486,158,27,61,68,255896700,2591,7318
"G2101850","2000","US","3","6","Kentucky","21","Oldham","185",,,,,"0",,,,,,,,,,,,,"4520","99","N","9999","9999","9",,,,,,,,,"489994293","19050478","Oldham County","A","+38381783","-085447672","06",,,21.0,30121,16057,601,408,524,629,632,666,696,738,665,1308,2034,2453,1406,801,718,567,1010975300,9719,5822
"G2101870","2000","US","3","6","Kentucky","21","Owen","187",,,,,"0",,,,,,,,,,,,,"9999","99","9","9999","9999","9",,,,,,,,,"912039375","5224152","Owen County","A","+38506605","-084808937","06",,,24.7,0,10547,606,339,280,302,361,246,257,217,270,386,353,298,98,50,21,15,126929900,0,5345
"G2101890","2000","US","3","6","Kentucky","21","Owsley","189",,,,,"0",,,,,,,,,,,,,"9999","99","9","9999","9999","9",,,,,,,,,"513052778","0","Owsley County","A","+37413786","-083696582","06",,,16.9,0,4858,621,302,223,178,106,69,66,71,62,67,83,28,13,12,0,12,36018100,0,2247
"G2101910","2000","US","3","6","Kentucky","21","Pendleton","191",,,,,"0",,,,,,,,,,,,,"1642","21","N","1640","9999","9",,,,,,,,,"726582981","3455601","Pendleton County","A","+38696890","-084351800","06",,,17.4,0,14390,549,295,461,321,381,356,293,423,341,606,429,516,99,46,20,35,194162400,0,5756
"G2101930","2000","US","3","6","Kentucky","21","Perry","193",,,,,"0",,,,,,,,,,,,,"9999","99","9","9999","9999","9",,,,,,,,,"886165449","1261922","Perry County","A","+37247531","-083204725","06",,,15.9,6431,22959,2864,1410,1049,971,832,659,596,578,452,757,578,388,155,70,64,57,253431700,3059,9682
"G2101950","2000","US","3","6","Kentucky","21","Pike","195",,,,,"0",,,,,,,,,,,,,"9999","99","9","9999","9999","9",,,,,,,,,"2040104346","2991134","Pike County","A","+37447794","-082411115","06",,,16.1,6346,62390,5840,3210,2815,2461,2003,1610,1390,1356,1197,1902,1681,1176,414,146,181,278,674988200,2964,27959
"G2101970","2000","US","3","6","Kentucky","21","Powell","197",,,,,"0",,,,,,,,,,,,,"9999","99","9","9999","9999","9",,,,,,,,,"466547963","178187","Powell County","A","+37841422","-083853607","06",,,20.2,3133,10104,959,515,523,487,389,333,334,266,218,385,287,210,54,40,29,33,135377900,1338,4188
"G2101990","2000","US","3","6","Kentucky","21","Pulaski","199",,,,,"0",,,,,,,,,,,,,"9999","99","9","9999","9999","9",,,,,,,,,"1713547231","40012104","Pulaski County","A","+37094535","-084600331","06",,,15.6,22211,34006,3801,2572,1970,2040,1914,1768,1334,1418,923,1497,1485,995,422,193,130,202,624015900,10381,16800
"G2102010","2000","US","3","6","Kentucky","21","Robertson","201",,,,,"0",,,,,,,,,,,,,"9999","99","9","9999","9999","9",,,,,,,,,"259178528","95294","Robertson County","A","+38508638","-084051458","06",,,47.4,0,2266,138,82,77,80,41,66,55,68,37,65,84,43,16,0,2,2,23345500,0,1034
"G2102030","2000","US","3","6","Kentucky","21","Rockcastle","203",,,,,"0",,,,,,,,,,,,,"9999","99","9","9999","9999","9",,,,,,,,,"822388337","1392238","Rockcastle County","A","+37373922","-084330624","06",,,21.2,2819,13763,1477,791,594,569,449,430,393,350,327,417,400,194,81,26,20,28,153212600,1255,6098
"G2102050","2000","US","3","6","Kentucky","21","Rowan","205",,,,,"0",,,,,,,,,,,,,"9999","99","9","9999","9999","9",,,,,,,,,"727326139","14060336","Rowan County","A","+38187102","-083433917","06",,,14.6,6702,15392,1514,839,658,606,629,530,451,438,367,566,563,392,179,80,72,51,231341900,2640,6345
"G2102070","2000","US","3","6","Kentucky","21","Russell","207",,,,,"0",,,,,,,,,,,,,"9999","99","9","9999","9999","9",,,,,,,,,"656643458","75866648","Russell County","A","+37002624","-085054060","06",,,20.5,0,16315,1609,888,716,591,677,397,463,388,260,263,259,210,128,44,32,32,153045500,0,9064
"G2102090","2000","US","3","6","Kentucky","21","Scott","209",,,,,"0",,,,,,,,,,,,,"4280","99","N","9999","9999","9",,,,,,,,,"737425704","1487159","Scott County","A","+38247741","-084569827","06",,,15.4,19030,14031,921,716,741,597,688,756,666,655,620,1142,1539,1515,745,312,301,167,615671800,7603,5374
"G2102110","2000","US","3","6","Kentucky","21","Shelby","211",,,,,"0",,,,,,,,,,,,,"9999","99","9","9999","9999","9",,,,,,,,,"995047404","3768612","Shelby County","A","+38218077","-085213303","06",,,14.0,13291,20046,1001,582,740,814,720,792,594,754,611,1229,1382,1653,644,237,196,169,572052400,5453,7404
"G2102130","2000","US","3","6","Kentucky","21","Simpson","213",,,,,"0",,,,,,,,,,,,,"9999","99","9","9999","9999","9",,,,,,,,,"611725481","11146","Simpson County","A","+36725795","-086581073","06",,,13.0,9087,7318,804,422,396,429,524,511,461,462,291,706,625,530,142,70,23,36,217985400,4179,2837
"G2102150","2000","US","3","6","Kentucky","21","Spencer","215",,,,,"0",,,,,,,,,,,,,"9999","99","9","9999","9999","9",,,,,,,,,"481485022","15263226","Spencer County","A","+38036096","-085336802","06",,,17.8,0,11766,402,219,187,281,250,179,225,279,233,447,602,590,227,49,42,46,198072100,0,4555
"G2102170","2000","US","3","6","Kentucky","21","Taylor","217",,,,,"0",,,,,,,,,,,,,"9999","99","9","9999","9999","9",,,,,,,,,"698854538","18694337","Taylor County","A","+37357343","-085348259","06",,,12.4,11649,11278,1704,831,907,715,703,769,613,515,485,582,589,431,163,51,59,103,241469600,5362,4818
"G2102190","2000","US","3","6","Kentucky","21","Todd","219",,,,,"0",,,,,,,,,,,,,"9999","99","9","9999","9999","9",,,,,,,,,"974748494","1604413","Todd County","A","+36816758","-087174760","06",,,23.6,0,11971,738,469,380,363,353,345,299,266,266,373,358,209,68,21,12,54,138729400,0,5121
"G2102210","2000","US","3","6","Kentucky","21","Trigg","221",,,,,"0",,,,,,,,,,,,,"9999","99","9","9999","9999","9",,,,,,,,,"1147675094","98444179","Trigg County","A","+36846471","-087864090","06",,,16.9,2653,9944,752,459,374,338,418,379,397,321,247,470,527,323,102,38,50,42,161882300,1168,5530
"G2102230","2000","US","3","6","Kentucky","21","Trimble","223",,,,,"0",,,,,,,,,,,,,"9999","99","9","9999","9999","9",,,,,,,,,"385515861","19123658","Trimble County","A","+38613801","-085353971","06",,,26.3,476,7649,380,205,210,259,265,179,234,182,193,298,333,220,96,35,12,18,108188500,248,3189
"G2102250","2000","US","3","6","Kentucky","21","Union","225",,,,,"0",,,,,,,,,,,,,"9999","99","9","9999","9999","9",,,,,,,,,"893798807","47474852","Union County","A","+37645700","-087931029","06",,,17.9,5513,10124,701,397,495,439,440,387,373,322,290,568,611,366,160,51,40,81,200912800,1857,4377
"G2102270","2000","US","3","6","Kentucky","21","Warren","227",,,,,"0",,,,,,,,,,,,,"9999","99","9","9999","9999","9",,,,,,,,,"1412090437","6420798","Warren County","A","+36986914","-086424550","06",,,14.1,58249,34273,4470,2708,2435,2760,2623,2160,1970,2266,1590,3308,3282,3009,1271,555,377,618,1400160200,24715,13635
"G2102290","2000","US","3","6","Kentucky","21","Washington","229",,,,,"0",,,,,,,,,,,,,"9999","99","9","9999","9999","9",,,,,,,,,"778532633","2399145","Washington County","A","+37731977","-085190334","06",,,21.7,0,10916,558,343,315,380,309,233,335,251,246,290,409,238,76,38,34,57,131892800,0,4542
"G2102310","2000","US","3","6","Kentucky","21","Wayne","231",,,,,"0",,,,,,,,,,,,,"9999","99","9","9999","9999","9",,,,,,,,,"1189834019","64239264","Wayne County","A","+36820146","-084834888","06",,,14.8,6198,13725,1900,1126,803,697,641,504,392,361,311,404,321,201,34,83,39,82,183299800,2823,6966
"G2102330","2000","US","3","6","Kentucky","21","Webster","233",,,,,"0",,,,,,,,,,,,,"9999","99","9","9999","9999","9",,,,,,,,,"867003971","2407857","Webster County","A","+37490121","-087686735","06",,,25.3,3001,11119,795,468,481,371,513,455,309,301,251,560,512,360,100,47,19,26,166267700,1478,4772
"G2102350","2000","US","3","6","Kentucky","21","Whitley","235",,,,,"0",,,,,,,,,,,,,"9999","99","9","9999","9999","9",,,,,,,,,"1139993122","12929454","Whitley County","A","+36791055","-084127168","06",,,13.7,13467,22398,3284,1709,1203,1335,1109,718,827,636,433,760,746,542,183,87,83,133,331302600,5937,9351
"G2102370","2000","US","3","6","Kentucky","21","Wolfe","237",,,,,"0",,,,,,,,,,,,,"9999","99","9","9999","9999","9",,,,,,,,,"577005558","207261","Wolfe County","A","+37742969","-083504934","06",,,20.6,0,7065,817,408,230,273,232,177,145,113,92,129,134,51,10,11,10,9,50978000,0,3264
"G2102390","2000","US","3","6","Kentucky","21","Woodford","239",,,,,"0",,,,,,,,,,,,,"4280","99","N","9999","9999","9",,,,,,,,,"493854910","3376650","Woodford County","A","+38070987","-084731196","06",,,15.1,13641,9567,632,417,397,547,350,605,593,488,473,846,1041,1445,508,196,238,149,450007000,5499,3875
"G2200010","2000","US","3","7","Louisiana","22","Acadia","001",,,,,"0",,,,,,,,,,,,,"3880","99","N","9999","9999","9",,,,,,,,,"1697175452","6040142","Acadia Parish","A","+30266850","-092365871","15",,,16.0,29719,29142,4218,2289,1819,1677,1567,1316,1244,1060,1102,1533,1465,905,437,150,186,203,619700400,12065,11144
"G2200030","2000","US","3","7","Louisiana","22","Allen","003",,,,,"0",,,,,,,,,,,,,"9999","99","9","9999","9999","9",,,,,,,,,"1980039777","3041806","Allen Parish","A","+30653692","-092821796","15",,,18.4,8121,17319,1484,790,898,592,528,564,508,389,337,619,602,454,182,78,45,57,255287000,2528,6629
"G2200050","2000","US","3","7","Louisiana","22","Ascension","005",,,,,"0",,,,,,,,,,,,,"0760","99","N","9999","9999","9",,,,,,,,,"755057544","29404973","Ascension Parish","A","+30203822","-090940966","15",,,14.0,57744,18883,2627,1689,1447,1362,1535,1701,1702,1481,1174,2720,3726,3397,1276,533,197,206,1205751200,21804,7368
"G2200070","2000","US","3","7","Louisiana","22","Assumption","007",,,,,"0",,,,,,,,,,,,,"9999","99","9","9999","9999","9",,,,,,,,,"877182021","67006609","Assumption Parish","A","+29926900","-091054794","15",,,17.5,13157,10231,1529,768,560,555,525,608,395,442,382,652,834,573,227,46,58,63,264508500,4986,4649
"G2200090","2000","US","3","7","Louisiana","22","Avoyelles","009",,,,,"0",,,,,,,,,,,,,"9999","99","9","9999","9999","9",,,,,,,,,"2156001847","86085516","Avoyelles Parish","A","+31054101","-092059374","15",,,22.6,15716,25765,3450,1836,1134,1216,1176,815,741,790,571,986,992,516,239,96,102,89,372935300,5566,11010
"G2200110","2000","US","3","7","Louisiana","22","Beauregard","011",,,,,"0",,,,,,,,,,,,,"9999","99","9","9999","9999","9",,,,,,,,,"3004623471","15271132","Beauregard Parish","A","+30725381","-093338644","15",,,15.6,9718,23268,1560,1057,1101,865,973,921,755,646,624,997,1087,865,355,147,106,71,403241700,4503,9998
"G2200130","2000","US","3","7","Louisiana","22","Bienville","013",,,,,"0",,,,,,,,,,,,,"9999","99","9","9999","9999","9",,,,,,,,,"2099544763","28820898","Bienville Parish","A","+32393397","-093043465","15",,,48.4,3109,12643,1448,736,474,502,458,411,340,281,279,427,337,255,61,54,17,26,139660000,1250,6580
"G2200150","2000","US","3","7","Louisiana","22","Bossier","015",,,,,"0",,,,,,,,,,,,,"7680","99","N","9999","9999","9",,,,,,,,,"2173650441","71697486","Bossier Parish","A","+32594636","-093653345","15",,,15.5,70916,27394,3864,2552,2470,2609,2577,2267,2333,2226,2175,3423,4029,3479,1214,651,359,443,1443935000,28676,11610
"G2200170","2000","US","3","7","Louisiana","22","Caddo","017",,,,,"0",,,,,,,,,,,,,"7680","99","N","9999","9999","9",,,,,,,,,"2284352103","142214037","Caddo Parish","A","+32527562","-093813906","15",,,13.4,212127,40034,15216,8587,8268,7688,7056,6392,5552,5166,4314,7474,7630,7029,3297,1417,1308,1672,3493716300,91466,16830
"G2200190","2000","US","3","7","Louisiana","22","Calcasieu","019",,,,,"0",,,,,,,,,,,,,"3960","99","N","9999","9999","9",,,,,,,,,"2774180172","60137061","Calcasieu Parish","A","+30237442","-093291757","15",,,14.7,142370,41207,9019,5746,5242,4744,4638,4633,4383,3673,3023,6120,6208,6100,2556,977,767,928,2596840800,59828,16167
"G2200210","2000","US","3","7","Louisiana","22","Caldwell","021",,,,,"0",,,,,,,,,,,,,"9999","99","9","9999","9999","9",,,,,,,,,"1371183168","29269782","Caldwell Parish","A","+32084381","-092130387","15",,,29.3,0,10560,736,401,405,273,287,286,217,178,202,338,283,168,61,45,16,29,110259000,0,5035
"G2200230","2000","US","3","7","Louisiana","22","Cameron","023",,,,,"0",,,,,,,,,,,,,"9999","99","9","9999","9999","9",,,,,,,,,"3400563105","1602251023","Cameron Parish","A","+29873240","-093214886","15",,,16.4,0,9991,414,284,286,383,215,249,230,199,188,300,411,274,59,49,20,31,122390800,0,5336
"G2200250","2000","US","3","7","Louisiana","22","Catahoula","025",,,,,"0",,,,,,,,,,,,,"9999","99","9","9999","9999","9",,,,,,,,,"1822441810","92681855","Catahoula Parish","A","+31653491","-091865263","15",,,21.1,0,10920,891,549,392,389,300,241,228,224,144,252,132,190,93,10,25,28,102323500,0,5351
"G2200270","2000","US","3","7","Louisiana","22","Claiborne","027",,,,,"0",,,,,,,,,,,,,"9999","99","9","9999","9999","9",,,,,,,,,"1954543267","33402036","Claiborne Parish","A","+32823224","-093034293","15",,,19.4,3735,13116,1401,680,539,490,425,349,442,363,244,407,350,334,119,57,30,58,160623900,1656,6159
"G2200290","2000","US","3","7","Louisiana","22","Concordia","029",,,,,"0",,,,,,,,,,,,,"9999","99","9","9999","9999","9",,,,,,,,,"1802398443","136677792","Concordia Parish","A","+31577319","-091536230","15",,,20.6,12502,7745,1666,909,759,705,468,493,415,401,243,504,453,297,109,32,54,30,175565800,5074,4074
"G2200310","2000","US","3","7","Louisiana","22","De Soto","031",,,,,"0",,,,,,,,,,,,,"9999","99","9","9999","9999","9",,,,,,,,,"2271936425","44770496","De Soto Parish","A","+32056441","-093758479","15",,,23.7,6740,18754,2011,955,782,716,604,693,531,465,524,701,860,510,167,84,23,54,266612400,2898,8306
"G2200330","2000","US","3","7","Louisiana","22","East Baton Rouge","033",,,,,"0",,,,,,,,,,,,,"0760","99","N","9999","9999","9",,,,,,,,,"1179553107","39139418","East Baton Rouge Parish","A","+30480122","-091119654","15",,,12.4,383634,29218,20620,11437,11302,10754,10394,9396,8441,8227,6946,11899,14849,15161,7469,3689,2900,3037,6641807000,158073,11000
"G2200350","2000","US","3","7","Louisiana","22","East Carroll","035",,,,,"0",,,,,,,,,,,,,"9999","99","9","9999","9999","9",,,,,,,,,"1091524613","54418281","East Carroll Parish","A","+32763602","-091198474","15",,,15.2,6048,3373,840,339,268,269,282,195,178,122,65,126,111,92,45,0,6,30,69043600,2166,1137
"G2200370","2000","US","3","7","Louisiana","22","East Feliciana","037",,,,,"0",,,,,,,,,,,,,"9999","99","9","9999","9999","9",,,,,,,,,"1174305372","5930903","East Feliciana Parish","A","+30838237","-091078493","15",,,22.9,3533,17827,1097,627,533,539,355,463,401,303,229,582,563,595,235,37,40,88,251004600,710,7205
"G2200390","2000","US","3","7","Louisiana","22","Evangeline","039",,,,,"0",,,,,,,,,,,,,"9999","99","9","9999","9999","9",,,,,,,,,"1720456451","39719250","Evangeline Parish","A","+30687343","-092377956","15",,,18.1,14215,21219,3783,1440,1061,887,888,642,574,548,465,807,632,654,192,62,63,71,294210500,6081,8177
"G2200410","2000","US","3","7","Louisiana","22","Franklin","041",,,,,"0",,,,,,,,,,,,,"9999","99","9","9999","9999","9",,,,,,,,,"1615147241","30606415","Franklin Parish","A","+32105416","-091711375","15",,,19.0,6473,14790,1812,960,664,715,625,660,415,405,193,458,421,222,93,51,32,63,199380700,2408,6215
"G2200430","2000","US","3","7","Louisiana","22","Grant","043",,,,,"0",,,,,,,,,,,,,"9999","99","9","9999","9999","9",,,,,,,,,"1670838229","50372917","Grant Parish","A","+31583208","-092569217","15",,,24.3,0,18698,1201,698,575,604,487,544,422,422,341,457,576,422,176,48,38,45,210698500,0,8531
"G2200450","2000","US","3","7","Louisiana","22","Iberia","045",,,,,"0",,,,,,,,,,,,,"9999","99","9","9999","9999","9",,,,,,,,,"1489579125","1180327352","Iberia Parish","A","+29978573","-091799903","15",,,14.7,49536,23730,4432,2390,1912,1975,1527,1774,1446,1495,1093,2139,2072,1639,666,294,233,232,802567200,18967,8877
"G2200470","2000","US","3","7","Louisiana","22","Iberville","047",,,,,"0",,,,,,,,,,,,,"9999","99","9","9999","9999","9",,,,,,,,,"1602274118","88569943","Iberville Parish","A","+30275168","-091287188","15",,,21.9,16910,16410,2046,901,946,855,736,632,534,595,440,781,825,765,257,171,85,103,345563300,5351,6602
"G2200490","2000","US","3","7","Louisiana","22","Jackson","049",,,,,"0",,,,,,,,,,,,,"9999","99","9","9999","9999","9",,,,,,,,,"1475653466","27430078","Jackson Parish","A","+32285534","-092600627","15",,,21.3,4949,10448,1169,673,394,481,489,360,355,356,317,497,355,386,156,59,33,34,173731300,2335,5003
"G2200510","2000","US","3","7","Louisiana","22","Jefferson","051",,,,,"0",,,,,,,,,,,,,"5560","99","N","9999","9999","9",,,,,,,,,"793875552","869955879","Jefferson Parish","A","+29935238","-090151400","15",,,13.5,451078,4388,17725,12509,12163,12699,12803,12554,10522,10622,9330,15177,18249,15893,7377,3062,2518,3221,7419013900,185008,2899
"G2200530","2000","US","3","7","Louisiana","22","Jefferson Davis","053",,,,,"0",,,,,,,,,,,,,"9999","99","9","9999","9999","9",,,,,,,,,"1689476509","16226098","Jefferson Davis Parish","A","+30248582","-092750015","15",,,21.4,16316,15119,2128,1233,1033,901,825,755,660,660,571,941,691,677,224,93,58,69,323605600,6776,6048
"G2200550","2000","US","3","7","Louisiana","22","Lafayette","055",,,,,"0",,,,,,,,,,,,,"3880","99","N","9999","9999","9",,,,,,,,,"698868121","1179034","Lafayette Parish","A","+30207388","-092038879","15",,,13.8,167642,22861,9062,5928,4962,5177,4955,4633,4380,3885,3286,6331,6692,6255,3057,1391,1107,1311,3071788800,69338,8784
"G2200570","2000","US","3","7","Louisiana","22","Lafourche","057",,,,,"0",,,,,,,,,,,,,"3350","99","N","9999","9999","9",,,,,,,,,"2809306755","1003642145","Lafourche Parish","A","+29624247","-090576486","15",,,14.7,64950,25024,4499,2721,2176,2300,2069,2316,2236,1881,1766,3015,3054,2256,844,326,246,388,1163388300,25057,9988
"G2200590","2000","US","3","7","Louisiana","22","La Salle","059",,,,,"0",,,,,,,,,,,,,"9999","99","9","9999","9999","9",,,,,,,,,"1615703132","99806462","La Salle Parish","A","+31729833","-092185561","15",,,24.9,3887,10395,1012,565,393,373,435,330,365,280,197,465,416,234,114,64,18,27,154792100,1530,4743
"G2200610","2000","US","3","7","Louisiana","22","Lincoln","061",,,,,"0",,,,,,,,,,,,,"9999","99","9","9999","9999","9",,,,,,,,,"1220861752","2310360","Lincoln Parish","A","+32565046","-092659275","15",,,18.9,26988,15521,3532,1448,1038,1170,926,814,747,763,596,1159,1163,1111,321,144,164,153,463304800,10459,6541
"G2200630","2000","US","3","7","Louisiana","22","Livingston","063",,,,,"0",,,,,,,,,,,,,"0760","99","N","9999","9999","9",,,,,,,,,"1678368583","141984918","Livingston Parish","A","+30473924","-090803639","15",,,15.3,41817,49997,3369,2091,2180,2251,2302,2298,2280,1934,1890,3353,3740,3071,1081,402,240,172,1263338300,16097,20115
"G2200650","2000","US","3","7","Louisiana","22","Madison","065",,,,,"0",,,,,,,,,,,,,"9999","99","9","9999","9999","9",,,,,,,,,"1616375624","68497176","Madison Parish","A","+32386807","-091186137","15",,,18.0,10604,3124,1040,638,503,356,361,272,276,228,136,227,170,158,55,5,9,25,104120600,3487,1492
"G2200670","2000","US","3","7","Louisiana","22","Morehouse","067",,,,,"0",,,,,,,,,,,,,"9999","99","9","9999","9999","9",,,,,,,,,"2057092298","28358719","Morehouse Parish","A","+32800419","-091857594","15",,,17.3,16172,14849,2412,1310,996,967,681,765,667,501,394,882,887,490,208,96,48,106,310572300,6492,6219
"G2200690","2000","US","3","7","Louisiana","22","Natchitoches","069",,,,,"0",,,,,,,,,,,,,"9999","99","9","9999","9999","9",,,,,,,,,"3251593004","113572696","Natchitoches Parish","A","+31743266","-093095218","15",,,18.3,19258,19822,3241,1437,1220,1059,1033,915,863,697,565,951,790,784,262,168,133,136,400761700,7189,9701
"G2200710","2000","US","3","7","Louisiana","22","Orleans","071",,,,,"0",,,,,,,,,,,,,"5560","99","N","9999","9999","9",,,,,,,,,"467638563","439413285","Orleans Parish","C","+29972754","-090059011","15",,,13.3,481424,3250,39617,17991,15629,14131,13586,11874,10239,8701,7459,11432,12292,10802,5287,2633,2620,4072,6447081700,213209,1882
"G2200730","2000","US","3","7","Louisiana","22","Ouachita","073",,,,,"0",,,,,,,,,,,,,"5200","99","N","9999","9999","9",,,,,,,,,"1581261555","57424910","Ouachita Parish","A","+32509377","-092115857","15",,,14.7,113947,33303,9052,4573,4305,3819,4235,3416,3277,2793,2416,4546,4133,4534,2026,611,677,863,2001920400,46860,13294
"G2200750","2000","US","3","7","Louisiana","22","Plaquemines","075",,,,,"0",,,,,,,,,,,,,"5560","99","N","9999","9999","9",,,,,,,,,"2187399020","4102483351","Plaquemines Parish","A","+29572751","-089781399","15",,,14.0,18327,8430,1241,677,520,617,620,480,534,678,459,810,774,902,338,141,76,134,340960500,7331,3150
"G2200770","2000","US","3","7","Louisiana","22","Pointe Coupee","077",,,,,"0",,,,,,,,,,,,,"9999","99","9","9999","9999","9",,,,,,,,,"1443510751","86355683","Pointe Coupee Parish","A","+30647220","-091530670","15",,,21.2,9416,13347,1436,829,697,575,625,489,567,411,359,682,775,521,268,85,53,81,260914400,4341,5956
"G2200790","2000","US","3","7","Louisiana","22","Rapides","079",,,,,"0",,,,,,,,,,,,,"0220","99","N","9999","9999","9",,,,,,,,,"3425365854","102099480","Rapides Parish","A","+31262083","-092476589","15",,,16.1,78525,47812,7625,4580,3843,4023,3598,2985,2897,2289,2170,3780,3518,2805,1397,553,396,702,1550971600,32908,19130
"G2200810","2000","US","3","7","Louisiana","22","Red River","081",,,,,"0",,,,,,,,,,,,,"9999","99","9","9999","9999","9",,,,,,,,,"1008251074","33122817","Red River Parish","A","+32072336","-093342128","15",,,28.5,2608,7014,748,398,341,301,277,240,162,147,143,217,188,148,35,24,13,27,88709900,989,2999
"G2200830","2000","US","3","7","Louisiana","22","Richland","083",,,,,"0",,,,,,,,,,,,,"9999","99","9","9999","9999","9",,,,,,,,,"1446390668","15672330","Richland Parish","A","+32433901","-091725645","15",,,17.5,7634,13347,1649,933,686,613,510,499,300,363,349,440,520,323,137,64,47,68,199218900,2974,5361
"G2200850","2000","US","3","7","Louisiana","22","Sabine","085",,,,,"0",,,,,,,,,,,,,"9999","99","9","9999","9999","9",,,,,,,,,"2241026064","378774247","Sabine Parish","A","+31559894","-093558327","15",,,23.3,2818,20641,1762,981,724,890,709,613,497,548,430,696,526,435,198,70,77,81,265458800,1236,12435
"G2200870","2000","US","3","7","Louisiana","22","St Bernard","087",,,,,"0",,,,,,,,,,,,,"5560","99","N","9999","9999","9",,,,,,,,,"1204448111","3441345659","St. Bernard Parish","A","+29922088","-089890260","15",,,12.9,64534,2695,2818,2033,1743,1893,1926,1812,1565,1291,1320,2505,2639,2188,788,260,139,145,876307800,25492,1298
"G2200890","2000","US","3","7","Louisiana","22","St Charles","089",,,,,"0",,,,,,,,,,,,,"5560","99","N","9999","9999","9",,,,,,,,,"734626736","327679665","St. Charles Parish","A","+29942367","-090396386","15",,,14.0,41342,6730,1447,869,950,1054,944,1014,1025,866,843,1597,1998,1968,955,375,305,183,780375800,14914,2516
"G2200910","2000","US","3","7","Louisiana","22","St Helena","091",,,,,"0",,,,,,,,,,,,,"9999","99","9","9999","9999","9",,,,,,,,,"1057652179","2833347","St. Helena Parish","A","+30813603","-090729451","15",,,17.4,0,10525,784,468,380,302,276,227,223,164,198,237,256,195,93,19,28,15,100446600,0,5034
"G2200930","2000","US","3","7","Louisiana","22","St James","093",,,,,"0",,,,,,,,,,,,,"5560","99","N","9999","9999","9",,,,,,,,,"637479684","30203631","St. James Parish","A","+30024711","-090758029","15",,,22.3,13796,7420,1149,570,434,468,424,436,324,368,288,639,743,700,317,60,35,44,241846100,5021,2584
"G2200950","2000","US","3","7","Louisiana","22","St John The Baptist","095",,,,,"0",,,,,,,,,,,,,"5560","99","N","9999","9999","9",,,,,,,,,"566936163","333956046","St. John the Baptist Parish","A","+30065243","-090531326","15",,,14.2,36817,6227,1852,859,903,987,898,869,858,793,714,1251,1793,1510,556,264,68,75,571973000,13273,2259
"G2200970","2000","US","3","7","Louisiana","22","St Landry","097",,,,,"0",,,,,,,,,,,,,"3880","99","N","9999","9999","9",,,,,,,,,"2405193012","26363948","St. Landry Parish","A","+30534952","-092103491","15",,,20.1,48457,39243,8266,3780,2695,2350,2309,1856,1809,1477,1164,2127,2055,1324,561,206,155,198,812558600,20135,16081
"G2200990","2000","US","3","7","Louisiana","22","St Martin","099",,,,,"0",,,,,,,,,,,,,"3880","99","N","9999","9999","9",,,,,,,,,"1916209299","198400419","St. Martin Parish","A","+30186267","-091782123","15",,,15.7,15722,32861,3101,1626,1312,1250,1083,1062,1212,998,805,1493,1414,1110,299,180,69,107,536155800,6027,14218
"G2201010","2000","US","3","7","Louisiana","22","St Mary","101",,,,,"0",,,,,,,,,,,,,"9999","99","9","9999","9999","9",,,,,,,,,"1587131422","1310632371","St. Mary Parish","A","+29742426","-091367184","15",,,14.7,44382,9118,3561,2036,1597,1545,1289,1226,1202,1029,862,1400,1512,1256,418,177,76,85,577338400,17929,3721
"G2201030","2000","US","3","7","Louisiana","22","St Tammany","103",,,,,"0",,,,,,,,,,,,,"5560","99","N","9999","9999","9",,,,,,,,,"2212242631","699120181","St. Tammany Parish","A","+30398425","-089930622","15",,,14.1,143044,48224,5632,3717,3864,4017,3985,3802,3811,3821,3255,6438,7527,8592,4695,2170,2022,1933,3565073800,55719,19679
"G2201050","2000","US","3","7","Louisiana","22","Tangipahoa","105",,,,,"0",,,,,,,,,,,,,"9999","99","9","9999","9999","9",,,,,,,,,"2046724722","85149577","Tangipahoa Parish","A","+30607405","-090462949","15",,,17.9,46690,53898,7131,3275,2875,2672,2607,2400,2086,1839,1671,2729,3100,2231,1058,328,207,307,1182619700,18916,21878
"G2201070","2000","US","3","7","Louisiana","22","Tensas","107",,,,,"0",,,,,,,,,,,,,"9999","99","9","9999","9999","9",,,,,,,,,"1560423577","100278846","Tensas Parish","A","+31967396","-091314839","15",,,33.4,0,6618,632,337,258,177,193,163,142,70,65,112,82,60,74,18,9,43,63341300,0,3359
"G2201090","2000","US","3","7","Louisiana","22","Terrebonne","109",,,,,"0",,,,,,,,,,,,,"3350","99","N","9999","9999","9",,,,,,,,,"3250254613","2136656398","Terrebonne Parish","A","+29541174","-090735917","15",,,12.8,78397,26106,4948,2881,2763,2535,2372,2380,2311,2077,1717,3218,3492,2968,1073,382,459,441,1364472800,29363,10565
"G2201110","2000","US","3","7","Louisiana","22","Union","111",,,,,"0",,,,,,,,,,,,,"9999","99","9","9999","9999","9",,,,,,,,,"2272977992","71682295","Union Parish","A","+32807443","-092387227","15",,,22.0,3244,19559,1397,888,781,685,811,609,530,505,355,712,703,536,229,32,48,43,259702300,1282,9591
"G2201130","2000","US","3","7","Louisiana","22","Vermilion","113",,,,,"0",,,,,,,,,,,,,"9999","99","9","9999","9999","9",,,,,,,,,"3040079728","944135007","Vermilion Parish","A","+29961979","-092221910","15",,,18.4,23265,30542,3604,1791,1707,1630,1314,1305,1099,1120,896,1560,1688,1194,522,136,152,118,590790800,9820,12641
"G2201150","2000","US","3","7","Louisiana","22","Vernon","115",,,,,"0",,,,,,,,,,,,,"9999","99","9","9999","9999","9",,,,,,,,,"3440574407","33915990","Vernon Parish","A","+31116431","-093214193","15",,,16.8,27826,24705,2218,1391,1495,1878,1692,1636,1294,1153,942,1520,1335,1118,275,149,128,52,612807800,10039,10991
"G2201170","2000","US","3","7","Louisiana","22","Washington","117",,,,,"0",,,,,,,,,,,,,"9999","99","9","9999","9999","9",,,,,,,,,"1734176045","16586049","Washington Parish","A","+30829700","-089979348","15",,,15.1,16662,27264,3411,1769,1704,1542,1351,1185,941,570,547,976,1134,771,260,124,79,90,411630200,7582,11524
"G2201190","2000","US","3","7","Louisiana","22","Webster","119",,,,,"0",,,,,,,,,,,,,"7680","99","N","9999","9999","9",,,,,,,,,"1541620472","51407609","Webster Parish","A","+32729225","-093343202","15",,,21.8,19500,22331,2749,1581,1485,1530,1301,1181,1057,907,682,1182,1226,867,362,119,114,163,471599100,8858,10133
"G2201210","2000","US","3","7","Louisiana","22","West Baton Rouge","121",,,,,"0",,,,,,,,,,,,,"0760","99","N","9999","9999","9",,,,,,,,,"495213465","32171115","West Baton Rouge Parish","A","+30452085","-091263053","15",,,24.6,12961,8640,992,537,493,559,522,484,548,457,422,700,758,629,359,110,48,54,284312200,5128,3242
"G2201230","2000","US","3","7","Louisiana","22","West Carroll","123",,,,,"0",,,,,,,,,,,,,"9999","99","9","9999","9999","9",,,,,,,,,"930837516","2387401","West Carroll Parish","A","+32815484","-091424194","15",,,24.6,0,12314,895,501,455,409,335,270,286,222,153,273,315,209,78,16,17,34,117301000,0,4980
"G2201250","2000","US","3","7","Louisiana","22","West Feliciana","125",,,,,"0",,,,,,,,,,,,,"9999","99","9","9999","9999","9",,,,,,,,,"1051547354","51818395","West Feliciana Parish","A","+30867513","-091385784","15",,,16.7,0,15111,537,270,205,183,237,142,247,209,155,278,433,364,174,69,57,62,212005700,0,4485
"G2201270","2000","US","3","7","Louisiana","22","Winn","127",,,,,"0",,,,,,,,,,,,,"9999","99","9","9999","9999","9",,,,,,,,,"2461746162","16651512","Winn Parish","A","+31948313","-092636501","15",,,18.6,5972,10922,1278,616,534,482,510,453,343,348,151,361,355,281,105,53,44,12,152205000,2692,4810
"G2300010","2000","US","1","1","Maine","23","Androscoggin","001",,,,,"0",,,,,,,,,,,,,"####","99","#","9999","4243","N",,,,,,,,,"1218003476","69807833","Androscoggin County","A","+44135072","-070217663","06",,,16.8,59522,44271,4703,3087,3162,3556,3073,3039,2675,2706,2246,4387,3964,3228,1033,434,324,478,1539764900,27703,18257
"G2300030","2000","US","1","1","Maine","23","Aroostook","003",,,,,"0",,,,,,,,,,,,,"9999","99","9","9999","9999","9",,,,,,,,,"17279217313","407264668","Aroostook County","A","+46637362","-068261663","06",,,30.1,16768,57170,4751,3051,2874,2554,2472,2205,2038,1859,1494,2446,2199,1442,441,165,163,163,832345900,8257,30462
"G2300050","2000","US","1","1","Maine","23","Cumberland","005",,,,,"0",,,,,,,,,,,,,"####","99","#","9999","6403","N",,,,,,,,,"2163958964","987766036","Cumberland County","A","+43784479","-070327978","06",,,13.9,174473,91139,8011,6347,6284,7025,6667,7058,7089,6666,5540,10945,11999,11726,5237,2428,2213,2802,5025160900,77654,44946
"G2300070","2000","US","1","1","Maine","23","Franklin","007",,,,,"0",,,,,,,,,,,,,"9999","99","9","9999","9999","9",,,,,,,,,"4397303667","120428616","Franklin County","A","+44879196","-070387913","06",,,27.7,5104,24363,1384,1122,1068,1080,901,989,775,758,669,920,933,728,219,59,84,83,359498600,2135,17024
"G2300090","2000","US","1","1","Maine","23","Hancock","009",,,,,"0",,,,,,,,,,,,,"9999","99","9","9999","9999","9",,,,,,,,,"4112117764","1977009068","Hancock County","A","+44512741","-068415711","06",,,32.7,2472,49319,2195,1778,1569,1777,1641,1701,1562,1282,1213,1916,2029,1664,732,334,248,218,739611300,1429,32516
"G2300110","2000","US","1","1","Maine","23","Kennebec","011",,,,,"0",,,,,,,,,,,,,"9999","99","9","9999","9999","9",,,,,,,,,"2247026695","216522570","Kennebec County","A","+44399958","-069784554","06",,,18.6,45395,71719,5073,3786,3541,3649,3565,3316,3215,3113,2894,4770,4470,3579,1384,552,378,453,1684489400,21729,34635
"G2300130","2000","US","1","1","Maine","23","Knox","013",,,,,"0",,,,,,,,,,,,,"9999","99","9","9999","9999","9",,,,,,,,,"947084855","2010938003","Knox County","A","+44119938","-069127896","06",,,27.1,15196,24422,1567,1308,1143,1319,1162,1282,1300,1043,883,1668,1473,1230,522,256,232,220,565586800,7311,14301
"G2300150","2000","US","1","1","Maine","23","Lincoln","015",,,,,"0",,,,,,,,,,,,,"9999","99","9","9999","9999","9",,,,,,,,,"1181021394","631490154","Lincoln County","A","+44013473","-069541818","06",,,28.9,0,33616,1174,960,997,1175,1135,969,921,1015,963,1353,1249,1155,550,209,150,195,478640100,0,20849
"G2300170","2000","US","1","1","Maine","23","Oxford","017",,,,,"0",,,,,,,,,,,,,"9999","99","9","9999","9999","9",,,,,,,,,"5382004142","251905665","Oxford County","A","+44324518","-070705175","06",,,29.4,9424,45331,2436,1881,1820,1980,1803,1690,1501,1430,1308,2043,1929,1563,473,178,131,155,700388500,4927,27368
"G2300190","2000","US","1","1","Maine","23","Penobscot","019",,,,,"0",,,,,,,,,,,,,"####","99","#","9999","0733","N",,,,,,,,,"8794889730","415467871","Penobscot County","A","+45171930","-068722469","06",,,23.7,63972,80947,7260,4947,4394,4555,4317,4131,3760,3585,3157,4866,5510,4261,1668,678,485,561,2027332000,28106,38741
"G2300210","2000","US","1","1","Maine","23","Piscataquis","021",,,,,"0",,,,,,,,,,,,,"9999","99","9","9999","9999","9",,,,,,,,,"10272468390","1064838515","Piscataquis County","A","+45565184","-069333690","06",,,38.1,0,17235,1076,777,746,665,540,582,546,434,345,548,502,333,89,45,34,10,185450900,0,13783
"G2300230","2000","US","1","1","Maine","23","Sagadahoc","023",,,,,"0",,,,,,,,,,,,,"9999","99","9","9999","9999","9",,,,,,,,,"657595447","301193531","Sagadahoc County","A","+43949339","-069857296","06",,,20.4,14422,20792,971,1060,755,855,957,1066,998,872,863,1559,1739,1402,547,208,143,164,557946600,6579,9910
"G2300250","2000","US","1","1","Maine","23","Somerset","025",,,,,"0",,,,,,,,,,,,,"9999","99","9","9999","9999","9",,,,,,,,,"10169586648","437381151","Somerset County","A","+45132914","-069854000","06",,,28.9,12985,37903,2643,1889,1788,1831,1879,1477,1325,1429,1057,1684,1486,1272,435,139,83,102,609255300,5936,22286
"G2300270","2000","US","1","1","Maine","23","Waldo","027",,,,,"0",,,,,,,,,,,,,"####","99","#","9999","9999","9",,,,,,,,,"1889988750","318603172","Waldo County","A","+44474743","-069117983","06",,,34.8,3223,33057,1683,1250,1239,1210,1124,1041,1000,899,756,1300,1305,1160,377,179,117,84,488451800,1697,17207
"G2300290","2000","US","1","1","Maine","23","Washington","029",,,,,"0",,,,,,,,,,,,,"9999","99","9","9999","9999","9",,,,,,,,,"6652325061","1777862890","Washington County","A","+44940007","-067550334","06",,,42.0,2726,31215,2515,1745,1296,1283,1191,994,843,714,599,1023,810,668,245,73,74,46,364140900,1443,20476
"G2300310","2000","US","1","1","Maine","23","York","031",,,,,"0",,,,,,,,,,,,,"####","##","#","####","9999","9",,,,,,,,,"2566460305","726297502","York County","A","+43445780","-070663219","06",,,15.0,86910,99832,5817,4243,4414,5029,5039,4608,4637,4570,4301,8203,9195,7930,2964,1495,1007,1075,3140144700,43725,50509
"G2400010","2000","US","3","5","Maryland","24","Allegany","001",,,,,"0",,,,,,,,,,,,,"1900","99","N","9999","9999","9",,,,,,,,,"1101831391","11392507","Allegany County","A","+39621909","-078802613","06",,,16.3,55685,19245,4029,3062,2504,2544,2143,2168,1697,1910,1330,2725,2246,1733,653,239,152,215,852536600,24550,8434
"G2400030","2000","US","3","5","Maryland","24","Anne Arundel","003",,,,,"0",,,,,,,,,,,,,"8872","97","N","0720","9999","9",,,,,,,,,"1077274201","445367086","Anne Arundel County","A","+39057860","-076576891","06",,,12.1,462127,27529,7101,4829,5858,7077,7730,8476,9110,9145,8618,17876,24992,29049,17262,8584,7387,5660,11285154100,176675,10262
"G2400050","2000","US","3","5","Maryland","24","Baltimore","005",,,,,"0",,,,,,,,,,,,,"8872","97","N","0720","9999","9",,,,,,,,,"1550332696","216110304","Baltimore County","A","+39372206","-076612627","06",,,13.0,707476,46816,16784,12875,15018,16578,17796,18780,17216,16954,15411,30619,37464,38584,20358,8911,7722,8950,15736649500,296543,17191
"G2400090","2000","US","3","5","Maryland","24","Calvert","009",,,,,"0",,,,,,,,,,,,,"8872","97","N","8840","9999","9",,,,,,,,,"557298766","336473141","Calvert County","A","+38506067","-076517659","06",,,14.2,40328,34235,845,613,692,903,1042,1101,910,1405,1212,2491,3638,4971,2740,1453,924,488,1571019100,15309,12267
"G2400110","2000","US","3","5","Maryland","24","Caroline","011",,,,,"0",,,,,,,,,,,,,"9999","99","9","9999","9999","9",,,,,,,,,"829160736","15325163","Caroline County","A","+38875199","-075830758","06",,,21.9,6369,23403,1033,819,618,853,788,809,778,732,655,1159,1117,1087,342,159,100,49,412014600,2773,9255
"G2400130","2000","US","3","5","Maryland","24","Carroll","013",,,,,"0",,,,,,,,,,,,,"8872","97","N","0720","9999","9",,,,,,,,,"1163229343","8472686","Carroll County","A","+39553101","-077010919","06",,,13.8,85837,65060,1866,1865,2046,2333,2231,2432,2597,2459,2757,5701,7902,8933,5035,2224,1335,885,3031239900,31425,22835
"G2400150","2000","US","3","5","Maryland","24","Cecil","015",,,,,"0",,,,,,,,,,,,,"6162","77","N","9160","9999","9",,,,,,,,,"901663925","180641585","Cecil County","A","+39592628","-075951459","06",,,16.2,41147,44804,1698,1364,1611,1543,1940,1794,1866,1835,1757,3520,4174,4474,1886,787,654,354,1535277100,16187,18274
"G2400170","2000","US","3","5","Maryland","24","Charles","017",,,,,"0",,,,,,,,,,,,,"8872","97","N","8840","9999","9",,,,,,,,,"1193987549","471936852","Charles County","A","+38522057","-076972271","06",,,13.1,79902,40644,1793,968,1178,1358,1762,2070,2177,2170,1931,4382,5958,7499,4588,2072,1243,526,2495880400,28883,15020
"G2400190","2000","US","3","5","Maryland","24","Dorchester","019",,,,,"0",,,,,,,,,,,,,"9999","99","9","9999","9999","9",,,,,,,,,"1444022503","1101717742","Dorchester County","A","+38546629","-075983875","06",,,18.3,12412,18262,1636,1019,997,987,991,867,766,724,653,1153,1193,976,326,119,124,181,437511700,5875,8806
"G2400210","2000","US","3","5","Maryland","24","Frederick","021",,,,,"0",,,,,,,,,,,,,"8872","97","N","8840","9999","9",,,,,,,,,"1716838523","11552052","Frederick County","A","+39463730","-077413925","06",,,13.5,140182,55095,2754,2260,2721,2798,2990,3564,3541,4019,3503,6680,10135,11846,6453,3042,2253,1556,4184100600,52833,20184
"G2400230","2000","US","3","5","Maryland","24","Garrett","023",,,,,"0",,,,,,,,,,,,,"9999","99","9","9999","9999","9",,,,,,,,,"1678197020","20573957","Garrett County","A","+39514536","-079309177","06",,,21.4,4998,24848,1459,1054,869,1026,934,880,690,753,493,1089,886,710,314,92,105,116,360016600,2270,14491
"G2400250","2000","US","3","5","Maryland","24","Harford","025",,,,,"0",,,,,,,,,,,,,"8872","97","N","0720","9999","9",,,,,,,,,"1140499738","223692372","Harford County","A","+39534674","-076290245","06",,,12.0,170016,48574,3441,2392,2937,3774,3667,4354,4185,4401,4246,8712,11571,13097,6568,2906,2116,1381,4477098300,65241,17905
"G2400270","2000","US","3","5","Maryland","24","Howard","027",,,,,"0",,,,,,,,,,,,,"8872","97","N","0720","9999","9",,,,,,,,,"652778235","3904123","Howard County","A","+39219273","-076860091","06",,,12.4,216617,31225,2802,1598,1926,2668,2922,3482,3461,3888,3407,8059,11338,15821,10892,6769,6524,4545,7031511700,82578,10240
"G2400290","2000","US","3","5","Maryland","24","Kent","029",,,,,"0",,,,,,,,,,,,,"9999","99","9","9999","9999","9",,,,,,,,,"723731882","349318578","Kent County","A","+39260540","-076053728","06",,,21.3,5035,14162,763,500,541,566,510,512,455,511,385,733,830,664,293,124,90,197,283228900,2296,7114
"G2400310","2000","US","3","5","Maryland","24","Montgomery","031",,,,,"0",,,,,,,,,,,,,"8872","97","N","8840","9999","9",,,,,,,,,"1283380074","30115059","Montgomery County","A","+39072608","-077124386","06",,,14.0,848458,24883,12040,8046,8004,10321,10992,13414,13692,13860,13696,27713,38242,49573,34098,22467,24199,24583,25524090600,325858,8774
"G2400330","2000","US","3","5","Maryland","24","Prince Georges","033",,,,,"0",,,,,,,,,,,,,"8872","97","N","8840","9999","9",,,,,,,,,"1257264173","33705194","Prince George's County","A","+38906334","-076882176","06",,,13.0,780543,20972,14683,8246,10398,12758,15395,16783,16717,16499,15315,29020,38350,43778,24569,11910,8525,3704,16029737900,294734,7644
"G2400350","2000","US","3","5","Maryland","24","Queen Anne's","035",,,,,"0",,,,,,,,,,,,,"8872","97","N","0720","9999","9",,,,,,,,,"964006714","356333184","Queen Anne's County","A","+39047829","-076099491","06",,,18.2,15931,24632,816,652,710,744,656,726,632,721,735,1630,2097,2557,1125,583,488,474,868518500,6695,9979
"G2400370","2000","US","3","5","Maryland","24","St Mary's","037",,,,,"0",,,,,,,,,,,,,"9999","99","9","9999","9999","9",,,,,,,,,"935634810","1044418779","St. Mary's County","A","+38293917","-076597626","06",,,13.4,32973,53238,1707,1055,1140,1669,1350,1744,1609,1750,1561,3469,4437,4786,2460,951,685,363,1615595800,13256,20825
"G2400390","2000","US","3","5","Maryland","24","Somerset","039",,,,,"0",,,,,,,,,,,,,"9999","99","9","9999","9999","9",,,,,,,,,"847481698","734421890","Somerset County","A","+38105729","-075768781","06",,,14.2,11956,12791,1366,739,771,608,713,560,535,449,419,593,743,389,210,75,96,100,312977800,3581,6511
"G2400410","2000","US","3","5","Maryland","24","Talbot","041",,,,,"0",,,,,,,,,,,,,"9999","99","9","9999","9999","9",,,,,,,,,"697064276","537777133","Talbot County","A","+38768996","-076113778","06",,,17.0,12418,21394,1149,889,960,952,909,831,820,842,724,1282,1527,1318,683,422,320,692,649679700,5718,10782
"G2400430","2000","US","3","5","Maryland","24","Washington","043",,,,,"0",,,,,,,,,,,,,"8872","97","N","3180","9999","9",,,,,,,,,"1186567624","24369551","Washington County","A","+39614696","-077774436","06",,,15.3,89424,42499,4710,3164,2965,3599,3363,3217,3428,2923,2896,5010,5721,4989,1811,808,614,490,1987495500,36271,16701
"G2400450","2000","US","3","5","Maryland","24","Wicomico","045",,,,,"0",,,,,,,,,,,,,"9999","99","9","9999","9999","9",,,,,,,,,"976869361","58588694","Wicomico County","A","+38377323","-075594531","06",,,15.7,57867,26777,2886,2387,2364,2406,2176,2275,1965,1881,1934,3102,3247,2914,1304,505,456,429,1313305500,23224,11177
"G2400470","2000","US","3","5","Maryland","24","Worcester","047",,,,,"0",,,,,,,,,,,,,"9999","99","9","9999","9999","9",,,,,,,,,"1225679185","573667249","Worcester County","A","+38270515","-075263442","06",,,15.2,29593,16950,1589,1283,1274,1421,1429,1347,1325,1348,1125,1971,1959,1907,658,402,301,367,746331100,39327,8033
"G2405100","2000","US","3","5","Maryland","24","Baltimore City","510",,,,,"9",,,,,,,,,,,,,"8872","97","N","0720","9999","9",,,,,,,,,"209282442","29198774","Baltimore city","F","+39307956","-076617016","08",,,11.7,651154,0,48249,21649,20637,19879,18166,17354,15639,13434,10800,19022,19702,16903,6945,3108,2689,3612,8600114700,300477,0
"G2500010","2000","US","1","1","Massachusetts","25","Barnstable","001",,,,,"0",,,,,,,,,,,,,"####","99","#","9999","0743","N",,,,,,,,,"1024377791","2357157238","Barnstable County","A","+41698999","-070301811","06",,,14.3,202758,19472,6478,5484,5853,5506,5788,6360,5482,5452,5001,9385,11040,11243,5303,2302,1873,2295,3915808500,129823,17260
"G2500030","2000","US","1","1","Massachusetts","25","Berkshire","003",,,,,"0",,,,,,,,,,,,,"####","99","#","9999","6323","N",,,,,,,,,"2412100627","38727640","Berkshire County","A","+42396128","-073209889","06",,,18.5,94243,40710,5523,4169,4144,3861,3656,3919,3239,3211,2736,5308,5639,5042,2425,1069,883,1050,2179736300,44095,22206
"G2500050","2000","US","1","1","Massachusetts","25","Bristol","005",,,,,"0",,,,,,,,,,,,,"####","##","#","####","1123","N",,,,,,,,,"1440023877","350150973","Bristol County","A","+41778329","-071102131","06",,,13.0,480716,53962,21933,14402,13317,11939,11014,11322,11454,10177,10016,19020,24069,24316,11250,5055,3334,2938,9238637800,196455,20463
"G2500070","2000","US","1","1","Massachusetts","25","Dukes","007",,,,,"0",,,,,,,,,,,,,"9999","99","9","9999","9999","9",,,,,,,,,"268785990","1002778678","Dukes County","A","+41414842","-070612681","06",,,18.4,5597,9390,465,305,374,303,516,436,453,332,271,782,658,699,319,146,123,249,308070900,4842,9994
"G2500090","2000","US","1","1","Massachusetts","25","Essex","009",,,,,"0",,,,,,,,,,,,,"####","##","#","####","1123","N",,,,,,,,,"1296721801","849153015","Essex County","A","+42635475","-070970827","06",,,12.9,689252,34167,24033,15068,13535,13751,13931,13487,13309,13071,12721,23497,30551,36066,21290,10726,9859,10515,15696275900,274379,12765
"G2500110","2000","US","1","1","Massachusetts","25","Franklin","011",,,,,"0",,,,,,,,,,,,,"####","99","#","9999","9999","9",,,,,,,,,"1818244807","58820215","Franklin County","A","+42587072","-072573941","06",,,23.4,32448,39087,2711,2193,1906,2020,1863,1845,1925,1679,1742,2648,3398,3199,1135,543,399,286,1179454100,14643,17296
"G2500130","2000","US","1","1","Massachusetts","25","Hampden","013",,,,,"0",,,,,,,,,,,,,"####","##","#","####","8003","N",,,,,,,,,"1601658602","40694918","Hampden County","N","+42127560","-072571312","06",,,13.4,411873,44355,20917,13099,11235,11421,11104,10794,9649,9927,8410,16105,19393,17911,7564,3371,2290,2285,7075754400,168186,17690
"G2500150","2000","US","1","1","Massachusetts","25","Hampshire","015",,,,,"0",,,,,,,,,,,,,"####","99","#","9999","8003","N",,,,,,,,,"1370179607","42491330","Hampshire County","A","+42322256","-072620730","06",,,14.5,110408,41843,4304,3672,2927,3331,3354,3552,3120,2985,2979,5562,6698,6532,3313,1569,1125,932,2685440400,41731,16913
"G2500170","2000","US","1","1","Massachusetts","25","Middlesex","017",,,,,"0",,,,,,,,,,,,,"1122","07","N","####","1123","N",,,,,,,,,"2132746255","62377480","Middlesex County","N","+42459085","-071275566","06",,,12.8,1417574,47822,35322,24865,22029,23191,23782,25274,25005,25207,23971,47799,63559,81462,52220,29338,28147,30335,38117094300,559898,16783
"G2500190","2000","US","1","1","Massachusetts","25","Nantucket","019",,,,,"0",,,,,,,,,,,,,"9999","99","9","9999","9999","9",,,,,,,,,"123826853","662591799","Nantucket County","C","+41276758","-070090890","06",,,12.8,7571,1949,184,131,116,166,214,230,165,256,196,320,416,470,298,142,218,179,238572900,5613,3597
"G2500210","2000","US","1","1","Massachusetts","25","Norfolk","021",,,,,"0",,,,,,,,,,,,,"1122","07","N","####","1123","N",,,,,,,,,"1034915597","114878501","Norfolk County","A","+42199156","-071154440","06",,,12.6,628900,21408,14002,9737,9275,9577,9962,11115,10747,10682,10483,21111,29018,37684,23871,13444,13102,15091,17458473500,247889,7265
"G2500230","2000","US","1","1","Massachusetts","25","Plymouth","023",,,,,"0",,,,,,,,,,,,,"####","##","#","####","1123","N",,,,,,,,,"1711596642","1120262554","Plymouth County","A","+41978877","-070818958","06",,,13.2,425472,47350,10990,8341,7459,7709,7615,8212,8183,7896,8222,15763,21290,25077,13930,6792,5790,5179,9886492900,164221,17303
"G2500250","2000","US","1","1","Massachusetts","25","Suffolk","025",,,,,"0",,,,,,,,,,,,,"####","##","#","####","1123","N",,,,,,,,,"151555693","159745094","Suffolk County","C","+42334948","-071073493","06",,,12.9,689807,0,42686,18610,15895,16293,16913,15494,15225,14730,12047,22201,26833,27344,14313,6976,6091,7125,13201313600,292520,0
"G2500270","2000","US","1","1","Massachusetts","25","Worcester","027",,,,,"0",,,,,,,,,,,,,"####","##","#","####","1123","N",,,,,,,,,"3918817426","170822271","Worcester County","N","+42329642","-071840209","06",,,14.0,606832,144131,25152,17111,15691,15384,15813,15560,14500,14761,13578,26384,32551,35696,19695,8901,7406,6035,14507869200,244972,53187
"G2600010","2000","US","2","3","Michigan","26","Alcona","001",,,,,"0",,,,,,,,,,,,,"9999","99","9","9999","9999","9",,,,,,,,,"1746776250","2890690938","Alcona County","A","+44682470","-083557157","06",,,45.0,181,11538,608,407,438,474,496,449,416,344,262,391,348,271,84,56,24,46,113505500,241,10343
"G2600030","2000","US","2","3","Michigan","26","Alger","003",,,,,"0",,,,,,,,,,,,,"9999","99","9","9999","9999","9",,,,,,,,,"2377170025","10699883373","Alger County","A","+46386089","-086634418","06",,,38.5,0,9862,383,277,321,252,300,312,275,278,235,388,361,246,90,35,13,31,129757200,0,5964
"G2600050","2000","US","2","3","Michigan","26","Allegan","005",,,,,"0",,,,,,,,,,,,,"3000","99","N","9999","9999","9",,,,,,,,,"2143123718","2605100219","Allegan County","A","+42592727","-085903867","06",,,21.5,31392,74273,2376,1771,2037,2313,2305,2505,2742,2638,2395,4129,5197,4552,1616,789,418,462,1736349800,12733,30559
"G2600070","2000","US","2","3","Michigan","26","Alpena","007",,,,,"0",,,,,,,,,,,,,"9999","99","9","9999","9999","9",,,,,,,,,"1487042096","2902986576","Alpena County","A","+45032984","-083535789","06",,,24.9,15211,16103,1326,1126,1095,1114,919,999,765,810,789,1256,1184,964,243,103,93,91,401398400,6942,8347
"G2600090","2000","US","2","3","Michigan","26","Antrim","009",,,,,"0",,,,,,,,,,,,,"9999","99","9","9999","9999","9",,,,,,,,,"1235262187","323663078","Antrim County","A","+45005956","-085176923","06",,,41.5,0,23110,687,616,664,778,716,683,739,611,547,988,869,727,299,90,116,124,310412500,0,15090
"G2600110","2000","US","2","3","Michigan","26","Arenac","011",,,,,"0",,,,,,,,,,,,,"9999","99","9","9999","9999","9",,,,,,,,,"950117635","813177035","Arenac County","A","+44061283","-083866873","06",,,43.3,0,17269,742,642,632,634,468,442,427,433,347,566,520,547,177,66,54,35,192804900,0,9563
"G2600130","2000","US","2","3","Michigan","26","Baraga","013",,,,,"0",,,,,,,,,,,,,"9999","99","9","9999","9999","9",,,,,,,,,"2341341138","426959496","Baraga County","A","+46706302","-088398936","06",,,34.0,0,8746,329,352,302,261,251,242,233,218,246,302,314,194,77,29,7,14,100096300,0,4631
"G2600150","2000","US","2","3","Michigan","26","Barry","015",,,,,"0",,,,,,,,,,,,,"9999","99","9","9999","9999","9",,,,,,,,,"1440383061","53786902","Barry County","A","+42607468","-085317653","06",,,17.2,10968,45787,942,1010,1114,1463,1456,1428,1277,1392,1305,2523,2639,2453,1073,501,243,277,958963200,4434,19442
"G2600170","2000","US","2","3","Michigan","26","Bay","017",,,,,"0",,,,,,,,,,,,,"6960","99","N","9999","9999","9",,,,,,,,,"1150591713","483447041","Bay County","A","+43636656","-083917406","06",,,18.1,78047,32110,4131,3071,3221,3195,3470,2888,2776,2298,2110,4146,4436,4469,2116,763,545,391,1683321800,34032,12391
"G2600190","2000","US","2","3","Michigan","26","Benzie","019",,,,,"0",,,,,,,,,,,,,"9999","99","9","9999","9999","9",,,,,,,,,"832197831","1394250656","Benzie County","A","+44643593","-086043826","06",,,41.2,0,15998,437,432,507,560,544,518,500,423,484,664,622,446,166,69,66,60,206215600,0,10312
"G2600210","2000","US","2","3","Michigan","26","Berrien","021",,,,,"0",,,,,,,,,,,,,"0870","99","N","9999","9999","9",,,,,,,,,"1478882557","2616885082","Berrien County","A","+41971239","-086426818","06",,,19.6,113120,49333,6469,4982,4473,4522,4232,4382,3794,3828,3150,5849,6572,5825,2529,1106,933,998,2523232900,50841,22604
"G2600230","2000","US","2","3","Michigan","26","Branch","023",,,,,"0",,,,,,,,,,,,,"9999","99","9","9999","9999","9",,,,,,,,,"1314191146","31282225","Branch County","A","+41926246","-085051147","06",,,30.2,14441,31346,1161,979,1295,1267,1375,1251,1145,1109,1014,1679,1797,1434,573,140,117,104,639349800,5239,14583
"G2600250","2000","US","2","3","Michigan","26","Calhoun","025",,,,,"0",,,,,,,,,,,,,"3720","99","N","9999","9999","9",,,,,,,,,"1835566474","25186093","Calhoun County","A","+42278575","-085076092","06",,,19.1,96162,41823,4851,3906,3808,3803,3858,3971,3518,3228,2783,5200,6100,4973,2165,944,571,482,2043175400,42052,16639
"G2600270","2000","US","2","3","Michigan","26","Cass","027",,,,,"0",,,,,,,,,,,,,"9999","99","9","9999","9999","9",,,,,,,,,"1274736966","42180313","Cass County","A","+41921510","-086022079","06",,,24.8,11598,39506,1536,1197,1293,1426,1297,1368,1337,1293,1160,2063,2210,1938,754,271,245,232,794954500,5015,18869
"G2600290","2000","US","2","3","Michigan","26","Charlevoix","029",,,,,"0",,,,,,,,,,,,,"9999","99","9","9999","9999","9",,,,,,,,,"1079610710","2522451715","Charlevoix County","A","+45246669","-085100586","06",,,38.0,8005,18085,803,610,700,726,762,815,796,682,643,1028,1099,891,415,121,130,152,394373300,4809,10561
"G2600310","2000","US","2","3","Michigan","26","Cheboygan","031",,,,,"0",,,,,,,,,,,,,"9999","99","9","9999","9999","9",,,,,,,,,"1853391663","439339858","Cheboygan County","A","+45482258","-084513310","06",,,36.3,4929,21519,1132,860,879,985,957,907,829,799,540,917,857,559,239,121,122,138,317365000,2221,14362
"G2600330","2000","US","2","3","Michigan","26","Chippewa","033",,,,,"0",,,,,,,,,,,,,"9999","99","9","9999","9999","9",,,,,,,,,"4043131735","2944608013","Chippewa County","A","+46322274","-084497987","06",,,28.9,21301,17242,1608,1125,1081,1180,851,988,936,1013,724,1284,1279,893,265,123,81,60,454761800,7218,12212
"G2600350","2000","US","2","3","Michigan","26","Clare","035",,,,,"0",,,,,,,,,,,,,"9999","99","9","9999","9999","9",,,,,,,,,"1467993832","21812624","Clare County","A","+43971020","-084859148","06",,,36.5,6934,24318,1750,1206,1254,1183,1251,966,771,808,627,930,823,602,281,78,79,130,336326200,3784,18445
"G2600370","2000","US","2","3","Michigan","26","Clinton","037",,,,,"0",,,,,,,,,,,,,"4040","99","N","9999","9999","9",,,,,,,,,"1480069137","8070398","Clinton County","A","+42926738","-084573072","06",,,24.5,25554,39199,946,917,1171,1226,1336,1379,1264,1395,1302,2608,3365,3715,1614,644,448,377,1221465700,10485,14145
"G2600390","2000","US","2","3","Michigan","26","Crawford","039",,,,,"0",,,,,,,,,,,,,"9999","99","9","9999","9999","9",,,,,,,,,"1445530829","13601164","Crawford County","A","+44677842","-084642559","06",,,32.8,4270,10003,504,407,422,551,572,536,448,304,323,499,453,318,145,48,59,39,163251200,1787,8255
"G2600410","2000","US","2","3","Michigan","26","Delta","041",,,,,"0",,,,,,,,,,,,,"9999","99","9","9999","9999","9",,,,,,,,,"3030351121","2127826538","Delta County","A","+45877369","-086946619","06",,,24.8,21117,17403,1584,1417,1236,1120,1243,1193,996,745,896,1504,1817,1128,546,202,94,99,527378000,9552,9671
"G2600430","2000","US","2","3","Michigan","26","Dickinson","043",,,,,"0",,,,,,,,,,,,,"9999","99","9","9999","9999","9",,,,,,,,,"1984803209","27918825","Dickinson County","A","+45867191","-087971124","06",,,24.9,19863,7609,1151,998,933,920,899,830,758,798,556,1010,1070,829,350,136,79,90,371816100,9155,4547
"G2600450","2000","US","2","3","Michigan","26","Eaton","045",,,,,"0",,,,,,,,,,,,,"4040","99","N","9999","9999","9",,,,,,,,,"1492894246","6765482","Eaton County","A","+42616759","-084782331","06",,,20.7,62757,40898,2066,1889,1998,2297,2499,2366,2440,2532,2203,4432,5561,5483,2525,1010,423,527,1896329700,27167,14951
"G2600470","2000","US","2","3","Michigan","26","Emmet","047",,,,,"0",,,,,,,,,,,,,"9999","99","9","9999","9999","9",,,,,,,,,"1211649163","1073402953","Emmet County","A","+45476057","-084907677","06",,,29.5,8264,23173,980,763,875,922,916,818,950,905,631,1238,1184,1172,530,253,142,263,496136300,4383,14171
"G2600490","2000","US","2","3","Michigan","26","Genesee","049",,,,,"0",,,,,,,,,,,,,"2162","35","N","2640","9999","9",,,,,,,,,"1656660341","25129673","Genesee County","A","+43011877","-083700504","06",,,14.3,365630,70511,16339,10812,11356,11341,11221,10351,9195,9663,7984,15458,18802,19336,9349,3962,2521,2340,7164794500,157779,25851
"G2600510","2000","US","2","3","Michigan","26","Gladwin","051",,,,,"0",,,,,,,,,,,,,"9999","99","9","9999","9999","9",,,,,,,,,"1312614778","24937206","Gladwin County","A","+43983969","-084416352","06",,,39.6,2718,23305,1095,951,904,1045,929,822,749,633,543,777,899,657,304,116,89,52,289029100,1199,15629
"G2600530","2000","US","2","3","Michigan","26","Gogebic","053",,,,,"0",,,,,,,,,,,,,"9999","99","9","9999","9999","9",,,,,,,,,"2853804694","970143393","Gogebic County","A","+46397726","-089804056","06",,,27.5,6215,11155,1088,807,773,716,645,542,490,373,380,478,486,335,125,58,61,44,182360900,3291,7548
"G2600550","2000","US","2","3","Michigan","26","Grand Traverse","055",,,,,"0",,,,,,,,,,,,,"9999","99","9","9999","9999","9",,,,,,,,,"1204527945","352403674","Grand Traverse County","A","+44697278","-085574643","06",,,17.8,38357,39297,1652,1545,1823,2142,2045,2366,2239,2104,1901,3118,3587,2782,1286,659,578,659,1340464400,17482,17360
"G2600570","2000","US","2","3","Michigan","26","Gratiot","057",,,,,"0",,,,,,,,,,,,,"9999","99","9","9999","9999","9",,,,,,,,,"1476625630","3834251","Gratiot County","A","+43303734","-084615514","06",,,28.7,19284,23001,1331,1045,1044,1109,1152,1013,1114,921,775,1467,1429,1249,496,174,69,104,551143200,6530,8986
"G2600590","2000","US","2","3","Michigan","26","Hillsdale","059",,,,,"0",,,,,,,,,,,,,"9999","99","9","9999","9999","9",,,,,,,,,"1550995291","21491712","Hillsdale County","A","+41897234","-084596622","06",,,32.6,11238,35289,1383,1063,1132,1345,1126,1267,1230,1290,1020,1752,1954,1551,652,237,160,125,673589500,5039,15150
"G2600610","2000","US","2","3","Michigan","26","Houghton","061",,,,,"0",,,,,,,,,,,,,"9999","99","9","9999","9999","9",,,,,,,,,"2620341964","1268676121","Houghton County","A","+47032756","-088605482","06",,,31.1,20097,15919,2163,1355,1259,1245,1123,990,857,777,592,1083,1018,719,346,97,108,61,391361700,8632,9116
"G2600630","2000","US","2","3","Michigan","26","Huron","063",,,,,"0",,,,,,,,,,,,,"9999","99","9","9999","9999","9",,,,,,,,,"2166569275","3366858506","Huron County","A","+43842995","-083068000","06",,,41.5,3985,32094,1417,1224,1069,1206,1086,1219,1027,991,812,1356,1384,1065,357,116,137,116,463272000,1791,18639
"G2600650","2000","US","2","3","Michigan","26","Ingham","065",,,,,"0",,,,,,,,,,,,,"4040","99","N","9999","9999","9",,,,,,,,,"1448291334","4534393","Ingham County","A","+42667752","-084469828","06",,,16.3,242299,37021,11159,6977,7198,7166,7093,7168,6385,6381,5173,9839,11147,11122,5332,2453,2068,1906,4797233400,101546,13510
"G2600670","2000","US","2","3","Michigan","26","Ionia","067",,,,,"0",,,,,,,,,,,,,"9999","99","9","9999","9999","9",,,,,,,,,"1484616954","18175940","Ionia County","A","+42958883","-085079273","06",,,26.2,26318,35200,1373,1311,1359,1399,1336,1377,1255,1309,1324,2217,2763,2183,803,224,171,208,879236800,8687,13319
"G2600690","2000","US","2","3","Michigan","26","Iosco","069",,,,,"0",,,,,,,,,,,,,"9999","99","9","9999","9999","9",,,,,,,,,"1422193938","3474873606","Iosco County","A","+44363193","-083571883","06",,,26.6,11661,15678,1301,1151,916,1116,1104,952,809,879,572,956,883,618,251,87,70,90,288412300,7613,12819
"G2600710","2000","US","2","3","Michigan","26","Iron","071",,,,,"0",,,,,,,,,,,,,"9999","99","9","9999","9999","9",,,,,,,,,"3020846180","115682109","Iron County","A","+46196152","-088561747","06",,,43.7,3861,9277,718,650,584,572,468,402,412,343,307,448,409,259,79,40,10,33,135277600,2036,6736
"G2600730","2000","US","2","3","Michigan","26","Isabella","073",,,,,"0",,,,,,,,,,,,,"9999","99","9","9999","9999","9",,,,,,,,,"1487359266","9006922","Isabella County","A","+43632901","-084838367","06",,,34.4,31481,31870,2689,1914,1790,1836,1556,1622,1362,1389,1203,1877,1925,1721,791,293,205,236,821444300,11238,13290
"G2600750","2000","US","2","3","Michigan","26","Jackson","075",,,,,"0",,,,,,,,,,,,,"3520","99","N","9999","9999","9",,,,,,,,,"1830079005","44462965","Jackson County","A","+42237635","-084404455","06",,,16.0,92786,65636,4293,3736,3926,3473,3777,3680,3837,3627,3156,6115,6935,6585,2662,1034,662,820,2501162900,36751,26155
"G2600770","2000","US","2","3","Michigan","26","Kalamazoo","077",,,,,"0",,,,,,,,,,,,,"3720","99","N","9999","9999","9",,,,,,,,,"1455220328","47439593","Kalamazoo County","A","+42259641","-085561317","06",,,15.1,191052,47551,7861,6151,6599,6063,5867,5955,5697,5496,4992,8753,9933,9477,4901,2255,1776,1719,4181810400,81114,18136
"G2600790","2000","US","2","3","Michigan","26","Kalkaska","079",,,,,"0",,,,,,,,,,,,,"9999","99","9","9999","9999","9",,,,,,,,,"1453024813","25241584","Kalkaska County","A","+44706588","-085124416","06",,,38.0,2807,13764,542,461,430,566,490,592,501,467,447,672,541,415,165,51,26,31,203773100,1152,9670
"G2600810","2000","US","2","3","Michigan","26","Kent","081",,,,,"0",,,,,,,,,,,,,"3000","99","N","9999","9999","9",,,,,,,,,"2217482769","41453062","Kent County","A","+42988640","-085612696","06",,,13.8,489605,84730,14330,10524,12299,13591,13221,13589,13468,12986,11905,22000,26092,24731,11078,4919,4040,4351,10479289200,193490,30510
"G2600830","2000","US","2","3","Michigan","26","Keweenaw","083",,,,,"0",,,,,,,,,,,,,"9999","99","9","9999","9999","9",,,,,,,,,"1401117836","14050638432","Keweenaw County","A","+47429838","-088238030","06",,,46.8,0,2301,139,79,81,117,122,80,77,50,53,66,57,43,23,3,14,8,25592900,0,2327
"G2600850","2000","US","2","3","Michigan","26","Lake","085",,,,,"0",,,,,,,,,,,,,"9999","99","9","9999","9999","9",,,,,,,,,"1469650004","18566736","Lake County","A","+43951418","-085831863","06",,,43.5,0,11333,821,467,449,458,385,375,302,280,199,355,250,174,88,32,33,14,108810500,0,13498
"G2600870","2000","US","2","3","Michigan","26","Lapeer","087",,,,,"0",,,,,,,,,,,,,"2162","35","N","2160","9999","9",,,,,,,,,"1694380864","22996294","Lapeer County","A","+43067751","-083233080","06",,,19.8,21038,66866,1392,1332,1522,1616,1769,1642,1839,1823,1719,3312,4033,4518,2532,693,635,402,1587074000,8332,24400
"G2600890","2000","US","2","3","Michigan","26","Leelanau","089",,,,,"0",,,,,,,,,,,,,"9999","99","9","9999","9999","9",,,,,,,,,"902529823","5656298953","Leelanau County","A","+44947859","-085765387","06",,,39.7,1055,20064,397,425,438,519,511,580,575,525,571,964,1151,798,462,162,161,219,368779900,498,12799
"G2600910","2000","US","2","3","Michigan","26","Lenawee","091",,,,,"0",,,,,,,,,,,,,"2162","35","N","0440","9999","9",,,,,,,,,"1943790358","28001355","Lenawee County","A","+41917635","-084065929","06",,,22.9,45250,53640,2167,1717,2253,2354,2427,2184,2139,2389,2013,3937,4658,4165,1907,740,547,346,1604808500,17329,22440
"G2600930","2000","US","2","3","Michigan","26","Livingston","093",,,,,"0",,,,,,,,,,,,,"2162","35","N","0440","9999","9",,,,,,,,,"1472143217","44118848","Livingston County","A","+42571133","-083868460","06",,,14.1,96117,60834,1564,1514,1534,1860,2040,2443,2296,2544,2423,5170,7755,10083,6701,3137,2361,1906,3819484900,37419,21500
"G2600950","2000","US","2","3","Michigan","26","Luce","095",,,,,"0",,,,,,,,,,,,,"9999","99","9","9999","9999","9",,,,,,,,,"2338974196","2612787425","Luce County","A","+46461723","-085593089","06",,,38.8,3252,3772,297,216,189,244,193,256,179,180,110,243,169,136,36,14,9,15,81174100,1070,2938
"G2600970","2000","US","2","3","Michigan","26","Mackinac","097",,,,,"0",,,,,,,,,,,,,"9999","99","9","9999","9999","9",,,,,,,,,"2645886628","2794506294","Mackinac County","A","+46041011","-084988273","06",,,41.4,2725,9218,502,402,434,459,436,445,366,322,303,488,389,299,115,34,33,45,143517700,1265,8148
"G2600990","2000","US","2","3","Michigan","26","Macomb","099",,,,,"0",,,,,,,,,,,,,"2162","35","N","2160","9999","9",,,,,,,,,"1244329825","231392703","Macomb County","A","+42591138","-082951762","06",,,14.3,762702,25447,16841,14229,14923,16704,18224,16896,17143,16378,15092,29691,41217,44675,25098,10868,6981,4542,15901679000,311401,8875
"G2601010","2000","US","2","3","Michigan","26","Manistee","101",,,,,"0",,,,,,,,,,,,,"9999","99","9","9999","9999","9",,,,,,,,,"1407937130","1909244646","Manistee County","A","+44323788","-086135402","06",,,33.8,9997,14530,968,870,797,806,815,758,661,687,528,943,913,634,196,72,104,77,296088000,4608,9664
"G2601030","2000","US","2","3","Michigan","26","Marquette","103",,,,,"0",,,,,,,,,,,,,"9999","99","9","9999","9999","9",,,,,,,,,"4716501275","4154659804","Marquette County","A","+46464676","-087606628","06",,,21.6,37526,27108,2700,1953,2025,2200,1938,1883,1444,1586,1455,2394,2567,2273,595,282,242,201,896600800,16412,16465
"G2601050","2000","US","2","3","Michigan","26","Mason","105",,,,,"0",,,,,,,,,,,,,"9999","99","9","9999","9999","9",,,,,,,,,"1282477630","1933936905","Mason County","A","+43984111","-086305178","06",,,32.8,9798,18476,1030,1045,985,1102,847,747,745,702,580,1064,1074,838,374,106,129,68,371090500,4869,11194
"G2601070","2000","US","2","3","Michigan","26","Mecosta","107",,,,,"0",,,,,,,,,,,,,"9999","99","9","9999","9999","9",,,,,,,,,"1439237247","39914298","Mecosta County","A","+43648515","-085354297","06",,,32.9,11773,28780,1860,1222,1191,1216,1147,1023,1093,907,713,1347,1264,996,446,201,129,143,484170000,4053,15540
"G2601090","2000","US","2","3","Michigan","26","Menominee","109",,,,,"0",,,,,,,,,,,,,"9999","99","9","9999","9999","9",,,,,,,,,"2702708106","762665242","Menominee County","A","+45456558","-087565926","06",,,31.9,9235,16091,1209,811,890,963,926,741,762,613,559,1083,988,647,182,69,43,55,329306500,4459,9180
"G2601110","2000","US","2","3","Michigan","26","Midland","111",,,,,"0",,,,,,,,,,,,,"6960","99","N","9999","9999","9",,,,,,,,,"1349885621","17343934","Midland County","A","+43642407","-084335448","06",,,21.5,45329,37545,2189,1846,2007,2190,1927,2194,1768,1552,1473,2711,3358,3643,1934,1209,1007,770,1520622600,19327,14469
"G2601130","2000","US","2","3","Michigan","26","Missaukee","113",,,,,"0",,,,,,,,,,,,,"9999","99","9","9999","9999","9",,,,,,,,,"1467865737","18326862","Missaukee County","A","+44327470","-085145565","06",,,47.8,0,14478,485,420,388,471,481,463,491,376,343,534,466,314,113,37,29,56,170798600,0,8621
"G2601150","2000","US","2","3","Michigan","26","Monroe","115",,,,,"0",,,,,,,,,,,,,"2162","35","N","2160","9999","9",,,,,,,,,"1427343313","333921043","Monroe County","A","+41919053","-083484125","06",,,17.0,91855,54090,3461,2529,2479,3157,2739,2869,2882,3029,2597,5441,7049,8247,3947,1661,1049,714,2734014500,36825,19646
"G2601170","2000","US","2","3","Michigan","26","Montcalm","117",,,,,"0",,,,,,,,,,,,,"9999","99","9","9999","9999","9",,,,,,,,,"1833815128","33524665","Montcalm County","A","+43308939","-085184031","06",,,31.3,10527,50739,1842,1545,1616,1725,1762,1807,1597,1428,1400,2422,2108,1883,545,176,107,120,788085700,4091,21809
"G2601190","2000","US","2","3","Michigan","26","Montmorency","119",,,,,"0",,,,,,,,,,,,,"9999","99","9","9999","9999","9",,,,,,,,,"1418346898","38369080","Montmorency County","A","+45016358","-084145183","06",,,40.1,0,10315,515,389,448,461,425,423,285,295,216,381,263,215,62,33,21,45,99016600,0,9238
"G2601210","2000","US","2","3","Michigan","26","Muskegon","121",,,,,"0",,,,,,,,,,,,,"3000","99","N","9999","9999","9",,,,,,,,,"1318605774","2460955731","Muskegon County","A","+43254681","-086216170","06",,,17.4,125735,44465,5805,5114,4413,4617,4329,4860,3979,3731,3694,6386,6860,5542,2174,737,627,623,2402826200,51235,17321
"G2601230","2000","US","2","3","Michigan","26","Newaygo","123",,,,,"0",,,,,,,,,,,,,"9999","99","9","9999","9999","9",,,,,,,,,"2181722261","49275375","Newaygo County","A","+43526187","-085806908","06",,,36.1,8222,39652,1635,1396,1217,1372,1308,1278,1259,1180,1050,1723,1874,1510,450,133,126,128,635161200,3972,19230
"G2601250","2000","US","2","3","Michigan","26","Oakland","125",,,,,"0",,,,,,,,,,,,,"2162","35","N","2160","9999","9",,,,,,,,,"2259793193","91913539","Oakland County","A","+42588233","-083305598","06",,,13.9,1133008,61148,21981,16449,18289,20949,21003,22719,21775,22331,20175,40828,56368,69248,44591,25080,23826,25778,32632305300,470229,21777
"G2601270","2000","US","2","3","Michigan","26","Oceana","127",,,,,"0",,,,,,,,,,,,,"9999","99","9","9999","9999","9",,,,,,,,,"1399779193","1984623080","Oceana County","A","+43643410","-086291549","06",,,41.5,0,26873,947,761,821,757,812,764,700,597,590,928,942,781,184,95,76,71,319328400,0,15009
"G2601290","2000","US","2","3","Michigan","26","Ogemaw","129",,,,,"0",,,,,,,,,,,,,"9999","99","9","9999","9999","9",,,,,,,,,"1461540211","26748977","Ogemaw County","A","+44333667","-084130573","06",,,38.9,0,21645,1024,879,852,844,758,740,572,528,424,726,650,512,183,45,53,53,228220800,0,15404
"G2601310","2000","US","2","3","Michigan","26","Ontonagon","131",,,,,"0",,,,,,,,,,,,,"9999","99","9","9999","9999","9",,,,,,,,,"3396859446","6293454409","Ontonagon County","A","+46679399","-089284287","06",,,44.8,0,7818,383,320,364,377,304,272,223,205,158,273,263,174,54,33,21,19,86846000,0,5404
"G2601330","2000","US","2","3","Michigan","26","Osceola","133",,,,,"0",,,,,,,,,,,,,"9999","99","9","9999","9999","9",,,,,,,,,"1465886433","18447676","Osceola County","A","+43982299","-085346103","06",,,46.0,2581,20616,898,733,676,755,778,696,610,630,468,879,833,562,161,76,62,46,269740700,1125,11728
"G2601350","2000","US","2","3","Michigan","26","Oscoda","135",,,,,"0",,,,,,,,,,,,,"9999","99","9","9999","9999","9",,,,,,,,,"1463348879","17014255","Oscoda County","A","+44680028","-084151907","06",,,40.4,0,9418,473,427,410,381,366,379,280,217,158,305,214,195,79,9,15,26,89605300,0,8690
"G2601370","2000","US","2","3","Michigan","26","Otsego","137",,,,,"0",,,,,,,,,,,,,"9999","99","9","9999","9999","9",,,,,,,,,"1332658596","29629911","Otsego County","A","+45006184","-084629770","06",,,33.1,7778,15523,540,563,608,623,719,688,616,671,511,925,977,830,380,121,111,110,349384800,3756,9619
"G2601390","2000","US","2","3","Michigan","26","Ottawa","139",,,,,"0",,,,,,,,,,,,,"3000","99","N","9999","9999","9",,,,,,,,,"1465036914","2761743542","Ottawa County","A","+42929975","-086049749","06",,,13.1,181633,56681,3225,3216,3655,4167,4316,4828,4702,5173,4711,9915,11905,11544,5359,1977,1546,1639,4337207100,67380,19476
"G2601410","2000","US","2","3","Michigan","26","Presque Isle","141",,,,,"0",,,,,,,,,,,,,"9999","99","9","9999","9999","9",,,,,,,,,"1709580089","4953820111","Presque Isle County","A","+45371308","-083925746","06",,,40.0,3089,11322,643,543,596,539,561,519,505,426,302,522,438,339,125,33,33,48,160162600,1513,8397
"G2601430","2000","US","2","3","Michigan","26","Roscommon","143",,,,,"0",,,,,,,,,,,,,"9999","99","9","9999","9999","9",,,,,,,,,"1350419147","151368050","Roscommon County","A","+44355243","-084654418","06",,,26.3,11094,14375,1205,995,1176,1184,1066,905,742,665,530,881,832,601,208,108,86,80,253315200,10206,12903
"G2601450","2000","US","2","3","Michigan","26","Saginaw","145",,,,,"0",,,,,,,,,,,,,"6960","99","N","9999","9999","9",,,,,,,,,"2095122995","17737467","Saginaw County","A","+43381976","-083997846","06",,,18.6,145874,64165,8155,5626,6084,5728,5880,5255,4714,4581,3907,6964,7918,8243,4048,1433,945,1028,3151247100,60756,24749
"G2601470","2000","US","2","3","Michigan","26","St Clair","147",,,,,"0",,,,,,,,,,,,,"2162","35","N","2160","9999","9",,,,,,,,,"1876113358","290751728","St. Clair County","A","+42916954","-082597855","06",,,17.3,102214,62021,4424,3413,3562,3836,3547,3636,3664,4044,3327,6173,7822,7882,3617,1371,909,961,2865035000,43710,23397
"G2601490","2000","US","2","3","Michigan","26","St Joseph","149",,,,,"0",,,,,,,,,,,,,"9999","99","9","9999","9999","9",,,,,,,,,"1304633739","45150438","St. Joseph County","A","+41897007","-085528152","06",,,25.3,27458,34964,1953,1504,1564,1550,1750,1690,1582,1536,1514,2647,2600,2009,725,347,208,231,912781500,11247,15256
"G2601510","2000","US","2","3","Michigan","26","Sanilac","151",,,,,"0",,,,,,,,,,,,,"9999","99","9","9999","9999","9",,,,,,,,,"2496226301","1622422823","Sanilac County","A","+43383201","-082764429","06",,,39.1,5953,38594,1535,1264,1259,1456,1268,1188,1236,1187,987,1724,1602,1388,401,171,106,130,578176400,4331,16983
"G2601530","2000","US","2","3","Michigan","26","Schoolcraft","153",,,,,"0",,,,,,,,,,,,,"9999","99","9","9999","9999","9",,,,,,,,,"3051289093","1827449141","Schoolcraft County","A","+46143586","-086237178","06",,,36.9,3672,5231,431,315,399,329,272,292,206,224,173,301,265,248,79,27,16,39,103740900,1646,4054
"G2601550","2000","US","2","3","Michigan","26","Shiawassee","155",,,,,"0",,,,,,,,,,,,,"9999","99","9","9999","9999","9",,,,,,,,,"1395313553","5178410","Shiawassee County","A","+42942807","-084134226","06",,,23.8,32653,39034,1948,1468,1763,1912,1769,1943,1740,1743,1448,2674,3339,3054,1124,406,302,273,1119643300,13584,15503
"G2601570","2000","US","2","3","Michigan","26","Tuscola","157",,,,,"0",,,,,,,,,,,,,"9999","99","9","9999","9999","9",,,,,,,,,"2104180663","262607294","Tuscola County","A","+43463550","-083434400","06",,,30.6,11650,46616,1398,1318,1522,1685,1572,1579,1625,1301,1307,2200,2455,2062,864,340,153,127,814397800,4885,18493
"G2601590","2000","US","2","3","Michigan","26","Van Buren","159",,,,,"0",,,,,,,,,,,,,"3720","99","N","9999","9999","9",,,,,,,,,"1582121725","1241456512","Van Buren County","A","+42260034","-086042352","06",,,22.8,20646,55617,2403,1772,2167,1901,2020,2068,1901,1688,1440,2745,3324,2758,1103,332,210,206,1089052100,9484,24491
"G2601610","2000","US","2","3","Michigan","26","Washtenaw","161",,,,,"0",,,,,,,,,,,,,"2162","35","N","0440","9999","9",,,,,,,,,"1838733615","32599676","Washtenaw County","A","+42260331","-083759473","06",,,14.4,266463,56432,9960,5715,6080,6308,6627,6950,6433,6230,5830,10210,13929,16365,10480,5480,4467,4401,7361620600,110115,20954
"G2601630","2000","US","2","3","Michigan","26","Wayne","163",,,,,"0",,,,,,,,,,,,,"2162","35","N","2160","9999","9",,,,,,,,,"1590646446","150352292","Wayne County","A","+42337237","-083197950","06",,,14.2,2046954,14208,92221,48855,48084,51732,47712,46242,42227,40654,36178,65977,78231,81981,42822,19689,13796,12225,32910126500,820802,5343
"G2601650","2000","US","2","3","Michigan","26","Wexford","165",,,,,"0",,,,,,,,,,,,,"9999","99","9","9999","9999","9",,,,,,,,,"1464619961","26802646","Wexford County","A","+44331270","-085550382","06",,,31.4,11160,19324,1103,839,959,994,1026,887,967,685,672,1018,1091,838,373,132,110,99,401872200,5222,9650
"G2700010","2000","US","2","4","Minnesota","27","Aitkin","001",,,,,"0",,,,,,,,,,,,,"9999","99","9","9999","9999","9",,,,,,,,,"4711959293","455872060","Aitkin County","A","+46601856","-093470244","06",,,42.0,0,15301,781,620,619,630,538,564,377,376,331,642,502,375,132,55,52,70,179853600,0,14168
"G2700030","2000","US","2","4","Minnesota","27","Anoka","003",,,,,"0",,,,,,,,,,,,,"5120","99","N","9999","9999","9",,,,,,,,,"1097134871","58662784","Anoka County","A","+45199715","-093278805","06",,,14.5,255331,42753,3430,3399,3994,3795,5045,5501,5706,6208,5853,12684,17540,18560,8017,2987,2115,1634,6155570900,93882,14209
"G2700050","2000","US","2","4","Minnesota","27","Becker","005",,,,,"0",,,,,,,,,,,,,"9999","99","9","9999","9999","9",,,,,,,,,"3393969725","348838046","Becker County","A","+46893153","-095742689","06",,,36.2,7281,22719,1298,1038,947,934,902,833,809,804,682,1046,1010,910,280,125,117,107,381145700,3751,12861
"G2700070","2000","US","2","4","Minnesota","27","Beltrami","007",,,,,"0",,,,,,,,,,,,,"9999","99","9","9999","9999","9",,,,,,,,,"6488621963","1425316120","Beltrami County","A","+47720834","-094837122","06",,,29.9,12492,27158,1882,1167,1130,1212,1100,1031,985,895,773,1243,1229,961,407,141,102,139,471866300,5158,11831
"G2700090","2000","US","2","4","Minnesota","27","Benton","009",,,,,"0",,,,,,,,,,,,,"6980","99","N","9999","9999","9",,,,,,,,,"1057430800","12232786","Benton County","A","+45650815","-094070904","06",,,28.4,20217,14009,1002,751,802,1019,912,834,808,874,770,1694,1535,1291,371,151,131,122,540243300,8553,4907
"G2700110","2000","US","2","4","Minnesota","27","Big Stone","011",,,,,"0",,,,,,,,,,,,,"9999","99","9","9999","9999","9",,,,,,,,,"1287086601","80120966","Big Stone County","A","+45410116","-096409613","06",,,39.5,0,5820,297,211,252,178,226,226,204,152,144,199,151,95,35,11,17,9,60374700,0,3171
"G2700130","2000","US","2","4","Minnesota","27","Blue Earth","013",,,,,"0",,,,,,,,,,,,,"9999","99","9","9999","9999","9",,,,,,,,,"1948598037","35067479","Blue Earth County","A","+44088378","-094037045","06",,,27.8,35288,20653,1688,1480,1466,1641,1438,1577,1586,1397,1117,2408,2166,1726,666,262,281,228,852576400,13774,8197
"G2700150","2000","US","2","4","Minnesota","27","Brown","015",,,,,"0",,,,,,,,,,,,,"9999","99","9","9999","9999","9",,,,,,,,,"1582130022","20048081","Brown County","A","+44255312","-094696210","06",,,28.7,16845,10066,802,802,699,717,794,735,752,675,590,1236,1283,855,293,94,73,152,404518100,7200,3963
"G2700170","2000","US","2","4","Minnesota","27","Carlton","017",,,,,"0",,,,,,,,,,,,,"9999","99","9","9999","9999","9",,,,,,,,,"2228243943","38601965","Carlton County","A","+46627815","-092602262","06",,,29.9,11639,20032,1093,848,902,824,786,775,777,737,712,1191,1459,1254,422,120,54,63,453416800,4995,8726
"G2700190","2000","US","2","4","Minnesota","27","Carver","019",,,,,"0",,,,,,,,,,,,,"5120","99","N","9999","9999","9",,,,,,,,,"924734562","49493783","Carver County","A","+44835379","-093749632","06",,,23.7,54282,15923,802,841,623,986,981,1059,1002,1203,929,2464,3330,4256,2363,1248,1064,1183,1785561800,19481,5402
"G2700210","2000","US","2","4","Minnesota","27","Cass","021",,,,,"0",,,,,,,,,,,,,"9999","99","9","9999","9999","9",,,,,,,,,"5225549622","1027224890","Cass County","A","+46897206","-094373472","06",,,42.2,0,27150,1203,900,878,858,881,794,740,685,603,1014,1025,701,288,128,81,85,328214700,0,21286
"G2700230","2000","US","2","4","Minnesota","27","Chippewa","023",,,,,"0",,,,,,,,,,,,,"9999","99","9","9999","9999","9",,,,,,,,,"1509450344","13013182","Chippewa County","A","+44999546","-095604516","06",,,35.5,6322,6766,442,354,567,485,373,423,343,352,347,576,488,397,114,52,21,29,167623600,2996,2859
"G2700250","2000","US","2","4","Minnesota","27","Chisago","025",,,,,"0",,,,,,,,,,,,,"5120","99","N","9999","9999","9",,,,,,,,,"1081660196","64380708","Chisago County","A","+45475985","-092911913","06",,,29.1,14611,26490,680,652,632,783,742,828,683,915,921,1765,2182,2146,813,340,259,176,735285800,5725,9808
"G2700270","2000","US","2","4","Minnesota","27","Clay","027",,,,,"0",,,,,,,,,,,,,"2520","99","N","9999","9999","9",,,,,,,,,"2707168209","19409751","Clay County","A","+46869254","-096568459","06",,,24.6,35882,15347,1911,1381,1383,1419,1223,1307,1223,1021,910,1927,2072,1687,573,268,162,190,705835300,13635,6111
"G2700290","2000","US","2","4","Minnesota","27","Clearwater","029",,,,,"0",,,,,,,,,,,,,"9999","99","9","9999","9999","9",,,,,,,,,"2576286716","90848475","Clearwater County","A","+47534853","-095381619","06",,,46.1,0,8423,506,284,346,293,206,227,175,209,145,314,286,193,73,27,29,12,98738800,0,4114
"G2700310","2000","US","2","4","Minnesota","27","Cook","031",,,,,"0",,,,,,,,,,,,,"9999","99","9","9999","9999","9",,,,,,,,,"3757048990","4892778762","Cook County","A","+47856408","-090497890","06",,,32.0,0,5168,201,187,144,220,187,185,151,144,135,260,212,192,62,39,31,20,77946800,0,4708
"G2700330","2000","US","2","4","Minnesota","27","Cottonwood","033",,,,,"0",,,,,,,,,,,,,"9999","99","9","9999","9999","9",,,,,,,,,"1657575598","23089123","Cottonwood County","A","+43990742","-095170319","06",,,34.6,4215,7952,462,444,430,507,454,367,355,345,313,414,398,238,74,38,43,40,144518700,1949,3427
"G2700350","2000","US","2","4","Minnesota","27","Crow Wing","035",,,,,"0",,,,,,,,,,,,,"9999","99","9","9999","9999","9",,,,,,,,,"2581099850","414386929","Crow Wing County","A","+46477169","-094108446","06",,,30.7,20636,34463,2052,1748,1760,1572,1521,1692,1449,1492,1295,2038,2432,1920,573,284,195,271,778508500,8978,24505
"G2700370","2000","US","2","4","Minnesota","27","Dakota","037",,,,,"0",,,,,,,,,,,,,"5120","99","N","9999","9999","9",,,,,,,,,"1475211060","43383381","Dakota County","A","+44758800","-093120132","06",,,14.7,334361,21543,4348,3253,3855,4892,6009,6648,6683,6619,6447,13661,19632,22953,12273,6171,4493,3415,8509750100,126408,7342
"G2700390","2000","US","2","4","Minnesota","27","Dodge","039",,,,,"0",,,,,,,,,,,,,"9999","99","9","9999","9999","9",,,,,,,,,"1138309077","316282","Dodge County","A","+44028165","-092836351","06",,,42.4,5507,12224,413,300,297,380,372,461,394,401,344,823,934,803,273,91,103,31,284856600,2106,4536
"G2700410","2000","US","2","4","Minnesota","27","Douglas","041",,,,,"0",,,,,,,,,,,,,"9999","99","9","9999","9999","9",,,,,,,,,"1642886292","221750557","Douglas County","A","+45916902","-095438585","06",,,29.1,13908,18913,1241,1043,1094,976,991,850,828,841,792,1325,1458,973,406,168,128,127,466110100,6768,9926
"G2700430","2000","US","2","4","Minnesota","27","Faribault","043",,,,,"0",,,,,,,,,,,,,"9999","99","9","9999","9999","9",,,,,,,,,"1848292877","20678359","Faribault County","A","+43666389","-093952469","06",,,38.7,3478,12703,623,564,526,583,527,568,524,456,391,626,626,384,144,43,37,48,198690200,1602,5645
"G2700450","2000","US","2","4","Minnesota","27","Fillmore","045",,,,,"0",,,,,,,,,,,,,"9999","99","9","9999","9999","9",,,,,,,,,"2230631415","2329971","Fillmore County","A","+43680907","-092083826","06",,,45.3,0,21122,745,620,620,692,629,590,574,543,523,850,917,532,187,73,67,50,275409900,0,8908
"G2700470","2000","US","2","4","Minnesota","27","Freeborn","047",,,,,"0",,,,,,,,,,,,,"9999","99","9","9999","9999","9",,,,,,,,,"1832782543","38823032","Freeborn County","A","+43666177","-093354730","06",,,31.3,18226,14358,1109,1119,942,1085,1021,990,1021,870,839,1356,1407,972,324,125,89,110,441282000,8050,5946
"G2700490","2000","US","2","4","Minnesota","27","Goodhue","049",,,,,"0",,,,,,,,,,,,,"9999","99","9","9999","9999","9",,,,,,,,,"1963911048","57408058","Goodhue County","A","+44414581","-092696810","06",,,34.3,21633,22494,1096,945,924,909,1047,945,1103,1152,921,1913,2325,2065,740,322,296,293,760448100,9376,8503
"G2700510","2000","US","2","4","Minnesota","27","Grant","051",,,,,"0",,,,,,,,,,,,,"9999","99","9","9999","9999","9",,,,,,,,,"1415182450","74519039","Grant County","A","+45943961","-095993381","06",,,47.6,0,6289,244,226,227,195,220,208,168,155,143,289,205,150,56,16,16,24,75861300,0,3098
"G2700530","2000","US","2","4","Minnesota","27","Hennepin","053",,,,,"0",,,,,,,,,,,,,"5120","99","N","9999","9999","9",,,,,,,,,"1441631419","128895633","Hennepin County","A","+44971331","-093362357","06",,,14.6,1090288,25912,27349,20739,21260,25417,25988,26694,25138,24082,22145,42863,53255,59579,32052,16641,14708,18368,26964283000,460090,8734
"G2700550","2000","US","2","4","Minnesota","27","Houston","055",,,,,"0",,,,,,,,,,,,,"3870","99","N","9999","9999","9",,,,,,,,,"1446264136","27193962","Houston County","A","+43708892","-091474135","06",,,38.8,8625,11093,582,456,511,591,534,536,498,527,478,814,900,709,230,66,97,65,295572000,3538,4630
"G2700570","2000","US","2","4","Minnesota","27","Hubbard","057",,,,,"0",,,,,,,,,,,,,"9999","99","9","9999","9999","9",,,,,,,,,"2389148050","199258510","Hubbard County","A","+47051365","-094905303","06",,,41.5,3210,15166,657,661,585,687,537,554,490,551,458,595,670,572,196,79,64,72,233843700,1574,10655
"G2700590","2000","US","2","4","Minnesota","27","Isanti","059",,,,,"0",,,,,,,,,,,,,"5120","99","N","9999","9999","9",,,,,,,,,"1137181433","33168663","Isanti County","A","+45554945","-093273123","06",,,37.3,8327,22960,592,502,546,643,587,751,661,729,603,1378,1798,1454,548,211,138,125,530547500,3328,8734
"G2700610","2000","US","2","4","Minnesota","27","Itasca","061",,,,,"0",,,,,,,,,,,,,"9999","99","9","9999","9999","9",,,,,,,,,"6902469547","680433374","Itasca County","A","+47431706","-093570057","06",,,33.5,8530,35462,1717,1416,1443,1341,1467,1253,1100,1113,1018,1754,1827,1498,480,157,144,90,573602000,3895,20633
"G2700630","2000","US","2","4","Minnesota","27","Jackson","063",,,,,"0",,,,,,,,,,,,,"9999","99","9","9999","9999","9",,,,,,,,,"1817374386","46010669","Jackson County","A","+43681503","-095149650","06",,,41.1,3289,7979,359,332,345,411,375,327,386,336,349,530,381,269,105,20,28,23,144826500,1571,3521
"G2700650","2000","US","2","4","Minnesota","27","Kanabec","065",,,,,"0",,,,,,,,,,,,,"9999","99","9","9999","9999","9",,,,,,,,,"1359565637","21893102","Kanabec County","A","+45886975","-093294518","06",,,41.0,3084,11912,472,376,437,479,446,399,374,468,365,687,509,448,149,40,53,52,212386200,1407,5439
"G2700670","2000","US","2","4","Minnesota","27","Kandiyohi","067",,,,,"0",,,,,,,,,,,,,"9999","99","9","9999","9999","9",,,,,,,,,"2061780150","170719281","Kandiyohi County","A","+45156823","-095017337","06",,,35.4,22253,18950,1328,1099,1019,1236,1258,1137,950,982,985,1592,1767,1470,553,170,218,209,620604400,9942,8473
"G2700690","2000","US","2","4","Minnesota","27","Kittson","069",,,,,"0",,,,,,,,,,,,,"9999","99","9","9999","9999","9",,,,,,,,,"2841418760","16664830","Kittson County","A","+48764077","-096854114","06",,,48.8,0,5285,239,189,176,176,188,200,153,139,120,229,187,103,29,14,13,14,60931100,0,2719
"G2700710","2000","US","2","4","Minnesota","27","Koochiching","071",,,,,"0",,,,,,,,,,,,,"9999","99","9","9999","9999","9",,,,,,,,,"8035072742","134583173","Koochiching County","A","+48374678","-093660630","06",,,23.2,7790,6565,711,503,515,396,507,290,436,423,243,602,683,459,121,70,41,57,212641600,3752,3967
"G2700730","2000","US","2","4","Minnesota","27","Lac Qui Parle","073",,,,,"0",,,,,,,,,,,,,"9999","99","9","9999","9999","9",,,,,,,,,"1980991269","34155792","Lac qui Parle County","A","+44995009","-096160391","06",,,49.1,0,8067,348,301,300,283,264,303,219,194,180,306,289,183,70,25,19,31,100916800,0,3774
"G2700750","2000","US","2","4","Minnesota","27","Lake","075",,,,,"0",,,,,,,,,,,,,"9999","99","9","9999","9999","9",,,,,,,,,"5436798216","2309393470","Lake County","A","+47500149","-091469111","06",,,29.2,3422,7636,353,341,336,321,279,355,319,320,249,557,591,400,148,36,32,18,161706100,1588,5252
"G2700770","2000","US","2","4","Minnesota","27","Lake Of The Woods","077",,,,,"0",,,,,,,,,,,,,"9999","99","9","9999","9999","9",,,,,,,,,"3358447805","1238921565","Lake of the Woods County","A","+48703552","-094832107","06",,,27.1,0,4522,205,159,161,124,183,169,167,147,103,118,148,147,28,18,34,2,58090300,0,3238
"G2700790","2000","US","2","4","Minnesota","27","Le Sueur","079",,,,,"0",,,,,,,,,,,,,"9999","99","9","9999","9999","9",,,,,,,,,"1161608169","65680005","Le Sueur County","A","+44360984","-093747137","06",,,40.4,9183,16243,676,506,572,591,600,613,535,598,605,1188,1270,1124,362,161,75,150,414595200,3639,7219
"G2700810","2000","US","2","4","Minnesota","27","Lincoln","081",,,,,"0",,,,,,,,,,,,,"9999","99","9","9999","9999","9",,,,,,,,,"1390901199","29548223","Lincoln County","A","+44408243","-096271957","06",,,47.0,0,6429,310,271,203,232,218,260,213,192,127,213,208,133,38,7,14,9,76145500,0,3043
"G2700830","2000","US","2","4","Minnesota","27","Lyon","083",,,,,"0",,,,,,,,,,,,,"9999","99","9","9999","9999","9",,,,,,,,,"1849701810","18872576","Lyon County","A","+44412380","-095825676","06",,,31.5,12600,12825,918,671,753,712,616,593,680,603,690,1005,1047,859,259,115,79,78,364120700,5147,5151
"G2700850","2000","US","2","4","Minnesota","27","McLeod","085",,,,,"0",,,,,,,,,,,,,"9999","99","9","9999","9999","9",,,,,,,,,"1274036610","35632897","McLeod County","A","+44834060","-094263731","06",,,31.5,18537,16361,773,725,724,929,865,858,891,799,812,1671,1963,1556,500,168,120,124,568627200,7838,6249
"G2700870","2000","US","2","4","Minnesota","27","Mahnomen","087",,,,,"0",,,,,,,,,,,,,"9999","99","9","9999","9999","9",,,,,,,,,"1440395658","69548161","Mahnomen County","A","+47319794","-095819296","06",,,45.3,0,5190,255,191,156,210,168,175,106,146,102,174,139,100,30,2,5,5,51778400,0,2700
"G2700890","2000","US","2","4","Minnesota","27","Marshall","089",,,,,"0",,,,,,,,,,,,,"9999","99","9","9999","9999","9",,,,,,,,,"4590085004","105024444","Marshall County","A","+48325872","-096477565","06",,,47.8,0,10155,444,337,322,380,275,312,290,314,254,398,414,233,83,16,20,19,121840100,0,4791
"G2700910","2000","US","2","4","Minnesota","27","Martin","091",,,,,"0",,,,,,,,,,,,,"9999","99","9","9999","9999","9",,,,,,,,,"1837194705","52344900","Martin County","A","+43676952","-094537076","06",,,30.3,10249,11553,922,660,785,712,648,834,580,520,550,1000,851,609,146,49,81,115,293176900,4748,5052
"G2700930","2000","US","2","4","Minnesota","27","Meeker","093",,,,,"0",,,,,,,,,,,,,"9999","99","9","9999","9999","9",,,,,,,,,"1576115126","94646496","Meeker County","A","+45129192","-094507823","06",,,37.8,6456,16188,763,476,530,557,606,617,629,523,499,936,1066,750,319,137,76,79,332886900,2703,7118
"G2700950","2000","US","2","4","Minnesota","27","Mille Lacs","095",,,,,"0",,,,,,,,,,,,,"9999","99","9","9999","9999","9",,,,,,,,,"1487859492","277910248","Mille Lacs County","A","+45857835","-093636826","06",,,39.8,3990,18340,880,633,647,691,611,620,554,614,511,922,853,603,269,67,92,81,299486200,1676,8791
"G2700970","2000","US","2","4","Minnesota","27","Morrison","097",,,,,"0",,,,,,,,,,,,,"9999","99","9","9999","9999","9",,,,,,,,,"2912435151","74650294","Morrison County","A","+46011103","-094345654","06",,,40.1,9152,22560,1430,766,862,853,851,822,846,743,728,1222,1223,907,272,134,76,101,416713000,3864,10006
"G2700990","2000","US","2","4","Minnesota","27","Mower","099",,,,,"0",,,,,,,,,,,,,"9999","99","9","9999","9999","9",,,,,,,,,"1842771214","543328","Mower County","A","+43659303","-092838981","06",,,28.0,23620,14983,1231,1350,1201,1256,1245,1129,1080,1021,801,1543,1595,1193,446,162,154,199,550860700,10358,5893
"G2701010","2000","US","2","4","Minnesota","27","Murray","101",,,,,"0",,,,,,,,,,,,,"9999","99","9","9999","9999","9",,,,,,,,,"1824466297","39074696","Murray County","A","+44004080","-095737563","06",,,43.3,0,9165,329,262,314,353,232,370,279,300,275,345,351,152,75,36,13,30,112600200,0,4357
"G2701030","2000","US","2","4","Minnesota","27","Nicollet","103",,,,,"0",,,,,,,,,,,,,"9999","99","9","9999","9999","9",,,,,,,,,"1171434445","37949515","Nicollet County","A","+44319600","-094136248","06",,,26.3,21440,8331,617,503,535,743,637,771,701,684,571,1243,1391,1272,445,208,199,127,500408900,8101,3139
"G2701050","2000","US","2","4","Minnesota","27","Nobles","105",,,,,"0",,,,,,,,,,,,,"9999","99","9","9999","9999","9",,,,,,,,,"1852841629","17971993","Nobles County","A","+43659900","-095723933","06",,,32.4,11154,9678,849,608,582,646,660,554,499,606,499,743,739,577,166,88,55,90,269221700,4526,3939
"G2701070","2000","US","2","4","Minnesota","27","Norman","107",,,,,"0",,,,,,,,,,,,,"9999","99","9","9999","9999","9",,,,,,,,,"2269528709","1424031","Norman County","A","+47314118","-096531693","06",,,45.9,0,7442,390,256,227,247,254,237,212,211,189,291,215,170,60,18,16,18,85470400,0,3455
"G2701090","2000","US","2","4","Minnesota","27","Olmsted","109",,,,,"0",,,,,,,,,,,,,"6820","99","N","9999","9999","9",,,,,,,,,"1691289144","3864463","Olmsted County","A","+44007477","-092442548","06",,,18.7,100172,24105,2580,2190,2267,2500,2718,2768,2857,2603,2513,5079,6283,6305,3006,1438,1390,1397,2589862900,40659,8763
"G2701110","2000","US","2","4","Minnesota","27","Otter Tail","111",,,,,"0",,,,,,,,,,,,,"9999","99","9","9999","9999","9",,,,,,,,,"5127422301","635074817","Otter Tail County","A","+46405151","-095737156","06",,,38.8,13060,44099,2401,1821,1631,1916,1677,1752,1625,1456,1263,2268,1985,1629,547,231,218,242,742197300,5766,28096
"G2701130","2000","US","2","4","Minnesota","27","Pennington","113",,,,,"0",,,,,,,,,,,,,"9999","99","9","9999","9999","9",,,,,,,,,"1596835117","4668555","Pennington County","A","+48088115","-096079368","06",,,31.6,9164,4420,598,418,530,517,378,362,365,324,280,580,555,370,81,44,66,37,184411200,4225,1808
"G2701150","2000","US","2","4","Minnesota","27","Pine","115",,,,,"0",,,,,,,,,,,,,"9999","99","9","9999","9999","9",,,,,,,,,"3654584453","60922040","Pine County","A","+46098412","-092834830","06",,,40.9,3018,23512,973,682,765,825,690,684,609,706,568,975,1166,747,284,94,76,64,351459300,1303,14050
"G2701170","2000","US","2","4","Minnesota","27","Pipestone","117",,,,,"0",,,,,,,,,,,,,"9999","99","9","9999","9999","9",,,,,,,,,"1206638778","671275","Pipestone County","A","+44006189","-096254835","06",,,36.8,4149,5746,405,402,362,384,362,310,289,275,224,373,341,211,65,26,25,28,119853200,2026,2408
"G2701190","2000","US","2","4","Minnesota","27","Polk","119",,,,,"0",,,,,,,,,,,,,"2985","99","N","9999","9999","9",,,,,,,,,"5103237779","71062834","Polk County","A","+47770373","-096408371","06",,,32.1,15385,15984,1250,1054,918,967,931,888,825,733,670,1149,1201,804,320,127,103,113,398557900,6345,7663
"G2701210","2000","US","2","4","Minnesota","27","Pope","121",,,,,"0",,,,,,,,,,,,,"9999","99","9","9999","9999","9",,,,,,,,,"1735644816","122120574","Pope County","A","+45592633","-095447319","06",,,42.5,0,11236,463,384,329,348,342,355,338,314,274,451,413,273,97,25,59,55,152058600,0,5827
"G2701230","2000","US","2","4","Minnesota","27","Ramsey","123",,,,,"0",,,,,,,,,,,,,"5120","99","N","9999","9999","9",,,,,,,,,"403460947","37182419","Ramsey County","A","+44990915","-093106593","06",,,14.2,510270,765,14621,11267,11198,12169,12906,13596,12094,11239,10130,19775,22900,23117,11589,5680,4788,4310,9822342700,206195,253
"G2701250","2000","US","2","4","Minnesota","27","Red Lake","125",,,,,"0",,,,,,,,,,,,,"9999","99","9","9999","9999","9",,,,,,,,,"1119991223","211320","Red Lake County","A","+47866703","-096084145","06",,,48.3,0,4299,222,156,131,141,150,108,118,139,99,157,148,95,24,10,12,0,50694200,0,1883
"G2701270","2000","US","2","4","Minnesota","27","Redwood","127",,,,,"0",,,,,,,,,,,,,"9999","99","9","9999","9999","9",,,,,,,,,"2278479819","3916517","Redwood County","A","+44411100","-095237056","06",,,38.4,5209,11606,546,447,544,479,598,484,487,429,376,664,756,561,150,62,64,57,228964400,2279,4951
"G2701290","2000","US","2","4","Minnesota","27","Renville","129",,,,,"0",,,,,,,,,,,,,"9999","99","9","9999","9999","9",,,,,,,,,"2545749900","11135364","Renville County","A","+44723882","-094925286","06",,,45.1,0,17154,515,419,499,530,556,549,505,499,433,797,667,483,150,67,40,50,221706100,0,7413
"G2701310","2000","US","2","4","Minnesota","27","Rice","131",,,,,"0",,,,,,,,,,,,,"9999","99","9","9999","9999","9",,,,,,,,,"1288697315","48062967","Rice County","A","+44348087","-093283024","06",,,27.1,39028,17637,1167,990,889,980,1138,1239,1166,1103,1068,2270,2740,2327,974,370,225,276,916004600,13164,6897
"G2701330","2000","US","2","4","Minnesota","27","Rock","133",,,,,"0",,,,,,,,,,,,,"9999","99","9","9999","9999","9",,,,,,,,,"1249952815","604756","Rock County","A","+43667243","-096242131","06",,,35.1,4494,5227,335,339,258,260,290,273,270,319,252,456,337,291,73,44,32,19,123670900,2076,2061
"G2701350","2000","US","2","4","Minnesota","27","Roseau","135",,,,,"0",,,,,,,,,,,,,"9999","99","9","9999","9999","9",,,,,,,,,"4305891965","40973145","Roseau County","A","+48782961","-095778139","06",,,43.6,2699,13639,506,365,287,484,538,506,426,429,501,766,691,437,135,47,43,43,231632100,1211,5890
"G2701370","2000","US","2","4","Minnesota","27","St Louis","137",,,,,"0",,,,,,,,,,,,,"2240","99","N","9999","9999","9",,,,,,,,,"16123100792","1643989607","St. Louis County","A","+47369145","-092404547","06",,,22.7,127176,73352,9088,6889,6233,6247,5863,5600,5001,5231,4211,7743,8573,7006,2508,1063,706,758,2881790400,56642,39158
"G2701390","2000","US","2","4","Minnesota","27","Scott","139",,,,,"0",,,,,,,,,,,,,"5120","99","N","9999","9999","9",,,,,,,,,"923785607","30777540","Scott County","A","+44696343","-093510829","06",,,18.0,65036,24462,967,731,807,1022,1016,1346,1166,1439,1425,3051,4964,6281,3321,1298,1089,791,2113866700,23137,8472
"G2701410","2000","US","2","4","Minnesota","27","Sherburne","141",,,,,"0",,,,,,,,,,,,,"5120","99","N","9999","9999","9",,,,,,,,,"1130013623","38061083","Sherburne County","A","+45423675","-093768027","06",,,19.2,28087,36330,697,809,751,831,945,1180,1090,1145,1399,2738,3768,3758,1405,507,296,306,1222907100,10136,12691
"G2701430","2000","US","2","4","Minnesota","27","Sibley","143",,,,,"0",,,,,,,,,,,,,"9999","99","9","9999","9999","9",,,,,,,,,"1524594219","30461597","Sibley County","A","+44574044","-094220375","06",,,45.1,0,15356,449,367,417,397,385,405,346,418,419,651,771,457,150,56,71,39,214583100,0,6024
"G2701450","2000","US","2","4","Minnesota","27","Stearns","145",,,,,"0",,,,,,,,,,,,,"6980","99","N","9999","9999","9",,,,,,,,,"3482282738","117607351","Stearns County","A","+45540863","-094495886","06",,,25.8,75041,58125,3323,3004,3004,3178,3206,3220,3200,3001,3060,4734,5842,4715,1903,888,643,706,2118918800,28652,21639
"G2701470","2000","US","2","4","Minnesota","27","Steele","147",,,,,"0",,,,,,,,,,,,,"9999","99","9","9999","9999","9",,,,,,,,,"1112525378","6774348","Steele County","A","+44029614","-093216018","06",,,28.7,22295,11385,753,619,629,901,757,801,907,857,826,1586,1821,1336,556,223,122,124,559724100,8876,4430
"G2701490","2000","US","2","4","Minnesota","27","Stevens","149",,,,,"0",,,,,,,,,,,,,"9999","99","9","9999","9999","9",,,,,,,,,"1455738964","34113610","Stevens County","A","+45579283","-095981268","06",,,33.3,4861,5192,515,326,267,191,172,262,296,272,193,378,425,247,94,52,27,50,127854700,1923,2151
"G2701510","2000","US","2","4","Minnesota","27","Swift","151",,,,,"0",,,,,,,,,,,,,"9999","99","9","9999","9999","9",,,,,,,,,"1925733496","22847128","Swift County","A","+45276989","-095674223","06",,,36.2,6262,5694,478,321,309,362,382,344,273,313,281,482,423,234,76,36,19,35,146275000,2394,2427
"G2701530","2000","US","2","4","Minnesota","27","Todd","153",,,,,"0",,,,,,,,,,,,,"9999","99","9","9999","9999","9",,,,,,,,,"2439817277","96659676","Todd County","A","+46082400","-094883360","06",,,42.1,5290,19136,1116,881,732,777,775,739,680,591,547,832,756,537,194,76,71,59,293634300,2404,9496
"G2701550","2000","US","2","4","Minnesota","27","Traverse","155",,,,,"0",,,,,,,,,,,,,"9999","99","9","9999","9999","9",,,,,,,,,"1486880905","30743811","Traverse County","A","+45766649","-096500058","06",,,49.0,0,4134,219,191,146,149,135,127,94,146,103,123,126,70,36,17,19,19,44141100,0,2199
"G2701570","2000","US","2","4","Minnesota","27","Wabasha","157",,,,,"0",,,,,,,,,,,,,"9999","99","9","9999","9999","9",,,,,,,,,"1359765254","64284463","Wabasha County","A","+44294912","-092215112","06",,,38.0,7485,14125,531,528,492,540,581,588,589,545,524,949,991,853,256,116,88,96,339158800,3173,5893
"G2701590","2000","US","2","4","Minnesota","27","Wadena","159",,,,,"0",,,,,,,,,,,,,"9999","99","9","9999","9999","9",,,,,,,,,"1385686467","20668013","Wadena County","A","+46543768","-095003269","06",,,36.3,4501,9212,870,464,515,457,333,416,355,349,307,455,385,317,71,29,25,56,151009600,2008,4326
"G2701610","2000","US","2","4","Minnesota","27","Waseca","161",,,,,"0",,,,,,,,,,,,,"9999","99","9","9999","9999","9",,,,,,,,,"1096214300","24755374","Waseca County","A","+44026702","-093577277","06",,,33.3,9792,9734,421,429,402,521,528,545,459,428,457,874,910,665,192,100,77,47,295142900,3663,3764
"G2701630","2000","US","2","4","Minnesota","27","Washington","163",,,,,"0",,,,,,,,,,,,,"5120","99","N","9999","9999","9",,,,,,,,,"1014508130","81479105","Washington County","A","+44999023","-092909398","06",,,16.7,165013,36117,1684,1789,2085,2364,2748,3431,3025,3549,3340,7292,10260,13412,7161,3921,2786,2649,4941829100,61036,12599
"G2701650","2000","US","2","4","Minnesota","27","Watonwan","165",,,,,"0",,,,,,,,,,,,,"9999","99","9","9999","9999","9",,,,,,,,,"1125386061","13993968","Watonwan County","A","+43984607","-094610969","06",,,33.4,4658,7218,405,313,357,376,397,423,348,334,275,488,438,297,82,38,11,32,142546100,1987,3049
"G2701670","2000","US","2","4","Minnesota","27","Wilkin","167",,,,,"0",,,,,,,,,,,,,"9999","99","9","9999","9999","9",,,,,,,,,"1946197091","505867","Wilkin County","A","+46323696","-096478321","06",,,34.4,3537,3601,242,167,239,161,255,184,198,164,210,283,311,203,69,25,27,6,91527000,1569,1536
"G2701690","2000","US","2","4","Minnesota","27","Winona","169",,,,,"0",,,,,,,,,,,,,"9999","99","9","9999","9999","9",,,,,,,,,"1622118131","39597458","Winona County","A","+44008825","-091741907","06",,,27.7,32311,17674,1724,1396,1276,1336,1419,1351,1150,1194,1064,1877,2067,1723,554,242,180,200,723044200,12857,6694
"G2701710","2000","US","2","4","Minnesota","27","Wright","171",,,,,"0",,,,,,,,,,,,,"5120","99","N","9999","9999","9",,,,,,,,,"1711345644","138913443","Wright County","A","+45188927","-093915814","06",,,26.5,41968,48018,1330,1242,1281,1394,1558,1875,1686,1893,1795,3712,4945,4712,2240,703,599,450,1703882800,15391,18964
"G2701730","2000","US","2","4","Minnesota","27","Yellow Medicine","173",,,,,"0",,,,,,,,,,,,,"9999","99","9","9999","9999","9",,,,,,,,,"1963095467","14069397","Yellow Medicine County","A","+44715391","-095826886","06",,,38.5,2005,9075,511,339,346,381,315,370,338,283,256,424,465,243,66,49,17,38,134801700,952,3921
"G2800010","2000","US","3","6","Mississippi","28","Adams","001",,,,,"0",,,,,,,,,,,,,"9999","99","9","9999","9999","9",,,,,,,,,"1192070645","67301035","Adams County","A","+31535545","-091354348","06",,,14.8,23557,10783,2928,1480,1183,1199,1026,1015,666,692,470,863,722,761,246,78,109,255,392854900,10484,4691
"G2800030","2000","US","3","6","Mississippi","28","Alcorn","003",,,,,"0",,,,,,,,,,,,,"9999","99","9","9999","9999","9",,,,,,,,,"1035717243","3786129","Alcorn County","A","+34905759","-088539083","06",,,35.0,11796,22762,2543,1429,1212,1033,1047,972,958,756,651,1167,1080,753,306,74,52,145,414448000,5857,9961
"G2800050","2000","US","3","6","Mississippi","28","Amite","005",,,,,"0",,,,,,,,,,,,,"9999","99","9","9999","9999","9",,,,,,,,,"1889654265","5289854","Amite County","A","+31189277","-090838531","06",,,22.4,0,13599,1008,605,523,433,403,475,271,299,178,347,282,280,94,21,33,38,142892900,0,6446
"G2800070","2000","US","3","6","Mississippi","28","Attala","007",,,,,"0",,,,,,,,,,,,,"9999","99","9","9999","9999","9",,,,,,,,,"1903968664","5109637","Attala County","A","+33075866","-089572883","06",,,16.9,7002,12659,1424,860,847,678,583,520,383,329,418,436,513,243,193,37,36,65,189058300,3051,5588
"G2800090","2000","US","3","6","Mississippi","28","Benton","009",,,,,"0",,,,,,,,,,,,,"9999","99","9","9999","9999","9",,,,,,,,,"1053579121","4813918","Benton County","A","+34792073","-089177445","06",,,22.7,0,8026,636,326,330,256,213,232,175,195,105,179,186,93,72,0,9,10,73891400,0,3456
"G2800110","2000","US","3","6","Mississippi","28","Bolivar","011",,,,,"0",,,,,,,,,,,,,"9999","99","9","9999","9999","9",,,,,,,,,"2269566106","76332594","Bolivar County","A","+33803284","-090830139","06",,,25.3,23478,17155,3302,1533,1217,1140,1037,715,673,788,445,803,815,733,239,105,112,131,382323500,8470,6469
"G2800130","2000","US","3","6","Mississippi","28","Calhoun","013",,,,,"0",,,,,,,,,,,,,"9999","99","9","9999","9999","9",,,,,,,,,"1519125834","3708838","Calhoun County","A","+33913502","-089324200","06",,,29.2,2690,12379,1092,675,633,431,409,389,384,317,327,453,405,251,106,47,47,29,170241500,1130,5772
"G2800150","2000","US","3","6","Mississippi","28","Carroll","015",,,,,"0",,,,,,,,,,,,,"9999","99","9","9999","9999","9",,,,,,,,,"1625822071","17641125","Carroll County","A","+33459816","-089907136","06",,,20.5,0,10769,732,358,392,324,294,255,207,257,201,219,401,209,76,47,41,55,137384700,0,4888
"G2800170","2000","US","3","6","Mississippi","28","Chickasaw","017",,,,,"0",,,,,,,,,,,,,"9999","99","9","9999","9999","9",,,,,,,,,"1299028121","7012569","Chickasaw County","A","+33934340","-088937882","06",,,15.0,3225,16215,1314,812,683,657,480,568,512,399,330,573,389,353,79,52,9,58,208808100,1408,6573
"G2800190","2000","US","3","6","Mississippi","28","Choctaw","019",,,,,"0",,,,,,,,,,,,,"9999","99","9","9999","9999","9",,,,,,,,,"1085464850","1842954","Choctaw County","A","+33343519","-089257179","06",,,25.8,0,9758,665,436,370,231,318,336,234,222,186,225,175,123,73,29,32,27,92981700,0,4249
"G2800210","2000","US","3","6","Mississippi","28","Claiborne","021",,,,,"0",,,,,,,,,,,,,"9999","99","9","9999","9999","9",,,,,,,,,"1260721976","37790312","Claiborne County","A","+31963371","-090921014","06",,,21.3,2996,8835,980,390,310,288,215,303,187,160,123,179,186,177,98,52,3,35,99024000,1210,3042
"G2800230","2000","US","3","6","Mississippi","28","Clarke","023",,,,,"0",,,,,,,,,,,,,"9999","99","9","9999","9999","9",,,,,,,,,"1790373368","5552878","Clarke County","A","+32056730","-088725147","06",,,23.5,0,17955,1418,661,582,648,468,493,442,344,319,447,549,386,91,52,23,48,195606000,0,8100
"G2800250","2000","US","3","6","Mississippi","28","Clay","025",,,,,"0",,,,,,,,,,,,,"9999","99","9","9999","9999","9",,,,,,,,,"1058165124","19322346","Clay County","A","+33629550","-088722699","06",,,15.1,9500,12479,1661,717,692,633,618,464,489,396,293,666,659,387,266,72,80,74,248751500,3732,5078
"G2800270","2000","US","3","6","Mississippi","28","Coahoma","027",,,,,"0",,,,,,,,,,,,,"9999","99","9","9999","9999","9",,,,,,,,,"1435246940","75077952","Coahoma County","A","+34248220","-090574240","06",,,24.9,20788,9834,2707,1161,997,815,715,654,485,358,390,724,527,505,261,75,83,124,290263600,7811,3679
"G2800290","2000","US","3","6","Mississippi","28","Copiah","029",,,,,"0",,,,,,,,,,,,,"9999","99","9","9999","9999","9",,,,,,,,,"2011389312","7204911","Copiah County","A","+31866098","-090404131","06",,,15.5,11818,16939,1942,1124,949,825,796,720,609,454,422,675,692,626,209,76,42,35,280529800,4580,6521
"G2800310","2000","US","3","6","Mississippi","28","Covington","031",,,,,"0",,,,,,,,,,,,,"9999","99","9","9999","9999","9",,,,,,,,,"1071711523","2968480","Covington County","A","+31637664","-089549473","06",,,17.7,0,19407,1339,729,663,625,594,558,462,269,276,536,432,326,115,45,36,129,208969300,0,8083
"G2800330","2000","US","3","6","Mississippi","28","Desoto","033",,,,,"0",,,,,,,,,,,,,"4920","99","N","9999","9999","9",,,,,,,,,"1237658020","48969960","DeSoto County","A","+34904345","-089992068","06",,,12.3,72428,34771,2246,1640,1870,1956,2302,2498,2748,2517,2366,4226,5600,5354,1751,621,646,480,1868507800,28080,12715
"G2800350","2000","US","3","6","Mississippi","28","Forrest","035",,,,,"0",,,,,,,,,,,,,"3285","99","N","9999","9999","9",,,,,,,,,"1208428793","9306218","Forrest County","A","+31263019","-089276207","06",,,12.6,48452,24152,4850,2906,2675,2014,2035,1915,1591,1506,1097,1833,1971,1376,666,341,136,313,845509300,20701,9212
"G2800370","2000","US","3","6","Mississippi","28","Franklin","037",,,,,"0",,,,,,,,,,,,,"9999","99","9","9999","9999","9",,,,,,,,,"1462295484","5549555","Franklin County","A","+31475548","-090899390","06",,,23.7,0,8448,702,312,314,292,226,216,186,140,124,312,184,125,30,28,7,30,80813700,0,4119
"G2800390","2000","US","3","6","Mississippi","28","George","039",,,,,"0",,,,,,,,,,,,,"9999","99","9","9999","9999","9",,,,,,,,,"1238770707","13829482","George County","A","+30864663","-088624823","06",,,13.2,0,19144,1014,475,432,521,404,555,484,431,386,675,585,514,134,69,57,17,219646700,0,7513
"G2800410","2000","US","3","6","Mississippi","28","Greene","041",,,,,"0",,,,,,,,,,,,,"9999","99","9","9999","9999","9",,,,,,,,,"1846191653","15200286","Greene County","A","+31217053","-088639653","06",,,39.9,0,13299,683,485,398,290,308,372,261,250,172,293,289,211,63,22,18,28,122922700,0,4947
"G2800430","2000","US","3","6","Mississippi","28","Grenada","043",,,,,"0",,,,,,,,,,,,,"9999","99","9","9999","9999","9",,,,,,,,,"1092436773","71443874","Grenada County","A","+33775041","-089803446","06",,,14.6,12956,10307,1609,865,672,807,712,675,545,460,353,619,695,425,198,46,63,53,255831200,5439,4534
"G2800450","2000","US","3","6","Mississippi","28","Hancock","045",,,,,"0",,,,,,,,,,,,,"0920","99","N","9999","9999","9",,,,,,,,,"1235105235","195932047","Hancock County","A","+30358127","-089462457","06",,,11.6,26411,16556,2227,1372,1166,1061,1332,1234,1273,1153,890,1522,1299,1365,426,167,166,239,560605000,13400,7672
"G2800470","2000","US","3","6","Mississippi","28","Harrison","047",,,,,"0",,,,,,,,,,,,,"0920","99","N","9999","9999","9",,,,,,,,,"1504734433","1023487219","Harrison County","A","+30427896","-089079536","06",,,12.6,148595,41006,8000,5265,5156,5839,5442,5409,4972,4332,3788,6393,6639,5755,2161,840,692,935,2666592400,63959,15677
"G2800490","2000","US","3","6","Mississippi","28","Hinds","049",,,,,"0",,,,,,,,,,,,,"3560","99","N","9999","9999","9",,,,,,,,,"2251177952","21139090","Hinds County","A","+32294333","-090305374","06",,,14.2,212708,38092,13370,7139,6835,6763,6489,5976,5482,5356,4118,7373,8146,6998,2824,1145,1134,1925,3566957700,86571,13716
"G2800510","2000","US","3","6","Mississippi","28","Holmes","051",,,,,"0",,,,,,,,,,,,,"9999","99","9","9999","9999","9",,,,,,,,,"1958030490","21187799","Holmes County","A","+33108092","-090054764","06",,,28.2,5836,15773,2415,918,649,568,503,394,328,307,235,280,298,232,90,44,33,80,167108100,2328,6111
"G2800530","2000","US","3","6","Mississippi","28","Humphreys","053",,,,,"0",,,,,,,,,,,,,"9999","99","9","9999","9999","9",,,,,,,,,"1082845849","33855947","Humphreys County","A","+33128677","-090533467","06",,,21.1,6057,5149,970,534,350,316,310,226,154,165,102,174,242,148,43,4,24,27,91589600,2050,2088
"G2800550","2000","US","3","6","Mississippi","28","Issaquena","055",,,,,"0",,,,,,,,,,,,,"9999","99","9","9999","9999","9",,,,,,,,,"1069828803","73297767","Issaquena County","A","+32791494","-090989754","06",,,42.9,0,2274,197,77,94,68,50,40,29,19,19,50,30,37,3,5,13,2,19387700,0,877
"G2800570","2000","US","3","6","Mississippi","28","Itawamba","057",,,,,"0",,,,,,,,,,,,,"9999","99","9","9999","9999","9",,,,,,,,,"1378668967","21009281","Itawamba County","A","+34277717","-088372761","06",,,18.6,2749,20021,1418,643,782,687,698,718,576,572,477,706,621,539,163,67,90,42,271991800,1068,8736
"G2800590","2000","US","3","6","Mississippi","28","Jackson","059",,,,,"0",,,,,,,,,,,,,"0920","99","N","9999","9999","9",,,,,,,,,"1882664931","819471367","Jackson County","A","+30455709","-088633143","06",,,12.9,88959,42461,5033,2804,2845,3314,3495,3685,3232,2990,2632,4685,5347,4161,1870,657,567,436,1852032300,36031,15647
"G2800610","2000","US","3","6","Mississippi","28","Jasper","061",,,,,"0",,,,,,,,,,,,,"9999","99","9","9999","9999","9",,,,,,,,,"1750844450","3722581","Jasper County","A","+31998764","-089145831","06",,,23.0,0,18149,1391,735,635,653,512,435,400,348,293,457,392,228,120,36,30,45,177504100,0,7671
"G2800630","2000","US","3","6","Mississippi","28","Jefferson","063",,,,,"0",,,,,,,,,,,,,"9999","99","9","9999","9999","9",,,,,,,,,"1345206514","20216072","Jefferson County","A","+31739326","-091046970","06",,,21.9,2775,6965,978,395,397,201,196,234,144,148,133,171,103,133,36,0,15,5,73006300,882,2937
"G2800650","2000","US","3","6","Mississippi","28","Jefferson Davis","065",,,,,"0",,,,,,,,,,,,,"9999","99","9","9999","9999","9",,,,,,,,,"1057768074","1801783","Jefferson Davis County","A","+31577201","-089818818","06",,,27.6,0,13962,1177,649,564,476,372,281,282,285,168,290,261,214,60,31,41,34,122097400,0,5891
"G2800670","2000","US","3","6","Mississippi","28","Jones","067",,,,,"0",,,,,,,,,,,,,"9999","99","9","9999","9999","9",,,,,,,,,"1796973790","15315933","Jones County","A","+31652274","-089173780","06",,,14.3,26153,38805,3587,2396,2043,2362,2204,1667,1653,1340,1018,1812,1667,1347,512,183,210,262,736868200,10809,16112
"G2800690","2000","US","3","6","Mississippi","28","Kemper","069",,,,,"0",,,,,,,,,,,,,"9999","99","9","9999","9999","9",,,,,,,,,"1984276268","2247467","Kemper County","A","+32752680","-088651909","06",,,22.0,0,10453,899,418,350,335,305,231,312,191,185,221,196,114,86,32,9,23,93552400,0,4533
"G2800710","2000","US","3","6","Mississippi","28","Lafayette","071",,,,,"0",,,,,,,,,,,,,"9999","99","9","9999","9999","9",,,,,,,,,"1634576965","124767583","Lafayette County","A","+34354615","-089512229","06",,,13.5,19665,19079,2760,1327,1366,1089,898,878,740,561,624,1071,1204,989,389,157,129,208,514755300,7839,8748
"G2800730","2000","US","3","6","Mississippi","28","Lamar","073",,,,,"0",,,,,,,,,,,,,"3285","99","N","9999","9999","9",,,,,,,,,"1287397446","8859751","Lamar County","A","+31202475","-089474196","06",,,17.1,12664,26406,1529,920,1092,1168,944,1018,896,782,726,1320,1339,1271,531,228,255,339,602539400,5240,10193
"G2800750","2000","US","3","6","Mississippi","28","Lauderdale","075",,,,,"0",,,,,,,,,,,,,"9999","99","9","9999","9999","9",,,,,,,,,"1822081264","30477620","Lauderdale County","A","+32400078","-088678186","06",,,12.5,40738,37423,5437,2623,2641,1991,1900,2295,1603,1587,1524,2113,2634,1921,876,284,256,351,993555100,18250,15168
"G2800770","2000","US","3","6","Mississippi","28","Lawrence","077",,,,,"0",,,,,,,,,,,,,"9999","99","9","9999","9999","9",,,,,,,,,"1115321358","13226346","Lawrence County","A","+31552943","-090097419","06",,,22.7,0,13258,958,550,411,334,374,284,274,194,290,419,411,409,78,34,22,29,148082600,0,5688
"G2800790","2000","US","3","6","Mississippi","28","Leake","079",,,,,"0",,,,,,,,,,,,,"9999","99","9","9999","9999","9",,,,,,,,,"1509204387","6954008","Leake County","A","+32731300","-089525219","06",,,15.8,3875,17065,1528,675,658,706,564,526,574,418,344,498,466,352,175,65,20,55,218819700,1314,7271
"G2800810","2000","US","3","6","Mississippi","28","Lee","081",,,,,"0",,,,,,,,,,,,,"9999","99","9","9999","9999","9",,,,,,,,,"1164430094","9205378","Lee County","A","+34276904","-088682514","06",,,17.6,40758,34997,3547,2052,2102,1983,2353,2032,2000,1681,1513,2687,2764,2460,814,410,293,525,1184664200,17400,14487
"G2800830","2000","US","3","6","Mississippi","28","Leflore","083",,,,,"0",,,,,,,,,,,,,"9999","99","9","9999","9999","9",,,,,,,,,"1533085074","37357012","Leflore County","A","+33564765","-090266224","06",,,16.9,29849,8098,3328,1537,1230,1037,953,781,632,394,440,758,613,596,302,145,85,152,366812700,11352,2745
"G2800850","2000","US","3","6","Mississippi","28","Lincoln","085",,,,,"0",,,,,,,,,,,,,"9999","99","9","9999","9999","9",,,,,,,,,"1516969745","6388993","Lincoln County","A","+31539980","-090447108","06",,,13.5,11937,21229,2098,1256,1236,1096,986,889,703,638,595,891,796,683,372,157,67,54,359482600,5158,8894
"G2800870","2000","US","3","6","Mississippi","28","Lowndes","087",,,,,"0",,,,,,,,,,,,,"9999","99","9","9999","9999","9",,,,,,,,,"1300941059","36652563","Lowndes County","A","+33508233","-088422328","06",,,14.1,37143,24443,3911,1975,1639,1423,1658,1723,1241,1444,1147,1577,1894,1725,697,238,300,259,796436300,15151,9953
"G2800890","2000","US","3","6","Mississippi","28","Madison","089",,,,,"0",,,,,,,,,,,,,"3560","99","N","9999","9999","9",,,,,,,,,"1857307939","64378471","Madison County","A","+32570561","-090083988","06",,,12.8,49785,24889,2576,1334,1325,1648,1562,1670,1606,1344,1326,2304,3063,3059,1789,987,871,837,1497724500,19985,8796
"G2800910","2000","US","3","6","Mississippi","28","Marion","091",,,,,"0",,,,,,,,,,,,,"9999","99","9","9999","9999","9",,,,,,,,,"1404661267","16152148","Marion County","A","+31240902","-089823725","06",,,14.9,7925,17670,1877,1072,1093,696,744,584,562,506,316,629,547,434,126,78,67,40,244457100,3132,7263
"G2800930","2000","US","3","6","Mississippi","28","Marshall","093",,,,,"0",,,,,,,,,,,,,"9999","99","9","9999","9999","9",,,,,,,,,"1829376626","8996063","Marshall County","A","+34771173","-089494835","06",,,17.5,6719,28274,2223,1104,908,1076,964,716,841,666,602,1065,850,553,226,103,134,108,397179000,2072,11180
"G2800950","2000","US","3","6","Mississippi","28","Monroe","095",,,,,"0",,,,,,,,,,,,,"9999","99","9","9999","9999","9",,,,,,,,,"1979200505","20376807","Monroe County","A","+33899309","-088500821","06",,,16.3,13278,24736,2587,1275,1072,1049,1242,1111,931,934,718,1225,1242,739,252,77,87,60,426295700,5751,10485
"G2800970","2000","US","3","6","Mississippi","28","Montgomery","097",,,,,"0",,,,,,,,,,,,,"9999","99","9","9999","9999","9",,,,,,,,,"1053724940","2633886","Montgomery County","A","+33480389","-089651425","06",,,18.7,4791,7398,956,567,445,368,258,417,323,240,260,180,322,156,91,69,21,34,125467500,1967,3435
"G2800990","2000","US","3","6","Mississippi","28","Neshoba","099",,,,,"0",,,,,,,,,,,,,"9999","99","9","9999","9999","9",,,,,,,,,"1476288200","4258230","Neshoba County","A","+32747316","-089129960","06",,,14.3,6603,22081,1999,1005,946,820,813,768,631,602,487,892,733,488,231,89,63,123,322450200,2970,9010
"G2801010","2000","US","3","6","Mississippi","28","Newton","101",,,,,"0",,,,,,,,,,,,,"9999","99","9","9999","9999","9",,,,,,,,,"1497097396","4005749","Newton County","A","+32405252","-089118310","06",,,22.3,3331,18507,1350,874,662,681,652,581,498,420,375,728,667,419,115,78,32,54,235742900,1416,7843
"G2801030","2000","US","3","6","Mississippi","28","Noxubee","103",,,,,"0",,,,,,,,,,,,,"9999","99","9","9999","9999","9",,,,,,,,,"1799492506","13620129","Noxubee County","A","+33115598","-088581593","06",,,23.2,3021,9527,1147,530,353,347,318,305,272,181,192,255,211,148,113,24,21,55,112298900,1269,3959
"G2801050","2000","US","3","6","Mississippi","28","Oktibbeha","105",,,,,"0",,,,,,,,,,,,,"9999","99","9","9999","9999","9",,,,,,,,,"1185463558","10860232","Oktibbeha County","A","+33439846","-088862340","06",,,13.2,26073,16829,3546,1724,1511,1249,904,878,776,736,666,771,1061,1054,616,236,123,163,502004700,10349,6995
"G2801070","2000","US","3","6","Mississippi","28","Panola","107",,,,,"0",,,,,,,,,,,,,"9999","99","9","9999","9999","9",,,,,,,,,"1772061994","54228381","Panola County","A","+34364489","-089962225","06",,,18.7,9425,24849,2487,1224,992,1108,807,724,793,743,604,922,735,540,304,74,84,108,349115400,3574,10162
"G2801090","2000","US","3","6","Mississippi","28","Pearl River","109",,,,,"0",,,,,,,,,,,,,"9999","99","9","9999","9999","9",,,,,,,,,"2101334544","19691819","Pearl River County","A","+30716802","-089605044","06",,,13.9,14754,33867,2578,1667,1654,1449,1430,1209,1216,991,849,1615,1481,991,488,152,169,163,562626700,6376,14234
"G2801110","2000","US","3","6","Mississippi","28","Perry","111",,,,,"0",,,,,,,,,,,,,"9999","99","9","9999","9999","9",,,,,,,,,"1676181841","7827251","Perry County","A","+31214610","-088990953","06",,,20.0,0,12138,857,427,380,388,298,363,288,229,246,319,346,167,73,26,5,16,124240500,0,5107
"G2801130","2000","US","3","6","Mississippi","28","Pike","113",,,,,"0",,,,,,,,,,,,,"9999","99","9","9999","9999","9",,,,,,,,,"1059017229","4908022","Pike County","A","+31200988","-090433906","06",,,16.9,18518,20422,3002,1772,1444,1298,1122,975,722,759,609,912,837,666,276,102,128,194,412135000,8169,8551
"G2801150","2000","US","3","6","Mississippi","28","Pontotoc","115",,,,,"0",,,,,,,,,,,,,"9999","99","9","9999","9999","9",,,,,,,,,"1288135081","9435479","Pontotoc County","A","+34247321","-089015613","06",,,19.1,4281,22445,1506,711,728,938,764,802,573,758,488,1039,772,619,171,88,72,100,340122600,1873,8943
"G2801170","2000","US","3","6","Mississippi","28","Prentiss","117",,,,,"0",,,,,,,,,,,,,"9999","99","9","9999","9999","9",,,,,,,,,"1074654719","8587710","Prentiss County","A","+34617939","-088530079","06",,,17.4,6115,19441,1713,819,964,824,815,675,741,572,508,725,613,458,256,51,29,62,279470900,2509,8172
"G2801190","2000","US","3","6","Mississippi","28","Quitman","119",,,,,"0",,,,,,,,,,,,,"9999","99","9","9999","9999","9",,,,,,,,,"1048526519","4287253","Quitman County","A","+34260657","-090267437","06",,,47.1,3728,6389,940,454,352,297,225,229,195,147,159,223,127,142,36,11,21,23,81313600,1413,2510
"G2801210","2000","US","3","6","Mississippi","28","Rankin","121",,,,,"0",,,,,,,,,,,,,"3560","99","N","9999","9999","9",,,,,,,,,"2005987647","81771532","Rankin County","A","+32265894","-089998890","06",,,14.8,69204,46123,3145,2220,2164,2882,2505,2864,2695,2625,2303,4384,5271,4709,2189,908,684,607,1996572500,27226,17844
"G2801230","2000","US","3","6","Mississippi","28","Scott","123",,,,,"0",,,,,,,,,,,,,"9999","99","9","9999","9999","9",,,,,,,,,"1577517758","3369823","Scott County","A","+32392083","-089517949","06",,,19.3,8282,20141,1850,1068,878,1004,782,721,546,625,453,704,750,459,132,48,76,130,307468400,3182,7934
"G2801250","2000","US","3","6","Mississippi","28","Sharkey","125",,,,,"0",,,,,,,,,,,,,"9999","99","9","9999","9999","9",,,,,,,,,"1107765744","18578690","Sharkey County","A","+32915089","-090837017","06",,,35.6,0,6580,507,272,225,189,123,128,106,95,92,133,137,96,40,3,8,24,57120000,0,2416
"G2801270","2000","US","3","6","Mississippi","28","Simpson","127",,,,,"0",,,,,,,,,,,,,"9999","99","9","9999","9999","9",,,,,,,,,"1524806607","4652740","Simpson County","A","+31911087","-089861628","06",,,16.0,4433,23206,1799,1143,806,771,791,774,597,593,434,774,724,531,148,83,64,71,290466500,1690,9617
"G2801290","2000","US","3","6","Mississippi","28","Smith","129",,,,,"0",,,,,,,,,,,,,"9999","99","9","9999","9999","9",,,,,,,,,"1646940031","3571926","Smith County","A","+31985054","-089518021","06",,,22.8,0,16182,949,549,465,540,440,464,391,295,396,573,473,290,113,52,36,57,194532100,0,7005
"G2801310","2000","US","3","6","Mississippi","28","Stone","131",,,,,"0",,,,,,,,,,,,,"9999","99","9","9999","9999","9",,,,,,,,,"1153491942","7006457","Stone County","A","+30796000","-089129526","06",,,13.0,2882,10740,673,490,480,383,317,251,320,239,185,438,389,312,102,78,52,38,157025900,1167,4176
"G2801330","2000","US","3","6","Mississippi","28","Sunflower","133",,,,,"0",,,,,,,,,,,,,"9999","99","9","9999","9999","9",,,,,,,,,"1796908346","34771176","Sunflower County","A","+33587683","-090583678","06",,,20.0,21773,12596,1940,991,1059,841,640,634,489,512,334,637,669,501,146,96,60,105,315158900,5891,4447
"G2801350","2000","US","3","6","Mississippi","28","Tallahatchie","135",,,,,"0",,,,,,,,,,,,,"9999","99","9","9999","9999","9",,,,,,,,,"1667749261","21131570","Tallahatchie County","A","+33944274","-090228476","06",,,23.6,3013,11890,1335,586,429,494,476,310,304,194,244,329,214,208,60,20,15,33,120245500,1225,4486
"G2801370","2000","US","3","6","Mississippi","28","Tate","137",,,,,"0",,,,,,,,,,,,,"9999","99","9","9999","9999","9",,,,,,,,,"1047595981","16755446","Tate County","A","+34644651","-089964667","06",,,15.4,7910,17460,1119,694,542,722,649,593,586,496,440,791,984,685,287,95,81,70,325127900,2741,6613
"G2801390","2000","US","3","6","Mississippi","28","Tippah","139",,,,,"0",,,,,,,,,,,,,"9999","99","9","9999","9999","9",,,,,,,,,"1185968757","5350291","Tippah County","A","+34768954","-088925834","06",,,18.0,4487,16339,1370,785,619,766,597,642,519,601,379,626,650,312,139,53,24,38,225917400,1888,6980
"G2801410","2000","US","3","6","Mississippi","28","Tishomingo","141",,,,,"0",,,,,,,,,,,,,"9999","99","9","9999","9999","9",,,,,,,,,"1098477263","52867858","Tishomingo County","A","+34728895","-088242743","06",,,21.8,0,19163,1292,882,667,664,672,683,539,470,303,566,520,361,144,73,63,60,212043700,0,9553
"G2801430","2000","US","3","6","Mississippi","28","Tunica","143",,,,,"0",,,,,,,,,,,,,"9999","99","9","9999","9999","9",,,,,,,,,"1177949335","67268272","Tunica County","A","+34672958","-090373780","06",,,21.5,3785,5442,744,388,335,241,254,192,210,97,77,232,218,154,66,8,5,40,90627000,1414,2291
"G2801450","2000","US","3","6","Mississippi","28","Union","145",,,,,"0",,,,,,,,,,,,,"9999","99","9","9999","9999","9",,,,,,,,,"1075960153","3737118","Union County","A","+34489085","-088999738","06",,,15.7,6010,19352,1393,764,767,902,711,769,544,518,613,1066,846,574,129,56,26,118,324493200,2670,8023
"G2801470","2000","US","3","6","Mississippi","28","Walthall","147",,,,,"0",,,,,,,,,,,,,"9999","99","9","9999","9999","9",,,,,,,,,"1045891461","1607359","Walthall County","A","+31136883","-090113381","06",,,16.5,0,15156,1202,651,608,459,370,353,309,280,224,304,403,225,58,39,39,48,145175400,0,6418
"G2801490","2000","US","3","6","Mississippi","28","Warren","149",,,,,"0",,,,,,,,,,,,,"9999","99","9","9999","9999","9",,,,,,,,,"1519315953","83273338","Warren County","A","+32342364","-090854800","06",,,13.0,31371,18273,2423,1641,1450,1406,1242,1213,1215,1067,803,1598,1515,1687,794,287,236,206,697106400,13495,7294
"G2801510","2000","US","3","6","Mississippi","28","Washington","151",,,,,"0",,,,,,,,,,,,,"9999","99","9","9999","9999","9",,,,,,,,,"1875115658","96530085","Washington County","A","+33354493","-090963533","06",,,15.7,52226,10751,4832,2313,1913,1728,1563,1296,1304,1051,957,1503,1367,1166,448,233,204,273,653490800,20098,4283
"G2801530","2000","US","3","6","Mississippi","28","Wayne","153",,,,,"0",,,,,,,,,,,,,"9999","99","9","9999","9999","9",,,,,,,,,"2098730646","8234910","Wayne County","A","+31649588","-088652793","06",,,15.2,4884,16332,1640,763,766,660,625,721,412,452,313,442,393,331,192,43,53,65,211571700,2210,6839
"G2801550","2000","US","3","6","Mississippi","28","Webster","155",,,,,"0",,,,,,,,,,,,,"9999","99","9","9999","9999","9",,,,,,,,,"1094250516","2200025","Webster County","A","+33586740","-089243714","06",,,22.4,0,10294,649,422,379,306,265,325,249,244,190,303,241,225,51,25,0,43,107106300,0,4344
"G2801570","2000","US","3","6","Mississippi","28","Wilkinson","157",,,,,"0",,,,,,,,,,,,,"9999","99","9","9999","9999","9",,,,,,,,,"1752656682","28364594","Wilkinson County","A","+31175595","-091266230","06",,,26.7,0,10312,1097,411,338,267,230,165,172,206,121,165,174,108,45,4,16,65,81728000,0,5106
"G2801590","2000","US","3","6","Mississippi","28","Winston","159",,,,,"0",,,,,,,,,,,,,"9999","99","9","9999","9999","9",,,,,,,,,"1572043155","8124929","Winston County","A","+33093326","-089054088","06",,,17.6,5008,15152,1402,713,622,710,497,581,475,411,362,571,504,420,142,59,29,76,217778200,2057,6415
"G2801610","2000","US","3","6","Mississippi","28","Yalobusha","161",,,,,"0",,,,,,,,,,,,,"9999","99","9","9999","9999","9",,,,,,,,,"1209835322","72210847","Yalobusha County","A","+34054653","-089727103","06",,,20.6,2529,10522,951,522,511,535,459,359,265,295,273,384,331,192,116,21,20,48,137766500,1206,5018
"G2801630","2000","US","3","6","Mississippi","28","Yazoo","163",,,,,"0",,,,,,,,,,,,,"9999","99","9","9999","9999","9",,,,,,,,,"2381447909","37917610","Yazoo County","A","+32797792","-090387941","06",,,16.5,14858,13291,2018,1063,866,655,641,557,550,417,344,504,565,651,143,51,61,78,257081100,4790,5225
"G2900010","2000","US","2","4","Missouri","29","Adair","001",,,,,"0",,,,,,,,,,,,,"9999","99","9","9999","9999","9",,,,,,,,,"1468536034","5991075","Adair County","A","+40190406","-092585788","06",,,18.5,16498,8479,1788,1169,779,839,708,685,623,399,355,576,753,443,204,115,89,120,295768800,7123,3703
"G2900030","2000","US","2","4","Missouri","29","Andrew","003",,,,,"0",,,,,,,,,,,,,"7000","99","N","9999","9999","9",,,,,,,,,"1127118980","3413268","Andrew County","A","+39962974","-094822187","06",,,28.4,6547,9945,476,469,363,398,451,454,445,438,443,613,654,532,228,120,68,97,252440100,2713,3949
"G2900050","2000","US","2","4","Missouri","29","Atchison","005",,,,,"0",,,,,,,,,,,,,"9999","99","9","9999","9999","9",,,,,,,,,"1410812102","6846598","Atchison County","A","+40424242","-095449856","06",,,41.8,0,6430,339,291,223,240,219,241,194,165,137,183,227,154,63,19,13,28,78357600,0,3103
"G2900070","2000","US","2","4","Missouri","29","Audrain","007",,,,,"0",,,,,,,,,,,,,"9999","99","9","9999","9999","9",,,,,,,,,"1795109951","9562612","Audrain County","A","+39206389","-091796348","06",,,20.1,14899,10954,1098,854,755,926,876,798,574,613,543,911,760,705,247,78,69,65,307640500,6428,4453
"G2900090","2000","US","2","4","Missouri","29","Barry","009",,,,,"0",,,,,,,,,,,,,"9999","99","9","9999","9999","9",,,,,,,,,"2017764979","30641378","Barry County","A","+36700136","-093831759","06",,,26.7,8678,25332,1667,1340,1347,1333,1223,1096,1021,860,660,1002,825,507,184,74,117,115,362022900,3794,12170
"G2900110","2000","US","2","4","Missouri","29","Barton","011",,,,,"0",,,,,,,,,,,,,"9999","99","9","9999","9999","9",,,,,,,,,"1539100279","6405206","Barton County","A","+37497277","-094325534","06",,,28.2,4293,8248,686,505,451,432,438,377,330,311,329,393,314,209,64,14,40,15,135517100,1983,3426
"G2900130","2000","US","2","4","Missouri","29","Bates","013",,,,,"0",,,,,,,,,,,,,"9999","99","9","9999","9999","9",,,,,,,,,"2197517820","7511755","Bates County","A","+38245471","-094361720","06",,,32.3,3750,12903,816,542,620,600,576,547,461,401,333,531,518,317,139,52,31,37,189260000,1681,5566
"G2900150","2000","US","2","4","Missouri","29","Benton","015",,,,,"0",,,,,,,,,,,,,"9999","99","9","9999","9999","9",,,,,,,,,"1827267325","121655908","Benton County","A","+38293859","-093299420","06",,,21.0,0,17180,1000,788,940,780,551,616,494,445,267,571,486,275,89,55,42,45,169057900,0,12691
"G2900170","2000","US","2","4","Missouri","29","Bollinger","017",,,,,"0",,,,,,,,,,,,,"9999","99","9","9999","9999","9",,,,,,,,,"1607712588","1187198","Bollinger County","A","+37343327","-090010763","06",,,30.7,0,12029,611,451,394,442,359,390,363,283,296,348,324,220,37,46,20,5,125989700,0,5522
"G2900190","2000","US","2","4","Missouri","29","Boone","019",,,,,"0",,,,,,,,,,,,,"1740","99","N","9999","9999","9",,,,,,,,,"1775255762","15231715","Boone County","A","+38989761","-092313387","06",,,14.6,102434,33020,6126,3712,3507,4234,3740,3448,3183,3005,2444,4827,5090,4884,2499,822,693,892,2203754400,43497,13181
"G2900210","2000","US","2","4","Missouri","29","Buchanan","021",,,,,"0",,,,,,,,,,,,,"7000","99","N","9999","9999","9",,,,,,,,,"1061196940","12532387","Buchanan County","A","+39722544","-094827011","06",,,16.4,74504,11494,3738,2753,2692,2779,2611,2341,2264,2128,1653,3319,3048,2462,835,284,329,356,1150050100,31884,4690
"G2900230","2000","US","2","4","Missouri","29","Butler","023",,,,,"0",,,,,,,,,,,,,"9999","99","9","9999","9999","9",,,,,,,,,"1806618349","3708503","Butler County","A","+36723851","-090387743","06",,,15.7,19203,21664,2656,1974,1644,1434,1442,1176,1138,837,591,1204,1113,739,326,165,117,181,475909900,8986,9721
"G2900250","2000","US","2","4","Missouri","29","Caldwell","025",,,,,"0",,,,,,,,,,,,,"9999","99","9","9999","9999","9",,,,,,,,,"1111989322","973959","Caldwell County","A","+39659262","-093978982","06",,,42.9,0,8969,399,298,347,330,322,272,241,233,167,293,280,199,67,38,19,17,105857500,0,4493
"G2900270","2000","US","2","4","Missouri","29","Callaway","027",,,,,"0",,,,,,,,,,,,,"9999","99","9","9999","9999","9",,,,,,,,,"2172575802","21222566","Callaway County","A","+38824557","-091945725","06",,,17.3,15432,25334,1083,904,1121,1038,1176,1189,874,1080,912,1564,1450,1247,452,137,89,133,553984800,5492,10675
"G2900290","2000","US","2","4","Missouri","29","Camden","029",,,,,"0",,,,,,,,,,,,,"9999","99","9","9999","9999","9",,,,,,,,,"1696812047","139118534","Camden County","A","+38086511","-092769807","06",,,22.0,3038,34013,1313,1216,1216,1255,1333,1324,1173,1068,836,1376,1401,1185,443,162,197,242,496831300,1629,31841
"G2900310","2000","US","2","4","Missouri","29","Cape Girardeau","031",,,,,"0",,,,,,,,,,,,,"9999","99","9","9999","9999","9",,,,,,,,,"1498617560","19863617","Cape Girardeau County","A","+37358761","-089628002","06",,,19.1,46335,22358,2887,1990,2059,2019,2005,2022,1709,1765,1561,2486,2516,2122,795,386,351,358,1012811400,20399,9035
"G2900330","2000","US","2","4","Missouri","29","Carroll","033",,,,,"0",,,,,,,,,,,,,"9999","99","9","9999","9999","9",,,,,,,,,"1799322240","19614104","Carroll County","A","+39416811","-093479299","06",,,29.2,3464,6821,561,374,363,363,369,374,352,311,206,248,279,180,80,39,39,31,117892800,1670,3227
"G2900350","2000","US","2","4","Missouri","29","Carter","035",,,,,"0",,,,,,,,,,,,,"9999","99","9","9999","9999","9",,,,,,,,,"1314634094","3728720","Carter County","A","+36947814","-090936667","06",,,31.5,0,5941,427,311,305,219,187,160,134,144,94,133,106,61,37,29,8,22,51828300,0,3028
"G2900370","2000","US","2","4","Missouri","29","Cass","037",,,,,"0",,,,,,,,,,,,,"3760","99","N","9999","9999","9",,,,,,,,,"1810377121","9539683","Cass County","A","+38689373","-094376663","06",,,21.7,51377,30715,1626,1170,1501,1844,1742,1772,1808,1903,1905,3777,4208,4020,1569,632,416,343,1404472300,19912,11765
"G2900390","2000","US","2","4","Missouri","29","Cedar","039",,,,,"0",,,,,,,,,,,,,"9999","99","9","9999","9999","9",,,,,,,,,"1232661657","58465173","Cedar County","A","+37730500","-093885396","06",,,16.9,3583,10150,999,536,474,594,569,427,409,329,272,340,398,163,72,30,20,32,123239100,1869,4944
"G2900410","2000","US","2","4","Missouri","29","Chariton","041",,,,,"0",,,,,,,,,,,,,"9999","99","9","9999","9999","9",,,,,,,,,"1957696063","32073368","Chariton County","A","+39506036","-092976457","06",,,38.4,0,8438,449,373,290,264,238,265,301,288,225,256,259,160,26,28,23,17,90030900,0,4250
"G2900430","2000","US","2","4","Missouri","29","Christian","043",,,,,"0",,,,,,,,,,,,,"7920","99","N","9999","9999","9",,,,,,,,,"1458579651","2303985","Christian County","A","+37015357","-093236723","06",,,18.3,26770,27515,1452,1404,1465,1561,1686,1680,1383,1248,1172,2098,2157,1851,620,224,213,259,834198200,10749,11078
"G2900450","2000","US","2","4","Missouri","29","Clark","045",,,,,"0",,,,,,,,,,,,,"9999","99","9","9999","9999","9",,,,,,,,,"1313929257","11885150","Clark County","A","+40407943","-091729061","06",,,29.9,0,7416,382,247,297,271,313,214,152,214,178,250,194,156,56,2,13,28,86806000,0,3483
"G2900470","2000","US","2","4","Missouri","29","Clay","047",,,,,"0",,,,,,,,,,,,,"3760","99","N","9999","9999","9",,,,,,,,,"1026537131","32414613","Clay County","A","+39253674","-094474033","06",,,15.8,164527,19479,3385,2873,3454,4332,5201,4736,4618,4587,4433,7925,9825,9440,3877,1658,1221,1048,3574852900,68987,7243
"G2900490","2000","US","2","4","Missouri","29","Clinton","049",,,,,"0",,,,,,,,,,,,,"3760","99","N","9999","9999","9",,,,,,,,,"1084589558","12199274","Clinton County","A","+39601426","-094389768","06",,,28.0,4301,14678,593,442,417,470,532,478,507,425,437,844,758,675,322,109,100,61,285599100,1833,6044
"G2900510","2000","US","2","4","Missouri","29","Cole","051",,,,,"0",,,,,,,,,,,,,"9999","99","9","9999","9999","9",,,,,,,,,"1013835684","19775219","Cole County","A","+38540006","-092240737","06",,,16.8,49547,21850,1985,1612,1774,1848,1825,1687,1661,1747,1367,2907,3339,3127,1034,473,231,447,1172340300,20813,8102
"G2900530","2000","US","2","4","Missouri","29","Cooper","053",,,,,"0",,,,,,,,,,,,,"9999","99","9","9999","9999","9",,,,,,,,,"1463416719","13446888","Cooper County","A","+38855280","-092804980","06",,,28.3,8198,8472,616,417,458,492,466,492,454,457,397,652,512,326,122,37,21,24,201141100,3041,3635
"G2900550","2000","US","2","4","Missouri","29","Crawford","055",,,,,"0",,,,,,,,,,,,,"9999","99","9","9999","9999","9",,,,,,,,,"1923112450","3284401","Crawford County","A","+38025235","-091326338","06",,,27.5,4229,18575,1183,900,887,650,688,679,685,588,419,789,687,398,147,31,74,65,253907400,1822,9028
"G2900570","2000","US","2","4","Missouri","29","Dade","057",,,,,"0",,,,,,,,,,,,,"9999","99","9","9999","9999","9",,,,,,,,,"1269977968","41336247","Dade County","A","+37416470","-093833128","06",,,39.2,0,7923,413,313,321,309,307,299,291,172,178,240,193,110,24,15,15,22,80367200,0,3758
"G2900590","2000","US","2","4","Missouri","29","Dallas","059",,,,,"0",,,,,,,,,,,,,"9999","99","9","9999","9999","9",,,,,,,,,"1402590401","3344776","Dallas County","A","+37675356","-093040866","06",,,16.1,2650,13011,941,641,619,503,595,389,385,380,369,407,425,205,53,57,31,63,166075600,1313,5601
"G2900610","2000","US","2","4","Missouri","29","Daviess","061",,,,,"0",,,,,,,,,,,,,"9999","99","9","9999","9999","9",,,,,,,,,"1468438424","5457104","Daviess County","A","+39960585","-093986670","06",,,44.5,0,8016,398,240,302,311,275,356,209,179,170,228,237,137,67,31,10,34,88538800,0,3853
"G2900630","2000","US","2","4","Missouri","29","DeKalb","063",,,,,"0",,,,,,,,,,,,,"9999","99","9","9999","9999","9",,,,,,,,,"1098669767","4064624","DeKalb County","A","+39881288","-094405092","06",,,28.8,3881,7716,424,356,272,360,256,317,242,260,184,293,298,178,72,19,9,13,113702500,612,3227
"G2900650","2000","US","2","4","Missouri","29","Dent","065",,,,,"0",,,,,,,,,,,,,"9999","99","9","9999","9999","9",,,,,,,,,"1951656029","2521547","Dent County","A","+37630171","-091508318","06",,,27.1,5044,9883,877,644,605,650,451,454,421,409,258,471,327,279,78,54,21,18,152162400,2447,4547
"G2900670","2000","US","2","4","Missouri","29","Douglas","067",,,,,"0",,,,,,,,,,,,,"9999","99","9","9999","9999","9",,,,,,,,,"2109626931","189771","Douglas County","A","+36929195","-092527002","06",,,27.6,2816,10268,924,527,494,553,606,453,292,275,287,299,191,158,47,31,25,52,121555100,1354,4565
"G2900690","2000","US","2","4","Missouri","29","Dunklin","069",,,,,"0",,,,,,,,,,,,,"9999","99","9","9999","9999","9",,,,,,,,,"1413148910","3867564","Dunklin County","A","+36298597","-090065730","06",,,24.8,16718,16437,2902,1534,1230,1065,985,925,798,659,577,927,824,594,196,60,75,63,319901000,7217,7465
"G2900710","2000","US","2","4","Missouri","29","Franklin","071",,,,,"0",,,,,,,,,,,,,"7040","99","N","9999","9999","9",,,,,,,,,"2390068207","20313536","Franklin County","A","+38427346","-091036088","06",,,16.7,39387,54420,2359,1928,2143,2581,2069,2286,2379,2426,2196,4025,4374,3717,1318,475,366,439,1509632800,16424,21871
"G2900730","2000","US","2","4","Missouri","29","Gasconade","073",,,,,"0",,,,,,,,,,,,,"9999","99","9","9999","9999","9",,,,,,,,,"1348525009","14054682","Gasconade County","A","+38449325","-091512590","06",,,23.8,5178,10164,632,435,505,518,482,517,444,462,469,587,507,357,146,42,40,45,188511500,2491,5322
"G2900750","2000","US","2","4","Missouri","29","Gentry","075",,,,,"0",,,,,,,,,,,,,"9999","99","9","9999","9999","9",,,,,,,,,"1273034821","740807","Gentry County","A","+40203034","-094421535","06",,,35.7,0,6861,344,244,267,319,271,230,160,148,138,190,215,119,36,19,24,21,78457200,0,3214
"G2900770","2000","US","2","4","Missouri","29","Greene","077",,,,,"0",,,,,,,,,,,,,"7920","99","N","9999","9999","9",,,,,,,,,"1748172744","7309596","Greene County","A","+37216298","-093316087","06",,,15.5,196854,43537,9941,7949,8361,8424,7844,7609,6783,6175,4968,7986,8294,6700,2862,1314,1217,1576,3555110800,87413,17104
"G2900790","2000","US","2","4","Missouri","29","Grundy","079",,,,,"0",,,,,,,,,,,,,"9999","99","9","9999","9999","9",,,,,,,,,"1128761096","5600644","Grundy County","A","+40108464","-093585174","06",,,25.7,6129,4303,617,500,402,476,404,320,245,304,245,317,260,122,83,47,27,26,110793700,3026,2076
"G2900810","2000","US","2","4","Missouri","29","Harrison","081",,,,,"0",,,,,,,,,,,,,"9999","99","9","9999","9999","9",,,,,,,,,"1878075926","3429152","Harrison County","A","+40333346","-093973775","06",,,30.9,2612,6238,516,374,357,347,338,287,371,196,129,333,238,101,57,25,9,5,88655600,1318,2998
"G2900830","2000","US","2","4","Missouri","29","Henry","083",,,,,"0",,,,,,,,,,,,,"9999","99","9","9999","9999","9",,,,,,,,,"1819425235","77881861","Henry County","A","+38386717","-093774593","06",,,25.4,11779,10218,1160,869,839,794,745,825,569,611,402,750,740,503,175,82,49,79,260340300,5495,4766
"G2900850","2000","US","2","4","Missouri","29","Hickory","085",,,,,"0",,,,,,,,,,,,,"9999","99","9","9999","9999","9",,,,,,,,,"1032442304","33954526","Hickory County","A","+37916612","-093333791","06",,,25.3,0,8940,656,383,462,432,513,275,248,187,204,218,155,123,55,8,20,8,68213300,0,6184
"G2900870","2000","US","2","4","Missouri","29","Holt","087",,,,,"0",,,,,,,,,,,,,"9999","99","9","9999","9999","9",,,,,,,,,"1196228316","18607154","Holt County","A","+40096286","-095218262","06",,,45.2,0,5351,285,251,211,187,206,201,146,137,106,175,140,118,31,7,16,19,61654600,0,2931
"G2900890","2000","US","2","4","Missouri","29","Howard","089",,,,,"0",,,,,,,,,,,,,"9999","99","9","9999","9999","9",,,,,,,,,"1206248485","12474394","Howard County","A","+39148740","-092695248","06",,,32.2,3872,6340,446,344,346,383,287,281,232,283,258,278,307,278,64,22,13,16,118711000,1614,2732
"G2900910","2000","US","2","4","Missouri","29","Howell","091",,,,,"0",,,,,,,,,,,,,"9999","99","9","9999","9999","9",,,,,,,,,"2402837046","1515991","Howell County","A","+36786515","-091877646","06",,,24.4,10027,27211,2225,1931,1595,1489,1292,1215,935,828,558,901,835,546,180,72,60,143,375032300,4691,11649
"G2900930","2000","US","2","4","Missouri","29","Iron","093",,,,,"0",,,,,,,,,,,,,"9999","99","9","9999","9999","9",,,,,,,,,"1427961482","1848581","Iron County","A","+37539303","-090743905","06",,,41.1,2612,8085,628,486,449,459,352,312,243,208,220,312,241,186,54,19,19,21,101675200,1229,3678
"G2900950","2000","US","2","4","Missouri","29","Jackson","095",,,,,"0",,,,,,,,,,,,,"3760","99","N","9999","9999","9",,,,,,,,,"1566539191","29958289","Jackson County","A","+39024005","-094463242","06",,,14.1,628891,25989,26898,16763,17225,19164,19246,19183,16908,16076,13672,24882,27278,25667,11597,4525,3600,3817,10968922900,278544,9687
"G2900970","2000","US","2","4","Missouri","29","Jasper","097",,,,,"0",,,,,,,,,,,,,"3710","99","N","9999","9999","9",,,,,,,,,"1656900802","4114195","Jasper County","A","+37148298","-094412695","06",,,18.6,78143,26543,4922,3785,3618,3767,3699,3297,2892,2636,2105,3417,3269,2215,932,266,269,382,1310545900,34679,10892
"G2900990","2000","US","2","4","Missouri","29","Jefferson","099",,,,,"0",,,,,,,,,,,,,"7040","99","N","9999","9999","9",,,,,,,,,"1701094116","18882037","Jefferson County","A","+38285842","-090499266","06",,,14.9,129150,68949,4064,3578,3502,4587,4432,4982,4549,4810,4048,8319,9935,8939,3429,1164,749,480,3255527800,49801,25785
"G2901010","2000","US","2","4","Missouri","29","Johnson","101",,,,,"0",,,,,,,,,,,,,"9999","99","9","9999","9999","9",,,,,,,,,"2150829433","6699248","Johnson County","A","+38745484","-093796313","06",,,20.1,24633,23625,1927,1209,1365,1413,1390,1280,1195,1033,1003,1667,1620,1352,486,165,164,121,616468300,9342,9544
"G2901030","2000","US","2","4","Missouri","29","Knox","103",,,,,"0",,,,,,,,,,,,,"9999","99","9","9999","9999","9",,,,,,,,,"1309775019","2762900","Knox County","A","+40136849","-092147931","06",,,33.4,0,4361,270,190,180,178,181,187,144,74,83,110,92,83,10,7,5,0,39410600,0,2317
"G2901050","2000","US","2","4","Missouri","29","Laclede","105",,,,,"0",,,,,,,,,,,,,"9999","99","9","9999","9999","9",,,,,,,,,"1983551776","5551785","Laclede County","A","+37661192","-092624110","06",,,17.6,11670,20843,1724,1227,1168,1218,1157,851,845,975,681,883,816,690,251,99,53,171,371120800,5458,8862
"G2901070","2000","US","2","4","Missouri","29","Lafayette","107",,,,,"0",,,,,,,,,,,,,"3760","99","N","9999","9999","9",,,,,,,,,"1629909909","24725921","Lafayette County","A","+39065505","-093802149","06",,,29.6,13580,19380,1115,787,995,853,943,986,870,785,753,1277,1402,1027,414,146,121,110,469847500,5871,7836
"G2901090","2000","US","2","4","Missouri","29","Lawrence","109",,,,,"0",,,,,,,,,,,,,"9999","99","9","9999","9999","9",,,,,,,,,"1587858749","784697","Lawrence County","A","+37055340","-093810362","06",,,20.6,13485,21719,1619,1283,1273,1227,1114,1059,1108,846,842,1052,972,738,205,89,61,124,405648100,5846,8943
"G2901110","2000","US","2","4","Missouri","29","Lewis","111",,,,,"0",,,,,,,,,,,,,"9999","99","9","9999","9999","9",,,,,,,,,"1307962688","15140208","Lewis County","A","+40085720","-091675261","06",,,27.2,0,10494,517,364,378,407,260,381,277,243,233,343,258,149,73,12,20,50,119124100,0,4602
"G2901130","2000","US","2","4","Missouri","29","Lincoln","113",,,,,"0",,,,,,,,,,,,,"7040","99","N","9999","9999","9",,,,,,,,,"1632962085","25702388","Lincoln County","A","+39032384","-090932197","06",,,19.4,8184,30760,951,808,948,950,952,977,799,973,885,1598,1757,1435,559,154,81,55,554913400,3236,12275
"G2901150","2000","US","2","4","Missouri","29","Linn","115",,,,,"0",,,,,,,,,,,,,"9999","99","9","9999","9999","9",,,,,,,,,"1606703893","2878291","Linn County","A","+39833088","-093086909","06",,,28.7,4409,9345,746,691,521,579,491,430,394,363,291,453,377,224,90,30,22,39,152084500,2235,4319
"G2901170","2000","US","2","4","Missouri","29","Livingston","117",,,,,"0",,,,,,,,,,,,,"9999","99","9","9999","9999","9",,,,,,,,,"1384408740","10235894","Livingston County","A","+39780413","-093553509","06",,,23.2,9137,5421,770,585,447,504,385,429,411,449,255,501,461,270,143,72,45,69,179071500,4126,2341
"G2901190","2000","US","2","4","Missouri","29","McDonald","119",,,,,"0",,,,,,,,,,,,,"9999","99","9","9999","9999","9",,,,,,,,,"1397328580","496335","McDonald County","A","+36621553","-094384328","06",,,27.3,0,21681,1247,809,891,793,765,678,613,465,341,599,435,257,96,34,29,81,226601600,0,9287
"G2901210","2000","US","2","4","Missouri","29","Macon","121",,,,,"0",,,,,,,,,,,,,"9999","99","9","9999","9999","9",,,,,,,,,"2081750779","22694686","Macon County","A","+39830285","-092564634","06",,,30.2,5063,10699,849,562,602,614,595,598,452,400,316,516,452,300,130,31,25,52,176668900,2493,5009
"G2901230","2000","US","2","4","Missouri","29","Madison","123",,,,,"0",,,,,,,,,,,,,"9999","99","9","9999","9999","9",,,,,,,,,"1286528020","2253278","Madison County","A","+37503750","-090312535","06",,,23.3,4109,7691,762,543,552,449,384,346,330,291,246,310,255,133,62,21,15,12,111128700,1945,3711
"G2901250","2000","US","2","4","Missouri","29","Maries","125",,,,,"0",,,,,,,,,,,,,"9999","99","9","9999","9999","9",,,,,,,,,"1366808854","5816347","Maries County","A","+38148173","-091899426","06",,,27.2,0,8903,420,327,280,352,292,259,253,159,195,362,316,221,68,11,7,14,106219800,0,4149
"G2901270","2000","US","2","4","Missouri","29","Marion","127",,,,,"0",,,,,,,,,,,,,"9999","99","9","9999","9999","9",,,,,,,,,"1134607993","15468000","Marion County","A","+39770045","-091507631","06",,,19.2,21198,7091,1292,1068,1004,803,984,921,532,610,607,1105,959,670,258,107,79,65,347560100,9431,3012
"G2901290","2000","US","2","4","Missouri","29","Mercer","129",,,,,"0",,,,,,,,,,,,,"9999","99","9","9999","9999","9",,,,,,,,,"1176310082","2593970","Mercer County","A","+40428383","-093577593","06",,,42.5,0,3757,223,167,138,138,143,155,92,99,73,147,109,63,26,21,7,0,40446900,0,2125
"G2901310","2000","US","2","4","Missouri","29","Miller","131",,,,,"0",,,,,,,,,,,,,"9999","99","9","9999","9999","9",,,,,,,,,"1533933921","19904916","Miller County","A","+38238974","-092481091","06",,,24.0,5425,18139,1046,948,880,768,823,800,622,617,513,796,655,480,134,65,88,53,276217000,2605,8658
"G2901330","2000","US","2","4","Missouri","29","Mississippi","133",,,,,"0",,,,,,,,,,,,,"9999","99","9","9999","9999","9",,,,,,,,,"1070070578","40790949","Mississippi County","A","+36843567","-089332848","06",,,17.9,8398,5029,1272,585,479,538,395,348,308,201,303,324,203,228,64,49,44,38,130845500,3565,2275
"G2901350","2000","US","2","4","Missouri","29","Moniteau","135",,,,,"0",,,,,,,,,,,,,"9999","99","9","9999","9999","9",,,,,,,,,"1078778015","6031716","Moniteau County","A","+38635825","-092604192","06",,,30.4,7205,7622,465,377,400,548,313,359,406,407,357,593,471,344,108,28,30,58,186398000,2710,3032
"G2901370","2000","US","2","4","Missouri","29","Monroe","137",,,,,"0",,,,,,,,,,,,,"9999","99","9","9999","9999","9",,,,,,,,,"1673085704","62791636","Monroe County","A","+39511236","-091990523","06",,,33.8,0,9311,461,318,264,357,359,322,281,247,212,369,257,92,48,27,13,13,97588800,0,4565
"G2901390","2000","US","2","4","Missouri","29","Montgomery","139",,,,,"0",,,,,,,,,,,,,"9999","99","9","9999","9999","9",,,,,,,,,"1392020046","7461478","Montgomery County","A","+38936879","-091465956","06",,,30.0,0,12136,540,397,461,487,318,319,435,317,189,500,410,274,86,31,15,3,138830300,0,5726
"G2901410","2000","US","2","4","Missouri","29","Morgan","141",,,,,"0",,,,,,,,,,,,,"9999","99","9","9999","9999","9",,,,,,,,,"1547290919","42683952","Morgan County","A","+38364764","-092847468","06",,,23.5,0,19309,912,797,700,746,663,713,553,436,379,614,580,363,174,66,77,74,210092000,0,13898
"G2901430","2000","US","2","4","Missouri","29","New Madrid","143",,,,,"0",,,,,,,,,,,,,"9999","99","9","9999","9999","9",,,,,,,,,"1756039541","51815220","New Madrid County","A","+36588288","-089677079","06",,,29.0,7705,12055,1546,761,683,667,655,578,529,390,310,494,553,413,117,47,46,42,208184600,3332,5268
"G2901450","2000","US","2","4","Missouri","29","Newton","145",,,,,"0",,,,,,,,,,,,,"3710","99","N","9999","9999","9",,,,,,,,,"1622411544","631006","Newton County","A","+36904767","-094367818","06",,,23.4,18555,34081,1977,1542,1528,1753,1651,1615,1545,1328,1127,1890,1786,1245,472,215,170,319,722227600,8076,13821
"G2901470","2000","US","2","4","Missouri","29","Nodaway","147",,,,,"0",,,,,,,,,,,,,"9999","99","9","9999","9999","9",,,,,,,,,"2270434775","2938804","Nodaway County","A","+40359654","-094877899","06",,,26.8,11600,10312,1298,630,599,714,623,573,569,543,404,699,748,408,170,98,17,71,258649200,4403,4506
"G2901490","2000","US","2","4","Missouri","29","Oregon","149",,,,,"0",,,,,,,,,,,,,"9999","99","9","9999","9999","9",,,,,,,,,"2049724380","473825","Oregon County","A","+36636805","-091427323","06",,,37.4,2077,8267,878,530,484,489,387,340,245,171,133,182,188,120,52,25,13,32,87649400,1034,3963
"G2901510","2000","US","2","4","Missouri","29","Osage","151",,,,,"0",,,,,,,,,,,,,"9999","99","9","9999","9999","9",,,,,,,,,"1569810055","18905430","Osage County","A","+38464962","-091859336","06",,,31.5,0,13062,486,318,331,315,434,288,333,393,347,537,573,400,126,32,17,26,171543300,0,5904
"G2901530","2000","US","2","4","Missouri","29","Ozark","153",,,,,"0",,,,,,,,,,,,,"9999","99","9","9999","9999","9",,,,,,,,,"1922154443","33462813","Ozark County","A","+36631583","-092454849","06",,,38.6,0,9542,655,499,393,379,357,389,229,226,193,299,152,99,40,30,0,47,86089200,0,5114
"G2901550","2000","US","2","4","Missouri","29","Pemiscot","155",,,,,"0",,,,,,,,,,,,,"9999","99","9","9999","9999","9",,,,,,,,,"1277066344","50062733","Pemiscot County","A","+36193331","-089767306","06",,,27.5,13029,7018,1949,994,757,609,579,541,482,378,228,381,380,351,139,39,43,56,189548400,5722,3071
"G2901570","2000","US","2","4","Missouri","29","Perry","157",,,,,"0",,,,,,,,,,,,,"9999","99","9","9999","9999","9",,,,,,,,,"1229383442","24887043","Perry County","A","+37709917","-089837773","06",,,19.0,7873,10259,681,517,509,563,491,556,526,521,381,794,716,415,114,62,34,49,222944000,3309,4506
"G2901590","2000","US","2","4","Missouri","29","Pettis","159",,,,,"0",,,,,,,,,,,,,"9999","99","9","9999","9999","9",,,,,,,,,"1773687006","3934038","Pettis County","A","+38710464","-093264073","06",,,22.5,24501,14902,1568,1343,1305,1521,1466,1361,1104,996,853,1323,1297,826,326,117,88,122,471394900,11014,5949
"G2901610","2000","US","2","4","Missouri","29","Phelps","161",,,,,"0",,,,,,,,,,,,,"9999","99","9","9999","9999","9",,,,,,,,,"1742678646","3704611","Phelps County","A","+37922046","-091773706","06",,,18.2,20827,18998,2394,1443,1455,1316,1372,1037,1011,760,717,1215,1315,855,373,165,157,92,476908700,9118,8383
"G2901630","2000","US","2","4","Missouri","29","Pike","163",,,,,"0",,,,,,,,,,,,,"9999","99","9","9999","9999","9",,,,,,,,,"1742604079","31043265","Pike County","A","+39360621","-091145704","06",,,20.8,9261,9090,818,615,505,610,445,439,437,389,339,608,576,384,139,46,47,20,202158100,3361,4132
"G2901650","2000","US","2","4","Missouri","29","Platte","165",,,,,"0",,,,,,,,,,,,,"3760","99","N","9999","9999","9",,,,,,,,,"1088655061","17850300","Platte County","A","+39315400","-094729377","06",,,19.5,59013,14768,1281,1060,1126,1283,1596,1615,1622,1656,1498,3062,4480,4244,2153,1214,805,622,1683329300,25104,5798
"G2901670","2000","US","2","4","Missouri","29","Polk","167",,,,,"0",,,,,,,,,,,,,"9999","99","9","9999","9999","9",,,,,,,,,"1650349677","13624303","Polk County","A","+37614444","-093414173","06",,,22.8,8430,18562,1359,991,902,967,785,802,732,620,572,814,601,411,183,92,40,28,265667600,3469,7714
"G2901690","2000","US","2","4","Missouri","29","Pulaski","169",,,,,"0",,,,,,,,,,,,,"9999","99","9","9999","9999","9",,,,,,,,,"1416774891","11359773","Pulaski County","A","+37846470","-092198851","06",,,21.0,20923,20242,1186,943,889,1310,1466,1081,1135,1114,674,1287,1214,682,289,94,28,64,482855700,6378,9030
"G2901710","2000","US","2","4","Missouri","29","Putnam","171",,,,,"0",,,,,,,,,,,,,"9999","99","9","9999","9999","9",,,,,,,,,"1341346201","4554188","Putnam County","A","+40474568","-093006905","06",,,22.8,0,5223,308,297,243,211,210,155,167,187,85,112,153,62,23,8,7,12,54728600,0,2914
"G2901730","2000","US","2","4","Missouri","29","Ralls","173",,,,,"0",,,,,,,,,,,,,"9999","99","9","9999","9999","9",,,,,,,,,"1219879778","33200118","Ralls County","A","+39535247","-091497480","06",,,26.1,257,9369,312,263,291,228,284,353,306,274,227,408,348,304,86,5,16,20,126914100,85,4479
"G2901750","2000","US","2","4","Missouri","29","Randolph","175",,,,,"0",,,,,,,,,,,,,"9999","99","9","9999","9999","9",,,,,,,,,"1249200593","13808406","Randolph County","A","+39427644","-092480268","06",,,24.8,11935,12728,1007,943,801,845,773,734,612,614,553,797,664,535,192,53,35,59,279337700,5756,4984
"G2901770","2000","US","2","4","Missouri","29","Ray","177",,,,,"0",,,,,,,,,,,,,"3760","99","N","9999","9999","9",,,,,,,,,"1474908728","10641357","Ray County","A","+39321065","-094023249","06",,,29.4,6758,16596,650,455,627,602,670,535,610,513,537,918,1050,993,335,98,51,81,345318100,2852,6519
"G2901790","2000","US","2","4","Missouri","29","Reynolds","179",,,,,"0",,,,,,,,,,,,,"9999","99","9","9999","9999","9",,,,,,,,,"2100993071","8323460","Reynolds County","A","+37365801","-090977822","06",,,38.7,0,6689,527,305,236,261,203,243,207,143,120,193,151,97,27,11,5,6,62357400,0,3759
"G2901810","2000","US","2","4","Missouri","29","Ripley","181",,,,,"0",,,,,,,,,,,,,"9999","99","9","9999","9999","9",,,,,,,,,"1630308640","5689704","Ripley County","A","+36617310","-090809759","06",,,25.3,0,13509,1106,683,611,516,485,406,327,262,201,262,284,156,55,23,25,36,113187500,0,6392
"G2901830","2000","US","2","4","Missouri","29","St Charles","183",,,,,"0",,,,,,,,,,,,,"7040","99","N","9999","9999","9",,,,,,,,,"1451484650","82690700","St. Charles County","A","+38784300","-090651859","06",,,13.6,261265,22618,3125,3204,3688,4355,5093,5569,5496,5972,5813,11239,15956,16904,7709,3716,2525,1462,5746166100,97040,8474
"G2901850","2000","US","2","4","Missouri","29","St Clair","185",,,,,"0",,,,,,,,,,,,,"9999","99","9","9999","9999","9",,,,,,,,,"1752530410","65390605","St. Clair County","A","+38051170","-093779268","06",,,32.4,0,9652,680,473,336,507,342,268,264,209,220,278,209,158,41,8,17,21,87580800,0,5205
"G2901860","2000","US","2","4","Missouri","29","Ste Genevieve","186",,,,,"0",,,,,,,,,,,,,"9999","99","9","9999","9999","9",,,,,,,,,"1301180929","16958205","Ste. Genevieve County","A","+37907931","-090172602","06",,,17.1,4150,13692,422,460,508,581,431,438,549,493,313,655,855,577,194,53,44,29,234913100,1755,6263
"G2901870","2000","US","2","4","Missouri","29","St Francois","187",,,,,"0",,,,,,,,,,,,,"9999","99","9","9999","9999","9",,,,,,,,,"1164106452","7609408","St. Francois County","A","+37839741","-090505677","06",,,16.9,32725,22916,2642,1993,1941,1663,1705,1517,1543,1267,1173,1722,1631,1149,472,122,100,148,638542600,13139,11310
"G2901890","2000","US","2","4","Missouri","29","St Louis","189",,,,,"0",,,,,,,,,,,,,"7040","99","N","9999","9999","9",,,,,,,,,"1315210013","41151542","St. Louis County","A","+38654152","-090378480","06",,,14.1,1002478,13837,23049,18211,20732,22670,23988,25390,23276,22394,20067,38032,47147,48720,27985,14156,13096,15694,22058131500,418643,5106
"G2901950","2000","US","2","4","Missouri","29","Saline","195",,,,,"0",,,,,,,,,,,,,"9999","99","9","9999","9999","9",,,,,,,,,"1956864345","23403673","Saline County","A","+39123835","-093204459","06",,,24.5,12711,11045,922,676,928,748,728,787,612,615,542,768,681,541,209,94,67,66,282274500,5077,4942
"G2901970","2000","US","2","4","Missouri","29","Schuyler","197",,,,,"0",,,,,,,,,,,,,"9999","99","9","9999","9999","9",,,,,,,,,"797375479","746110","Schuyler County","A","+40467327","-092527046","06",,,34.6,0,4170,289,150,188,163,103,137,135,105,98,132,120,61,8,14,7,15,43919200,0,2027
"G2901990","2000","US","2","4","Missouri","29","Scotland","199",,,,,"0",,,,,,,,,,,,,"9999","99","9","9999","9999","9",,,,,,,,,"1135619670","2034296","Scotland County","A","+40438738","-092146612","06",,,25.0,0,4983,282,216,198,159,166,158,136,130,71,117,88,91,24,33,10,16,48833800,0,2292
"G2902010","2000","US","2","4","Missouri","29","Scott","201",,,,,"0",,,,,,,,,,,,,"9999","99","9","9999","9999","9",,,,,,,,,"1090411521","13016370","Scott County","A","+37042732","-089578552","06",,,22.8,25072,15350,2274,1450,1258,1311,1219,1102,977,796,897,1467,1238,1088,293,126,95,98,492631700,10868,6083
"G2902030","2000","US","2","4","Missouri","29","Shannon","203",,,,,"0",,,,,,,,,,,,,"9999","99","9","9999","9999","9",,,,,,,,,"2599912726","397876","Shannon County","A","+37125329","-091398422","06",,,39.3,0,8324,717,459,419,351,283,166,224,187,95,172,123,69,38,11,5,10,68162000,0,3862
"G2902050","2000","US","2","4","Missouri","29","Shelby","205",,,,,"0",,,,,,,,,,,,,"9999","99","9","9999","9999","9",,,,,,,,,"1297415094","3871228","Shelby County","A","+39774758","-092085447","06",,,33.8,0,6799,354,301,267,265,209,223,241,164,127,219,152,142,50,13,8,19,74443600,0,3245
"G2902070","2000","US","2","4","Missouri","29","Stoddard","207",,,,,"0",,,,,,,,,,,,,"9999","99","9","9999","9999","9",,,,,,,,,"2142239844","4708302","Stoddard County","A","+36847028","-089958709","06",,,27.7,8707,20998,1901,1323,1205,1151,1031,915,732,702,549,793,743,591,180,95,60,76,317343500,4182,9039
"G2902090","2000","US","2","4","Missouri","29","Stone","209",,,,,"0",,,,,,,,,,,,,"9999","99","9","9999","9999","9",,,,,,,,,"1199745263","123495506","Stone County","A","+36714982","-093457028","06",,,24.6,0,28658,1252,970,973,1011,1070,1137,943,684,646,984,857,683,227,139,110,138,340091500,0,16241
"G2902110","2000","US","2","4","Missouri","29","Sullivan","211",,,,,"0",,,,,,,,,,,,,"9999","99","9","9999","9999","9",,,,,,,,,"1685949286","1244196","Sullivan County","A","+40209880","-093133984","06",,,36.8,0,7219,485,328,296,301,212,203,187,208,145,210,183,90,34,19,11,9,72027100,0,3364
"G2902130","2000","US","2","4","Missouri","29","Taney","213",,,,,"0",,,,,,,,,,,,,"9999","99","9","9999","9999","9",,,,,,,,,"1637793873","49522782","Taney County","A","+36650639","-093165123","06",,,18.9,19966,19737,1656,1448,1387,1832,1483,1356,1190,978,833,1152,1273,865,311,158,80,173,489604500,10038,9650
"G2902150","2000","US","2","4","Missouri","29","Texas","215",,,,,"0",,,,,,,,,,,,,"9999","99","9","9999","9999","9",,,,,,,,,"3052393520","1815685","Texas County","A","+37294746","-091971220","06",,,38.2,194,22809,1699,1130,1029,902,922,601,568,492,344,569,502,313,125,69,46,68,209811900,80,10684
"G2902170","2000","US","2","4","Missouri","29","Vernon","217",,,,,"0",,,,,,,,,,,,,"9999","99","9","9999","9999","9",,,,,,,,,"2159928871","7999080","Vernon County","A","+37849768","-094348557","06",,,24.6,8663,11791,1060,790,864,670,622,597,482,554,425,623,584,441,135,87,43,41,225803000,3806,5066
"G2902190","2000","US","2","4","Missouri","29","Warren","219",,,,,"0",,,,,,,,,,,,,"7040","99","N","9999","9999","9",,,,,,,,,"1117098314","16640801","Warren County","A","+38765482","-091136528","06",,,22.5,5238,19287,741,505,543,659,754,606,621,702,460,817,1021,1074,338,139,103,127,381057300,2027,9019
"G2902210","2000","US","2","4","Missouri","29","Washington","221",,,,,"0",,,,,,,,,,,,,"9999","99","9","9999","9999","9",,,,,,,,,"1967340061","7424395","Washington County","A","+37956596","-090830720","06",,,21.2,4726,18618,1498,782,990,662,625,596,623,484,334,560,675,329,106,22,32,58,225811500,1687,8207
"G2902230","2000","US","2","4","Missouri","29","Wayne","223",,,,,"0",,,,,,,,,,,,,"9999","99","9","9999","9999","9",,,,,,,,,"1971069669","33811008","Wayne County","A","+37113637","-090492489","06",,,25.3,0,13259,1107,632,601,536,454,479,283,238,292,309,271,200,58,10,20,50,116527900,0,7496
"G2902250","2000","US","2","4","Missouri","29","Webster","225",,,,,"0",,,,,,,,,,,,,"7920","99","N","9999","9999","9",,,,,,,,,"1536680599","958466","Webster County","A","+37266991","-092895017","06",,,23.8,6114,24931,1211,813,965,1100,1066,841,833,681,652,997,872,580,260,78,66,65,362085000,2568,9484
"G2902270","2000","US","2","4","Missouri","29","Worth","227",,,,,"0",,,,,,,,,,,,,"9999","99","9","9999","9999","9",,,,,,,,,"690283622","603460","Worth County","A","+40475472","-094427608","06",,,50.0,0,2382,155,96,102,108,93,78,70,82,32,54,82,29,15,2,3,6,23251000,0,1245
"G2902290","2000","US","2","4","Missouri","29","Wright","229",,,,,"0",,,,,,,,,,,,,"9999","99","9","9999","9999","9",,,,,,,,,"1766698058","2732295","Wright County","A","+37227226","-092468021","06",,,30.0,4345,13610,1310,869,704,706,571,593,515,345,271,430,303,234,84,62,76,21,167894000,2128,5829
"G2905100","2000","US","2","4","Missouri","29","St Louis City","510",,,,,"9",,,,,,,,,,,,,"7040","99","N","9999","9999","9",,,,,,,,,"160381752","10942983","St. Louis city","F","+38627718","-090242806","08",,,13.4,348189,0,28384,13927,13471,12767,11153,10199,8507,8116,6180,9967,9725,8130,2979,1427,1120,1234,4294817800,176354,0
"G3000010","2000","US","4","8","Montana","30","Beaverhead","001",,,,,"0",,,,,,,,,,,,,"9999","99","9","9999","9999","9",,,,,,,,,"14354507338","77006992","Beaverhead County","A","+45186254","-112865870","06",,,21.0,4301,4901,481,426,402,287,290,205,217,180,224,280,352,188,75,43,15,14,104159500,2089,2482
"G3000030","2000","US","4","8","Montana","30","Big Horn","003",,,,,"0",,,,,,,,,,,,,"9999","99","9","9999","9999","9",,,,,,,,,"12936490124","51388018","Big Horn County","A","+45510113","-107483754","06",,,25.1,3511,9160,601,414,360,429,302,331,222,227,164,355,217,205,38,31,9,5,110905400,1459,3196
"G3000050","2000","US","4","8","Montana","30","Blaine","005",,,,,"0",,,,,,,,,,,,,"9999","99","9","9999","9999","9",,,,,,,,,"10945752903","32989204","Blaine County","A","+48459793","-108956778","06",,,45.2,0,7009,445,269,282,261,178,176,143,144,113,155,160,112,64,17,9,3,64020200,0,2947
"G3000070","2000","US","4","8","Montana","30","Broadwater","007",,,,,"0",,,,,,,,,,,,,"9999","99","9","9999","9999","9",,,,,,,,,"3085580464","123251566","Broadwater County","A","+46306192","-111494245","06",,,30.8,0,4385,165,129,158,153,185,163,138,102,72,145,154,98,32,20,23,10,51922400,0,2002
"G3000090","2000","US","4","8","Montana","30","Carbon","009",,,,,"0",,,,,,,,,,,,,"9999","99","9","9999","9999","9",,,,,,,,,"5304272289","36765246","Carbon County","A","+45313192","-109087584","06",,,38.3,0,9552,453,356,361,350,333,354,259,233,256,386,276,300,80,27,18,25,117494700,0,5494
"G3000110","2000","US","4","8","Montana","30","Carter","011",,,,,"0",,,,,,,,,,,,,"9999","99","9","9999","9999","9",,,,,,,,,"8649437259","22606246","Carter County","A","+45556276","-104481226","06",,,47.1,0,1360,88,61,70,44,37,43,37,38,26,43,21,26,4,9,0,0,13137300,0,811
"G3000130","2000","US","4","8","Montana","30","Cascade","013",,,,,"0",,,,,,,,,,,,,"3040","99","N","9999","9999","9",,,,,,,,,"6987537964","35607133","Cascade County","A","+47433941","-111324241","06",,,18.8,64416,15941,3706,2873,2725,2972,2419,2554,2227,2178,1817,2862,2638,1904,713,352,297,396,1022029000,28137,7088
"G3000150","2000","US","4","8","Montana","30","Chouteau","015",,,,,"0",,,,,,,,,,,,,"9999","99","9","9999","9999","9",,,,,,,,,"10290645171","61536507","Chouteau County","A","+47915101","-110396756","06",,,43.3,0,5970,259,210,233,222,230,168,157,147,134,145,144,98,36,19,19,19,60014300,0,2776
"G3000170","2000","US","4","8","Montana","30","Custer","017",,,,,"0",,,,,,,,,,,,,"9999","99","9","9999","9999","9",,,,,,,,,"9798251384","26134225","Custer County","A","+46324144","-105766538","06",,,21.2,9703,1993,570,512,448,473,386,323,360,280,244,346,425,191,149,23,21,27,134106300,4411,949
"G3000190","2000","US","4","8","Montana","30","Daniels","019",,,,,"0",,,,,,,,,,,,,"9999","99","9","9999","9999","9",,,,,,,,,"3693546521","1116694","Daniels County","A","+48791520","-105399545","06",,,49.9,0,2017,144,96,93,74,80,66,73,51,30,55,50,49,19,6,6,5,21165400,0,1154
"G3000210","2000","US","4","8","Montana","30","Dawson","021",,,,,"0",,,,,,,,,,,,,"9999","99","9","9999","9999","9",,,,,,,,,"6146398431","25876705","Dawson County","A","+47173749","-104802589","06",,,24.1,6117,2942,514,349,341,290,213,302,250,251,215,304,225,255,46,32,4,28,103506700,2767,1401
"G3000230","2000","US","4","8","Montana","30","Deer Lodge","023",,,,,"0",,,,,,,,,,,,,"9999","99","9","9999","9999","9",,,,,,,,,"1908765391","10841294","Deer Lodge County","N","+46120620","-112987460","06",,,16.6,6279,3138,601,385,456,461,267,258,299,247,206,310,270,163,25,19,17,34,93884500,3315,1643
"G3000250","2000","US","4","8","Montana","30","Fallon","025",,,,,"0",,,,,,,,,,,,,"9999","99","9","9999","9999","9",,,,,,,,,"4196635352","6964830","Fallon County","A","+46371424","-104414158","06",,,45.8,0,2837,128,112,129,108,87,73,67,78,71,92,95,51,13,9,5,8,33969500,0,1410
"G3000270","2000","US","4","8","Montana","30","Fergus","027",,,,,"0",,,,,,,,,,,,,"9999","99","9","9999","9999","9",,,,,,,,,"11238392924","28999417","Fergus County","A","+47111314","-109448969","06",,,28.4,6364,5529,632,451,494,404,405,437,337,283,240,344,353,275,104,45,14,42,131138000,3069,2489
"G3000290","2000","US","4","8","Montana","30","Flathead","029",,,,,"0",,,,,,,,,,,,,"9999","99","9","9999","9999","9",,,,,,,,,"13204631512","409512577","Flathead County","A","+48267880","-114321279","06",,,21.2,35294,39177,2948,2463,2454,2504,2485,2204,2117,2082,1543,2492,2603,2031,670,373,271,454,999039100,15793,18980
"G3000310","2000","US","4","8","Montana","30","Gallatin","031",,,,,"0",,,,,,,,,,,,,"9999","99","9","9999","9999","9",,,,,,,,,"6749099493","67332992","Gallatin County","A","+45663871","-111186786","06",,,22.4,38460,29371,2139,1621,2178,1818,2089,2024,2000,1805,1410,2616,2403,2157,1015,390,375,317,1025259200,15921,13568
"G3000330","2000","US","4","8","Montana","30","Garfield","033",,,,,"0",,,,,,,,,,,,,"9999","99","9","9999","9999","9",,,,,,,,,"12090225656","464853285","Garfield County","A","+47207335","-106979639","06",,,39.6,0,1279,89,75,39,58,42,44,25,27,53,35,22,11,7,3,0,3,12965000,0,961
"G3000350","2000","US","4","8","Montana","30","Glacier","035",,,,,"0",,,,,,,,,,,,,"9999","99","9","9999","9999","9",,,,,,,,,"7756282905","109788368","Glacier County","A","+48627154","-112810119","06",,,22.4,7681,5566,794,440,335,408,325,351,259,291,215,258,211,294,50,35,31,16,122505600,2958,2285
"G3000370","2000","US","4","8","Montana","30","Golden Valley","037",,,,,"0",,,,,,,,,,,,,"9999","99","9","9999","9999","9",,,,,,,,,"3044021211","2841602","Golden Valley County","A","+46390395","-109125302","06",,,45.0,0,1042,57,33,50,28,21,27,23,30,18,26,19,14,6,3,3,2,10756500,0,450
"G3000390","2000","US","4","8","Montana","30","Granite","039",,,,,"0",,,,,,,,,,,,,"9999","99","9","9999","9999","9",,,,,,,,,"4474059524","14683527","Granite County","A","+46437588","-113365536","06",,,46.7,0,2830,155,121,142,91,130,86,56,84,58,86,65,68,22,7,11,19,33562900,0,2074
"G3000410","2000","US","4","8","Montana","30","Hill","041",,,,,"0",,,,,,,,,,,,,"9999","99","9","9999","9999","9",,,,,,,,,"7501540796","50986945","Hill County","A","+48559559","-110030529","06",,,20.5,10338,6335,853,659,627,504,503,468,458,361,325,547,562,291,147,67,60,25,190822100,4729,2724
"G3000430","2000","US","4","8","Montana","30","Jefferson","043",,,,,"0",,,,,,,,,,,,,"9999","99","9","9999","9999","9",,,,,,,,,"4290668205","5680515","Jefferson County","A","+46119657","-112117726","06",,,40.3,0,10049,320,254,241,273,219,234,250,229,224,412,433,390,126,68,37,31,149777900,0,4199
"G3000450","2000","US","4","8","Montana","30","Judith Basin","045",,,,,"0",,,,,,,,,,,,,"9999","99","9","9999","9999","9",,,,,,,,,"4842881193","2233827","Judith Basin County","A","+47047569","-110184154","06",,,44.9,0,2329,139,102,94,93,56,92,85,58,58,60,39,27,19,12,8,9,23070000,0,1325
"G3000470","2000","US","4","8","Montana","30","Lake","047",,,,,"0",,,,,,,,,,,,,"9999","99","9","9999","9999","9",,,,,,,,,"3868856367","414259580","Lake County","A","+47652922","-114126444","06",,,21.6,4116,22391,1418,1045,981,1013,843,738,713,585,506,722,684,508,204,51,111,111,281062200,2052,11553
"G3000490","2000","US","4","8","Montana","30","Lewis And Clark","049",,,,,"0",,,,,,,,,,,,,"9999","99","9","9999","9999","9",,,,,,,,,"8963842986","94796685","Lewis and Clark County","A","+46813873","-112153933","06",,,18.8,38544,17172,2176,1511,1523,1820,1745,1851,1545,1548,1087,2344,2501,1823,747,249,212,173,812696300,17048,8624
"G3000510","2000","US","4","8","Montana","30","Liberty","051",,,,,"0",,,,,,,,,,,,,"9999","99","9","9999","9999","9",,,,,,,,,"3703057430","45158524","Liberty County","A","+48550900","-111004866","06",,,48.5,0,2158,108,72,93,78,61,48,56,57,40,70,75,34,18,8,7,4,21544300,0,1070
"G3000530","2000","US","4","8","Montana","30","Lincoln","053",,,,,"0",,,,,,,,,,,,,"9999","99","9","9999","9999","9",,,,,,,,,"9356768784","161719030","Lincoln County","A","+48558617","-115359348","06",,,23.8,4204,14633,1272,910,760,656,687,677,517,424,310,555,496,357,106,22,13,26,176091400,2005,7314
"G3000550","2000","US","4","8","Montana","30","McCone","055",,,,,"0",,,,,,,,,,,,,"9999","99","9","9999","9999","9",,,,,,,,,"6844108488","104236769","McCone County","A","+47635270","-105729721","06",,,50.1,0,1977,109,77,61,81,80,54,68,53,35,64,63,36,9,8,6,5,22009100,0,1087
"G3000570","2000","US","4","8","Montana","30","Madison","057",,,,,"0",,,,,,,,,,,,,"9999","99","9","9999","9999","9",,,,,,,,,"9289094981","42235337","Madison County","A","+45435828","-111932243","06",,,41.0,0,6851,351,296,257,276,287,222,241,148,162,215,220,141,64,27,28,23,80509200,0,4671
"G3000590","2000","US","4","8","Montana","30","Meagher","059",,,,,"0",,,,,,,,,,,,,"9999","99","9","9999","9999","9",,,,,,,,,"6194773413","7819839","Meagher County","A","+46565307","-110874903","06",,,44.5,0,1932,136,77,69,71,58,84,65,53,41,51,45,34,12,6,3,2,21321700,0,1363
"G3000610","2000","US","4","8","Montana","30","Mineral","061",,,,,"0",,,,,,,,,,,,,"9999","99","9","9999","9999","9",,,,,,,,,"3159321942","9211588","Mineral County","A","+47143735","-114965059","06",,,43.3,0,3884,206,199,165,148,138,118,100,101,82,101,95,61,40,14,11,13,43046100,0,1961
"G3000630","2000","US","4","8","Montana","30","Missoula","063",,,,,"0",,,,,,,,,,,,,"5140","99","N","9999","9999","9",,,,,,,,,"6728702048","52766899","Missoula County","A","+46939971","-113968607","06",,,17.4,69502,26300,4491,3064,3330,3061,2716,2894,2356,2227,1855,3654,3565,2888,1167,460,360,405,1336229600,29996,11323
"G3000650","2000","US","4","8","Montana","30","Musselshell","065",,,,,"0",,,,,,,,,,,,,"9999","99","9","9999","9999","9",,,,,,,,,"4835889369","9749881","Musselshell County","A","+46554576","-108392225","06",,,34.5,0,4497,251,213,217,238,124,165,113,100,88,115,99,92,9,10,14,17,48854600,0,2317
"G3000670","2000","US","4","8","Montana","30","Park","067",,,,,"0",,,,,,,,,,,,,"9999","99","9","9999","9999","9",,,,,,,,,"7258210526","28946363","Park County","A","+45653282","-110546931","06",,,26.0,8312,7382,817,663,641,541,563,531,472,532,357,531,489,312,144,120,45,62,209364300,3977,4270
"G3000690","2000","US","4","8","Montana","30","Petroleum","069",,,,,"0",,,,,,,,,,,,,"9999","99","9","9999","9999","9",,,,,,,,,"4283590695","52086808","Petroleum County","A","+47000478","-108290051","06",,,44.2,0,493,47,24,13,23,14,28,8,7,4,10,14,5,4,0,2,6,6003100,0,292
"G3000710","2000","US","4","8","Montana","30","Phillips","071",,,,,"0",,,,,,,,,,,,,"9999","99","9","9999","9999","9",,,,,,,,,"13311420195","188038143","Phillips County","A","+48361061","-107822199","06",,,31.3,0,4601,256,222,166,178,127,111,123,111,83,176,162,75,21,20,4,9,48761500,0,2502
"G3000730","2000","US","4","8","Montana","30","Pondera","073",,,,,"0",,,,,,,,,,,,,"9999","99","9","9999","9999","9",,,,,,,,,"4207949013","39255346","Pondera County","A","+48221852","-112200680","06",,,32.8,2784,3640,313,228,274,218,156,193,136,152,141,179,183,140,52,24,6,19,65077100,1359,1475
"G3000750","2000","US","4","8","Montana","30","Powder River","075",,,,,"0",,,,,,,,,,,,,"9999","99","9","9999","9999","9",,,,,,,,,"8539650552","1965936","Powder River County","A","+45363372","-105625006","06",,,42.9,0,1858,88,69,67,99,67,53,61,42,39,44,65,20,7,2,7,9,22111700,0,1007
"G3000770","2000","US","4","8","Montana","30","Powell","077",,,,,"0",,,,,,,,,,,,,"9999","99","9","9999","9999","9",,,,,,,,,"6024160554","17455470","Powell County","A","+46634027","-112778050","06",,,21.5,5016,2164,263,270,187,269,194,210,208,239,106,168,130,105,47,0,15,22,74435800,1731,1199
"G3000790","2000","US","4","8","Montana","30","Prairie","079",,,,,"0",,,,,,,,,,,,,"9999","99","9","9999","9999","9",,,,,,,,,"4497646015","15551784","Prairie County","A","+46887225","-105368636","06",,,44.8,0,1199,64,78,58,62,49,42,45,31,15,28,28,27,8,0,2,0,12834100,0,718
"G3000810","2000","US","4","8","Montana","30","Ravalli","081",,,,,"0",,,,,,,,,,,,,"9999","99","9","9999","9999","9",,,,,,,,,"6200979524","15823669","Ravalli County","A","+46210173","-114117236","06",,,18.2,6072,29998,1416,1171,1291,1313,1356,1140,1029,936,731,1086,1124,710,446,162,131,217,447320800,3036,12910
"G3000830","2000","US","4","8","Montana","30","Richland","083",,,,,"0",,,,,,,,,,,,,"9999","99","9","9999","9999","9",,,,,,,,,"5397767654","49030770","Richland County","A","+47779342","-104458252","06",,,26.8,5407,4260,434,346,319,395,307,349,277,237,262,384,271,185,49,25,18,36,114760400,2548,2009
"G3000850","2000","US","4","8","Montana","30","Roosevelt","085",,,,,"0",,,,,,,,,,,,,"9999","99","9","9999","9999","9",,,,,,,,,"6100980072","36381259","Roosevelt County","A","+48208479","-104989043","06",,,29.5,6381,4239,664,466,335,349,299,215,236,173,125,259,191,165,69,37,17,8,92308400,2147,1897
"G3000870","2000","US","4","8","Montana","30","Rosebud","087",,,,,"0",,,,,,,,,,,,,"9999","99","9","9999","9999","9",,,,,,,,,"12981972794","37733032","Rosebud County","A","+45973910","-106654466","06",,,32.1,0,9383,393,273,279,233,242,175,210,213,151,319,399,231,100,34,4,26,116948500,0,3912
"G3000890","2000","US","4","8","Montana","30","Sanders","089",,,,,"0",,,,,,,,,,,,,"9999","99","9","9999","9999","9",,,,,,,,,"7153992364","72152060","Sanders County","A","+47633114","-115084463","06",,,39.3,0,10227,675,498,387,438,396,308,275,228,206,323,241,130,88,21,34,28,101140100,0,5271
"G3000910","2000","US","4","8","Montana","30","Sheridan","091",,,,,"0",,,,,,,,,,,,,"9999","99","9","9999","9999","9",,,,,,,,,"4342318338","76989171","Sheridan County","A","+48706724","-104456802","06",,,31.2,0,4105,214,159,162,196,159,150,155,113,60,132,94,74,40,25,5,10,41291900,0,2167
"G3000930","2000","US","4","8","Montana","30","Silver Bow","093",,,,,"0",,,,,,,,,,,,,"9999","99","9","9999","9999","9",,,,,,,,,"1860409529","1722132","Silver Bow County","N","+45960929","-112562536","06",,,16.2,30509,4097,1741,1593,1254,1384,1176,1069,915,683,686,1290,1182,776,306,163,108,139,440137500,14496,1680
"G3000950","2000","US","4","8","Montana","30","Stillwater","095",,,,,"0",,,,,,,,,,,,,"9999","99","9","9999","9999","9",,,,,,,,,"4649256643","24660760","Stillwater County","A","+45630108","-109366310","06",,,40.0,0,8195,275,191,259,241,208,275,187,226,240,311,364,262,90,34,12,34,112861200,0,3947
"G3000970","2000","US","4","8","Montana","30","Sweet Grass","097",,,,,"0",,,,,,,,,,,,,"9999","99","9","9999","9999","9",,,,,,,,,"4804645075","17919254","Sweet Grass County","A","+45855412","-109917813","06",,,46.3,0,3609,122,145,132,140,122,117,122,91,86,134,93,84,33,16,25,15,45705300,0,1860
"G3000990","2000","US","4","8","Montana","30","Teton","099",,,,,"0",,,,,,,,,,,,,"9999","99","9","9999","9999","9",,,,,,,,,"5886038319","51712382","Teton County","A","+47815653","-112152587","06",,,46.5,0,6445,306,213,247,253,231,190,178,179,113,210,180,135,48,8,16,11,64673300,0,2910
"G3001010","2000","US","4","8","Montana","30","Toole","101",,,,,"0",,,,,,,,,,,,,"9999","99","9","9999","9999","9",,,,,,,,,"4949343018","90423935","Toole County","A","+48602469","-111818576","06",,,30.4,3026,2241,221,220,214,169,155,127,162,138,92,175,167,65,25,18,8,15,60004100,1248,1052
"G3001030","2000","US","4","8","Montana","30","Treasure","103",,,,,"0",,,,,,,,,,,,,"9999","99","9","9999","9999","9",,,,,,,,,"2535246850","13578705","Treasure County","A","+46254434","-107291543","06",,,47.6,0,861,45,46,33,33,26,50,25,21,19,17,26,8,8,4,1,1,9432000,0,422
"G3001050","2000","US","4","8","Montana","30","Valley","105",,,,,"0",,,,,,,,,,,,,"9999","99","9","9999","9999","9",,,,,,,,,"12745321151","365142335","Valley County","A","+48258176","-106560531","06",,,26.6,3372,4303,410,264,317,288,240,254,200,202,135,264,289,148,43,34,34,21,89318400,1630,3217
"G3001070","2000","US","4","8","Montana","30","Wheatland","107",,,,,"0",,,,,,,,,,,,,"9999","99","9","9999","9999","9",,,,,,,,,"3685791858","13454305","Wheatland County","A","+46448894","-109854716","06",,,42.1,0,2259,136,96,94,98,66,81,48,49,42,33,48,29,9,4,1,1,17677100,0,1154
"G3001090","2000","US","4","8","Montana","30","Wibaux","109",,,,,"0",,,,,,,,,,,,,"9999","99","9","9999","9999","9",,,,,,,,,"2303308810","2017351","Wibaux County","A","+46969132","-104192326","06",,,46.3,0,1068,63,45,34,47,37,38,26,9,25,39,25,21,7,0,2,7,11467000,0,587
"G3001110","2000","US","4","8","Montana","30","Yellowstone","111",,,,,"0",,,,,,,,,,,,,"0880","99","N","9999","9999","9",,,,,,,,,"6825018002","35996187","Yellowstone County","A","+45816535","-108460718","06",,,17.4,107756,21596,4773,4709,4018,3910,3627,3839,3401,3173,2934,4797,5006,4128,1562,813,667,756,1951105700,46307,8256
"G3100010","2000","US","2","4","Nebraska","31","Adams","001",,,,,"0",,,,,,,,,,,,,"9999","99","9","9999","9999","9",,,,,,,,,"1459219777","1956443","Adams County","A","+40560857","-098456177","06",,,24.0,24131,7020,1073,827,920,942,1058,892,900,884,675,1347,1128,811,370,116,107,136,428032800,10354,2660
"G3100030","2000","US","2","4","Nebraska","31","Antelope","003",,,,,"0",,,,,,,,,,,,,"9999","99","9","9999","9999","9",,,,,,,,,"2219773879","3546750","Antelope County","A","+42183199","-098057854","06",,,45.3,0,7452,386,306,279,253,253,250,271,188,156,232,179,107,69,12,9,16,81481200,0,3346
"G3100050","2000","US","2","4","Nebraska","31","Arthur","005",,,,,"0",,,,,,,,,,,,,"9999","99","9","9999","9999","9",,,,,,,,,"1852798266","7632662","Arthur County","A","+41580869","-101684028","06",,,45.7,0,444,18,12,25,28,16,24,4,7,8,19,6,9,0,6,3,0,4857500,0,273
"G3100070","2000","US","2","4","Nebraska","31","Banner","007",,,,,"0",,,,,,,,,,,,,"9999","99","9","9999","9999","9",,,,,,,,,"1932693329","398806","Banner County","A","+41533313","-103704593","06",,,46.9,0,819,38,19,24,36,33,19,9,28,20,32,25,17,4,4,5,2,9632300,0,375
"G3100090","2000","US","2","4","Nebraska","31","Blaine","009",,,,,"0",,,,,,,,,,,,,"9999","99","9","9999","9999","9",,,,,,,,,"1840816942","9306070","Blaine County","A","+41866749","-099976896","06",,,47.9,0,583,32,32,18,37,30,27,17,2,6,14,16,7,4,0,0,0,5142700,0,333
"G3100110","2000","US","2","4","Nebraska","31","Boone","011",,,,,"0",,,,,,,,,,,,,"9999","99","9","9999","9999","9",,,,,,,,,"1778516636","1443691","Boone County","A","+41686566","-098028435","06",,,47.9,0,6259,251,283,175,220,238,216,168,173,151,212,167,107,48,16,26,17,69482400,0,2733
"G3100130","2000","US","2","4","Nebraska","31","Box Butte","013",,,,,"0",,,,,,,,,,,,,"9999","99","9","9999","9999","9",,,,,,,,,"2784992667","6587161","Box Butte County","A","+42165644","-102938547","06",,,23.3,8921,3237,492,381,319,253,349,292,354,281,283,487,570,431,152,60,23,51,180188000,4022,1466
"G3100150","2000","US","2","4","Nebraska","31","Boyd","015",,,,,"0",,,,,,,,,,,,,"9999","99","9","9999","9999","9",,,,,,,,,"1398720124","11768888","Boyd County","A","+42901593","-098714886","06",,,49.5,0,2438,153,111,147,74,94,96,73,49,31,58,68,36,17,4,4,4,22674500,0,1406
"G3100170","2000","US","2","4","Nebraska","31","Brown","017",,,,,"0",,,,,,,,,,,,,"9999","99","9","9999","9999","9",,,,,,,,,"3163099102","9833856","Brown County","A","+42534188","-099871572","06",,,45.6,0,3525,179,206,128,171,122,141,101,136,64,89,91,66,20,8,2,17,40134100,0,1916
"G3100190","2000","US","2","4","Nebraska","31","Buffalo","019",,,,,"0",,,,,,,,,,,,,"9999","99","9","9999","9999","9",,,,,,,,,"2507092913","18844970","Buffalo County","A","+40790062","-099069182","06",,,23.6,27111,15148,1439,1085,1272,1234,1321,1191,1066,1167,872,1592,1609,1198,429,216,143,121,595384500,11030,5800
"G3100210","2000","US","2","4","Nebraska","31","Burt","021",,,,,"0",,,,,,,,,,,,,"9999","99","9","9999","9999","9",,,,,,,,,"1276259996","11216220","Burt County","A","+41854106","-096337590","06",,,40.6,0,7791,298,281,284,238,249,294,236,236,142,345,251,212,39,31,21,18,95595000,0,3723
"G3100230","2000","US","2","4","Nebraska","31","Butler","023",,,,,"0",,,,,,,,,,,,,"9999","99","9","9999","9999","9",,,,,,,,,"1511485301","2123917","Butler County","A","+41233275","-097134820","06",,,39.9,2586,6181,275,246,271,275,269,297,273,230,221,409,303,235,64,24,25,13,107189600,1195,2706
"G3100250","2000","US","2","4","Nebraska","31","Cass","025",,,,,"0",,,,,,,,,,,,,"5920","99","N","9999","9999","9",,,,,,,,,"1448279901","18196849","Cass County","A","+40936518","-096093393","06",,,31.1,7149,17185,387,454,536,558,596,590,642,619,578,1093,1335,1013,408,146,133,87,400884200,2916,7263
"G3100270","2000","US","2","4","Nebraska","31","Cedar","027",,,,,"0",,,,,,,,,,,,,"9999","99","9","9999","9999","9",,,,,,,,,"1917176338","14468136","Cedar County","A","+42605286","-097239880","06",,,42.3,0,9615,324,306,301,320,349,317,320,269,256,343,258,148,50,30,23,26,106867500,0,4200
"G3100290","2000","US","2","4","Nebraska","31","Chase","029",,,,,"0",,,,,,,,,,,,,"9999","99","9","9999","9999","9",,,,,,,,,"2316731656","8130506","Chase County","A","+40507192","-101699405","06",,,44.4,0,4068,161,142,119,175,148,153,107,113,107,147,104,86,50,18,17,16,51252800,0,1927
"G3100310","2000","US","2","4","Nebraska","31","Cherry","031",,,,,"0",,,,,,,,,,,,,"9999","99","9","9999","9999","9",,,,,,,,,"15437682699","126960902","Cherry County","A","+42651785","-101147203","06",,,36.1,2709,3439,273,255,275,232,253,162,186,140,123,211,167,125,69,18,10,19,74345500,1318,1902
"G3100330","2000","US","2","4","Nebraska","31","Cheyenne","033",,,,,"0",,,,,,,,,,,,,"9999","99","9","9999","9999","9",,,,,,,,,"3098510887","292553","Cheyenne County","A","+41196569","-103002332","06",,,27.3,6114,3716,416,270,329,419,373,361,266,237,232,407,321,225,106,53,25,36,132981400,2773,1796
"G3100350","2000","US","2","4","Nebraska","31","Clay","035",,,,,"0",,,,,,,,,,,,,"9999","99","9","9999","9999","9",,,,,,,,,"1484148466","1275460","Clay County","A","+40521099","-098042256","06",,,47.1,0,7039,194,244,233,293,188,261,245,166,180,242,243,154,61,33,13,25,88289300,0,3066
"G3100370","2000","US","2","4","Nebraska","31","Colfax","037",,,,,"0",,,,,,,,,,,,,"9999","99","9","9999","9999","9",,,,,,,,,"1070035295","14094150","Colfax County","A","+41558089","-097088373","06",,,30.3,5270,5171,323,268,236,349,297,311,276,278,244,356,320,250,91,31,21,23,125311000,1798,2290
"G3100390","2000","US","2","4","Nebraska","31","Cuming","039",,,,,"0",,,,,,,,,,,,,"9999","99","9","9999","9999","9",,,,,,,,,"1481474666","6579987","Cuming County","A","+41915502","-096774767","06",,,31.0,3288,6915,326,280,327,408,370,380,343,277,229,351,299,232,35,37,30,36,123405500,1467,2816
"G3100410","2000","US","2","4","Nebraska","31","Custer","041",,,,,"0",,,,,,,,,,,,,"9999","99","9","9999","9999","9",,,,,,,,,"6671055928","949961","Custer County","A","+41386492","-099631095","06",,,36.0,3547,8246,512,440,468,491,453,396,369,282,247,447,348,222,82,26,12,51,129309700,1731,3854
"G3100430","2000","US","2","4","Nebraska","31","Dakota","043",,,,,"0",,,,,,,,,,,,,"7720","99","N","9999","9999","9",,,,,,,,,"683229756","9312554","Dakota County","A","+42426294","-096492629","06",,,24.0,15888,4365,594,427,591,528,536,542,435,480,457,605,822,643,235,98,42,48,275291900,5821,1707
"G3100450","2000","US","2","4","Nebraska","31","Dawes","045",,,,,"0",,,,,,,,,,,,,"9999","99","9","9999","9999","9",,,,,,,,,"3616246664","11958234","Dawes County","A","+42726836","-103155107","06",,,26.8,5423,3637,564,327,327,268,309,266,171,180,176,304,202,217,94,59,26,30,106189200,2339,1665
"G3100470","2000","US","2","4","Nebraska","31","Dawson","047",,,,,"0",,,,,,,,,,,,,"9999","99","9","9999","9999","9",,,,,,,,,"2623453847","16508629","Dawson County","A","+40837439","-099868313","06",,,23.6,17803,6562,762,643,721,835,587,695,675,580,661,861,797,527,200,107,72,98,302887100,6744,3061
"G3100490","2000","US","2","4","Nebraska","31","Deuel","049",,,,,"0",,,,,,,,,,,,,"9999","99","9","9999","9999","9",,,,,,,,,"1139321050","2320125","Deuel County","A","+41081477","-102314294","06",,,48.4,0,2098,75,78,72,113,69,72,61,60,79,68,80,49,20,8,6,6,26348200,0,1032
"G3100510","2000","US","2","4","Nebraska","31","Dixon","051",,,,,"0",,,,,,,,,,,,,"9999","99","9","9999","9999","9",,,,,,,,,"1233833402","16404913","Dixon County","A","+42467847","-096841997","06",,,45.7,0,6339,245,181,177,211,224,192,160,190,168,246,230,118,34,15,10,13,77634900,0,2673
"G3100530","2000","US","2","4","Nebraska","31","Dodge","053",,,,,"0",,,,,,,,,,,,,"9999","99","9","9999","9999","9",,,,,,,,,"1384074735","24681283","Dodge County","A","+41521339","-096587577","06",,,24.3,25769,10391,1140,1177,1122,1183,1142,1045,951,992,903,1649,1406,1026,311,160,115,103,500122800,10809,4659
"G3100550","2000","US","2","4","Nebraska","31","Douglas","055",,,,,"0",,,,,,,,,,,,,"5920","99","N","9999","9999","9",,,,,,,,,"857229815","22331145","Douglas County","A","+41264027","-096050944","06",,,13.9,452245,11340,14385,9747,11473,12295,12336,12574,11242,10400,9213,17161,20036,19910,9700,4226,3581,4274,8709206600,187896,4776
"G3100570","2000","US","2","4","Nebraska","31","Dundy","057",,,,,"0",,,,,,,,,,,,,"9999","99","9","9999","9999","9",,,,,,,,,"2382425157","2417854","Dundy County","A","+40111866","-101635310","06",,,37.0,0,2292,128,99,107,100,78,57,73,26,47,81,62,49,18,13,12,0,25323000,0,1196
"G3100590","2000","US","2","4","Nebraska","31","Fillmore","059",,,,,"0",,,,,,,,,,,,,"9999","99","9","9999","9999","9",,,,,,,,,"1493023744","410198","Fillmore County","A","+40533947","-097568094","06",,,37.3,0,6634,246,161,233,228,243,218,255,202,151,262,197,180,53,13,15,22,85695300,0,2990
"G3100610","2000","US","2","4","Nebraska","31","Franklin","061",,,,,"0",,,,,,,,,,,,,"9999","99","9","9999","9999","9",,,,,,,,,"1491630108","487893","Franklin County","A","+40171097","-098944212","06",,,44.1,0,3574,164,166,143,147,142,133,116,111,61,105,87,57,21,6,14,12,39541900,0,1746
"G3100630","2000","US","2","4","Nebraska","31","Frontier","063",,,,,"0",,,,,,,,,,,,,"9999","99","9","9999","9999","9",,,,,,,,,"2524071575","14274992","Frontier County","A","+40549039","-100401627","06",,,47.9,0,3099,138,79,86,130,108,104,93,89,74,83,78,68,18,12,14,14,38243700,0,1543
"G3100650","2000","US","2","4","Nebraska","31","Furnas","065",,,,,"0",,,,,,,,,,,,,"9999","99","9","9999","9999","9",,,,,,,,,"1859835110","6279784","Furnas County","A","+40191085","-099910559","06",,,42.2,0,5324,242,216,216,223,219,236,138,144,147,165,145,86,47,25,20,16,61537300,0,2730
"G3100670","2000","US","2","4","Nebraska","31","Gage","067",,,,,"0",,,,,,,,,,,,,"9999","99","9","9999","9999","9",,,,,,,,,"2215184470","12043138","Gage County","A","+40248785","-096692942","06",,,26.0,12894,10099,877,700,729,803,741,824,746,543,547,983,839,598,184,108,48,52,294904400,5786,4244
"G3100690","2000","US","2","4","Nebraska","31","Garden","069",,,,,"0",,,,,,,,,,,,,"9999","99","9","9999","9999","9",,,,,,,,,"4414372932","68885095","Garden County","A","+41527955","-102344241","06",,,46.8,0,2292,125,99,127,131,96,82,59,51,52,78,57,29,20,6,4,4,23903600,0,1298
"G3100710","2000","US","2","4","Nebraska","31","Garfield","071",,,,,"0",,,,,,,,,,,,,"9999","99","9","9999","9999","9",,,,,,,,,"1476366723","3392519","Garfield County","A","+41830464","-099039981","06",,,47.3,0,1902,127,110,83,63,64,59,59,56,37,69,38,29,18,4,2,0,18434400,0,1021
"G3100730","2000","US","2","4","Nebraska","31","Gosper","073",,,,,"0",,,,,,,,,,,,,"9999","99","9","9999","9999","9",,,,,,,,,"1186667805","11833757","Gosper County","A","+40554307","-099840191","06",,,44.2,0,2143,67,67,55,69,63,88,78,67,53,91,74,53,15,13,16,6,28333900,0,1281
"G3100750","2000","US","2","4","Nebraska","31","Grant","075",,,,,"0",,,,,,,,,,,,,"9999","99","9","9999","9999","9",,,,,,,,,"2010412262","18132573","Grant County","A","+41896813","-101724423","06",,,45.8,0,747,22,36,19,25,18,30,40,17,20,41,13,11,0,2,4,0,9318400,0,449
"G3100770","2000","US","2","4","Nebraska","31","Greeley","077",,,,,"0",,,,,,,,,,,,,"9999","99","9","9999","9999","9",,,,,,,,,"1475914080","2207228","Greeley County","A","+41567232","-098487658","06",,,46.3,0,2714,126,125,94,118,92,116,68,68,50,79,67,38,18,6,6,0,24762400,0,1199
"G3100790","2000","US","2","4","Nebraska","31","Hall","079",,,,,"0",,,,,,,,,,,,,"9999","99","9","9999","9999","9",,,,,,,,,"1415161208","15092791","Hall County","A","+40894156","-098417732","06",,,21.0,45064,8470,1959,1441,1581,1631,1634,1330,1332,1496,1202,2119,2043,1350,549,258,223,200,728822300,18206,3368
"G3100810","2000","US","2","4","Nebraska","31","Hamilton","081",,,,,"0",,,,,,,,,,,,,"9999","99","9","9999","9999","9",,,,,,,,,"1408113575","8007677","Hamilton County","A","+40876641","-098021361","06",,,30.8,4233,5170,208,197,244,252,282,304,248,291,240,465,326,232,118,38,28,36,126755500,1793,2057
"G3100830","2000","US","2","4","Nebraska","31","Harlan","083",,,,,"0",,,,,,,,,,,,,"9999","99","9","9999","9999","9",,,,,,,,,"1431701895","55421567","Harlan County","A","+40154431","-099414477","06",,,41.5,0,3786,167,166,135,152,152,155,106,103,109,117,111,53,13,24,11,8,40475800,0,2327
"G3100850","2000","US","2","4","Nebraska","31","Hayes","085",,,,,"0",,,,,,,,,,,,,"9999","99","9","9999","9999","9",,,,,,,,,"1846957473","570786","Hayes County","A","+40516243","-101081310","06",,,46.7,0,1068,55,53,47,45,53,34,17,31,18,17,34,18,7,2,3,2,11063500,0,526
"G3100870","2000","US","2","4","Nebraska","31","Hitchcock","087",,,,,"0",,,,,,,,,,,,,"9999","99","9","9999","9999","9",,,,,,,,,"1838965336","22124480","Hitchcock County","A","+40202916","-101010995","06",,,48.9,0,3111,166,132,145,117,123,117,72,83,39,96,96,57,29,4,13,3,32207000,0,1675
"G3100890","2000","US","2","4","Nebraska","31","Holt","089",,,,,"0",,,,,,,,,,,,,"9999","99","9","9999","9999","9",,,,,,,,,"6248754768","12930868","Holt County","A","+42486684","-098726258","06",,,36.4,3542,8009,565,435,439,432,348,392,336,308,278,374,320,201,78,32,22,38,131665100,1663,3618
"G3100910","2000","US","2","4","Nebraska","31","Hooker","091",,,,,"0",,,,,,,,,,,,,"9999","99","9","9999","9999","9",,,,,,,,,"1867810427","882999","Hooker County","A","+42042065","-101081138","06",,,44.2,0,783,30,40,43,29,41,31,26,22,9,25,21,9,4,0,3,4,8985900,0,440
"G3100930","2000","US","2","4","Nebraska","31","Howard","093",,,,,"0",,,,,,,,,,,,,"9999","99","9","9999","9999","9",,,,,,,,,"1474917271","16247192","Howard County","A","+41207692","-098539527","06",,,33.9,0,6567,288,189,207,235,208,207,189,218,148,246,212,131,41,19,20,11,78526800,0,2782
"G3100950","2000","US","2","4","Nebraska","31","Jefferson","095",,,,,"0",,,,,,,,,,,,,"9999","99","9","9999","9999","9",,,,,,,,,"1484101954","6424980","Jefferson County","A","+40162013","-097145107","06",,,24.6,4299,4034,357,310,352,347,268,295,233,201,240,347,282,142,57,32,27,38,107310200,2130,1812
"G3100970","2000","US","2","4","Nebraska","31","Johnson","097",,,,,"0",,,,,,,,,,,,,"9999","99","9","9999","9999","9",,,,,,,,,"974173497","1781896","Johnson County","A","+40392860","-096250792","06",,,46.5,0,4488,189,176,200,169,114,164,122,123,108,215,132,90,35,24,12,8,53994700,0,2116
"G3100990","2000","US","2","4","Nebraska","31","Kearney","099",,,,,"0",,,,,,,,,,,,,"9999","99","9","9999","9999","9",,,,,,,,,"1336508766","272320","Kearney County","A","+40494463","-098961728","06",,,29.6,2885,3997,178,173,169,220,210,189,208,187,175,303,303,209,58,25,0,28,92865600,1245,1601
"G3101010","2000","US","2","4","Nebraska","31","Keith","101",,,,,"0",,,,,,,,,,,,,"9999","99","9","9999","9999","9",,,,,,,,,"2748645011","125640923","Keith County","A","+41174579","-101693340","06",,,27.2,4581,4294,338,293,286,472,294,278,294,239,212,320,312,218,73,23,16,31,112480700,2214,2964
"G3101030","2000","US","2","4","Nebraska","31","Keya Paha","103",,,,,"0",,,,,,,,,,,,,"9999","99","9","9999","9999","9",,,,,,,,,"2002803647","2293481","Keya Paha County","A","+42870255","-099735948","06",,,49.8,0,983,87,38,41,41,52,28,39,35,8,13,12,10,2,2,5,0,7830100,0,548
"G3101050","2000","US","2","4","Nebraska","31","Kimball","105",,,,,"0",,,,,,,,,,,,,"9999","99","9","9999","9999","9",,,,,,,,,"2464952386","1509659","Kimball County","A","+41210944","-103681543","06",,,26.3,2559,1530,183,192,138,162,164,159,104,99,66,149,145,81,40,8,17,16,50522400,1197,775
"G3101070","2000","US","2","4","Nebraska","31","Knox","107",,,,,"0",,,,,,,,,,,,,"9999","99","9","9999","9999","9",,,,,,,,,"2870014677","81672526","Knox County","A","+42629202","-097854462","06",,,43.1,0,9374,542,419,398,373,320,338,277,216,159,281,249,134,41,26,11,16,91021900,0,4773
"G3101090","2000","US","2","4","Nebraska","31","Lancaster","109",,,,,"0",,,,,,,,,,,,,"4360","99","N","9999","9999","9",,,,,,,,,"2172691291","20275749","Lancaster County","A","+40796701","-096681392","06",,,15.1,226460,23831,7272,6058,6233,7365,6646,7234,6262,6174,5367,9871,11682,9782,4401,1921,1521,1465,4368062700,95378,8839
"G3101110","2000","US","2","4","Nebraska","31","Lincoln","111",,,,,"0",,,,,,,,,,,,,"9999","99","9","9999","9999","9",,,,,,,,,"6640665043","28802238","Lincoln County","A","+41073750","-100755420","06",,,24.3,24068,10564,1405,1064,1210,1061,1014,939,1023,881,727,1437,1265,1144,493,164,154,110,503102900,10812,4626
"G3101130","2000","US","2","4","Nebraska","31","Logan","113",,,,,"0",,,,,,,,,,,,,"9999","99","9","9999","9999","9",,,,,,,,,"1478057458","1204095","Logan County","A","+41511919","-100477611","06",,,51.6,0,774,28,12,30,35,36,30,24,28,33,19,19,9,10,0,1,1,8859200,0,386
"G3101150","2000","US","2","4","Nebraska","31","Loup","115",,,,,"0",,,,,,,,,,,,,"9999","99","9","9999","9999","9",,,,,,,,,"1475539038","3387965","Loup County","A","+41870216","-099418360","06",,,49.0,0,712,35,38,30,31,31,23,24,11,16,17,11,9,3,2,1,0,6284300,0,377
"G3101170","2000","US","2","4","Nebraska","31","McPherson","117",,,,,"0",,,,,,,,,,,,,"9999","99","9","9999","9999","9",,,,,,,,,"2224752851","2680677","McPherson County","A","+41556075","-101027583","06",,,43.7,0,533,28,27,20,27,18,12,16,9,11,17,10,11,7,0,0,0,5609600,0,283
"G3101190","2000","US","2","4","Nebraska","31","Madison","119",,,,,"0",,,,,,,,,,,,,"9999","99","9","9999","9999","9",,,,,,,,,"1482939276","6438424","Madison County","A","+41963138","-097525802","06",,,26.0,24540,10686,1380,918,1030,1176,1101,951,869,788,761,1470,1256,1088,370,113,81,70,468310200,10366,4066
"G3101210","2000","US","2","4","Nebraska","31","Merrick","121",,,,,"0",,,,,,,,,,,,,"9999","99","9","9999","9999","9",,,,,,,,,"1255825790","25504022","Merrick County","A","+41154660","-098011398","06",,,34.9,3293,4911,276,238,229,287,311,260,291,292,175,272,287,187,47,11,10,25,101275000,1463,2186
"G3101230","2000","US","2","4","Nebraska","31","Morrill","123",,,,,"0",,,,,,,,,,,,,"9999","99","9","9999","9999","9",,,,,,,,,"3687496634","15698177","Morrill County","A","+41702090","-103085600","06",,,49.0,0,5440,242,229,192,219,183,182,139,119,116,189,171,106,29,20,6,7,61015100,0,2460
"G3101250","2000","US","2","4","Nebraska","31","Nance","125",,,,,"0",,,,,,,,,,,,,"9999","99","9","9999","9999","9",,,,,,,,,"1143006230","17424702","Nance County","A","+41399273","-097946016","06",,,48.1,0,4038,178,144,164,144,130,118,135,122,86,141,97,71,32,3,14,16,46028400,0,1787
"G3101270","2000","US","2","4","Nebraska","31","Nemaha","127",,,,,"0",,,,,,,,,,,,,"9999","99","9","9999","9999","9",,,,,,,,,"1060093894","6689781","Nemaha County","A","+40393169","-095829968","06",,,29.7,3517,4059,331,269,239,297,272,193,161,159,144,298,277,264,69,18,37,10,95838600,1669,1770
"G3101290","2000","US","2","4","Nebraska","31","Nuckolls","129",,,,,"0",,,,,,,,,,,,,"9999","99","9","9999","9999","9",,,,,,,,,"1490024213","1711553","Nuckolls County","A","+40150032","-098035503","06",,,35.5,0,5057,231,207,258,259,193,235,172,170,91,149,124,65,25,18,11,13,54526900,0,2530
"G3101310","2000","US","2","4","Nebraska","31","Otoe","131",,,,,"0",,,,,,,,,,,,,"9999","99","9","9999","9999","9",,,,,,,,,"1594622529","8812924","Otoe County","A","+40665989","-096077662","06",,,30.8,7059,8337,504,481,406,487,457,440,481,384,371,590,684,438,169,76,65,29,207886600,3085,3482
"G3101330","2000","US","2","4","Nebraska","31","Pawnee","133",,,,,"0",,,,,,,,,,,,,"9999","99","9","9999","9999","9",,,,,,,,,"1117766357","3568564","Pawnee County","A","+40138586","-096208595","06",,,47.2,0,3087,179,128,131,136,120,110,115,87,80,92,66,48,27,6,6,13,31070100,0,1587
"G3101350","2000","US","2","4","Nebraska","31","Perkins","135",,,,,"0",,,,,,,,,,,,,"9999","99","9","9999","9999","9",,,,,,,,,"2287415634","2840160","Perkins County","A","+40843798","-101632281","06",,,47.0,0,3200,146,83,104,110,110,96,87,80,88,111,110,72,42,17,7,14,42244200,0,1444
"G3101370","2000","US","2","4","Nebraska","31","Phelps","137",,,,,"0",,,,,,,,,,,,,"9999","99","9","9999","9999","9",,,,,,,,,"1398508393","1646734","Phelps County","A","+40489078","-099408342","06",,,30.8,5674,4073,354,272,243,271,333,306,277,265,255,404,361,226,140,46,40,47,137569500,2586,1605
"G3101390","2000","US","2","4","Nebraska","31","Pierce","139",,,,,"0",,,,,,,,,,,,,"9999","99","9","9999","9999","9",,,,,,,,,"1486463005","3473344","Pierce County","A","+42271344","-097610948","06",,,43.9,0,7857,302,279,241,268,281,235,165,198,170,260,270,169,56,27,35,26,94323100,0,3247
"G3101410","2000","US","2","4","Nebraska","31","Platte","141",,,,,"0",,,,,,,,,,,,,"9999","99","9","9999","9999","9",,,,,,,,,"1756189900","28517020","Platte County","A","+41515986","-097450374","06",,,27.0,21046,10616,946,841,784,980,915,1032,639,786,773,1436,1353,919,372,137,103,119,457086000,8822,4094
"G3101430","2000","US","2","4","Nebraska","31","Polk","143",,,,,"0",,,,,,,,,,,,,"9999","99","9","9999","9999","9",,,,,,,,,"1136579500","4868868","Polk County","A","+41184518","-097588967","06",,,48.3,0,5639,163,160,172,177,167,187,189,153,144,273,257,116,37,24,18,15,73802300,0,2717
"G3101450","2000","US","2","4","Nebraska","31","Red Willow","145",,,,,"0",,,,,,,,,,,,,"9999","99","9","9999","9999","9",,,,,,,,,"1856125543","3638455","Red Willow County","A","+40181368","-100503064","06",,,23.3,7868,3580,446,488,408,399,442,332,392,367,222,447,373,226,115,27,22,25,139628400,3723,1555
"G3101470","2000","US","2","4","Nebraska","31","Richardson","147",,,,,"0",,,,,,,,,,,,,"9999","99","9","9999","9999","9",,,,,,,,,"1432933919","6981194","Richardson County","A","+40126197","-095702546","06",,,27.8,4428,5103,460,445,376,445,277,322,205,297,235,239,378,196,63,47,0,12,113479200,2054,2506
"G3101490","2000","US","2","4","Nebraska","31","Rock","149",,,,,"0",,,,,,,,,,,,,"9999","99","9","9999","9999","9",,,,,,,,,"2611893491","8794649","Rock County","A","+42507127","-099470110","06",,,49.2,0,1756,129,68,88,75,93,39,55,44,26,51,45,15,16,2,7,2,18223000,0,935
"G3101510","2000","US","2","4","Nebraska","31","Saline","151",,,,,"0",,,,,,,,,,,,,"9999","99","9","9999","9999","9",,,,,,,,,"1490116520","1878878","Saline County","A","+40545566","-097093987","06",,,30.1,5883,7960,510,362,446,413,398,403,349,299,407,502,553,345,102,38,35,30,168886800,2119,3492
"G3101530","2000","US","2","4","Nebraska","31","Sarpy","153",,,,,"0",,,,,,,,,,,,,"5920","99","N","9999","9999","9",,,,,,,,,"622940492","17506001","Sarpy County","A","+41142870","-096031099","06",,,14.9,113638,8957,1347,1357,1621,2372,2528,2557,2256,2880,2530,5589,6796,6304,2887,1120,820,531,2277642500,41563,3418
"G3101550","2000","US","2","4","Nebraska","31","Saunders","155",,,,,"0",,,,,,,,,,,,,"9999","99","9","9999","9999","9",,,,,,,,,"1952579413","12747377","Saunders County","A","+41218350","-096606171","06",,,37.8,3945,15885,503,402,539,518,537,502,488,530,533,877,897,705,258,92,47,49,290137500,1669,6597
"G3101570","2000","US","2","4","Nebraska","31","Scotts Bluff","157",,,,,"0",,,,,,,,,,,,,"9999","99","9","9999","9999","9",,,,,,,,,"1914710656","16115803","Scotts Bluff County","A","+41866805","-103685046","06",,,23.1,24591,12360,1612,1252,1510,1469,1123,1094,1027,911,685,1144,1256,922,450,164,140,131,480473700,10707,5412
"G3101590","2000","US","2","4","Nebraska","31","Seward","159",,,,,"0",,,,,,,,,,,,,"9999","99","9","9999","9999","9",,,,,,,,,"1488604466","2522690","Seward County","A","+40876188","-097130218","06",,,27.9,6333,10163,474,356,401,452,489,311,283,403,395,714,737,536,220,120,74,40,240224700,2400,4028
"G3101610","2000","US","2","4","Nebraska","31","Sheridan","161",,,,,"0",,,,,,,,,,,,,"9999","99","9","9999","9999","9",,,,,,,,,"6322260408","74990955","Sheridan County","A","+42553562","-102430804","06",,,48.0,0,6198,275,312,267,234,212,223,210,151,106,177,205,105,40,18,14,6,64828800,0,3013
"G3101630","2000","US","2","4","Nebraska","31","Sherman","163",,,,,"0",,,,,,,,,,,,,"9999","99","9","9999","9999","9",,,,,,,,,"1465525181","14978795","Sherman County","A","+41199340","-098953378","06",,,41.1,0,3318,163,139,140,159,126,128,112,107,64,108,70,41,8,12,10,2,31954800,0,1839
"G3101650","2000","US","2","4","Nebraska","31","Sioux","165",,,,,"0",,,,,,,,,,,,,"9999","99","9","9999","9999","9",,,,,,,,,"5352440055","1885367","Sioux County","A","+42432082","-103792840","06",,,47.3,0,1475,52,68,36,84,63,58,44,22,27,50,37,26,13,4,12,5,17698300,0,780
"G3101670","2000","US","2","4","Nebraska","31","Stanton","167",,,,,"0",,,,,,,,,,,,,"9999","99","9","9999","9999","9",,,,,,,,,"1113246136","3190848","Stanton County","A","+41939922","-097213304","06",,,33.6,1578,4877,167,140,137,173,227,217,204,199,137,271,193,137,38,34,8,17,82863800,564,1888
"G3101690","2000","US","2","4","Nebraska","31","Thayer","169",,,,,"0",,,,,,,,,,,,,"9999","99","9","9999","9999","9",,,,,,,,,"1488086985","1939824","Thayer County","A","+40172690","-097601156","06",,,45.4,0,6055,281,259,199,246,256,220,169,160,132,235,171,129,52,22,10,15,70172000,0,2828
"G3101710","2000","US","2","4","Nebraska","31","Thomas","171",,,,,"0",,,,,,,,,,,,,"9999","99","9","9999","9999","9",,,,,,,,,"1846307604","2044936","Thomas County","A","+41976068","-100572708","06",,,41.7,0,729,49,30,32,40,17,19,34,18,8,20,30,21,6,0,0,0,8540500,0,446
"G3101730","2000","US","2","4","Nebraska","31","Thurston","173",,,,,"0",,,,,,,,,,,,,"9999","99","9","9999","9999","9",,,,,,,,,"1019967137","6316758","Thurston County","A","+42158896","-096555417","06",,,46.4,0,7171,304,211,246,222,209,172,147,133,121,169,155,112,19,11,2,9,60604600,0,2467
"G3101750","2000","US","2","4","Nebraska","31","Valley","175",,,,,"0",,,,,,,,,,,,,"9999","99","9","9999","9999","9",,,,,,,,,"1471393460","6230264","Valley County","A","+41549826","-098972085","06",,,33.7,0,4647,281,180,176,238,181,126,160,96,110,179,121,49,26,15,15,8,49146200,0,2273
"G3101770","2000","US","2","4","Nebraska","31","Washington","177",,,,,"0",,,,,,,,,,,,,"5920","99","N","9999","9999","9",,,,,,,,,"1011357253","8473136","Washington County","A","+41516281","-096198876","06",,,21.8,7357,11423,382,321,404,427,444,459,364,370,396,776,973,835,453,181,80,89,329991400,2933,4475
"G3101790","2000","US","2","4","Nebraska","31","Wayne","179",,,,,"0",,,,,,,,,,,,,"9999","99","9","9999","9999","9",,,,,,,,,"1148490238","120548","Wayne County","A","+42198600","-097103127","06",,,25.5,5527,4324,338,297,335,383,252,268,188,182,199,312,358,184,98,34,18,12,114152900,1938,1724
"G3101810","2000","US","2","4","Nebraska","31","Webster","181",,,,,"0",,,,,,,,,,,,,"9999","99","9","9999","9999","9",,,,,,,,,"1488959463","333721","Webster County","A","+40179525","-098474758","06",,,46.2,0,4061,208,162,148,178,157,156,138,108,88,126,122,61,27,11,7,11,46541000,0,1972
"G3101830","2000","US","2","4","Nebraska","31","Wheeler","183",,,,,"0",,,,,,,,,,,,,"9999","99","9","9999","9999","9",,,,,,,,,"1489672781","1059463","Wheeler County","A","+41909737","-098514133","06",,,50.5,0,886,53,32,46,31,31,35,29,21,18,18,17,10,9,4,0,4,10517300,0,561
"G3101850","2000","US","2","4","Nebraska","31","York","185",,,,,"0",,,,,,,,,,,,,"9999","99","9","9999","9999","9",,,,,,,,,"1490943927","930276","York County","A","+40868213","-097599156","06",,,26.6,7890,6708,417,446,357,508,479,436,482,424,323,641,576,364,111,60,50,44,188369200,3408,2764
"G3200010","2000","US","4","8","Nevada","32","Churchill","001",,,,,"0",,,,,,,,,,,,,"9999","99","9","9999","9999","9",,,,,,,,,"12766255433","244231084","Churchill County","A","+39495243","-118678088","06",,,13.1,15579,8403,698,430,601,526,868,614,613,583,501,966,1074,850,245,144,88,133,362201900,6364,3368
"G3200030","2000","US","4","8","Nevada","32","Clark","003",,,,,"0",,,,,,,,,,,,,"4120","99","N","9999","9999","9",,,,,,,,,"20487673594","467026617","Clark County","A","+36139215","-115117901","06",,,11.5,1344370,31395,36317,26040,28932,34753,32556,34658,32628,32507,27852,51528,58835,57155,26707,11846,9584,10816,24401705500,544766,15033
"G3200050","2000","US","4","8","Nevada","32","Douglas","005",,,,,"0",,,,,,,,,,,,,"9999","99","9","9999","9999","9",,,,,,,,,"1838503421","72004140","Douglas County","A","+38951122","-119725977","06",,,12.6,28444,12815,958,737,723,819,916,964,809,949,842,2033,2095,2180,1041,432,345,585,810754400,12342,6664
"G3200070","2000","US","4","8","Nevada","32","Elko","007",,,,,"0",,,,,,,,,,,,,"9999","99","9","9999","9999","9",,,,,,,,,"44493479182","61918274","Elko County","A","+40996901","-115404458","06",,,17.4,23916,21375,1047,780,737,878,999,981,851,875,1003,1948,2405,1830,856,241,177,81,745741700,9319,9137
"G3200090","2000","US","4","8","Nevada","32","Esmeralda","009",,,,,"0",,,,,,,,,,,,,"9999","99","9","9999","9999","9",,,,,,,,,"9294172662","1285047","Esmeralda County","A","+37829985","-117556859","06",,,41.5,0,971,73,33,18,35,43,36,20,21,24,39,53,33,23,0,0,2,13759200,0,833
"G3200110","2000","US","4","8","Nevada","32","Eureka","011",,,,,"0",,,,,,,,,,,,,"9999","99","9","9999","9999","9",,,,,,,,,"10814954673","11082841","Eureka County","A","+40011258","-116267484","06",,,41.9,0,1651,86,52,56,30,36,32,31,38,37,76,84,59,29,7,2,8,26432200,0,1025
"G3200130","2000","US","4","8","Nevada","32","Humboldt","013",,,,,"0",,,,,,,,,,,,,"9999","99","9","9999","9999","9",,,,,,,,,"24987980609","25797606","Humboldt County","A","+41311540","-117797442","06",,,13.5,9416,6690,356,355,268,315,387,292,308,366,420,616,800,804,242,94,41,80,273212400,4118,2836
"G3200150","2000","US","4","8","Nevada","32","Lander","015",,,,,"0",,,,,,,,,,,,,"9999","99","9","9999","9999","9",,,,,,,,,"14228439296","66925931","Lander County","A","+40026808","-117016325","06",,,16.1,3791,2003,200,112,96,120,121,161,97,116,171,266,313,258,64,21,0,0,87860000,1725,1055
"G3200170","2000","US","4","8","Nevada","32","Lincoln","017",,,,,"0",,,,,,,,,,,,,"9999","99","9","9999","9999","9",,,,,,,,,"27540913255","8198823","Lincoln County","A","+37836213","-114745652","06",,,21.3,0,4165,274,120,145,105,96,61,63,98,74,221,128,113,35,10,10,3,51850900,0,2178
"G3200190","2000","US","4","8","Nevada","32","Lyon","019",,,,,"0",,,,,,,,,,,,,"9999","99","9","9999","9999","9",,,,,,,,,"5163627269","58812123","Lyon County","A","+39178105","-119252726","06",,,12.3,17016,17485,1038,708,798,896,883,1170,869,1018,825,1512,1509,1038,327,130,135,167,483418300,6872,7407
"G3200210","2000","US","4","8","Nevada","32","Mineral","021",,,,,"0",,,,,,,,,,,,,"9999","99","9","9999","9999","9",,,,,,,,,"9729043485","146502586","Mineral County","A","+38525236","-118466414","06",,,20.2,3492,1579,302,204,155,163,196,148,151,153,94,191,229,136,59,2,12,6,61809900,1917,949
"G3200230","2000","US","4","8","Nevada","32","Nye","023",,,,,"0",,,,,,,,,,,,,"4120","99","N","9999","9999","9",,,,,,,,,"46999636520","31249657","Nye County","A","+37895867","-116564187","06",,,10.9,14616,17869,1410,1089,884,1059,1022,966,977,958,724,1026,1242,1213,408,184,64,86,416618100,6822,9112
"G3200270","2000","US","4","8","Nevada","32","Pershing","027",,,,,"0",,,,,,,,,,,,,"9999","99","9","9999","9999","9",,,,,,,,,"15634612520","80260853","Pershing County","A","+40427863","-118271038","06",,,23.6,0,6693,206,133,138,132,129,131,86,127,152,213,260,158,53,21,7,16,94107300,0,2389
"G3200290","2000","US","4","8","Nevada","32","Storey","029",,,,,"0",,,,,,,,,,,,,"9999","99","9","9999","9999","9",,,,,,,,,"682338873","890498","Storey County","A","+39386106","-119611095","06",,,15.2,191,3208,109,35,35,103,98,77,111,156,53,135,218,234,40,30,26,8,62849600,79,1517
"G3200310","2000","US","4","8","Nevada","32","Washoe","031",,,,,"0",,,,,,,,,,,,,"6720","99","N","9999","9999","9",,,,,,,,,"16426407878","541430135","Washoe County","A","+39704166","-119763634","06",,,12.2,315335,24151,8965,6906,7155,8890,8650,8013,8088,8181,6995,13048,15397,14870,7437,3295,2733,3569,6544848600,133767,10141
"G3200330","2000","US","4","8","Nevada","32","White Pine","033",,,,,"0",,,,,,,,,,,,,"9999","99","9","9999","9999","9",,,,,,,,,"22988684086","53411374","White Pine County","A","+39307378","-114922453","06",,,12.5,4299,4882,402,197,239,240,242,203,231,204,165,453,299,252,79,27,17,35,138704500,2370,2069
"G3205100","2000","US","4","8","Nevada","32","Carson City","510",,,,,"9",,,,,,,,,,,,,"9999","99","9","9999","9999","9",,,,,,,,,"371286092","31871712","Carson City","F","+39160949","-119753877","09",,,12.0,49316,3141,1540,1314,1200,1466,1173,1440,1489,1210,1190,1843,2360,2121,923,379,304,285,848325200,19897,1386
"G3300010","2000","US","1","1","New Hampshire","33","Belknap","001",,,,,"0",,,,,,,,,,,,,"9999","99","9","9999","9999","9",,,,,,,,,"1039344300","174204374","Belknap County","A","+43515202","-071436077","06",,,17.2,22471,33854,1328,1286,1258,1557,1526,1663,1452,1551,1305,2455,2658,2321,905,330,372,477,997854900,12044,20077
"G3300030","2000","US","1","1","New Hampshire","33","Carroll","003",,,,,"0",,,,,,,,,,,,,"9999","99","9","9999","9999","9",,,,,,,,,"2418526952","151350772","Carroll County","A","+43822605","-071181589","06",,,27.7,0,43666,1306,1143,1422,1392,1380,1235,1318,1190,1038,1912,1864,1458,702,360,331,336,677992400,0,34750
"G3300050","2000","US","1","1","New Hampshire","33","Cheshire","005",,,,,"0",,,,,,,,,,,,,"9999","99","9","9999","9999","9",,,,,,,,,"1832146309","56330923","Cheshire County","A","+42911802","-072242077","06",,,21.5,24961,48864,2086,1467,1750,1887,2018,2157,1814,1742,1577,3131,3450,2804,1083,496,446,413,1198797900,10796,21080
"G3300070","2000","US","1","1","New Hampshire","33","Coos","007",,,,,"0",,,,,,,,,,,,,"9999","99","9","9999","9999","9",,,,,,,,,"4662978515","80433674","Coos County","A","+44613772","-071339940","06",,,29.7,11387,21724,1567,1369,1114,1075,1124,972,1022,938,831,1261,1346,781,340,113,60,64,434606000,5754,13869
"G3300090","2000","US","1","1","New Hampshire","33","Grafton","009",,,,,"0",,,,,,,,,,,,,"9999","99","9","9999","9999","9",,,,,,,,,"4437509185","95176279","Grafton County","A","+43896067","-071894630","06",,,25.1,28746,52997,2486,1738,2196,2082,2155,2091,2087,2160,1876,3387,3200,2947,1264,641,708,590,1372800600,10662,33067
"G3300110","2000","US","1","1","New Hampshire","33","Hillsborough","011",,,,,"0",,,,,,,,,,,,,"####","##","#","####","1123","N",,,,,,,,,"2269764589","41021469","Hillsborough County","A","+42895585","-071582737","06",,,13.9,297060,83781,8074,6169,6485,7584,7198,7629,8088,7570,7482,14713,19358,20083,10808,5049,4538,3649,8121705200,118938,31023
"G3300130","2000","US","1","1","New Hampshire","33","Merrimack","013",,,,,"0",,,,,,,,,,,,,"####","##","#","####","9999","9",,,,,,,,,"2420162999","57136156","Merrimack County","A","+43277704","-071637253","06",,,18.4,62852,73373,3126,2363,2640,2994,3023,3285,3165,3093,2980,5755,6343,6893,2846,1388,1016,982,2529811100,26535,29709
"G3300150","2000","US","1","1","New Hampshire","33","Rockingham","015",,,,,"0",,,,,,,,,,,,,"####","##","#","####","1123","N",,,,,,,,,"1799950065","256409214","Rockingham County","A","+42962870","-071077622","06",,,14.4,195666,81693,4644,3743,4156,4577,4719,5209,5141,5811,5029,10876,14382,16406,8616,4594,3707,2976,6317527600,82734,30289
"G3300170","2000","US","1","1","New Hampshire","33","Strafford","017",,,,,"0",,,,,,,,,,,,,"####","##","#","####","1123","N",,,,,,,,,"955086700","39247782","Strafford County","A","+43258288","-070976101","06",,,15.5,73263,38970,2898,2451,2170,2623,2683,2941,2615,2981,2679,4462,5216,4840,2076,672,746,478,1880249400,29425,16114
"G3300190","2000","US","1","1","New Hampshire","33","Sullivan","019",,,,,"0",,,,,,,,,,,,,"9999","99","9","9999","9999","9",,,,,,,,,"1391796133","37659407","Sullivan County","A","+43344206","-072247327","06",,,23.9,14946,25512,1293,906,1167,1097,1158,1135,1293,1045,1002,1862,1816,1476,591,219,194,273,640787400,6897,13261
"G3400010","2000","US","1","2","New Jersey","34","Atlantic","001",,,,,"0",,,,,,,,,,,,,"6162","77","N","0560","9999","9",,,,,,,,,"1453175705","285861629","Atlantic County","A","+39447721","-074621566","06",,,13.8,216446,36106,8064,5306,5523,6206,6346,6049,5353,5715,5088,9651,10787,10847,5006,2059,1335,1690,4280168700,100948,13142
"G3400030","2000","US","1","2","New Jersey","34","Bergen","003",,,,,"0",,,,,,,,,,,,,"5602","70","N","0875","9999","9",,,,,,,,,"606500068","32700752","Bergen County","A","+40930457","-074059037","06",,,13.4,882615,1503,16418,12028,12372,12650,13578,14198,15181,14669,13696,27150,35691,48612,32563,18661,19403,24021,24468759400,339211,609
"G3400050","2000","US","1","2","New Jersey","34","Burlington","005",,,,,"0",,,,,,,,,,,,,"6162","77","N","6160","9999","9",,,,,,,,,"2083834265","38476657","Burlington County","A","+39955204","-074775955","06",,,14.7,391644,31750,6016,5311,5823,6804,7882,7941,7941,8303,7553,15432,20493,23990,14064,7176,5371,4471,9294723000,150594,10717
"G3400070","2000","US","1","2","New Jersey","34","Camden","007",,,,,"0",,,,,,,,,,,,,"6162","77","N","6160","9999","9",,,,,,,,,"575748971","13680780","Camden County","A","+39869213","-075029263","06",,,13.3,505297,3635,15391,9940,9872,10599,10301,10723,10331,9950,9004,16955,22430,23075,11986,6179,4769,4332,9388794400,198233,1446
"G3400090","2000","US","1","2","New Jersey","34","Cape May","009",,,,,"0",,,,,,,,,,,,,"6162","77","N","0560","9999","9",,,,,,,,,"660927764","945588957","Cape May County","A","+39088069","-074799100","06",,,14.7,85089,17237,3152,2810,3056,3062,2809,2822,2425,2598,1997,3543,4129,4553,2141,985,915,1143,1760398300,83492,7555
"G3400110","2000","US","1","2","New Jersey","34","Cumberland","011",,,,,"0",,,,,,,,,,,,,"6162","77","N","8760","9999","9",,,,,,,,,"1267273415","485091741","Cumberland County","A","+39399565","-075090565","06",,,14.2,117281,29157,5243,3610,3278,3443,3313,3219,2842,2992,2445,4437,5510,4716,2163,799,494,592,2010220400,41379,11484
"G3400130","2000","US","1","2","New Jersey","34","Essex","013",,,,,"0",,,,,,,,,,,,,"5602","70","N","5640","9999","9",,,,,,,,,"327029640","8528767","Essex County","A","+40773050","-074223065","06",,,12.9,793310,323,36560,17456,16015,14872,15319,14697,13896,13154,12022,20419,27092,29615,17961,10348,10184,14082,16379703600,300850,161
"G3400150","2000","US","1","2","New Jersey","34","Gloucester","015",,,,,"0",,,,,,,,,,,,,"6162","77","N","6160","9999","9",,,,,,,,,"841016405","31601580","Gloucester County","A","+39752778","-075136197","06",,,14.6,226397,28276,5037,4037,3916,4449,4942,4472,5034,4626,4610,9192,11941,14417,7321,3179,2169,1413,4889173600,84844,10210
"G3400170","2000","US","1","2","New Jersey","34","Hudson","017",,,,,"0",,,,,,,,,,,,,"5602","70","N","3640","9999","9",,,,,,,,,"120920280","40778898","Hudson County","A","+40740351","-074069000","06",,,13.1,608975,0,29406,15737,14135,13724,14266,14131,13077,12417,10948,18084,21986,23319,12439,6360,5595,5074,11034382400,240618,0
"G3400190","2000","US","1","2","New Jersey","34","Hunterdon","019",,,,,"0",,,,,,,,,,,,,"5602","70","N","5015","9999","9",,,,,,,,,"1113545868","20244411","Hunterdon County","A","+40573190","-074897060","06",,,16.3,57233,64756,1134,1143,1308,1079,1358,1457,1504,1623,1517,3182,5017,7207,5154,3389,3927,3731,3820910300,21791,23241
"G3400210","2000","US","1","2","New Jersey","34","Mercer","021",,,,,"0",,,,,,,,,,,,,"5602","70","N","8480","9999","9",,,,,,,,,"585153425","7528582","Mercer County","A","+40252908","-074711654","06",,,12.2,336144,14617,9359,5262,5537,5862,5710,6141,5957,6013,5603,10301,14581,16586,10922,5823,5841,6289,8116825300,127831,5449
"G3400230","2000","US","1","2","New Jersey","34","Middlesex","023",,,,,"0",,,,,,,,,,,,,"5602","70","N","5015","9999","9",,,,,,,,,"802169805","33131870","Middlesex County","A","+40494044","-074383918","06",,,14.1,742895,7267,13102,9965,10087,10516,11784,12614,12270,12985,11842,23854,33454,42599,26526,14018,11823,8459,16835377100,271243,2394
"G3400250","2000","US","1","2","New Jersey","34","Monmouth","025",,,,,"0",,,,,,,,,,,,,"5602","70","N","5190","9999","9",,,,,,,,,"1222313221","500334433","Monmouth County","A","+40285874","-074127063","06",,,14.2,586982,28319,12292,9194,8190,9494,9536,9858,9524,9398,9108,17327,25747,32229,21782,13751,13429,13588,16008064100,231438,9446
"G3400270","2000","US","1","2","New Jersey","34","Morris","027",,,,,"0",,,,,,,,,,,,,"5602","70","N","5640","9999","9",,,,,,,,,"1214684587","31841090","Morris County","A","+40867167","-074500442","06",,,13.7,432845,37367,5280,4162,4068,4948,5405,6123,6244,6992,6068,12827,19851,26978,19508,12283,13776,15281,14863641100,161571,12808
"G3400290","2000","US","1","2","New Jersey","34","Ocean","029",,,,,"0",,,,,,,,,,,,,"5602","70","N","5190","9999","9",,,,,,,,,"1647947493","724166491","Ocean County","A","+39918818","-074210903","06",,,13.1,496071,14845,11997,12169,13138,12957,11971,12070,11770,11175,10067,18341,23341,25159,12821,5844,4475,3258,8444673200,242578,6133
"G3400310","2000","US","1","2","New Jersey","34","Passaic","031",,,,,"0",,,,,,,,,,,,,"5602","70","N","0875","9999","9",,,,,,,,,"479903640","30457274","Passaic County","A","+40946491","-074216831","06",,,12.9,477134,11915,13508,8793,9122,8940,9219,8913,8752,8393,7394,14431,17199,20815,12692,6276,5457,4013,8708762700,165526,4522
"G3400330","2000","US","1","2","New Jersey","34","Salem","033",,,,,"0",,,,,,,,,,,,,"6162","77","N","6160","9999","9",,,,,,,,,"875105142","89848883","Salem County","A","+39628764","-075385539","06",,,19.5,37868,26417,1867,1404,1506,1381,1583,1293,1477,1488,1128,2258,3141,3196,1467,593,273,261,1064644700,16123,10035
"G3400350","2000","US","1","2","New Jersey","34","Somerset","035",,,,,"0",,,,,,,,,,,,,"5602","70","N","5015","9999","9",,,,,,,,,"789134743","942362","Somerset County","A","+40566953","-074580607","06",,,13.9,276986,20504,3145,3009,3056,3182,3501,3555,4098,4448,4039,8779,12330,16763,12030,7896,9259,9980,9686501100,104486,7537
"G3400370","2000","US","1","2","New Jersey","34","Sussex","037",,,,,"0",,,,,,,,,,,,,"5602","70","N","5640","9999","9",,,,,,,,,"1350045452","38162354","Sussex County","A","+41099846","-074665155","06",,,17.1,86585,57581,1967,1589,1666,1784,1861,2095,2219,2462,2407,4722,7012,9053,5448,2566,2375,1563,3391488700,33936,22592
"G3400390","2000","US","1","2","New Jersey","34","Union","039",,,,,"0",,,,,,,,,,,,,"5602","70","N","5640","9999","9",,,,,,,,,"267517696","5624852","Union County","A","+40657752","-074301654","06",,,13.1,522541,0,12758,8914,8831,8903,9603,9378,8980,8957,7687,15597,21056,24363,15431,8427,8465,8743,11613949200,192945,0
"G3400410","2000","US","1","2","New Jersey","34","Warren","041",,,,,"0",,,,,,,,,,,,,"5602","70","N","5640","9999","9",,,,,,,,,"926870216","12658015","Warren County","A","+40803025","-075030699","06",,,18.1,58512,43925,2243,1944,1570,1682,1725,1688,1882,2180,1855,3893,5081,5836,3465,1621,1157,853,2208191900,24527,16630
"G3500010","2000","US","4","8","New Mexico","35","Bernalillo","001",,,,,"0",,,,,,,,,,,,,"0200","99","N","9999","9999","9",,,,,,,,,"3020015825","6776278","Bernalillo County","A","+35101046","-106612469","06",,,13.0,532555,24123,21249,15299,15891,16145,15462,15709,13634,12911,11162,18970,20765,20950,10085,4854,3917,3936,8989013500,229611,9463
"G3500030","2000","US","4","8","New Mexico","35","Catron","003",,,,,"0",,,,,,,,,,,,,"9999","99","9","9999","9999","9",,,,,,,,,"17942940225","3166828","Catron County","A","+33956778","-108440847","06",,,37.2,0,3543,333,159,190,135,112,125,101,80,44,108,93,65,29,8,3,2,29433500,0,2548
"G3500050","2000","US","4","8","New Mexico","35","Chaves","005",,,,,"0",,,,,,,,,,,,,"9999","99","9","9999","9999","9",,,,,,,,,"15723458875","10899208","Chaves County","A","+33355893","-104444987","06",,,16.0,47158,14224,3282,2326,2110,2141,1972,1531,1415,1334,938,1616,1566,1232,506,160,178,252,671914800,20052,5595
"G3500060","2000","US","4","8","New Mexico","35","Cibola","006",,,,,"0",,,,,,,,,,,,,"9999","99","9","9999","9999","9",,,,,,,,,"11756510105","6474885","Cibola County","A","+35049742","-107976125","06",,,21.0,10279,15316,1360,816,809,731,724,758,549,411,383,571,587,402,112,56,23,43,238143900,4204,6124
"G3500070","2000","US","4","8","New Mexico","35","Colfax","007",,,,,"0",,,,,,,,,,,,,"9999","99","9","9999","9999","9",,,,,,,,,"9730046562","29150621","Colfax County","A","+36567573","-104665501","06",,,27.3,6789,7400,653,573,490,546,553,437,399,313,331,426,534,259,132,52,44,57,163016100,3265,5694
"G3500090","2000","US","4","8","New Mexico","35","Curry","009",,,,,"0",,,,,,,,,,,,,"9999","99","9","9999","9999","9",,,,,,,,,"3641392209","4450841","Curry County","A","+34481212","-103253378","06",,,15.7,38442,6602,2293,1826,1379,1704,1445,1302,1148,964,837,1212,1086,836,286,207,113,175,510952900,16435,2777
"G3500110","2000","US","4","8","New Mexico","35","De Baca","011",,,,,"0",,,,,,,,,,,,,"9999","99","9","9999","9999","9",,,,,,,,,"6021387600","23215618","De Baca County","A","+34365068","-104232700","06",,,39.4,0,2240,167,89,122,78,68,83,50,45,41,40,74,43,16,2,0,6,20556700,0,1307
"G3500130","2000","US","4","8","New Mexico","35","Dona Ana","013",,,,,"0",,,,,,,,,,,,,"4100","99","N","9999","9999","9",,,,,,,,,"9860559833","19259154","Dona Ana County","A","+32274123","-106781670","06",,,12.8,139836,34846,8686,6383,5405,4868,4566,4079,3618,3409,2517,4295,4451,4038,1508,712,428,516,1849354200,52508,12702
"G3500150","2000","US","4","8","New Mexico","35","Eddy","015",,,,,"0",,,,,,,,,,,,,"9999","99","9","9999","9999","9",,,,,,,,,"10831385925","40281198","Eddy County","A","+32527170","-104262035","06",,,15.2,38980,12678,2536,1866,1770,1547,1461,1316,1394,1182,1017,1605,1500,1240,454,141,178,203,592117200,17045,5204
"G3500170","2000","US","4","8","New Mexico","35","Grant","017",,,,,"0",,,,,,,,,,,,,"9999","99","9","9999","9999","9",,,,,,,,,"10271585524","4201280","Grant County","A","+32708567","-108246748","06",,,21.4,17861,13141,1725,1296,1141,1101,955,892,883,793,558,924,833,534,230,97,102,74,305423500,7755,6311
"G3500190","2000","US","4","8","New Mexico","35","Guadalupe","019",,,,,"0",,,,,,,,,,,,,"9999","99","9","9999","9999","9",,,,,,,,,"7848628789","3115444","Guadalupe County","A","+34862953","-104813622","06",,,33.9,2530,2150,377,197,143,120,182,130,84,122,54,110,62,60,6,8,4,2,38579100,939,1221
"G3500210","2000","US","4","8","New Mexico","35","Harding","021",,,,,"0",,,,,,,,,,,,,"9999","99","9","9999","9999","9",,,,,,,,,"5504611815","1578018","Harding County","A","+35897974","-103878339","06",,,40.9,0,810,64,35,40,36,28,23,24,19,12,30,31,9,4,8,0,3,8388400,0,545
"G3500230","2000","US","4","8","New Mexico","35","Hidalgo","023",,,,,"0",,,,,,,,,,,,,"9999","99","9","9999","9999","9",,,,,,,,,"8924148744","722985","Hidalgo County","A","+32025077","-108736570","06",,,29.9,2986,2946,447,252,224,159,134,164,143,117,69,144,124,93,37,19,12,14,54269000,1249,1599
"G3500250","2000","US","4","8","New Mexico","35","Lea","025",,,,,"0",,,,,,,,,,,,,"9999","99","9","9999","9999","9",,,,,,,,,"11377705796","2750135","Lea County","A","+32728441","-103327764","06",,,16.0,43665,11846,3017,1925,1690,1612,1676,1436,1316,1139,945,1505,1526,1038,501,108,108,178,597847400,18230,5175
"G3500270","2000","US","4","8","New Mexico","35","Lincoln","027",,,,,"0",,,,,,,,,,,,,"9999","99","9","9999","9999","9",,,,,,,,,"12512149241","735685","Lincoln County","A","+33618198","-105540971","06",,,24.7,9251,10160,806,714,796,671,657,574,527,504,410,647,667,591,321,92,136,93,251901700,7858,7440
"G3500280","2000","US","4","8","New Mexico","35","Los Alamos","028",,,,,"0",,,,,,,,,,,,,"7490","99","N","9999","9999","9",,,,,,,,,"283202780","0","Los Alamos County","A","+35871602","-106280313","06",,,14.9,16215,2128,262,134,184,219,194,235,175,366,281,648,831,1409,1128,752,481,196,503148100,7027,910
"G3500290","2000","US","4","8","New Mexico","35","Luna","029",,,,,"0",,,,,,,,,,,,,"9999","99","9","9999","9999","9",,,,,,,,,"7679544556","488373","Luna County","A","+32176393","-107712209","06",,,16.3,14971,10045,1997,1295,1223,960,659,552,461,400,344,532,471,287,56,46,52,52,176451000,6437,4854
"G3500310","2000","US","4","8","New Mexico","35","McKinley","031",,,,,"0",,,,,,,,,,,,,"9999","99","9","9999","9999","9",,,,,,,,,"14112121031","16821173","McKinley County","A","+35568054","-108409236","06",,,14.1,29404,45394,4720,2517,1878,1604,1431,1487,1373,997,811,1404,1352,1092,337,146,133,159,621222600,9617,17101
"G3500330","2000","US","4","8","New Mexico","35","Mora","033",,,,,"0",,,,,,,,,,,,,"9999","99","9","9999","9999","9",,,,,,,,,"5001516792","6163875","Mora County","A","+35986698","-104919077","06",,,19.0,0,5180,433,253,160,175,210,106,133,97,66,120,108,79,39,9,23,4,42518700,0,2973
"G3500350","2000","US","4","8","New Mexico","35","Otero","035",,,,,"0",,,,,,,,,,,,,"9999","99","9","9999","9999","9",,,,,,,,,"17162558057","2401912","Otero County","A","+32788676","-105818104","06",,,15.4,43703,18595,2975,1918,2018,2075,2118,1910,1561,1549,1153,2029,1659,1255,411,204,65,84,661057800,19134,10138
"G3500370","2000","US","4","8","New Mexico","35","Quay","037",,,,,"0",,,,,,,,,,,,,"9999","99","9","9999","9999","9",,,,,,,,,"7446024141","17797623","Quay County","A","+35111229","-103624597","06",,,20.1,5911,4244,829,502,393,388,338,282,257,155,178,288,248,224,45,20,21,40,103523800,2989,2675
"G3500390","2000","US","4","8","New Mexico","35","Rio Arriba","039",,,,,"0",,,,,,,,,,,,,"9999","99","9","9999","9999","9",,,,,,,,,"15171195655","99641340","Rio Arriba County","A","+36448433","-106718230","06",,,28.4,17678,23512,2399,1355,1309,1313,1257,1063,881,850,702,1181,1148,878,366,135,89,89,449101700,7152,10864
"G3500410","2000","US","4","8","New Mexico","35","Roosevelt","041",,,,,"0",,,,,,,,,,,,,"9999","99","9","9999","9999","9",,,,,,,,,"6341572862","16510637","Roosevelt County","A","+34122576","-103370714","06",,,18.4,11524,6494,1280,705,648,479,562,458,376,317,363,483,396,280,121,54,28,80,191629700,5031,2715
"G3500430","2000","US","4","8","New Mexico","35","Sandoval","043",,,,,"0",,,,,,,,,,,,,"0200","99","N","9999","9999","9",,,,,,,,,"9607140524","12910224","Sandoval County","A","+35549275","-106820120","06",,,17.1,68906,21002,2355,1494,1728,2013,1870,2048,2034,2185,2222,3207,3954,3400,1538,421,425,518,1377775900,26182,8684
"G3500450","2000","US","4","8","New Mexico","35","San Juan","045",,,,,"0",,,,,,,,,,,,,"9999","99","9","9999","9999","9",,,,,,,,,"14281238377","63053856","San Juan County","A","+36577598","-108304060","06",,,12.6,67413,46388,5034,3156,2764,3158,2562,2754,2589,2221,1826,3060,3495,3064,995,475,282,305,1335984100,25884,17337
"G3500470","2000","US","4","8","New Mexico","35","San Miguel","047",,,,,"0",,,,,,,,,,,,,"9999","99","9","9999","9999","9",,,,,,,,,"12217077804","48148642","San Miguel County","A","+35501494","-105077987","06",,,15.3,18000,12126,2116,959,1141,1067,848,850,569,583,573,657,843,498,231,74,54,70,288065500,7447,6807
"G3500490","2000","US","4","8","New Mexico","35","Santa Fe","049",,,,,"0",,,,,,,,,,,,,"7490","99","N","9999","9999","9",,,,,,,,,"4944779399","4137562","Santa Fe County","A","+35588826","-106007134","06",,,13.0,97465,31827,4787,3157,2925,3648,3191,3643,3408,2941,2514,4545,5127,5771,2736,1380,1368,1340,2270082800,43508,14193
"G3500510","2000","US","4","8","New Mexico","35","Sierra","051",,,,,"0",,,,,,,,,,,,,"9999","99","9","9999","9999","9",,,,,,,,,"10826751302","145222307","Sierra County","A","+33095349","-107291198","06",,,19.7,8827,4443,1222,710,619,586,596,393,403,323,244,313,308,196,68,58,24,40,112455100,5933,2794
"G3500530","2000","US","4","8","New Mexico","35","Socorro","053",,,,,"0",,,,,,,,,,,,,"9999","99","9","9999","9999","9",,,,,,,,,"17214096966","5990376","Socorro County","A","+34174316","-107015631","06",,,16.2,8422,9656,1500,723,651,634,402,343,374,346,258,444,279,437,166,37,71,25,178506600,3772,4036
"G3500550","2000","US","4","8","New Mexico","35","Taos","055",,,,,"0",,,,,,,,,,,,,"9999","99","9","9999","9999","9",,,,,,,,,"5706182287","3760596","Taos County","A","+36527237","-105648564","06",,,21.7,12171,17808,2356,1382,1158,1095,865,886,855,794,477,840,784,560,243,79,166,161,343697400,6010,11394
"G3500570","2000","US","4","8","New Mexico","35","Torrance","057",,,,,"0",,,,,,,,,,,,,"9999","99","9","9999","9999","9",,,,,,,,,"8663019678","2577817","Torrance County","A","+34764079","-106003634","06",,,22.4,819,16092,835,557,502,572,524,457,505,360,295,454,460,300,149,14,36,47,182610400,323,6934
"G3500590","2000","US","4","8","New Mexico","35","Union","059",,,,,"0",,,,,,,,,,,,,"9999","99","9","9999","9999","9",,,,,,,,,"9919664950","2039238","Union County","A","+36492607","-103417893","06",,,21.0,0,4174,208,219,170,177,133,129,129,105,67,145,103,95,12,19,12,5,45141800,0,2225
"G3500610","2000","US","4","8","New Mexico","35","Valencia","061",,,,,"0",,,,,,,,,,,,,"0200","99","N","9999","9999","9",,,,,,,,,"2765141765","1503770","Valencia County","A","+34745326","-106765563","06",,,13.0,53074,13078,2224,1981,1803,2056,1869,1668,1813,1372,1138,2026,1869,1864,489,241,174,127,779910400,19566,5077
"G3600010","2000","US","1","2","New York","36","Albany","001",,,,,"0",,,,,,,,,,,,,"0160","99","N","9999","9999","9",,,,,,,,,"1355717543","25287562","Albany County","A","+42662095","-073849077","06",,,13.8,265780,28785,11229,7641,7152,7480,7834,7798,7000,6371,5662,11013,13133,13105,6821,3233,2860,2313,5387947900,117783,12189
"G3600030","2000","US","1","2","New York","36","Allegany","003",,,,,"0",,,,,,,,,,,,,"9999","99","9","9999","9999","9",,,,,,,,,"2668256500","10879826","Allegany County","A","+42232936","-078026092","06",,,36.9,10301,39626,2190,1739,1527,1591,1372,1353,1332,1095,953,1605,1369,1177,394,135,79,145,543915900,3569,20936
"G3600050","2000","US","1","2","New York","36","Bronx","005",,,,,"0",,,,,,,,,,,,,"5602","70","N","5600","9999","9",,,,,,,,,"108849557","39881826","Bronx County","G","+40846761","-073873207","06",,,11.5,1332650,0,109177,40001,31884,31990,31254,29705,24852,22392,17784,32324,33587,30029,13356,6262,4351,4294,14808459600,490659,0
"G3600070","2000","US","1","2","New York","36","Broome","007",,,,,"0",,,,,,,,,,,,,"0960","99","N","9999","9999","9",,,,,,,,,"1830662628","22382347","Broome County","A","+42136984","-075888310","06",,,16.1,147942,52594,8935,6890,6556,6061,6091,5545,4928,4668,4098,7154,7145,6515,3013,1329,1071,918,2847533400,67092,21725
"G3600090","2000","US","1","2","New York","36","Cattaraugus","009",,,,,"0",,,,,,,,,,,,,"9999","99","9","9999","9999","9",,,,,,,,,"3392501766","32111026","Cattaraugus County","A","+42230316","-078638208","06",,,29.9,34860,49095,3203,2936,2768,2832,2614,2391,2327,2007,1702,2861,2933,2022,802,265,203,189,1015448900,15116,24723
"G3600110","2000","US","1","2","New York","36","Cayuga","011",,,,,"0",,,,,,,,,,,,,"8160","99","N","9999","9999","9",,,,,,,,,"1795340503","441482145","Cayuga County","A","+42933530","-076564638","06",,,27.9,38842,43121,2773,2366,2282,2245,2269,2093,2241,1994,1646,3062,3262,2492,989,400,273,202,1136114200,16256,19221
"G3600130","2000","US","1","2","New York","36","Chautauqua","013",,,,,"0",,,,,,,,,,,,,"3610","99","N","9999","9999","9",,,,,,,,,"2750690434","1134334835","Chautauqua County","A","+42240700","-079345719","06",,,21.2,82187,57563,5882,5012,4594,4625,4347,3950,3706,3284,2870,4881,4858,3452,1553,598,386,490,1752938300,37796,27104
"G3600150","2000","US","1","2","New York","36","Chemung","015",,,,,"0",,,,,,,,,,,,,"2335","99","N","9999","9999","9",,,,,,,,,"1057155027","6777388","Chemung County","A","+42129017","-076790266","06",,,16.8,67224,23846,3789,2734,2510,2621,2621,2530,2461,2224,1810,3262,3359,2850,1079,499,363,364,1235526900,28306,9439
"G3600170","2000","US","1","2","New York","36","Chenango","017",,,,,"0",,,,,,,,,,,,,"9999","99","9","9999","9999","9",,,,,,,,,"2316375292","11249944","Chenango County","A","+42483042","-075606772","06",,,31.0,8740,42661,1995,1795,1610,1783,1650,1468,1428,1317,898,1776,1758,1390,537,207,188,92,641484400,4108,19782
"G3600190","2000","US","1","2","New York","36","Clinton","019",,,,,"0",,,,,,,,,,,,,"9999","99","9","9999","9999","9",,,,,,,,,"2690866698","203741880","Clinton County","A","+44732874","-073589895","06",,,19.8,31046,48848,3533,2281,2165,1985,2034,1889,1965,1704,1613,3018,2804,2694,963,271,290,270,1121861500,12152,20939
"G3600210","2000","US","1","2","New York","36","Columbia","021",,,,,"0",,,,,,,,,,,,,"9999","99","9","9999","9999","9",,,,,,,,,"1646543485","32474484","Columbia County","A","+42265195","-073656200","06",,,26.2,18544,44550,1868,1553,1633,1688,1722,1781,1566,1494,1338,2547,2681,2365,1060,533,501,522,1043428100,7937,22270
"G3600230","2000","US","1","2","New York","36","Cortland","023",,,,,"0",,,,,,,,,,,,,"9999","99","9","9999","9999","9",,,,,,,,,"1294091473","4844407","Cortland County","A","+42589160","-076099870","06",,,25.1,26681,21918,2188,1593,1431,1365,1432,1249,1212,1163,967,1672,1620,1331,495,264,84,183,628417600,11076,9040
"G3600250","2000","US","1","2","New York","36","Delaware","025",,,,,"0",,,,,,,,,,,,,"9999","99","9","9999","9999","9",,,,,,,,,"3746087750","56124260","Delaware County","A","+42217290","-075004281","06",,,27.9,7113,40942,2048,1833,1422,1672,1740,1600,1245,1205,948,1710,1566,1176,581,182,120,197,570014500,3490,25462
"G3600270","2000","US","1","2","New York","36","Dutchess","027",,,,,"0",,,,,,,,,,,,,"5602","70","N","2281","9999","9",,,,,,,,,"2076120617","61593139","Dutchess County","A","+41717586","-073806994","06",,,14.4,198317,81833,6397,4619,4765,4695,5448,5194,5110,5189,4646,9569,12236,14686,7589,4199,3249,2128,5388262200,74459,31644
"G3600290","2000","US","1","2","New York","36","Erie","029",,,,,"0",,,,,,,,,,,,,"1280","99","N","9999","9999","9",,,,,,,,,"2704492010","473144792","Erie County","A","+42859908","-078796303","06",,,13.2,864891,85374,41325,29626,27430,26435,25907,23409,22023,20483,19254,33586,38262,37429,17081,7456,5900,5284,14857308100,383506,32362
"G3600310","2000","US","1","2","New York","36","Essex","031",,,,,"0",,,,,,,,,,,,,"9999","99","9","9999","9999","9",,,,,,,,,"4653693874","310021093","Essex County","A","+44162194","-073737594","06",,,35.3,9805,29046,1545,1259,1182,1143,1217,1200,991,1077,866,1277,1316,1159,356,172,99,156,524028700,4277,18838
"G3600330","2000","US","1","2","New York","36","Franklin","033",,,,,"0",,,,,,,,,,,,,"9999","99","9","9999","9999","9",,,,,,,,,"4225532125","170814000","Franklin County","A","+44600374","-074308735","06",,,27.4,20048,31086,2175,1677,1607,1739,1442,1049,1290,1102,953,1610,1550,1006,419,152,125,89,643421400,7328,16608
"G3600350","2000","US","1","2","New York","36","Fulton","035",,,,,"0",,,,,,,,,,,,,"9999","99","9","9999","9999","9",,,,,,,,,"1285064700","95136086","Fulton County","A","+43078933","-074364606","06",,,21.1,27515,27558,2150,2013,1919,1926,1683,1663,1575,1371,1075,2131,1768,1567,526,212,192,108,694420400,12789,14998
"G3600370","2000","US","1","2","New York","36","Genesee","037",,,,,"0",,,,,,,,,,,,,"6840","99","N","9999","9999","9",,,,,,,,,"1279736563","3171483","Genesee County","A","+42996299","-078169669","06",,,21.1,24441,35929,1422,1413,1567,1822,1774,1674,1559,1451,1442,2534,2623,2158,720,277,209,159,883599300,10482,13708
"G3600390","2000","US","1","2","New York","36","Greene","039",,,,,"0",,,,,,,,,,,,,"9999","99","9","9999","9999","9",,,,,,,,,"1677654401","26894458","Greene County","A","+42299757","-074016042","06",,,20.5,14490,33705,1954,1313,1434,1258,1532,1242,1157,1083,1090,1655,1689,1467,714,209,228,251,685659500,5329,21215
"G3600410","2000","US","1","2","New York","36","Hamilton","041",,,,,"0",,,,,,,,,,,,,"9999","99","9","9999","9999","9",,,,,,,,,"4455798107","226402461","Hamilton County","A","+43609960","-074505974","06",,,42.5,0,5379,243,216,196,246,204,193,177,136,115,199,180,126,75,23,22,31,66617000,0,7965
"G3600430","2000","US","1","2","New York","36","Herkimer","043",,,,,"0",,,,,,,,,,,,,"8680","99","N","9999","9999","9",,,,,,,,,"3655120284","121994888","Herkimer County","A","+43180942","-074969957","06",,,24.2,31199,33228,2929,2621,2119,2177,1857,1808,1868,1515,1563,2328,2214,1781,513,217,132,98,776932100,14427,17599
"G3600450","2000","US","1","2","New York","36","Jefferson","045",,,,,"0",,,,,,,,,,,,,"9999","99","9","9999","9999","9",,,,,,,,,"3294987287","1514822790","Jefferson County","A","+44038673","-075944575","06",,,22.6,52721,59017,4202,3464,3386,3411,3136,2951,2890,2605,2192,3463,3666,2787,1004,386,298,267,1418414800,20902,33168
"G3600470","2000","US","1","2","New York","36","Kings","047",,,,,"0",,,,,,,,,,,,,"5602","70","N","5600","9999","9",,,,,,,,,"182868822","68098529","Kings County","G","+40649812","-073952247","06",,,12.4,2465326,0,169849,74280,57424,57147,55243,51852,46696,42487,37219,64317,72645,68813,35700,18288,14663,14383,33982316600,930866,0
"G3600490","2000","US","1","2","New York","36","Lewis","049",,,,,"0",,,,,,,,,,,,,"9999","99","9","9999","9999","9",,,,,,,,,"3303331225","37470642","Lewis County","A","+43766211","-075450668","06",,,40.7,3393,23551,1137,845,814,834,732,761,760,694,586,1033,863,627,198,59,64,51,317967000,1539,13595
"G3600510","2000","US","1","2","New York","36","Livingston","051",,,,,"0",,,,,,,,,,,,,"6840","99","N","9999","9999","9",,,,,,,,,"1637203909","21537546","Livingston County","A","+42727484","-077770090","06",,,20.1,29082,35246,1481,1461,1606,1484,1391,1463,1448,1574,1155,2440,2654,2382,869,355,196,190,917586400,11128,12895
"G3600530","2000","US","1","2","New York","36","Madison","053",,,,,"0",,,,,,,,,,,,,"8160","99","N","9999","9999","9",,,,,,,,,"1698658960","14727544","Madison County","A","+42940200","-075685925","06",,,23.1,29004,40437,2139,1632,1581,1792,1773,1826,1890,1549,1315,2572,2639,2386,1049,446,418,385,1045813000,11657,16989
"G3600550","2000","US","1","2","New York","36","Monroe","055",,,,,"0",,,,,,,,,,,,,"6840","99","N","9999","9999","9",,,,,,,,,"1707563493","1829338448","Monroe County","A","+43159963","-077630324","06",,,13.4,684204,51139,26223,16528,17651,17549,16744,17569,15932,15497,14084,25909,31571,34109,17418,7933,6271,5832,13213068700,285645,18743
"G3600570","2000","US","1","2","New York","36","Montgomery","057",,,,,"0",,,,,,,,,,,,,"0160","99","N","9999","9999","9",,,,,,,,,"1048466937","14268015","Montgomery County","A","+42917805","-074394503","06",,,23.5,29357,20351,2198,1896,1813,1709,1705,1432,1216,1109,1079,1801,1703,1316,510,252,175,114,630865900,14222,8300
"G3600590","2000","US","1","2","New York","36","Nassau","059",,,,,"0",,,,,,,,,,,,,"5602","70","N","5380","9999","9",,,,,,,,,"742529382","430951276","Nassau County","A","+40715949","-073602538","06",,,15.2,1332382,2162,20271,14643,14423,15146,14857,16529,16601,17809,16004,35258,51317,70246,49939,30322,30612,33826,34543894800,457269,882
"G3600610","2000","US","1","2","New York","36","New York","061",,,,,"0",,,,,,,,,,,,,"5602","70","N","5600","9999","9",,,,,,,,,"59475834","27988473","New York County","G","+40769656","-073973533","06",,,11.1,1537195,0,106521,44437,36606,35335,34808,35333,31902,31920,26764,51439,60414,66838,45911,27163,34555,69221,54788607200,798144,0
"G3600630","2000","US","1","2","New York","36","Niagara","063",,,,,"0",,,,,,,,,,,,,"1280","99","N","9999","9999","9",,,,,,,,,"1354428146","1597726259","Niagara County","A","+43146089","-078848097","06",,,14.3,164911,54935,8669,6736,6695,6247,6271,5904,5089,4842,4819,7957,9335,8472,3607,1725,826,683,3218868900,74455,21260
"G3600650","2000","US","1","2","New York","36","Oneida","065",,,,,"0",,,,,,,,,,,,,"8680","99","N","9999","9999","9",,,,,,,,,"3140885727","115024072","Oneida County","A","+43188633","-075391295","06",,,18.2,152137,83332,9993,7127,7177,6790,7064,5967,5651,5018,4944,8473,8807,7295,2913,1376,964,948,3153415800,67009,35794
"G3600670","2000","US","1","2","New York","36","Onondaga","067",,,,,"0",,,,,,,,,,,,,"8160","99","N","9999","9999","9",,,,,,,,,"2020950659","65785744","Onondaga County","A","+43048433","-076179117","06",,,15.5,396960,61376,18828,12562,12048,12459,11196,11012,10625,10141,8592,15455,19819,18635,9310,4257,3380,3050,7716550200,172141,24492
"G3600690","2000","US","1","2","New York","36","Ontario","069",,,,,"0",,,,,,,,,,,,,"6840","99","N","9999","9999","9",,,,,,,,,"1668941972","46740560","Ontario County","A","+42875038","-077262252","06",,,19.7,49288,50936,2438,2062,2435,2471,2597,2418,2351,2603,2180,3914,4563,4422,1932,755,679,572,1701095200,21485,21162
"G3600710","2000","US","1","2","New York","36","Orange","071",,,,,"0",,,,,,,,,,,,,"5602","70","N","5660","9999","9",,,,,,,,,"2114304694","57518822","Orange County","A","+41406117","-074279480","06",,,14.9,258580,82787,7981,5696,5461,5697,6059,5984,5896,5840,5679,11152,14320,16524,8955,4242,3286,2037,6161301600,92844,29910
"G3600730","2000","US","1","2","New York","36","Orleans","073",,,,,"0",,,,,,,,,,,,,"6840","99","N","9999","9999","9",,,,,,,,,"1013709684","1103526251","Orleans County","A","+43257496","-078238574","06",,,18.4,19028,25143,1147,1057,1170,1126,1195,1282,1162,913,858,1652,1706,1286,392,201,104,99,548166000,7161,10186
"G3600750","2000","US","1","2","New York","36","Oswego","075",,,,,"0",,,,,,,,,,,,,"8160","99","N","9999","9999","9",,,,,,,,,"2469040630","929487493","Oswego County","A","+43415555","-076246970","06",,,19.7,43389,78988,4735,3736,3195,3380,3359,3319,2891,2757,2289,4235,4821,4003,1649,539,339,278,1646663200,18304,34527
"G3600770","2000","US","1","2","New York","36","Otsego","077",,,,,"0",,,,,,,,,,,,,"9999","99","9","9999","9999","9",,,,,,,,,"2597227248","31876654","Otsego County","A","+42617473","-075037498","06",,,27.6,16039,45637,2576,1945,1923,1948,1967,1751,1496,1429,1170,2093,2021,1570,644,261,244,241,766732400,5754,22727
"G3600790","2000","US","1","2","New York","36","Putnam","079",,,,,"0",,,,,,,,,,,,,"5602","70","N","5600","9999","9",,,,,,,,,"599019960","38768295","Putnam County","A","+41416859","-073731006","06",,,15.1,72591,23154,1139,831,879,835,1210,1237,1148,1193,1322,2891,4276,5484,4296,2288,2164,1549,2435551100,26005,9025
"G3600810","2000","US","1","2","New York","36","Queens","081",,,,,"0",,,,,,,,,,,,,"5602","70","N","5600","9999","9",,,,,,,,,"282917871","178822272","Queens County","G","+40714295","-073820376","06",,,12.4,2229379,0,86268,47850,43787,46978,46502,48111,45853,43009,37801,70580,85183,85146,45609,21706,16365,11898,35156237300,817250,0
"G3600830","2000","US","1","2","New York","36","Rensselaer","083",,,,,"0",,,,,,,,,,,,,"0160","99","N","9999","9999","9",,,,,,,,,"1693759484","29592349","Rensselaer County","A","+42698952","-073595047","06",,,16.1,103642,48896,5041,3811,3745,3959,3891,3817,3492,3337,3194,5679,7371,6502,3076,1332,909,674,2524187200,46093,20027
"G3600850","2000","US","1","2","New York","36","Richmond","085",,,,,"0",,,,,,,,,,,,,"5602","70","N","5600","9999","9",,,,,,,,,"151459071","114017242","Richmond County","G","+40582197","-074140923","06",,,12.8,443728,0,13491,7853,6666,6596,6724,7245,7446,7324,6848,14442,18791,22726,13755,6803,5692,4014,8838268300,163993,0
"G3600870","2000","US","1","2","New York","36","Rockland","087",,,,,"0",,,,,,,,,,,,,"5602","70","N","5600","9999","9",,,,,,,,,"451223919","65067358","Rockland County","A","+41124995","-074014963","06",,,14.1,283924,2829,5382,3475,3016,3318,3406,3611,3654,3730,3515,7313,9912,13868,10825,6488,6174,5057,6777538500,94025,948
"G3600890","2000","US","1","2","New York","36","St Lawrence","089",,,,,"0",,,,,,,,,,,,,"9999","99","9","9999","9999","9",,,,,,,,,"6955664075","351933679","St. Lawrence County","A","+44591832","-075161786","06",,,24.6,43871,68060,5162,3578,3590,3196,3227,2957,2751,2543,1890,3549,3479,2756,965,374,243,267,1306813400,16022,33699
"G3600910","2000","US","1","2","New York","36","Saratoga","091",,,,,"0",,,,,,,,,,,,,"0160","99","N","9999","9999","9",,,,,,,,,"2102666741","82540455","Saratoga County","A","+43038798","-073806821","06",,,15.1,137332,63303,3929,3781,4235,4433,4610,4945,4382,4991,4254,8147,9611,10518,4803,2377,1795,1415,3933501200,58202,28499
"G3600930","2000","US","1","2","New York","36","Schenectady","093",,,,,"0",,,,,,,,,,,,,"0160","99","N","9999","9999","9",,,,,,,,,"533803732","9115311","Schenectady County","A","+42807926","-073972317","06",,,14.4,133391,13164,5230,4224,3756,4092,3977,3693,3650,3304,2729,5533,6769,6491,3218,1232,969,865,2382173800,59838,5194
"G3600950","2000","US","1","2","New York","36","Schoharie","095",,,,,"0",,,,,,,,,,,,,"0160","99","N","9999","9999","9",,,,,,,,,"1611029328","11227794","Schoharie County","A","+42613421","-074439124","06",,,33.6,5312,26270,1126,883,831,986,938,965,813,780,625,1198,1134,953,393,161,78,147,417492300,2002,13913
"G3600970","2000","US","1","2","New York","36","Schuyler","097",,,,,"0",,,,,,,,,,,,,"9999","99","9","9999","9999","9",,,,,,,,,"851348245","34986337","Schuyler County","A","+42382961","-076872155","06",,,33.3,3922,15302,594,580,609,595,594,602,585,412,433,741,727,517,188,98,45,55,243846600,1777,7404
"G3600990","2000","US","1","2","New York","36","Seneca","099",,,,,"0",,,,,,,,,,,,,"9999","99","9","9999","9999","9",,,,,,,,,"841520646","169905350","Seneca County","A","+42801104","-076827879","06",,,24.4,14198,19144,963,1002,1026,973,994,933,906,743,637,1287,1212,1200,416,149,109,69,439202000,6336,8458
"G3601010","2000","US","1","2","New York","36","Steuben","101",,,,,"0",,,,,,,,,,,,,"9999","99","9","9999","9999","9",,,,,,,,,"3606927293","29665604","Steuben County","A","+42283617","-077363147","06",,,28.5,37120,61606,3744,3247,3300,3229,2813,2950,2668,2402,2035,3492,3588,2977,1205,555,441,447,1363148800,17302,28830
"G3601030","2000","US","1","2","New York","36","Suffolk","103",,,,,"0",,,,,,,,,,,,,"5602","70","N","5380","9999","9",,,,,,,,,"2362581959","3783634115","Suffolk County","A","+40833314","-073026232","06",,,15.0,1377156,42213,21180,16421,16633,17513,19028,18963,19882,20892,19893,41357,60311,77601,49205,26626,24686,19344,31357527000,481755,40568
"G3601050","2000","US","1","2","New York","36","Sullivan","105",,,,,"0",,,,,,,,,,,,,"9999","99","9","9999","9999","9",,,,,,,,,"2511549213","70292060","Sullivan County","A","+41704829","-074746836","06",,,17.8,20900,53066,2975,2157,2224,2102,1732,1881,1892,1398,1360,2536,2614,2414,1169,479,400,348,1065281900,9628,35102
"G3601070","2000","US","1","2","New York","36","Tioga","107",,,,,"0",,,,,,,,,,,,,"0960","99","N","9999","9999","9",,,,,,,,,"1343406328","10914709","Tioga County","A","+42147003","-076328043","06",,,17.6,18096,33688,1296,1456,1298,1511,1400,1441,1416,1263,1245,2046,1979,1870,812,354,234,158,763967500,7662,13748
"G3601090","2000","US","1","2","New York","36","Tompkins","109",,,,,"0",,,,,,,,,,,,,"9999","99","9","9999","9999","9",,,,,,,,,"1232966623","40336511","Tompkins County","A","+42464150","-076481140","06",,,15.2,55898,40603,4534,2921,2551,2756,2184,2239,2016,2046,1627,3208,3554,2908,1671,888,609,752,1482317400,21639,16986
"G3601110","2000","US","1","2","New York","36","Ulster","111",,,,,"0",,,,,,,,,,,,,"9999","99","9","9999","9999","9",,,,,,,,,"2917562516","88793051","Ulster County","A","+41856325","-074146620","06",,,14.7,90711,87038,5838,4336,4386,4436,4324,4218,4001,4006,3400,6703,7359,7228,3685,1404,1185,992,2890066600,37397,40259
"G3601130","2000","US","1","2","New York","36","Warren","113",,,,,"0",,,,,,,,,,,,,"2975","99","N","9999","9999","9",,,,,,,,,"2251455113","161535879","Warren County","A","+43475480","-073752666","06",,,19.5,38311,24992,1869,1758,1954,2045,1956,1790,1760,1673,1556,2408,2671,2081,1053,438,329,388,972899100,16907,17945
"G3601150","2000","US","1","2","New York","36","Washington","115",,,,,"0",,,,,,,,,,,,,"2975","99","N","9999","9999","9",,,,,,,,,"2163773821","26940706","Washington County","A","+43274398","-073445447","06",,,21.3,18042,43000,1864,1530,1735,1603,1767,1754,1577,1528,1341,2230,2292,1861,713,258,161,228,830407400,7841,18953
"G3601170","2000","US","1","2","New York","36","Wayne","117",,,,,"0",,,,,,,,,,,,,"6840","99","N","9999","9999","9",,,,,,,,,"1564905741","2020005023","Wayne County","A","+43146538","-077056462","06",,,18.2,34319,59446,2434,2120,2153,2409,2202,2299,2178,1973,1911,3774,4446,4251,1588,591,377,264,1446726600,14266,24501
"G3601190","2000","US","1","2","New York","36","Westchester","119",,,,,"0",,,,,,,,,,,,,"5602","70","N","5600","9999","9",,,,,,,,,"1121010057","174202122","Westchester County","A","+41057167","-073794013","06",,,13.6,891569,31890,24492,14518,13315,14339,14459,13541,14053,13830,12087,25234,31373,41497,29970,18223,21507,35048,27969914800,337659,11786
"G3601210","2000","US","1","2","New York","36","Wyoming","121",,,,,"0",,,,,,,,,,,,,"9999","99","9","9999","9999","9",,,,,,,,,"1535640563","9131855","Wyoming County","A","+42701123","-078198014","06",,,25.4,15518,27906,906,1020,1153,1177,1052,1065,1089,1100,1059,1577,1775,1169,419,122,71,123,591584900,6140,10800
"G3601230","2000","US","1","2","New York","36","Yates","123",,,,,"0",,,,,,,,,,,,,"9999","99","9","9999","9999","9",,,,,,,,,"876027531","97188355","Yates County","A","+42631984","-077073127","06",,,25.4,6584,18037,712,730,838,785,733,785,571,564,572,765,881,678,215,39,98,90,301155500,2882,9182
"G3700010","2000","US","3","5","North Carolina","37","Alamance","001",,,,,"0",,,,,,,,,,,,,"3120","99","N","9999","9999","9",,,,,,,,,"1113666933","12387821","Alamance County","A","+36076036","-079413917","06",,,14.5,90615,40185,5231,3113,3483,3958,3718,3659,3223,3477,2748,5128,5571,4568,1783,828,593,641,2050443900,38403,17060
"G3700030","2000","US","3","5","North Carolina","37","Alexander","003",,,,,"0",,,,,,,,,,,,,"3290","99","N","9999","9999","9",,,,,,,,,"673874959","7644765","Alexander County","A","+35910801","-081183408","06",,,15.0,5792,27811,1183,725,909,930,1195,921,966,772,814,1540,1521,1009,344,150,76,122,529415700,2481,11617
"G3700050","2000","US","3","5","North Carolina","37","Alleghany","005",,,,,"0",,,,,,,,,,,,,"9999","99","9","9999","9999","9",,,,,,,,,"607739796","2243327","Alleghany County","A","+36496324","-081137240","06",,,17.8,0,10677,782,389,391,366,443,303,314,249,226,346,301,258,76,60,23,74,141278500,0,6412
"G3700070","2000","US","3","5","North Carolina","37","Anson","007",,,,,"0",,,,,,,,,,,,,"9999","99","9","9999","9999","9",,,,,,,,,"1376752024","14400637","Anson County","A","+34979317","-080099992","06",,,25.6,6660,18615,1633,651,811,770,762,637,526,590,499,790,678,498,137,78,38,115,290432800,2944,7277
"G3700090","2000","US","3","5","North Carolina","37","Ashe","009",,,,,"0",,,,,,,,,,,,,"9999","99","9","9999","9999","9",,,,,,,,,"1103670000","1694046","Ashe County","A","+36424166","-081493302","06",,,23.0,0,24384,1587,1062,963,934,825,762,729,700,376,845,746,421,183,53,113,95,290831100,0,13268
"G3700110","2000","US","3","5","North Carolina","37","Avery","011",,,,,"0",,,,,,,,,,,,,"9999","99","9","9999","9999","9",,,,,,,,,"639738401","527045","Avery County","A","+36094073","-081923373","06",,,21.6,0,17167,986,624,539,569,474,488,457,418,346,493,596,234,137,69,25,66,187423500,0,11911
"G3700130","2000","US","3","5","North Carolina","37","Beaufort","013",,,,,"0",,,,,,,,,,,,,"9999","99","9","9999","9999","9",,,,,,,,,"2144423727","338571604","Beaufort County","A","+35491343","-076913826","06",,,16.6,14080,30878,3033,1601,1484,1390,1350,1265,1073,953,869,1420,1481,1344,497,238,134,163,546467300,6549,15590
"G3700150","2000","US","3","5","North Carolina","37","Bertie","015",,,,,"0",,,,,,,,,,,,,"9999","99","9","9999","9999","9",,,,,,,,,"1810902223","108850688","Bertie County","A","+36099641","-076987604","06",,,28.0,0,19773,1641,798,692,708,670,418,454,403,296,558,445,322,155,49,34,91,208554800,0,9050
"G3700170","2000","US","3","5","North Carolina","37","Bladen","017",,,,,"0",,,,,,,,,,,,,"9999","99","9","9999","9999","9",,,,,,,,,"2266074319","31575573","Bladen County","A","+34595472","-078588696","06",,,16.0,3582,28696,2520,1262,969,1262,971,804,760,698,641,904,915,654,201,102,118,92,369331600,1684,13632
"G3700190","2000","US","3","5","North Carolina","37","Brunswick","019",,,,,"0",,,,,,,,,,,,,"9200","99","N","9999","9999","9",,,,,,,,,"2213905679","505602025","Brunswick County","A","+34004488","-078226406","06",,,21.9,24735,48408,3141,2336,2327,2397,2303,2341,2035,1833,1608,2913,2754,2250,928,478,356,455,992379800,20558,30873
"G3700210","2000","US","3","5","North Carolina","37","Buncombe","021",,,,,"0",,,,,,,,,,,,,"0480","99","N","9999","9999","9",,,,,,,,,"1699005718","9868555","Buncombe County","A","+35595260","-082531461","06",,,14.9,146506,59824,8771,6260,5996,7112,6556,6049,5791,5204,4713,8104,8040,6456,3046,1216,1089,1340,3147947300,67636,26337
"G3700230","2000","US","3","5","North Carolina","37","Burke","023",,,,,"0",,,,,,,,,,,,,"3290","99","N","9999","9999","9",,,,,,,,,"1312410425","21150938","Burke County","A","+35743156","-081635995","06",,,19.2,48462,40686,3666,2355,2500,2914,2908,2637,2309,2523,2021,3599,3105,2335,698,369,274,353,1193615800,20442,16985
"G3700250","2000","US","3","5","North Carolina","37","Cabarrus","025",,,,,"0",,,,,,,,,,,,,"1520","99","N","9999","9999","9",,,,,,,,,"943764965","1532555","Cabarrus County","A","+35412507","-080589077","06",,,12.6,94944,36119,3292,2572,2614,3243,3217,3101,3010,3072,2652,5370,6413,5363,2812,1277,909,667,2345726000,38579,14269
"G3700270","2000","US","3","5","North Carolina","37","Caldwell","027",,,,,"0",,,,,,,,,,,,,"3290","99","N","9999","9999","9",,,,,,,,,"1221436131","6981863","Caldwell County","A","+35900758","-081523472","06",,,15.0,47758,29657,3112,2277,2485,2501,2471,2201,2229,2009,1827,3165,2852,2121,894,293,190,195,1113800700,20517,12913
"G3700290","2000","US","3","5","North Carolina","37","Camden","029",,,,,"0",,,,,,,,,,,,,"9999","99","9","9999","9999","9",,,,,,,,,"623351204","168406928","Camden County","A","+36354175","-076177461","06",,,12.4,0,6885,259,125,208,114,205,221,225,153,117,309,221,274,154,28,56,0,102303500,0,2973
"G3700310","2000","US","3","5","North Carolina","37","Carteret","031",,,,,"0",,,,,,,,,,,,,"9999","99","9","9999","9999","9",,,,,,,,,"1346382998","2125563233","Carteret County","A","+34743619","-076765952","06",,,17.4,36801,22582,2360,1950,1836,1845,1708,1708,1699,1601,1275,2446,2542,2213,977,387,308,370,887090200,26703,14244
"G3700330","2000","US","3","5","North Carolina","37","Caswell","033",,,,,"0",,,,,,,,,,,,,"9999","99","9","9999","9999","9",,,,,,,,,"1099879489","9737694","Caswell County","A","+36406412","-079320014","06",,,18.7,0,23501,1163,644,581,669,560,716,493,595,471,860,930,653,164,73,61,37,315958200,0,9601
"G3700350","2000","US","3","5","North Carolina","37","Catawba","035",,,,,"0",,,,,,,,,,,,,"3290","99","N","9999","9999","9",,,,,,,,,"1035911179","35072900","Catawba County","A","+35695613","-081247567","06",,,14.9,92013,49672,4344,3154,3567,3819,4263,4217,3956,3628,3125,6065,6105,4714,2004,906,750,923,2400785300,38800,21119
"G3700370","2000","US","3","5","North Carolina","37","Chatham","037",,,,,"0",,,,,,,,,,,,,"6640","99","N","9999","9999","9",,,,,,,,,"1768580350","67841557","Chatham County","A","+35702312","-079282856","06",,,14.3,9504,39825,1718,1211,1268,1224,1248,1244,1275,1099,970,1985,2132,2165,892,398,444,469,873818000,3808,17550
"G3700390","2000","US","3","5","North Carolina","37","Cherokee","039",,,,,"0",,,,,,,,,,,,,"9999","99","9","9999","9999","9",,,,,,,,,"1178932471","29753530","Cherokee County","A","+35117115","-084009076","06",,,16.1,0,24298,1576,1035,960,1036,917,685,658,655,475,741,645,520,189,51,48,110,264268100,0,13499
"G3700410","2000","US","3","5","North Carolina","37","Chowan","041",,,,,"0",,,,,,,,,,,,,"9999","99","9","9999","9999","9",,,,,,,,,"447127722","157142611","Chowan County","A","+36107251","-076626043","06",,,11.6,5421,9105,773,495,515,463,446,409,412,260,211,512,466,412,110,15,32,23,158620900,2188,4255
"G3700430","2000","US","3","5","North Carolina","37","Clay","043",,,,,"0",,,,,,,,,,,,,"9999","99","9","9999","9999","9",,,,,,,,,"556076438","15267676","Clay County","A","+35040811","-083790932","06",,,17.3,0,8775,532,306,389,296,298,369,233,187,174,316,239,298,97,59,16,33,99387800,0,5425
"G3700450","2000","US","3","5","North Carolina","37","Cleveland","045",,,,,"0",,,,,,,,,,,,,"9999","99","9","9999","9999","9",,,,,,,,,"1203384562","10273196","Cleveland County","A","+35310015","-081530779","06",,,17.6,42838,53449,4468,2630,3031,2779,2729,2728,2374,2396,2071,3608,3409,2626,1021,354,347,476,1334379800,18252,22065
"G3700470","2000","US","3","5","North Carolina","37","Columbus","047",,,,,"0",,,,,,,,,,,,,"9999","99","9","9999","9999","9",,,,,,,,,"2426310950","43500988","Columbus County","A","+34268605","-078676837","06",,,22.6,6406,48343,4050,2283,1842,1920,1409,1325,1237,1272,984,1556,1519,1075,366,143,128,196,602891200,2637,21423
"G3700490","2000","US","3","5","North Carolina","37","Craven","049",,,,,"0",,,,,,,,,,,,,"9999","99","9","9999","9999","9",,,,,,,,,"1834817138","170201927","Craven County","A","+35095872","-077061834","06",,,13.5,61981,29455,3684,2494,2560,2720,2896,2548,2166,2025,1997,3285,3370,2753,1067,412,333,376,1295262100,25154,12996
"G3700510","2000","US","3","5","North Carolina","37","Cumberland","051",,,,,"0",,,,,,,,,,,,,"2560","99","N","9999","9999","9",,,,,,,,,"1690527787","14867046","Cumberland County","A","+35056213","-078907247","06",,,12.6,264583,38380,10502,6776,7490,7864,8418,7993,8360,7408,6346,10528,10323,8596,3251,1317,1126,1093,4240849600,102798,15627
"G3700530","2000","US","3","5","North Carolina","37","Currituck","053",,,,,"0",,,,,,,,,,,,,"5720","99","N","9999","9999","9",,,,,,,,,"677789254","683636764","Currituck County","A","+36398959","-075956958","06",,,15.4,0,18190,454,490,507,514,477,458,448,480,404,648,868,664,213,79,83,109,277187000,0,10687
"G3700550","2000","US","3","5","North Carolina","37","Dare","055",,,,,"0",,,,,,,,,,,,,"9999","99","9","9999","9999","9",,,,,,,,,"993460639","3050832970","Dare County","A","+35839903","-075656282","06",,,23.0,20864,9103,807,643,779,841,911,947,856,869,747,1341,1334,1306,498,259,282,265,512962800,14723,11948
"G3700570","2000","US","3","5","North Carolina","37","Davidson","057",,,,,"0",,,,,,,,,,,,,"3120","99","N","9999","9999","9",,,,,,,,,"1430059233","37861540","Davidson County","A","+35816809","-080197806","06",,,12.6,63429,83817,5470,3505,4492,4459,4208,4199,3586,3528,3356,6120,6439,5221,1819,760,439,531,2260345300,26995,35437
"G3700590","2000","US","3","5","North Carolina","37","Davie","059",,,,,"0",,,,,,,,,,,,,"3120","99","N","9999","9999","9",,,,,,,,,"686825165","4408857","Davie County","A","+35929864","-080542525","06",,,15.6,7950,26885,1285,751,845,971,940,933,1109,714,733,1200,1476,1386,492,372,234,283,581797000,3331,11622
"G3700610","2000","US","3","5","North Carolina","37","Duplin","061",,,,,"0",,,,,,,,,,,,,"9999","99","9","9999","9999","9",,,,,,,,,"2117904936","3579760","Duplin County","A","+34924123","-077988007","06",,,17.5,6606,42457,2933,1625,1643,1512,1454,1475,1143,1001,923,1441,1412,913,319,172,127,190,571355600,2921,17599
"G3700630","2000","US","3","5","North Carolina","37","Durham","063",,,,,"0",,,,,,,,,,,,,"6640","99","N","9999","9999","9",,,,,,,,,"751918788","19359145","Durham County","A","+35998343","-078900356","06",,,13.2,206551,16763,9226,4581,5023,5707,5598,5808,5053,4772,4344,8288,9789,9355,5016,2642,1968,1831,4261872400,88463,6989
"G3700650","2000","US","3","5","North Carolina","37","Edgecombe","065",,,,,"0",,,,,,,,,,,,,"6895","99","N","9999","9999","9",,,,,,,,,"1308011201","4024816","Edgecombe County","A","+35916244","-077640306","06",,,16.2,30539,25067,3327,1587,1883,1567,1496,1476,1506,1238,1005,1754,1566,1158,380,176,159,134,635844600,13272,10730
"G3700670","2000","US","3","5","North Carolina","37","Forsyth","067",,,,,"0",,,,,,,,,,,,,"3120","99","N","9999","9999","9",,,,,,,,,"1060846418","8606869","Forsyth County","A","+36114200","-080244596","06",,,16.6,278251,27816,11785,7000,7814,8292,8014,8018,7600,7239,6253,11786,13498,12404,5944,2774,2596,3006,5578603100,121335,11758
"G3700690","2000","US","3","5","North Carolina","37","Franklin","069",,,,,"0",,,,,,,,,,,,,"6640","99","N","9999","9999","9",,,,,,,,,"1274332932","6644575","Franklin County","A","+36053507","-078308430","06",,,22.5,4123,43137,1992,1185,1175,1188,1258,1176,1165,1170,1024,1847,2084,1580,536,230,79,154,694496200,1661,18703
"G3700710","2000","US","3","5","North Carolina","37","Gaston","071",,,,,"0",,,,,,,,,,,,,"1520","99","N","9999","9999","9",,,,,,,,,"922591283","18979569","Gaston County","A","+35284549","-081166447","06",,,15.8,147591,42774,7331,4805,4600,5210,5418,5092,4921,4645,4183,7214,8001,6706,3056,995,758,901,2989644000,61543,17299
"G3700730","2000","US","3","5","North Carolina","37","Gates","073",,,,,"0",,,,,,,,,,,,,"9999","99","9","9999","9999","9",,,,,,,,,"882169187","12937575","Gates County","A","+36449917","-076743002","06",,,18.2,0,10516,546,327,259,298,250,235,271,271,188,280,465,313,100,31,40,16,125421100,0,4389
"G3700750","2000","US","3","5","North Carolina","37","Graham","075",,,,,"0",,,,,,,,,,,,,"9999","99","9","9999","9999","9",,,,,,,,,"756451169","24687436","Graham County","A","+35350629","-083802157","06",,,18.5,0,7993,630,414,312,244,276,225,247,165,171,218,207,151,64,21,27,3,80833100,0,5084
"G3700770","2000","US","3","5","North Carolina","37","Granville","077",,,,,"0",,,,,,,,,,,,,"9999","99","9","9999","9999","9",,,,,,,,,"1375586928","14105549","Granville County","A","+36278837","-078653861","06",,,14.8,16696,31802,1873,990,1265,1125,1061,1084,939,1093,897,1771,1842,1508,609,212,197,197,690290200,5072,12824
"G3700790","2000","US","3","5","North Carolina","37","Greene","079",,,,,"0",,,,,,,,,,,,,"9999","99","9","9999","9999","9",,,,,,,,,"687379655","1281374","Greene County","A","+35480464","-077685488","06",,,17.5,0,18974,1055,595,519,504,456,566,446,423,338,724,426,400,113,40,18,58,234932200,0,7368
"G3700810","2000","US","3","5","North Carolina","37","Guilford","081",,,,,"0",,,,,,,,,,,,,"3120","99","N","9999","9999","9",,,,,,,,,"1681997762","21439825","Guilford County","A","+36052635","-079846984","06",,,13.2,352859,68189,14569,9098,10311,11137,11762,11077,10129,10433,8681,15813,17694,16772,8751,4418,3763,4302,8075964900,152532,27859
"G3700830","2000","US","3","5","North Carolina","37","Halifax","083",,,,,"0",,,,,,,,,,,,,"9999","99","9","9999","9999","9",,,,,,,,,"1878666202","15514131","Halifax County","A","+36329359","-077658371","06",,,18.4,24468,32902,4464,2231,1962,1911,1621,1471,1261,1180,950,1680,1423,1023,516,137,153,151,585015500,10921,14388
"G3700850","2000","US","3","5","North Carolina","37","Harnett","085",,,,,"0",,,,,,,,,,,,,"9999","99","9","9999","9999","9",,,,,,,,,"1541075745","16284130","Harnett County","A","+35352695","-078782390","06",,,15.9,30810,60215,4360,2453,2621,2539,2536,2357,2264,2138,1813,3343,3088,2496,911,347,232,339,1236628600,13698,24907
"G3700870","2000","US","3","5","North Carolina","37","Haywood","087",,,,,"0",,,,,,,,,,,,,"9999","99","9","9999","9999","9",,,,,,,,,"1433982337","2488482","Haywood County","A","+35523376","-082960527","06",,,16.2,28162,25871,2517,1976,1866,1657,2131,1729,1556,1586,1312,1986,2133,1533,544,146,215,226,697183600,13746,14894
"G3700890","2000","US","3","5","North Carolina","37","Henderson","089",,,,,"0",,,,,,,,,,,,,"9999","99","9","9999","9999","9",,,,,,,,,"968661402","2683714","Henderson County","A","+35324149","-082470975","06",,,16.8,47057,42116,3141,2453,2575,3013,2931,2900,2523,2577,2058,3477,3746,3181,1242,510,555,585,1240834000,22608,20388
"G3700910","2000","US","3","5","North Carolina","37","Hertford","091",,,,,"0",,,,,,,,,,,,,"9999","99","9","9999","9999","9",,,,,,,,,"914933867","18553158","Hertford County","A","+36343491","-077003278","06",,,17.4,7695,14906,1589,823,923,935,650,687,564,387,371,567,582,473,158,83,63,90,254683500,3364,6360
"G3700930","2000","US","3","5","North Carolina","37","Hoke","093",,,,,"0",,,,,,,,,,,,,"9999","99","9","9999","9999","9",,,,,,,,,"1013241954","2911818","Hoke County","A","+34975358","-079240052","06",,,12.0,14640,19006,1505,781,926,921,899,999,926,525,626,1094,1027,693,229,118,14,91,384023400,5709,6809
"G3700950","2000","US","3","5","North Carolina","37","Hyde","095",,,,,"0",,,,,,,,,,,,,"9999","99","9","9999","9999","9",,,,,,,,,"1587132404","2101000128","Hyde County","A","+35508708","-076215859","06",,,12.8,0,5826,363,222,152,191,225,198,165,102,75,171,153,79,52,23,8,0,55758000,0,3302
"G3700970","2000","US","3","5","North Carolina","37","Iredell","097",,,,,"0",,,,,,,,,,,,,"9999","99","9","9999","9999","9",,,,,,,,,"1490714443","55524616","Iredell County","A","+35742202","-080870323","06",,,12.8,61859,60801,3788,2839,2977,3391,3318,3046,2981,3174,2505,4834,5299,4847,1834,828,773,941,2144942500,26071,25847
"G3700990","2000","US","3","5","North Carolina","37","Jackson","099",,,,,"0",,,,,,,,,,,,,"9999","99","9","9999","9999","9",,,,,,,,,"1270944084","9815969","Jackson County","A","+35313469","-083183862","06",,,21.0,7163,25958,1842,1015,1020,1228,967,890,890,768,741,1028,1103,897,315,182,107,175,432089600,2507,16784
"G3701010","2000","US","3","5","North Carolina","37","Johnston","101",,,,,"0",,,,,,,,,,,,,"6640","99","N","9999","9999","9",,,,,,,,,"2050894069","10202355","Johnston County","A","+35526190","-078368467","06",,,15.8,38588,83377,5264,2909,2813,3059,2952,3244,2612,2617,2642,5244,5545,4521,1828,539,464,447,1939126500,16142,34054
"G3701030","2000","US","3","5","North Carolina","37","Jones","103",,,,,"0",,,,,,,,,,,,,"9999","99","9","9999","9999","9",,,,,,,,,"1222157794","3735873","Jones County","A","+35039018","-077378926","06",,,21.1,0,10381,633,359,347,306,353,333,330,240,172,277,366,211,60,14,18,73,124453100,0,4679
"G3701050","2000","US","3","5","North Carolina","37","Lee","105",,,,,"0",,,,,,,,,,,,,"9999","99","9","9999","9999","9",,,,,,,,,"666303731","5356687","Lee County","A","+35467286","-079167664","06",,,13.0,25443,23597,1967,1220,1199,1322,1214,1251,1270,1244,952,1510,1838,1934,823,259,220,281,746523000,10008,9901
"G3701070","2000","US","3","5","North Carolina","37","Lenoir","107",,,,,"0",,,,,,,,,,,,,"9999","99","9","9999","9999","9",,,,,,,,,"1035612713","5791620","Lenoir County","A","+35250556","-077630588","06",,,14.5,33011,26637,3788,1883,1961,2079,1769,1740,1467,1359,1330,1931,1929,1447,507,211,213,260,738020000,15326,11858
"G3701090","2000","US","3","5","North Carolina","37","Lincoln","109",,,,,"0",,,,,,,,,,,,,"1520","99","N","9999","9999","9",,,,,,,,,"773865771","21335510","Lincoln County","A","+35480809","-081208085","06",,,12.5,24173,39607,2096,1372,1279,1664,1835,1489,1630,1833,1480,2604,2743,2208,873,434,276,244,1021150500,9976,15741
"G3701110","2000","US","3","5","North Carolina","37","McDowell","111",,,,,"0",,,,,,,,,,,,,"9999","99","9","9999","9999","9",,,,,,,,,"1143947086","12259889","McDowell County","A","+35686938","-082038396","06",,,20.0,9819,32332,2039,1206,1355,1617,1384,1321,1258,1081,968,1443,1362,822,363,148,116,103,541357900,4487,13890
"G3701130","2000","US","3","5","North Carolina","37","Macon","113",,,,,"0",,,,,,,,,,,,,"9999","99","9","9999","9999","9",,,,,,,,,"1337654690","7763042","Macon County","A","+35154679","-083366399","06",,,15.1,5620,24191,1404,1251,1274,1059,962,1084,994,767,739,983,924,684,343,132,104,151,358558800,3037,17709
"G3701150","2000","US","3","5","North Carolina","37","Madison","115",,,,,"0",,,,,,,,,,,,,"0480","99","N","9999","9999","9",,,,,,,,,"1163991860","5613661","Madison County","A","+35846261","-082671845","06",,,23.9,0,19635,1250,831,536,663,584,621,551,480,397,664,673,384,202,62,47,51,238674200,0,9722
"G3701170","2000","US","3","5","North Carolina","37","Martin","117",,,,,"0",,,,,,,,,,,,,"9999","99","9","9999","9999","9",,,,,,,,,"1194436818","822206","Martin County","A","+35838330","-077123835","06",,,19.8,5735,19858,1760,953,785,937,764,677,535,442,525,731,855,624,226,105,45,65,290585800,2380,8550
"G3701190","2000","US","3","5","North Carolina","37","Mecklenburg","119",,,,,"0",,,,,,,,,,,,,"1520","99","N","9999","9999","9",,,,,,,,,"1363045973","51653712","Mecklenburg County","A","+35231792","-080830859","06",,,12.4,669285,26169,17438,10809,12709,14979,17004,17097,15462,15817,13431,26551,31738,33355,18075,9306,8712,11078,16423444200,282065,10715
"G3701210","2000","US","3","5","North Carolina","37","Mitchell","121",,,,,"0",,,,,,,,,,,,,"9999","99","9","9999","9999","9",,,,,,,,,"573493531","1839793","Mitchell County","A","+35977691","-082142844","06",,,21.2,0,15687,870,686,533,618,522,533,427,412,466,500,428,325,115,36,78,31,188194700,0,7919
"G3701230","2000","US","3","5","North Carolina","37","Montgomery","123",,,,,"0",,,,,,,,,,,,,"9999","99","9","9999","9999","9",,,,,,,,,"1273235951","25992832","Montgomery County","A","+35340096","-079903306","06",,,27.8,3342,23480,1403,915,740,663,805,654,662,531,599,847,901,578,197,100,85,175,356295900,1122,13023
"G3701250","2000","US","3","5","North Carolina","37","Moore","125",,,,,"0",,,,,,,,,,,,,"9999","99","9","9999","9999","9",,,,,,,,,"1807126526","20558142","Moore County","A","+35237812","-079450148","06",,,19.1,30901,43868,2940,1700,2012,2050,2077,2046,2082,1779,1754,3130,3175,2697,1296,702,671,696,1112225100,15700,19451
"G3701270","2000","US","3","5","North Carolina","37","Nash","127",,,,,"0",,,,,,,,,,,,,"6895","99","N","9999","9999","9",,,,,,,,,"1399289186","6278289","Nash County","A","+35952773","-077927170","06",,,17.2,45037,42383,4001,2698,2208,2361,2333,2206,2080,2112,1579,3239,3235,2827,1242,585,438,485,1321898000,19566,17485
"G3701290","2000","US","3","5","North Carolina","37","New Hanover","129",,,,,"0",,,,,,,,,,,,,"9200","99","N","9999","9999","9",,,,,,,,,"515236496","334068625","New Hanover County","A","+34202397","-077895036","06",,,13.4,152930,7377,7376,4281,4382,4568,4944,4228,4180,3914,3483,6322,7054,6237,3061,1593,1240,1378,2788390000,76297,3319
"G3701310","2000","US","3","5","North Carolina","37","Northampton","131",,,,,"0",,,,,,,,,,,,,"9999","99","9","9999","9999","9",,,,,,,,,"1389473615","36601739","Northampton County","A","+36441314","-077469673","06",,,26.3,2164,19922,1716,1017,701,685,598,559,477,469,436,595,546,471,210,81,43,74,241521900,991,9464
"G3701330","2000","US","3","5","North Carolina","37","Onslow","133",,,,,"0",,,,,,,,,,,,,"3605","99","N","9999","9999","9",,,,,,,,,"1986049524","367097555","Onslow County","A","+34709586","-077373135","06",,,14.6,107098,43257,4153,3425,4303,4295,4418,4350,3436,3618,2793,4302,4151,2873,1103,310,305,272,1878515700,34303,21423
"G3701350","2000","US","3","5","North Carolina","37","Orange","135",,,,,"0",,,,,,,,,,,,,"6640","99","N","9999","9999","9",,,,,,,,,"1035575434","3560056","Orange County","A","+36011889","-079097018","06",,,12.3,80445,37782,5456,2551,2715,2949,2869,2591,2479,2393,1955,3551,4047,4371,2718,1676,1783,1812,2377330500,33146,16143
"G3701370","2000","US","3","5","North Carolina","37","Pamlico","137",,,,,"0",,,,,,,,,,,,,"9999","99","9","9999","9999","9",,,,,,,,,"872674994","593847164","Pamlico County","A","+35120738","-076750588","06",,,26.6,0,12934,650,451,382,366,353,445,271,296,321,365,564,383,142,37,73,55,156938600,0,6781
"G3701390","2000","US","3","5","North Carolina","37","Pasquotank","139",,,,,"0",,,,,,,,,,,,,"9999","99","9","9999","9999","9",,,,,,,,,"587606607","162034674","Pasquotank County","A","+36294638","-076245702","06",,,13.6,19162,15735,2003,1081,1238,1005,1034,924,691,875,575,1026,1028,837,281,142,120,65,390383700,8227,6062
"G3701410","2000","US","3","5","North Carolina","37","Pender","141",,,,,"0",,,,,,,,,,,,,"9999","99","9","9999","9999","9",,,,,,,,,"2255033326","160492754","Pender County","A","+34499708","-077898534","06",,,18.3,3243,37839,1951,1170,1352,1155,1090,1093,1076,974,964,1412,1482,1258,528,164,216,172,547426800,992,19806
"G3701430","2000","US","3","5","North Carolina","37","Perquimans","143",,,,,"0",,,,,,,,,,,,,"9999","99","9","9999","9999","9",,,,,,,,,"640161744","211753419","Perquimans County","A","+36173526","-076450296","06",,,17.1,0,11368,715,483,415,382,368,379,316,289,249,300,319,297,91,12,17,30,121641600,0,6043
"G3701450","2000","US","3","5","North Carolina","37","Person","145",,,,,"0",,,,,,,,,,,,,"9999","99","9","9999","9999","9",,,,,,,,,"1016080003","30507842","Person County","A","+36392403","-078991888","06",,,12.9,9492,26131,1790,839,961,1100,999,930,846,883,825,1548,1574,1091,350,82,101,174,526919700,4351,11153
"G3701470","2000","US","3","5","North Carolina","37","Pitt","147",,,,,"0",,,,,,,,,,,,,"3150","99","N","9999","9999","9",,,,,,,,,"1687575713","8266188","Pitt County","A","+35589908","-077391082","06",,,17.1,87493,46305,8580,4348,3612,3816,3691,3300,2844,3008,2366,3923,4901,4280,1871,783,449,831,1993445700,38968,19440
"G3701490","2000","US","3","5","North Carolina","37","Polk","149",,,,,"0",,,,,,,,,,,,,"9999","99","9","9999","9999","9",,,,,,,,,"616040229","1931058","Polk County","A","+35255644","-082207646","06",,,19.4,1709,16615,814,559,470,641,640,676,514,545,464,758,675,565,283,81,126,76,231003500,931,8261
"G3701510","2000","US","3","5","North Carolina","37","Randolph","151",,,,,"0",,,,,,,,,,,,,"3120","99","N","9999","9999","9",,,,,,,,,"2039255057","6653493","Randolph County","A","+35749211","-079812184","06",,,19.2,51803,78651,4279,3490,3494,3733,3990,3946,3470,3628,3039,5557,5149,3929,1465,560,337,571,1987187100,21982,32440
"G3701530","2000","US","3","5","North Carolina","37","Richmond","153",,,,,"0",,,,,,,,,,,,,"9999","99","9","9999","9999","9",,,,,,,,,"1227599276","14512152","Richmond County","A","+34951814","-079714677","06",,,16.1,25229,21335,3187,1741,1400,1548,1387,1240,1101,1063,909,1446,1203,920,409,111,102,146,511102700,11282,8604
"G3701550","2000","US","3","5","North Carolina","37","Robeson","155",,,,,"0",,,,,,,,,,,,,"9999","99","9","9999","9999","9",,,,,,,,,"2457480708","5668966","Robeson County","A","+34658374","-079106531","06",,,13.4,42540,80799,8202,3900,3922,3661,3214,3329,2493,2529,2169,3235,3012,2172,923,345,211,311,1289937300,17183,30596
"G3701570","2000","US","3","5","North Carolina","37","Rockingham","157",,,,,"0",,,,,,,,,,,,,"9999","99","9","9999","9999","9",,,,,,,,,"1467060704","15273924","Rockingham County","A","+36412676","-079774187","06",,,13.8,37419,54509,4696,2992,2939,2713,2650,3134,2407,2312,1983,3402,3245,2620,954,358,305,338,1230590400,17357,22851
"G3701590","2000","US","3","5","North Carolina","37","Rowan","159",,,,,"0",,,,,,,,,,,,,"1520","99","N","9999","9999","9",,,,,,,,,"1324296450","32492719","Rowan County","A","+35617342","-080515502","06",,,15.5,76616,53724,4953,3483,3515,3525,3844,3772,3523,3160,2963,4856,5164,4328,1443,576,419,481,1884207600,31686,22294
"G3701610","2000","US","3","5","North Carolina","37","Rutherford","161",,,,,"0",,,,,,,,,,,,,"9999","99","9","9999","9999","9",,,,,,,,,"1461055191","4622442","Rutherford County","A","+35366879","-081926540","06",,,15.8,23242,39657,3511,2029,2343,2214,1975,1900,1702,1394,1157,2359,1999,1443,548,251,141,208,786205900,10499,19036
"G3701630","2000","US","3","5","North Carolina","37","Sampson","163",,,,,"0",,,,,,,,,,,,,"9999","99","9","9999","9999","9",,,,,,,,,"2448695929","5200786","Sampson County","A","+35003201","-078385700","06",,,17.9,8907,51254,3430,1896,1886,1722,1492,1568,1464,1490,1200,1792,1946,1135,519,281,230,175,717671900,3868,21274
"G3701650","2000","US","3","5","North Carolina","37","Scotland","165",,,,,"0",,,,,,,,,,,,,"9999","99","9","9999","9999","9",,,,,,,,,"826579227","3886657","Scotland County","A","+34821943","-079469894","06",,,14.7,16980,19018,2332,966,1183,914,1144,724,604,855,686,1207,1112,958,277,168,105,172,437969500,7108,7585
"G3701670","2000","US","3","5","North Carolina","37","Stanly","167",,,,,"0",,,,,,,,,,,,,"9999","99","9","9999","9999","9",,,,,,,,,"1023194702","23827343","Stanly County","A","+35324437","-080231605","06",,,20.1,18739,39361,2315,1593,1870,1652,1560,1451,1567,1368,1242,2402,2150,1753,585,238,185,272,828804600,8284,16298
"G3701690","2000","US","3","5","North Carolina","37","Stokes","169",,,,,"0",,,,,,,,,,,,,"3120","99","N","9999","9999","9",,,,,,,,,"1170254796","10484274","Stokes County","A","+36371941","-080266907","06",,,15.5,9001,35710,1653,1000,1248,1471,1333,1213,1139,1171,1109,1937,1905,1483,503,139,117,156,661815400,3756,15506
"G3701710","2000","US","3","5","North Carolina","37","Surry","171",,,,,"0",,,,,,,,,,,,,"9999","99","9","9999","9999","9",,,,,,,,,"1389578796","3281063","Surry County","A","+36431086","-080669763","06",,,14.2,21498,49721,3516,2439,2250,2318,2116,2291,2219,1722,1355,2439,2266,1902,646,318,251,344,998709600,9843,21190
"G3701730","2000","US","3","5","North Carolina","37","Swain","173",,,,,"0",,,,,,,,,,,,,"9999","99","9","9999","9999","9",,,,,,,,,"1367774696","32486509","Swain County","A","+35421822","-083446528","06",,,19.2,0,12968,743,525,455,560,371,317,373,326,284,373,319,288,87,34,45,31,144677500,0,7105
"G3701750","2000","US","3","5","North Carolina","37","Transylvania","175",,,,,"0",,,,,,,,,,,,,"9999","99","9","9999","9999","9",,,,,,,,,"980025986","5609601","Transylvania County","A","+35200420","-082758011","06",,,13.5,10880,18454,1154,796,901,1102,777,831,810,930,800,1210,1021,1180,444,116,188,110,376723200,4880,10673
"G3701770","2000","US","3","5","North Carolina","37","Tyrrell","177",,,,,"0",,,,,,,,,,,,,"9999","99","9","9999","9999","9",,,,,,,,,"1009868638","544909898","Tyrrell County","A","+35836703","-076243054","06",,,27.4,0,4149,329,151,121,157,113,102,94,82,84,102,66,93,17,6,9,19,41918600,0,2032
"G3701790","2000","US","3","5","North Carolina","37","Union","179",,,,,"0",,,,,,,,,,,,,"1520","99","N","9999","9999","9",,,,,,,,,"1650772063","5754233","Union County","A","+35000284","-080570296","06",,,14.3,62054,61623,2883,1842,1693,2185,2353,2466,2733,2833,2315,5013,5811,5287,2710,1362,1000,884,2316370700,22467,23228
"G3701810","2000","US","3","5","North Carolina","37","Vance","181",,,,,"0",,,,,,,,,,,,,"9999","99","9","9999","9999","9",,,,,,,,,"656602984","42235437","Vance County","A","+36343664","-078402544","06",,,15.0,21122,21832,2683,1272,1341,1361,1149,1152,1142,1035,789,1229,1218,884,435,135,155,193,529363000,8851,9345
"G3701830","2000","US","3","5","North Carolina","37","Wake","183",,,,,"0",,,,,,,,,,,,,"6640","99","N","9999","9999","9",,,,,,,,,"2154672822","65609320","Wake County","A","+35796512","-078665751","06",,,16.8,553167,74679,13269,8725,10214,12002,13101,13888,13171,12837,11356,22798,29279,33970,20325,10980,9040,7178,14694445500,229379,29574
"G3701850","2000","US","3","5","North Carolina","37","Warren","185",,,,,"0",,,,,,,,,,,,,"9999","99","9","9999","9999","9",,,,,,,,,"1110333603","39095856","Warren County","A","+36441143","-078111492","06",,,19.0,0,19972,1409,729,653,652,590,558,524,440,359,518,563,389,113,82,57,79,214074200,0,10548
"G3701870","2000","US","3","5","North Carolina","37","Washington","187",,,,,"0",,,,,,,,,,,,,"9999","99","9","9999","9999","9",,,,,,,,,"902518706","196646242","Washington County","A","+35855288","-076616344","06",,,16.5,4729,8994,978,484,526,432,335,410,347,272,236,420,321,336,132,71,32,50,151616800,2031,4143
"G3701890","2000","US","3","5","North Carolina","37","Watauga","189",,,,,"0",,,,,,,,,,,,,"9999","99","9","9999","9999","9",,,,,,,,,"809393450","567236","Watauga County","A","+36217932","-081700107","06",,,14.6,17089,25606,2496,1533,1088,1299,1184,1149,1045,871,859,1311,1528,1179,490,155,140,225,561341100,6311,16844
"G3701910","2000","US","3","5","North Carolina","37","Wayne","191",,,,,"0",,,,,,,,,,,,,"2980","99","N","9999","9999","9",,,,,,,,,"1431147704","10670131","Wayne County","A","+35364712","-077995343","06",,,14.0,62510,50819,4903,3280,3117,3622,3461,3464,2764,2753,2370,3670,3706,3143,1017,481,292,498,1498323200,26269,21044
"G3701930","2000","US","3","5","North Carolina","37","Wilkes","193",,,,,"0",,,,,,,,,,,,,"9999","99","9","9999","9999","9",,,,,,,,,"1961101555","7100361","Wilkes County","A","+36194235","-081157482","06",,,13.1,17248,48384,3649,1831,2107,2157,1871,1995,1950,1970,1414,2392,2295,1671,542,235,258,330,913432600,7669,21592
"G3701950","2000","US","3","5","North Carolina","37","Wilson","195",,,,,"0",,,,,,,,,,,,,"9999","99","9","9999","9999","9",,,,,,,,,"961116179","8217766","Wilson County","A","+35716872","-077928609","06",,,16.4,46577,27237,4530,2418,2044,2120,2017,1693,1785,1681,1511,2373,2658,1992,767,317,391,363,1014360400,19310,11419
"G3701970","2000","US","3","5","North Carolina","37","Yadkin","197",,,,,"0",,,,,,,,,,,,,"3120","99","N","9999","9999","9",,,,,,,,,"869081703","5018706","Yadkin County","A","+36165214","-080682050","06",,,19.4,5041,31307,1630,871,1068,1159,1120,1100,903,915,885,1442,1382,1163,432,124,119,174,519973800,2094,13727
"G3701990","2000","US","3","5","North Carolina","37","Yancey","199",,,,,"0",,,,,,,,,,,,,"9999","99","9","9999","9999","9",,,,,,,,,"809251547","1691778","Yancey County","A","+35911550","-082300815","06",,,24.8,0,17774,1124,623,673,733,630,560,513,461,372,628,554,331,126,35,50,64,213485200,0,9729
"G3800010","2000","US","2","4","North Dakota","38","Adams","001",,,,,"0",,,,,,,,,,,,,"9999","99","9","9999","9999","9",,,,,,,,,"2558684113","2388154","Adams County","A","+46090022","-102601163","06",,,38.2,0,2593,161,114,113,100,94,120,71,73,54,83,44,37,23,4,12,19,34787300,0,1416
"G3800030","2000","US","2","4","North Dakota","38","Barnes","003",,,,,"0",,,,,,,,,,,,,"9999","99","9","9999","9999","9",,,,,,,,,"3863348387","55902440","Barnes County","A","+46921367","-098056878","06",,,25.8,6729,5046,653,401,488,411,379,370,298,272,249,462,459,239,88,49,27,41,140463700,3212,2387
"G3800050","2000","US","2","4","North Dakota","38","Benson","005",,,,,"0",,,,,,,,,,,,,"9999","99","9","9999","9999","9",,,,,,,,,"3575736164","151967781","Benson County","A","+48079887","-099378498","06",,,46.6,0,6964,422,229,224,215,177,157,134,149,106,218,126,121,32,11,2,15,58640200,0,2932
"G3800070","2000","US","2","4","North Dakota","38","Billings","007",,,,,"0",,,,,,,,,,,,,"9999","99","9","9999","9999","9",,,,,,,,,"2982138140","5165797","Billings County","A","+46990106","-103359665","06",,,32.2,0,888,47,35,34,27,25,27,18,26,29,21,36,19,5,6,0,7,11693300,0,529
"G3800090","2000","US","2","4","North Dakota","38","Bottineau","009",,,,,"0",,,,,,,,,,,,,"9999","99","9","9999","9999","9",,,,,,,,,"4321617291","75518837","Bottineau County","A","+48770162","-100785797","06",,,30.5,0,7149,364,247,281,332,268,197,236,192,131,222,219,156,75,15,7,25,80092100,0,4409
"G3800110","2000","US","2","4","North Dakota","38","Bowman","011",,,,,"0",,,,,,,,,,,,,"9999","99","9","9999","9999","9",,,,,,,,,"3009687265","12813508","Bowman County","A","+46127397","-103420563","06",,,41.7,0,3242,127,133,143,97,125,128,106,89,86,127,80,74,19,5,19,14,42370800,0,1596
"G3800130","2000","US","2","4","North Dakota","38","Burke","013",,,,,"0",,,,,,,,,,,,,"9999","99","9","9999","9999","9",,,,,,,,,"2858127164","66637784","Burke County","A","+48818253","-102513784","06",,,45.8,0,2242,186,118,112,86,93,75,70,40,56,56,75,35,11,2,1,2,22120200,0,1412
"G3800150","2000","US","2","4","North Dakota","38","Burleigh","015",,,,,"0",,,,,,,,,,,,,"1010","99","N","9999","9999","9",,,,,,,,,"4229680404","90521374","Burleigh County","A","+46890682","-100641038","06",,,16.4,57914,11502,2286,1827,1740,2022,1987,1824,1703,1692,1550,3003,3291,2720,946,450,336,360,1152343900,25015,3988
"G3800170","2000","US","2","4","North Dakota","38","Cass","017",,,,,"0",,,,,,,,,,,,,"2520","99","N","9999","9999","9",,,,,,,,,"4571921620","6936749","Cass County","A","+46899583","-097084444","06",,,16.8,106575,16563,4485,3562,3853,3814,3915,3766,3306,3208,2779,4956,5230,4202,1880,862,622,853,2153679700,47467,6323
"G3800190","2000","US","2","4","North Dakota","38","Cavalier","019",,,,,"0",,,,,,,,,,,,,"9999","99","9","9999","9999","9",,,,,,,,,"3855089893","56146319","Cavalier County","A","+48755148","-098463479","06",,,31.6,0,4831,225,190,147,177,201,162,156,141,131,163,153,84,47,28,0,2,53625700,0,2725
"G3800210","2000","US","2","4","North Dakota","38","Dickey","021",,,,,"0",,,,,,,,,,,,,"9999","99","9","9999","9999","9",,,,,,,,,"2929276466","27606471","Dickey County","A","+46103471","-098452616","06",,,39.3,0,5757,301,244,222,230,176,187,182,127,88,180,166,80,52,22,10,23,65682100,0,2656
"G3800230","2000","US","2","4","North Dakota","38","Divide","023",,,,,"0",,,,,,,,,,,,,"9999","99","9","9999","9999","9",,,,,,,,,"3262166014","89735358","Divide County","A","+48828242","-103454207","06",,,41.3,0,2283,163,101,85,110,45,74,78,78,65,72,47,59,21,8,2,3,24589900,0,1469
"G3800250","2000","US","2","4","North Dakota","38","Dunn","025",,,,,"0",,,,,,,,,,,,,"9999","99","9","9999","9999","9",,,,,,,,,"5204838326","188152045","Dunn County","A","+47299911","-102567275","06",,,43.9,0,3600,190,123,172,114,95,116,108,84,80,93,102,51,21,12,12,16,37837000,0,1965
"G3800270","2000","US","2","4","North Dakota","38","Eddy","027",,,,,"0",,,,,,,,,,,,,"9999","99","9","9999","9999","9",,,,,,,,,"1631999466","36544144","Eddy County","A","+47747572","-098975712","06",,,43.6,0,2757,134,114,135,120,99,85,68,54,53,112,61,40,20,22,16,8,31729800,0,1418
"G3800290","2000","US","2","4","North Dakota","38","Emmons","029",,,,,"0",,,,,,,,,,,,,"9999","99","9","9999","9999","9",,,,,,,,,"3910577808","116121420","Emmons County","A","+46266021","-100194049","06",,,45.1,0,4331,361,171,142,171,151,146,102,78,93,127,89,61,36,17,11,11,46074500,0,2168
"G3800310","2000","US","2","4","North Dakota","38","Foster","031",,,,,"0",,,,,,,,,,,,,"9999","99","9","9999","9999","9",,,,,,,,,"1645161743","29826810","Foster County","A","+47464369","-098894282","06",,,27.9,0,3759,163,112,154,148,125,141,82,94,100,127,156,72,47,13,2,15,48146300,0,1793
"G3800330","2000","US","2","4","North Dakota","38","Golden Valley","033",,,,,"0",,,,,,,,,,,,,"9999","99","9","9999","9999","9",,,,,,,,,"2595140943","970926","Golden Valley County","A","+46911966","-103892029","06",,,45.6,0,1924,97,65,74,71,73,75,44,51,57,56,44,28,17,0,0,7,19735900,0,973
"G3800350","2000","US","2","4","North Dakota","38","Grand Forks","035",,,,,"0",,,,,,,,,,,,,"2985","99","N","9999","9999","9",,,,,,,,,"3723901402","5241106","Grand Forks County","A","+47909153","-097304665","06",,,18.8,54500,11609,2681,1764,1708,2157,2121,2011,1708,1570,1442,2443,2433,1952,652,270,276,263,969603700,22601,4772
"G3800370","2000","US","2","4","North Dakota","38","Grant","037",,,,,"0",,,,,,,,,,,,,"9999","99","9","9999","9999","9",,,,,,,,,"4297986823","16721279","Grant County","A","+46410473","-101707319","06",,,46.9,0,2841,253,118,140,134,85,99,68,67,40,67,60,34,11,5,9,9,28761700,0,1722
"G3800390","2000","US","2","4","North Dakota","38","Griggs","039",,,,,"0",,,,,,,,,,,,,"9999","99","9","9999","9999","9",,,,,,,,,"1835009761","19852494","Griggs County","A","+47456991","-098209448","06",,,46.7,0,2754,142,123,92,114,130,91,64,78,78,86,81,51,19,15,6,7,30373700,0,1521
"G3800410","2000","US","2","4","North Dakota","38","Hettinger","041",,,,,"0",,,,,,,,,,,,,"9999","99","9","9999","9999","9",,,,,,,,,"2932518654","3758979","Hettinger County","A","+46426899","-102506905","06",,,49.6,0,2715,171,98,124,111,92,107,84,62,83,70,63,47,24,6,13,6,27462900,0,1419
"G3800430","2000","US","2","4","North Dakota","38","Kidder","043",,,,,"0",,,,,,,,,,,,,"9999","99","9","9999","9999","9",,,,,,,,,"3498518492","213475609","Kidder County","A","+46998253","-099794884","06",,,47.9,0,2753,217,139,111,108,100,86,79,57,38,78,62,49,23,5,8,4,28310400,0,1610
"G3800450","2000","US","2","4","North Dakota","38","Lamoure","045",,,,,"0",,,,,,,,,,,,,"9999","99","9","9999","9999","9",,,,,,,,,"2971174319","9401515","LaMoure County","A","+46449894","-098526188","06",,,48.9,0,4701,270,164,170,193,179,169,98,83,136,165,143,68,46,20,10,23,54395900,0,2271
"G3800470","2000","US","2","4","North Dakota","38","Logan","047",,,,,"0",,,,,,,,,,,,,"9999","99","9","9999","9999","9",,,,,,,,,"2570928524","47736646","Logan County","A","+46463621","-099505292","06",,,49.2,0,2308,157,94,98,80,94,69,59,45,35,80,51,42,21,14,4,16,26889400,0,1193
"G3800490","2000","US","2","4","North Dakota","38","McHenry","049",,,,,"0",,,,,,,,,,,,,"9999","99","9","9999","9999","9",,,,,,,,,"4853874147","97424590","McHenry County","A","+48232678","-100658077","06",,,46.0,0,5987,400,247,233,251,235,162,174,155,120,196,165,97,43,24,8,14,61967200,0,2983
"G3800510","2000","US","2","4","North Dakota","38","McIntosh","051",,,,,"0",,,,,,,,,,,,,"9999","99","9","9999","9999","9",,,,,,,,,"2525740874","51388141","McIntosh County","A","+46113728","-099482635","06",,,46.1,0,3390,282,145,149,118,155,120,81,103,76,88,54,34,20,12,14,17,33111500,0,1853
"G3800530","2000","US","2","4","North Dakota","38","McKenzie","053",,,,,"0",,,,,,,,,,,,,"9999","99","9","9999","9999","9",,,,,,,,,"7101792799","307871985","McKenzie County","A","+47812432","-103422645","06",,,37.7,0,5737,267,177,243,211,212,162,157,122,105,164,159,89,38,27,13,15,61131400,0,2719
"G3800550","2000","US","2","4","North Dakota","38","McLean","055",,,,,"0",,,,,,,,,,,,,"9999","99","9","9999","9999","9",,,,,,,,,"5464757467","565166327","McLean County","A","+47577410","-101235975","06",,,43.9,0,9311,491,354,285,308,314,284,304,209,198,347,359,271,71,27,14,12,112814200,0,5264
"G3800570","2000","US","2","4","North Dakota","38","Mercer","057",,,,,"0",,,,,,,,,,,,,"9999","99","9","9999","9999","9",,,,,,,,,"2707803083","173359813","Mercer County","A","+47284699","-101686375","06",,,27.8,2937,5707,352,210,291,214,188,152,162,193,156,388,527,340,115,36,10,20,132161600,1378,3024
"G3800590","2000","US","2","4","North Dakota","38","Morton","059",,,,,"0",,,,,,,,,,,,,"1010","99","N","9999","9999","9",,,,,,,,,"4989009949","49231201","Morton County","A","+46787422","-101293188","06",,,20.7,16560,8743,1078,770,657,786,674,652,725,683,628,1046,1009,606,276,130,68,95,349308100,6887,3700
"G3800610","2000","US","2","4","North Dakota","38","Mountrail","061",,,,,"0",,,,,,,,,,,,,"9999","99","9","9999","9999","9",,,,,,,,,"4723964515","303404862","Mountrail County","A","+48204135","-102342666","06",,,41.2,0,6631,420,236,242,292,236,252,170,114,93,182,165,96,37,7,14,17,67993400,0,3438
"G3800630","2000","US","2","4","North Dakota","38","Nelson","063",,,,,"0",,,,,,,,,,,,,"9999","99","9","9999","9999","9",,,,,,,,,"2542387857","70231038","Nelson County","A","+47907679","-098176261","06",,,37.9,0,3715,195,194,150,153,146,135,101,142,71,120,92,83,27,9,0,11,41104900,0,2014
"G3800650","2000","US","2","4","North Dakota","38","Oliver","065",,,,,"0",,,,,,,,,,,,,"9999","99","9","9999","9999","9",,,,,,,,,"1873912360","19867996","Oliver County","A","+47135403","-101391984","06",,,48.5,0,2065,90,46,59,62,70,47,43,44,41,87,79,83,16,6,8,0,27173300,0,903
"G3800670","2000","US","2","4","North Dakota","38","Pembina","067",,,,,"0",,,,,,,,,,,,,"9999","99","9","9999","9999","9",,,,,,,,,"2897555082","7735587","Pembina County","A","+48768417","-097545970","06",,,44.6,0,8585,356,231,215,316,284,278,240,219,207,398,360,236,91,47,28,29,117670900,0,4115
"G3800690","2000","US","2","4","North Dakota","38","Pierce","069",,,,,"0",,,,,,,,,,,,,"9999","99","9","9999","9999","9",,,,,,,,,"2636137042","166644091","Pierce County","A","+48246230","-099988330","06",,,19.9,2894,1781,295,192,189,242,190,161,183,77,86,102,128,52,37,11,13,6,46173900,1393,876
"G3800710","2000","US","2","4","North Dakota","38","Ramsey","071",,,,,"0",,,,,,,,,,,,,"9999","99","9","9999","9999","9",,,,,,,,,"3068736114","300530623","Ramsey County","A","+48219893","-098752938","06",,,22.1,7466,4600,538,419,409,384,369,303,397,343,379,411,470,252,142,35,59,40,156370000,3584,2145
"G3800730","2000","US","2","4","North Dakota","38","Ransom","073",,,,,"0",,,,,,,,,,,,,"9999","99","9","9999","9999","9",,,,,,,,,"2234504725","3578678","Ransom County","A","+46478135","-097668528","06",,,32.8,0,5890,205,211,163,205,122,178,162,191,150,241,241,181,24,38,16,15,77083200,0,2604
"G3800750","2000","US","2","4","North Dakota","38","Renville","075",,,,,"0",,,,,,,,,,,,,"9999","99","9","9999","9999","9",,,,,,,,,"2265632815","44721451","Renville County","A","+48727411","-101638942","06",,,45.1,0,2610,113,108,85,109,110,113,76,68,51,87,84,51,10,3,6,13,28921400,0,1413
"G3800770","2000","US","2","4","North Dakota","38","Richland","077",,,,,"0",,,,,,,,,,,,,"9999","99","9","9999","9999","9",,,,,,,,,"3721067608","23368231","Richland County","A","+46247076","-096896301","06",,,28.6,8672,9326,775,544,447,508,495,510,528,523,491,629,675,416,173,52,29,53,233729100,3509,4066
"G3800790","2000","US","2","4","North Dakota","38","Rolette","079",,,,,"0",,,,,,,,,,,,,"9999","99","9","9999","9999","9",,,,,,,,,"2337344616","95516039","Rolette County","A","+48789983","-099848980","06",,,28.5,0,13674,1017,476,342,375,328,282,285,308,180,382,260,185,74,24,18,21,117149500,0,5027
"G3800810","2000","US","2","4","North Dakota","38","Sargent","081",,,,,"0",,,,,,,,,,,,,"9999","99","9","9999","9999","9",,,,,,,,,"2224161390","21589733","Sargent County","A","+46109728","-097573055","06",,,47.9,0,4366,160,125,132,116,140,153,140,112,116,190,181,124,48,17,8,21,63457000,0,2016
"G3800830","2000","US","2","4","North Dakota","38","Sheridan","083",,,,,"0",,,,,,,,,,,,,"9999","99","9","9999","9999","9",,,,,,,,,"2516824487","88123148","Sheridan County","A","+47612724","-100326556","06",,,48.4,0,1710,125,104,64,76,60,52,58,46,19,49,21,37,7,6,0,3,14657800,0,924
"G3800850","2000","US","2","4","North Dakota","38","Sioux","085",,,,,"0",,,,,,,,,,,,,"9999","99","9","9999","9999","9",,,,,,,,,"2833757845","88522205","Sioux County","A","+46135844","-100867173","06",,,47.4,0,4044,227,123,121,125,88,67,70,39,42,78,65,31,8,3,2,2,26423600,0,1216
"G3800870","2000","US","2","4","North Dakota","38","Slope","087",,,,,"0",,,,,,,,,,,,,"9999","99","9","9999","9999","9",,,,,,,,,"3154448913","3322154","Slope County","A","+46428212","-103439994","06",,,36.5,0,767,50,36,32,40,27,18,7,22,22,21,20,3,0,5,6,3,8514800,0,451
"G3800890","2000","US","2","4","North Dakota","38","Stark","089",,,,,"0",,,,,,,,,,,,,"9999","99","9","9999","9999","9",,,,,,,,,"3465824800","5957955","Stark County","A","+46852248","-102712489","06",,,21.5,15732,6904,1271,784,649,661,700,734,613,571,481,756,794,503,222,84,62,34,276403700,6966,2756
"G3800910","2000","US","2","4","North Dakota","38","Steele","091",,,,,"0",,,,,,,,,,,,,"9999","99","9","9999","9999","9",,,,,,,,,"1845007373","8106393","Steele County","A","+47465563","-097718979","06",,,47.7,0,2258,59,66,75,92,81,78,67,68,59,89,90,50,19,17,11,4,28539900,0,1231
"G3800930","2000","US","2","4","North Dakota","38","Stutsman","093",,,,,"0",,,,,,,,,,,,,"9999","99","9","9999","9999","9",,,,,,,,,"5753406412","199059744","Stutsman County","A","+46972159","-098872814","06",,,19.8,15628,6280,962,783,822,681,768,612,623,596,537,815,849,554,175,86,55,78,289651400,6898,2919
"G3800950","2000","US","2","4","North Dakota","38","Towner","095",,,,,"0",,,,,,,,,,,,,"9999","99","9","9999","9999","9",,,,,,,,,"2653578321","44041358","Towner County","A","+48665965","-099243016","06",,,49.5,0,2876,119,124,123,83,93,107,98,84,70,102,87,49,18,18,16,13,33556200,0,1558
"G3800970","2000","US","2","4","North Dakota","38","Traill","097",,,,,"0",,,,,,,,,,,,,"9999","99","9","9999","9999","9",,,,,,,,,"2232278186","1673894","Traill County","A","+47452401","-097188292","06",,,41.4,0,8477,322,212,263,249,272,230,237,251,207,386,307,258,102,21,22,23,112519300,0,3708
"G3800990","2000","US","2","4","North Dakota","38","Walsh","099",,,,,"0",,,,,,,,,,,,,"9999","99","9","9999","9999","9",,,,,,,,,"3319697441","32019561","Walsh County","A","+48361756","-097681741","06",,,32.4,4461,7928,513,460,385,422,411,402,386,407,324,425,451,248,73,45,58,18,146751700,1988,3769
"G3801010","2000","US","2","4","North Dakota","38","Ward","101",,,,,"0",,,,,,,,,,,,,"9999","99","9","9999","9999","9",,,,,,,,,"5213344262","112311278","Ward County","A","+48255894","-101488391","06",,,20.1,45278,13517,2243,1892,1854,2006,2059,1883,1539,1560,1179,2193,1901,1597,509,246,194,172,776102800,19362,5735
"G3801030","2000","US","2","4","North Dakota","38","Wells","103",,,,,"0",,,,,,,,,,,,,"9999","99","9","9999","9999","9",,,,,,,,,"3292593360","50101856","Wells County","A","+47624194","-099660842","06",,,34.5,0,5102,330,201,195,176,131,171,184,162,81,201,182,101,42,20,7,32,55733900,0,2643
"G3801050","2000","US","2","4","North Dakota","38","Williams","105",,,,,"0",,,,,,,,,,,,,"9999","99","9","9999","9999","9",,,,,,,,,"5362459986","200756586","Williams County","A","+48337620","-103496480","06",,,26.7,13048,6713,906,819,717,768,654,597,631,498,399,599,664,441,171,57,65,95,246823800,6123,3557
"G3900010","2000","US","2","3","Ohio","39","Adams","001",,,,,"0",,,,,,,,,,,,,"9999","99","9","9999","9999","9",,,,,,,,,"1512317799","4861811","Adams County","A","+38846345","-083502171","06",,,23.7,2672,24658,1645,1078,932,870,843,796,619,557,467,883,824,617,186,111,54,31,300867400,1314,10508
"G3900030","2000","US","2","3","Ohio","39","Allen","003",,,,,"0",,,,,,,,,,,,,"4320","99","N","9999","9999","9",,,,,,,,,"1047458373","6361068","Allen County","A","+40765518","-084116900","06",,,17.2,79600,28873,4432,2996,2809,3051,3064,2824,2436,2617,2231,4096,3959,3396,1419,577,259,459,1472211400,33454,10791
"G3900050","2000","US","2","3","Ohio","39","Ashland","005",,,,,"0",,,,,,,,,,,,,"9999","99","9","9999","9999","9",,,,,,,,,"1099122222","6404452","Ashland County","A","+40829451","-082278586","06",,,17.6,24104,28419,1532,1248,1420,1380,1603,1442,1311,1389,1208,2019,2000,1730,660,246,210,91,722923900,10222,10610
"G3900070","2000","US","2","3","Ohio","39","Ashtabula","007",,,,,"0",,,,,,,,,,,,,"1692","28","N","1680","9999","9",,,,,,,,,"1819309925","1725002864","Ashtabula County","A","+41775503","-080752979","06",,,16.7,55726,47002,3780,3056,3156,3252,3251,2881,2385,2610,2375,3947,3731,3082,996,441,219,275,1330797500,25031,18761
"G3900090","2000","US","2","3","Ohio","39","Athens","009",,,,,"0",,,,,,,,,,,,,"9999","99","9","9999","9999","9",,,,,,,,,"1312495866","4612341","Athens County","A","+39356909","-082075082","06",,,18.6,36567,25656,4635,2290,1793,1747,1685,1472,1187,1164,869,1491,1466,1391,629,280,171,230,684500100,13811,11090
"G3900110","2000","US","2","3","Ohio","39","Auglaize","011",,,,,"0",,,,,,,,,,,,,"4320","99","N","9999","9999","9",,,,,,,,,"1039240345","1207783","Auglaize County","A","+40547145","-084254585","06",,,20.8,27597,19014,926,1070,1025,1182,1127,1273,1306,1125,1244,1726,2143,1927,749,194,203,221,726288800,11447,7023
"G3900130","2000","US","2","3","Ohio","39","Belmont","013",,,,,"0",,,,,,,,,,,,,"9000","99","N","9999","9999","9",,,,,,,,,"1391730663","10461588","Belmont County","A","+40027052","-080908324","06",,,18.4,36625,33601,3905,2860,2793,2553,2193,2099,1768,1648,1229,2313,2326,1633,482,164,140,257,816697000,16737,14499
"G3900150","2000","US","2","3","Ohio","39","Brown","015",,,,,"0",,,,,,,,,,,,,"1642","21","N","1640","9999","9",,,,,,,,,"1273649365","8954523","Brown County","A","+38926434","-083872440","06",,,21.1,8185,34100,1458,913,1099,1265,1177,1217,970,1106,973,1670,1631,1297,333,157,163,146,564821500,3650,13543
"G3900170","2000","US","2","3","Ohio","39","Butler","017",,,,,"0",,,,,,,,,,,,,"1642","21","N","3200","9999","9",,,,,,,,,"1210222805","7591130","Butler County","A","+39427856","-084513194","06",,,13.7,294890,37917,8468,6167,6395,6844,7104,7583,7785,7100,6508,11978,15303,15946,8149,3484,2253,2058,6023673200,115611,14182
"G3900190","2000","US","2","3","Ohio","39","Carroll","019",,,,,"0",,,,,,,,,,,,,"1320","99","N","9999","9999","9",,,,,,,,,"1022198582","11226074","Carroll County","A","+40598906","-081110801","06",,,19.2,8994,19842,1064,823,942,966,815,879,810,751,714,1092,1163,666,195,117,77,87,366987700,4162,8854
"G3900210","2000","US","2","3","Ohio","39","Champaign","021",,,,,"0",,,,,,,,,,,,,"9999","99","9","9999","9999","9",,,,,,,,,"1109965084","2968952","Champaign County","A","+40127656","-083770972","06",,,20.2,11588,27302,989,1111,740,969,990,1090,947,960,857,1889,1813,1636,559,207,154,99,624022000,5221,10669
"G3900230","2000","US","2","3","Ohio","39","Clark","023",,,,,"0",,,,,,,,,,,,,"2000","99","N","9999","9999","9",,,,,,,,,"1035626909","9590401","Clark County","A","+39921309","-083826362","06",,,15.1,110358,34384,4855,3584,3917,4148,3839,3995,3755,3599,3097,5649,6194,5622,2305,1034,575,552,2172394300,47627,13429
"G3900250","2000","US","2","3","Ohio","39","Clermont","025",,,,,"0",,,,,,,,,,,,,"1642","21","N","1640","9999","9",,,,,,,,,"1170649890","14714135","Clermont County","A","+39059566","-084177419","06",,,14.9,126808,51169,4140,3119,3127,3621,4018,4160,3879,3816,3543,6831,8400,8689,3953,1935,1477,1273,3383175100,50187,19039
"G3900270","2000","US","2","3","Ohio","39","Clinton","027",,,,,"0",,,,,,,,,,,,,"9999","99","9","9999","9999","9",,,,,,,,,"1064172782","3640434","Clinton County","A","+39419135","-083828623","06",,,17.6,18167,22376,1307,888,973,1064,1108,1136,1106,1010,888,1610,1780,1627,499,130,154,117,605072300,7867,8710
"G3900290","2000","US","2","3","Ohio","39","Columbiana","029",,,,,"0",,,,,,,,,,,,,"9320","99","N","9999","9999","9",,,,,,,,,"1379056109","7063084","Columbiana County","A","+40767070","-080737538","06",,,16.2,63642,48433,4287,3563,3711,3868,3150,3397,3028,2598,2402,4042,3923,3133,909,417,254,286,1446404200,26826,19257
"G3900310","2000","US","2","3","Ohio","39","Coshocton","031",,,,,"0",,,,,,,,,,,,,"9999","99","9","9999","9999","9",,,,,,,,,"1460933355","9079741","Coshocton County","A","+40290916","-081885085","06",,,17.7,14950,21705,1355,1153,1147,1193,1298,1093,935,962,848,1376,1281,1089,384,61,100,69,464533300,7039,9068
"G3900330","2000","US","2","3","Ohio","39","Crawford","033",,,,,"0",,,,,,,,,,,,,"4800","99","N","9999","9999","9",,,,,,,,,"1041469969","1856647","Crawford County","A","+40828034","-082883284","06",,,16.9,31174,15792,1882,1342,1440,1518,1497,1439,1314,1430,1101,1986,1684,1484,445,163,93,121,624778800,13933,6245
"G3900350","2000","US","2","3","Ohio","39","Cuyahoga","035",,,,,"0",,,,,,,,,,,,,"1692","28","N","1680","9999","9",,,,,,,,,"1187481481","2038501172","Cuyahoga County","A","+41460301","-081663852","06",,,15.0,1383344,10634,64451,39196,38347,39784,38145,37228,33575,32153,27336,49169,55969,54848,25735,12301,10336,13033,24214343900,612734,4169
"G3900370","2000","US","2","3","Ohio","39","Darke","037",,,,,"0",,,,,,,,,,,,,"9999","99","9","9999","9999","9",,,,,,,,,"1553469702","1267498","Darke County","A","+40127147","-084611169","06",,,22.7,18252,35057,1489,1498,1485,1438,1471,1458,1528,1448,1247,2074,2236,1764,614,233,149,257,772371600,8175,13408
"G3900390","2000","US","2","3","Ohio","39","Defiance","039",,,,,"0",,,,,,,,,,,,,"9999","99","9","9999","9999","9",,,,,,,,,"1064895060","7841076","Defiance County","A","+41304320","-084462745","06",,,16.8,20718,18782,886,829,829,955,1032,945,968,1123,1036,1572,2130,1770,600,211,107,120,642593000,8934,7106
"G3900410","2000","US","2","3","Ohio","39","Delaware","041",,,,,"0",,,,,,,,,,,,,"1840","99","N","9999","9999","9",,,,,,,,,"1145836755","35132618","Delaware County","A","+40254296","-083020406","06",,,14.1,74650,35339,1220,1282,1292,1528,1567,1822,1771,1804,1720,3332,5008,6524,4165,2060,2141,2519,3046028000,28983,13391
"G3900430","2000","US","2","3","Ohio","39","Erie","043",,,,,"0",,,,,,,,,,,,,"9999","99","9","9999","9999","9",,,,,,,,,"660128061","961582540","Erie County","A","+41401042","-082629238","06",,,15.6,58506,21045,2151,2150,1860,2516,2266,1983,1895,1817,1700,3232,3851,3459,1368,623,420,465,1311577800,26793,9116
"G3900450","2000","US","2","3","Ohio","39","Fairfield","045",,,,,"0",,,,,,,,,,,,,"1840","99","N","9999","9999","9",,,,,,,,,"1308230532","9029027","Fairfield County","A","+39776158","-082636683","06",,,16.0,74867,47892,2604,2142,2270,2806,2861,2902,2880,2725,2424,4681,5791,5502,3049,1244,865,685,2212403000,30618,17304
"G3900470","2000","US","2","3","Ohio","39","Fayette","047",,,,,"0",,,,,,,,,,,,,"9999","99","9","9999","9999","9",,,,,,,,,"1053041585","1285958","Fayette County","A","+39556124","-083457447","06",,,19.7,14704,13729,1017,798,713,694,1081,892,753,725,683,1159,1149,788,186,172,84,111,402835000,6436,5468
"G3900490","2000","US","2","3","Ohio","39","Franklin","049",,,,,"0",,,,,,,,,,,,,"1840","99","N","9999","9999","9",,,,,,,,,"1398253363","8948123","Franklin County","A","+39990514","-082996532","06",,,14.0,1049306,19672,39230,24511,24856,29018,29114,29715,27736,24518,21855,42793,48856,46042,22995,10179,8803,8655,20623180100,463289,7727
"G3900510","2000","US","2","3","Ohio","39","Fulton","051",,,,,"0",,,,,,,,,,,,,"8400","99","N","9999","9999","9",,,,,,,,,"1053563817","1394487","Fulton County","A","+41596589","-084124491","06",,,20.5,18079,24005,827,751,803,899,1238,1243,1045,1098,900,1779,2038,1757,608,210,131,129,647733200,7207,9025
"G3900530","2000","US","2","3","Ohio","39","Gallia","053",,,,,"0",,,,,,,,,,,,,"9999","99","9","9999","9999","9",,,,,,,,,"1214127014","6106726","Gallia County","A","+38835402","-082281986","06",,,17.4,7101,23968,1688,1370,1017,1087,844,917,844,743,521,999,751,717,348,69,89,87,352092200,3398,10100
"G3900550","2000","US","2","3","Ohio","39","Geauga","055",,,,,"0",,,,,,,,,,,,,"1692","28","N","1680","9999","9",,,,,,,,,"1045462752","11994653","Geauga County","A","+41498219","-081223471","06",,,15.9,33528,57367,1008,1270,1087,1373,1578,1520,1806,1435,1561,3107,4007,4692,2589,1502,1541,1563,2107829900,12901,19904
"G3900570","2000","US","2","3","Ohio","39","Greene","057",,,,,"0",,,,,,,,,,,,,"2000","99","N","9999","9999","9",,,,,,,,,"1074530342","3457736","Greene County","A","+39712555","-083949396","06",,,15.7,123477,24409,4134,2679,2753,3029,3275,3208,3280,3181,2758,5310,6848,7251,3522,1842,1264,964,2674507100,49191,9033
"G3900590","2000","US","2","3","Ohio","39","Guernsey","059",,,,,"0",,,,,,,,,,,,,"9999","99","9","9999","9999","9",,,,,,,,,"1351725701","16547247","Guernsey County","A","+40023052","-081524643","06",,,20.3,16564,24228,2032,1495,1639,1494,1368,1307,1113,873,781,1378,1316,724,309,105,74,111,478286300,7729,11042
"G3900610","2000","US","2","3","Ohio","39","Hamilton","061",,,,,"0",,,,,,,,,,,,,"1642","21","N","1640","9999","9",,,,,,,,,"1055069826","14034460","Hamilton County","A","+39179526","-084493792","06",,,14.0,824562,20741,36701,21729,22192,23924,22581,21886,20231,18741,16089,29853,35103,33526,17340,8389,8261,10285,15822257100,365718,7675
"G3900630","2000","US","2","3","Ohio","39","Hancock","063",,,,,"0",,,,,,,,,,,,,"9999","99","9","9999","9999","9",,,,,,,,,"1376201924","5805506","Hancock County","A","+41026158","-083652998","06",,,18.1,48459,22836,1714,1461,1789,1979,2087,1829,1758,1669,1738,3180,3178,3010,1252,508,347,407,1203882700,21150,8635
"G3900650","2000","US","2","3","Ohio","39","Hardin","065",,,,,"0",,,,,,,,,,,,,"9999","99","9","9999","9999","9",,,,,,,,,"1218047002","635209","Hardin County","A","+40666602","-083648242","06",,,21.5,14564,17381,1519,860,920,988,854,954,766,732,649,1206,1226,789,303,87,30,112,396881900,6025,6882
"G3900670","2000","US","2","3","Ohio","39","Harrison","067",,,,,"0",,,,,,,,,,,,,"9999","99","9","9999","9999","9",,,,,,,,,"1045128556","18814140","Harrison County","A","+40300540","-081077776","06",,,27.2,2794,13062,750,601,647,550,616,528,371,448,375,485,450,320,106,33,55,69,189648100,1302,6378
"G3900690","2000","US","2","3","Ohio","39","Henry","069",,,,,"0",,,,,,,,,,,,,"9999","99","9","9999","9999","9",,,,,,,,,"1078737284","8999047","Henry County","A","+41339519","-084067146","06",,,23.8,9287,19923,618,537,785,760,752,845,827,665,820,1182,1455,1083,365,107,114,67,446153200,3984,7638
"G3900710","2000","US","2","3","Ohio","39","Highland","071",,,,,"0",,,,,,,,,,,,,"9999","99","9","9999","9999","9",,,,,,,,,"1432988964","11810490","Highland County","A","+39207182","-083584469","06",,,17.6,11606,29269,1719,1286,1125,1316,1059,1229,1191,1035,810,1498,1412,1199,376,129,72,151,529681300,5149,12434
"G3900730","2000","US","2","3","Ohio","39","Hocking","073",,,,,"0",,,,,,,,,,,,,"9999","99","9","9999","9999","9",,,,,,,,,"1094911224","2208517","Hocking County","A","+39521796","-082448153","06",,,17.8,8749,19492,1359,758,825,988,760,820,709,717,640,1086,1059,601,245,125,56,68,352293700,3696,8445
"G3900750","2000","US","2","3","Ohio","39","Holmes","075",,,,,"0",,,,,,,,,,,,,"9999","99","9","9999","9999","9",,,,,,,,,"1095543815","2662237","Holmes County","A","+40561178","-081928992","06",,,17.2,3135,35808,949,693,664,921,974,1056,973,859,608,1316,956,585,326,114,171,189,452879300,1303,10977
"G3900770","2000","US","2","3","Ohio","39","Huron","077",,,,,"0",,,,,,,,,,,,,"9999","99","9","9999","9999","9",,,,,,,,,"1276059942","4728435","Huron County","A","+41159113","-082617023","06",,,19.7,32029,27458,1512,1307,1510,1762,1580,1751,1521,1444,1360,2624,2706,1915,720,255,93,198,853529400,13258,10336
"G3900790","2000","US","2","3","Ohio","39","Jackson","079",,,,,"0",,,,,,,,,,,,,"9999","99","9","9999","9999","9",,,,,,,,,"1088518118","3160265","Jackson County","A","+39019990","-082606659","06",,,16.0,12478,20163,2073,1036,1024,1030,1016,1009,843,806,603,1179,821,875,162,83,26,65,368011400,5661,8248
"G3900810","2000","US","2","3","Ohio","39","Jefferson","081",,,,,"0",,,,,,,,,,,,,"8080","99","N","9999","9999","9",,,,,,,,,"1060880028","3278364","Jefferson County","A","+40360701","-080725850","06",,,19.5,44552,29342,4136,2849,2689,2625,2505,1968,1963,1837,1631,2750,2353,1766,668,231,193,209,845544200,20573,12718
"G3900830","2000","US","2","3","Ohio","39","Knox","083",,,,,"0",,,,,,,,,,,,,"9999","99","9","9999","9999","9",,,,,,,,,"1365242700","6240925","Knox County","A","+40403035","-082433805","06",,,16.4,22635,31865,1624,1498,1439,1381,1474,1383,1462,1421,1059,2133,2043,1749,611,297,192,190,758984400,9822,11971
"G3900850","2000","US","2","3","Ohio","39","Lake","085",,,,,"0",,,,,,,,,,,,,"1692","28","N","1680","9999","9",,,,,,,,,"591065088","1944184300","Lake County","A","+41693346","-081303633","06",,,16.1,209618,17893,4357,4185,4419,5433,5538,5581,5868,5565,5049,9808,11935,11670,5376,2202,1367,1376,4295146000,86692,6795
"G3900870","2000","US","2","3","Ohio","39","Lawrence","087",,,,,"0",,,,,,,,,,,,,"3400","99","N","9999","9999","9",,,,,,,,,"1178335424","6006010","Lawrence County","A","+38530404","-082547506","06",,,17.4,32483,29836,3748,2774,2273,2056,1813,1752,1685,1548,1173,1979,1689,1373,480,195,92,143,655012000,15036,12153
"G3900890","2000","US","2","3","Ohio","39","Licking","089",,,,,"0",,,,,,,,,,,,,"1840","99","N","9999","9999","9",,,,,,,,,"1778039109","4859065","Licking County","A","+40065737","-082482297","06",,,15.6,88231,57260,3907,3194,3291,3685,3547,3847,3333,3597,2855,5680,7044,6410,2709,1046,784,659,2444499300,37435,21325
"G3900910","2000","US","2","3","Ohio","39","Logan","091",,,,,"0",,,,,,,,,,,,,"9999","99","9","9999","9999","9",,,,,,,,,"1187351180","21613049","Logan County","A","+40391662","-083786787","06",,,22.6,20431,25574,1527,1090,1100,1163,1221,1306,1175,1166,975,1932,2153,1805,746,266,177,104,712057100,11539,10032
"G3900930","2000","US","2","3","Ohio","39","Lorain","093",,,,,"0",,,,,,,,,,,,,"1692","28","N","1680","9999","9",,,,,,,,,"1275569838","1115047238","Lorain County","A","+41370274","-082135816","06",,,15.1,238200,46464,7591,5969,6392,6600,6701,6684,6313,6633,5565,11194,12641,12217,5609,2259,1896,1611,4813155100,94572,16796
"G3900950","2000","US","2","3","Ohio","39","Lucas","095",,,,,"0",,,,,,,,,,,,,"8400","99","N","9999","9999","9",,,,,,,,,"881799074","661532330","Lucas County","A","+41649267","-083608466","06",,,14.2,429930,25124,20745,13452,12976,12695,12534,12387,10318,10062,8801,16205,18496,17180,7772,3399,2982,2864,7389109900,186925,9334
"G3900970","2000","US","2","3","Ohio","39","Madison","097",,,,,"0",,,,,,,,,,,,,"1840","99","N","9999","9999","9",,,,,,,,,"1205479004","1913949","Madison County","A","+39901000","-083377315","06",,,17.2,20723,19490,990,829,673,751,939,913,965,896,879,1440,1709,1572,565,233,193,143,610801900,7156,7243
"G3900990","2000","US","2","3","Ohio","39","Mahoning","099",,,,,"0",,,,,,,,,,,,,"9320","99","N","9999","9999","9",,,,,,,,,"1075483825","21072445","Mahoning County","A","+41052558","-080706497","06",,,15.0,220581,36974,11621,8745,7989,8194,7394,7044,6111,5913,5180,9075,9802,8297,3701,1316,1067,1180,3610941900,97231,14531
"G3901010","2000","US","2","3","Ohio","39","Marion","101",,,,,"0",,,,,,,,,,,,,"9999","99","9","9999","9999","9",,,,,,,,,"1045946872","786548","Marion County","A","+40583138","-083130561","06",,,16.4,45664,20553,2132,1699,1610,2025,1883,1816,1544,1699,1585,2495,2647,2130,757,215,153,236,947132300,18225,8073
"G3901030","2000","US","2","3","Ohio","39","Medina","103",,,,,"0",,,,,,,,,,,,,"1692","28","N","1680","9999","9",,,,,,,,,"1091805363","4053499","Medina County","A","+41112580","-081872052","06",,,15.6,99800,51295,2094,2100,2112,2697,2781,2837,2994,2990,2880,6201,7958,8706,3976,1910,1182,1120,3068726400,38516,18277
"G3901050","2000","US","2","3","Ohio","39","Meigs","105",,,,,"0",,,,,,,,,,,,,"9999","99","9","9999","9999","9",,,,,,,,,"1112199414","7653198","Meigs County","A","+39058836","-082005600","06",,,21.3,4864,18208,1584,912,909,891,722,630,616,507,426,693,682,418,119,64,22,41,235715900,2455,8327
"G3901070","2000","US","2","3","Ohio","39","Mercer","107",,,,,"0",,,,,,,,,,,,,"9999","99","9","9999","9999","9",,,,,,,,,"1199851841","25974609","Mercer County","A","+40527317","-084619566","06",,,24.4,16323,24601,971,797,834,1139,1041,907,1016,1048,978,1737,1862,1424,489,244,115,147,595446000,6824,9051
"G3901090","2000","US","2","3","Ohio","39","Miami","109",,,,,"0",,,,,,,,,,,,,"2000","99","N","9999","9999","9",,,,,,,,,"1054232617","5642062","Miami County","A","+40059302","-084242605","06",,,15.8,67422,31446,2337,2243,2357,2505,2573,2756,2396,2485,2315,4012,4715,4171,1732,717,589,622,1714902200,28360,12194
"G3901110","2000","US","2","3","Ohio","39","Monroe","111",,,,,"0",,,,,,,,,,,,,"9999","99","9","9999","9999","9",,,,,,,,,"1179847563","4964915","Monroe County","A","+39732661","-081078996","06",,,24.8,337,14843,830,586,471,543,537,447,441,389,311,546,541,252,65,20,10,41,161802400,158,7054
"G3901130","2000","US","2","3","Ohio","39","Montgomery","113",,,,,"0",,,,,,,,,,,,,"2000","99","N","9999","9999","9",,,,,,,,,"1195735149","6910116","Montgomery County","A","+39750258","-084218590","06",,,13.6,533203,25859,22593,13594,15641,16129,15735,15967,14433,13415,11158,21495,23817,22793,10490,4878,3392,3647,9341119500,238193,10250
"G3901150","2000","US","2","3","Ohio","39","Morgan","115",,,,,"0",,,,,,,,,,,,,"9999","99","9","9999","9999","9",,,,,,,,,"1081743425","10867804","Morgan County","A","+39618571","-081839425","06",,,25.0,2664,12233,870,541,681,482,437,436,444,262,320,551,475,224,92,26,13,15,152097200,1381,6390
"G3901170","2000","US","2","3","Ohio","39","Morrow","117",,,,,"0",,,,,,,,,,,,,"9999","99","9","9999","9999","9",,,,,,,,,"1052112998","2935743","Morrow County","A","+40529559","-082807324","06",,,18.8,3519,28109,833,612,653,901,847,904,838,828,668,1247,1585,976,327,124,95,98,449753500,1550,10582
"G3901190","2000","US","2","3","Ohio","39","Muskingum","119",,,,,"0",,,,,,,,,,,,,"9999","99","9","9999","9999","9",,,,,,,,,"1721372758","20632271","Muskingum County","A","+39961489","-081978767","06",,,17.4,45474,39111,3389,2697,2560,2537,2550,2407,2098,2012,1960,2971,3272,2369,639,292,285,409,1159832500,19548,15615
"G3901210","2000","US","2","3","Ohio","39","Noble","121",,,,,"0",,,,,,,,,,,,,"9999","99","9","9999","9999","9",,,,,,,,,"1033405451","14466106","Noble County","A","+39773140","-081471413","06",,,19.2,4873,9185,541,375,391,412,311,355,376,344,265,354,444,242,53,23,12,38,154905000,1316,4164
"G3901230","2000","US","2","3","Ohio","39","Ottawa","123",,,,,"0",,,,,,,,,,,,,"9999","99","9","9999","9999","9",,,,,,,,,"660325431","855130451","Ottawa County","A","+41542200","-083040528","06",,,19.3,19265,21720,959,920,913,1211,1109,1182,984,1107,897,1618,2033,2035,816,325,219,133,680030400,10954,14578
"G3901250","2000","US","2","3","Ohio","39","Paulding","125",,,,,"0",,,,,,,,,,,,,"9999","99","9","9999","9999","9",,,,,,,,,"1078111563","6830361","Paulding County","A","+41118387","-084586250","06",,,30.9,3570,16723,569,442,481,590,600,642,540,637,496,824,933,668,201,65,59,68,285855400,1546,6932
"G3901270","2000","US","2","3","Ohio","39","Perry","127",,,,,"0",,,,,,,,,,,,,"9999","99","9","9999","9999","9",,,,,,,,,"1061317388","7292726","Perry County","A","+39735945","-082219290","06",,,21.8,9072,25006,1420,877,947,967,1173,987,763,906,795,1222,1144,922,152,90,52,102,404783200,3752,9903
"G3901290","2000","US","2","3","Ohio","39","Pickaway","129",,,,,"0",,,,,,,,,,,,,"1840","99","N","9999","9999","9",,,,,,,,,"1299942718","12639406","Pickaway County","A","+39642654","-082997982","06",,,17.7,28964,23763,1379,1160,975,1157,1141,1181,1126,1080,1041,1996,1992,1993,782,251,192,109,745264500,9576,9020
"G3901310","2000","US","2","3","Ohio","39","Pike","131",,,,,"0",,,,,,,,,,,,,"9999","99","9","9999","9999","9",,,,,,,,,"1143444613","6361461","Pike County","A","+39073170","-083037706","06",,,17.1,5428,22267,1624,932,762,897,726,756,758,567,483,868,850,711,289,58,45,110,326766700,2711,8891
"G3901330","2000","US","2","3","Ohio","39","Portage","133",,,,,"0",,,,,,,,,,,,,"1692","28","N","0080","9999","9",,,,,,,,,"1275283374","38117647","Portage County","A","+41172189","-081253721","06",,,14.7,89069,62992,4387,3197,3010,3757,3475,3903,3433,3413,3258,5714,6981,6350,2676,1246,792,823,2570880300,36169,23927
"G3901350","2000","US","2","3","Ohio","39","Preble","135",,,,,"0",,,,,,,,,,,,,"9999","99","9","9999","9999","9",,,,,,,,,"1100239413","3940231","Preble County","A","+39743860","-084637188","06",,,21.4,7883,34454,995,952,817,1112,1290,1119,1205,1043,969,1872,2128,1541,593,123,112,75,612879800,3320,13866
"G3901370","2000","US","2","3","Ohio","39","Putnam","137",,,,,"0",,,,,,,,,,,,,"9999","99","9","9999","9999","9",,,,,,,,,"1253204949","941357","Putnam County","A","+41013775","-084124026","06",,,30.2,5229,29497,646,693,756,713,788,803,705,748,754,1508,1727,1474,471,161,150,94,529339200,2158,10595
"G3901390","2000","US","2","3","Ohio","39","Richland","139",,,,,"0",,,,,,,,,,,,,"4800","99","N","9999","9999","9",,,,,,,,,"1286904043","8937838","Richland County","A","+40765756","-082537941","06",,,15.2,90692,38160,4466,3836,3684,3832,3664,3603,3222,3187,2660,4939,4722,4329,1698,707,542,467,1860151000,38686,14376
"G3901410","2000","US","2","3","Ohio","39","Ross","141",,,,,"0",,,,,,,,,,,,,"9999","99","9","9999","9999","9",,,,,,,,,"1782985342","11774268","Ross County","A","+39341461","-083027332","06",,,15.9,30656,42689,2861,2120,1973,1981,1960,1922,1688,1974,1476,2468,2715,2447,732,363,247,221,1029487800,12231,17230
"G3901430","2000","US","2","3","Ohio","39","Sandusky","143",,,,,"0",,,,,,,,,,,,,"9999","99","9","9999","9999","9",,,,,,,,,"1059759326","22254968","Sandusky County","A","+41354394","-083125259","06",,,18.0,36109,25683,1533,1580,1490,1550,1750,1894,1838,1501,1353,2615,2733,2269,767,333,191,285,930903200,15255,9998
"G3901450","2000","US","2","3","Ohio","39","Scioto","145",,,,,"0",,,,,,,,,,,,,"9999","99","9","9999","9999","9",,,,,,,,,"1585763831","9853094","Scioto County","A","+38788930","-082943068","06",,,15.6,39132,40063,5201,3132,2848,2721,2433,2206,1812,1619,1378,2310,2151,1732,567,273,159,292,892102700,17556,16498
"G3901470","2000","US","2","3","Ohio","39","Seneca","147",,,,,"0",,,,,,,,,,,,,"9999","99","9","9999","9999","9",,,,,,,,,"1426015186","4612806","Seneca County","A","+41128917","-083173728","06",,,20.2,31807,26876,1650,1633,1647,1701,1844,1777,1567,1558,1356,2384,2501,1820,454,196,160,104,781314500,13576,10116
"G3901490","2000","US","2","3","Ohio","39","Shelby","149",,,,,"0",,,,,,,,,,,,,"9999","99","9","9999","9999","9",,,,,,,,,"1060010524","4554664","Shelby County","A","+40330548","-084190321","06",,,22.5,20480,27430,1042,835,1135,972,1230,1214,1246,1284,1143,1903,2242,2029,715,317,207,182,781692800,8614,10068
"G3901510","2000","US","2","3","Ohio","39","Stark","151",,,,,"0",,,,,,,,,,,,,"1320","99","N","9999","9999","9",,,,,,,,,"1492185919","12362336","Stark County","A","+40819408","-081383599","06",,,15.1,326036,52062,12250,10105,10098,10646,10520,10789,10060,9458,8275,14274,15788,13287,5946,2396,2050,2381,6001932600,137458,19566
"G3901530","2000","US","2","3","Ohio","39","Summit","153",,,,,"0",,,,,,,,,,,,,"1692","28","N","0080","9999","9",,,,,,,,,"1068948386","19005659","Summit County","A","+41095605","-081520637","06",,,13.7,519576,23323,19044,13736,13558,14407,14025,14723,12994,12012,11199,20928,23688,22854,10697,4939,4391,4670,9826902100,221998,8882
"G3901550","2000","US","2","3","Ohio","39","Trumbull","155",,,,,"0",,,,,,,,,,,,,"9320","99","N","9999","9999","9",,,,,,,,,"1596670952","47242586","Trumbull County","A","+41237933","-080763986","06",,,14.9,165474,59642,8199,6104,6659,6534,6457,6175,6237,5414,4532,8596,9292,8279,3386,1332,896,889,3309468500,72088,23029
"G3901570","2000","US","2","3","Ohio","39","Tuscarawas","157",,,,,"0",,,,,,,,,,,,,"9999","99","9","9999","9999","9",,,,,,,,,"1470013624","10121859","Tuscarawas County","A","+40463569","-081470891","06",,,20.5,52972,37942,3162,2509,2846,3181,2815,3006,2780,2232,2058,3560,3363,2368,863,358,276,260,1233166600,23199,14914
"G3901590","2000","US","2","3","Ohio","39","Union","159",,,,,"0",,,,,,,,,,,,,"9999","99","9","9999","9999","9",,,,,,,,,"1130922131","843490","Union County","A","+40271860","-083366607","06",,,17.3,16193,24716,712,607,710,741,823,652,803,899,819,1729,2110,2181,871,381,220,84,722449900,5925,9292
"G3901610","2000","US","2","3","Ohio","39","Van Wert","161",,,,,"0",,,,,,,,,,,,,"9999","99","9","9999","9999","9",,,,,,,,,"1062121043","1035182","Van Wert County","A","+40858508","-084570417","06",,,21.0,14416,15243,696,700,675,911,989,1053,852,827,768,1307,1281,991,262,84,78,95,417024000,6327,6036
"G3901630","2000","US","2","3","Ohio","39","Vinton","163",,,,,"0",,,,,,,,,,,,,"9999","99","9","9999","9999","9",,,,,,,,,"1072462963","2279268","Vinton County","A","+39241253","-082466606","06",,,26.4,938,11868,813,474,311,508,393,439,314,249,229,498,305,226,53,52,27,15,135599200,381,5272
"G3901650","2000","US","2","3","Ohio","39","Warren","165",,,,,"0",,,,,,,,,,,,,"1642","21","N","1640","9999","9",,,,,,,,,"1035028467","19456400","Warren County","A","+39440152","-084221759","06",,,15.0,122747,35636,2180,1995,2207,2303,2665,3028,2828,3081,2900,5861,7457,8713,4905,2371,1976,1550,3421674200,45404,13288
"G3901670","2000","US","2","3","Ohio","39","Washington","167",,,,,"0",,,,,,,,,,,,,"6020","99","N","9999","9999","9",,,,,,,,,"1645018027","12959172","Washington County","A","+39446572","-081490197","06",,,16.1,22245,41006,2502,2011,2173,2149,2043,1946,1572,1385,1363,2273,2384,1891,732,249,215,274,863791400,10447,17313
"G3901690","2000","US","2","3","Ohio","39","Wayne","169",,,,,"0",,,,,,,,,,,,,"9999","99","9","9999","9999","9",,,,,,,,,"1438365058","2479642","Wayne County","A","+40829010","-081886579","06",,,19.2,53662,57902,2572,2542,2431,2988,3054,3167,2632,2643,2635,4653,4457,3756,1582,551,387,436,1634888400,22445,19879
"G3901710","2000","US","2","3","Ohio","39","Williams","171",,,,,"0",,,,,,,,,,,,,"9999","99","9","9999","9999","9",,,,,,,,,"1092301225","3400685","Williams County","A","+41546482","-084584044","06",,,24.3,13057,26131,982,878,965,1195,1139,1122,1078,1010,1089,1788,1761,1356,354,116,118,114,584579400,5853,10287
"G3901730","2000","US","2","3","Ohio","39","Wood","173",,,,,"0",,,,,,,,,,,,,"8400","99","N","9999","9999","9",,,,,,,,,"1598850927","8345571","Wood County","A","+41405102","-083610432","06",,,18.0,81641,39424,3535,2640,2521,3056,2911,3026,2400,2773,2328,4532,5204,5258,2479,1072,661,796,2079419900,32183,15285
"G3901750","2000","US","2","3","Ohio","39","Wyandot","175",,,,,"0",,,,,,,,,,,,,"9999","99","9","9999","9999","9",,,,,,,,,"1050532416","5204917","Wyandot County","A","+40856154","-083300152","06",,,20.7,9991,12917,588,521,593,693,740,810,627,684,587,1040,1011,669,166,64,44,46,312175000,4347,4977
"G4000010","2000","US","3","7","Oklahoma","40","Adair","001",,,,,"0",,,,,,,,,,,,,"9999","99","9","9999","9999","9",,,,,,,,,"1490971120","3524108","Adair County","A","+35896421","-094640694","06",,,31.7,3294,17744,1461,834,730,725,624,592,452,425,376,462,390,248,66,33,33,18,184128500,1414,6934
"G4000030","2000","US","3","7","Oklahoma","40","Alfalfa","003",,,,,"0",,,,,,,,,,,,,"9999","99","9","9999","9999","9",,,,,,,,,"2244611876","38316603","Alfalfa County","A","+36702841","-098333427","06",,,41.1,0,6105,263,234,216,185,184,222,157,136,108,163,154,78,39,13,23,18,59723000,0,2832
"G4000050","2000","US","3","7","Oklahoma","40","Atoka","005",,,,,"0",,,,,,,,,,,,,"9999","99","9","9999","9999","9",,,,,,,,,"2533759422","30327317","Atoka County","A","+34382141","-096086132","06",,,35.1,2447,11432,964,647,490,396,499,345,242,266,209,329,239,191,71,12,37,32,133704600,1256,4417
"G4000070","2000","US","3","7","Oklahoma","40","Beaver","007",,,,,"0",,,,,,,,,,,,,"9999","99","9","9999","9999","9",,,,,,,,,"4699163829","8347740","Beaver County","A","+36739036","-100496685","06",,,47.1,0,5857,178,174,179,177,188,164,160,138,125,237,228,167,62,32,7,22,80901000,0,2719
"G4000090","2000","US","3","7","Oklahoma","40","Beckham","009",,,,,"0",,,,,,,,,,,,,"9999","99","9","9999","9999","9",,,,,,,,,"2335726670","5982096","Beckham County","A","+35315380","-099601359","06",,,21.3,13879,5920,1112,862,699,663,608,537,542,343,206,575,495,361,130,96,39,67,210211100,5976,2820
"G4000110","2000","US","3","7","Oklahoma","40","Blaine","011",,,,,"0",,,,,,,,,,,,,"9999","99","9","9999","9999","9",,,,,,,,,"2404628588","27061511","Blaine County","A","+35916373","-098435373","06",,,31.7,4661,7315,585,382,445,403,364,330,266,200,229,274,346,208,69,21,25,19,115457000,1487,3721
"G4000130","2000","US","3","7","Oklahoma","40","Bryan","013",,,,,"0",,,,,,,,,,,,,"9999","99","9","9999","9999","9",,,,,,,,,"2353772237","89694064","Bryan County","A","+33974510","-096340632","06",,,24.6,13324,23210,2535,1422,1346,1179,1198,1158,950,868,582,1028,996,696,236,87,114,66,378826700,5963,10752
"G4000150","2000","US","3","7","Oklahoma","40","Caddo","015",,,,,"0",,,,,,,,,,,,,"9999","99","9","9999","9999","9",,,,,,,,,"3310857550","31017330","Caddo County","A","+35136539","-098344737","06",,,35.1,5768,24382,1831,1062,1061,989,996,766,696,680,525,775,797,444,159,33,45,84,286276400,2401,10695
"G4000170","2000","US","3","7","Oklahoma","40","Canadian","017",,,,,"0",,,,,,,,,,,,,"5880","99","N","9999","9999","9",,,,,,,,,"2330248661","14124978","Canadian County","A","+35522312","-097896337","06",,,18.0,67157,20540,1965,1581,1701,2032,1964,2349,1898,2081,1957,3590,4056,3523,1604,546,396,285,1445325800,25733,8236
"G4000190","2000","US","3","7","Oklahoma","40","Carter","019",,,,,"0",,,,,,,,,,,,,"9999","99","9","9999","9999","9",,,,,,,,,"2133608110","25706177","Carter County","A","+34214754","-097220100","06",,,19.6,20417,25204,2822,1760,1526,1483,1596,1306,946,976,833,1360,1530,1079,383,99,151,131,521086500,9534,11043
"G4000210","2000","US","3","7","Oklahoma","40","Cherokee","021",,,,,"0",,,,,,,,,,,,,"9999","99","9","9999","9999","9",,,,,,,,,"1945179782","65695666","Cherokee County","A","+35887145","-095001038","06",,,22.8,17030,25491,2874,1781,1516,1493,1246,1157,1032,827,733,1194,1023,830,245,74,128,72,438990800,7011,12488
"G4000230","2000","US","3","7","Oklahoma","40","Choctaw","023",,,,,"0",,,,,,,,,,,,,"9999","99","9","9999","9999","9",,,,,,,,,"2004477642","69282455","Choctaw County","A","+34019987","-095512802","06",,,32.0,5330,10012,1360,806,646,548,494,393,360,310,211,456,359,182,56,20,20,15,134017100,2811,4728
"G4000250","2000","US","3","7","Oklahoma","40","Cimarron","025",,,,,"0",,,,,,,,,,,,,"9999","99","9","9999","9999","9",,,,,,,,,"4752740202","15874367","Cimarron County","A","+36753922","-102401032","06",,,46.6,0,3148,176,130,111,129,69,103,100,84,66,105,62,69,19,11,12,13,36353700,0,1583
"G4000270","2000","US","3","7","Oklahoma","40","Cleveland","027",,,,,"0",,,,,,,,,,,,,"5880","99","N","9999","9999","9",,,,,,,,,"1388522594","57571717","Cleveland County","A","+35245466","-097420315","06",,,14.1,165777,42239,7258,4921,4833,5058,5097,5351,5158,4394,4337,8194,8965,8258,3585,1567,1135,1099,3449103300,69369,15475
"G4000290","2000","US","3","7","Oklahoma","40","Coal","029",,,,,"0",,,,,,,,,,,,,"9999","99","9","9999","9999","9",,,,,,,,,"1342184327","7964014","Coal County","A","+34577081","-096296455","06",,,43.7,0,6031,460,297,259,226,199,177,155,106,84,173,119,55,32,8,15,4,51189100,0,2744
"G4000310","2000","US","3","7","Oklahoma","40","Comanche","031",,,,,"0",,,,,,,,,,,,,"4200","99","N","9999","9999","9",,,,,,,,,"2769591210","37494739","Comanche County","A","+34633961","-098423460","06",,,19.4,89757,25239,4937,3226,3025,3120,3088,3143,2964,2249,2031,3757,3605,2718,1173,358,266,270,1401280100,35853,9563
"G4000330","2000","US","3","7","Oklahoma","40","Cotton","033",,,,,"0",,,,,,,,,,,,,"9999","99","9","9999","9999","9",,,,,,,,,"1648886159","13741165","Cotton County","A","+34296951","-098356706","06",,,45.7,2777,3837,440,270,247,228,215,154,134,129,121,194,205,178,52,20,13,14,70617800,1252,1833
"G4000350","2000","US","3","7","Oklahoma","40","Craig","035",,,,,"0",,,,,,,,,,,,,"9999","99","9","9999","9999","9",,,,,,,,,"1971063698","4358779","Craig County","A","+36699384","-095170605","06",,,27.6,6387,8563,696,469,543,486,489,558,392,363,293,458,369,282,50,54,46,58,179836400,2642,3817
"G4000370","2000","US","3","7","Oklahoma","40","Creek","037",,,,,"0",,,,,,,,,,,,,"8560","99","N","9999","9999","9",,,,,,,,,"2474823784","36856941","Creek County","A","+35972769","-096302298","06",,,20.2,31046,36321,3041,2190,2037,1732,2183,2108,1866,1342,1345,2245,2217,1809,562,213,208,235,876122000,13517,14469
"G4000390","2000","US","3","7","Oklahoma","40","Custer","039",,,,,"0",,,,,,,,,,,,,"9999","99","9","9999","9999","9",,,,,,,,,"2555056323","40118061","Custer County","A","+35601490","-098920160","06",,,18.0,17980,8162,1535,922,978,898,974,729,582,486,461,769,793,546,239,92,54,99,289011000,7995,3680
"G4000410","2000","US","3","7","Oklahoma","40","Delaware","041",,,,,"0",,,,,,,,,,,,,"9999","99","9","9999","9999","9",,,,,,,,,"1918274834","133839471","Delaware County","A","+36468076","-094815869","06",,,27.3,6332,30745,2014,1552,1434,1505,1386,1095,919,858,666,1153,937,679,252,142,146,138,400363700,3287,19003
"G4000430","2000","US","3","7","Oklahoma","40","Dewey","043",,,,,"0",,,,,,,,,,,,,"9999","99","9","9999","9999","9",,,,,,,,,"2590332736","21056927","Dewey County","A","+36003983","-099031550","06",,,46.7,0,4743,279,213,205,187,159,134,133,113,76,143,138,105,33,26,6,19,53166900,0,2425
"G4000450","2000","US","3","7","Oklahoma","40","Ellis","045",,,,,"0",,,,,,,,,,,,,"9999","99","9","9999","9999","9",,,,,,,,,"3183454160","6993832","Ellis County","A","+36268053","-099795312","06",,,45.8,0,4075,214,137,230,177,188,170,90,88,60,139,104,106,35,9,15,12,46720600,0,2146
"G4000470","2000","US","3","7","Oklahoma","40","Garfield","047",,,,,"0",,,,,,,,,,,,,"2340","99","N","9999","9999","9",,,,,,,,,"2741220791","4019989","Garfield County","A","+36389716","-097830125","06",,,20.0,45643,12170,2599,2071,1856,1990,1924,1899,1755,1465,1262,1922,1818,1480,530,248,160,241,749081200,20859,5188
"G4000490","2000","US","3","7","Oklahoma","40","Garvin","049",,,,,"0",,,,,,,,,,,,,"9999","99","9","9999","9999","9",,,,,,,,,"2091381916","15997898","Garvin County","A","+34717363","-097291275","06",,,25.2,8635,18575,1555,1157,1156,958,939,808,648,767,527,781,738,464,161,88,93,63,299020900,4275,8366
"G4000510","2000","US","3","7","Oklahoma","40","Grady","051",,,,,"0",,,,,,,,,,,,,"9999","99","9","9999","9999","9",,,,,,,,,"2851476745","11233853","Grady County","A","+35050405","-097902417","06",,,26.4,15508,30008,2144,1314,1561,1486,1399,1263,1039,1157,946,1474,1502,1259,346,167,121,132,568065800,7222,12222
"G4000530","2000","US","3","7","Oklahoma","40","Grant","053",,,,,"0",,,,,,,,,,,,,"9999","99","9","9999","9999","9",,,,,,,,,"2591441035","7890549","Grant County","A","+36790006","-097788044","06",,,47.0,0,5144,225,225,212,227,186,145,137,138,95,157,152,111,30,15,15,17,56615900,0,2622
"G4000550","2000","US","3","7","Oklahoma","40","Greer","055",,,,,"0",,,,,,,,,,,,,"9999","99","9","9999","9999","9",,,,,,,,,"1655929355","11148369","Greer County","A","+34931620","-099496157","06",,,24.7,2760,3301,399,286,224,182,260,166,115,102,111,156,78,97,39,12,11,17,58362700,1472,1316
"G4000570","2000","US","3","7","Oklahoma","40","Harmon","057",,,,,"0",,,,,,,,,,,,,"9999","99","9","9999","9999","9",,,,,,,,,"1392946046","1910976","Harmon County","A","+34717716","-099872028","06",,,24.2,0,3283,310,139,110,137,62,95,70,90,40,75,50,41,14,8,0,17,27886100,0,1647
"G4000590","2000","US","3","7","Oklahoma","40","Harper","059",,,,,"0",,,,,,,,,,,,,"9999","99","9","9999","9999","9",,,,,,,,,"2690988982","5077601","Harper County","A","+36792489","-099697855","06",,,42.6,0,3562,140,163,107,133,124,126,109,131,68,114,132,99,47,18,13,5,42958900,0,1863
"G4000610","2000","US","3","7","Oklahoma","40","Haskell","061",,,,,"0",,,,,,,,,,,,,"9999","99","9","9999","9999","9",,,,,,,,,"1494501259","124949526","Haskell County","A","+35244252","-095100679","06",,,28.3,2540,9252,957,460,486,445,387,358,304,148,227,310,249,121,56,33,34,52,113039000,1171,4402
"G4000630","2000","US","3","7","Oklahoma","40","Hughes","063",,,,,"0",,,,,,,,,,,,,"9999","99","9","9999","9999","9",,,,,,,,,"2089431196","20473698","Hughes County","A","+35078188","-096296327","06",,,30.5,5779,8375,1043,665,663,489,424,356,307,297,184,289,266,212,81,19,20,30,121611700,2308,3929
"G4000650","2000","US","3","7","Oklahoma","40","Jackson","065",,,,,"0",,,,,,,,,,,,,"9999","99","9","9999","9999","9",,,,,,,,,"2078921366","3809959","Jackson County","A","+34609790","-099384059","06",,,21.7,21125,7314,1301,1029,927,968,971,670,639,581,587,896,907,654,235,75,105,77,337987200,9120,3257
"G4000670","2000","US","3","7","Oklahoma","40","Jefferson","067",,,,,"0",,,,,,,,,,,,,"9999","99","9","9999","9999","9",,,,,,,,,"1965163349","39037772","Jefferson County","A","+34134024","-097876981","06",,,35.3,0,6818,529,379,272,224,211,177,169,149,113,174,131,99,42,12,17,5,63430200,0,3373
"G4000690","2000","US","3","7","Oklahoma","40","Johnston","069",,,,,"0",,,,,,,,,,,,,"9999","99","9","9999","9999","9",,,,,,,,,"1669258609","35691672","Johnston County","A","+34278963","-096678806","06",,,36.3,2869,7644,744,470,475,374,341,253,302,200,140,282,191,168,54,27,25,30,105985400,1272,3510
"G4000710","2000","US","3","7","Oklahoma","40","Kay","071",,,,,"0",,,,,,,,,,,,,"9999","99","9","9999","9999","9",,,,,,,,,"2379434917","68423852","Kay County","A","+36775009","-097166108","06",,,32.5,35925,12155,2422,1767,1820,1801,1530,1335,1195,1024,882,1514,1559,1196,512,243,141,197,565867500,16410,5394
"G4000730","2000","US","3","7","Oklahoma","40","Kingfisher","073",,,,,"0",,,,,,,,,,,,,"9999","99","9","9999","9999","9",,,,,,,,,"2338763281","7667036","Kingfisher County","A","+35937267","-097920546","06",,,27.6,4054,9872,445,347,433,454,378,380,416,339,272,480,460,449,216,40,63,72,190359500,1779,4100
"G4000750","2000","US","3","7","Oklahoma","40","Kiowa","075",,,,,"0",,,,,,,,,,,,,"9999","99","9","9999","9999","9",,,,,,,,,"2627687547","41703266","Kiowa County","A","+34930674","-098996426","06",,,31.6,3721,6506,830,441,408,361,296,322,280,228,193,247,269,193,68,43,19,16,101300600,1860,3444
"G4000770","2000","US","3","7","Oklahoma","40","Latimer","077",,,,,"0",,,,,,,,,,,,,"9999","99","9","9999","9999","9",,,,,,,,,"1870423742","17996043","Latimer County","A","+34862989","-095260202","06",,,32.8,3063,7629,758,442,465,403,292,243,261,160,165,270,243,142,48,33,12,37,95170200,1238,3471
"G4000790","2000","US","3","7","Oklahoma","40","Le Flore","079",,,,,"0",,,,,,,,,,,,,"9999","99","9","9999","9999","9",,,,,,,,,"4107264845","57502225","Le Flore County","A","+34976379","-094677823","06",,,31.1,14787,33322,2755,2013,1781,1648,1459,1265,1157,1026,885,1279,1229,767,307,104,76,123,503981700,6189,13953
"G4000810","2000","US","3","7","Oklahoma","40","Lincoln","081",,,,,"0",,,,,,,,,,,,,"9999","99","9","9999","9999","9",,,,,,,,,"2480526883","20412234","Lincoln County","A","+35699350","-096859687","06",,,35.9,2467,29613,1423,1105,1107,1131,1049,1044,872,787,702,859,947,678,261,79,89,63,365674600,1134,12578
"G4000830","2000","US","3","7","Oklahoma","40","Logan","083",,,,,"0",,,,,,,,,,,,,"5880","99","N","9999","9999","9",,,,,,,,,"1928127010","11558639","Logan County","A","+35893268","-097442945","06",,,21.0,10899,23025,1344,841,928,1020,872,895,750,800,714,1100,1225,1021,420,145,173,147,477764000,4564,9342
"G4000850","2000","US","3","7","Oklahoma","40","Love","085",,,,,"0",,,,,,,,,,,,,"9999","99","9","9999","9999","9",,,,,,,,,"1334835151","42892198","Love County","A","+33941304","-097194143","06",,,30.0,0,8831,423,278,331,312,256,225,224,197,222,293,324,187,81,33,22,31,113238400,0,4066
"G4000870","2000","US","3","7","Oklahoma","40","McClain","087",,,,,"0",,,,,,,,,,,,,"5880","99","N","9999","9999","9",,,,,,,,,"1475432046","27099632","McClain County","A","+35037094","-097468017","06",,,28.2,5123,22617,849,747,744,836,747,869,690,691,556,905,1045,883,386,105,170,111,391563700,2113,9076
"G4000890","2000","US","3","7","Oklahoma","40","McCurtain","089",,,,,"0",,,,,,,,,,,,,"9999","99","9","9999","9999","9",,,,,,,,,"4797321599","127084612","McCurtain County","A","+34110519","-094788646","06",,,28.5,10058,24344,2727,1605,1343,1144,936,905,755,649,480,833,762,696,214,73,92,82,345517100,4452,10975
"G4000910","2000","US","3","7","Oklahoma","40","McIntosh","091",,,,,"0",,,,,,,,,,,,,"9999","99","9","9999","9999","9",,,,,,,,,"1605808518","239514974","McIntosh County","A","+35375963","-095603934","06",,,20.1,2537,16919,1389,900,895,720,669,559,436,358,321,536,513,359,183,56,76,125,201147600,1212,11428
"G4000930","2000","US","3","7","Oklahoma","40","Major","093",,,,,"0",,,,,,,,,,,,,"9999","99","9","9999","9999","9",,,,,,,,,"2477996521","2863587","Major County","A","+36313820","-098448638","06",,,35.1,0,7545,371,221,318,262,304,208,195,173,138,297,297,134,72,27,5,34,93866500,0,3540
"G4000950","2000","US","3","7","Oklahoma","40","Marshall","095",,,,,"0",,,,,,,,,,,,,"9999","99","9","9999","9999","9",,,,,,,,,"961161105","144626411","Marshall County","A","+34012197","-096730337","06",,,34.8,3832,9352,875,587,557,514,502,404,329,243,248,372,323,227,76,35,30,52,135207000,1635,6882
"G4000970","2000","US","3","7","Oklahoma","40","Mayes","097",,,,,"0",,,,,,,,,,,,,"9999","99","9","9999","9999","9",,,,,,,,,"1699396324","70891645","Mayes County","A","+36314823","-095211238","06",,,24.9,8308,30061,1807,1439,1199,1468,1217,1114,910,920,694,1190,1356,896,267,159,95,78,450401700,3663,13760
"G4000990","2000","US","3","7","Oklahoma","40","Murray","099",,,,,"0",,,,,,,,,,,,,"9999","99","9","9999","9999","9",,,,,,,,,"1083270395","17266650","Murray County","A","+34484955","-097042207","06",,,16.5,4685,7938,693,406,475,536,377,357,357,278,269,441,397,243,110,19,19,44,148784700,2055,4424
"G4001010","2000","US","3","7","Oklahoma","40","Muskogee","101",,,,,"0",,,,,,,,,,,,,"9999","99","9","9999","9999","9",,,,,,,,,"2107849416","65114158","Muskogee County","A","+35686587","-095367134","06",,,20.6,42148,27303,4004,2635,2776,2384,2058,1833,1620,1324,1365,1918,1944,1440,472,225,218,237,734689900,19008,10567
"G4001030","2000","US","3","7","Oklahoma","40","Noble","103",,,,,"0",,,,,,,,,,,,,"9999","99","9","9999","9999","9",,,,,,,,,"1895619130","27286001","Noble County","A","+36369302","-097237878","06",,,28.0,5131,6280,455,401,360,369,382,358,366,226,292,363,388,322,136,36,50,23,150365100,2449,2633
"G4001050","2000","US","3","7","Oklahoma","40","Nowata","105",,,,,"0",,,,,,,,,,,,,"9999","99","9","9999","9999","9",,,,,,,,,"1463213683","41242681","Nowata County","A","+36778819","-095617078","06",,,28.8,4679,5890,580,421,382,342,369,297,325,237,193,337,323,185,51,42,14,23,108405700,2117,2588
"G4001070","2000","US","3","7","Oklahoma","40","Okfuskee","107",,,,,"0",,,,,,,,,,,,,"9999","99","9","9999","9999","9",,,,,,,,,"1618114625","10759874","Okfuskee County","A","+35440416","-096301628","06",,,35.0,2947,8867,817,525,458,382,372,344,271,173,157,244,254,143,65,23,16,27,105415400,1462,3652
"G4001090","2000","US","3","7","Oklahoma","40","Oklahoma","109",,,,,"0",,,,,,,,,,,,,"5880","99","N","9999","9999","9",,,,,,,,,"1836542444","23878647","Oklahoma County","A","+35509671","-097496525","06",,,15.3,618428,42020,30204,20235,20964,21577,20808,19483,17218,15867,12743,22259,23454,20754,9228,4208,3481,4535,10157733800,277935,17085
"G4001110","2000","US","3","7","Oklahoma","40","Okmulgee","111",,,,,"0",,,,,,,,,,,,,"9999","99","9","9999","9999","9",,,,,,,,,"1805151680","13840816","Okmulgee County","A","+35601093","-095965552","06",,,24.3,20314,19371,2573,1709,1428,1271,1213,1116,924,751,774,974,1182,850,284,121,38,100,405510300,9328,7988
"G4001130","2000","US","3","7","Oklahoma","40","Osage","113",,,,,"0",,,,,,,,,,,,,"8560","99","N","9999","9999","9",,,,,,,,,"5829543510","137258981","Osage County","A","+36571147","-096350965","06",,,26.1,18250,26187,1906,1375,1330,1307,1276,1228,1085,1159,839,1318,1569,1304,509,217,101,133,599654100,7170,11656
"G4001150","2000","US","3","7","Oklahoma","40","Ottawa","115",,,,,"0",,,,,,,,,,,,,"9999","99","9","9999","9999","9",,,,,,,,,"1220723689","34733931","Ottawa County","A","+36861373","-094839825","06",,,24.2,16799,16395,1909,1299,1370,1300,1205,1073,843,718,753,881,834,445,172,88,58,79,325026900,7349,7493
"G4001170","2000","US","3","7","Oklahoma","40","Pawnee","117",,,,,"0",,,,,,,,,,,,,"9999","99","9","9999","9999","9",,,,,,,,,"1474844067","65865983","Pawnee County","A","+36282565","-096579448","06",,,45.9,3176,13436,733,541,532,617,559,530,441,385,293,572,505,410,115,57,40,42,196391200,1447,6017
"G4001190","2000","US","3","7","Oklahoma","40","Payne","119",,,,,"0",,,,,,,,,,,,,"9999","99","9","9999","9999","9",,,,,,,,,"1777615804","27939849","Payne County","A","+36074369","-096955502","06",,,19.7,46323,21867,4956,2623,2311,1912,2003,1950,1494,1241,1017,1934,1826,1743,879,307,319,216,862041900,19993,9333
"G4001210","2000","US","3","7","Oklahoma","40","Pittsburg","121",,,,,"0",,,,,,,,,,,,,"9999","99","9","9999","9999","9",,,,,,,,,"3382371018","186234622","Pittsburg County","A","+34939711","-095714300","06",,,28.2,22144,21809,2765,1931,1585,1403,1251,1365,1032,1016,720,1377,1230,811,330,133,90,138,477900800,9489,12031
"G4001230","2000","US","3","7","Oklahoma","40","Pontotoc","123",,,,,"0",,,,,,,,,,,,,"9999","99","9","9999","9999","9",,,,,,,,,"1863850246","15067795","Pontotoc County","A","+34750146","-096658685","06",,,22.8,16411,18732,2116,1572,1453,1321,1042,927,955,767,612,1083,947,606,299,87,131,90,382870100,7827,7748
"G4001250","2000","US","3","7","Oklahoma","40","Pottawatomie","125",,,,,"0",,,,,,,,,,,,,"5880","99","N","9999","9999","9",,,,,,,,,"2040128658","14414692","Pottawatomie County","A","+35268116","-096943697","06",,,21.2,31799,33722,3074,2203,2218,2215,1929,1785,1634,1611,1160,1921,2117,1539,513,263,145,248,780942500,13988,13314
"G4001270","2000","US","3","7","Oklahoma","40","Pushmataha","127",,,,,"0",,,,,,,,,,,,,"9999","99","9","9999","9999","9",,,,,,,,,"3619022416","65963602","Pushmataha County","A","+34415253","-095364573","06",,,40.6,0,11667,1033,561,517,473,381,317,274,254,137,268,201,165,55,11,24,41,105067700,0,5795
"G4001290","2000","US","3","7","Oklahoma","40","Roger Mills","129",,,,,"0",,,,,,,,,,,,,"9999","99","9","9999","9999","9",,,,,,,,,"2957439603","11867075","Roger Mills County","A","+35670161","-099667299","06",,,48.3,0,3436,214,122,136,132,109,117,101,85,62,76,117,86,27,14,16,16,35976900,0,1749
"G4001310","2000","US","3","7","Oklahoma","40","Rogers","131",,,,,"0",,,,,,,,,,,,,"8560","99","N","9999","9999","9",,,,,,,,,"1748104350","94516035","Rogers County","A","+36326641","-095632332","06",,,16.8,30440,40201,2052,1510,1500,1612,1688,1672,1478,1486,1471,2919,3385,2827,1117,427,299,304,1107447500,11999,15477
"G4001330","2000","US","3","7","Oklahoma","40","Seminole","133",,,,,"0",,,,,,,,,,,,,"9999","99","9","9999","9999","9",,,,,,,,,"1638200335","20867412","Seminole County","A","+35170799","-096604951","06",,,32.7,8718,16176,1682,1182,928,882,882,681,584,543,327,626,571,405,130,29,47,81,239024900,4211,6935
"G4001350","2000","US","3","7","Oklahoma","40","Sequoyah","135",,,,,"0",,,,,,,,,,,,,"2720","99","N","9999","9999","9",,,,,,,,,"1745174282","106344448","Sequoyah County","A","+35484348","-094788897","06",,,26.0,12693,26279,2428,1799,1240,1318,1063,1116,932,892,791,1063,1000,643,225,97,37,121,390431200,5403,11537
"G4001370","2000","US","3","7","Oklahoma","40","Stephens","137",,,,,"0",,,,,,,,,,,,,"9999","99","9","9999","9999","9",,,,,,,,,"2263762787","44234130","Stephens County","A","+34502015","-097940409","06",,,24.3,24488,18694,2343,1726,1509,1654,1311,1370,1111,1033,842,1367,1287,1129,319,170,186,129,499944100,11632,8222
"G4001390","2000","US","3","7","Oklahoma","40","Texas","139",,,,,"0",,,,,,,,,,,,,"9999","99","9","9999","9999","9",,,,,,,,,"5276215545","30190273","Texas County","A","+36746891","-101465501","06",,,28.1,10515,9592,714,539,574,573,537,545,542,397,397,702,703,523,228,54,45,62,259608900,3925,4089
"G4001410","2000","US","3","7","Oklahoma","40","Tillman","141",,,,,"0",,,,,,,,,,,,,"9999","99","9","9999","9999","9",,,,,,,,,"2258379719","18766389","Tillman County","A","+34381055","-098932086","06",,,28.7,4498,4789,651,475,372,313,299,246,227,179,146,222,171,146,62,25,14,56,88110300,2125,2217
"G4001430","2000","US","3","7","Oklahoma","40","Tulsa","143",,,,,"0",,,,,,,,,,,,,"8560","99","N","9999","9999","9",,,,,,,,,"1477070950","43295979","Tulsa County","A","+36124761","-095938999","06",,,14.2,536880,26419,20922,16350,16634,17086,16858,15795,14360,13657,11041,19641,21787,20505,9567,4306,3837,4642,9602976900,233535,10418
"G4001450","2000","US","3","7","Oklahoma","40","Wagoner","145",,,,,"0",,,,,,,,,,,,,"8560","99","N","9999","9999","9",,,,,,,,,"1457940747","72706247","Wagoner County","A","+35970541","-095544827","06",,,18.4,31982,25509,1741,1377,1342,1328,1265,1435,1523,1397,1199,2283,2457,2141,792,326,233,196,864839600,12083,11091
"G4001470","2000","US","3","7","Oklahoma","40","Washington","147",,,,,"0",,,,,,,,,,,,,"9999","99","9","9999","9999","9",,,,,,,,,"1079548207","19007811","Washington County","A","+36728513","-095938140","06",,,15.8,38345,10651,2178,1629,1718,1594,1395,1345,1321,1181,975,1656,1560,1705,817,369,424,340,704338400,17797,4453
"G4001490","2000","US","3","7","Oklahoma","40","Washita","149",,,,,"0",,,,,,,,,,,,,"9999","99","9","9999","9999","9",,,,,,,,,"2598653727","14830887","Washita County","A","+35303199","-099033340","06",,,38.5,3030,8478,532,498,422,415,433,345,338,241,264,314,296,225,100,29,39,39,122127300,1450,4002
"G4001510","2000","US","3","7","Oklahoma","40","Woods","151",,,,,"0",,,,,,,,,,,,,"9999","99","9","9999","9999","9",,,,,,,,,"3332190118","9087177","Woods County","A","+36745963","-098752719","06",,,23.2,5851,3238,554,414,323,363,255,250,265,193,195,260,287,142,77,49,26,50,113348500,2703,1789
"G4001530","2000","US","3","7","Oklahoma","40","Woodward","153",,,,,"0",,,,,,,,,,,,,"9999","99","9","9999","9999","9",,,,,,,,,"3217543391","9612729","Woodward County","A","+36414974","-099326644","06",,,22.1,10896,7590,740,567,689,626,484,581,540,489,365,585,585,512,176,70,42,54,238263600,5221,3120
"G4100010","2000","US","4","9","Oregon","41","Baker","001",,,,,"0",,,,,,,,,,,,,"9999","99","9","9999","9999","9",,,,,,,,,"7946386250","52618059","Baker County","A","+44733733","-117793712","06",,,22.5,9373,7368,845,683,607,708,556,600,589,376,288,518,530,336,128,42,45,42,176703400,4258,4144
"G4100030","2000","US","4","9","Oregon","41","Benton","003",,,,,"0",,,,,,,,,,,,,"1890","99","N","9999","9999","9",,,,,,,,,"1752026651","6499374","Benton County","A","+44547364","-123330289","06",,,14.3,63222,14931,3206,2104,1760,2110,1785,1827,1637,1525,1262,2676,3270,3262,1822,736,615,601,1324594700,26055,5925
"G4100050","2000","US","4","9","Oregon","41","Clackamas","005",,,,,"0",,,,,,,,,,,,,"6442","79","N","6440","9999","9",,,,,,,,,"4838545796","28058678","Clackamas County","A","+45306684","-122476588","06",,,13.2,266559,71832,6126,5262,6064,6279,7192,7910,7092,7933,6932,12659,15257,17218,9636,4763,3804,4233,7153623300,109131,27823
"G4100070","2000","US","4","9","Oregon","41","Clatsop","007",,,,,"0",,,,,,,,,,,,,"9999","99","9","9999","9999","9",,,,,,,,,"2142510747","666969991","Clatsop County","A","+46039585","-123768902","06",,,19.2,20994,14636,1429,1280,1079,1112,1140,1064,847,992,798,1409,1518,1127,441,158,176,171,496788700,11615,8070
"G4100090","2000","US","4","9","Oregon","41","Columbia","009",,,,,"0",,,,,,,,,,,,,"6442","79","N","6440","9999","9",,,,,,,,,"1700898190","81877207","Columbia County","A","+45929074","-123005999","06",,,22.1,22907,20653,1279,989,870,934,987,904,1065,997,1036,1832,2305,1764,770,264,213,179,704226900,9357,8215
"G4100110","2000","US","4","9","Oregon","41","Coos","011",,,,,"0",,,,,,,,,,,,,"9999","99","9","9999","9999","9",,,,,,,,,"4145223617","533280125","Coos County","A","+43236389","-124147669","06",,,14.3,39277,23502,3390,2539,2351,2341,1847,1737,1874,1565,1416,2213,2115,1542,575,222,175,279,736702300,18113,11134
"G4100130","2000","US","4","9","Oregon","41","Crook","013",,,,,"0",,,,,,,,,,,,,"9999","99","9","9999","9999","9",,,,,,,,,"7716562847","20802882","Crook County","A","+44212739","-120534152","06",,,13.0,10245,8937,681,628,619,588,463,684,454,556,389,781,737,430,181,43,61,63,239814100,4160,4104
"G4100150","2000","US","4","9","Oregon","41","Curry","015",,,,,"0",,,,,,,,,,,,,"9999","99","9","9999","9999","9",,,,,,,,,"4214902111","935483105","Curry County","A","+42398153","-124279359","06",,,18.4,9904,11233,1283,915,811,940,808,737,629,524,470,719,800,452,168,111,103,84,218095800,5289,6117
"G4100170","2000","US","4","9","Oregon","41","Deschutes","017",,,,,"0",,,,,,,,,,,,,"9999","99","9","9999","9999","9",,,,,,,,,"7816983643","94827280","Deschutes County","A","+43996058","-121337204","06",,,12.2,72550,42817,3152,2776,2755,3021,3550,3663,2828,2903,2571,4426,4904,4400,2001,851,849,983,1883891400,30785,23798
"G4100190","2000","US","4","9","Oregon","41","Douglas","019",,,,,"0",,,,,,,,,,,,,"9999","99","9","9999","9999","9",,,,,,,,,"13044797435","251772063","Douglas County","A","+43288631","-123286596","06",,,18.0,58341,42058,4271,3539,3216,3529,3069,3302,2759,2401,2123,3589,3627,2608,857,367,323,287,1189466800,25274,18010
"G4100210","2000","US","4","9","Oregon","41","Gilliam","021",,,,,"0",,,,,,,,,,,,,"9999","99","9","9999","9999","9",,,,,,,,,"3118521172","48625543","Gilliam County","A","+45314871","-120152997","06",,,47.2,0,1915,75,73,87,62,76,57,46,74,50,69,64,54,25,6,9,3,23672300,0,1043
"G4100230","2000","US","4","9","Oregon","41","Grant","023",,,,,"0",,,,,,,,,,,,,"9999","99","9","9999","9999","9",,,,,,,,,"11729029361","1842465","Grant County","A","+44491866","-118928223","06",,,41.1,0,7935,340,280,266,307,289,264,290,163,195,263,270,165,83,34,22,19,95723600,0,4004
"G4100250","2000","US","4","9","Oregon","41","Harney","025",,,,,"0",,,,,,,,,,,,,"9999","99","9","9999","9999","9",,,,,,,,,"26247791358","238688528","Harney County","A","+43461427","-119039719","06",,,26.3,4221,3388,333,271,192,356,309,250,194,200,109,260,183,234,61,37,28,26,88898100,1985,1548
"G4100270","2000","US","4","9","Oregon","41","Hood River","027",,,,,"0",,,,,,,,,,,,,"9999","99","9","9999","9999","9",,,,,,,,,"1352870112","29033645","Hood River County","A","+45597753","-121607750","06",,,15.1,8704,11707,523,502,508,479,583,673,514,487,458,735,752,507,215,168,77,79,273007700,3692,4126
"G4100290","2000","US","4","9","Oregon","41","Jackson","029",,,,,"0",,,,,,,,,,,,,"4890","99","N","9999","9999","9",,,,,,,,,"7213617232","42924739","Jackson County","A","+42389833","-122785659","06",,,14.0,140462,40807,6897,5493,5470,5875,5196,5301,4611,4288,3479,6407,6823,5982,2400,1112,1037,1204,2486049400,59037,16700
"G4100310","2000","US","4","9","Oregon","41","Jefferson","031",,,,,"0",,,,,,,,,,,,,"9999","99","9","9999","9999","9",,,,,,,,,"4612206431","26896560","Jefferson County","A","+44579150","-121235587","06",,,24.5,7075,11934,566,436,425,627,621,605,531,478,357,701,592,420,243,77,44,35,226010600,2709,5610
"G4100330","2000","US","4","9","Oregon","41","Josephine","033",,,,,"0",,,,,,,,,,,,,"9999","99","9","9999","9999","9",,,,,,,,,"4246520510","5288942","Josephine County","A","+42362158","-123432362","06",,,15.1,39267,36459,3934,3093,2619,2902,2332,2358,2275,1802,1665,2273,2201,1906,763,312,282,310,828540900,17087,16152
"G4100350","2000","US","4","9","Oregon","41","Klamath","035",,,,,"0",,,,,,,,,,,,,"9999","99","9","9999","9999","9",,,,,,,,,"15395370621","496140150","Klamath County","A","+42662031","-121651634","06",,,15.8,41119,22656,3042,2308,2351,2274,2045,1769,1523,1640,1205,2114,2063,1587,512,287,199,250,773185000,17904,10979
"G4100370","2000","US","4","9","Oregon","41","Lake","037",,,,,"0",,,,,,,,,,,,,"9999","99","9","9999","9999","9",,,,,,,,,"21071502721","576821612","Lake County","A","+42713376","-120576980","06",,,30.5,3194,4228,424,322,271,305,259,204,180,240,135,218,255,182,30,32,12,29,80900000,1559,2440
"G4100390","2000","US","4","9","Oregon","41","Lane","039",,,,,"0",,,,,,,,,,,,,"2400","99","N","9999","9999","9",,,,,,,,,"11794816359","434567957","Lane County","A","+43989252","-123080812","06",,,13.5,260248,62711,14430,9516,9515,9594,9121,9420,8625,8048,7209,11765,12652,10465,4573,2019,1654,2010,4763999000,112785,26161
"G4100410","2000","US","4","9","Oregon","41","Lincoln","041",,,,,"0",,,,,,,,,,,,,"9999","99","9","9999","9999","9",,,,,,,,,"2537063304","554848746","Lincoln County","A","+44709433","-123938645","06",,,18.6,27568,16911,2065,1610,1752,1764,1544,1621,1162,1184,933,1571,1754,1321,492,152,215,212,562495900,17155,9734
"G4100430","2000","US","4","9","Oregon","41","Linn","043",,,,,"0",,,,,,,,,,,,,"9999","99","9","9999","9999","9",,,,,,,,,"5936706994","46543265","Linn County","A","+44544833","-122731425","06",,,17.3,65424,37645,3681,2800,2988,3236,2847,2793,2547,2534,2324,3791,4446,3270,1282,454,332,311,1381145700,27688,14833
"G4100450","2000","US","4","9","Oregon","41","Malheur","045",,,,,"0",,,,,,,,,,,,,"9999","99","9","9999","9999","9",,,,,,,,,"25607446448","111112847","Malheur County","A","+43599956","-117388096","06",,,20.4,18799,12816,1271,966,943,995,896,823,647,581,458,802,835,517,260,63,57,122,313955400,6185,5048
"G4100470","2000","US","4","9","Oregon","41","Marion","047",,,,,"0",,,,,,,,,,,,,"6442","79","N","7080","9999","9",,,,,,,,,"3066426708","26367183","Marion County","A","+44938427","-122841068","06",,,15.7,241642,43192,8351,6606,6562,6757,7891,7459,6829,6653,5677,10363,11287,9421,4095,1319,1205,1316,4013075500,91940,16234
"G4100490","2000","US","4","9","Oregon","41","Morrow","049",,,,,"0",,,,,,,,,,,,,"9999","99","9","9999","9999","9",,,,,,,,,"5263840866","41835069","Morrow County","A","+45448784","-119586249","06",,,37.7,5804,5191,275,241,273,368,349,259,246,216,213,446,422,275,99,40,37,25,139633500,1973,2303
"G4100510","2000","US","4","9","Oregon","41","Multnomah","051",,,,,"0",,,,,,,,,,,,,"6442","79","N","6440","9999","9",,,,,,,,,"1127244885","78793236","Multnomah County","A","+45522473","-122613233","06",,,14.0,648829,11657,25259,16483,16850,18419,17951,19183,17227,16225,13886,26119,29100,27060,12547,5921,4695,5431,12013172900,283954,4607
"G4100530","2000","US","4","9","Oregon","41","Polk","053",,,,,"0",,,,,,,,,,,,,"6442","79","N","7080","9999","9",,,,,,,,,"1919247592","8091159","Polk County","A","+44920550","-123373304","06",,,14.9,47642,14738,2055,1608,1135,1636,1443,1488,1487,1242,1452,2157,2929,2501,975,409,355,211,884601600,18793,5668
"G4100550","2000","US","4","9","Oregon","41","Sherman","055",,,,,"0",,,,,,,,,,,,,"9999","99","9","9999","9999","9",,,,,,,,,"2132098424","20708824","Sherman County","A","+45509328","-120745630","06",,,43.3,0,1934,97,74,46,73,62,46,56,53,37,82,79,51,16,16,8,5,23825800,0,935
"G4100570","2000","US","4","9","Oregon","41","Tillamook","057",,,,,"0",,,,,,,,,,,,,"9999","99","9","9999","9999","9",,,,,,,,,"2854544200","597333853","Tillamook County","A","+45478795","-123780186","06",,,20.4,5760,18502,927,987,753,867,858,824,688,732,558,921,956,595,197,126,116,109,328138700,2509,13397
"G4100590","2000","US","4","9","Oregon","41","Umatilla","059",,,,,"0",,,,,,,,,,,,,"9999","99","9","9999","9999","9",,,,,,,,,"8327485562","41422917","Umatilla County","A","+45637299","-118817308","06",,,18.9,49005,21543,2340,1911,2060,1840,2023,1952,1789,1646,1298,2484,2405,2107,721,272,150,239,910406600,19092,8584
"G4100610","2000","US","4","9","Oregon","41","Union","061",,,,,"0",,,,,,,,,,,,,"9999","99","9","9999","9999","9",,,,,,,,,"5274651697","5173023","Union County","A","+45325011","-118031311","06",,,24.4,14185,10345,1240,885,748,728,660,769,717,620,515,698,889,760,224,145,86,65,304323300,6166,4437
"G4100630","2000","US","4","9","Oregon","41","Wallowa","063",,,,,"0",,,,,,,,,,,,,"9999","99","9","9999","9999","9",,,,,,,,,"8146390322","16460646","Wallowa County","A","+45577336","-117312122","06",,,32.5,0,7226,418,258,258,206,242,294,210,188,149,225,245,172,80,47,28,25,83057100,0,3900
"G4100650","2000","US","4","9","Oregon","41","Wasco","065",,,,,"0",,,,,,,,,,,,,"9999","99","9","9999","9999","9",,,,,,,,,"6166883394","36976955","Wasco County","A","+45346210","-121265435","06",,,22.9,15740,8051,969,875,624,729,694,664,639,604,512,937,887,713,273,105,117,48,301469700,6716,3935
"G4100670","2000","US","4","9","Oregon","41","Washington","067",,,,,"0",,,,,,,,,,,,,"6442","79","N","6440","9999","9",,,,,,,,,"1874499956","6815184","Washington County","A","+45496796","-122915144","06",,,13.0,414691,30651,7882,6694,7382,9427,9914,10446,9274,9937,8852,17599,21593,23093,11995,5973,5093,4133,9456411100,167641,11272
"G4100690","2000","US","4","9","Oregon","41","Wheeler","069",,,,,"0",,,,,,,,,,,,,"9999","99","9","9999","9999","9",,,,,,,,,"4441620931","1412382","Wheeler County","A","+44730809","-119990635","06",,,45.5,0,1547,63,79,56,73,63,43,56,50,31,42,39,27,6,9,10,2,15371200,0,842
"G4100710","2000","US","4","9","Oregon","41","Yamhill","071",,,,,"0",,,,,,,,,,,,,"6442","79","N","6440","9999","9",,,,,,,,,"1853303724","7236949","Yamhill County","A","+45230090","-123223134","06",,,17.0,59929,25063,2010,1609,1601,1725,1879,2058,1923,1862,1661,3280,3564,2964,1227,553,418,366,1281237200,20977,9293
"G4200010","2000","US","1","2","Pennsylvania","42","Adams","001",,,,,"0",,,,,,,,,,,,,"9999","99","9","9999","9999","9",,,,,,,,,"1346813133","3917957","Adams County","A","+39854379","-077182542","06",,,22.2,36693,54599,1976,2097,1994,2332,2213,2368,2501,2226,2114,4087,4104,3294,1354,443,332,212,1340976500,14163,21668
"G4200030","2000","US","1","2","Pennsylvania","42","Allegheny","003",,,,,"0",,,,,,,,,,,,,"6280","99","N","9999","9999","9",,,,,,,,,"1891131054","37652307","Allegheny County","A","+40440569","-079959705","06",,,15.0,1246898,34768,57641,39913,39146,40033,35657,34222,31984,29378,26071,45046,52861,48950,23242,11107,9662,12492,22206221400,569667,13979
"G4200050","2000","US","1","2","Pennsylvania","42","Armstrong","005",,,,,"0",,,,,,,,,,,,,"9999","99","9","9999","9999","9",,,,,,,,,"1693669882","27231081","Armstrong County","A","+40788044","-079503055","06",,,28.9,26698,45694,3177,2859,2803,2630,2295,2091,2097,1884,1612,2450,2276,1585,648,262,111,152,839196700,12418,19969
"G4200070","2000","US","1","2","Pennsylvania","42","Beaver","007",,,,,"0",,,,,,,,,,,,,"6280","99","N","9999","9999","9",,,,,,,,,"1124606790","25099394","Beaver County","A","+40695415","-080312675","06",,,18.4,132843,48569,6840,5855,5435,5630,5673,4869,4625,4428,3861,6818,7847,6317,2561,874,508,523,2530260900,58939,18826
"G4200090","2000","US","1","2","Pennsylvania","42","Bedford","009",,,,,"0",,,,,,,,,,,,,"9999","99","9","9999","9999","9",,,,,,,,,"2627570413","7490988","Bedford County","A","+40032714","-078474243","06",,,36.7,7819,42165,2026,1601,1707,1683,1942,1699,1494,1278,1109,1781,1622,1091,369,115,113,170,606593100,3842,19687
"G4200110","2000","US","1","2","Pennsylvania","42","Berks","011",,,,,"0",,,,,,,,,,,,,"6680","99","N","9999","9999","9",,,,,,,,,"2224489314","17575375","Berks County","A","+40377743","-075914242","06",,,17.7,272124,101514,10753,7825,8761,8822,9292,9017,8278,8483,7455,14913,17135,16420,7188,2805,2322,2140,6313628300,111208,39014
"G4200130","2000","US","1","2","Pennsylvania","42","Blair","013",,,,,"0",,,,,,,,,,,,,"0280","99","N","9999","9999","9",,,,,,,,,"1361821674","3396553","Blair County","A","+40479391","-078383313","06",,,17.9,95621,33523,5940,4903,4116,4342,4201,3644,3706,3447,2814,4669,4265,3182,1246,342,408,397,1636421100,41527,13534
"G4200150","2000","US","1","2","Pennsylvania","42","Bradford","015",,,,,"0",,,,,,,,,,,,,"9999","99","9","9999","9999","9",,,,,,,,,"2980210163","26855936","Bradford County","A","+41809470","-076503228","06",,,37.7,17449,45312,2416,1936,1890,2035,2042,1879,1883,1584,1257,2350,2132,1683,643,257,232,208,802511200,8012,20652
"G4200170","2000","US","1","2","Pennsylvania","42","Bucks","017",,,,,"0",,,,,,,,,,,,,"6162","77","N","6160","9999","9",,,,,,,,,"1573098310","38163967","Bucks County","A","+40254936","-075027841","06",,,14.3,538565,59070,9443,7909,8563,9088,10117,10992,10861,11142,10512,21248,28586,32980,20021,9961,9175,8175,13771947300,202475,23023
"G4200190","2000","US","1","2","Pennsylvania","42","Butler","019",,,,,"0",,,,,,,,,,,,,"6280","99","N","9999","9999","9",,,,,,,,,"2042292867","16200710","Butler County","A","+40870868","-079929506","06",,,19.7,92776,81307,5393,4158,4546,4464,4039,4168,4217,3827,3415,6381,7328,7073,3333,1457,1169,961,2897944000,37875,31993
"G4200210","2000","US","1","2","Pennsylvania","42","Cambria","021",,,,,"0",,,,,,,,,,,,,"3680","99","N","9999","9999","9",,,,,,,,,"1781970761","14002675","Cambria County","A","+40435472","-078789233","06",,,23.5,103128,49470,7355,6238,5757,5693,5058,4700,3917,3621,3099,4777,4489,3379,1137,458,273,617,1753241500,46289,19507
"G4200230","2000","US","1","2","Pennsylvania","42","Cameron","023",,,,,"0",,,,,,,,,,,,,"9999","99","9","9999","9999","9",,,,,,,,,"1028650727","3717769","Cameron County","A","+41449348","-078201496","06",,,26.7,3371,2603,253,208,212,254,192,228,182,143,132,236,228,127,39,15,8,11,70200700,1598,2994
"G4200250","2000","US","1","2","Pennsylvania","42","Carbon","025",,,,,"0",,,,,,,,,,,,,"0240","99","N","9999","9999","9",,,,,,,,,"986881348","16050401","Carbon County","A","+40887766","-075704111","06",,,17.2,29109,29693,2350,1938,1871,1770,2031,1861,1683,1503,1389,2358,2290,1686,581,160,136,122,753377000,13739,16753
"G4200270","2000","US","1","2","Pennsylvania","42","Centre","027",,,,,"0",,,,,,,,,,,,,"8050","99","N","9999","9999","9",,,,,,,,,"2868497568","11182795","Centre County","A","+40887275","-077834459","06",,,19.7,87248,48510,5666,3964,3987,3351,3369,3616,2868,2628,2564,4243,4736,4155,1998,904,643,644,1946294500,32423,20738
"G4200290","2000","US","1","2","Pennsylvania","42","Chester","029",,,,,"0",,,,,,,,,,,,,"6162","77","N","6160","9999","9",,,,,,,,,"1957950036","9938873","Chester County","A","+39988807","-075683302","06",,,15.6,351068,82433,6634,5277,5336,5877,6841,7228,7316,7127,6641,13719,18688,24098,15712,9139,8853,9539,11388206200,134179,29594
"G4200310","2000","US","1","2","Pennsylvania","42","Clarion","031",,,,,"0",,,,,,,,,,,,,"9999","99","9","9999","9999","9",,,,,,,,,"1560311207","16853222","Clarion County","A","+41161371","-079440521","06",,,40.7,8953,32812,2088,1434,1537,1426,1289,1295,1022,942,834,1449,1146,917,306,124,94,108,474378700,3379,16047
"G4200330","2000","US","1","2","Pennsylvania","42","Clearfield","033",,,,,"0",,,,,,,,,,,,,"9999","99","9","9999","9999","9",,,,,,,,,"2971533696","16806894","Clearfield County","A","+40984222","-078503476","06",,,27.2,38311,45071,3712,3121,3167,3056,2649,2355,2334,2191,1763,2852,2477,1804,648,224,203,236,983596700,16800,21055
"G4200350","2000","US","1","2","Pennsylvania","42","Clinton","035",,,,,"0",,,,,,,,,,,,,"9999","99","9","9999","9999","9",,,,,,,,,"2307330378","18720509","Clinton County","A","+41178513","-077543161","06",,,33.5,18662,19252,1803,1444,1409,1353,1139,1144,1046,889,737,1192,1212,778,318,151,79,110,439046100,7840,10326
"G4200370","2000","US","1","2","Pennsylvania","42","Columbia","037",,,,,"0",,,,,,,,,,,,,"7560","99","N","9999","9999","9",,,,,,,,,"1257559112","10983287","Columbia County","A","+41041897","-076394082","06",,,29.4,35730,28421,2633,2151,2035,2076,1983,1900,1820,1641,1416,2203,2074,1714,646,281,162,247,827650400,14867,12866
"G4200390","2000","US","1","2","Pennsylvania","42","Crawford","039",,,,,"0",,,,,,,,,,,,,"9999","99","9","9999","9999","9",,,,,,,,,"2622941386","64785446","Crawford County","A","+41664479","-080119195","06",,,35.7,31245,59121,3493,2979,3010,3041,2858,2659,2293,2147,1899,3006,3047,2363,979,330,287,304,1146498900,14626,27790
"G4200410","2000","US","1","2","Pennsylvania","42","Cumberland","041",,,,,"0",,,,,,,,,,,,,"3240","99","N","9999","9999","9",,,,,,,,,"1424924264","2530606","Cumberland County","A","+40201203","-077133685","06",,,15.1,159975,53699,4737,4175,4720,4997,5459,5364,5109,5152,4778,8330,10339,9897,4995,1854,1507,1634,3930838800,66598,20353
"G4200430","2000","US","1","2","Pennsylvania","42","Dauphin","043",,,,,"0",,,,,,,,,,,,,"3240","99","N","9999","9999","9",,,,,,,,,"1360493165","83509841","Dauphin County","A","+40324487","-076804656","06",,,15.8,214708,37090,8155,6305,6528,7074,7500,7202,6405,6042,5631,9823,11378,10595,4801,1812,1689,1727,4433543000,96534,14599
"G4200450","2000","US","1","2","Pennsylvania","42","Delaware","045",,,,,"0",,,,,,,,,,,,,"6162","77","N","6160","9999","9",,,,,,,,,"477102716","16909016","Delaware County","A","+39912978","-075350636","06",,,14.5,544833,6031,14415,10883,10263,11497,11943,12068,11422,10437,10020,18952,23889,26014,14206,7078,6496,6789,10981432000,214716,2262
"G4200470","2000","US","1","2","Pennsylvania","42","Elk","047",,,,,"0",,,,,,,,,,,,,"9999","99","9","9999","9999","9",,,,,,,,,"2146198565","9268669","Elk County","A","+41422346","-078655412","06",,,21.1,18332,16780,969,1174,1212,1186,930,1015,984,837,841,1497,1649,1265,320,79,83,64,493522000,8181,9934
"G4200490","2000","US","1","2","Pennsylvania","42","Erie","049",,,,,"0",,,,,,,,,,,,,"2360","99","N","9999","9999","9",,,,,,,,,"2077035205","1959210570","Erie County","A","+42052025","-080056979","06",,,17.0,225835,55008,10749,8442,7926,8381,8077,7253,7014,6873,5818,9768,10661,8665,3252,1308,1019,1282,3934318300,93466,20856
"G4200510","2000","US","1","2","Pennsylvania","42","Fayette","051",,,,,"0",,,,,,,,,,,,,"6280","99","N","9999","9999","9",,,,,,,,,"2046448816","20366796","Fayette County","A","+39955115","-079720902","06",,,16.6,79059,69585,9947,6361,5633,5390,5001,3979,3266,3033,2638,4776,4214,3296,1266,498,306,443,1627581300,36601,29889
"G4200530","2000","US","1","2","Pennsylvania","42","Forest","053",,,,,"0",,,,,,,,,,,,,"9999","99","9","9999","9999","9",,,,,,,,,"1108817354","8491468","Forest County","A","+41512821","-079251941","06",,,42.5,0,4946,268,209,219,218,174,121,124,141,108,150,133,76,34,12,5,4,47648500,0,8701
"G4200550","2000","US","1","2","Pennsylvania","42","Franklin","055",,,,,"0",,,,,,,,,,,,,"9999","99","9","9999","9999","9",,,,,,,,,"1999252201","1842446","Franklin County","A","+39892566","-077669899","06",,,15.6,68315,60998,3717,2888,3340,3611,3938,3820,3630,3213,3232,5410,5771,4698,1701,705,385,515,1917065500,29955,23848
"G4200570","2000","US","1","2","Pennsylvania","42","Fulton","057",,,,,"0",,,,,,,,,,,,,"9999","99","9","9999","9999","9",,,,,,,,,"1133289763","1201196","Fulton County","A","+39924247","-078091149","06",,,47.0,0,14261,580,439,383,466,466,505,411,462,328,589,449,379,102,42,31,27,184661100,0,6790
"G4200590","2000","US","1","2","Pennsylvania","42","Greene","059",,,,,"0",,,,,,,,,,,,,"9999","99","9","9999","9999","9",,,,,,,,,"1491472030","5407409","Greene County","A","+39858771","-080162323","06",,,27.5,12712,27960,2069,1595,1296,1335,1155,1067,921,818,632,1190,1376,962,375,144,68,78,451845100,4806,11872
"G4200610","2000","US","1","2","Pennsylvania","42","Huntingdon","061",,,,,"0",,,,,,,,,,,,,"9999","99","9","9999","9999","9",,,,,,,,,"2263791320","38792242","Huntingdon County","A","+40392177","-077991353","06",,,36.5,14011,31575,1868,1328,1506,1358,1453,1212,1103,1185,940,1579,1512,1044,399,123,66,102,530189800,4805,16253
"G4200630","2000","US","1","2","Pennsylvania","42","Indiana","063",,,,,"0",,,,,,,,,,,,,"9999","99","9","9999","9999","9",,,,,,,,,"2147803109","12995841","Indiana County","A","+40633396","-079119703","06",,,26.5,33959,55646,4683,3415,3146,2958,2718,2435,2224,1980,1525,2815,2597,1980,811,376,208,227,1018576200,14260,22990
"G4200650","2000","US","1","2","Pennsylvania","42","Jefferson","065",,,,,"0",,,,,,,,,,,,,"9999","99","9","9999","9999","9",,,,,,,,,"1697684593","3605177","Jefferson County","A","+41097215","-078985389","06",,,33.2,15581,30351,1981,1679,1616,1640,1651,1607,1468,1217,831,1537,1429,1022,310,163,108,137,537487000,7165,14939
"G4200670","2000","US","1","2","Pennsylvania","42","Juniata","067",,,,,"0",,,,,,,,,,,,,"9999","99","9","9999","9999","9",,,,,,,,,"1014220756","5124856","Juniata County","A","+40556341","-077342952","06",,,34.8,3340,19481,735,614,606,817,753,805,661,613,503,824,768,540,158,58,55,70,286091700,1518,8513
"G4200690","2000","US","1","2","Pennsylvania","42","Lackawanna","069",,,,,"0",,,,,,,,,,,,,"7560","99","N","9999","9999","9",,,,,,,,,"1187848196","15221866","Lackawanna County","A","+41433480","-075632209","06",,,17.7,175984,37311,10022,8079,7082,6532,6245,5713,5446,4957,4225,7131,7870,6840,2753,1276,901,1132,3019286300,78879,16483
"G4200710","2000","US","1","2","Pennsylvania","42","Lancaster","071",,,,,"0",,,,,,,,,,,,,"4000","99","N","9999","9999","9",,,,,,,,,"2458056156","89989384","Lancaster County","A","+40067670","-076281219","06",,,15.1,354537,116121,10041,8528,9595,10886,11410,11287,11723,11770,10599,19032,22245,18865,8236,3331,2721,2511,7695348700,141692,38298
"G4200730","2000","US","1","2","Pennsylvania","42","Lawrence","073",,,,,"0",,,,,,,,,,,,,"9999","99","9","9999","9999","9",,,,,,,,,"933588910","5965966","Lawrence County","A","+40982459","-080344099","06",,,22.5,55762,38881,4353,3483,3126,2966,2910,2490,2484,2136,1840,3593,3179,2486,1057,400,366,267,1176953300,24183,15452
"G4200750","2000","US","1","2","Pennsylvania","42","Lebanon","075",,,,,"0",,,,,,,,,,,,,"3240","99","N","9999","9999","9",,,,,,,,,"937204766","1923619","Lebanon County","A","+40349838","-076445451","06",,,16.5,82944,37383,3103,2885,3211,3496,3263,3619,3147,3189,2557,4852,5324,4370,2053,684,360,498,1870252600,35163,14157
"G4200770","2000","US","1","2","Pennsylvania","42","Lehigh","077",,,,,"0",,,,,,,,,,,,,"0240","99","N","9999","9999","9",,,,,,,,,"897850049","4354647","Lehigh County","A","+40605797","-075505467","06",,,13.8,281907,30183,9016,7545,8161,7738,8062,7576,7456,7280,5893,11952,13698,13052,6954,2953,2441,2170,5430412800,117394,11516
"G4200790","2000","US","1","2","Pennsylvania","42","Luzerne","079",,,,,"0",,,,,,,,,,,,,"7560","99","N","9999","9999","9",,,,,,,,,"2307188467","42256358","Luzerne County","A","+41179749","-075948832","06",,,18.1,254164,65086,15516,12112,10682,10252,9860,8818,8443,7879,6327,11353,11671,9828,3803,1654,1220,1285,4400805100,117245,27441
"G4200810","2000","US","1","2","Pennsylvania","42","Lycoming","081",,,,,"0",,,,,,,,,,,,,"9140","99","N","9999","9999","9",,,,,,,,,"3198255608","23088835","Lycoming County","A","+41269479","-076995599","06",,,27.7,76844,43200,4764,4011,3956,4092,3794,3505,3437,3012,2670,4127,3968,3041,1363,526,326,448,1581792300,33224,19240
"G4200830","2000","US","1","2","Pennsylvania","42","McKean","083",,,,,"0",,,,,,,,,,,,,"9999","99","9","9999","9999","9",,,,,,,,,"2542245898","6742360","McKean County","A","+41845157","-078590754","06",,,28.8,16796,29140,1965,1654,1486,1520,1380,1533,1128,1149,1097,1705,1563,1099,399,131,92,126,588789200,7650,13994
"G4200850","2000","US","1","2","Pennsylvania","42","Mercer","085",,,,,"0",,,,,,,,,,,,,"7610","99","N","9999","9999","9",,,,,,,,,"1739995300","27861703","Mercer County","A","+41294427","-080313128","06",,,22.8,62389,57904,4486,3613,3946,4028,3788,3739,3126,2983,2623,4445,4184,3246,1243,371,430,504,1529894600,26191,23668
"G4200870","2000","US","1","2","Pennsylvania","42","Mifflin","087",,,,,"0",,,,,,,,,,,,,"9999","99","9","9999","9999","9",,,,,,,,,"1066705910","7113457","Mifflin County","A","+40588048","-077633981","06",,,21.0,20536,25950,2435,1560,1559,1516,1302,1641,1348,1339,1041,1631,1369,1005,370,142,81,107,536541300,9621,11124
"G4200890","2000","US","1","2","Pennsylvania","42","Monroe","089",,,,,"0",,,,,,,,,,,,,"9999","99","9","9999","9999","9",,,,,,,,,"1576012246","23100822","Monroe County","A","+41051379","-075333646","06",,,16.3,69904,68783,3285,2843,3064,3059,3093,3025,2723,2904,2728,5185,6092,6135,2954,1083,725,610,2203706300,29578,38003
"G4200910","2000","US","1","2","Pennsylvania","42","Montgomery","091",,,,,"0",,,,,,,,,,,,,"6162","77","N","6160","9999","9",,,,,,,,,"1251271732","11227451","Montgomery County","A","+40170596","-075317433","06",,,14.6,723896,26201,12344,10412,10972,12221,13244,14007,14546,14014,12872,25868,35877,42693,25288,13439,13091,15367,18745078300,287881,9553
"G4200930","2000","US","1","2","Pennsylvania","42","Montour","093",,,,,"0",,,,,,,,,,,,,"9999","99","9","9999","9999","9",,,,,,,,,"338643301","4009349","Montour County","A","+40999280","-076644113","06",,,30.4,8325,9911,526,511,536,638,489,499,527,509,412,712,624,492,291,113,118,110,272036500,3778,3849
"G4200950","2000","US","1","2","Pennsylvania","42","Northampton","095",,,,,"0",,,,,,,,,,,,,"0240","99","N","9999","9999","9",,,,,,,,,"968130814","9225637","Northampton County","A","+40702861","-075322072","06",,,15.3,226104,40962,7328,6267,5712,6347,6501,6412,6209,5776,5356,9871,12737,11802,5835,2231,1792,1455,4567844800,90487,16223
"G4200970","2000","US","1","2","Pennsylvania","42","Northumberland","097",,,,,"0",,,,,,,,,,,,,"9999","99","9","9999","9999","9",,,,,,,,,"1191163083","45243823","Northumberland County","A","+40863236","-076687307","06",,,23.8,59593,34963,4608,4120,3455,3294,3175,2889,2709,2397,2098,3309,3361,2108,734,205,173,259,1161519800,28801,14363
"G4200990","2000","US","1","2","Pennsylvania","42","Perry","099",,,,,"0",,,,,,,,,,,,,"3240","99","N","9999","9999","9",,,,,,,,,"1433602230","5825775","Perry County","A","+40422623","-077184008","06",,,33.9,5956,37646,1089,1137,1017,1242,1128,1191,1086,1134,1149,1912,1964,1651,622,214,81,125,661853000,2724,16217
"G4201010","2000","US","1","2","Pennsylvania","42","Philadelphia","101",,,,,"0",,,,,,,,,,,,,"6162","77","N","6160","9999","9",,,,,,,,,"349881748","19544394","Philadelphia County","C","+39998012","-075144793","06",,,11.7,1517550,0,109237,49035,45427,43632,41021,38511,34834,31503,25346,44790,47536,42495,17356,7736,5639,6185,19422589100,661958,0
"G4201030","2000","US","1","2","Pennsylvania","42","Pike","103",,,,,"0",,,,,,,,,,,,,"5602","70","N","5660","9999","9",,,,,,,,,"1416227843","51358975","Pike County","A","+41328631","-075001054","06",,,25.9,4895,41407,1016,1123,1100,1034,1067,1154,1133,1176,979,2030,2076,1957,808,346,263,185,705255500,2884,31797
"G4201050","2000","US","1","2","Pennsylvania","42","Potter","105",,,,,"0",,,,,,,,,,,,,"9999","99","9","9999","9999","9",,,,,,,,,"2800205016","647072","Potter County","A","+41785251","-077912536","06",,,42.5,0,18080,725,645,594,649,589,507,537,436,334,700,583,406,120,50,61,52,218811800,0,12159
"G4201070","2000","US","1","2","Pennsylvania","42","Schuylkill","107",,,,,"0",,,,,,,,,,,,,"9999","99","9","9999","9999","9",,,,,,,,,"2015945963","10996017","Schuylkill County","A","+40717211","-076200917","06",,,22.7,95497,54839,6817,5931,5152,5155,4676,4314,4068,3645,3202,5796,5305,3772,1229,525,359,554,1907925000,44208,23598
"G4201090","2000","US","1","2","Pennsylvania","42","Snyder","109",,,,,"0",,,,,,,,,,,,,"9999","99","9","9999","9999","9",,,,,,,,,"857815515","2462458","Snyder County","A","+40779067","-077005284","06",,,35.4,10764,26782,1207,1065,1022,1094,1035,1216,990,911,727,1320,1450,889,322,138,79,178,495664100,4088,10802
"G4201110","2000","US","1","2","Pennsylvania","42","Somerset","111",,,,,"0",,,,,,,,,,,,,"3680","99","N","9999","9999","9",,,,,,,,,"2783353467","16861912","Somerset County","A","+39997882","-079029028","06",,,26.5,20411,59612,3505,3067,2927,2847,2725,2644,2163,2045,1746,2795,2299,1413,486,161,167,203,873740400,9232,27931
"G4201130","2000","US","1","2","Pennsylvania","42","Sullivan","113",,,,,"0",,,,,,,,,,,,,"9999","99","9","9999","9999","9",,,,,,,,,"1165327806","6252761","Sullivan County","A","+41461261","-076514304","06",,,44.2,0,6556,294,277,247,275,230,178,179,158,112,227,178,180,79,18,18,17,73637200,0,6017
"G4201150","2000","US","1","2","Pennsylvania","42","Susquehanna","115",,,,,"0",,,,,,,,,,,,,"9999","99","9","9999","9999","9",,,,,,,,,"2131204592","24704174","Susquehanna County","A","+41811253","-075775497","06",,,45.4,7817,34421,1672,1447,1382,1458,1333,1292,1084,1128,874,1547,1475,1052,402,146,129,122,520342700,3554,18275
"G4201170","2000","US","1","2","Pennsylvania","42","Tioga","117",,,,,"0",,,,,,,,,,,,,"9999","99","9","9999","9999","9",,,,,,,,,"2936336196","9269216","Tioga County","A","+41783542","-077218521","06",,,38.8,6489,34884,1721,1466,1493,1419,1321,1274,1029,1009,927,1393,1296,952,301,131,114,96,476763200,2512,17381
"G4201190","2000","US","1","2","Pennsylvania","42","Union","119",,,,,"0",,,,,,,,,,,,,"9999","99","9","9999","9999","9",,,,,,,,,"820316944","1009610","Union County","A","+40952523","-077005608","06",,,21.4,22892,18732,1235,855,884,920,923,909,793,925,754,1476,1276,1179,496,179,157,230,587629100,6986,7698
"G4201210","2000","US","1","2","Pennsylvania","42","Venango","121",,,,,"0",,,,,,,,,,,,,"9999","99","9","9999","9999","9",,,,,,,,,"1748340370","20680429","Venango County","A","+41399155","-079763004","06",,,29.0,26467,31098,2652,2011,2191,1883,1689,1796,1537,1464,1175,2027,1986,1351,554,205,108,159,696337300,11969,14935
"G4201230","2000","US","1","2","Pennsylvania","42","Warren","123",,,,,"0",,,,,,,,,,,,,"9999","99","9","9999","9999","9",,,,,,,,,"2288116498","37199979","Warren County","A","+41839439","-079264052","06",,,30.8,19899,23964,1398,1426,1454,1493,1441,1353,1301,1236,1008,1742,1757,1223,452,137,138,141,594359900,9138,13920
"G4201250","2000","US","1","2","Pennsylvania","42","Washington","125",,,,,"0",,,,,,,,,,,,,"6280","99","N","9999","9999","9",,,,,,,,,"2219855536","9984749","Washington County","A","+40182615","-080138550","06",,,20.9,128032,74865,7814,6601,5961,6105,5967,5094,5306,4498,4082,7830,7890,7161,3094,1392,1093,1241,3103087700,57136,30131
"G4201270","2000","US","1","2","Pennsylvania","42","Wayne","127",,,,,"0",,,,,,,,,,,,,"9999","99","9","9999","9999","9",,,,,,,,,"1888662719","55223992","Wayne County","A","+41577891","-075304961","06",,,33.2,7698,40024,1849,1594,1538,1621,1326,1446,1204,1305,1070,1710,1533,1107,458,180,148,211,596914200,3108,27485
"G4201290","2000","US","1","2","Pennsylvania","42","Westmoreland","129",,,,,"0",,,,,,,,,,,,,"6280","99","N","9999","9999","9",,,,,,,,,"2655990489","28120950","Westmoreland County","A","+40326108","-079561874","06",,,15.8,274825,95168,13471,12028,11809,11986,10973,10430,9335,8911,7476,13695,15213,12785,5781,2232,1863,1882,5527254300,120326,40732
"G4201310","2000","US","1","2","Pennsylvania","42","Wyoming","131",,,,,"0",,,,,,,,,,,,,"7560","99","N","9999","9999","9",,,,,,,,,"1028742898","19665891","Wyoming County","A","+41537490","-075960911","06",,,39.9,4221,23859,1036,864,836,831,763,868,748,645,556,1029,1082,871,335,165,128,65,369313100,1751,10962
"G4201330","2000","US","1","2","Pennsylvania","42","York","133",,,,,"0",,,,,,,,,,,,,"9280","99","N","9999","9999","9",,,,,,,,,"2342526119","15021372","York County","A","+39927299","-076742183","06",,,16.7,273017,108734,8865,7869,8072,9828,9562,10252,9820,9349,9039,17315,19376,15945,6442,2647,1995,1912,6526288700,114193,42527
"G4400010","2000","US","1","1","Rhode Island","44","Bristol","001",,,,,"0",,,,,,,,,,,,,"6480","99","N","9999","6483","N",,,,,,,,,"63931773","51866941","Bristol County","N","+41722601","-071292172","06",,,14.0,50423,225,1521,1112,974,1039,973,1040,938,1009,785,1613,2017,2409,1454,710,690,767,1072771600,19776,105
"G4400030","2000","US","1","1","Rhode Island","44","Kent","003",,,,,"0",,,,,,,,,,,,,"6480","99","N","9999","6483","N",,,,,,,,,"440750358","46425471","Kent County","N","+41704125","-071479529","06",,,13.6,155780,11310,4804,3997,3541,3804,3767,3911,3685,4093,3688,6993,8650,8464,3710,1547,1355,1332,3176178300,66444,3921
"G4400050","2000","US","1","1","Rhode Island","44","Newport","005",,,,,"0",,,,,,,,,,,,,"####","99","#","9999","9999","9",,,,,,,,,"269480240","542839260","Newport County","N","+41541955","-071275848","06",,,13.9,76024,9409,2534,2103,1706,1792,1885,2016,1855,1842,1698,3678,4316,4157,2507,1184,896,1043,1754984800,34645,4916
"G4400070","2000","US","1","1","Rhode Island","44","Providence","007",,,,,"0",,,,,,,,,,,,,"6480","99","N","9999","6483","N",,,,,,,,,"1070356682","58423658","Providence County","N","+41852849","-071456165","06",,,12.4,584366,37236,32160,19050,17036,16177,14959,14743,13671,12657,11195,20808,23491,22004,10378,4358,3670,3569,9380372100,239703,13511
"G4400090","2000","US","1","1","Rhode Island","44","Washington","009",,,,,"0",,,,,,,,,,,,,"####","99","#","9999","6483","N",,,,,,,,,"861829632","595745481","Washington County","N","+41454545","-071581152","06",,,13.4,86702,36844,2781,2342,2309,2146,2562,2572,2228,2247,2477,4653,6131,6589,3542,1772,1303,1228,2528580800,39156,17660
"G4500010","2000","US","3","5","South Carolina","45","Abbeville","001",,,,,"0",,,,,,,,,,,,,"9999","99","9","9999","9999","9",,,,,,,,,"1315795989","7816700","Abbeville County","A","+34237617","-082452522","06",,,16.6,6130,20037,1361,986,773,748,759,780,710,627,599,1033,802,607,169,100,52,27,316187500,2787,8869
"G4500030","2000","US","3","5","South Carolina","45","Aiken","003",,,,,"0",,,,,,,,,,,,,"0600","99","N","9999","9999","9",,,,,,,,,"2778187147","20184408","Aiken County","A","+33551725","-081699840","06",,,15.2,86786,55766,6357,3904,4194,3893,3928,3403,3319,3163,2997,4774,5539,5350,2394,1018,747,610,2122606600,38411,23576
"G4500050","2000","US","3","5","South Carolina","45","Allendale","005",,,,,"0",,,,,,,,,,,,,"9999","99","9","9999","9999","9",,,,,,,,,"1057234221","11342932","Allendale County","A","+32994024","-081324531","06",,,15.8,6616,4595,1103,483,319,312,207,309,229,148,140,234,174,118,74,29,19,32,92483300,2433,2135
"G4500070","2000","US","3","5","South Carolina","45","Anderson","007",,,,,"0",,,,,,,,,,,,,"3160","99","N","9999","9999","9",,,,,,,,,"1859656873","102128949","Anderson County","A","+34531829","-082618163","06",,,14.5,96680,69060,7708,5009,4538,4970,4363,4536,4667,3865,3271,6215,6768,5247,2352,946,554,681,2404782500,43238,29975
"G4500090","2000","US","3","5","South Carolina","45","Bamberg","009",,,,,"0",,,,,,,,,,,,,"9999","99","9","9999","9999","9",,,,,,,,,"1018508592","5751364","Bamberg County","A","+33234006","-081077234","06",,,13.1,7614,9044,1375,630,668,460,458,400,308,312,227,378,388,289,101,57,21,32,152869600,3170,3960
"G4500110","2000","US","3","5","South Carolina","45","Barnwell","011",,,,,"0",,,,,,,,,,,,,"9999","99","9","9999","9999","9",,,,,,,,,"1420387548","22889381","Barnwell County","A","+33303787","-081352330","06",,,17.1,3496,19982,1860,763,793,640,636,552,403,506,397,703,766,557,269,72,91,66,300751800,1606,8585
"G4500130","2000","US","3","5","South Carolina","45","Beaufort","013",,,,,"0",,,,,,,,,,,,,"9999","99","9","9999","9999","9",,,,,,,,,"1519956088","870303699","Beaufort County","A","+32357756","-080727626","06",,,12.5,86383,34554,3148,2194,2444,2575,2932,2899,2740,2614,2575,4217,5178,4920,2397,1555,1365,1765,2024367900,43385,17124
"G4500150","2000","US","3","5","South Carolina","45","Berkeley","015",,,,,"0",,,,,,,,,,,,,"1440","99","N","9999","9999","9",,,,,,,,,"2843072277","337614128","Berkeley County","A","+33127058","-079980644","06",,,12.1,94157,48494,4562,3073,3121,3503,3508,3710,3512,3386,3131,5218,5301,4710,1820,646,426,241,1982729100,35019,19698
"G4500170","2000","US","3","5","South Carolina","45","Calhoun","017",,,,,"0",,,,,,,,,,,,,"9999","99","9","9999","9999","9",,,,,,,,,"984777734","31367003","Calhoun County","A","+33669366","-080792771","06",,,40.8,0,15185,907,492,481,438,428,361,365,358,275,561,494,396,189,76,49,76,202248200,0,6864
"G4500190","2000","US","3","5","South Carolina","45","Charleston","019",,,,,"0",,,,,,,,,,,,,"1440","99","N","9999","9999","9",,,,,,,,,"2378927011","1138572304","Charleston County","A","+32809639","-079991379","06",,,14.1,267629,42340,15396,7970,8528,8550,8613,8152,7146,6764,5369,10430,11866,10885,5514,2638,2382,3057,5140585400,120083,20948
"G4500210","2000","US","3","5","South Carolina","45","Cherokee","021",,,,,"0",,,,,,,,,,,,,"3160","99","N","9999","9999","9",,,,,,,,,"1017063949","11891440","Cherokee County","A","+35080291","-081633920","06",,,14.5,20307,32230,2651,1590,1658,1760,1459,1412,1436,1292,1257,2000,1638,1357,496,174,127,196,683281100,8955,13445
"G4500230","2000","US","3","5","South Carolina","45","Chester","023",,,,,"0",,,,,,,,,,,,,"9999","99","9","9999","9999","9",,,,,,,,,"1503529943","14618920","Chester County","A","+34699133","-081119266","06",,,18.0,11140,22928,1823,1032,1015,983,1037,1002,933,733,719,1040,1259,806,323,78,35,60,402843000,4683,9691
"G4500250","2000","US","3","5","South Carolina","45","Chesterfield","025",,,,,"0",,,,,,,,,,,,,"9999","99","9","9999","9999","9",,,,,,,,,"2068359261","18595231","Chesterfield County","A","+34654172","-080156290","06",,,17.7,11732,31036,3013,1576,1252,1406,1150,1139,1088,1008,843,1404,1215,916,332,119,60,77,488412600,5103,13715
"G4500270","2000","US","3","5","South Carolina","45","Clarendon","027",,,,,"0",,,,,,,,,,,,,"9999","99","9","9999","9999","9",,,,,,,,,"1572655377","229098169","Clarendon County","A","+33676878","-080216816","06",,,17.0,4772,27730,2458,1098,953,917,865,705,777,553,573,905,830,630,255,68,138,75,338764200,2024,13279
"G4500290","2000","US","3","5","South Carolina","45","Colleton","029",,,,,"0",,,,,,,,,,,,,"9999","99","9","9999","9999","9",,,,,,,,,"2735949905","199054910","Colleton County","A","+32888847","-080672583","06",,,14.0,10034,28230,2523,1364,1197,1140,1091,987,867,978,738,1128,1184,712,254,166,77,108,421012600,4367,13762
"G4500310","2000","US","3","5","South Carolina","45","Darlington","031",,,,,"0",,,,,,,,,,,,,"9999","99","9","9999","9999","9",,,,,,,,,"1453358286","14589891","Darlington County","A","+34329473","-079978003","06",,,13.7,30579,36815,4397,2130,2062,2100,1771,1618,1662,1415,1215,2141,2112,1707,578,382,260,302,877623000,13335,15607
"G4500330","2000","US","3","5","South Carolina","45","Dillon","033",,,,,"0",,,,,,,,,,,,,"9999","99","9","9999","9999","9",,,,,,,,,"1048535389","4393002","Dillon County","A","+34394486","-079355378","06",,,28.1,10544,20178,2224,1104,1003,980,787,773,771,555,465,920,724,517,181,75,38,93,322060600,4525,8154
"G4500350","2000","US","3","5","South Carolina","45","Dorchester","035",,,,,"0",,,,,,,,,,,,,"1440","99","N","9999","9999","9",,,,,,,,,"1488540267","5068333","Dorchester County","A","+33043774","-080327903","06",,,12.3,70344,26069,2795,1858,2050,2300,2277,2270,2143,2272,2015,3570,4316,3809,1633,632,298,450,1471489400,26913,10324
"G4500370","2000","US","3","5","South Carolina","45","Edgefield","037",,,,,"0",,,,,,,,,,,,,"0600","99","N","9999","9999","9",,,,,,,,,"1299895120","12028424","Edgefield County","A","+33771236","-081904462","06",,,17.8,5218,19377,1168,578,680,525,652,506,493,490,430,768,849,574,287,103,64,84,311298800,1494,7729
"G4500390","2000","US","3","5","South Carolina","45","Fairfield","039",,,,,"0",,,,,,,,,,,,,"9999","99","9","9999","9999","9",,,,,,,,,"1778265612","60446567","Fairfield County","A","+34384181","-081092732","06",,,15.4,5955,17499,1468,890,681,667,621,555,555,439,394,718,707,611,192,106,88,65,282634000,2660,7723
"G4500410","2000","US","3","5","South Carolina","45","Florence","041",,,,,"0",,,,,,,,,,,,,"2655","99","N","9999","9999","9",,,,,,,,,"2071580958","10094839","Florence County","A","+34065068","-079740304","06",,,15.3,72929,52832,6464,3333,3852,3509,3314,2982,3141,2769,2377,4076,4259,3576,1521,598,569,767,1805352000,30590,21246
"G4500430","2000","US","3","5","South Carolina","45","Georgetown","043",,,,,"0",,,,,,,,,,,,,"9999","99","9","9999","9999","9",,,,,,,,,"2110410005","570216344","Georgetown County","A","+33423902","-079313234","06",,,17.2,30514,25283,2739,1689,1649,1488,1677,1532,1166,1117,1155,2052,1825,1736,702,340,351,502,774786900,17744,10538
"G4500450","2000","US","3","5","South Carolina","45","Greenville","045",,,,,"0",,,,,,,,,,,,,"3160","99","N","9999","9999","9",,,,,,,,,"2046301234","12648309","Greenville County","A","+34861272","-082353114","06",,,13.0,315095,64521,14166,9346,8938,10807,10050,10084,9063,8850,7388,13443,15491,14569,7745,3605,3012,3124,6833442000,135808,26995
"G4500470","2000","US","3","5","South Carolina","45","Greenwood","047",,,,,"0",,,,,,,,,,,,,"9999","99","9","9999","9999","9",,,,,,,,,"1179783609","19221990","Greenwood County","A","+34187995","-082143365","06",,,13.0,37623,28648,3271,2056,2000,1820,2086,1754,1756,1555,1380,2332,2335,1870,650,313,307,305,899031400,16090,12153
"G4500490","2000","US","3","5","South Carolina","45","Hampton","049",,,,,"0",,,,,,,,,,,,,"9999","99","9","9999","9999","9",,,,,,,,,"1449823309","7369890","Hampton County","A","+32796299","-081131622","06",,,39.8,7648,13738,1412,721,522,665,526,546,431,413,375,574,564,413,129,56,55,60,220089400,2648,5934
"G4500510","2000","US","3","5","South Carolina","45","Horry","051",,,,,"0",,,,,,,,,,,,,"5330","99","N","9999","9999","9",,,,,,,,,"2936222646","314111945","Horry County","A","+33845971","-078942994","06",,,12.7,118817,77812,7254,5413,5769,6920,6949,6728,5559,5550,4345,7827,7820,5828,2678,1297,753,1095,2904558100,86345,35740
"G4500530","2000","US","3","5","South Carolina","45","Jasper","053",,,,,"0",,,,,,,,,,,,,"9999","99","9","9999","9999","9",,,,,,,,,"1699337533","113108812","Jasper County","A","+32446331","-081018737","06",,,16.9,3616,17062,1161,583,582,620,490,408,508,420,253,588,637,388,177,69,74,67,235286000,985,6943
"G4500550","2000","US","3","5","South Carolina","45","Kershaw","055",,,,,"0",,,,,,,,,,,,,"9999","99","9","9999","9999","9",,,,,,,,,"1880992934","36257307","Kershaw County","A","+34292217","-080605140","06",,,13.6,19969,32678,2228,1195,1401,1328,1408,1567,1306,1350,1000,2066,2318,1844,567,222,221,185,752115700,8562,14121
"G4500570","2000","US","3","5","South Carolina","45","Lancaster","057",,,,,"0",,,,,,,,,,,,,"9999","99","9","9999","9999","9",,,,,,,,,"1421865749","16323981","Lancaster County","A","+34695244","-080712207","06",,,13.7,23705,37646,2732,1857,1654,1828,1814,1810,1423,1579,1386,2320,2062,1613,651,174,167,157,803997100,10092,14870
"G4500590","2000","US","3","5","South Carolina","45","Laurens","059",,,,,"0",,,,,,,,,,,,,"9999","99","9","9999","9999","9",,,,,,,,,"1852124218","22976621","Laurens County","A","+34486852","-082009789","06",,,13.7,23895,45672,3311,2131,2004,2244,2024,1743,2056,1539,1572,2295,2532,1666,638,218,122,184,861417400,9955,20284
"G4500610","2000","US","3","5","South Carolina","45","Lee","061",,,,,"0",,,,,,,,,,,,,"9999","99","9","9999","9999","9",,,,,,,,,"1062668256","2600206","Lee County","A","+34185344","-080265648","06",,,16.8,3767,16352,1473,666,560,553,426,506,507,263,251,532,463,397,118,25,51,102,223241000,1682,5988
"G4500630","2000","US","3","5","South Carolina","45","Lexington","063",,,,,"0",,,,,,,,,,,,,"1760","99","N","9999","9999","9",,,,,,,,,"1811056191","151851421","Lexington County","A","+33949223","-081232319","06",,,14.3,143177,72837,6015,4434,5030,5569,5182,5585,5172,4976,4450,8333,10121,10255,4085,1877,1091,1188,3814081300,60262,30716
"G4500650","2000","US","3","5","South Carolina","45","McCormick","065",,,,,"0",,,,,,,,,,,,,"9999","99","9","9999","9999","9",,,,,,,,,"931268884","88802338","McCormick County","A","+33887080","-082292903","06",,,22.4,0,9958,609,332,332,208,223,202,256,249,170,260,284,238,62,46,34,38,91240700,0,4459
"G4500670","2000","US","3","5","South Carolina","45","Marion","067",,,,,"0",,,,,,,,,,,,,"9999","99","9","9999","9999","9",,,,,,,,,"1266666996","13021005","Marion County","A","+34155374","-079336328","06",,,23.1,14065,21401,2499,1492,1189,1138,938,814,804,718,635,1003,897,629,258,72,88,103,388487600,6302,8841
"G4500690","2000","US","3","5","South Carolina","45","Marlboro","069",,,,,"0",,,,,,,,,,,,,"9999","99","9","9999","9999","9",,,,,,,,,"1242431496","14430740","Marlboro County","A","+34644285","-079668242","06",,,16.1,15214,13604,2093,978,993,887,848,684,671,512,597,847,525,507,148,34,76,58,299509800,6219,5675
"G4500710","2000","US","3","5","South Carolina","45","Newberry","071",,,,,"0",,,,,,,,,,,,,"9999","99","9","9999","9999","9",,,,,,,,,"1633679224","42769875","Newberry County","A","+34265474","-081588525","06",,,18.2,11962,24146,2170,1093,971,1026,1143,992,886,945,736,1217,1120,1029,403,161,76,73,443977300,4991,11814
"G4500730","2000","US","3","5","South Carolina","45","Oconee","073",,,,,"0",,,,,,,,,,,,,"9999","99","9","9999","9999","9",,,,,,,,,"1619801527","124752470","Oconee County","A","+34715038","-083021420","06",,,14.0,19490,46725,3166,1752,2065,1898,2176,1917,2028,1575,1583,2523,2641,2152,875,352,323,292,904859300,8871,23512
"G4500750","2000","US","3","5","South Carolina","45","Orangeburg","075",,,,,"0",,,,,,,,,,,,,"9999","99","9","9999","9999","9",,,,,,,,,"2864932195","56807317","Orangeburg County","A","+33464427","-080811731","06",,,27.6,30300,61282,6276,3006,2909,2681,2399,2090,2301,1736,1725,2697,2633,2107,722,263,239,388,1045970900,12818,26486
"G4500770","2000","US","3","5","South Carolina","45","Pickens","077",,,,,"0",,,,,,,,,,,,,"3160","99","N","9999","9999","9",,,,,,,,,"1286946741","38742501","Pickens County","A","+34828839","-082701497","06",,,16.8,64579,46178,4977,2802,3279,2973,3047,2749,2830,2707,2420,3884,4074,2922,1299,617,363,417,1557693700,26281,19719
"G4500790","2000","US","3","5","South Carolina","45","Richland","079",,,,,"0",,,,,,,,,,,,,"1760","99","N","9999","9999","9",,,,,,,,,"1959103560","39629994","Richland County","A","+34035404","-080974331","06",,,13.0,279512,41165,12391,7308,7846,8192,8328,8543,7459,6881,6344,10688,11824,11301,5403,2420,2411,2695,5450400200,114221,15572
"G4500810","2000","US","3","5","South Carolina","45","Saluda","081",,,,,"0",,,,,,,,,,,,,"9999","99","9","9999","9999","9",,,,,,,,,"1171916752","24094937","Saluda County","A","+33987705","-081695828","06",,,19.7,3580,15601,1027,475,475,538,475,505,461,476,418,699,698,554,165,50,58,67,246194200,1328,7215
"G4500830","2000","US","3","5","South Carolina","45","Spartanburg","083",,,,,"0",,,,,,,,,,,,,"3160","99","N","9999","9999","9",,,,,,,,,"2100286619","21285592","Spartanburg County","A","+34962187","-082004019","06",,,13.8,164341,89450,10707,6974,6563,7640,7094,6425,6057,5954,5644,9134,9700,8401,3550,1352,1061,1402,3879290600,70587,36399
"G4500850","2000","US","3","5","South Carolina","45","Sumter","085",,,,,"0",,,,,,,,,,,,,"8140","99","N","9999","9999","9",,,,,,,,,"1723398538","43062241","Sumter County","A","+33931693","-080385516","06",,,14.0,64956,39690,5111,2846,3132,3015,2883,2586,2589,2434,1862,3415,3325,2506,892,387,366,370,1281610600,25957,15794
"G4500870","2000","US","3","5","South Carolina","45","Union","087",,,,,"0",,,,,,,,,,,,,"9999","99","9","9999","9999","9",,,,,,,,,"1331558751","4658441","Union County","A","+34719470","-081610324","06",,,17.3,10667,19214,1828,951,990,1013,941,871,952,774,711,1008,932,664,252,51,58,85,362532200,5163,8188
"G4500890","2000","US","3","5","South Carolina","45","Williamsburg","089",,,,,"0",,,,,,,,,,,,,"9999","99","9","9999","9999","9",,,,,,,,,"2418798697","7812114","Williamsburg County","A","+33632647","-079740490","06",,,17.2,5638,31579,3260,1365,1339,1064,984,789,731,802,597,812,889,641,162,101,103,97,362241600,2588,12964
"G4500910","2000","US","3","5","South Carolina","45","York","091",,,,,"0",,,,,,,,,,,,,"1520","99","N","9999","9999","9",,,,,,,,,"1767547977","34364391","York County","A","+34982175","-081089110","06",,,13.3,105846,58768,5140,3171,3708,3412,3891,4165,3900,3430,3366,6308,7388,6994,2907,1315,953,1046,2801180200,43003,23058
"G4600030","2000","US","2","4","South Dakota","46","Aurora","003",,,,,"0",,,,,,,,,,,,,"9999","99","9","9999","9999","9",,,,,,,,,"1834174153","11267286","Aurora County","A","+43705151","-098542675","06",,,45.5,0,3058,133,107,132,102,117,88,80,86,81,80,92,49,21,0,2,4,31635700,0,1298
"G4600050","2000","US","2","4","South Dakota","46","Beadle","005",,,,,"0",,,,,,,,,,,,,"9999","99","9","9999","9999","9",,,,,,,,,"3260007889","15866631","Beadle County","A","+44407146","-098264937","06",,,21.4,11970,5053,1004,568,720,690,589,509,415,473,343,582,652,452,74,53,41,75,224001100,5903,2303
"G4600070","2000","US","2","4","South Dakota","46","Bennett","007",,,,,"0",,,,,,,,,,,,,"9999","99","9","9999","9999","9",,,,,,,,,"3069889417","13724272","Bennett County","A","+43249887","-101743867","06",,,31.3,0,3574,222,120,97,111,121,85,44,61,52,64,60,55,14,6,0,2,26644700,0,1278
"G4600090","2000","US","2","4","South Dakota","46","Bon Homme","009",,,,,"0",,,,,,,,,,,,,"9999","99","9","9999","9999","9",,,,,,,,,"1459039627","46565966","Bon Homme County","A","+42996689","-097869746","06",,,43.7,0,7260,363,199,238,247,238,258,194,175,170,179,208,107,37,9,7,10,71674300,0,3007
"G4600110","2000","US","2","4","South Dakota","46","Brookings","011",,,,,"0",,,,,,,,,,,,,"9999","99","9","9999","9999","9",,,,,,,,,"2057636186","26687955","Brookings County","A","+44345420","-096798488","06",,,20.8,18575,9645,1148,973,809,768,815,744,628,725,641,963,996,870,249,117,107,111,398258700,7400,4176
"G4600130","2000","US","2","4","South Dakota","46","Brown","013",,,,,"0",,,,,,,,,,,,,"9999","99","9","9999","9999","9",,,,,,,,,"4436830444","46978597","Brown County","A","+45538665","-098381992","06",,,20.5,24716,10744,1576,1177,1170,1216,1117,1088,857,1104,808,1478,1434,897,361,131,134,147,509354100,11293,4568
"G4600150","2000","US","2","4","South Dakota","46","Brule","015",,,,,"0",,,,,,,,,,,,,"9999","99","9","9999","9999","9",,,,,,,,,"2121089150","71321897","Brule County","A","+43751098","-099098358","06",,,30.9,0,5364,222,151,180,144,187,194,172,124,111,202,125,98,37,18,14,7,62910700,0,2272
"G4600170","2000","US","2","4","South Dakota","46","Buffalo","017",,,,,"0",,,,,,,,,,,,,"9999","99","9","9999","9999","9",,,,,,,,,"1218831895","43601707","Buffalo County","A","+44047466","-099271746","06",,,47.6,0,2032,233,51,32,39,35,29,32,12,16,20,13,1,2,3,0,2,8728300,0,602
"G4600190","2000","US","2","4","South Dakota","46","Butte","019",,,,,"0",,,,,,,,,,,,,"9999","99","9","9999","9999","9",,,,,,,,,"5823617568","46216553","Butte County","A","+44753616","-103618567","06",,,20.8,4353,4741,376,419,402,321,283,289,272,224,212,242,201,173,55,24,24,9,95805300,2064,1995
"G4600210","2000","US","2","4","South Dakota","46","Campbell","021",,,,,"0",,,,,,,,,,,,,"9999","99","9","9999","9999","9",,,,,,,,,"1905695487","92055341","Campbell County","A","+45760513","-100048139","06",,,47.2,0,1782,120,77,50,71,55,46,55,53,36,59,41,36,13,3,0,3,17979800,0,962
"G4600230","2000","US","2","4","South Dakota","46","Charles Mix","023",,,,,"0",,,,,,,,,,,,,"9999","99","9","9999","9999","9",,,,,,,,,"2842698629","136270896","Charles Mix County","A","+43189045","-098535918","06",,,43.1,0,9350,632,344,297,319,315,286,148,175,153,274,203,120,32,16,13,2,79423400,0,3853
"G4600250","2000","US","2","4","South Dakota","46","Clark","025",,,,,"0",,,,,,,,,,,,,"9999","99","9","9999","9999","9",,,,,,,,,"2481011655","25552139","Clark County","A","+44853152","-097725341","06",,,39.4,0,4143,229,152,118,144,145,146,98,103,70,158,117,59,25,6,4,16,43653900,0,1880
"G4600270","2000","US","2","4","South Dakota","46","Clay","027",,,,,"0",,,,,,,,,,,,,"9999","99","9","9999","9999","9",,,,,,,,,"1066040497","13206502","Clay County","A","+42888221","-096977391","06",,,18.3,10160,3377,883,543,415,450,287,276,214,249,234,369,429,258,127,47,57,34,155457900,3911,1527
"G4600290","2000","US","2","4","South Dakota","46","Codington","029",,,,,"0",,,,,,,,,,,,,"9999","99","9","9999","9999","9",,,,,,,,,"1781063200","76161811","Codington County","A","+44939334","-097157383","06",,,16.8,19625,6272,1067,749,837,896,669,789,730,747,558,1200,900,574,302,181,31,130,383303800,8876,2448
"G4600310","2000","US","2","4","South Dakota","46","Corson","031",,,,,"0",,,,,,,,,,,,,"9999","99","9","9999","9999","9",,,,,,,,,"6404871630","146289732","Corson County","A","+45750233","-101139288","06",,,44.6,0,4181,310,174,139,125,69,86,76,67,57,68,53,40,5,2,4,5,26024700,0,1536
"G4600330","2000","US","2","4","South Dakota","46","Custer","033",,,,,"0",,,,,,,,,,,,,"9999","99","9","9999","9999","9",,,,,,,,,"4034387392","3753880","Custer County","A","+43693106","-103515230","06",,,22.9,0,7275,263,282,199,235,271,188,165,239,213,257,329,187,86,21,21,19,91192400,0,3624
"G4600350","2000","US","2","4","South Dakota","46","Davison","035",,,,,"0",,,,,,,,,,,,,"9999","99","9","9999","9999","9",,,,,,,,,"1127785664","3465512","Davison County","A","+43690828","-098076614","06",,,18.0,14535,4206,946,669,544,652,619,507,508,345,449,781,620,555,132,76,64,112,258940100,6500,1593
"G4600370","2000","US","2","4","South Dakota","46","Day","037",,,,,"0",,,,,,,,,,,,,"9999","99","9","9999","9999","9",,,,,,,,,"2663995168","162222176","Day County","A","+45373992","-097572474","06",,,37.4,0,6267,376,224,242,235,216,190,202,137,138,216,237,114,39,22,8,10,65959900,0,3618
"G4600390","2000","US","2","4","South Dakota","46","Deuel","039",,,,,"0",,,,,,,,,,,,,"9999","99","9","9999","9999","9",,,,,,,,,"1614987517","34109401","Deuel County","A","+44746853","-096659493","06",,,48.0,0,4498,209,165,166,188,144,155,130,153,101,179,134,75,26,16,4,12,54808400,0,2172
"G4600410","2000","US","2","4","South Dakota","46","Dewey","041",,,,,"0",,,,,,,,,,,,,"9999","99","9","9999","9999","9",,,,,,,,,"5963818882","370441783","Dewey County","A","+45213613","-101003656","06",,,28.6,0,5972,407,230,144,208,142,202,95,102,74,73,85,60,14,11,0,8,42501600,0,2133
"G4600430","2000","US","2","4","South Dakota","46","Douglas","043",,,,,"0",,,,,,,,,,,,,"9999","99","9","9999","9999","9",,,,,,,,,"1122830594","1565588","Douglas County","A","+43376691","-098357179","06",,,42.9,0,3458,188,116,112,129,154,109,101,85,65,86,79,54,11,6,5,14,34951300,0,1453
"G4600450","2000","US","2","4","South Dakota","46","Edmunds","045",,,,,"0",,,,,,,,,,,,,"9999","99","9","9999","9999","9",,,,,,,,,"2967039229","14450306","Edmunds County","A","+45424045","-099205575","06",,,46.6,0,4367,213,163,131,122,137,150,103,124,100,129,120,94,35,17,9,12,52821200,0,2022
"G4600470","2000","US","2","4","South Dakota","46","Fall River","047",,,,,"0",,,,,,,,,,,,,"9999","99","9","9999","9999","9",,,,,,,,,"4506221317","24037994","Fall River County","A","+43337098","-103558248","06",,,22.9,4077,3376,418,315,237,350,246,247,186,191,107,251,248,172,67,41,12,21,86771200,1864,1948
"G4600490","2000","US","2","4","South Dakota","46","Faulk","049",,,,,"0",,,,,,,,,,,,,"9999","99","9","9999","9999","9",,,,,,,,,"2590359110","14373398","Faulk County","A","+45085910","-099103811","06",,,46.7,0,2640,122,92,112,101,76,103,63,50,47,74,90,53,18,7,2,7,25109000,0,1235
"G4600510","2000","US","2","4","South Dakota","46","Grant","051",,,,,"0",,,,,,,,,,,,,"9999","99","9","9999","9999","9",,,,,,,,,"1767701357","13987556","Grant County","A","+45187196","-096711868","06",,,26.6,3530,4317,357,286,213,313,270,204,248,201,177,324,196,177,60,21,37,23,97239700,1621,1835
"G4600530","2000","US","2","4","South Dakota","46","Gregory","053",,,,,"0",,,,,,,,,,,,,"9999","99","9","9999","9999","9",,,,,,,,,"2631258515","97153372","Gregory County","A","+43183400","-099205492","06",,,44.6,0,4792,382,255,252,183,159,140,122,111,58,136,89,88,17,7,4,14,44195400,0,2405
"G4600550","2000","US","2","4","South Dakota","46","Haakon","055",,,,,"0",,,,,,,,,,,,,"9999","99","9","9999","9999","9",,,,,,,,,"4695563830","36926345","Haakon County","A","+44191864","-101471012","06",,,46.6,0,2196,109,76,46,93,111,65,68,28,55,63,57,37,21,11,15,11,29679300,0,1002
"G4600570","2000","US","2","4","South Dakota","46","Hamlin","057",,,,,"0",,,,,,,,,,,,,"9999","99","9","9999","9999","9",,,,,,,,,"1312772879","80536463","Hamlin County","A","+44666335","-097178629","06",,,41.4,0,5540,179,160,172,173,175,191,139,143,127,182,196,99,35,17,23,21,72797500,0,2626
"G4600590","2000","US","2","4","South Dakota","46","Hand","059",,,,,"0",,,,,,,,,,,,,"9999","99","9","9999","9999","9",,,,,,,,,"3720726206","9409971","Hand County","A","+44547411","-098985268","06",,,38.1,0,3741,205,116,151,101,115,151,116,84,89,143,86,85,27,19,4,38,50852000,0,1840
"G4600610","2000","US","2","4","South Dakota","46","Hanson","061",,,,,"0",,,,,,,,,,,,,"9999","99","9","9999","9999","9",,,,,,,,,"1126032844","2257697","Hanson County","A","+43660626","-097785990","06",,,46.6,0,3139,131,93,95,97,87,93,67,60,86,103,104,54,28,9,12,9,36319700,0,1218
"G4600630","2000","US","2","4","South Dakota","46","Harding","063",,,,,"0",,,,,,,,,,,,,"9999","99","9","9999","9999","9",,,,,,,,,"6916558309","18334405","Harding County","A","+45615007","-103514871","06",,,42.0,0,1353,114,67,39,41,45,44,27,34,19,31,26,17,7,4,1,6,14006000,0,804
"G4600650","2000","US","2","4","South Dakota","46","Hughes","065",,,,,"0",,,,,,,,,,,,,"9999","99","9","9999","9999","9",,,,,,,,,"1918975480","153777208","Hughes County","A","+44418527","-100159269","06",,,16.2,12447,4034,507,333,464,436,419,529,360,459,431,725,782,598,188,90,109,92,277137000,5458,1597
"G4600670","2000","US","2","4","South Dakota","46","Hutchinson","067",,,,,"0",,,,,,,,,,,,,"9999","99","9","9999","9999","9",,,,,,,,,"2105192842","4025991","Hutchinson County","A","+43331896","-097743058","06",,,42.3,0,8075,400,284,335,284,294,236,256,211,154,280,201,167,30,19,22,24,94398100,0,3517
"G4600690","2000","US","2","4","South Dakota","46","Hyde","069",,,,,"0",,,,,,,,,,,,,"9999","99","9","9999","9999","9",,,,,,,,,"2229910882","14555117","Hyde County","A","+44576294","-099463615","06",,,46.2,0,1671,86,54,66,59,60,52,41,52,41,56,26,58,15,2,6,6,19561000,0,769
"G4600710","2000","US","2","4","South Dakota","46","Jackson","071",,,,,"0",,,,,,,,,,,,,"9999","99","9","9999","9999","9",,,,,,,,,"4841012909","5488176","Jackson County","A","+43768510","-101669286","06",,,28.9,0,2930,184,119,80,116,102,81,36,48,17,50,55,35,5,0,12,4,21992600,0,1173
"G4600730","2000","US","2","4","South Dakota","46","Jerauld","073",,,,,"0",,,,,,,,,,,,,"9999","99","9","9999","9999","9",,,,,,,,,"1372459111","7035098","Jerauld County","A","+44080077","-098554321","06",,,37.9,0,2295,159,113,82,50,81,89,70,65,38,98,63,39,14,11,6,8,24777300,0,1167
"G4600750","2000","US","2","4","South Dakota","46","Jones","075",,,,,"0",,,,,,,,,,,,,"9999","99","9","9999","9999","9",,,,,,,,,"2513636125","2945383","Jones County","A","+43951767","-100686231","06",,,45.1,0,1193,61,47,73,27,40,39,42,33,14,43,31,31,9,7,5,0,14404000,0,614
"G4600770","2000","US","2","4","South Dakota","46","Kingsbury","077",,,,,"0",,,,,,,,,,,,,"9999","99","9","9999","9999","9",,,,,,,,,"2171363087","65536905","Kingsbury County","A","+44376729","-097466141","06",,,48.8,0,5815,250,199,253,252,197,171,146,181,147,218,176,106,57,18,17,17,69179700,0,2724
"G4600790","2000","US","2","4","South Dakota","46","Lake","079",,,,,"0",,,,,,,,,,,,,"9999","99","9","9999","9999","9",,,,,,,,,"1458755381","30633165","Lake County","A","+44019761","-097099990","06",,,21.1,6281,4995,396,415,304,441,345,339,334,266,265,435,418,226,78,22,48,37,145343100,2591,2691
"G4600810","2000","US","2","4","South Dakota","46","Lawrence","081",,,,,"0",,,,,,,,,,,,,"9999","99","9","9999","9999","9",,,,,,,,,"2072082384","722394","Lawrence County","A","+44399250","-103800052","06",,,20.3,14294,7508,1005,994,759,735,687,644,660,529,497,706,696,470,191,86,99,113,275133600,6680,3747
"G4600830","2000","US","2","4","South Dakota","46","Lincoln","083",,,,,"0",,,,,,,,,,,,,"7760","99","N","9999","9999","9",,,,,,,,,"1497240329","1302473","Lincoln County","A","+43319792","-096722261","06",,,24.5,9461,14670,464,352,400,514,405,682,596,578,603,1047,1207,947,480,178,189,175,455492400,3667,5464
"G4600850","2000","US","2","4","South Dakota","46","Lyman","085",,,,,"0",,,,,,,,,,,,,"9999","99","9","9999","9999","9",,,,,,,,,"4247473697","173779348","Lyman County","A","+43877094","-099809044","06",,,42.1,0,3895,216,154,116,132,112,93,90,86,64,110,102,64,21,3,12,17,43910200,0,1636
"G4600870","2000","US","2","4","South Dakota","46","McCook","087",,,,,"0",,,,,,,,,,,,,"9999","99","9","9999","9999","9",,,,,,,,,"1487988123","6837306","McCook County","A","+43662682","-097378786","06",,,45.0,0,5832,196,189,170,195,153,184,147,168,151,214,226,115,46,15,15,16,71114900,0,2383
"G4600890","2000","US","2","4","South Dakota","46","McPherson","089",,,,,"0",,,,,,,,,,,,,"9999","99","9","9999","9999","9",,,,,,,,,"2944654727","38613002","McPherson County","A","+45759349","-099252506","06",,,45.8,0,2904,264,151,135,120,92,105,65,61,55,85,37,32,12,16,5,4,24508300,0,1465
"G4600910","2000","US","2","4","South Dakota","46","Marshall","091",,,,,"0",,,,,,,,,,,,,"9999","99","9","9999","9999","9",,,,,,,,,"2169656047","124125081","Marshall County","A","+45739558","-097580659","06",,,45.1,0,4576,275,168,136,175,138,164,119,99,86,179,164,70,37,6,3,14,47827800,0,2562
"G4600930","2000","US","2","4","South Dakota","46","Meade","093",,,,,"0",,,,,,,,,,,,,"9999","99","9","9999","9999","9",,,,,,,,,"8988899424","30619759","Meade County","A","+44438857","-103087666","06",,,14.8,13226,11027,704,486,690,686,743,821,801,640,535,887,725,675,182,71,64,127,335063800,5727,4422
"G4600950","2000","US","2","4","South Dakota","46","Mellette","095",,,,,"0",,,,,,,,,,,,,"9999","99","9","9999","9999","9",,,,,,,,,"3383783385","8448583","Mellette County","A","+43576525","-100794839","06",,,45.0,0,2083,160,61,90,60,41,41,39,42,27,27,44,38,11,2,2,0,16541400,0,824
"G4600970","2000","US","2","4","South Dakota","46","Miner","097",,,,,"0",,,,,,,,,,,,,"9999","99","9","9999","9999","9",,,,,,,,,"1477163771","4274386","Miner County","A","+44022071","-097600049","06",,,48.0,0,2884,160,130,115,109,106,105,88,69,61,130,65,47,19,4,6,6,30890300,0,1408
"G4600990","2000","US","2","4","South Dakota","46","Minnehaha","099",,,,,"0",,,,,,,,,,,,,"7760","99","N","9999","9999","9",,,,,,,,,"2097043873","10392481","Minnehaha County","A","+43601442","-096742201","06",,,16.4,125513,22768,3727,3122,3272,4660,4106,3992,3963,3874,3546,6645,6564,5646,2273,1148,827,654,2538151500,52080,8157
"G4601010","2000","US","2","4","South Dakota","46","Moody","101",,,,,"0",,,,,,,,,,,,,"9999","99","9","9999","9999","9",,,,,,,,,"1345944602","3692498","Moody County","A","+44014833","-096658939","06",,,34.3,0,6595,199,212,201,205,207,226,188,205,180,232,205,156,52,27,18,27,87181200,0,2745
"G4601030","2000","US","2","4","South Dakota","46","Pennington","103",,,,,"0",,,,,,,,,,,,,"6660","99","N","9999","9999","9",,,,,,,,,"7190183937","21134320","Pennington County","A","+44045194","-103105497","06",,,17.3,67898,20667,2864,2280,2658,2912,2910,2537,2366,2456,2173,3220,3126,2691,1044,495,439,491,1328767500,28023,9226
"G4601050","2000","US","2","4","South Dakota","46","Perkins","105",,,,,"0",,,,,,,,,,,,,"9999","99","9","9999","9999","9",,,,,,,,,"7437459147","49449397","Perkins County","A","+45646651","-102437926","06",,,47.0,0,3363,230,140,146,131,133,103,73,127,62,98,87,39,16,26,7,16,35043100,0,1854
"G4601070","2000","US","2","4","South Dakota","46","Potter","107",,,,,"0",,,,,,,,,,,,,"9999","99","9","9999","9999","9",,,,,,,,,"2244193968","82724737","Potter County","A","+45049614","-099929979","06",,,49.7,0,2693,139,101,105,124,95,77,87,78,58,70,80,65,19,9,14,9,33419900,0,1760
"G4601090","2000","US","2","4","South Dakota","46","Roberts","109",,,,,"0",,,,,,,,,,,,,"9999","99","9","9999","9999","9",,,,,,,,,"2852295107","88259266","Roberts County","A","+45623515","-096947921","06",,,38.8,0,10016,560,343,389,331,315,293,241,218,184,269,227,192,59,20,27,16,100594600,0,4734
"G4601110","2000","US","2","4","South Dakota","46","Sanborn","111",,,,,"0",,,,,,,,,,,,,"9999","99","9","9999","9999","9",,,,,,,,,"1473735128","3107455","Sanborn County","A","+44023459","-098119738","06",,,47.1,0,2675,122,79,106,95,67,68,111,82,49,88,55,56,17,10,8,22,35185400,0,1220
"G4601130","2000","US","2","4","South Dakota","46","Shannon","113",,,,,"0",,,,,,,,,,,,,"9999","99","9","9999","9999","9",,,,,,,,,"5423128251","7164474","Shannon County","A","+43279002","-102485904","06",,,12.5,3435,9031,738,352,226,270,131,198,165,145,87,163,138,92,50,0,14,0,64041700,743,2380
"G4601150","2000","US","2","4","South Dakota","46","Spink","115",,,,,"0",,,,,,,,,,,,,"9999","99","9","9999","9999","9",,,,,,,,,"3894999840","16015565","Spink County","A","+44931661","-098380382","06",,,35.7,2970,4484,282,294,221,308,221,268,217,184,148,256,136,167,80,23,21,21,83382100,1270,2082
"G4601170","2000","US","2","4","South Dakota","46","Stanley","117",,,,,"0",,,,,,,,,,,,,"9999","99","9","9999","9999","9",,,,,,,,,"3738079326","190911503","Stanley County","A","+44378639","-100582033","06",,,46.9,1765,1007,96,64,67,69,82,81,81,69,78,123,138,100,28,9,21,18,46354800,736,541
"G4601190","2000","US","2","4","South Dakota","46","Sully","119",,,,,"0",,,,,,,,,,,,,"9999","99","9","9999","9999","9",,,,,,,,,"2607857052","164361110","Sully County","A","+44714843","-100090532","06",,,48.7,0,1556,49,54,50,53,69,60,51,35,33,70,35,31,13,8,5,6,20652300,0,844
"G4601210","2000","US","2","4","South Dakota","46","Todd","121",,,,,"0",,,,,,,,,,,,,"9999","99","9","9999","9999","9",,,,,,,,,"3595224903","7201394","Todd County","A","+43233563","-100821640","06",,,21.3,0,9050,656,324,255,270,214,92,115,96,103,86,106,87,43,7,6,14,56906700,0,2766
"G4601230","2000","US","2","4","South Dakota","46","Tripp","123",,,,,"0",,,,,,,,,,,,,"9999","99","9","9999","9999","9",,,,,,,,,"4178998328","10037115","Tripp County","A","+43358994","-099878135","06",,,23.3,3131,3299,479,239,212,218,152,209,166,164,125,216,159,104,12,29,27,17,66072600,1535,1501
"G4601250","2000","US","2","4","South Dakota","46","Turner","125",,,,,"0",,,,,,,,,,,,,"9999","99","9","9999","9999","9",,,,,,,,,"1597561452","1625140","Turner County","A","+43307721","-097131875","06",,,46.2,0,8849,327,262,269,288,286,283,259,270,252,353,283,220,66,35,26,45,117555700,0,3852
"G4601270","2000","US","2","4","South Dakota","46","Union","127",,,,,"0",,,,,,,,,,,,,"9999","99","9","9999","9999","9",,,,,,,,,"1192367564","17364062","Union County","A","+42824582","-096657572","06",,,32.9,3347,9237,345,287,258,378,295,339,287,294,308,526,590,469,243,89,69,171,249658800,1518,3827
"G4601290","2000","US","2","4","South Dakota","46","Walworth","129",,,,,"0",,,,,,,,,,,,,"9999","99","9","9999","9999","9",,,,,,,,,"1833226695","94290637","Walworth County","A","+45471130","-100138574","06",,,23.6,3500,2474,387,205,299,219,230,197,153,133,110,194,187,108,58,5,0,20,62545700,1786,1358
"G4601350","2000","US","2","4","South Dakota","46","Yankton","135",,,,,"0",,,,,,,,,,,,,"9999","99","9","9999","9999","9",,,,,,,,,"1350810463","28659307","Yankton County","A","+42960419","-097385342","06",,,18.6,13127,8525,816,614,640,776,593,596,603,556,527,910,639,483,145,82,59,134,297692700,5537,3303
"G4601370","2000","US","2","4","South Dakota","46","Ziebach","137",,,,,"0",,,,,,,,,,,,,"9999","99","9","9999","9999","9",,,,,,,,,"5082420849","22577745","Ziebach County","A","+44971960","-101678130","06",,,41.8,0,2519,241,87,57,71,60,48,37,39,19,34,15,16,7,0,5,3,14858000,0,879
"G4700010","2000","US","3","6","Tennessee","47","Anderson","001",,,,,"0",,,,,,,,,,,,,"3840","99","N","9999","9999","9",,,,,,,,,"874135757","18940279","Anderson County","A","+36107914","-084187545","06",,,14.3,42056,29274,3649,2183,2146,2249,2253,2198,2078,1643,1568,2456,2851,2285,1167,461,391,195,982105000,20063,12388
"G4700030","2000","US","3","6","Tennessee","47","Bedford","003",,,,,"0",,,,,,,,,,,,,"9999","99","9","9999","9999","9",,,,,,,,,"1226794030","3022869","Bedford County","A","+35512659","-086443415","06",,,14.4,15312,22274,1597,1013,970,928,1096,962,1077,944,877,1349,1370,908,470,132,122,118,502468700,6097,8893
"G4700050","2000","US","3","6","Tennessee","47","Benton","005",,,,,"0",,,,,,,,,,,,,"9999","99","9","9999","9999","9",,,,,,,,,"1022626774","107136097","Benton County","A","+36073333","-088076574","06",,,17.9,3654,12883,917,794,631,585,686,571,502,379,330,522,427,332,106,33,29,11,172943800,1728,6867
"G4700070","2000","US","3","6","Tennessee","47","Bledsoe","007",,,,,"0",,,,,,,,,,,,,"9999","99","9","9999","9999","9",,,,,,,,,"1052357777","1025779","Bledsoe County","A","+35616743","-085180145","06",,,20.3,0,12367,746,434,363,368,352,329,311,259,196,395,279,211,84,31,20,34,135808900,0,5142
"G4700090","2000","US","3","6","Tennessee","47","Blount","009",,,,,"0",,,,,,,,,,,,,"3840","99","N","9999","9999","9",,,,,,,,,"1446668549","20935346","Blount County","A","+35754277","-083969238","06",,,14.7,67114,38709,4261,2862,3000,3403,3080,3100,2921,2654,2494,4116,4426,3395,1469,681,479,493,1530376300,29430,17629
"G4700110","2000","US","3","6","Tennessee","47","Bradley","011",,,,,"0",,,,,,,,,,,,,"9999","99","9","9999","9999","9",,,,,,,,,"851388731","7189343","Bradley County","A","+35166827","-084863278","06",,,12.7,58439,29526,3883,2789,2745,2588,2552,2554,2246,2072,1801,3365,2710,2821,873,437,293,526,1279761700,24903,11917
"G4700130","2000","US","3","6","Tennessee","47","Campbell","013",,,,,"0",,,,,,,,,,,,,"9999","99","9","9999","9999","9",,,,,,,,,"1243370231","47103079","Campbell County","A","+36397192","-084139530","06",,,17.0,17478,22376,3243,1945,1530,1253,1413,1323,1085,891,586,973,880,537,218,64,87,91,377140500,7903,10624
"G4700150","2000","US","3","6","Tennessee","47","Cannon","015",,,,,"0",,,,,,,,,,,,,"9999","99","9","9999","9999","9",,,,,,,,,"688013305","165149","Cannon County","A","+35811388","-086064304","06",,,17.4,0,12826,688,321,513,360,340,432,353,224,290,521,462,300,92,33,26,41,164479600,0,5420
"G4700170","2000","US","3","6","Tennessee","47","Carroll","017",,,,,"0",,,,,,,,,,,,,"9999","99","9","9999","9999","9",,,,,,,,,"1551460017","2164481","Carroll County","A","+36012758","-088443068","06",,,21.6,4957,24518,1532,1213,1153,969,949,866,804,794,577,951,870,628,207,80,80,139,351830000,2182,10875
"G4700190","2000","US","3","6","Tennessee","47","Carter","019",,,,,"0",,,,,,,,,,,,,"3660","99","N","9999","9999","9",,,,,,,,,"883304032","17017048","Carter County","A","+36310350","-082187840","06",,,14.8,34081,22661,3897,2392,2235,2146,2000,1870,1684,1428,1122,1641,1326,1054,337,114,151,115,640417700,15461,10459
"G4700210","2000","US","3","6","Tennessee","47","Cheatham","021",,,,,"0",,,,,,,,,,,,,"5360","99","N","9999","9999","9",,,,,,,,,"783883332","11588975","Cheatham County","A","+36266787","-087079847","06",,,16.6,2432,33480,880,548,604,686,922,966,851,819,863,1754,1694,1295,496,220,153,118,590791100,1007,12501
"G4700230","2000","US","3","6","Tennessee","47","Chester","023",,,,,"0",,,,,,,,,,,,,"3580","99","N","9999","9999","9",,,,,,,,,"747259988","574242","Chester County","A","+35425152","-088609204","06",,,12.7,5244,10296,766,459,439,404,383,444,341,383,302,462,630,438,127,38,19,28,191944800,1893,4285
"G4700250","2000","US","3","6","Tennessee","47","Claiborne","025",,,,,"0",,,,,,,,,,,,,"9999","99","9","9999","9999","9",,,,,,,,,"1124775335","18825058","Claiborne County","A","+36488066","-083666389","06",,,17.6,8920,20942,2488,1185,1069,966,1009,919,637,646,563,784,761,444,132,67,31,73,288649700,3877,9385
"G4700270","2000","US","3","6","Tennessee","47","Clay","027",,,,,"0",,,,,,,,,,,,,"9999","99","9","9999","9999","9",,,,,,,,,"611521677","59941625","Clay County","A","+36564515","-085548616","06",,,20.6,0,7976,648,410,391,298,272,363,187,176,150,113,159,105,39,28,27,18,75814600,0,3959
"G4700290","2000","US","3","6","Tennessee","47","Cocke","029",,,,,"0",,,,,,,,,,,,,"9999","99","9","9999","9999","9",,,,,,,,,"1125097707","22656110","Cocke County","A","+35931845","-083145646","06",,,13.7,10918,22647,2628,1622,1416,1070,1222,1037,884,813,552,822,851,400,202,96,55,91,357351700,5181,10663
"G4700310","2000","US","3","6","Tennessee","47","Coffee","031",,,,,"0",,,,,,,,,,,,,"9999","99","9","9999","9999","9",,,,,,,,,"1110699819","14554967","Coffee County","A","+35465790","-086115771","06",,,13.6,25175,22839,2469,1400,1399,1571,1372,1246,1235,1146,994,1666,1773,1460,526,165,221,229,640816400,11057,9689
"G4700330","2000","US","3","6","Tennessee","47","Crockett","033",,,,,"0",,,,,,,,,,,,,"9999","99","9","9999","9999","9",,,,,,,,,"687039953","536491","Crockett County","A","+35797298","-089121243","06",,,26.1,0,14532,929,500,472,467,455,456,307,323,303,506,433,296,85,30,31,56,165916100,0,6138
"G4700350","2000","US","3","6","Tennessee","47","Cumberland","035",,,,,"0",,,,,,,,,,,,,"9999","99","9","9999","9999","9",,,,,,,,,"1765364462","8643761","Cumberland County","A","+35946153","-084998248","06",,,14.1,14547,32255,2468,1851,1632,1739,1698,1729,1364,1182,952,1650,1174,1178,396,161,132,204,506401100,7266,15176
"G4700370","2000","US","3","6","Tennessee","47","Davidson","037",,,,,"0",,,,,,,,,,,,,"5360","99","N","9999","9999","9",,,,,,,,,"1300859318","61767811","Davidson County","C","+36156595","-086765764","06",,,12.1,543955,25936,23838,13699,14859,17063,17264,17738,14786,14312,12573,21852,23061,21289,10270,4796,4164,5868,10774702100,242571,10406
"G4700390","2000","US","3","6","Tennessee","47","Decatur","039",,,,,"0",,,,,,,,,,,,,"9999","99","9","9999","9999","9",,,,,,,,,"864785444","28528201","Decatur County","A","+35615241","-088116253","06",,,21.8,0,11731,883,439,419,429,432,350,326,318,224,335,364,220,56,54,13,76,143735900,0,6448
"G4700410","2000","US","3","6","Tennessee","47","DeKalb","041",,,,,"0",,,,,,,,,,,,,"9999","99","9","9999","9999","9",,,,,,,,,"788829647","63227382","DeKalb County","A","+35983114","-085853275","06",,,16.6,3678,13745,1227,608,536,568,514,542,429,380,297,643,538,373,135,45,63,100,237246600,1671,6738
"G4700430","2000","US","3","6","Tennessee","47","Dickson","043",,,,,"0",,,,,,,,,,,,,"5360","99","N","9999","9999","9",,,,,,,,,"1268749305","3671421","Dickson County","A","+36117131","-087356266","06",,,17.3,13453,29703,1480,1192,1216,1020,1122,1177,1202,1054,936,1802,1799,1474,493,216,120,151,637498600,5779,11835
"G4700450","2000","US","3","6","Tennessee","47","Dyer","045",,,,,"0",,,,,,,,,,,,,"9999","99","9","9999","9999","9",,,,,,,,,"1322176856","41399101","Dyer County","A","+36060464","-089358984","06",,,14.1,20673,16606,2024,1389,1125,1183,1090,979,987,867,878,1232,1340,950,355,133,128,115,490360000,9408,6715
"G4700470","2000","US","3","6","Tennessee","47","Fayette","047",,,,,"0",,,,,,,,,,,,,"4920","99","N","9999","9999","9",,,,,,,,,"1824642079","4478612","Fayette County","A","+35204664","-089398858","06",,,24.0,0,28806,1360,670,613,640,690,610,606,708,458,1053,1211,856,524,162,183,124,424485600,0,11214
"G4700490","2000","US","3","6","Tennessee","47","Fentress","049",,,,,"0",,,,,,,,,,,,,"9999","99","9","9999","9999","9",,,,,,,,,"1291466761","866843","Fentress County","A","+36387076","-084937512","06",,,18.0,0,16625,1528,849,612,574,513,554,398,336,250,430,295,186,94,62,12,37,157546000,0,7598
"G4700510","2000","US","3","6","Tennessee","47","Franklin","051",,,,,"0",,,,,,,,,,,,,"9999","99","9","9999","9999","9",,,,,,,,,"1436195584","55035205","Franklin County","A","+35199739","-086099915","06",,,24.6,11737,27533,1940,1099,1044,1206,1027,989,983,885,996,1422,1388,1142,419,220,120,162,510372100,5259,11554
"G4700530","2000","US","3","6","Tennessee","47","Gibson","053",,,,,"0",,,,,,,,,,,,,"9999","99","9","9999","9999","9",,,,,,,,,"1560916325","2369978","Gibson County","A","+35969451","-088897878","06",,,18.5,24267,23885,2651,1570,1533,1889,1809,1343,1133,1186,1018,1767,1632,1171,443,153,97,105,598875900,10860,10199
"G4700550","2000","US","3","6","Tennessee","47","Giles","055",,,,,"0",,,,,,,,,,,,,"9999","99","9","9999","9999","9",,,,,,,,,"1582292632","643253","Giles County","A","+35182210","-087026964","06",,,18.3,7632,21815,1462,865,810,973,910,856,717,826,528,1089,1163,866,320,97,93,122,397818100,3812,9301
"G4700570","2000","US","3","6","Tennessee","47","Grainger","057",,,,,"0",,,,,,,,,,,,,"9999","99","9","9999","9999","9",,,,,,,,,"726058438","57264065","Grainger County","A","+36274788","-083501197","06",,,19.3,0,20659,1511,824,697,720,659,575,640,429,460,683,529,257,124,66,59,65,231449700,0,9732
"G4700590","2000","US","3","6","Tennessee","47","Greene","059",,,,,"0",,,,,,,,,,,,,"9999","99","9","9999","9999","9",,,,,,,,,"1610171770","6275600","Greene County","A","+36185014","-082843637","06",,,15.9,19443,43466,3636,2183,2444,2252,2169,1866,1851,1565,1387,2250,1760,1367,384,175,192,211,763474200,9020,19096
"G4700610","2000","US","3","6","Tennessee","47","Grundy","061",,,,,"0",,,,,,,,,,,,,"9999","99","9","9999","9999","9",,,,,,,,,"933840913","1498661","Grundy County","A","+35353581","-085728029","06",,,36.4,0,14332,1251,668,530,533,508,370,319,274,219,330,279,160,83,18,15,25,128727200,0,6282
"G4700630","2000","US","3","6","Tennessee","47","Hamblen","063",,,,,"0",,,,,,,,,,,,,"9999","99","9","9999","9999","9",,,,,,,,,"417066000","38179374","Hamblen County","A","+36209671","-083284008","06",,,12.9,43131,14997,3009,1880,1864,1774,2084,1898,1467,1292,1122,2188,1907,1386,606,253,172,343,794625800,18397,6296
"G4700650","2000","US","3","6","Tennessee","47","Hamilton","065",,,,,"0",,,,,,,,,,,,,"1560","99","N","9999","9999","9",,,,,,,,,"1404914473","86205969","Hamilton County","A","+35095522","-085230100","06",,,13.2,277882,30014,13762,8085,8503,9037,8566,8170,7655,7482,5864,11393,12766,10919,4940,2559,2215,2599,5291376500,122557,12135
"G4700670","2000","US","3","6","Tennessee","47","Hancock","067",,,,,"0",,,,,,,,,,,,,"9999","99","9","9999","9999","9",,,,,,,,,"575733130","3130241","Hancock County","A","+36519942","-083218244","06",,,24.5,0,6786,778,343,279,266,206,175,127,142,105,134,98,66,26,3,4,20,55258300,0,3280
"G4700690","2000","US","3","6","Tennessee","47","Hardeman","069",,,,,"0",,,,,,,,,,,,,"9999","99","9","9999","9999","9",,,,,,,,,"1728937852","7367080","Hardeman County","A","+35203117","-088996865","06",,,18.7,10305,17800,1651,933,840,723,657,759,646,569,509,731,589,501,109,42,60,65,285487300,2842,7852
"G4700710","2000","US","3","6","Tennessee","47","Hardin","071",,,,,"0",,,,,,,,,,,,,"9999","99","9","9999","9999","9",,,,,,,,,"1496653754","47786645","Hardin County","A","+35207362","-088208172","06",,,16.7,8002,17576,1688,1150,951,927,811,789,784,632,425,650,583,582,257,68,27,121,307601000,3656,9151
"G4700730","2000","US","3","6","Tennessee","47","Hawkins","073",,,,,"0",,,,,,,,,,,,,"3660","99","N","9999","9999","9",,,,,,,,,"1260434385","33601289","Hawkins County","A","+36441667","-082922959","06",,,15.1,20671,32892,3328,1863,1788,1797,1700,1688,1517,1509,981,1918,1837,1224,360,158,167,130,660097900,9568,14848
"G4700750","2000","US","3","6","Tennessee","47","Haywood","075",,,,,"0",,,,,,,,,,,,,"9999","99","9","9999","9999","9",,,,,,,,,"1380988427","2457761","Haywood County","A","+35563084","-089278242","06",,,15.2,10309,9488,1357,707,740,646,638,553,318,423,345,580,591,342,173,39,50,76,232019600,4203,3883
"G4700770","2000","US","3","6","Tennessee","47","Henderson","077",,,,,"0",,,,,,,,,,,,,"9999","99","9","9999","9999","9",,,,,,,,,"1346855708","15256120","Henderson County","A","+35641227","-088377712","06",,,16.7,5799,19723,1376,794,975,834,800,788,747,664,592,906,818,603,155,91,54,108,330961900,2704,8742
"G4700790","2000","US","3","6","Tennessee","47","Henry","079",,,,,"0",,,,,,,,,,,,,"9999","99","9","9999","9999","9",,,,,,,,,"1454739484","82294669","Henry County","A","+36319422","-088305435","06",,,15.8,10209,20906,1675,1214,1212,1215,1175,1037,985,701,814,1107,847,590,298,75,56,77,356996000,5113,10670
"G4700810","2000","US","3","6","Tennessee","47","Hickman","081",,,,,"0",,,,,,,,,,,,,"9999","99","9","9999","9999","9",,,,,,,,,"1586420823","470400","Hickman County","A","+35818939","-087445074","06",,,13.0,0,22295,1063,786,708,708,657,591,646,437,429,722,673,378,141,42,81,25,254471200,0,8904
"G4700830","2000","US","3","6","Tennessee","47","Houston","083",,,,,"0",,,,,,,,,,,,,"9999","99","9","9999","9999","9",,,,,,,,,"518542241","17380920","Houston County","A","+36301673","-087735915","06",,,31.3,0,8088,595,265,263,269,221,254,208,163,215,222,214,215,61,12,18,28,91691500,0,3901
"G4700850","2000","US","3","6","Tennessee","47","Humphreys","085",,,,,"0",,,,,,,,,,,,,"9999","99","9","9999","9999","9",,,,,,,,,"1378437182","63460220","Humphreys County","A","+36056817","-087772970","06",,,24.2,3814,14115,840,511,538,584,533,524,508,405,410,663,810,578,141,75,44,67,244006000,1789,6693
"G4700870","2000","US","3","6","Tennessee","47","Jackson","087",,,,,"0",,,,,,,,,,,,,"9999","99","9","9999","9999","9",,,,,,,,,"800005458","27639567","Jackson County","A","+36351232","-085663420","06",,,19.1,0,10984,842,412,447,401,372,340,300,322,235,206,278,148,48,40,30,51,115016300,0,5163
"G4700890","2000","US","3","6","Tennessee","47","Jefferson","089",,,,,"0",,,,,,,,,,,,,"9999","99","9","9999","9999","9",,,,,,,,,"709174558","104927288","Jefferson County","A","+36064176","-083438029","06",,,17.2,10951,33343,2113,1432,1479,1238,1493,1311,1242,1146,982,1634,1379,874,390,180,120,186,579308300,4713,14606
"G4700910","2000","US","3","6","Tennessee","47","Johnson","091",,,,,"0",,,,,,,,,,,,,"9999","99","9","9999","9999","9",,,,,,,,,"773034013","11037687","Johnson County","A","+36427693","-081846600","06",,,14.8,2857,14642,1491,805,686,636,544,488,466,331,221,347,397,245,37,48,55,40,161751100,1393,6486
"G4700930","2000","US","3","6","Tennessee","47","Knox","093",,,,,"0",,,,,,,,,,,,,"3840","99","N","9999","9999","9",,,,,,,,,"1316911987","44863695","Knox County","A","+35973115","-083955932","06",,,12.9,332094,49938,19020,11165,11155,11777,10765,9824,9219,8707,7522,13065,14866,14262,6891,3331,2786,3403,6590618200,150599,20840
"G4700950","2000","US","3","6","Tennessee","47","Lake","095",,,,,"0",,,,,,,,,,,,,"9999","99","9","9999","9999","9",,,,,,,,,"423249002","78677230","Lake County","A","+36333874","-089485338","06",,,24.2,0,7954,479,339,273,251,141,104,169,113,112,167,134,80,19,11,9,6,66518000,0,2716
"G4700970","2000","US","3","6","Tennessee","47","Lauderdale","097",,,,,"0",,,,,,,,,,,,,"9999","99","9","9999","9999","9",,,,,,,,,"1218461978","95018943","Lauderdale County","A","+35786578","-089523729","06",,,15.9,10946,16155,1871,783,653,849,653,639,560,635,585,900,774,327,95,109,77,47,290007700,4693,5870
"G4700990","2000","US","3","6","Tennessee","47","Lawrence","099",,,,,"0",,,,,,,,,,,,,"9999","99","9","9999","9999","9",,,,,,,,,"1598463649","1922536","Lawrence County","A","+35205257","-087375807","06",,,17.8,9987,29939,2218,1294,1315,1398,1394,1376,1046,965,832,1062,1300,772,174,94,141,156,464443700,4865,11956
"G4701010","2000","US","3","6","Tennessee","47","Lewis","101",,,,,"0",,,,,,,,,,,,,"9999","99","9","9999","9999","9",,,,,,,,,"730619975","991041","Lewis County","A","+35534193","-087515191","06",,,14.0,3201,8166,612,384,450,345,359,380,269,275,240,378,356,206,82,9,12,23,126311800,1571,3250
"G4701030","2000","US","3","6","Tennessee","47","Lincoln","103",,,,,"0",,,,,,,,,,,,,"9999","99","9","9999","9999","9",,,,,,,,,"1476900464","1013202","Lincoln County","A","+35136847","-086583271","06",,,15.3,6746,24594,1711,983,967,923,999,933,744,758,608,937,1130,883,490,207,97,167,462313500,3331,10668
"G4701050","2000","US","3","6","Tennessee","47","Loudon","105",,,,,"0",,,,,,,,,,,,,"3840","99","N","9999","9999","9",,,,,,,,,"592800788","47731408","Loudon County","A","+35744899","-084295510","06",,,14.0,19568,19518,1527,1097,987,1010,1273,1066,913,1125,843,1619,1629,1433,619,296,245,272,590764200,8898,8379
"G4701070","2000","US","3","6","Tennessee","47","McMinn","107",,,,,"0",,,,,,,,,,,,,"9999","99","9","9999","9999","9",,,,,,,,,"1114415725","5028646","McMinn County","A","+35416380","-084595909","06",,,15.9,20333,28682,2885,1660,1498,1757,1481,1498,1141,1230,1119,1583,1687,1314,469,152,111,170,640009400,9360,12266
"G4701090","2000","US","3","6","Tennessee","47","McNairy","109",,,,,"0",,,,,,,,,,,,,"9999","99","9","9999","9999","9",,,,,,,,,"1450509586","2054183","McNairy County","A","+35179874","-088550737","06",,,23.5,3875,20778,1721,882,746,837,763,905,629,572,457,790,811,492,153,54,35,122,312210600,1974,9245
"G4701110","2000","US","3","6","Tennessee","47","Macon","111",,,,,"0",,,,,,,,,,,,,"9999","99","9","9999","9999","9",,,,,,,,,"795465239","148587","Macon County","A","+36536006","-086011229","06",,,16.7,3765,16621,1221,750,660,673,683,518,485,434,489,728,539,496,102,28,47,89,247044200,1625,7269
"G4701130","2000","US","3","6","Tennessee","47","Madison","113",,,,,"0",,,,,,,,,,,,,"3580","99","N","9999","9999","9",,,,,,,,,"1442622238","4231501","Madison County","A","+35628652","-088827384","06",,,13.1,65531,26306,4087,2503,2672,2529,2373,2463,2470,2306,1395,3156,3646,2838,1296,588,549,666,1454154400,27532,10673
"G4701150","2000","US","3","6","Tennessee","47","Marion","115",,,,,"0",,,,,,,,,,,,,"1560","99","N","9999","9999","9",,,,,,,,,"1290740760","36149071","Marion County","A","+35101132","-085632573","06",,,23.8,5749,22027,1476,887,914,1063,887,886,807,673,553,944,693,671,265,110,89,116,355862800,2493,9647
"G4701170","2000","US","3","6","Tennessee","47","Marshall","117",,,,,"0",,,,,,,,,,,,,"9999","99","9","9999","9999","9",,,,,,,,,"972165017","1930300","Marshall County","A","+35452551","-086776130","06",,,19.4,9755,17012,1131,591,801,741,710,723,616,611,643,1067,1110,892,362,127,87,77,394690600,4307,6874
"G4701190","2000","US","3","6","Tennessee","47","Maury","119",,,,,"0",,,,,,,,,,,,,"9999","99","9","9999","9999","9",,,,,,,,,"1587311905","6887855","Maury County","A","+35616397","-087064841","06",,,12.5,39174,30324,2554,1574,1745,1664,1657,1891,1561,1646,1469,2578,3033,2717,1309,483,327,303,1131348700,16952,11722
"G4701210","2000","US","3","6","Tennessee","47","Meigs","121",,,,,"0",,,,,,,,,,,,,"9999","99","9","9999","9999","9",,,,,,,,,"504689335","56776487","Meigs County","A","+35524028","-084803792","06",,,19.2,0,11086,675,389,330,439,365,310,264,276,188,365,343,239,49,25,35,12,122467100,0,5188
"G4701230","2000","US","3","6","Tennessee","47","Monroe","123",,,,,"0",,,,,,,,,,,,,"9999","99","9","9999","9999","9",,,,,,,,,"1644404983","45762713","Monroe County","A","+35505831","-084330020","06",,,14.5,8509,30452,2236,1286,1334,1454,1263,1246,1062,927,799,1180,1286,620,321,145,80,85,459681400,3928,13359
"G4701250","2000","US","3","6","Tennessee","47","Montgomery","125",,,,,"0",,,,,,,,,,,,,"1660","99","N","9999","9999","9",,,,,,,,,"1396721745","11829413","Montgomery County","A","+36510616","-087370428","06",,,12.8,100263,34505,4098,2559,3078,3562,4258,3753,3593,3493,2993,5082,4919,3926,1586,562,385,518,1930121400,38885,13282
"G4701270","2000","US","3","6","Tennessee","47","Moore","127",,,,,"0",,,,,,,,,,,,,"9999","99","9","9999","9999","9",,,,,,,,,"334569920","3122226","Moore County","N","+35284299","-086357406","06",,,16.5,0,5740,214,155,165,157,177,190,150,155,81,220,197,172,65,48,24,30,80100100,0,2515
"G4701290","2000","US","3","6","Tennessee","47","Morgan","129",,,,,"0",,,,,,,,,,,,,"9999","99","9","9999","9999","9",,,,,,,,,"1352087688","909345","Morgan County","A","+36121102","-084615432","06",,,20.4,3400,16357,1009,702,681,698,704,555,446,461,305,627,374,282,99,36,19,28,197004700,991,6723
"G4701310","2000","US","3","6","Tennessee","47","Obion","131",,,,,"0",,,,,,,,,,,,,"9999","99","9","9999","9999","9",,,,,,,,,"1411321578","27017696","Obion County","A","+36372090","-089092617","06",,,20.8,13249,19201,1711,1191,1049,1093,985,900,860,818,737,1115,1196,816,329,134,90,147,444563300,6147,8342
"G4701330","2000","US","3","6","Tennessee","47","Overton","133",,,,,"0",,,,,,,,,,,,,"9999","99","9","9999","9999","9",,,,,,,,,"1122451532","3715574","Overton County","A","+36352386","-085303052","06",,,14.4,3149,16969,1334,746,915,714,724,701,459,545,446,615,552,202,82,24,12,41,210931500,1564,7604
"G4701350","2000","US","3","6","Tennessee","47","Perry","135",,,,,"0",,,,,,,,,,,,,"9999","99","9","9999","9999","9",,,,,,,,,"1074570904","20724357","Perry County","A","+35635600","-087868182","06",,,25.1,0,7631,518,273,262,320,212,230,185,205,107,252,160,197,56,18,10,44,94469400,0,4115
"G4701370","2000","US","3","6","Tennessee","47","Pickett","137",,,,,"0",,,,,,,,,,,,,"9999","99","9","9999","9999","9",,,,,,,,,"421955210","30200428","Pickett County","A","+36559853","-085127935","06",,,23.7,0,4945,343,275,189,251,157,150,129,123,70,151,122,53,24,18,14,19,49856800,0,2956
"G4701390","2000","US","3","6","Tennessee","47","Polk","139",,,,,"0",,,,,,,,,,,,,"9999","99","9","9999","9999","9",,,,,,,,,"1126785516","18904940","Polk County","A","+35110672","-084542893","06",,,18.4,0,16050,899,620,565,550,637,407,430,379,378,522,414,336,155,36,71,59,192868800,0,7369
"G4701410","2000","US","3","6","Tennessee","47","Putnam","141",,,,,"0",,,,,,,,,,,,,"9999","99","9","9999","9999","9",,,,,,,,,"1038725139","3894182","Putnam County","A","+36157835","-085495277","06",,,16.0,37816,24499,3602,2136,2270,1845,2176,1776,1640,1766,1075,1854,1813,1534,617,276,210,284,817715000,16574,10342
"G4701430","2000","US","3","6","Tennessee","47","Rhea","143",,,,,"0",,,,,,,,,,,,,"9999","99","9","9999","9999","9",,,,,,,,,"818272166","52968260","Rhea County","A","+35582859","-084939994","06",,,16.6,9108,19292,1657,1056,998,900,890,956,670,620,499,917,891,581,280,128,65,71,333843500,3749,8816
"G4701450","2000","US","3","6","Tennessee","47","Roane","145",,,,,"0",,,,,,,,,,,,,"9999","99","9","9999","9999","9",,,,,,,,,"934946761","88049066","Roane County","A","+35879760","-084526726","06",,,12.5,26088,25822,2901,1824,1573,1658,1539,1559,1173,1320,1093,1721,1834,1636,632,266,184,301,695448800,12138,11231
"G4701470","2000","US","3","6","Tennessee","47","Robertson","147",,,,,"0",,,,,,,,,,,,,"5360","99","N","9999","9999","9",,,,,,,,,"1234053037","525690","Robertson County","A","+36505670","-086850790","06",,,17.0,22979,31454,1654,1078,1150,1193,1251,1442,1252,1428,1113,2105,2540,2189,797,232,233,250,864449200,9096,11899
"G4701490","2000","US","3","6","Tennessee","47","Rutherford","149",,,,,"0",,,,,,,,,,,,,"5360","99","N","9999","9999","9",,,,,,,,,"1602978872","13015399","Rutherford County","A","+35877510","-086441163","06",,,12.3,137004,45019,5067,3301,3493,3675,4226,4362,3849,4124,4121,7402,8728,8015,3314,1149,875,763,3145063300,53731,16885
"G4701510","2000","US","3","6","Tennessee","47","Scott","151",,,,,"0",,,,,,,,,,,,,"9999","99","9","9999","9999","9",,,,,,,,,"1378117192","2914571","Scott County","A","+36438699","-084491600","06",,,19.0,3162,17965,1533,1082,880,729,791,557,536,419,277,488,494,227,76,9,65,58,203604500,1532,7377
"G4701530","2000","US","3","6","Tennessee","47","Sequatchie","153",,,,,"0",,,,,,,,,,,,,"9999","99","9","9999","9999","9",,,,,,,,,"688539063","461441","Sequatchie County","A","+35361862","-085401453","06",,,12.7,0,11370,600,479,357,410,313,346,363,293,206,325,314,258,115,30,30,47,139167800,0,4916
"G4701550","2000","US","3","6","Tennessee","47","Sevier","155",,,,,"0",,,,,,,,,,,,,"3840","99","N","9999","9999","9",,,,,,,,,"1534022656","14103794","Sevier County","A","+35832162","-083543707","06",,,12.5,24887,46283,2914,2000,2234,2542,2347,2322,2084,2141,1587,2744,2331,1658,746,249,278,307,1008868700,11519,25733
"G4701570","2000","US","3","6","Tennessee","47","Shelby","157",,,,,"0",,,,,,,,,,,,,"4920","99","N","9999","9999","9",,,,,,,,,"1954232183","75366890","Shelby County","A","+35133382","-089926902","06",,,12.4,867801,29671,39802,21868,21805,22938,22406,22099,19774,18436,15881,28656,33686,32032,16314,7240,6949,8674,15683122200,351935,11019
"G4701590","2000","US","3","6","Tennessee","47","Smith","159",,,,,"0",,,,,,,,,,,,,"9999","99","9","9999","9999","9",,,,,,,,,"814329060","28324883","Smith County","A","+36242096","-085961527","06",,,22.1,3633,14079,784,575,459,564,409,576,556,380,431,692,660,434,169,79,50,60,244035600,1638,6027
"G4701610","2000","US","3","6","Tennessee","47","Stewart","161",,,,,"0",,,,,,,,,,,,,"9999","99","9","9999","9999","9",,,,,,,,,"1187457841","89913901","Stewart County","A","+36480814","-087814724","06",,,19.3,0,12370,685,328,376,398,382,466,327,314,289,480,489,231,48,80,30,32,145809600,0,5977
"G4701630","2000","US","3","6","Tennessee","47","Sullivan","163",,,,,"0",,,,,,,,,,,,,"3660","99","N","9999","9999","9",,,,,,,,,"1069723523","43163828","Sullivan County","A","+36530363","-082383596","06",,,14.5,112474,40574,8123,5227,5083,4992,4861,4682,4170,3994,3364,4779,5422,4633,1752,876,699,945,2139015000,51594,17458
"G4701650","2000","US","3","6","Tennessee","47","Sumner","165",,,,,"0",,,,,,,,,,,,,"5360","99","N","9999","9999","9",,,,,,,,,"1370885825","35777633","Sumner County","A","+36436444","-086487509","06",,,12.8,90592,39857,3571,2538,2640,3302,2943,3200,2782,2841,2922,5406,5856,5681,2520,1021,846,883,2307998700,36204,15453
"G4701670","2000","US","3","6","Tennessee","47","Tipton","167",,,,,"0",,,,,,,,,,,,,"4920","99","N","9999","9999","9",,,,,,,,,"1189757292","39767396","Tipton County","A","+35493679","-089727926","06",,,17.3,17265,34006,1948,1166,1029,1238,1056,1095,1025,1120,1275,1994,2149,1757,693,246,187,211,746428800,6353,12711
"G4701690","2000","US","3","6","Tennessee","47","Trousdale","169",,,,,"0",,,,,,,,,,,,,"9999","99","9","9999","9999","9",,,,,,,,,"295880604","6227380","Trousdale County","A","+36392007","-086164489","06",,,18.0,0,7259,335,235,263,217,240,186,197,173,158,249,236,189,52,16,12,29,88996600,0,3095
"G4701710","2000","US","3","6","Tennessee","47","Unicoi","171",,,,,"0",,,,,,,,,,,,,"3660","99","N","9999","9999","9",,,,,,,,,"482091114","908243","Unicoi County","A","+36138083","-082407927","06",,,13.2,9580,8087,1012,748,729,644,658,647,471,474,313,714,491,366,141,91,31,14,207700200,4487,3727
"G4701730","2000","US","3","6","Tennessee","47","Union","173",,,,,"0",,,,,,,,,,,,,"3840","99","N","9999","9999","9",,,,,,,,,"579026577","61037419","Union County","A","+36265117","-083814380","06",,,23.8,0,17808,1102,772,633,586,523,466,501,419,348,394,453,245,140,47,24,58,194410200,0,7916
"G4701750","2000","US","3","6","Tennessee","47","Van Buren","175",,,,,"0",,,,,,,,,,,,,"9999","99","9","9999","9999","9",,,,,,,,,"708247711","2942886","Van Buren County","A","+35700568","-085457497","06",,,27.1,0,5508,326,247,185,194,205,132,149,167,73,212,171,46,26,4,5,34,80596900,0,2453
"G4701770","2000","US","3","6","Tennessee","47","Warren","177",,,,,"0",,,,,,,,,,,,,"9999","99","9","9999","9999","9",,,,,,,,,"1120650977","3614257","Warren County","A","+35692650","-085800735","06",,,16.2,14436,23840,2169,1560,1283,1261,1187,847,1064,1027,768,1319,1235,815,307,178,72,124,485766400,6694,9995
"G4701790","2000","US","3","6","Tennessee","47","Washington","179",,,,,"0",,,,,,,,,,,,,"3660","99","N","9999","9999","9",,,,,,,,,"845134281","9046913","Washington County","A","+36319155","-082440070","06",,,12.2,72263,34935,5710,3788,3659,3571,3272,3220,2753,2848,2078,3559,3600,3064,1278,584,512,715,1566277800,32889,14890
"G4701810","2000","US","3","6","Tennessee","47","Wayne","181",,,,,"0",,,,,,,,,,,,,"9999","99","9","9999","9999","9",,,,,,,,,"1900951057","4228819","Wayne County","A","+35235869","-087786997","06",,,21.1,0,16842,876,650,640,595,592,464,418,379,341,319,326,146,49,26,29,59,184536900,0,6701
"G4701830","2000","US","3","6","Tennessee","47","Weakley","183",,,,,"0",,,,,,,,,,,,,"9999","99","9","9999","9999","9",,,,,,,,,"1502680635","4208541","Weakley County","A","+36290220","-088736512","06",,,17.5,10031,24864,2260,1265,1082,997,1212,901,837,870,620,1323,1097,649,260,54,108,100,413060900,3943,10985
"G4701850","2000","US","3","6","Tennessee","47","White","185",,,,,"0",,,,,,,,,,,,,"9999","99","9","9999","9999","9",,,,,,,,,"975342841","7261851","White County","A","+35929676","-085478170","06",,,16.8,4080,19022,1263,942,863,817,820,731,613,597,448,755,589,461,151,67,46,57,263195400,1941,8250
"G4701870","2000","US","3","6","Tennessee","47","Williamson","187",,,,,"0",,,,,,,,,,,,,"5360","99","N","9999","9999","9",,,,,,,,,"1509137258","2434473","Williamson County","A","+35911095","-086883433","06",,,12.5,89512,37126,1785,1341,1240,1421,1826,2051,1961,2080,1947,3618,5100,6937,4703,2790,2777,3247,3582743700,33304,13701
"G4701890","2000","US","3","6","Tennessee","47","Wilson","189",,,,,"0",,,,,,,,,,,,,"5360","99","N","9999","9999","9",,,,,,,,,"1477778414","32710334","Wilson County","A","+36175839","-086336618","06",,,14.3,47868,40941,2128,1323,1624,1866,1832,1716,1815,2068,1993,3318,4585,4500,1959,944,667,504,1716187800,18884,16037
"G4800010","2000","US","3","7","Texas","48","Anderson","001",,,,,"0",,,,,,,,,,,,,"9999","99","9","9999","9999","9",,,,,,,,,"2773343426","18544033","Anderson County","A","+31797532","-095629860","06",,,15.7,32375,22734,2279,1344,1233,1318,1210,1242,1031,859,829,1384,1178,1074,255,165,101,171,573538200,7978,10458
"G4800030","2000","US","3","7","Texas","48","Andrews","003",,,,,"0",,,,,,,,,,,,,"9999","99","9","9999","9999","9",,,,,,,,,"3886634507","922340","Andrews County","A","+32338622","-102586277","06",,,13.5,10515,2489,616,284,333,468,281,391,374,305,264,453,378,232,98,15,59,43,143362500,4381,1019
"G4800050","2000","US","3","7","Texas","48","Angelina","005",,,,,"0",,,,,,,,,,,,,"9999","99","9","9999","9999","9",,,,,,,,,"2076029951","162881123","Angelina County","A","+31287916","-094670546","06",,,14.9,44289,35841,3431,2413,2394,2261,2185,2096,2018,1669,1529,2674,2432,1930,828,359,221,303,1017004100,17221,15214
"G4800070","2000","US","3","7","Texas","48","Aransas","007",,,,,"0",,,,,,,,,,,,,"9999","99","9","9999","9999","9",,,,,,,,,"652313340","715072002","Aransas County","A","+28047744","-097048186","06",,,16.3,14884,7613,1301,941,719,754,750,692,481,492,366,789,576,625,338,74,145,134,262694100,8646,4202
"G4800090","2000","US","3","7","Texas","48","Archer","009",,,,,"0",,,,,,,,,,,,,"9080","99","N","9999","9999","9",,,,,,,,,"2356107466","41663577","Archer County","A","+33651259","-098694197","06",,,40.8,994,7860,319,213,242,275,221,251,217,226,154,357,329,310,99,31,32,74,132611200,371,3500
"G4800110","2000","US","3","7","Texas","48","Armstrong","011",,,,,"0",,,,,,,,,,,,,"9999","99","9","9999","9999","9",,,,,,,,,"2366296248","459042","Armstrong County","A","+35006834","-101371120","06",,,44.2,0,2148,72,61,63,61,73,35,59,56,51,62,88,77,31,10,8,2,27818400,0,920
"G4800130","2000","US","3","7","Texas","48","Atascosa","013",,,,,"0",,,,,,,,,,,,,"9999","99","9","9999","9999","9",,,,,,,,,"3191176671","9050001","Atascosa County","A","+28927933","-098529375","06",,,17.8,15293,23335,1806,1117,1097,886,996,786,863,902,675,1210,1041,733,379,97,92,148,444587400,5642,9241
"G4800150","2000","US","3","7","Texas","48","Austin","015",,,,,"0",,,,,,,,,,,,,"9999","99","9","9999","9999","9",,,,,,,,,"1690208664","9794326","Austin County","A","+29853909","-096239441","06",,,18.3,8766,14824,937,546,562,617,659,543,658,530,393,844,936,778,359,172,111,91,334009700,3506,6699
"G4800170","2000","US","3","7","Texas","48","Bailey","017",,,,,"0",,,,,,,,,,,,,"9999","99","9","9999","9999","9",,,,,,,,,"2141120935","1773619","Bailey County","A","+34110864","-102816791","06",,,15.2,4197,2397,331,220,241,249,172,250,89,135,114,199,113,138,32,17,27,10,63928300,1717,1021
"G4800190","2000","US","3","7","Texas","48","Bandera","019",,,,,"0",,,,,,,,,,,,,"9999","99","9","9999","9999","9",,,,,,,,,"2050562205","15046196","Bandera County","A","+29722297","-099117920","06",,,22.2,0,17645,679,515,530,466,481,527,390,332,455,676,689,753,271,95,88,105,256855500,0,9503
"G4800210","2000","US","3","7","Texas","48","Bastrop","021",,,,,"0",,,,,,,,,,,,,"0640","99","N","9999","9999","9",,,,,,,,,"2300815542","19593718","Bastrop County","A","+30125929","-097295639","06",,,12.8,19020,38713,1860,1150,1170,1257,1148,1318,1194,1172,1157,2033,2704,2118,935,346,313,192,850479900,6713,15541
"G4800230","2000","US","3","7","Texas","48","Baylor","023",,,,,"0",,,,,,,,,,,,,"9999","99","9","9999","9999","9",,,,,,,,,"2255291906","78322299","Baylor County","A","+33605154","-099253921","06",,,16.3,2741,1352,321,239,156,190,126,132,116,105,62,126,84,76,25,12,0,19,42012100,1401,1419
"G4800250","2000","US","3","7","Texas","48","Bee","025",,,,,"0",,,,,,,,,,,,,"9999","99","9","9999","9999","9",,,,,,,,,"2279560638","441064","Bee County","A","+28411702","-097746289","06",,,14.0,22448,9911,1523,884,892,656,769,629,541,530,562,759,594,441,169,25,48,49,268256800,6396,4543
"G4800270","2000","US","3","7","Texas","48","Bell","027",,,,,"0",,,,,,,,,,,,,"3810","99","N","9999","9999","9",,,,,,,,,"2744659040","73058960","Bell County","A","+31075540","-097520327","06",,,14.2,194107,43867,7316,5416,5957,7110,7411,6961,6243,5614,4876,7862,8062,7000,2491,1164,840,1059,3299988900,75551,17231
"G4800290","2000","US","3","7","Texas","48","Bexar","029",,,,,"0",,,,,,,,,,,,,"7240","99","N","9999","9999","9",,,,,,,,,"3229259925","25479822","Bexar County","A","+29453231","-098508944","06",,,13.0,1310038,82893,50531,31980,34888,35876,34675,35497,30301,28690,25437,43666,46952,42507,21810,9603,8298,8541,20358061800,491078,30281
"G4800310","2000","US","3","7","Texas","48","Blanco","031",,,,,"0",,,,,,,,,,,,,"9999","99","9","9999","9999","9",,,,,,,,,"1842110782","5606187","Blanco County","A","+30241560","-098381913","06",,,31.8,0,8418,340,263,217,230,222,191,218,241,170,325,292,290,162,50,53,48,126461800,0,4031
"G4800330","2000","US","3","7","Texas","48","Borden","033",,,,,"0",,,,,,,,,,,,,"9999","99","9","9999","9999","9",,,,,,,,,"2327869219","18764214","Borden County","A","+32724363","-101435736","06",,,38.0,0,729,29,30,26,41,24,16,11,11,6,38,16,17,17,2,2,7,9647500,0,435
"G4800350","2000","US","3","7","Texas","48","Bosque","035",,,,,"0",,,,,,,,,,,,,"9999","99","9","9999","9999","9",,,,,,,,,"2561952063","34851287","Bosque County","A","+31888946","-097611770","06",,,29.7,3588,13616,885,477,572,505,543,438,460,423,352,595,598,449,195,76,83,60,211200000,1429,7215
"G4800370","2000","US","3","7","Texas","48","Bowie","037",,,,,"0",,,,,,,,,,,,,"8360","99","N","9999","9999","9",,,,,,,,,"2299568076","90399498","Bowie County","A","+33438070","-094250198","06",,,17.6,59621,29685,4616,2946,2718,2672,2266,2051,1939,1884,1572,2972,2747,2535,977,372,302,483,1185863500,24103,12360
"G4800390","2000","US","3","7","Texas","48","Brazoria","039",,,,,"0",,,,,,,,,,,,,"3362","42","N","1145","9999","9",,,,,,,,,"3590763752","546579181","Brazoria County","A","+29206445","-095398059","06",,,16.2,173135,68632,5975,4246,4469,4717,4760,4695,4803,4304,4092,7757,10006,11052,5728,2507,1826,1083,4112397000,65824,24804
"G4800410","2000","US","3","7","Texas","48","Brazos","041",,,,,"0",,,,,,,,,,,,,"1260","99","N","9999","9999","9",,,,,,,,,"1517162791","11689911","Brazos County","A","+30634948","-096341985","06",,,11.6,132839,19576,11134,5171,4538,4065,3203,2997,2627,2437,2214,3591,4457,4177,1856,918,882,921,2038621600,51655,7368
"G4800430","2000","US","3","7","Texas","48","Brewster","043",,,,,"0",,,,,,,,,,,,,"9999","99","9","9999","9999","9",,,,,,,,,"16038773182","455916","Brewster County","A","+29994131","-103402219","06",,,14.7,5893,2973,641,356,326,368,332,274,197,158,134,296,246,190,59,67,7,23,101480100,2943,1671
"G4800450","2000","US","3","7","Texas","48","Briscoe","045",,,,,"0",,,,,,,,,,,,,"9999","99","9","9999","9999","9",,,,,,,,,"2331647724","3454102","Briscoe County","A","+34481168","-101273099","06",,,48.5,0,1790,98,84,64,56,59,63,49,39,39,61,52,31,19,2,2,3,19452500,0,1006
"G4800470","2000","US","3","7","Texas","48","Brooks","047",,,,,"0",,,,,,,,,,,,,"9999","99","9","9999","9999","9",,,,,,,,,"2443078612","848053","Brooks County","A","+27099427","-098207438","06",,,11.6,5815,2161,836,324,281,176,200,138,142,88,67,194,143,47,42,5,9,28,55201000,2289,914
"G4800490","2000","US","3","7","Texas","48","Brown","049",,,,,"0",,,,,,,,,,,,,"9999","99","9","9999","9999","9",,,,,,,,,"2444567475","33886597","Brown County","A","+31772058","-098998706","06",,,22.2,21976,15698,2181,1374,1172,1080,1139,1047,865,877,624,1277,1139,868,324,164,103,110,422582100,9502,8387
"G4800510","2000","US","3","7","Texas","48","Burleson","051",,,,,"0",,,,,,,,,,,,,"9999","99","9","9999","9999","9",,,,,,,,,"1723751692","31697254","Burleson County","A","+30443577","-096615530","06",,,22.3,2660,13810,828,507,575,501,524,415,454,408,325,494,519,464,182,56,48,62,185349700,1205,6992
"G4800530","2000","US","3","7","Texas","48","Burnet","053",,,,,"0",,,,,,,,,,,,,"9999","99","9","9999","9999","9",,,,,,,,,"2579719178","64564368","Burnet County","A","+30717671","-098224509","06",,,22.6,15480,18667,1130,994,1033,993,967,1058,741,871,665,1197,1259,1138,466,252,233,153,448846100,7329,8604
"G4800550","2000","US","3","7","Texas","48","Caldwell","055",,,,,"0",,,,,,,,,,,,,"0640","99","N","9999","9999","9",,,,,,,,,"1413424439","4364136","Caldwell County","A","+29815078","-097668672","06",,,18.4,17443,14751,1104,758,720,935,738,851,774,730,654,999,1030,880,325,114,82,83,388858000,6120,5781
"G4800570","2000","US","3","7","Texas","48","Calhoun","057",,,,,"0",,,,,,,,,,,,,"9999","99","9","9999","9999","9",,,,,,,,,"1326887971","1346383879","Calhoun County","A","+28536332","-096620489","06",,,19.0,12015,8632,853,632,523,659,512,450,531,407,348,676,745,629,208,123,64,74,272349100,4777,5461
"G4800590","2000","US","3","7","Texas","48","Callahan","059",,,,,"0",,,,,,,,,,,,,"9999","99","9","9999","9999","9",,,,,,,,,"2327410648","6839969","Callahan County","A","+32326246","-099371147","06",,,28.0,3397,9508,565,547,416,391,379,470,405,342,191,475,418,269,112,37,28,20,143682900,1478,4447
"G4800610","2000","US","3","7","Texas","48","Cameron","061",,,,,"0",,,,,,,,,,,,,"1240","99","N","9999","9999","9",,,,,,,,,"2345898976","959791354","Cameron County","A","+26082987","-097557442","06",,,14.9,292814,42413,18395,10419,9048,8790,7400,6453,5715,4668,3884,6696,5900,5147,2119,986,597,976,2834710400,104732,14922
"G4800630","2000","US","3","7","Texas","48","Camp","063",,,,,"0",,,,,,,,,,,,,"9999","99","9","9999","9999","9",,,,,,,,,"511550919","14728248","Camp County","A","+32983837","-095000064","06",,,14.2,4597,6952,571,427,486,326,279,369,303,279,211,342,286,172,183,29,19,72,141529200,1870,3358
"G4800650","2000","US","3","7","Texas","48","Carson","065",,,,,"0",,,,,,,,,,,,,"9999","99","9","9999","9999","9",,,,,,,,,"2391053170","2350480","Carson County","A","+35406697","-101266152","06",,,33.7,233,6283,181,156,173,161,185,187,185,194,100,273,283,246,74,32,21,31,101011800,82,2733
"G4800670","2000","US","3","7","Texas","48","Cass","067",,,,,"0",,,,,,,,,,,,,"9999","99","9","9999","9999","9",,,,,,,,,"2427732541","59551467","Cass County","A","+33077180","-094323065","06",,,25.3,5705,24733,2111,1275,953,1036,1031,743,795,741,515,956,829,712,212,77,95,105,345380000,2527,11363
"G4800690","2000","US","3","7","Texas","48","Castro","069",,,,,"0",,,,,,,,,,,,,"9999","99","9","9999","9999","9",,,,,,,,,"2326622504","2601240","Castro County","A","+34529907","-102282176","06",,,26.1,4297,3988,350,222,260,292,234,175,203,200,157,196,177,119,89,43,22,28,91506000,1681,1517
"G4800710","2000","US","3","7","Texas","48","Chambers","071",,,,,"0",,,,,,,,,,,,,"3362","42","N","3360","9999","9",,,,,,,,,"1552215787","706235748","Chambers County","A","+29751647","-094677905","06",,,25.5,9322,16709,752,583,477,502,453,483,460,529,564,742,1157,1269,711,216,160,79,430941100,3495,6841
"G4800730","2000","US","3","7","Texas","48","Cherokee","073",,,,,"0",,,,,,,,,,,,,"9999","99","9","9999","9999","9",,,,,,,,,"2725225009","25168053","Cherokee County","A","+31894757","-095189924","06",,,18.3,18215,28444,2339,1509,1599,1608,1468,1125,1224,996,746,1182,1302,828,311,131,173,117,484698600,6612,12561
"G4800750","2000","US","3","7","Texas","48","Childress","075",,,,,"0",,,,,,,,,,,,,"9999","99","9","9999","9999","9",,,,,,,,,"1839768464","8475840","Childress County","A","+34473131","-100205852","06",,,10.8,5105,2583,337,273,276,215,214,148,161,137,151,212,198,98,20,14,17,14,64699700,2447,612
"G4800770","2000","US","3","7","Texas","48","Clay","077",,,,,"0",,,,,,,,,,,,,"9999","99","9","9999","9999","9",,,,,,,,,"2843334012","47545451","Clay County","A","+33774574","-098191211","06",,,33.4,2966,8040,405,380,307,337,365,325,299,341,249,439,376,307,113,56,15,22,137941400,1295,3697
"G4800790","2000","US","3","7","Texas","48","Cochran","079",,,,,"0",,,,,,,,,,,,,"9999","99","9","9999","9999","9",,,,,,,,,"2007810505","227238","Cochran County","A","+33654603","-102787951","06",,,30.9,0,3730,199,147,110,135,116,88,105,57,72,91,78,46,36,6,17,12,35942500,0,1587
"G4800810","2000","US","3","7","Texas","48","Coke","081",,,,,"0",,,,,,,,,,,,,"9999","99","9","9999","9999","9",,,,,,,,,"2327904117","75539344","Coke County","A","+31899560","-100505527","06",,,41.9,0,3864,206,171,152,146,120,104,82,87,77,100,102,99,45,16,14,17,38908400,0,2843
"G4800830","2000","US","3","7","Texas","48","Coleman","083",,,,,"0",,,,,,,,,,,,,"9999","99","9","9999","9999","9",,,,,,,,,"3263911556","55039215","Coleman County","A","+31823600","-099441661","06",,,25.4,4669,4566,697,455,364,383,318,282,253,180,209,191,228,133,84,64,4,44,88258200,2391,2857
"G4800850","2000","US","3","7","Texas","48","Collin","085",,,,,"0",,,,,,,,,,,,,"1922","31","N","1920","9999","9",,,,,,,,,"2195162704","99169125","Collin County","A","+33129610","-096646461","06",,,15.4,441988,49687,5517,4508,4645,6105,7237,7858,8094,8103,7292,14904,22907,29620,20977,11555,11488,11435,14891887100,176046,18846
"G4800870","2000","US","3","7","Texas","48","Collingsworth","087",,,,,"0",,,,,,,,,,,,,"9999","99","9","9999","9999","9",,,,,,,,,"2379671034","1663570","Collingsworth County","A","+34925649","-100240282","06",,,27.9,0,3206,236,115,132,152,90,105,66,76,29,68,89,60,36,16,13,8,33826300,0,1723
"G4800890","2000","US","3","7","Texas","48","Colorado","089",,,,,"0",,,,,,,,,,,,,"9999","99","9","9999","9999","9",,,,,,,,,"2494029601","27567896","Colorado County","A","+29639363","-096540482","06",,,16.3,8067,12323,1083,753,633,520,565,496,412,368,381,710,688,525,159,118,88,125,250308900,3376,6055
"G4800910","2000","US","3","7","Texas","48","Comal","091",,,,,"0",,,,,,,,,,,,,"7240","99","N","9999","9999","9",,,,,,,,,"1454137641","34054096","Comal County","A","+29779384","-098227555","06",,,13.3,44457,33564,1920,1573,1580,1709,1734,2090,1819,1672,1748,2833,3465,3345,1551,767,712,556,1257438500,18506,14212
"G4800930","2000","US","3","7","Texas","48","Comanche","093",,,,,"0",,,,,,,,,,,,,"9999","99","9","9999","9999","9",,,,,,,,,"2428607647","25845755","Comanche County","A","+31972345","-098562313","06",,,23.3,4203,9823,870,601,555,475,366,410,368,313,272,465,376,223,122,34,11,47,149311300,1780,5325
"G4800950","2000","US","3","7","Texas","48","Concho","095",,,,,"0",,,,,,,,,,,,,"9999","99","9","9999","9999","9",,,,,,,,,"2567856416","5775933","Concho County","A","+31335322","-099877729","06",,,34.9,0,3966,127,98,116,64,90,100,52,53,62,86,84,57,14,13,14,23,45661400,0,1488
"G4800970","2000","US","3","7","Texas","48","Cooke","097",,,,,"0",,,,,,,,,,,,,"9999","99","9","9999","9999","9",,,,,,,,,"2262704690","65191679","Cooke County","A","+33621744","-097168280","06",,,24.6,15407,20956,1580,909,1018,965,874,965,900,892,683,1273,1347,1250,541,148,113,191,485912000,6253,8808
"G4800990","2000","US","3","7","Texas","48","Coryell","099",,,,,"0",,,,,,,,,,,,,"3810","99","N","9999","9999","9",,,,,,,,,"2724057814","12870627","Coryell County","A","+31307241","-097808561","06",,,13.6,61855,13123,1302,1192,1585,1764,1833,1895,1588,1490,1209,2071,1743,1385,448,153,166,131,905513400,16656,5120
"G4801010","2000","US","3","7","Texas","48","Cottle","101",,,,,"0",,,,,,,,,,,,,"9999","99","9","9999","9999","9",,,,,,,,,"2334040035","1077637","Cottle County","A","+34057594","-100261784","06",,,49.1,0,1904,161,87,74,83,52,64,55,50,22,65,47,30,13,8,0,9,20219900,0,1088
"G4801030","2000","US","3","7","Texas","48","Crane","103",,,,,"0",,,,,,,,,,,,,"9999","99","9","9999","9999","9",,,,,,,,,"2034584640","74934","Crane County","A","+31440275","-102452072","06",,,22.4,3581,415,162,119,112,141,68,129,100,66,51,84,173,58,78,3,4,14,46503700,1445,151
"G4801050","2000","US","3","7","Texas","48","Crockett","105",,,,,"0",,,,,,,,,,,,,"9999","99","9","9999","9999","9",,,,,,,,,"7271173627","32084","Crockett County","A","+30743945","-101355755","06",,,15.3,3028,1071,200,154,116,195,112,108,27,90,108,142,117,95,23,21,0,14,43677400,1314,735
"G4801070","2000","US","3","7","Texas","48","Crosby","107",,,,,"0",,,,,,,,,,,,,"9999","99","9","9999","9999","9",,,,,,,,,"2329728013","5632728","Crosby County","A","+33623819","-101316162","06",,,36.9,0,7072,475,273,258,226,193,193,132,157,112,121,141,103,58,13,29,36,80477500,0,3202
"G4801090","2000","US","3","7","Texas","48","Culberson","109",,,,,"0",,,,,,,,,,,,,"9999","99","9","9999","9999","9",,,,,,,,,"9874227547","635398","Culberson County","A","+31307922","-104580325","06",,,41.9,0,2975,196,141,88,87,97,80,62,63,55,73,61,39,4,5,6,3,29122900,0,1321
"G4801110","2000","US","3","7","Texas","48","Dallam","111",,,,,"0",,,,,,,,,,,,,"9999","99","9","9999","9999","9",,,,,,,,,"3897138301","1460688","Dallam County","A","+36192362","-102664932","06",,,20.8,4605,1617,362,184,220,238,238,182,139,140,126,173,155,73,35,17,29,12,72636300,1972,725
"G4801130","2000","US","3","7","Texas","48","Dallas","113",,,,,"0",,,,,,,,,,,,,"1922","31","N","1920","9999","9",,,,,,,,,"2278150680","75003602","Dallas County","A","+32803579","-096788828","06",,,12.8,2198761,20138,65814,40390,46241,53701,56190,55678,51167,47524,40776,72746,84715,82656,42896,20966,20655,26153,42932422500,846514,7605
"G4801150","2000","US","3","7","Texas","48","Dawson","115",,,,,"0",,,,,,,,,,,,,"9999","99","9","9999","9999","9",,,,,,,,,"2336328079","155200","Dawson County","A","+32743319","-101938360","06",,,15.7,12290,2695,648,446,519,445,436,362,255,289,231,285,283,229,76,70,44,78,154972000,4327,1173
"G4801170","2000","US","3","7","Texas","48","Deaf Smith","117",,,,,"0",,,,,,,,,,,,,"9999","99","9","9999","9999","9",,,,,,,,,"3878080036","2393828","Deaf Smith County","A","+34895916","-102501627","06",,,16.2,15294,3267,907,582,481,554,599,501,460,326,275,431,447,318,135,37,24,78,192230400,5570,1344
"G4801190","2000","US","3","7","Texas","48","Delta","119",,,,,"0",,,,,,,,,,,,,"9999","99","9","9999","9999","9",,,,,,,,,"717621515","2179681","Delta County","A","+33388817","-095710045","06",,,21.4,0,5327,329,195,222,155,161,110,154,117,89,172,171,139,37,11,25,8,57074100,0,2410
"G4801210","2000","US","3","7","Texas","48","Denton","121",,,,,"0",,,,,,,,,,,,,"1922","31","N","1920","9999","9",,,,,,,,,"2301298150","179596965","Denton County","A","+33134638","-097059692","06",,,17.1,383057,49919,8313,5574,5570,7407,7658,8548,8384,8094,7156,15023,19434,23440,14736,7661,6507,5557,10495088300,149216,18853
"G4801230","2000","US","3","7","Texas","48","Dewitt","123",,,,,"0",,,,,,,,,,,,,"9999","99","9","9999","9999","9",,,,,,,,,"2354769327","3340199","DeWitt County","A","+29091822","-097332888","06",,,20.5,9442,10571,1143,768,603,558,724,558,333,465,231,578,492,412,191,71,36,71,206511300,3535,5221
"G4801250","2000","US","3","7","Texas","48","Dickens","125",,,,,"0",,,,,,,,,,,,,"9999","99","9","9999","9999","9",,,,,,,,,"2341888243","2600116","Dickens County","A","+33591236","-100816700","06",,,34.7,0,2762,174,108,121,74,68,98,49,56,30,79,56,35,14,4,3,8,22943900,0,1368
"G4801270","2000","US","3","7","Texas","48","Dimmit","127",,,,,"0",,,,,,,,,,,,,"9999","99","9","9999","9999","9",,,,,,,,,"3447043984","9251938","Dimmit County","A","+28462555","-099754829","06",,,20.3,6400,3848,753,470,311,280,312,212,144,158,172,140,174,154,0,2,7,9,80903200,2355,1757
"G4801290","2000","US","3","7","Texas","48","Donley","129",,,,,"0",,,,,,,,,,,,,"9999","99","9","9999","9999","9",,,,,,,,,"2408096470","8483533","Donley County","A","+34977385","-100814595","06",,,38.6,0,3828,247,143,145,134,124,110,102,116,73,106,97,86,40,11,4,17,39530600,0,2378
"G4801310","2000","US","3","7","Texas","48","Duval","131",,,,,"0",,,,,,,,,,,,,"9999","99","9","9999","9999","9",,,,,,,,,"4643087506","7686162","Duval County","A","+27712895","-098514443","06",,,24.5,6797,6323,954,532,445,449,323,242,175,212,181,272,283,130,68,32,9,44,111379600,2690,2853
"G4801330","2000","US","3","7","Texas","48","Eastland","133",,,,,"0",,,,,,,,,,,,,"9999","99","9","9999","9999","9",,,,,,,,,"2398365878","15251973","Eastland County","A","+32349233","-098821041","06",,,22.6,7494,10803,1236,916,538,687,676,558,509,399,286,439,411,353,111,72,84,49,188227800,3365,6182
"G4801350","2000","US","3","7","Texas","48","Ector","135",,,,,"0",,,,,,,,,,,,,"5800","99","N","9999","9999","9",,,,,,,,,"2333725529","1618368","Ector County","A","+31867206","-102434820","06",,,13.5,109969,11154,6114,3874,3676,3819,3442,3399,3032,2817,1898,3618,3272,2560,977,492,283,533,1467942500,45611,3889
"G4801370","2000","US","3","7","Texas","48","Edwards","137",,,,,"0",,,,,,,,,,,,,"9999","99","9","9999","9999","9",,,,,,,,,"5490139198","496681","Edwards County","A","+30025625","-100248440","06",,,46.4,0,2162,146,94,93,64,60,64,36,34,33,67,41,44,16,2,3,7,17777900,0,1217
"G4801390","2000","US","3","7","Texas","48","Ellis","139",,,,,"0",,,,,,,,,,,,,"1922","31","N","1920","9999","9",,,,,,,,,"2434362808","30437957","Ellis County","A","+32391428","-096798436","06",,,16.3,65642,45718,2326,1871,1871,1901,1964,2080,2168,2163,2007,4131,5035,4961,2163,984,738,693,1913767300,22927,16144
"G4801410","2000","US","3","7","Texas","48","El Paso","141",,,,,"0",,,,,,,,,,,,,"2320","99","N","9999","9999","9",,,,,,,,,"2623932741","4064344","El Paso County","A","+31770159","-106351813","06",,,13.1,659504,20118,29027,19130,18820,17965,16527,14900,12857,11861,9878,16027,16113,13634,6101,2537,2051,2606,7315779000,217618,6829
"G4801430","2000","US","3","7","Texas","48","Erath","143",,,,,"0",,,,,,,,,,,,,"9999","99","9","9999","9999","9",,,,,,,,,"2813575524","8989076","Erath County","A","+32213540","-098233081","06",,,16.8,18732,14269,1744,1125,1191,1061,1013,907,966,544,500,985,858,793,464,149,116,151,422371200,8164,6258
"G4801450","2000","US","3","7","Texas","48","Falls","145",,,,,"0",,,,,,,,,,,,,"9999","99","9","9999","9999","9",,,,,,,,,"1991935318","12215375","Falls County","A","+31265510","-096963672","06",,,25.1,7914,10662,1267,707,593,535,453,405,453,359,224,463,463,329,129,37,32,69,179775400,2813,4845
"G4801470","2000","US","3","7","Texas","48","Fannin","147",,,,,"0",,,,,,,,,,,,,"9999","99","9","9999","9999","9",,,,,,,,,"2308852674","19963433","Fannin County","A","+33558351","-096151034","06",,,29.8,9684,21558,1548,888,826,847,800,695,729,655,601,1029,1047,860,263,124,88,105,382784400,3136,9751
"G4801490","2000","US","3","7","Texas","48","Fayette","149",,,,,"0",,,,,,,,,,,,,"9999","99","9","9999","9999","9",,,,,,,,,"2460557007","25418039","Fayette County","A","+29852995","-096917342","06",,,22.8,7868,13936,1127,700,742,693,584,574,578,429,582,749,751,627,289,137,85,110,281348100,3552,7561
"G4801510","2000","US","3","7","Texas","48","Fisher","151",,,,,"0",,,,,,,,,,,,,"9999","99","9","9999","9999","9",,,,,,,,,"2333995197","1504872","Fisher County","A","+32766103","-100401882","06",,,40.5,0,4344,268,211,185,143,141,125,97,117,79,136,154,76,23,14,16,8,45891300,0,2277
"G4801530","2000","US","3","7","Texas","48","Floyd","153",,,,,"0",,,,,,,,,,,,,"9999","99","9","9999","9999","9",,,,,,,,,"2569758750","821362","Floyd County","A","+34100705","-101349336","06",,,24.5,3858,3913,459,226,271,295,237,167,138,139,68,174,208,180,85,38,26,22,85770600,1532,1689
"G4801550","2000","US","3","7","Texas","48","Foard","155",,,,,"0",,,,,,,,,,,,,"9999","99","9","9999","9999","9",,,,,,,,,"1830285768","2621410","Foard County","A","+33985936","-099759285","06",,,44.9,0,1622,117,63,88,60,43,61,57,28,28,39,39,25,4,4,9,4,17506600,0,850
"G4801570","2000","US","3","7","Texas","48","Fort Bend","157",,,,,"0",,,,,,,,,,,,,"3362","42","N","3360","9999","9",,,,,,,,,"2265308727","29542912","Fort Bend County","A","+29579191","-095694377","06",,,14.0,318799,35653,4695,3416,3783,4267,4742,5582,4864,5347,4848,10144,13751,17416,11256,6408,5737,4908,7935516800,103621,12370
"G4801590","2000","US","3","7","Texas","48","Franklin","159",,,,,"0",,,,,,,,,,,,,"9999","99","9","9999","9999","9",,,,,,,,,"739849574","23608885","Franklin County","A","+33097244","-095209857","06",,,24.8,591,8867,437,363,305,334,314,258,285,249,186,263,262,184,126,74,61,38,119772200,265,4867
"G4801610","2000","US","3","7","Texas","48","Freestone","161",,,,,"0",,,,,,,,,,,,,"9999","99","9","9999","9999","9",,,,,,,,,"2272530826","38085466","Freestone County","A","+31709067","-096190755","06",,,22.0,7391,10476,896,669,594,490,528,385,354,339,276,603,661,469,157,76,30,61,209949500,2726,5412
"G4801630","2000","US","3","7","Texas","48","Frio","163",,,,,"0",,,,,,,,,,,,,"9999","99","9","9999","9999","9",,,,,,,,,"2934513897","3266120","Frio County","A","+28883233","-099111941","06",,,15.0,12277,3975,1002,493,474,433,397,296,297,285,189,357,160,191,68,28,32,27,212935300,3976,1684
"G4801650","2000","US","3","7","Texas","48","Gaines","165",,,,,"0",,,,,,,,,,,,,"9999","99","9","9999","9999","9",,,,,,,,,"3891069648","1270535","Gaines County","A","+32776734","-102665852","06",,,22.3,5997,8470,659,370,420,495,376,362,290,255,305,309,368,240,114,27,72,35,153052000,2353,3057
"G4801670","2000","US","3","7","Texas","48","Galveston","167",,,,,"0",,,,,,,,,,,,,"3362","42","N","2920","9999","9",,,,,,,,,"1032033925","1228838493","Galveston County","A","+29388483","-094938775","06",,,14.8,229164,20994,9598,6360,5913,5988,5729,5824,5334,4632,4366,7747,9710,11335,5934,2594,1875,1901,4426339100,96763,14970
"G4801690","2000","US","3","7","Texas","48","Garza","169",,,,,"0",,,,,,,,,,,,,"9999","99","9","9999","9999","9",,,,,,,,,"2319490709","1620915","Garza County","A","+33179890","-101325381","06",,,13.2,3133,1739,327,158,135,133,155,173,87,117,48,96,100,69,43,34,0,11,45068200,1198,730
"G4801710","2000","US","3","7","Texas","48","Gillespie","171",,,,,"0",,,,,,,,,,,,,"9999","99","9","9999","9999","9",,,,,,,,,"2748138559","1087810","Gillespie County","A","+30280825","-098926328","06",,,15.8,9556,11258,778,523,608,689,663,584,644,547,641,777,735,661,246,116,159,141,266640000,4369,5533
"G4801730","2000","US","3","7","Texas","48","Glasscock","173",,,,,"0",,,,,,,,,,,,,"9999","99","9","9999","9999","9",,,,,,,,,"2332919483","479504","Glasscock County","A","+31855233","-101544680","06",,,47.6,0,1406,37,41,42,37,24,50,25,24,31,37,49,29,16,4,4,23,20937900,0,660
"G4801750","2000","US","3","7","Texas","48","Goliad","175",,,,,"0",,,,,,,,,,,,,"9999","99","9","9999","9999","9",,,,,,,,,"2210601524","15096180","Goliad County","A","+28685146","-097398036","06",,,24.9,0,6928,275,241,262,235,162,175,179,182,101,223,234,217,69,31,22,30,78339700,0,3426
"G4801770","2000","US","3","7","Texas","48","Gonzales","177",,,,,"0",,,,,,,,,,,,,"9999","99","9","9999","9999","9",,,,,,,,,"2765459447","5370804","Gonzales County","A","+29456893","-097508463","06",,,21.5,6868,11760,1056,653,641,653,561,499,414,304,295,491,539,385,167,38,49,58,193883100,2805,5389
"G4801790","2000","US","3","7","Texas","48","Gray","179",,,,,"0",,,,,,,,,,,,,"9999","99","9","9999","9999","9",,,,,,,,,"2404226608","2517095","Gray County","A","+35437533","-100856145","06",,,16.7,17986,4758,1208,784,721,753,702,639,572,548,458,583,701,581,280,121,58,80,269754400,8766,1801
"G4801810","2000","US","3","7","Texas","48","Grayson","181",,,,,"0",,,,,,,,,,,,,"7640","99","N","9999","9999","9",,,,,,,,,"2417785952","118311716","Grayson County","A","+33652301","-096640478","06",,,18.4,59356,51239,4407,3311,3043,3559,2884,2760,2825,2580,2262,3956,4137,3908,1601,534,479,588,1579418500,26023,22292
"G4801830","2000","US","3","7","Texas","48","Gregg","183",,,,,"0",,,,,,,,,,,,,"4420","99","N","9999","9999","9",,,,,,,,,"709735324","6068837","Gregg County","A","+32491047","-094800632","06",,,13.4,89115,22264,5136,3404,3079,3418,3148,3135,2614,2299,2020,3671,3923,3439,1478,575,636,672,1602096700,37342,9007
"G4801850","2000","US","3","7","Texas","48","Grimes","185",,,,,"0",,,,,,,,,,,,,"9999","99","9","9999","9999","9",,,,,,,,,"2055421820","19583224","Grimes County","A","+30485616","-095993922","06",,,18.0,7700,15852,1179,607,521,659,569,534,467,395,469,678,734,453,175,108,68,98,263170500,2583,6907
"G4801870","2000","US","3","7","Texas","48","Guadalupe","187",,,,,"0",,,,,,,,,,,,,"7240","99","N","9999","9999","9",,,,,,,,,"1841847082","7845749","Guadalupe County","A","+29594293","-097993953","06",,,13.0,51825,37198,2242,1810,1630,2032,1970,2134,2017,2009,1725,3653,3547,3357,1452,591,384,386,1302832700,19699,13886
"G4801890","2000","US","3","7","Texas","48","Hale","189",,,,,"0",,,,,,,,,,,,,"9999","99","9","9999","9999","9",,,,,,,,,"2602041712","298615","Hale County","A","+34094550","-101790353","06",,,19.3,27817,8785,1505,1033,1007,1169,1008,886,876,656,588,975,918,727,282,108,97,115,390750700,10035,3491
"G4801910","2000","US","3","7","Texas","48","Hall","191",,,,,"0",,,,,,,,,,,,,"9999","99","9","9999","9999","9",,,,,,,,,"2338979526","2568031","Hall County","A","+34535342","-100658156","06",,,30.9,0,3782,287,240,163,160,146,103,75,86,35,66,88,54,17,1,0,6,31554600,0,1988
"G4801930","2000","US","3","7","Texas","48","Hamilton","193",,,,,"0",,,,,,,,,,,,,"9999","99","9","9999","9999","9",,,,,,,,,"2164469099","1743061","Hamilton County","A","+31751895","-098100640","06",,,30.5,2910,5319,437,348,269,279,288,241,199,191,204,283,227,206,83,63,20,30,92533000,1417,3038
"G4801950","2000","US","3","7","Texas","48","Hansford","195",,,,,"0",,,,,,,,,,,,,"9999","99","9","9999","9999","9",,,,,,,,,"2382272862","1554159","Hansford County","A","+36272837","-101305950","06",,,33.7,3043,2326,210,155,190,165,130,148,138,134,103,186,210,127,49,26,16,36,67257000,1287,1042
"G4801970","2000","US","3","7","Texas","48","Hardeman","197",,,,,"0",,,,,,,,,,,,,"9999","99","9","9999","9999","9",,,,,,,,,"1801021454","4201347","Hardeman County","A","+34284963","-099721784","06",,,28.2,2796,1928,261,254,150,201,166,165,106,79,107,138,124,107,28,25,32,17,53170500,1385,973
"G4801990","2000","US","3","7","Texas","48","Hardin","199",,,,,"0",,,,,,,,,,,,,"0840","99","N","9999","9999","9",,,,,,,,,"2316312268","7870105","Hardin County","A","+30324505","-094329610","06",,,17.7,20501,27572,1891,1158,1151,1407,1376,1392,1165,1060,954,1589,1649,1830,752,222,110,180,687434000,8366,11470
"G4802010","2000","US","3","7","Texas","48","Harris","201",,,,,"0",,,,,,,,,,,,,"3362","42","N","3360","9999","9",,,,,,,,,"4477636200","126570235","Harris County","A","+29787777","-095363056","06",,,12.6,3338908,61670,111132,68905,72238,79730,80176,79478,70537,68105,56159,102389,119702,124688,71243,35124,32487,34330,62731636600,1275817,22313
"G4802030","2000","US","3","7","Texas","48","Harrison","203",,,,,"0",,,,,,,,,,,,,"4420","99","N","9999","9999","9",,,,,,,,,"2327637984","42428648","Harrison County","A","+32548681","-094353085","06",,,16.5,25272,36838,3303,1845,1689,1961,1526,1674,1311,1291,1222,2122,2080,1897,600,152,174,294,801657200,10399,15872
"G4802050","2000","US","3","7","Texas","48","Hartley","205",,,,,"0",,,,,,,,,,,,,"9999","99","9","9999","9999","9",,,,,,,,,"3787211615","2457266","Hartley County","A","+35871789","-102553501","06",,,23.0,2375,3162,83,135,58,66,166,89,88,84,92,238,162,148,71,40,32,38,80695700,966,794
"G4802070","2000","US","3","7","Texas","48","Haskell","207",,,,,"0",,,,,,,,,,,,,"9999","99","9","9999","9999","9",,,,,,,,,"2338673402","18871082","Haskell County","A","+33206034","-099785931","06",,,31.1,2880,3213,464,322,323,220,204,167,146,111,86,127,130,157,54,31,6,23,58661000,1380,2175
"G4802090","2000","US","3","7","Texas","48","Hays","209",,,,,"0",,,,,,,,,,,,,"0640","99","N","9999","9999","9",,,,,,,,,"1755681187","4977463","Hays County","A","+29992158","-097977450","06",,,17.5,56376,41213,3372,2004,1813,1945,1977,1975,1834,1810,1794,3018,3644,3966,1940,981,782,610,1612592300,20457,15186
"G4802110","2000","US","3","7","Texas","48","Hemphill","211",,,,,"0",,,,,,,,,,,,,"9999","99","9","9999","9999","9",,,,,,,,,"2356051113","6164977","Hemphill County","A","+35815645","-100271629","06",,,40.3,0,3351,124,103,89,121,122,67,99,71,61,113,114,126,30,17,12,6,42868800,0,1548
"G4802130","2000","US","3","7","Texas","48","Henderson","213",,,,,"0",,,,,,,,,,,,,"1922","31","N","1920","9999","9",,,,,,,,,"2264260076","193636334","Henderson County","A","+32225623","-095915330","06",,,18.9,33244,40033,3617,2551,2344,2275,2171,2423,1874,1512,1265,2579,2313,1918,914,380,284,410,914492400,17063,18872
"G4802150","2000","US","3","7","Texas","48","Hidalgo","215",,,,,"0",,,,,,,,,,,,,"4880","99","N","9999","9999","9",,,,,,,,,"4065624249","33456472","Hidalgo County","A","+26242291","-098159799","06",,,13.0,531951,37512,29886,18711,16010,14114,12130,10590,8449,7671,5982,9207,9298,7230,3611,1282,1084,1453,4449585400,180670,11988
"G4802170","2000","US","3","7","Texas","48","Hill","217",,,,,"0",,,,,,,,,,,,,"9999","99","9","9999","9999","9",,,,,,,,,"2492501234","60315182","Hill County","A","+31996685","-097156742","06",,,30.2,8066,24255,1681,1221,1018,919,949,911,809,699,559,1049,975,855,292,112,79,106,372843900,3143,11481
"G4802190","2000","US","3","7","Texas","48","Hockley","219",,,,,"0",,,,,,,,,,,,,"9999","99","9","9999","9999","9",,,,,,,,,"2352432879","691489","Hockley County","A","+33622461","-102365494","06",,,24.8,13487,9229,954,809,640,682,723,696,550,384,374,595,647,536,161,92,66,74,266104400,5505,3643
"G4802210","2000","US","3","7","Texas","48","Hood","221",,,,,"0",,,,,,,,,,,,,"1922","31","N","2800","9999","9",,,,,,,,,"1091966384","39340655","Hood County","A","+32432285","-097796232","06",,,14.7,25531,15569,1163,763,912,1168,1238,1010,1048,1008,919,1636,1776,1631,828,314,342,379,654377200,12467,6638
"G4802230","2000","US","3","7","Texas","48","Hopkins","223",,,,,"0",,,,,,,,,,,,,"9999","99","9","9999","9999","9",,,,,,,,,"2026400831","26799005","Hopkins County","A","+33128329","-095581639","06",,,24.1,13061,18899,1624,1091,931,1013,968,982,787,846,554,971,994,744,346,136,108,208,436300200,5959,8061
"G4802250","2000","US","3","7","Texas","48","Houston","225",,,,,"0",,,,,,,,,,,,,"9999","99","9","9999","9999","9",,,,,,,,,"3187994422","15393128","Houston County","A","+31325750","-095433984","06",,,20.9,6671,16514,1447,837,744,734,603,566,541,371,385,737,547,407,160,82,25,82,240790300,2805,7925
"G4802270","2000","US","3","7","Texas","48","Howard","227",,,,,"0",,,,,,,,,,,,,"9999","99","9","9999","9999","9",,,,,,,,,"2338339550","3510749","Howard County","A","+32238246","-101436522","06",,,15.6,26347,7280,1752,1001,1060,923,816,821,792,705,521,820,975,577,301,159,72,116,372037200,10343,3246
"G4802290","2000","US","3","7","Texas","48","Hudspeth","229",,,,,"0",,,,,,,,,,,,,"9999","99","9","9999","9999","9",,,,,,,,,"11838840971","2402329","Hudspeth County","A","+31491717","-105401895","06",,,34.9,0,3344,251,110,166,106,90,68,56,53,43,61,47,15,9,16,6,3,26432600,0,1471
"G4802310","2000","US","3","7","Texas","48","Hunt","231",,,,,"0",,,,,,,,,,,,,"1922","31","N","1920","9999","9",,,,,,,,,"2178586457","105846457","Hunt County","A","+33110760","-096084533","06",,,21.5,34206,42390,3348,2283,1913,2177,1989,1964,1792,1679,1486,2585,3071,2501,943,405,298,317,1073097500,14601,17889
"G4802330","2000","US","3","7","Texas","48","Hutchinson","233",,,,,"0",,,,,,,,,,,,,"9999","99","9","9999","9999","9",,,,,,,,,"2298272229","19631084","Hutchinson County","A","+35738621","-101419867","06",,,19.5,18277,5580,979,727,651,612,811,647,674,544,473,819,1017,758,345,90,82,53,312611800,8386,2485
"G4802350","2000","US","3","7","Texas","48","Irion","235",,,,,"0",,,,,,,,,,,,,"9999","99","9","9999","9999","9",,,,,,,,,"2723308823","291335","Irion County","A","+31284516","-100973920","06",,,48.4,0,1771,67,47,64,53,59,42,33,31,42,66,76,47,20,13,19,13,25083600,0,914
"G4802370","2000","US","3","7","Texas","48","Jack","237",,,,,"0",,,,,,,,,,,,,"9999","99","9","9999","9999","9",,,,,,,,,"2374006877","9077349","Jack County","A","+33208587","-098169992","06",,,28.5,4227,4536,386,256,281,230,235,264,228,190,117,321,246,148,63,23,15,37,103294100,1423,2245
"G4802390","2000","US","3","7","Texas","48","Jackson","239",,,,,"0",,,,,,,,,,,,,"9999","99","9","9999","9999","9",,,,,,,,,"2148371018","71315600","Jackson County","A","+28921661","-096571686","06",,,20.7,5805,8586,657,508,359,377,395,356,304,318,229,496,665,379,144,63,40,50,183616500,2523,4022
"G4802410","2000","US","3","7","Texas","48","Jasper","241",,,,,"0",,,,,,,,,,,,,"9999","99","9","9999","9999","9",,,,,,,,,"2427844000","83458684","Jasper County","A","+30774547","-094005402","06",,,19.0,8002,27602,2285,1287,948,966,1007,1157,727,828,608,1233,1058,764,264,98,94,119,399425700,3388,13188
"G4802430","2000","US","3","7","Texas","48","Jeff Davis","243",,,,,"0",,,,,,,,,,,,,"9999","99","9","9999","9999","9",,,,,,,,,"5864838926","459348","Jeff Davis County","A","+30680228","-104130908","06",,,33.0,0,2207,110,78,84,68,73,63,61,55,36,59,84,68,19,7,11,19,29800800,0,1420
"G4802450","2000","US","3","7","Texas","48","Jefferson","245",,,,,"0",,,,,,,,,,,,,"0840","99","N","9999","9999","9",,,,,,,,,"2340170834","537971766","Jefferson County","A","+29984230","-094061768","06",,,13.6,231060,20991,12954,8262,6670,6792,6178,5944,5396,4767,4516,7542,8597,7682,3484,1788,1094,1327,3443019600,93503,8577
"G4802470","2000","US","3","7","Texas","48","Jim Hogg","247",,,,,"0",,,,,,,,,,,,,"9999","99","9","9999","9999","9",,,,,,,,,"2942511204","140391","Jim Hogg County","A","+27126600","-098702434","06",,,16.2,4354,927,416,173,157,137,154,128,103,132,87,83,82,96,31,12,2,23,44814200,1800,508
"G4802490","2000","US","3","7","Texas","48","Jim Wells","249",,,,,"0",,,,,,,,,,,,,"9999","99","9","9999","9999","9",,,,,,,,,"2239089456","9601293","Jim Wells County","A","+27709310","-098085329","06",,,17.9,24891,14435,2289,1249,1189,974,1003,1034,777,698,585,973,920,724,288,87,95,86,381839300,9094,5725
"G4802510","2000","US","3","7","Texas","48","Johnson","251",,,,,"0",,,,,,,,,,,,,"1922","31","N","2800","9999","9",,,,,,,,,"1889198737","13037107","Johnson County","A","+32402071","-097336791","06",,,14.7,69710,57101,3255,2316,2340,2692,2940,2822,2895,2720,2459,4882,5271,5196,1873,881,585,499,1952829900,25744,20525
"G4802530","2000","US","3","7","Texas","48","Jones","253",,,,,"0",,,,,,,,,,,,,"9999","99","9","9999","9999","9",,,,,,,,,"2411259657","15894244","Jones County","A","+32787722","-099912391","06",,,19.2,8162,12623,892,621,594,465,538,461,389,404,276,445,455,273,123,84,52,71,215656900,1567,5669
"G4802550","2000","US","3","7","Texas","48","Karnes","255",,,,,"0",,,,,,,,,,,,,"9999","99","9","9999","9999","9",,,,,,,,,"1943312521","8462078","Karnes County","A","+28881819","-097866278","06",,,23.2,9485,5961,781,467,405,456,375,272,268,193,112,360,327,278,79,41,23,41,151709300,2516,2963
"G4802570","2000","US","3","7","Texas","48","Kaufman","257",,,,,"0",,,,,,,,,,,,,"1922","31","N","1920","9999","9",,,,,,,,,"2035841232","53774580","Kaufman County","A","+32615497","-096301838","06",,,19.5,24130,47183,2090,1397,1334,1194,1473,1677,1557,1513,1405,2350,3034,2804,1256,586,372,321,1110085000,8862,17271
"G4802590","2000","US","3","7","Texas","48","Kendall","259",,,,,"0",,,,,,,,,,,,,"9999","99","9","9999","9999","9",,,,,,,,,"1715713677","1561929","Kendall County","A","+29897983","-098730829","06",,,12.1,8857,14886,648,369,544,548,528,482,429,404,414,715,1061,1011,555,309,258,347,421638900,3470,6139
"G4802610","2000","US","3","7","Texas","48","Kenedy","261",,,,,"0",,,,,,,,,,,,,"9999","99","9","9999","9999","9",,,,,,,,,"3773010533","1266067224","Kenedy County","A","+26860843","-097739000","06",,,49.0,0,414,17,14,13,25,5,17,12,11,3,2,11,3,0,0,0,5,3880900,0,281
"G4802630","2000","US","3","7","Texas","48","Kent","263",,,,,"0",,,,,,,,,,,,,"9999","99","9","9999","9999","9",,,,,,,,,"2337024572","1490921","Kent County","A","+33239207","-100718302","06",,,44.1,0,859,36,30,27,52,26,31,28,14,11,21,32,24,13,3,1,2,10697700,0,551
"G4802650","2000","US","3","7","Texas","48","Kerr","265",,,,,"0",,,,,,,,,,,,,"9999","99","9","9999","9999","9",,,,,,,,,"2864843926","3988306","Kerr County","A","+30046139","-099197051","06",,,17.6,26551,17102,1971,1459,1382,1550,1374,1323,1255,1094,792,1465,1434,1273,468,336,272,317,515037600,11989,8239
"G4802670","2000","US","3","7","Texas","48","Kimble","267",,,,,"0",,,,,,,,,,,,,"9999","99","9","9999","9999","9",,,,,,,,,"3239286360","583223","Kimble County","A","+30509525","-099749155","06",,,22.7,2656,1812,318,157,155,162,162,143,118,62,102,112,206,87,36,24,6,29,46774200,1226,1770
"G4802690","2000","US","3","7","Texas","48","King","269",,,,,"0",,,,,,,,,,,,,"9999","99","9","9999","9999","9",,,,,,,,,"2362826410","2685451","King County","A","+33605457","-100254446","06",,,37.9,0,356,19,12,6,11,2,4,17,14,9,5,10,2,0,0,0,0,3562400,0,174
"G4802710","2000","US","3","7","Texas","48","Kinney","271",,,,,"0",,,,,,,,,,,,,"9999","99","9","9999","9999","9",,,,,,,,,"3531291789","4833582","Kinney County","A","+29304811","-100437118","06",,,33.7,0,3379,234,131,119,92,120,84,101,67,55,94,67,78,16,25,8,15,27993800,0,1907
"G4802730","2000","US","3","7","Texas","48","Kleberg","273",,,,,"0",,,,,,,,,,,,,"9999","99","9","9999","9999","9",,,,,,,,,"2255813548","568033430","Kleberg County","A","+27464841","-097854841","06",,,15.3,25649,5900,2236,1086,721,765,751,842,558,481,520,826,837,661,336,116,116,66,335107700,10417,2326
"G4802750","2000","US","3","7","Texas","48","Knox","275",,,,,"0",,,,,,,,,,,,,"9999","99","9","9999","9999","9",,,,,,,,,"2198908360","16649720","Knox County","A","+33534443","-099718024","06",,,44.7,0,4253,280,201,192,148,157,112,116,82,47,109,93,81,31,5,9,8,39145800,0,2129
"G4802770","2000","US","3","7","Texas","48","Lamar","277",,,,,"0",,,,,,,,,,,,,"9999","99","9","9999","9999","9",,,,,,,,,"2374518404","40564794","Lamar County","A","+33652536","-095560721","06",,,17.4,26274,22225,2730,1879,1600,1514,1418,1119,1248,1057,1036,1606,1613,1265,370,221,96,276,601222900,11866,9247
"G4802790","2000","US","3","7","Texas","48","Lamb","279",,,,,"0",,,,,,,,,,,,,"9999","99","9","9999","9999","9",,,,,,,,,"2631978707","3931575","Lamb County","A","+34057561","-102357212","06",,,30.5,6234,8475,845,431,597,538,441,383,391,279,231,336,344,282,128,34,41,60,166625100,2709,3585
"G4802810","2000","US","3","7","Texas","48","Lampasas","281",,,,,"0",,,,,,,,,,,,,"9999","99","9","9999","9999","9",,,,,,,,,"1844176651","4976251","Lampasas County","A","+31145134","-098218247","06",,,19.1,6994,10768,738,443,398,515,535,540,459,359,335,703,652,390,233,104,45,81,225677200,2819,4782
"G4802830","2000","US","3","7","Texas","48","La Salle","283",,,,,"0",,,,,,,,,,,,,"9999","99","9","9999","9999","9",,,,,,,,,"3856100912","13930617","La Salle County","A","+28353773","-099162133","06",,,17.5,4478,1388,439,220,201,164,165,154,105,31,59,119,36,89,19,13,0,7,42880700,1618,818
"G4802850","2000","US","3","7","Texas","48","Lavaca","285",,,,,"0",,,,,,,,,,,,,"9999","99","9","9999","9999","9",,,,,,,,,"2512032709","1159937","Lavaca County","A","+29392154","-097002955","06",,,24.9,3498,15712,1064,805,821,601,632,459,572,374,369,538,604,428,178,71,64,80,221050400,1621,8036
"G4802870","2000","US","3","7","Texas","48","Lee","287",,,,,"0",,,,,,,,,,,,,"9999","99","9","9999","9999","9",,,,,,,,,"1627809365","14333023","Lee County","A","+30272047","-096947276","06",,,21.3,4614,11043,699,351,416,461,498,327,360,431,312,493,486,489,171,49,45,86,201176400,1635,5216
"G4802890","2000","US","3","7","Texas","48","Leon","289",,,,,"0",,,,,,,,,,,,,"9999","99","9","9999","9999","9",,,,,,,,,"2776570491","21593482","Leon County","A","+31275533","-096062949","06",,,29.4,0,15335,909,610,502,524,468,458,308,362,257,498,454,465,191,70,58,78,189033300,0,8299
"G4802910","2000","US","3","7","Texas","48","Liberty","291",,,,,"0",,,,,,,,,,,,,"3362","42","N","3360","9999","9",,,,,,,,,"3003552406","42850906","Liberty County","A","+30162001","-094846793","06",,,17.2,25202,44952,2562,2098,1550,1714,1349,1353,1427,1421,1471,2140,2774,1903,870,209,219,178,911763400,8435,17924
"G4802930","2000","US","3","7","Texas","48","Limestone","293",,,,,"0",,,,,,,,,,,,,"9999","99","9","9999","9999","9",,,,,,,,,"2353981956","62865980","Limestone County","A","+31575449","-096551636","06",,,20.6,10316,11735,1175,766,786,683,616,496,457,455,418,619,605,507,145,71,60,49,227506600,3947,5778
"G4802950","2000","US","3","7","Texas","48","Lipscomb","295",,,,,"0",,,,,,,,,,,,,"9999","99","9","9999","9999","9",,,,,,,,,"2414153807","289494","Lipscomb County","A","+36294317","-100288885","06",,,49.2,0,3057,150,81,119,124,81,113,64,60,61,117,101,68,31,19,14,6,36557300,0,1541
"G4802970","2000","US","3","7","Texas","48","Live Oak","297",,,,,"0",,,,,,,,,,,,,"9999","99","9","9999","9999","9",,,,,,,,,"2683999432","110160259","Live Oak County","A","+28310860","-098106712","06",,,22.9,2470,9839,548,397,329,345,350,303,267,287,198,272,396,305,78,62,32,57,136343000,1016,5180
"G4802990","2000","US","3","7","Texas","48","Llano","299",,,,,"0",,,,,,,,,,,,,"9999","99","9","9999","9999","9",,,,,,,,,"2421028149","81355785","Llano County","A","+30706247","-098555445","06",,,16.5,7583,9461,708,631,652,749,623,605,515,438,379,740,626,520,265,170,117,168,228246100,4130,7699
"G4803010","2000","US","3","7","Texas","48","Loving","301",,,,,"0",,,,,,,,,,,,,"9999","99","9","9999","9999","9",,,,,,,,,"1743272685","9760042","Loving County","A","+31813308","-103608036","06",,,38.8,0,67,0,0,3,7,3,2,0,0,1,7,0,3,0,4,0,0,1124000,0,70
"G4803030","2000","US","3","7","Texas","48","Lubbock","303",,,,,"0",,,,,,,,,,,,,"4600","99","N","9999","9999","9",,,,,,,,,"2329677242","3115562","Lubbock County","A","+33570085","-101852068","06",,,14.6,212184,30444,13024,7807,7959,7711,6623,6441,5715,5227,4228,7222,7562,6670,2608,1257,1204,1427,3377497300,88945,11650
"G4803050","2000","US","3","7","Texas","48","Lynn","305",,,,,"0",,,,,,,,,,,,,"9999","99","9","9999","9999","9",,,,,,,,,"2309964999","4079435","Lynn County","A","+33156818","-101805749","06",,,33.7,2825,3725,414,234,238,234,161,131,130,100,90,133,192,165,64,37,24,19,70923800,1188,1483
"G4803070","2000","US","3","7","Texas","48","McCulloch","307",,,,,"0",,,,,,,,,,,,,"9999","99","9","9999","9999","9",,,,,,,,,"2769488307","10478800","McCulloch County","A","+31157132","-099339966","06",,,18.7,5262,2943,640,396,309,255,282,263,210,155,146,206,199,134,33,15,6,39,84730900,2490,1694
"G4803090","2000","US","3","7","Texas","48","McLennan","309",,,,,"0",,,,,,,,,,,,,"8800","99","N","9999","9999","9",,,,,,,,,"2698463849","47509238","McLennan County","A","+31542166","-097166412","06",,,16.5,159896,53621,11399,6470,5953,5930,5760,5285,4904,4607,3733,6421,6662,5903,2512,1238,915,1234,2866304800,64306,20489
"G4803110","2000","US","3","7","Texas","48","McMullen","311",,,,,"0",,,,,,,,,,,,,"9999","99","9","9999","9999","9",,,,,,,,,"2882656841","76674679","McMullen County","A","+28356089","-098537798","06",,,42.3,0,851,51,22,35,34,17,31,30,22,12,13,38,23,10,8,0,12,11695500,0,587
"G4803130","2000","US","3","7","Texas","48","Madison","313",,,,,"0",,,,,,,,,,,,,"9999","99","9","9999","9999","9",,,,,,,,,"1216381800","7242480","Madison County","A","+30951954","-095962810","06",,,18.2,3980,8960,497,322,432,371,391,260,324,217,128,304,284,173,87,53,54,40,140399100,1550,3247
"G4803150","2000","US","3","7","Texas","48","Marion","315",,,,,"0",,,,,,,,,,,,,"9999","99","9","9999","9999","9",,,,,,,,,"987323553","101400078","Marion County","A","+32788771","-094416886","06",,,16.7,0,10941,939,558,402,382,294,280,284,282,160,330,285,225,92,35,23,34,107771000,0,6384
"G4803170","2000","US","3","7","Texas","48","Martin","317",,,,,"0",,,,,,,,,,,,,"9999","99","9","9999","9999","9",,,,,,,,,"2369282061","2169665","Martin County","A","+32259437","-101888785","06",,,42.2,2492,2254,241,114,153,110,153,121,148,79,73,100,129,112,40,19,21,23,58757200,967,931
"G4803190","2000","US","3","7","Texas","48","Mason","319",,,,,"0",,,,,,,,,,,,,"9999","99","9","9999","9999","9",,,,,,,,,"2414040796","292441","Mason County","A","+30750115","-099213226","06",,,21.4,0,3738,222,139,135,127,152,103,89,112,108,99,90,110,47,9,10,40,54313600,0,2372
"G4803210","2000","US","3","7","Texas","48","Matagorda","321",,,,,"0",,,,,,,,,,,,,"9999","99","9","9999","9999","9",,,,,,,,,"2886439165","1289110879","Matagorda County","A","+28864957","-096007744","06",,,14.2,25060,12897,2136,1303,919,1076,1152,699,863,899,559,1034,1232,987,713,161,89,117,476110300,10462,8149
"G4803230","2000","US","3","7","Texas","48","Maverick","323",,,,,"0",,,,,,,,,,,,,"9999","99","9","9999","9999","9",,,,,,,,,"3315379558","30211885","Maverick County","A","+28742950","-100387315","06",,,12.6,42212,5085,3056,1624,1555,1132,1059,733,737,620,428,807,488,404,216,113,52,69,346105000,13065,1824
"G4803250","2000","US","3","7","Texas","48","Medina","325",,,,,"0",,,,,,,,,,,,,"9999","99","9","9999","9999","9",,,,,,,,,"3438885559","17523238","Medina County","A","+29294468","-099031199","06",,,18.7,17402,21902,1384,985,908,1115,894,915,1038,653,662,1328,1253,929,444,163,134,93,466251000,5972,8854
"G4803270","2000","US","3","7","Texas","48","Menard","327",,,,,"0",,,,,,,,,,,,,"9999","99","9","9999","9999","9",,,,,,,,,"2335942696","877450","Menard County","A","+30897260","-099810170","06",,,41.5,0,2360,213,100,103,90,79,103,50,29,30,45,56,64,15,14,5,8,25268000,0,1607
"G4803290","2000","US","3","7","Texas","48","Midland","329",,,,,"0",,,,,,,,,,,,,"5800","99","N","9999","9999","9",,,,,,,,,"2331637115","4442320","Midland County","A","+31968193","-102074760","06",,,14.1,101021,14988,4005,3133,3128,2985,3143,2775,2629,2281,1928,3592,4201,3868,2031,1045,1072,935,1880520400,42071,5989
"G4803310","2000","US","3","7","Texas","48","Milam","331",,,,,"0",,,,,,,,,,,,,"9999","99","9","9999","9999","9",,,,,,,,,"2633278710","12830958","Milam County","A","+30780170","-097006180","06",,,21.4,11805,12433,1285,790,684,696,689,648,599,508,534,765,881,615,243,81,47,120,302561900,4927,5939
"G4803330","2000","US","3","7","Texas","48","Mills","333",,,,,"0",,,,,,,,,,,,,"9999","99","9","9999","9999","9",,,,,,,,,"1937595854","4602714","Mills County","A","+31496048","-098594231","06",,,40.1,0,5151,350,167,142,168,151,165,126,115,88,130,167,114,41,28,26,22,57111500,0,2691
"G4803350","2000","US","3","7","Texas","48","Mitchell","335",,,,,"0",,,,,,,,,,,,,"9999","99","9","9999","9999","9",,,,,,,,,"2356990934","15169548","Mitchell County","A","+32344047","-100892798","06",,,16.1,6644,3054,505,283,338,264,261,212,144,142,117,173,162,142,31,0,16,42,101640100,1934,2234
"G4803370","2000","US","3","7","Texas","48","Montague","337",,,,,"0",,,,,,,,,,,,,"9999","99","9","9999","9999","9",,,,,,,,,"2410403362","20139027","Montague County","A","+33664571","-097742881","06",,,23.7,8858,10259,1046,857,629,656,572,454,661,469,303,568,625,507,174,79,76,83,239240900,4109,5753
"G4803390","2000","US","3","7","Texas","48","Montgomery","339",,,,,"0",,,,,,,,,,,,,"3362","42","N","3360","9999","9",,,,,,,,,"2704020613","84909518","Montgomery County","A","+30265414","-095465037","06",,,15.1,188100,105668,7379,4903,5038,5516,5425,6063,5819,5805,4779,8676,11612,12824,7460,3996,4057,4095,6139463200,73061,39709
"G4803410","2000","US","3","7","Texas","48","Moore","341",,,,,"0",,,,,,,,,,,,,"9999","99","9","9999","9999","9",,,,,,,,,"2330116657","25773583","Moore County","A","+35850272","-101898088","06",,,21.7,16683,3438,620,450,582,740,502,523,514,437,292,654,682,479,174,36,48,77,249586400,6077,1401
"G4803430","2000","US","3","7","Texas","48","Morris","343",,,,,"0",,,,,,,,,,,,,"9999","99","9","9999","9999","9",,,,,,,,,"659180684","10693274","Morris County","A","+33059179","-094712072","06",,,29.0,2611,10437,846,495,453,484,421,323,327,275,294,392,389,304,98,38,38,58,139632500,1157,4860
"G4803450","2000","US","3","7","Texas","48","Motley","345",,,,,"0",,,,,,,,,,,,,"9999","99","9","9999","9999","9",,,,,,,,,"2562476841","1114580","Motley County","A","+34084808","-100789688","06",,,45.9,0,1426,92,61,48,65,49,43,45,29,23,32,51,24,21,2,4,4,17127100,0,839
"G4803470","2000","US","3","7","Texas","48","Nacogdoches","347",,,,,"0",,,,,,,,,,,,,"9999","99","9","9999","9999","9",,,,,,,,,"2452114653","89521717","Nacogdoches County","A","+31631498","-094629031","06",,,19.7,31017,28186,4352,2274,1718,1636,1539,1387,1302,1071,921,1444,1579,1319,671,273,262,299,713191200,12535,12516
"G4803490","2000","US","3","7","Texas","48","Navarro","349",,,,,"0",,,,,,,,,,,,,"9999","99","9","9999","9999","9",,,,,,,,,"2609839096","203332416","Navarro County","A","+32067467","-096463569","06",,,22.3,23166,21958,2437,1646,1360,1396,1112,1104,975,884,716,1375,1551,1034,423,211,128,179,529150300,9091,9358
"G4803510","2000","US","3","7","Texas","48","Newton","351",,,,,"0",,,,,,,,,,,,,"9999","99","9","9999","9999","9",,,,,,,,,"2415658616","17653209","Newton County","A","+30845264","-093737974","06",,,21.1,0,15072,908,622,527,431,449,399,421,398,223,404,453,194,67,51,18,33,147526300,0,7331
"G4803530","2000","US","3","7","Texas","48","Nolan","353",,,,,"0",,,,,,,,,,,,,"9999","99","9","9999","9999","9",,,,,,,,,"2362020780","5036773","Nolan County","A","+32376394","-100402363","06",,,21.1,11225,4577,1167,670,626,488,484,406,372,301,281,443,377,316,82,60,59,37,170546200,5100,2012
"G4803550","2000","US","3","7","Texas","48","Nueces","355",,,,,"0",,,,,,,,,,,,,"1880","99","N","9999","9999","9",,,,,,,,,"2164755364","856257213","Nueces County","A","+27747148","-097458944","06",,,13.8,296122,17523,13762,8572,8302,8223,7753,7119,6563,6382,5590,9502,10261,9676,3900,1721,1189,1801,4246683200,115507,7534
"G4803570","2000","US","3","7","Texas","48","Ochiltree","357",,,,,"0",,,,,,,,,,,,,"9999","99","9","9999","9999","9",,,,,,,,,"2376457525","1331759","Ochiltree County","A","+36326144","-100829668","06",,,15.4,7693,1313,318,255,237,250,216,221,216,134,227,347,383,253,106,48,43,21,118841600,3099,670
"G4803590","2000","US","3","7","Texas","48","Oldham","359",,,,,"0",,,,,,,,,,,,,"9999","99","9","9999","9999","9",,,,,,,,,"3886615734","2037484","Oldham County","A","+35380046","-102558258","06",,,40.0,0,2185,74,57,58,69,62,68,47,65,26,69,75,27,17,7,18,2,26849300,0,815
"G4803610","2000","US","3","7","Texas","48","Orange","361",,,,,"0",,,,,,,,,,,,,"0840","99","N","9999","9999","9",,,,,,,,,"923081422","59921529","Orange County","A","+30114604","-093842055","06",,,14.3,55099,29867,3954,2058,2257,2324,2125,2178,1753,1787,1647,2796,3325,2997,1329,484,346,291,1186442800,23286,11495
"G4803630","2000","US","3","7","Texas","48","Palo Pinto","363",,,,,"0",,,,,,,,,,,,,"9999","99","9","9999","9999","9",,,,,,,,,"2468071967","84348718","Palo Pinto County","A","+32754148","-098263479","06",,,22.7,14172,12854,1481,872,923,1012,827,744,706,709,502,890,853,707,148,104,79,61,316519500,6067,8035
"G4803650","2000","US","3","7","Texas","48","Panola","365",,,,,"0",,,,,,,,,,,,,"9999","99","9","9999","9999","9",,,,,,,,,"2074375834","52882803","Panola County","A","+32156987","-094321976","06",,,19.1,5764,16992,1408,754,629,669,670,669,614,521,323,713,709,665,284,90,70,34,257388000,2555,7969
"G4803670","2000","US","3","7","Texas","48","Parker","367",,,,,"0",,,,,,,,,,,,,"1922","31","N","2800","9999","9",,,,,,,,,"2340069020","17049193","Parker County","A","+32777806","-097767464","06",,,20.7,30443,58052,2321,1491,1679,1876,2196,1997,1876,1927,1705,3165,3648,3773,1607,699,562,629,1503290800,12468,21616
"G4803690","2000","US","3","7","Texas","48","Parmer","369",,,,,"0",,,,,,,,,,,,,"9999","99","9","9999","9999","9",,,,,,,,,"2283491737","9079355","Parmer County","A","+34521153","-102784858","06",,,33.1,3905,6111,455,260,246,345,300,282,241,177,150,275,255,140,63,51,22,45,112907700,1392,2340
"G4803710","2000","US","3","7","Texas","48","Pecos","371",,,,,"0",,,,,,,,,,,,,"9999","99","9","9999","9999","9",,,,,,,,,"12337816783","2778713","Pecos County","A","+30931550","-102749343","06",,,17.0,9908,6901,766,504,422,466,586,294,216,263,321,395,431,312,107,41,19,13,158307600,3796,2542
"G4803730","2000","US","3","7","Texas","48","Polk","373",,,,,"0",,,,,,,,,,,,,"9999","99","9","9999","9999","9",,,,,,,,,"2738296787","136107497","Polk County","A","+30779134","-094895074","06",,,19.8,8231,32902,2233,1222,1283,1445,1262,1090,871,942,690,1251,1073,1004,350,171,99,153,458457000,2295,18882
"G4803750","2000","US","3","7","Texas","48","Potter","375",,,,,"0",,,,,,,,,,,,,"0320","99","N","9999","9999","9",,,,,,,,,"2354929123","32987793","Potter County","A","+35257052","-101842212","06",,,14.2,103352,10194,5797,3938,3713,3851,3385,3071,2471,2462,2065,2792,2949,2189,850,386,417,420,1328897500,41510,3088
"G4803770","2000","US","3","7","Texas","48","Presidio","377",,,,,"0",,,,,,,,,,,,,"9999","99","9","9999","9999","9",,,,,,,,,"9985712134","1942105","Presidio County","A","+29986907","-104235904","06",,,44.3,4192,3112,655,316,291,246,214,163,118,87,73,104,101,85,31,11,5,8,54810300,1543,1756
"G4803790","2000","US","3","7","Texas","48","Rains","379",,,,,"0",,,,,,,,,,,,,"9999","99","9","9999","9999","9",,,,,,,,,"601006894","69462780","Rains County","A","+32880391","-095799956","06",,,28.6,0,9139,442,309,280,295,288,272,227,176,260,299,334,279,98,37,14,27,110823300,0,4523
"G4803810","2000","US","3","7","Texas","48","Randall","381",,,,,"0",,,,,,,,,,,,,"0320","99","N","9999","9999","9",,,,,,,,,"2368367866","20689763","Randall County","A","+35067461","-101890112","06",,,14.3,90251,14061,3310,2289,2303,2950,2919,2653,2710,2385,2177,4138,4978,4363,2000,672,621,774,1829749000,37893,5368
"G4803830","2000","US","3","7","Texas","48","Reagan","383",,,,,"0",,,,,,,,,,,,,"9999","99","9","9999","9999","9",,,,,,,,,"3044018790","1767643","Reagan County","A","+31348795","-101511612","06",,,23.7,2835,491,110,71,56,134,128,96,88,53,64,84,108,90,13,16,4,0,35960400,1106,346
"G4803850","2000","US","3","7","Texas","48","Real","385",,,,,"0",,,,,,,,,,,,,"9999","99","9","9999","9999","9",,,,,,,,,"1812766238","337354","Real County","A","+29776707","-099872864","06",,,46.7,0,3047,187,164,133,129,87,120,61,58,42,80,88,51,16,6,3,6,28171700,0,2007
"G4803870","2000","US","3","7","Texas","48","Red River","387",,,,,"0",,,,,,,,,,,,,"9999","99","9","9999","9999","9",,,,,,,,,"2719962161","19245106","Red River County","A","+33611601","-095058100","06",,,29.5,3632,10682,902,632,557,589,438,461,389,324,233,439,368,245,108,44,44,43,152740200,1598,5318
"G4803890","2000","US","3","7","Texas","48","Reeves","389",,,,,"0",,,,,,,,,,,,,"9999","99","9","9999","9999","9",,,,,,,,,"6826888706","15733111","Reeves County","A","+31313643","-103605790","06",,,16.6,10833,2304,840,424,471,479,315,331,196,216,152,250,205,111,60,9,7,30,106153100,3822,1221
"G4803910","2000","US","3","7","Texas","48","Refugio","391",,,,,"0",,,,,,,,,,,,,"9999","99","9","9999","9999","9",,,,,,,,,"1994828931","125439086","Refugio County","A","+28287784","-097209808","06",,,33.7,3060,4768,416,339,236,288,211,192,159,126,160,242,286,176,70,22,27,29,88399400,1343,2326
"G4803930","2000","US","3","7","Texas","48","Roberts","393",,,,,"0",,,,,,,,,,,,,"9999","99","9","9999","9999","9",,,,,,,,,"2393387054","253733","Roberts County","A","+35804817","-100787162","06",,,44.8,0,887,26,14,35,31,17,21,25,14,20,55,43,33,15,6,5,5,14242200,0,449
"G4803950","2000","US","3","7","Texas","48","Robertson","395",,,,,"0",,,,,,,,,,,,,"9999","99","9","9999","9999","9",,,,,,,,,"2213312199","28765353","Robertson County","A","+30980833","-096580176","06",,,23.1,4379,11621,1235,574,474,426,433,348,356,366,289,411,527,389,157,79,47,25,169697800,1851,6023
"G4803970","2000","US","3","7","Texas","48","Rockwall","397",,,,,"0",,,,,,,,,,,,,"1922","31","N","1920","9999","9",,,,,,,,,"333553739","51571092","Rockwall County","A","+32913348","-096434373","06",,,14.7,34289,8791,492,421,514,530,576,758,625,714,631,1297,1975,2381,1543,635,740,749,1077128300,12296,3055
"G4803990","2000","US","3","7","Texas","48","Runnels","399",,,,,"0",,,,,,,,,,,,,"9999","99","9","9999","9999","9",,,,,,,,,"2721376387","16573842","Runnels County","A","+31816321","-099979028","06",,,21.9,7249,4246,828,442,355,361,371,437,229,207,179,371,342,195,53,9,48,15,113677500,3124,2276
"G4804010","2000","US","3","7","Texas","48","Rusk","401",,,,,"0",,,,,,,,,,,,,"9999","99","9","9999","9999","9",,,,,,,,,"2391980683","39030740","Rusk County","A","+32156777","-094801410","06",,,20.5,15476,31896,2186,1583,1309,1507,1349,1251,1154,956,939,1283,1667,1172,431,174,141,234,583889000,5925,13942
"G4804030","2000","US","3","7","Texas","48","Sabine","403",,,,,"0",,,,,,,,,,,,,"9999","99","9","9999","9999","9",,,,,,,,,"1269790346","223625764","Sabine County","A","+31339367","-093857347","06",,,24.3,0,10469,741,449,422,475,399,368,278,251,154,329,237,226,41,36,37,51,98941400,0,7659
"G4804050","2000","US","3","7","Texas","48","San Augustine","405",,,,,"0",,,,,,,,,,,,,"9999","99","9","9999","9999","9",,,,,,,,,"1367187977","166629181","San Augustine County","A","+31391082","-094155283","06",,,21.8,0,8946,699,352,321,316,278,284,212,196,173,204,224,195,71,18,38,38,93556500,0,5356
"G4804070","2000","US","3","7","Texas","48","San Jacinto","407",,,,,"0",,,,,,,,,,,,,"9999","99","9","9999","9999","9",,,,,,,,,"1477988673","148264361","San Jacinto County","A","+30598679","-095141631","06",,,18.9,0,22246,1456,668,605,650,628,669,562,491,491,757,728,548,170,89,65,96,261712500,0,11520
"G4804090","2000","US","3","7","Texas","48","San Patricio","409",,,,,"0",,,,,,,,,,,,,"1880","99","N","9999","9999","9",,,,,,,,,"1791368475","39911748","San Patricio County","A","+27976423","-097464882","06",,,17.7,53042,14096,2739,1878,1590,1664,1552,1642,1289,1372,1168,1859,2010,1833,643,294,213,291,839524100,19483,5381
"G4804110","2000","US","3","7","Texas","48","San Saba","411",,,,,"0",,,,,,,,,,,,,"9999","99","9","9999","9999","9",,,,,,,,,"2938251646","9795910","San Saba County","A","+31168667","-098801186","06",,,28.7,2505,3681,297,235,150,260,198,203,144,129,105,185,152,112,50,25,19,26,61751100,1130,1821
"G4804130","2000","US","3","7","Texas","48","Schleicher","413",,,,,"0",,,,,,,,,,,,,"9999","99","9","9999","9999","9",,,,,,,,,"3394463574","112754","Schleicher County","A","+30878319","-100478772","06",,,40.0,0,2935,172,110,91,61,130,55,42,73,47,103,84,85,38,7,4,13,35713000,0,1371
"G4804150","2000","US","3","7","Texas","48","Scurry","415",,,,,"0",,,,,,,,,,,,,"9999","99","9","9999","9999","9",,,,,,,,,"2337459972","13038421","Scurry County","A","+32691737","-100964154","06",,,16.3,10966,5395,691,580,568,421,467,372,308,369,287,518,509,345,128,53,55,78,191570000,5064,2048
"G4804170","2000","US","3","7","Texas","48","Shackelford","417",,,,,"0",,,,,,,,,,,,,"9999","99","9","9999","9999","9",,,,,,,,,"2367121102","4105291","Shackelford County","A","+32711401","-099334165","06",,,41.9,0,3302,191,105,99,120,122,79,74,85,65,93,100,105,26,6,5,17,40046100,0,1613
"G4804190","2000","US","3","7","Texas","48","Shelby","419",,,,,"0",,,,,,,,,,,,,"9999","99","9","9999","9999","9",,,,,,,,,"2056734109","104701410","Shelby County","A","+31820788","-094135485","06",,,21.1,5586,19638,1665,850,760,905,766,824,557,476,411,728,670,539,260,61,85,87,261738800,2296,9659
"G4804210","2000","US","3","7","Texas","48","Sherman","421",,,,,"0",,,,,,,,,,,,,"9999","99","9","9999","9999","9",,,,,,,,,"2390641547","422949","Sherman County","A","+36274344","-101931950","06",,,47.4,0,3186,108,77,92,88,113,112,74,79,58,83,110,64,22,12,17,20,44502800,0,1275
"G4804230","2000","US","3","7","Texas","48","Smith","423",,,,,"0",,,,,,,,,,,,,"8640","99","N","9999","9999","9",,,,,,,,,"2404501444","54556496","Smith County","A","+32334795","-095297019","06",,,14.9,107949,66757,6850,5168,4611,4672,4796,4852,3921,3974,3257,5927,5930,5802,2593,1053,1092,1213,2544288400,44633,27068
"G4804250","2000","US","3","7","Texas","48","Somervell","425",,,,,"0",,,,,,,,,,,,,"9999","99","9","9999","9999","9",,,,,,,,,"484762566","12251698","Somervell County","A","+32246541","-097752803","06",,,33.1,0,6809,216,158,175,165,187,178,165,113,157,235,257,226,126,39,18,22,99994500,0,2750
"G4804270","2000","US","3","7","Texas","48","Starr","427",,,,,"0",,,,,,,,,,,,,"9999","99","9","9999","9999","9",,,,,,,,,"3167618319","16200751","Starr County","A","+26452677","-098774474","06",,,13.7,42524,11073,4350,2220,1834,1235,952,895,590,324,205,654,410,388,175,45,33,68,296451900,13163,4426
"G4804290","2000","US","3","7","Texas","48","Stephens","429",,,,,"0",,,,,,,,,,,,,"9999","99","9","9999","9999","9",,,,,,,,,"2317109919","69506701","Stephens County","A","+32732303","-098857058","06",,,16.7,6283,3391,478,343,285,408,348,232,262,224,171,317,232,157,104,40,30,37,110993600,2946,1947
"G4804310","2000","US","3","7","Texas","48","Sterling","431",,,,,"0",,,,,,,,,,,,,"9999","99","9","9999","9999","9",,,,,,,,,"2391485484","341137","Sterling County","A","+31818347","-101045503","06",,,46.7,0,1393,54,43,48,34,38,39,43,30,26,48,41,38,15,4,6,8,16138000,0,633
"G4804330","2000","US","3","7","Texas","48","Stonewall","433",,,,,"0",,,,,,,,,,,,,"9999","99","9","9999","9999","9",,,,,,,,,"2379345373","4046602","Stonewall County","A","+33150313","-100220727","06",,,46.2,0,1693,113,82,61,66,52,33,67,33,31,62,37,42,16,4,5,6,17870100,0,936
"G4804350","2000","US","3","7","Texas","48","Sutton","435",,,,,"0",,,,,,,,,,,,,"9999","99","9","9999","9999","9",,,,,,,,,"3765230979","1638824","Sutton County","A","+30505128","-100604542","06",,,21.8,3250,827,194,150,101,113,72,141,100,91,90,111,164,52,75,14,11,32,51021200,1380,618
"G4804370","2000","US","3","7","Texas","48","Swisher","437",,,,,"0",,,,,,,,,,,,,"9999","99","9","9999","9999","9",,,,,,,,,"2332099282","643358","Swisher County","A","+34509555","-101749978","06",,,24.2,5065,3313,370,222,259,302,329,197,209,196,131,229,186,198,57,27,13,21,92861900,1880,1435
"G4804390","2000","US","3","7","Texas","48","Tarrant","439",,,,,"0",,,,,,,,,,,,,"1922","31","N","2800","9999","9",,,,,,,,,"2236243955","88220413","Tarrant County","A","+32763830","-097265830","06",,,13.0,1420743,25476,38218,26468,28678,33439,33487,35350,33543,30634,27950,49842,60138,62229,32876,15707,12786,12674,27958828900,555628,10202
"G4804410","2000","US","3","7","Texas","48","Taylor","441",,,,,"0",,,,,,,,,,,,,"0040","99","N","9999","9999","9",,,,,,,,,"2371459979","9391045","Taylor County","A","+32401025","-099811409","06",,,15.5,109376,17179,5280,3753,3763,4116,3651,3723,3189,3197,2490,3951,3829,3424,1142,684,533,544,1655073900,45262,6794
"G4804430","2000","US","3","7","Texas","48","Terrell","443",,,,,"0",,,,,,,,,,,,,"9999","99","9","9999","9999","9",,,,,,,,,"6106466336","85206","Terrell County","A","+30232490","-102126125","06",,,39.9,0,1081,99,49,43,37,30,38,30,9,20,25,17,25,13,3,0,3,10644500,0,991
"G4804450","2000","US","3","7","Texas","48","Terry","445",,,,,"0",,,,,,,,,,,,,"9999","99","9","9999","9999","9",,,,,,,,,"2304766336","2742784","Terry County","A","+33188536","-102317447","06",,,17.2,9211,3550,662,489,474,326,328,296,264,223,227,280,267,275,64,83,24,33,137199800,3656,1431
"G4804470","2000","US","3","7","Texas","48","Throckmorton","447",,,,,"0",,,,,,,,,,,,,"9999","99","9","9999","9999","9",,,,,,,,,"2362944570","8109905","Throckmorton County","A","+33157821","-099199740","06",,,44.9,0,1850,98,72,88,65,84,58,47,40,31,71,34,42,5,8,7,13,22702200,0,1066
"G4804490","2000","US","3","7","Texas","48","Titus","449",,,,,"0",,,,,,,,,,,,,"9999","99","9","9999","9999","9",,,,,,,,,"1063280774","39250144","Titus County","A","+33184931","-094983281","06",,,17.3,13454,14664,1170,869,922,812,520,866,640,469,425,781,784,708,278,84,71,166,323080900,4845,5830
"G4804510","2000","US","3","7","Texas","48","Tom Green","451",,,,,"0",,,,,,,,,,,,,"7200","99","N","9999","9999","9",,,,,,,,,"3942213774","47758522","Tom Green County","A","+31440631","-100474921","06",,,15.6,88081,15929,4669,3463,3273,3337,3146,2851,2746,2524,1852,3453,3313,2604,945,371,406,578,1349768700,37578,6338
"G4804530","2000","US","3","7","Texas","48","Travis","453",,,,,"0",,,,,,,,,,,,,"0640","99","N","9999","9999","9",,,,,,,,,"2562287673","84883107","Travis County","A","+30321806","-097769809","06",,,12.8,755694,56586,26482,15861,16087,19748,19772,20697,18247,17433,15464,28969,34210,36259,19581,10576,10097,11400,17768166200,313448,22433
"G4804550","2000","US","3","7","Texas","48","Trinity","455",,,,,"0",,,,,,,,,,,,,"9999","99","9","9999","9999","9",,,,,,,,,"1794459095","54799514","Trinity County","A","+31008608","-095204909","06",,,24.0,0,13779,958,676,508,540,445,437,355,323,264,456,295,259,104,26,32,52,132160800,0,8141
"G4804570","2000","US","3","7","Texas","48","Tyler","457",,,,,"0",,,,,,,,,,,,,"9999","99","9","9999","9999","9",,,,,,,,,"2390308009","33167531","Tyler County","A","+30762803","-094373394","06",,,22.3,3972,16899,1023,856,730,696,603,551,475,383,419,647,623,381,189,76,71,47,224098000,1235,9184
"G4804590","2000","US","3","7","Texas","48","Upshur","459",,,,,"0",,,,,,,,,,,,,"4420","99","N","9999","9999","9",,,,,,,,,"1521988201","13011230","Upshur County","A","+32711049","-094945738","06",,,22.5,6880,28411,1747,1126,988,1107,932,1035,903,937,708,1133,1135,882,339,93,82,149,432436100,3013,11917
"G4804610","2000","US","3","7","Texas","48","Upton","461",,,,,"0",,,,,,,,,,,,,"9999","99","9","9999","9999","9",,,,,,,,,"3215926954","410400","Upton County","A","+31334168","-102089923","06",,,43.6,0,3404,164,130,133,113,97,63,73,84,46,105,115,77,19,12,4,12,35985500,0,1609
"G4804630","2000","US","3","7","Texas","48","Uvalde","463",,,,,"0",,,,,,,,,,,,,"9999","99","9","9999","9999","9",,,,,,,,,"4031439700","5327766","Uvalde County","A","+29281876","-099732772","06",,,18.7,17599,8327,1434,871,926,688,749,583,460,388,335,638,602,470,214,48,64,76,250957800,6377,3789
"G4804650","2000","US","3","7","Texas","48","Val Verde","465",,,,,"0",,,,,,,,,,,,,"9999","99","9","9999","9999","9",,,,,,,,,"8211240629","160625533","Val Verde County","A","+29578880","-100990693","06",,,12.3,40595,4261,2487,1388,1273,1230,1007,973,938,782,607,1015,1061,706,400,82,95,109,443112500,13795,2493
"G4804670","2000","US","3","7","Texas","48","Van Zandt","467",,,,,"0",,,,,,,,,,,,,"9999","99","9","9999","9999","9",,,,,,,,,"2197977016","28072492","Van Zandt County","A","+32574390","-095817183","06",,,23.9,9920,38220,2294,1512,1422,1341,1275,1265,1268,1021,975,1720,1762,1275,538,194,183,188,606967100,4137,16759
"G4804690","2000","US","3","7","Texas","48","Victoria","469",,,,,"0",,,,,,,,,,,,,"8750","99","N","9999","9999","9",,,,,,,,,"2285676788","16124140","Victoria County","A","+28793417","-096977127","06",,,15.1,61199,22889,2886,2265,1983,2342,2158,1919,1901,1950,1423,2701,3038,2861,1211,570,414,418,1263407600,24404,8541
"G4804710","2000","US","3","7","Texas","48","Walker","471",,,,,"0",,,,,,,,,,,,,"9999","99","9","9999","9999","9",,,,,,,,,"2039485079","36226305","Walker County","A","+30739811","-095528876","06",,,12.2,39313,22445,2830,1527,1513,1472,1393,1167,1055,972,979,1422,1617,1147,644,253,138,202,720711700,10934,10165
"G4804730","2000","US","3","7","Texas","48","Waller","473",,,,,"0",,,,,,,,,,,,,"3362","42","N","3360","9999","9",,,,,,,,,"1330290181","12600777","Waller County","A","+30021570","-096000851","06",,,18.1,11941,20722,1281,839,697,703,708,701,487,587,463,1000,985,971,585,259,220,88,443774800,3607,8348
"G4804750","2000","US","3","7","Texas","48","Ward","475",,,,,"0",,,,,,,,,,,,,"9999","99","9","9999","9999","9",,,,,,,,,"2163914893","652960","Ward County","A","+31517740","-103016977","06",,,21.3,7351,3558,712,363,346,297,300,296,219,241,206,333,244,235,103,21,28,38,123762200,3309,1523
"G4804770","2000","US","3","7","Texas","48","Washington","477",,,,,"0",,,,,,,,,,,,,"9999","99","9","9999","9999","9",,,,,,,,,"1577876579","31403814","Washington County","A","+30188604","-096411665","06",,,14.2,13912,16461,1516,932,755,818,777,613,743,691,461,1190,1123,902,376,166,153,127,372358100,5491,7750
"G4804790","2000","US","3","7","Texas","48","Webb","479",,,,,"0",,,,,,,,,,,,,"4080","99","N","9999","9999","9",,,,,,,,,"8694158147","48417791","Webb County","A","+27591807","-099389849","06",,,13.5,184925,8192,8070,5588,4739,4364,3980,3343,2949,2623,1948,3628,3398,2895,1484,536,592,510,1751984600,52164,3042
"G4804810","2000","US","3","7","Texas","48","Wharton","481",,,,,"0",,,,,,,,,,,,,"9999","99","9","9999","9999","9",,,,,,,,,"2823427017","11122548","Wharton County","A","+29254609","-096188591","06",,,14.4,20713,20475,2071,1222,1198,1347,1092,1063,788,808,712,1118,1305,1130,497,173,167,116,494626800,8448,8158
"G4804830","2000","US","3","7","Texas","48","Wheeler","483",,,,,"0",,,,,,,,,,,,,"9999","99","9","9999","9999","9",,,,,,,,,"2367934666","2786352","Wheeler County","A","+35362391","-100280886","06",,,34.5,0,5284,302,207,155,203,153,210,175,93,108,179,139,129,33,20,22,10,60270600,0,2687
"G4804850","2000","US","3","7","Texas","48","Wichita","485",,,,,"0",,,,,,,,,,,,,"9080","99","N","9999","9999","9",,,,,,,,,"1625640947","13849876","Wichita County","A","+33942724","-098620090","06",,,14.3,121802,9862,5331,3828,3679,4055,4304,3768,3315,3229,2412,4279,4281,3152,1233,539,431,596,1740402800,49448,3856
"G4804870","2000","US","3","7","Texas","48","Wilbarger","487",,,,,"0",,,,,,,,,,,,,"9999","99","9","9999","9999","9",,,,,,,,,"2515040549","18217048","Wilbarger County","A","+34098476","-099244999","06",,,15.9,11268,3408,685,584,502,517,539,378,307,339,265,438,354,278,141,74,48,95,180060300,4996,1375
"G4804890","2000","US","3","7","Texas","48","Willacy","489",,,,,"0",,,,,,,,,,,,,"9999","99","9","9999","9999","9",,,,,,,,,"1545397740","485746176","Willacy County","A","+26472927","-097759566","06",,,22.9,10237,9845,1283,744,531,552,403,357,406,256,229,237,255,208,71,25,23,23,151745100,3037,3690
"G4804910","2000","US","3","7","Texas","48","Williamson","491",,,,,"0",,,,,,,,,,,,,"0640","99","N","9999","9999","9",,,,,,,,,"2907952035","31011595","Williamson County","A","+30596722","-097672983","06",,,13.7,208768,41199,3054,2364,2823,3453,3574,4370,4688,4722,4439,9239,13136,14897,7652,3823,2876,1783,5374065600,75259,15066
"G4804930","2000","US","3","7","Texas","48","Wilson","493",,,,,"0",,,,,,,,,,,,,"7240","99","N","9999","9999","9",,,,,,,,,"2090083754","4102967","Wilson County","A","+29195521","-098109284","06",,,19.0,5641,26767,1068,738,611,868,674,925,629,598,584,1186,1095,1185,402,174,166,125,457061700,1952,10158
"G4804950","2000","US","3","7","Texas","48","Winkler","495",,,,,"0",,,,,,,,,,,,,"9999","99","9","9999","9999","9",,,,,,,,,"2178300896","501201","Winkler County","A","+31840505","-103096597","06",,,20.0,5803,1370,365,265,156,238,240,227,212,153,85,220,212,139,44,11,9,13,70253700,2606,608
"G4804970","2000","US","3","7","Texas","48","Wise","497",,,,,"0",,,,,,,,,,,,,"9999","99","9","9999","9999","9",,,,,,,,,"2342919126","47052272","Wise County","A","+33205893","-097674285","06",,,24.4,9147,39646,1433,1044,1166,1186,1153,993,1069,1161,913,1794,2092,1810,733,316,192,125,723223700,3382,15860
"G4804990","2000","US","3","7","Texas","48","Wood","499",,,,,"0",,,,,,,,,,,,,"9999","99","9","9999","9999","9",,,,,,,,,"1684066475","118043808","Wood County","A","+32770870","-095375640","06",,,19.1,7541,29211,1786,1202,1168,1243,1167,1223,985,865,753,1126,1291,935,305,176,170,183,432990700,3148,14791
"G4805010","2000","US","3","7","Texas","48","Yoakum","501",,,,,"0",,,,,,,,,,,,,"9999","99","9","9999","9999","9",,,,,,,,,"2071347206","33581","Yoakum County","A","+33078114","-102831147","06",,,22.4,4387,2935,313,230,222,213,205,128,182,153,100,202,186,185,36,50,34,34,84023000,1820,1154
"G4805030","2000","US","3","7","Texas","48","Young","503",,,,,"0",,,,,,,,,,,,,"9999","99","9","9999","9999","9",,,,,,,,,"2388829028","22047971","Young County","A","+33210656","-098658910","06",,,18.4,12224,5719,957,622,738,638,553,497,519,405,330,539,526,414,166,106,75,76,214594100,5630,2874
"G4805050","2000","US","3","7","Texas","48","Zapata","505",,,,,"0",,,,,,,,,,,,,"9999","99","9","9999","9999","9",,,,,,,,,"2581596039","158880744","Zapata County","A","+26953071","-099203000","06",,,12.1,8573,3609,794,464,368,361,316,270,243,147,247,271,178,139,21,48,30,30,79903700,3516,2651
"G4805070","2000","US","3","7","Texas","48","Zavala","507",,,,,"0",,,,,,,,,,,,,"9999","99","9","9999","9999","9",,,,,,,,,"3363050874","8385180","Zavala County","A","+28856786","-099760985","06",,,16.9,7277,4323,1050,457,414,228,333,151,125,174,48,136,120,109,20,7,23,4,87568100,2519,1556
"G4900010","2000","US","4","8","Utah","49","Beaver","001",,,,,"0",,,,,,,,,,,,,"9999","99","9","9999","9999","9",,,,,,,,,"6707930400","6039597","Beaver County","A","+38342342","-113000631","06",,,41.4,0,6005,206,142,166,123,183,188,162,139,136,147,195,130,41,5,9,17,71307100,0,2660
"G4900030","2000","US","4","8","Utah","49","Box Elder","003",,,,,"0",,,,,,,,,,,,,"9999","99","9","9999","9999","9",,,,,,,,,"14823390253","2604722395","Box Elder County","A","+41595787","-112480319","06",,,26.1,28060,14685,710,635,676,870,792,1040,883,1070,746,1655,1800,1482,507,195,99,51,539363600,9344,4865
"G4900050","2000","US","4","8","Utah","49","Cache","005",,,,,"0",,,,,,,,,,,,,"9999","99","9","9999","9999","9",,,,,,,,,"3016100832","22144785","Cache County","A","+41751082","-111842117","06",,,22.7,76141,15250,2066,1664,1864,2093,2338,2180,1677,1939,1698,2825,2970,2168,979,393,391,352,1133662800,24348,4687
"G4900070","2000","US","4","8","Utah","49","Carbon","007",,,,,"0",,,,,,,,,,,,,"9999","99","9","9999","9999","9",,,,,,,,,"3829188016","15839896","Carbon County","A","+39627056","-110767483","06",,,25.8,12433,7989,948,593,626,541,587,493,515,390,347,575,755,709,224,74,36,25,245917000,5028,3713
"G4900090","2000","US","4","8","Utah","49","Daggett","009",,,,,"0",,,,,,,,,,,,,"9999","99","9","9999","9999","9",,,,,,,,,"1808737094","63986618","Daggett County","A","+40946917","-109534250","06",,,39.5,0,921,26,33,32,39,36,23,13,23,15,32,34,22,11,3,2,0,10693500,0,1084
"G4900110","2000","US","4","8","Utah","49","Davis","011",,,,,"0",,,,,,,,,,,,,"7160","99","N","9999","9999","9",,,,,,,,,"788595522","852681404","Davis County","A","+41004350","-111940753","06",,,13.2,234410,4584,2441,2119,2836,3401,3646,4486,4607,4452,4163,8278,10162,10489,4817,2063,1706,1449,3952588700,72724,1390
"G4900130","2000","US","4","8","Utah","49","Duchesne","013",,,,,"0",,,,,,,,,,,,,"9999","99","9","9999","9999","9",,,,,,,,,"8386517838","46407205","Duchesne County","A","+40248254","-110341804","06",,,46.4,4016,10355,579,394,342,394,459,377,365,300,257,367,381,212,62,28,29,33,145393500,1470,5518
"G4900150","2000","US","4","8","Utah","49","Emery","015",,,,,"0",,,,,,,,,,,,,"9999","99","9","9999","9999","9",,,,,,,,,"11530241878","25099464","Emery County","A","+39159521","-110863388","06",,,47.2,0,10860,296,229,230,281,271,215,220,288,233,364,393,301,100,28,16,6,120994000,0,4093
"G4900170","2000","US","4","8","Utah","49","Garfield","017",,,,,"0",,,,,,,,,,,,,"9999","99","9","9999","9999","9",,,,,,,,,"13401163195","88002922","Garfield County","A","+37797009","-111948258","06",,,41.6,0,4735,113,153,141,134,118,128,139,105,103,181,113,123,31,4,2,0,47677800,0,2767
"G4900190","2000","US","4","8","Utah","49","Grand","019",,,,,"0",,,,,,,,,,,,,"9999","99","9","9999","9999","9",,,,,,,,,"9535196504","32415485","Grand County","A","+38823392","-109472540","06",,,18.1,6537,1948,337,314,375,274,264,292,265,226,185,255,280,181,82,33,58,24,112109200,2920,1142
"G4900210","2000","US","4","8","Utah","49","Iron","021",,,,,"0",,,,,,,,,,,,,"9999","99","9","9999","9999","9",,,,,,,,,"8541717322","10012113","Iron County","A","+37784276","-113227675","06",,,20.6,22253,11526,1034,828,906,1012,897,950,750,758,621,779,894,676,324,104,68,75,362188700,7512,6106
"G4900230","2000","US","4","8","Utah","49","Juab","023",,,,,"0",,,,,,,,,,,,,"9999","99","9","9999","9999","9",,,,,,,,,"8784559992","37665310","Juab County","A","+39700632","-112347875","06",,,26.0,4575,3663,228,170,214,167,150,191,169,217,149,247,256,180,67,11,23,8,86405500,1507,1303
"G4900250","2000","US","4","8","Utah","49","Kane","025",,,,,"0",,,,,,,,,,,,,"2620","99","N","9999","9999","9",,,,,,,,,"10339128016","301638425","Kane County","A","+37277065","-112361851","06",,,27.9,2782,3264,187,138,188,233,241,153,175,160,149,187,217,135,39,17,7,10,66775600,1174,2593
"G4900270","2000","US","4","8","Utah","49","Millard","027",,,,,"0",,,,,,,,,,,,,"9999","99","9","9999","9999","9",,,,,,,,,"17065775108","618680802","Millard County","A","+39099806","-112859224","06",,,33.4,3146,9259,292,294,314,381,292,289,257,265,205,404,423,306,53,27,17,36,131125100,1092,3430
"G4900290","2000","US","4","8","Utah","49","Morgan","029",,,,,"0",,,,,,,,,,,,,"9999","99","9","9999","9999","9",,,,,,,,,"1577633092","4307801","Morgan County","A","+41088520","-111608288","06",,,29.5,0,7129,79,52,103,102,145,137,144,98,160,193,308,262,131,37,63,45,101857300,0,2158
"G4900310","2000","US","4","8","Utah","49","Piute","031",,,,,"0",,,,,,,,,,,,,"9999","99","9","9999","9999","9",,,,,,,,,"1962717292","20590826","Piute County","A","+38334070","-112086880","06",,,46.3,0,1435,75,39,49,46,44,42,33,47,18,39,38,18,7,6,2,0,12838400,0,745
"G4900330","2000","US","4","8","Utah","49","Rich","033",,,,,"0",,,,,,,,,,,,,"9999","99","9","9999","9999","9",,,,,,,,,"2663892098","149597387","Rich County","A","+41667569","-111269717","06",,,47.8,0,1961,42,38,50,45,57,54,42,41,48,71,69,49,18,10,11,8,25132600,0,2408
"G4900350","2000","US","4","8","Utah","49","Salt Lake","035",,,,,"0",,,,,,,,,,,,,"7160","99","N","9999","9999","9",,,,,,,,,"1909799816","182340759","Salt Lake County","A","+40655802","-111915566","06",,,13.1,887916,10471,16589,12804,14872,17390,17728,19142,18232,18868,17124,31486,36245,36370,17718,7982,6233,6507,15260107300,306748,4240
"G4900370","2000","US","4","8","Utah","49","San Juan","037",,,,,"0",,,,,,,,,,,,,"9999","99","9","9999","9999","9",,,,,,,,,"20254162556","292442718","San Juan County","A","+37425462","-109506642","06",,,28.2,2981,11432,837,473,330,230,265,328,227,222,173,317,340,226,65,22,28,26,118505000,932,4517
"G4900390","2000","US","4","8","Utah","49","Sanpete","039",,,,,"0",,,,,,,,,,,,,"9999","99","9","9999","9999","9",,,,,,,,,"4113174578","37685096","Sanpete County","A","+39390116","-111598818","06",,,35.7,10263,12500,596,603,517,627,578,536,503,443,325,542,613,399,145,43,38,41,218117500,2961,4918
"G4900410","2000","US","4","8","Utah","49","Sevier","041",,,,,"0",,,,,,,,,,,,,"9999","99","9","9999","9999","9",,,,,,,,,"4947521825","20794177","Sevier County","A","+38770438","-111940807","06",,,32.3,6864,11978,539,446,433,472,562,501,476,459,366,590,529,493,82,64,44,48,196349100,2315,4701
"G4900430","2000","US","4","8","Utah","49","Summit","043",,,,,"0",,,,,,,,,,,,,"9999","99","9","9999","9999","9",,,,,,,,,"4845990629","28486127","Summit County","A","+40828522","-111273030","06",,,20.4,13994,15742,312,373,297,376,470,469,564,476,441,925,1250,1440,810,589,621,961,852194100,7312,10177
"G4900450","2000","US","4","8","Utah","49","Tooele","045",,,,,"0",,,,,,,,,,,,,"9999","99","9","9999","9999","9",,,,,,,,,"17949532649","924010935","Tooele County","A","+40415422","-112690027","06",,,21.5,30896,9839,710,518,672,625,772,959,899,1052,776,1648,1796,1415,520,163,102,48,565114500,10574,3238
"G4900470","2000","US","4","8","Utah","49","Uintah","047",,,,,"0",,,,,,,,,,,,,"9999","99","9","9999","9999","9",,,,,,,,,"11595569027","56744414","Uintah County","A","+40279393","-109580431","06",,,24.1,11515,13709,858,611,658,688,600,692,554,509,522,758,734,580,165,70,87,40,276358000,4241,4799
"G4900490","2000","US","4","8","Utah","49","Utah","049",,,,,"0",,,,,,,,,,,,,"6520","99","N","9999","9999","9",,,,,,,,,"5175657032","369442863","Utah County","A","+40236597","-111736710","06",,,14.9,346598,21938,5132,4801,5702,6585,6337,6906,6972,6615,5742,11046,11853,11351,5420,2209,1941,1552,4847374700,97726,6589
"G4900510","2000","US","4","8","Utah","49","Wasatch","051",,,,,"0",,,,,,,,,,,,,"9999","99","9","9999","9999","9",,,,,,,,,"3049423729","82301572","Wasatch County","A","+40450355","-111371228","06",,,22.5,9705,5510,208,142,191,316,290,311,308,294,337,582,666,574,186,83,106,160,247159100,3313,3251
"G4900530","2000","US","4","8","Utah","49","Washington","053",,,,,"0",,,,,,,,,,,,,"9999","99","9","9999","9999","9",,,,,,,,,"6284929122","8499344","Washington County","A","+37160711","-113493320","06",,,19.5,72550,17804,2001,1966,2434,2416,2382,2520,2595,1944,1758,2526,3259,2112,912,501,305,339,968036000,27666,8812
"G4900550","2000","US","4","8","Utah","49","Wayne","055",,,,,"0",,,,,,,,,,,,,"9999","99","9","9999","9999","9",,,,,,,,,"6372196292","15925827","Wayne County","A","+38308550","-111339836","06",,,46.7,0,2509,88,97,79,72,84,66,61,62,60,76,58,64,23,2,4,8,27062300,0,1329
"G4900570","2000","US","4","8","Utah","49","Weber","057",,,,,"0",,,,,,,,,,,,,"7160","99","N","9999","9999","9",,,,,,,,,"1490637821","217367964","Weber County","A","+41232183","-111972867","06",,,15.0,183300,13233,4430,3283,3707,4184,4332,4531,4671,4438,4186,6644,8035,7192,3018,1318,876,863,2896065400,65560,4894
"G5000010","2000","US","1","1","Vermont","50","Addison","001",,,,,"0",,,,,,,,,,,,,"9999","99","9","9999","9999","9",,,,,,,,,"1994757635","98734144","Addison County","A","+44032774","-073167925","06",,,34.1,7407,28567,943,703,814,869,925,850,891,820,891,1486,1483,1311,467,264,182,178,551542300,2308,13004
"G5000030","2000","US","1","1","Vermont","50","Bennington","003",,,,,"0",,,,,,,,,,,,,"9999","99","9","9999","9999","9",,,,,,,,,"1751528984","3620994","Bennington County","A","+43029418","-073107955","06",,,20.9,14134,22860,1377,939,1172,1045,990,1029,872,991,847,1388,1455,1290,572,279,299,277,565985500,5846,13557
"G5000050","2000","US","1","1","Vermont","50","Caledonia","005",,,,,"0",,,,,,,,,,,,,"9999","99","9","9999","9999","9",,,,,,,,,"1685008488","17967936","Caledonia County","A","+44458223","-072095626","06",,,32.5,7287,22415,1265,916,988,927,971,784,760,790,711,1026,1125,799,232,140,134,83,394506200,3414,11090
"G5000070","2000","US","1","1","Vermont","50","Chittenden","007",,,,,"0",,,,,,,,,,,,,"####","99","#","9999","1303","N",,,,,,,,,"1396111793","208755559","Chittenden County","A","+44475682","-073127270","06",,,15.3,105573,40998,3703,2628,2978,3373,3174,3708,3454,3365,3103,5472,6825,7318,3388,1514,1314,1183,2849119700,43153,15711
"G5000090","2000","US","1","1","Vermont","50","Essex","009",,,,,"0",,,,,,,,,,,,,"9999","99","9","9999","9999","9",,,,,,,,,"1722851853","22157822","Essex County","A","+44720892","-071745018","06",,,45.1,0,6459,296,273,267,209,229,224,207,169,116,215,227,105,33,10,5,12,72573300,0,4762
"G5000110","2000","US","1","1","Vermont","50","Franklin","011",,,,,"0",,,,,,,,,,,,,"####","99","#","9999","1303","N",,,,,,,,,"1650008857","142307050","Franklin County","A","+44865130","-072962908","06",,,26.8,13055,32362,1173,1047,1090,1195,1121,1173,1144,1196,1091,1777,2232,1565,564,145,115,139,664439800,5437,13754
"G5000130","2000","US","1","1","Vermont","50","Grand Isle","013",,,,,"0",,,,,,,,,,,,,"####","99","#","9999","1303","N",,,,,,,,,"213974970","290224577","Grand Isle County","A","+44816038","-073299885","06",,,46.3,0,6901,193,162,146,202,181,205,167,191,152,269,355,280,131,36,51,55,118810100,0,4663
"G5000150","2000","US","1","1","Vermont","50","Lamoille","015",,,,,"0",,,,,,,,,,,,,"9999","99","9","9999","9999","9",,,,,,,,,"1193896631","7206252","Lamoille County","A","+44600074","-072633150","06",,,32.4,0,23233,624,605,719,625,756,692,668,569,540,888,919,810,365,162,106,177,370621200,0,11009
"G5000170","2000","US","1","1","Vermont","50","Orange","017",,,,,"0",,,,,,,,,,,,,"9999","99","9","9999","9999","9",,,,,,,,,"1783355796","8241572","Orange County","A","+43995815","-072374886","06",,,36.1,655,27571,811,652,778,862,804,828,776,718,730,1186,1203,958,328,138,95,112,404775300,278,13108
"G5000190","2000","US","1","1","Vermont","50","Orleans","019",,,,,"0",,,,,,,,,,,,,"9999","99","9","9999","9999","9",,,,,,,,,"1807034942","60715709","Orleans County","A","+44844402","-072218239","06",,,35.8,4771,21506,1279,1003,977,812,971,785,679,645,690,870,802,524,217,77,70,74,323767500,2254,12419
"G5000210","2000","US","1","1","Vermont","50","Rutland","021",,,,,"0",,,,,,,,,,,,,"9999","99","9","9999","9999","9",,,,,,,,,"2415236619","31712989","Rutland County","A","+43595081","-073053060","06",,,28.7,24467,38933,2414,1950,1963,2151,1980,1704,1758,1606,1561,2567,2591,1863,721,318,258,281,908009200,10876,21435
"G5000230","2000","US","1","1","Vermont","50","Washington","023",,,,,"0",,,,,,,,,,,,,"9999","99","9","9999","9999","9",,,,,,,,,"1784931569","16212476","Washington County","A","+44249287","-072580892","06",,,25.7,28279,29760,1930,1512,1594,1686,1606,1695,1505,1362,1370,2353,2602,2428,1022,333,381,275,954627300,12588,15056
"G5000250","2000","US","1","1","Vermont","50","Windham","025",,,,,"0",,,,,,,,,,,,,"9999","99","9","9999","9999","9",,,,,,,,,"2042771982","24346572","Windham County","A","+42998679","-072668720","06",,,32.7,12536,31680,1571,1403,1389,1386,1347,1302,1163,1107,1050,1902,1781,1557,624,289,240,258,681068300,5928,21111
"G5000270","2000","US","1","1","Vermont","50","Windsor","027",,,,,"0",,,,,,,,,,,,,"9999","99","9","9999","9999","9",,,,,,,,,"2514776699","12367343","Windsor County","A","+43558268","-072532993","06",,,26.7,14386,43032,1973,1447,1706,1845,1751,1637,1493,1495,1458,2395,2430,2243,926,480,429,458,934889800,6638,24983
"G5100010","2000","US","3","5","Virginia","51","Accomack","001",,,,,"0",,,,,,,,,,,,,"9999","99","9","9999","9999","9",,,,,,,,,"1179077243","2213926909","Accomack County","A","+37796635","-075635009","06",,,20.2,3822,34483,2186,1339,1531,1268,1229,1370,922,934,735,1164,1074,793,370,145,65,145,450818400,3397,16153
"G5100030","2000","US","3","5","Virginia","51","Albemarle","003",,,,,"0",,,,,,,,,,,,,"1540","99","N","9999","9999","9",,,,,,,,,"1871543150","9259586","Albemarle County","A","+38024179","-078535282","06",,,13.1,40934,38302,1976,1383,1538,1624,1773,1863,1877,1880,1775,2861,3605,4243,1987,1244,1102,1185,1659868800,17954,15766
"G5100050","2000","US","3","5","Virginia","51","Alleghany","005",,,,,"0",,,,,,,,,,,,,"9999","99","9","9999","9999","9",,,,,,,,,"1151576760","2696311","Alleghany County","A","+37785041","-079971287","06",,,15.3,3548,9378,410,413,341,417,298,425,375,245,258,584,681,400,154,38,55,51,187127900,1686,4126
"G5100070","2000","US","3","5","Virginia","51","Amelia","007",,,,,"0",,,,,,,,,,,,,"9999","99","9","9999","9999","9",,,,,,,,,"924109870","4508946","Amelia County","A","+37338511","-077958932","06",,,13.8,0,11400,262,261,282,283,360,334,323,319,230,463,430,373,163,73,36,48,163352600,0,4609
"G5100090","2000","US","3","5","Virginia","51","Amherst","009",,,,,"0",,,,,,,,,,,,,"4640","99","N","9999","9999","9",,,,,,,,,"1230698046","9331310","Amherst County","A","+37589316","-079142722","06",,,14.4,11782,20112,1125,961,800,928,785,986,779,880,731,1209,1202,905,311,135,109,82,428252000,4400,8558
"G5100110","2000","US","3","5","Virginia","51","Appomattox","011",,,,,"0",,,,,,,,,,,,,"9999","99","9","9999","9999","9",,,,,,,,,"864242984","2713633","Appomattox County","A","+37367371","-078818262","06",,,18.2,0,13705,653,355,328,458,426,340,353,361,281,611,465,435,104,63,17,81,194917800,0,5828
"G5100130","2000","US","3","5","Virginia","51","Arlington","013",,,,,"3",,,,,,,,,,,,,"8872","97","Y","8840","9999","9",,,,,,,,,"67002719","243499","Arlington County","A","+38880344","-077108260","06",,,12.8,189453,0,4485,2306,2608,2851,3574,4340,4215,4222,3863,8012,10592,12292,7948,5379,5062,4725,6003549400,90426,0
"G5100150","2000","US","3","5","Virginia","51","Augusta","015",,,,,"0",,,,,,,,,,,,,"9999","99","9","9999","9999","9",,,,,,,,,"2513232084","1475781","Augusta County","A","+38131931","-079091459","06",,,14.1,14462,51153,1481,1378,1535,1743,1786,1656,1733,1685,1676,2894,2952,2343,1075,416,263,241,1018731900,5814,20924
"G5100170","2000","US","3","5","Virginia","51","Bath","017",,,,,"0",,,,,,,,,,,,,"9999","99","9","9999","9999","9",,,,,,,,,"1377518496","6995988","Bath County","A","+38045393","-079745878","06",,,11.7,0,5048,213,116,114,147,185,251,129,105,129,220,177,136,49,15,8,59,85444300,0,2896
"G5100190","2000","US","3","5","Virginia","51","Bedford","019",,,,,"0",,,,,,,,,,,,,"4640","99","N","9999","9999","9",,,,,,,,,"1954149028","38212112","Bedford County","A","+37305867","-079553181","06",,,12.5,9238,51133,1664,1126,1225,1791,1679,1797,1501,1500,1494,2452,2789,2501,1093,415,386,385,1053812400,3679,23162
"G5100210","2000","US","3","5","Virginia","51","Bland","021",,,,,"0",,,,,,,,,,,,,"9999","99","9","9999","9999","9",,,,,,,,,"928947101","163357","Bland County","A","+37132329","-081126500","06",,,14.4,0,6871,350,193,184,290,240,208,125,137,117,177,272,112,96,18,6,30,93678300,0,3161
"G5100230","2000","US","3","5","Virginia","51","Botetourt","023",,,,,"0",,,,,,,,,,,,,"6800","99","N","9999","9999","9",,,,,,,,,"1405475601","8489695","Botetourt County","A","+37512958","-079817689","06",,,17.3,10023,20473,696,564,703,715,686,686,596,737,617,1283,1651,1463,555,279,213,218,552803900,3936,8635
"G5100250","2000","US","3","5","Virginia","51","Brunswick","025",,,,,"0",,,,,,,,,,,,,"9999","99","9","9999","9999","9",,,,,,,,,"1466295843","8367122","Brunswick County","A","+36761048","-077859029","06",,,16.0,4460,13959,1077,507,466,492,453,466,438,442,259,594,467,364,87,57,47,46,209406900,734,6807
"G5100270","2000","US","3","5","Virginia","51","Buchanan","027",,,,,"0",,,,,,,,,,,,,"9999","99","9","9999","9999","9",,,,,,,,,"1305046130","0","Buchanan County","A","+37256086","-082027881","06",,,16.3,0,26978,2163,1402,1174,936,820,587,650,531,442,672,452,412,145,28,28,54,226305600,0,11887
"G5100290","2000","US","3","5","Virginia","51","Buckingham","029",,,,,"0",,,,,,,,,,,,,"9999","99","9","9999","9999","9",,,,,,,,,"1504412801","7004144","Buckingham County","A","+37568696","-078525102","06",,,12.5,0,15623,730,533,541,427,434,359,325,369,258,451,352,300,162,14,37,20,165205900,0,6290
"G5100310","2000","US","3","5","Virginia","51","Campbell","031",,,,,"0",,,,,,,,,,,,,"4640","99","N","9999","9999","9",,,,,,,,,"1306603008","7199283","Campbell County","A","+37222607","-079138002","06",,,14.2,19547,31531,1987,1408,1694,1457,1636,1363,1527,1232,1205,2077,2258,1631,736,170,162,110,739265300,8768,13320
"G5100330","2000","US","3","5","Virginia","51","Caroline","033",,,,,"0",,,,,,,,,,,,,"9999","99","9","9999","9999","9",,,,,,,,,"1379231031","16477020","Caroline County","A","+38032747","-077382516","06",,,17.8,0,22121,541,535,513,557,595,628,664,486,382,922,839,791,326,97,75,74,331576400,0,8889
"G5100350","2000","US","3","5","Virginia","51","Carroll","035",,,,,"0",,,,,,,,,,,,,"9999","99","9","9999","9999","9",,,,,,,,,"1233711806","3377059","Carroll County","A","+36719164","-080712913","06",,,14.0,422,28823,1693,1068,1216,1042,956,956,860,838,781,975,907,473,176,47,72,128,366252200,251,14429
"G5100360","2000","US","3","5","Virginia","51","Charles City","036",,,,,"0",,,,,,,,,,,,,"6760","99","N","9999","9999","9",,,,,,,,,"473350245","55568887","Charles City County","A","+37344868","-077071609","06",,,17.1,0,6926,253,211,151,128,185,151,167,213,108,249,376,287,122,20,25,23,106499200,0,2895
"G5100370","2000","US","3","5","Virginia","51","Charlotte","037",,,,,"0",,,,,,,,,,,,,"9999","99","9","9999","9999","9",,,,,,,,,"1230231294","6345257","Charlotte County","A","+37002850","-078626659","06",,,21.8,0,12472,782,452,587,338,387,406,374,255,282,374,332,218,58,28,48,33,134451200,0,5734
"G5100410","2000","US","3","5","Virginia","51","Chesterfield","041",,,,,"0",,,,,,,,,,,,,"6760","99","N","9999","9999","9",,,,,,,,,"1102697023","29096922","Chesterfield County","A","+37419938","-077545895","06",,,13.3,232604,27299,2915,2767,2972,3973,4743,5360,4974,5544,4819,9960,14011,15038,7895,3594,2853,2389,5559926800,87707,10000
"G5100430","2000","US","3","5","Virginia","51","Clarke","043",,,,,"0",,,,,,,,,,,,,"8872","97","N","8840","9999","9",,,,,,,,,"457434570","4063485","Clarke County","A","+39114959","-077992826","06",,,18.0,2990,9662,336,161,201,279,339,286,259,237,256,558,673,617,406,120,130,92,250747800,1291,4097
"G5100450","2000","US","3","5","Virginia","51","Craig","045",,,,,"0",,,,,,,,,,,,,"9999","99","9","9999","9999","9",,,,,,,,,"856275736","11966","Craig County","A","+37470341","-080206295","06",,,16.6,0,5091,146,168,161,204,176,133,135,209,131,175,215,107,48,28,17,10,66797700,0,2554
"G5100470","2000","US","3","5","Virginia","51","Culpeper","047",,,,,"0",,,,,,,,,,,,,"8872","97","N","8840","9999","9",,,,,,,,,"986792161","3298513","Culpeper County","A","+38486179","-077982212","06",,,12.2,9707,24555,760,690,815,752,701,777,759,771,666,1158,1577,1457,674,247,198,149,549414100,4009,8862
"G5100490","2000","US","3","5","Virginia","51","Cumberland","049",,,,,"0",,,,,,,,,,,,,"9999","99","9","9999","9999","9",,,,,,,,,"772974938","3321491","Cumberland County","A","+37503966","-078268445","06",,,13.0,349,8668,445,329,234,327,336,235,205,222,184,318,296,253,91,33,0,4,106601100,216,3869
"G5100510","2000","US","3","5","Virginia","51","Dickenson","051",,,,,"0",,,,,,,,,,,,,"9999","99","9","9999","9999","9",,,,,,,,,"859135761","4949340","Dickenson County","A","+37135229","-082369373","06",,,24.8,0,16395,1291,923,708,653,613,492,460,353,202,415,296,197,55,23,29,32,131037200,0,7684
"G5100530","2000","US","3","5","Virginia","51","Dinwiddie","053",,,,,"0",,,,,,,,,,,,,"6760","99","N","9999","9999","9",,,,,,,,,"1304510610","8564754","Dinwiddie County","A","+37097686","-077612744","06",,,14.1,6597,17936,815,407,563,629,628,634,631,587,473,986,1220,869,369,106,74,114,370647800,2295,7412
"G5100570","2000","US","3","5","Virginia","51","Essex","057",,,,,"0",,,,,,,,,,,,,"9999","99","9","9999","9999","9",,,,,,,,,"667609556","72887926","Essex County","A","+37916172","-076906565","06",,,21.6,1944,8045,379,298,300,295,333,237,267,260,226,415,427,298,151,45,28,22,133045600,944,3982
"G5100590","2000","US","3","5","Virginia","51","Fairfax","059",,,,,"0",,,,,,,,,,,,,"8872","97","N","8840","9999","9",,,,,,,,,"1023161078","29957688","Fairfax County","A","+38840845","-077249565","06",,,12.9,956082,13667,9203,5918,6365,8453,9721,11039,12747,13374,12798,27961,42382,59372,44320,29439,31718,26469,30201992700,354653,4758
"G5100610","2000","US","3","5","Virginia","51","Fauquier","061",,,,,"0",,,,,,,,,,,,,"8872","97","N","8840","9999","9",,,,,,,,,"1682715648","4455545","Fauquier County","A","+38746843","-077789643","06",,,13.3,15283,39856,943,650,719,571,853,939,1024,978,889,1838,2844,2907,2060,969,833,872,1299440300,5670,15376
"G5100630","2000","US","3","5","Virginia","51","Floyd","063",,,,,"0",,,,,,,,,,,,,"9999","99","9","9999","9999","9",,,,,,,,,"987342741","35473","Floyd County","A","+36914427","-080354822","06",,,14.8,0,13874,766,425,443,520,556,491,404,295,251,613,535,312,89,30,26,47,171608900,0,6763
"G5100650","2000","US","3","5","Virginia","51","Fluvanna","065",,,,,"0",,,,,,,,,,,,,"1540","99","N","9999","9999","9",,,,,,,,,"744285127","7345205","Fluvanna County","A","+37863901","-078295250","06",,,14.3,5960,14087,417,313,432,403,423,499,508,538,508,915,838,905,321,203,77,69,317109900,2594,5424
"G5100670","2000","US","3","5","Virginia","51","Franklin","067",,,,,"0",,,,,,,,,,,,,"9999","99","9","9999","9999","9",,,,,,,,,"1792488548","50442115","Franklin County","A","+37007966","-079857449","06",,,14.1,4264,43022,1771,1447,1454,1539,1256,1170,1330,1240,1096,1889,1838,1446,610,258,350,260,704972600,1891,20826
"G5100690","2000","US","3","5","Virginia","51","Frederick","069",,,,,"0",,,,,,,,,,,,,"9999","99","9","9999","9999","9",,,,,,,,,"1073876718","2579453","Frederick County","A","+39192751","-078244616","06",,,15.8,30038,29171,1106,955,997,1399,1428,1680,1432,1537,1300,2461,3095,2651,1048,456,305,274,1036613200,11659,11660
"G5100710","2000","US","3","5","Virginia","51","Giles","071",,,,,"0",,,,,,,,,,,,,"9999","99","9","9999","9999","9",,,,,,,,,"925476873","7954094","Giles County","A","+37324127","-080722617","06",,,23.0,2830,13827,735,582,542,643,507,493,523,490,335,678,695,448,142,42,51,84,228356100,1292,6440
"G5100730","2000","US","3","5","Virginia","51","Gloucester","073",,,,,"0",,,,,,,,,,,,,"5720","99","N","9999","9999","9",,,,,,,,,"561021730","184887838","Gloucester County","A","+37359344","-076509601","06",,,11.9,9731,25049,894,661,587,871,790,1012,825,837,841,1505,1719,1574,482,220,162,153,538870200,4156,10338
"G5100750","2000","US","3","5","Virginia","51","Goochland","075",,,,,"0",,,,,,,,,,,,,"6760","99","N","9999","9999","9",,,,,,,,,"736665799","14394818","Goochland County","A","+37700659","-077868190","06",,,14.1,892,15971,392,264,289,263,264,240,332,335,326,587,727,752,516,262,264,365,393781600,209,6346
"G5100770","2000","US","3","5","Virginia","51","Grayson","077",,,,,"0",,,,,,,,,,,,,"9999","99","9","9999","9999","9",,,,,,,,,"1146428475","8455638","Grayson County","A","+36648348","-081171894","06",,,18.6,104,17813,1097,785,622,632,673,537,505,483,418,545,379,329,124,23,24,85,221759400,46,9077
"G5100790","2000","US","3","5","Virginia","51","Greene","079",,,,,"0",,,,,,,,,,,,,"1540","99","N","9999","9999","9",,,,,,,,,"405539081","997890","Greene County","A","+38291914","-078458069","06",,,14.8,0,15244,242,261,290,329,299,415,475,408,419,677,782,547,236,124,44,30,248204000,0,5986
"G5100810","2000","US","3","5","Virginia","51","Greensville","081",,,,,"0",,,,,,,,,,,,,"9999","99","9","9999","9999","9",,,,,,,,,"765187311","3537822","Greensville County","A","+36686155","-077565550","06",,,13.5,3953,7607,476,279,294,273,268,208,246,211,213,264,296,217,67,15,18,32,140463200,428,3337
"G5100830","2000","US","3","5","Virginia","51","Halifax","083",,,,,"0",,,,,,,,,,,,,"9999","99","9","9999","9999","9",,,,,,,,,"2121966427","26595592","Halifax County","A","+36730821","-078925766","06",,,15.1,8859,28496,2476,1306,1271,1257,1201,935,886,1052,722,1134,1221,930,298,65,93,150,432986400,4048,12905
"G5100850","2000","US","3","5","Virginia","51","Hanover","085",,,,,"0",,,,,,,,,,,,,"6760","99","N","9999","9999","9",,,,,,,,,"1224232801","3632588","Hanover County","A","+37714111","-077443699","06",,,13.4,48840,37480,1140,893,1158,1488,1465,1605,1548,1680,1481,3312,4494,5313,2747,1024,1024,731,1820192100,18277,13919
"G5100870","2000","US","3","5","Virginia","51","Henrico","087",,,,,"0",,,,,,,,,,,,,"6760","99","N","9999","9999","9",,,,,,,,,"616572847","16941010","Henrico County","A","+37584747","-077476994","06",,,13.3,247532,14768,5689,4370,5277,6201,7089,7449,6836,6024,5983,10874,13473,13182,6462,3432,2728,3002,5614041700,106736,5834
"G5100890","2000","US","3","5","Virginia","51","Henry","089",,,,,"0",,,,,,,,,,,,,"9999","99","9","9999","9999","9",,,,,,,,,"990285977","5273512","Henry County","A","+36697027","-079897787","06",,,15.5,20540,37390,2814,1998,2119,2363,1899,1863,1708,1521,1463,1960,2038,1138,522,137,154,249,757893700,9322,16599
"G5100910","2000","US","3","5","Virginia","51","Highland","091",,,,,"0",,,,,,,,,,,,,"9999","99","9","9999","9999","9",,,,,,,,,"1077063621","0","Highland County","A","+38383097","-079566729","06",,,26.7,0,2536,152,119,78,102,116,64,120,79,58,70,82,44,11,11,7,9,26838600,0,1822
"G5100930","2000","US","3","5","Virginia","51","Isle Of Wight","093",,,,,"0",,,,,,,,,,,,,"5720","99","N","9999","9999","9",,,,,,,,,"818090601","121454392","Isle of Wight County","A","+36886756","-076703340","06",,,14.6,10113,19615,976,650,673,708,598,636,554,813,619,1117,1469,1351,628,261,150,104,486864500,4048,8018
"G5100950","2000","US","3","5","Virginia","51","James City","095",,,,,"0",,,,,,,,,,,,,"5720","99","N","9999","9999","9",,,,,,,,,"370166104","95275662","James City County","A","+37296023","-076752154","06",,,11.7,34075,14027,1032,812,830,809,871,982,1038,958,980,1937,2194,2686,1695,719,756,750,957048700,14869,5903
"G5100970","2000","US","3","5","Virginia","51","King And Queen","097",,,,,"0",,,,,,,,,,,,,"9999","99","9","9999","9999","9",,,,,,,,,"819120355","26067118","King and Queen County","A","+37700534","-076898446","06",,,14.6,0,6630,331,161,234,169,170,237,220,176,146,194,270,220,70,32,43,7,89802700,0,3010
"G5100990","2000","US","3","5","Virginia","51","King George","099",,,,,"0",,,,,,,,,,,,,"8872","97","N","8840","9999","9",,,,,,,,,"466193629","20187158","King George County","A","+38291786","-077152462","06",,,17.6,0,16803,258,245,270,400,387,317,481,332,366,743,631,931,339,178,124,90,294501700,0,6820
"G5101010","2000","US","3","5","Virginia","51","King William","101",,,,,"0",,,,,,,,,,,,,"9999","99","9","9999","9999","9",,,,,,,,,"713367538","26474929","King William County","A","+37661907","-076999261","06",,,14.3,2547,10599,322,184,225,257,288,322,334,265,250,657,689,601,296,84,44,63,242439300,1017,4172
"G5101030","2000","US","3","5","Virginia","51","Lancaster","103",,,,,"0",,,,,,,,,,,,,"9999","99","9","9999","9999","9",,,,,,,,,"344839438","254347971","Lancaster County","A","+37697395","-076450207","06",,,22.2,0,11567,665,343,372,433,473,301,253,226,158,368,437,392,214,131,100,146,156267900,0,6498
"G5101050","2000","US","3","5","Virginia","51","Lee","105",,,,,"0",,,,,,,,,,,,,"9999","99","9","9999","9999","9",,,,,,,,,"1132173806","473905","Lee County","A","+36737463","-083097696","06",,,19.7,108,23481,2165,1137,1073,785,804,605,589,434,354,510,510,420,175,60,52,71,226996100,50,11036
"G5101070","2000","US","3","5","Virginia","51","Loudoun","107",,,,,"0",,,,,,,,,,,,,"8872","97","N","8840","9999","9",,,,,,,,,"1346408615","3236968","Loudoun County","A","+39064634","-077568819","06",,,14.2,142993,26606,1239,723,1011,1504,1542,1720,2045,2450,2103,4441,8194,11774,8483,5114,4412,3166,5052940600,51732,10428
"G5101090","2000","US","3","5","Virginia","51","Louisa","109",,,,,"0",,,,,,,,,,,,,"9999","99","9","9999","9999","9",,,,,,,,,"1287582756","35352959","Louisa County","A","+37987197","-077956747","06",,,18.7,0,25627,970,656,607,740,769,685,610,656,667,1028,982,849,356,121,170,109,381309500,0,11855
"G5101110","2000","US","3","5","Virginia","51","Lunenburg","111",,,,,"0",,,,,,,,,,,,,"9999","99","9","9999","9999","9",,,,,,,,,"1118105054","1749309","Lunenburg County","A","+36945743","-078222223","06",,,19.5,0,13146,875,593,450,354,405,399,296,222,237,394,347,282,49,28,29,36,149131700,0,5736
"G5101130","2000","US","3","5","Virginia","51","Madison","113",,,,,"0",,,,,,,,,,,,,"9999","99","9","9999","9999","9",,,,,,,,,"832477500","937905","Madison County","A","+38417878","-078263130","06",,,13.5,0,12520,375,267,290,412,430,274,336,317,270,541,495,388,170,67,25,87,175460700,0,5239
"G5101150","2000","US","3","5","Virginia","51","Mathews","115",,,,,"0",,,,,,,,,,,,,"5720","99","N","9999","9999","9",,,,,,,,,"221921485","430663695","Mathews County","A","+37439912","-076322953","06",,,13.6,0,9207,206,224,264,362,324,194,227,262,200,461,465,465,109,61,42,68,141488600,0,5333
"G5101170","2000","US","3","5","Virginia","51","Mecklenburg","117",,,,,"0",,,,,,,,,,,,,"9999","99","9","9999","9999","9",,,,,,,,,"1615980269","143370072","Mecklenburg County","A","+36662373","-078344909","06",,,17.7,7008,25372,1908,1076,1045,1149,905,1108,979,730,614,854,993,822,335,122,97,164,398295600,3270,14133
"G5101190","2000","US","3","5","Virginia","51","Middlesex","119",,,,,"0",,,,,,,,,,,,,"9999","99","9","9999","9999","9",,,,,,,,,"337470952","208378526","Middlesex County","A","+37595718","-076489133","06",,,17.1,0,9932,388,335,294,263,356,356,257,269,252,375,418,333,139,74,63,82,142645200,0,6362
"G5101210","2000","US","3","5","Virginia","51","Montgomery","121",,,,,"0",,,,,,,,,,,,,"9999","99","9","9999","9999","9",,,,,,,,,"1005481673","3124565","Montgomery County","A","+37173588","-080395328","06",,,12.1,57893,25736,4397,2722,2724,2506,2123,1901,1811,1689,1499,2354,2661,2398,961,521,321,466,1105913200,21911,10616
"G5101250","2000","US","3","5","Virginia","51","Nelson","125",,,,,"0",,,,,,,,,,,,,"9999","99","9","9999","9999","9",,,,,,,,,"1223392987","5060260","Nelson County","A","+37787464","-078866744","06",,,14.4,0,14445,620,359,423,372,560,446,381,282,292,602,477,520,230,57,143,123,217995900,0,8554
"G5101270","2000","US","3","5","Virginia","51","New Kent","127",,,,,"0",,,,,,,,,,,,,"6760","99","N","9999","9999","9",,,,,,,,,"542722137","36090072","New Kent County","A","+37487695","-077001389","06",,,16.5,0,13462,190,287,211,182,277,284,297,263,277,411,812,798,306,132,122,64,259005500,0,5203
"G5101310","2000","US","3","5","Virginia","51","Northampton","131",,,,,"0",,,,,,,,,,,,,"9999","99","9","9999","9999","9",,,,,,,,,"537097052","1522829623","Northampton County","A","+37358670","-075930044","06",,,25.3,0,13093,887,535,523,461,379,376,358,289,210,316,404,269,110,34,75,93,144104900,0,6547
"G5101330","2000","US","3","5","Virginia","51","Northumberland","133",,,,,"0",,,,,,,,,,,,,"9999","99","9","9999","9999","9",,,,,,,,,"498059931","241809705","Northumberland County","A","+37867360","-076372080","06",,,13.9,0,12259,746,380,340,327,395,318,355,252,281,650,453,407,186,174,100,105,160035500,0,8057
"G5101350","2000","US","3","5","Virginia","51","Nottoway","135",,,,,"0",,,,,,,,,,,,,"9999","99","9","9999","9999","9",,,,,,,,,"814945772","3753158","Nottoway County","A","+37129584","-078069728","06",,,16.4,7267,8458,820,583,529,435,415,290,340,302,448,518,421,315,133,34,46,41,178713200,2575,3798
"G5101370","2000","US","3","5","Virginia","51","Orange","137",,,,,"0",,,,,,,,,,,,,"9999","99","9","9999","9999","9",,,,,,,,,"885008655","4412804","Orange County","A","+38241950","-078052767","06",,,14.9,8315,17566,941,479,551,613,742,689,718,609,600,1131,1163,941,509,149,126,181,390724300,3987,7367
"G5101390","2000","US","3","5","Virginia","51","Page","139",,,,,"0",,,,,,,,,,,,,"9999","99","9","9999","9999","9",,,,,,,,,"805810173","7685321","Page County","A","+38613462","-078488469","06",,,19.2,4823,18354,1112,714,731,956,635,714,660,749,573,875,656,528,218,72,63,57,282742000,2169,8388
"G5101410","2000","US","3","5","Virginia","51","Patrick","141",,,,,"0",,,,,,,,,,,,,"9999","99","9","9999","9999","9",,,,,,,,,"1251334788","7050380","Patrick County","A","+36666055","-080285880","06",,,14.5,0,19407,1083,810,752,790,798,544,549,537,477,634,507,389,137,9,26,76,223246700,0,9823
"G5101430","2000","US","3","5","Virginia","51","Pittsylvania","143",,,,,"0",,,,,,,,,,,,,"1950","99","N","9999","9999","9",,,,,,,,,"2514256676","19206311","Pittsylvania County","A","+36823723","-079406928","06",,,16.8,6411,55334,2975,1766,1757,2179,1985,1614,1755,1697,1528,2341,2339,1736,476,220,132,166,839010800,2688,25323
"G5101450","2000","US","3","5","Virginia","51","Powhatan","145",,,,,"0",,,,,,,,,,,,,"6760","99","N","9999","9999","9",,,,,,,,,"676706853","2907626","Powhatan County","A","+37553017","-077882091","06",,,11.8,2282,20095,363,166,341,294,404,346,451,506,407,766,916,1176,491,243,189,194,441344400,0,7509
"G5101470","2000","US","3","5","Virginia","51","Prince Edward","147",,,,,"0",,,,,,,,,,,,,"9999","99","9","9999","9999","9",,,,,,,,,"913652419","2813261","Prince Edward County","A","+37249952","-078429381","06",,,11.7,5652,14068,918,666,651,554,339,473,421,425,381,599,412,345,150,79,95,56,206867100,1553,5974
"G5101490","2000","US","3","5","Virginia","51","Prince George","149",,,,,"0",,,,,,,,,,,,,"6760","99","N","9999","9999","9",,,,,,,,,"687943634","42031732","Prince George County","A","+37203653","-077262969","06",,,11.4,13331,19716,611,429,515,570,553,737,542,586,565,1286,1327,1317,642,226,148,132,542655300,3831,6895
"G5101530","2000","US","3","5","Virginia","51","Prince William","153",,,,,"0",,,,,,,,,,,,,"8872","97","N","8840","9999","9",,,,,,,,,"874855263","27399358","Prince William County","A","+38695694","-077409773","06",,,13.1,254890,25923,2509,1705,2272,2965,3821,4359,4853,4912,4427,9632,13676,17224,10792,5316,4125,2074,6332522200,88818,9234
"G5101550","2000","US","3","5","Virginia","51","Pulaski","155",,,,,"0",,,,,,,,,,,,,"9999","99","9","9999","9999","9",,,,,,,,,"830262288","23375089","Pulaski County","A","+37067783","-080707076","06",,,13.1,17269,17858,1836,1246,1140,1182,1110,983,873,959,809,1316,1469,1009,336,90,158,110,483870000,7811,8514
"G5101570","2000","US","3","5","Virginia","51","Rappahannock","157",,,,,"0",,,,,,,,,,,,,"9999","99","9","9999","9999","9",,,,,,,,,"690419837","672567","Rappahannock County","A","+38687455","-078168325","06",,,17.6,0,6983,171,159,137,207,185,167,115,217,178,261,286,355,145,48,76,89,122816700,0,3303
"G5101590","2000","US","3","5","Virginia","51","Richmond","159",,,,,"0",,,,,,,,,,,,,"9999","99","9","9999","9999","9",,,,,,,,,"495873585","64541178","Richmond County","A","+37926608","-076733047","06",,,19.7,1415,7394,439,248,253,162,236,168,189,175,121,254,291,210,96,30,20,30,101719800,467,3045
"G5101610","2000","US","3","5","Virginia","51","Roanoke","161",,,,,"0",,,,,,,,,,,,,"6800","99","N","9999","9999","9",,,,,,,,,"649738871","461376","Roanoke County","A","+37250378","-080000204","06",,,12.9,66924,18854,1861,1504,1672,1936,2347,2140,2434,2296,2096,3598,4300,4360,2006,806,663,715,1632017400,28447,7674
"G5101630","2000","US","3","5","Virginia","51","Rockbridge","163",,,,,"0",,,,,,,,,,,,,"9999","99","9","9999","9999","9",,,,,,,,,"1553026103","3499935","Rockbridge County","A","+37804403","-079437667","06",,,16.7,764,20044,882,655,579,667,540,706,695,713,485,786,770,471,272,66,42,118,272051800,343,9207
"G5101650","2000","US","3","5","Virginia","51","Rockingham","165",,,,,"0",,,,,,,,,,,,,"9999","99","9","9999","9999","9",,,,,,,,,"2204468897","5554653","Rockingham County","A","+38466513","-078844380","06",,,20.1,22247,45478,1769,1468,1629,1878,1904,1844,1883,1798,1656,2614,2850,2318,825,338,281,297,1016157500,8929,18399
"G5101670","2000","US","3","5","Virginia","51","Russell","167",,,,,"0",,,,,,,,,,,,,"9999","99","9","9999","9999","9",,,,,,,,,"1229359383","5458952","Russell County","A","+36925979","-082117323","06",,,17.7,3340,26968,1916,1239,1034,1223,1066,755,819,623,623,903,655,478,226,111,21,74,318303600,1633,11558
"G5101690","2000","US","3","5","Virginia","51","Scott","169",,,,,"0",,,,,,,,,,,,,"3660","99","N","9999","9999","9",,,,,,,,,"1389736255","5306693","Scott County","A","+36698660","-082594229","06",,,19.8,4389,19014,1791,852,1032,923,741,696,582,628,458,743,737,382,188,25,36,37,234928200,2266,9089
"G5101710","2000","US","3","5","Virginia","51","Shenandoah","171",,,,,"0",,,,,,,,,,,,,"9999","99","9","9999","9999","9",,,,,,,,,"1326604360","836222","Shenandoah County","A","+38862837","-078551862","06",,,19.3,8332,26743,1107,936,929,989,1034,1175,1151,965,925,1476,1535,1119,429,202,126,186,506326000,3763,12946
"G5101730","2000","US","3","5","Virginia","51","Smyth","173",,,,,"0",,,,,,,,,,,,,"9999","99","9","9999","9999","9",,,,,,,,,"1170900626","565693","Smyth County","A","+36831323","-081554293","06",,,17.0,9803,23278,1730,1193,1297,1332,1175,1115,836,870,642,1174,960,634,232,116,48,143,397710500,4285,10826
"G5101750","2000","US","3","5","Virginia","51","Southampton","175",,,,,"0",,,,,,,,,,,,,"9999","99","9","9999","9999","9",,,,,,,,,"1552841242","7244547","Southampton County","A","+36706520","-077089003","06",,,19.5,286,17196,825,543,524,430,448,437,390,399,287,615,583,540,143,49,21,65,233107000,140,6918
"G5101770","2000","US","3","5","Virginia","51","Spotsylvania","177",,,,,"0",,,,,,,,,,,,,"8872","97","N","8840","9999","9",,,,,,,,,"1038226922","29547326","Spotsylvania County","A","+38213368","-077597625","06",,,12.0,58933,31462,962,891,1257,1478,1370,1852,1814,1858,1457,3541,4718,5340,2617,936,675,493,1741570100,21389,11940
"G5101790","2000","US","3","5","Virginia","51","Stafford","179",,,,,"0",,,,,,,,,,,,,"8872","97","N","8840","9999","9",,,,,,,,,"700205624","24848968","Stafford County","A","+38394099","-077431522","06",,,13.2,67849,24597,791,696,654,1009,1227,1233,1388,1250,1592,2995,4759,6241,2990,1684,1018,609,1991256800,22960,8445
"G5101810","2000","US","3","5","Virginia","51","Surry","181",,,,,"0",,,,,,,,,,,,,"9999","99","9","9999","9999","9",,,,,,,,,"722837207","80851177","Surry County","A","+37111675","-076893578","06",,,24.0,0,6829,284,145,246,156,194,214,167,172,137,232,328,227,57,14,11,19,86337200,0,3294
"G5101830","2000","US","3","5","Virginia","51","Sussex","183",,,,,"0",,,,,,,,,,,,,"9999","99","9","9999","9999","9",,,,,,,,,"1270983449","5442975","Sussex County","A","+36926522","-077258464","06",,,18.9,0,12504,648,318,302,342,371,315,249,197,198,353,375,249,109,62,22,14,138775100,0,4653
"G5101850","2000","US","3","5","Virginia","51","Tazewell","185",,,,,"0",,,,,,,,,,,,,"9999","99","9","9999","9999","9",,,,,,,,,"1346127553","383086","Tazewell County","A","+37141879","-081568540","06",,,16.2,18609,25989,2654,1805,2012,1771,1577,1411,1082,1066,929,1295,1060,842,310,179,131,139,499389600,8690,11700
"G5101870","2000","US","3","5","Virginia","51","Warren","187",,,,,"0",,,,,,,,,,,,,"8872","97","N","8840","9999","9",,,,,,,,,"553475290","6801692","Warren County","A","+38924956","-078184419","06",,,14.5,13882,17702,993,620,620,727,842,944,865,845,546,1316,1419,1419,565,176,114,114,510772400,5829,7470
"G5101910","2000","US","3","5","Virginia","51","Washington","191",,,,,"0",,,,,,,,,,,,,"3660","99","N","9999","9999","9",,,,,,,,,"1457801914","8083506","Washington County","A","+36712823","-081958680","06",,,15.2,15502,35601,2527,1761,1662,1874,1708,1530,1366,1346,988,1878,1827,1352,520,190,224,278,698657700,7208,15777
"G5101930","2000","US","3","5","Virginia","51","Westmoreland","193",,,,,"0",,,,,,,,,,,,,"9999","99","9","9999","9999","9",,,,,,,,,"593575171","60760773","Westmoreland County","A","+38155600","-076832067","06",,,14.5,4300,12418,778,704,576,414,525,366,424,405,415,567,696,602,153,95,58,87,219265500,2625,6661
"G5101950","2000","US","3","5","Virginia","51","Wise","195",,,,,"0",,,,,,,,,,,,,"9999","99","9","9999","9999","9",,,,,,,,,"1046464808","3053391","Wise County","A","+36953238","-082623990","06",,,21.4,15269,24854,2732,1874,1616,1501,1116,1146,1076,825,710,1153,1027,744,229,60,100,138,408173800,6920,10872
"G5101970","2000","US","3","5","Virginia","51","Wythe","197",,,,,"0",,,,,,,,,,,,,"9999","99","9","9999","9999","9",,,,,,,,,"1199792453","3556294","Wythe County","A","+36925723","-081082048","06",,,13.6,6665,20934,1536,998,973,957,885,838,727,763,694,1045,915,623,191,125,91,156,358315400,3320,9424
"G5101990","2000","US","3","5","Virginia","51","York","199",,,,,"0",,,,,,,,,,,,,"5720","99","N","9999","9999","9",,,,,,,,,"273631204","284562332","York County","A","+37193689","-076504041","06",,,12.6,50952,5345,567,425,801,948,1176,1161,1179,1139,1063,1884,2470,3415,1881,788,646,371,1086570300,18659,2042
"G5105100","2000","US","3","5","Virginia","51","Alexandria City","510",,,,,"9",,,,,,,,,,,,,"8872","97","N","8840","9999","9",,,,,,,,,"39310427","595095","Alexandria city","F","+38816242","-077071282","08",,,13.4,128283,0,3408,1949,2108,2646,2996,3629,3647,3673,2928,5983,7261,8091,4671,2914,2825,3239,4072277300,64251,0
"G5105150","2000","US","3","5","Virginia","51","Bedford City","515",,,,,"9",,,,,,,,,,,,,"4640","99","N","9999","9999","9",,,,,,,,,"17839806","33230","Bedford city","F","+37334591","-079522783","08",,,11.8,6299,0,465,198,272,204,178,208,197,102,159,129,198,79,51,34,32,14,64001500,2702,0
"G5105200","2000","US","3","5","Virginia","51","Bristol City","520",,,,,"9",,,,,,,,,,,,,"3660","99","N","9999","9999","9",,,,,,,,,"33408015","688883","Bristol city","F","+36611116","-082176193","08",,,13.5,17222,145,1255,872,671,758,559,668,593,382,301,499,468,385,100,56,53,94,192330600,8401,68
"G5105300","2000","US","3","5","Virginia","51","Buena Vista City","530",,,,,"9",,,,,,,,,,,,,"9999","99","9","9999","9999","9",,,,,,,,,"17691506","0","Buena Vista city","F","+37732184","-079353325","08",,,12.9,6157,192,323,194,217,239,218,136,246,101,183,208,256,113,52,27,16,13,76550700,2653,63
"G5105400","2000","US","3","5","Virginia","51","Charlottesville City","540",,,,,"9",,,,,,,,,,,,,"1540","99","N","9999","9999","9",,,,,,,,,"26579341","0","Charlottesville city","F","+38034506","-078486474","08",,,14.4,45049,0,2645,1475,1578,1384,1106,1081,1102,724,705,1197,1383,1201,509,313,240,218,588810100,17591,0
"G5105500","2000","US","3","5","Virginia","51","Chesapeake City","550",,,,,"9",,,,,,,,,,,,,"5720","99","N","9999","9999","9",,,,,,,,,"882457445","26367516","Chesapeake city","F","+36767398","-076287405","08",,,12.6,179359,19825,3976,3134,2961,3741,3832,3987,4458,4360,3796,7454,10239,9574,4637,1644,1134,908,3472908000,66582,6090
"G5105600","2000","US","3","5","Virginia","51","Clifton Forge City","560",,,,,"9",,,,,,,,,,,,,"9999","99","9","9999","9999","9",,,,,,,,,"8006155","11261","Clifton Forge city","F","+37819801","-079823584","08",,,16.1,4289,0,286,212,211,193,106,145,168,95,66,101,117,56,48,15,5,14,43442800,2069,0
"G5105700","2000","US","3","5","Virginia","51","Colonial Heights City","570",,,,,"9",,,,,,,,,,,,,"6760","99","N","9999","9999","9",,,,,,,,,"19361816","802324","Colonial Heights city","F","+37262257","-077402728","08",,,15.8,16897,0,338,304,365,506,593,525,542,494,386,665,854,783,371,137,72,102,278882000,7340,0
"G5105800","2000","US","3","5","Virginia","51","Covington City","580",,,,,"9",,,,,,,,,,,,,"9999","99","9","9999","9999","9",,,,,,,,,"14689470","0","Covington city","F","+37786225","-079988817","08",,,16.5,6303,0,375,255,276,255,240,223,188,211,147,276,213,115,21,7,11,22,76088300,3195,0
"G5105900","2000","US","3","5","Virginia","51","Danville City","590",,,,,"9",,,,,,,,,,,,,"1950","99","N","9999","9999","9",,,,,,,,,"111527387","2269642","Danville city","F","+36587238","-079404404","08",,,14.8,45359,3052,3511,2089,2193,1834,1551,1389,1198,873,908,1509,1510,980,462,172,145,284,603864700,21736,1372
"G5105950","2000","US","3","5","Virginia","51","Emporia City","595",,,,,"9",,,,,,,,,,,,,"9999","99","9","9999","9999","9",,,,,,,,,"17852615","191800","Emporia city","F","+36693018","-077538090","08",,,15.1,5226,439,344,193,181,182,197,167,170,94,105,195,178,126,36,16,24,14,62496000,2151,261
"G5106000","2000","US","3","5","Virginia","51","Fairfax City","600",,,,,"9",,,,,,,,,,,,,"8872","97","N","8840","9999","9",,,,,,,,,"16343135","0","Fairfax city","F","+38852612","-077304377","08",,,15.0,21498,0,229,123,173,270,243,262,439,461,330,862,1055,1441,712,581,501,331,538280200,8204,0
"G5106100","2000","US","3","5","Virginia","51","Falls Church City","610",,,,,"9",,,,,,,,,,,,,"8872","97","N","8840","9999","9",,,,,,,,,"5143012","0","Falls Church city","F","+38884481","-077176155","08",,,15.6,10377,0,157,121,112,147,111,135,210,182,198,388,477,630,566,382,309,347,347596500,4725,0
"G5106200","2000","US","3","5","Virginia","51","Franklin City","620",,,,,"9",,,,,,,,,,,,,"9999","99","9","9999","9999","9",,,,,,,,,"21633451","121516","Franklin city","F","+36674954","-076930799","08",,,15.3,8189,157,599,306,261,236,226,221,218,162,133,205,268,242,152,60,54,52,108991500,3688,79
"G5106300","2000","US","3","5","Virginia","51","Fredericksburg City","630",,,,,"9",,,,,,,,,,,,,"8872","97","N","8840","9999","9",,,,,,,,,"27240815","11569","Fredericksburg city","F","+38301829","-077470778","08",,,14.0,19199,80,809,765,606,601,706,589,449,397,402,627,755,564,285,166,189,176,317221300,8866,22
"G5106400","2000","US","3","5","Virginia","51","Galax City","640",,,,,"9",,,,,,,,,,,,,"9999","99","9","9999","9999","9",,,,,,,,,"21311140","0","Galax city","F","+36664675","-080920275","08",,,11.2,6204,633,505,320,228,234,273,196,138,130,170,373,157,85,32,12,15,70,85947700,2934,283
"G5106500","2000","US","3","5","Virginia","51","Hampton City","650",,,,,"9",,,,,,,,,,,,,"5720","99","N","9999","9999","9",,,,,,,,,"134112964","218719814","Hampton city","F","+37034946","-076360126","08",,,12.4,146151,286,4503,3523,3718,3909,4425,3966,3195,3323,3131,5556,5758,5249,1863,777,543,515,2325062000,57195,116
"G5106600","2000","US","3","5","Virginia","51","Harrisonburg City","660",,,,,"9",,,,,,,,,,,,,"9999","99","9","9999","9999","9",,,,,,,,,"45483574","75836","Harrisonburg city","F","+38443279","-078872759","08",,,11.7,40407,61,1999,1401,1055,1136,996,861,788,739,519,1005,929,812,344,250,117,205,459836000,13660,29
"G5106700","2000","US","3","5","Virginia","51","Hopewell City","670",,,,,"9",,,,,,,,,,,,,"6760","99","N","9999","9999","9",,,,,,,,,"26530144","1503140","Hopewell city","F","+37290399","-077303371","08",,,10.9,22354,0,1131,679,690,701,884,694,565,522,572,1028,680,487,257,89,25,49,270041100,9749,0
"G5106780","2000","US","3","5","Virginia","51","Lexington City","678",,,,,"9",,,,,,,,,,,,,"9999","99","9","9999","9999","9",,,,,,,,,"6458555","0","Lexington city","F","+37782938","-079445198","08",,,13.0,6867,0,407,254,176,155,159,87,87,45,98,117,177,204,116,59,18,64,75169200,2376,0
"G5106800","2000","US","3","5","Virginia","51","Lynchburg City","680",,,,,"9",,,,,,,,,,,,,"4640","99","N","9999","9999","9",,,,,,,,,"127921739","947003","Lynchburg city","F","+37403672","-079170205","08",,,14.3,63295,1974,3550,2130,2237,2040,1829,1885,1650,1304,1270,1922,1990,1806,794,347,318,393,878087700,26837,803
"G5106830","2000","US","3","5","Virginia","51","Manassas City","683",,,,,"9",,,,,,,,,,,,,"8872","97","N","8840","9999","9",,,,,,,,,"25727953","57532","Manassas city","F","+38751415","-077476396","08",,,11.7,35115,20,349,379,276,542,572,543,552,636,734,1262,1599,2041,1179,458,351,312,754151600,12111,3
"G5106850","2000","US","3","5","Virginia","51","Manassas Park City","685",,,,,"9",,,,,,,,,,,,,"8872","97","N","8840","9999","9",,,,,,,,,"6454537","0","Manassas Park city","F","+38773564","-077453542","08",,,14.8,10290,0,88,89,92,89,109,186,196,138,176,420,556,665,239,88,65,57,199911200,3365,0
"G5106900","2000","US","3","5","Virginia","51","Martinsville City","690",,,,,"9",,,,,,,,,,,,,"9999","99","9","9999","9999","9",,,,,,,,,"28375210","134337","Martinsville city","F","+36686143","-079869171","08",,,15.2,15416,0,1079,655,720,511,510,493,325,330,285,426,495,292,176,79,60,70,185010100,7249,0
"G5107000","2000","US","3","5","Virginia","51","Newport News City","700",,,,,"9",,,,,,,,,,,,,"5720","99","N","9999","9999","9",,,,,,,,,"176881042","131458568","Newport News city","F","+37071046","-076484557","08",,,12.3,180101,49,7268,5061,4744,5330,5060,5634,4807,4219,4087,6638,7073,5700,2135,894,542,558,2534346000,74075,42
"G5107100","2000","US","3","5","Virginia","51","Norfolk City","710",,,,,"9",,,,,,,,,,,,,"5720","99","N","9999","9999","9",,,,,,,,,"139155107","110271113","Norfolk city","F","+36885747","-076259900","08",,,14.0,234403,0,12024,6883,6951,7514,6930,6540,5519,5117,4596,6909,6493,5264,2118,1200,915,1205,3177568400,94416,0
"G5107200","2000","US","3","5","Virginia","51","Norton City","720",,,,,"9",,,,,,,,,,,,,"9999","99","9","9999","9999","9",,,,,,,,,"19501536","0","Norton city","F","+36936805","-082625146","08",,,17.3,3571,333,379,239,168,125,103,106,77,103,81,85,110,63,57,11,15,8,41396900,1761,185
"G5107300","2000","US","3","5","Virginia","51","Petersburg City","730",,,,,"9",,,,,,,,,,,,,"6760","99","N","9999","9999","9",,,,,,,,,"59260966","789462","Petersburg city","F","+37212950","-077400417","08",,,12.8,32878,862,2311,1266,1118,1230,1189,920,810,768,687,929,1147,818,283,99,110,110,391351000,15554,401
"G5107350","2000","US","3","5","Virginia","51","Poquoson City","735",,,,,"9",,,,,,,,,,,,,"5720","99","N","9999","9999","9",,,,,,,,,"40186651","162933240","Poquoson city","F","+37133153","-076373881","08",,,16.5,11077,489,121,169,116,186,208,207,182,205,158,467,647,722,309,227,139,103,223411300,4088,212
"G5107400","2000","US","3","5","Virginia","51","Portsmouth City","740",,,,,"9",,,,,,,,,,,,,"5720","99","N","9999","9999","9",,,,,,,,,"85885150","34863486","Portsmouth city","F","+36831298","-076345641","08",,,13.3,100565,0,4633,2899,3173,2985,3189,2798,2658,2316,2008,3412,3596,2642,997,316,302,213,1243990900,41605,0
"G5107500","2000","US","3","5","Virginia","51","Radford City","750",,,,,"9",,,,,,,,,,,,,"9999","99","9","9999","9999","9",,,,,,,,,"25429628","961866","Radford city","F","+37127585","-080569523","08",,,11.5,15443,416,1404,597,490,438,283,286,275,320,305,367,487,246,94,76,90,46,169174700,5934,203
"G5107600","2000","US","3","5","Virginia","51","Richmond City","760",,,,,"9",,,,,,,,,,,,,"6760","99","N","9999","9999","9",,,,,,,,,"155581363","6418229","Richmond city","F","+37538346","-077461507","08",,,12.7,197790,0,13492,6914,6863,6825,6634,5563,5219,4459,3639,6265,6217,5465,2586,1413,1253,1759,3041535500,92282,0
"G5107700","2000","US","3","5","Virginia","51","Roanoke City","770",,,,,"9",,,,,,,,,,,,,"6800","99","N","9999","9999","9",,,,,,,,,"111070256","71960","Roanoke city","F","+37276895","-079955711","08",,,13.4,94911,0,5732,3824,3791,3680,3468,3252,2629,2537,2027,3333,3149,2497,841,350,387,529,1309337600,45257,0
"G5107750","2000","US","3","5","Virginia","51","Salem City","775",,,,,"9",,,,,,,,,,,,,"6800","99","N","9999","9999","9",,,,,,,,,"37783681","0","Salem city","F","+37286895","-080055836","08",,,11.8,24747,0,746,520,736,916,725,843,596,728,550,1081,841,808,379,212,128,124,369969400,10403,0
"G5107900","2000","US","3","5","Virginia","51","Staunton City","790",,,,,"9",,,,,,,,,,,,,"9999","99","9","9999","9999","9",,,,,,,,,"51043823","0","Staunton city","F","+38157920","-079076450","08",,,13.5,23646,207,1197,745,797,982,761,585,528,466,517,818,991,658,234,121,165,116,326168500,10338,89
"G5108000","2000","US","3","5","Virginia","51","Suffolk City","800",,,,,"9",,,,,,,,,,,,,"5720","99","N","9999","9999","9",,,,,,,,,"1036048206","75234666","Suffolk city","F","+36741347","-076609881","08",,,12.8,46170,17507,2607,1535,1359,1502,1488,1456,1389,1270,1326,2531,2483,2248,1014,484,293,305,957861600,17555,7149
"G5108100","2000","US","3","5","Virginia","51","Virginia Beach City","810",,,,,"9",,,,,,,,,,,,,"5720","99","N","9999","9999","9",,,,,,,,,"643073238","644994920","Virginia Beach city","F","+36834498","-076087179","08",,,12.2,419437,5820,6628,5344,6842,8654,10499,10705,11064,10298,9614,17372,20546,18367,8487,4133,2794,3288,7736465100,159889,2388
"G5108200","2000","US","3","5","Virginia","51","Waynesboro City","820",,,,,"9",,,,,,,,,,,,,"9999","99","9","9999","9999","9",,,,,,,,,"39783124","49217","Waynesboro city","F","+38069874","-078894517","08",,,12.8,19072,448,926,583,934,704,609,665,463,559,416,783,741,486,240,66,82,61,254070300,8679,184
"G5108300","2000","US","3","5","Virginia","51","Williamsburg City","830",,,,,"9",,,,,,,,,,,,,"5720","99","N","9999","9999","9",,,,,,,,,"22131351","334423","Williamsburg city","F","+37274882","-076708339","08",,,14.1,11998,0,394,299,227,304,233,243,231,167,228,322,248,241,161,96,131,91,155090400,3880,0
"G5108400","2000","US","3","5","Virginia","51","Winchester City","840",,,,,"9",,,,,,,,,,,,,"9999","99","9","9999","9999","9",,,,,,,,,"24176117","0","Winchester city","F","+39178355","-078166771","08",,,12.3,23585,0,1075,683,797,870,894,773,572,647,434,768,963,679,311,173,155,200,380047500,10587,0
"G5300010","2000","US","4","9","Washington","53","Adams","001",,,,,"0",,,,,,,,,,,,,"9999","99","9","9999","9999","9",,,,,,,,,"4985625808","12242664","Adams County","A","+46968101","-118683987","06",,,22.7,7686,8742,408,373,459,506,502,441,365,436,339,482,463,244,105,26,19,49,173961000,2373,3400
"G5300030","2000","US","4","9","Washington","53","Asotin","003",,,,,"0",,,,,,,,,,,,,"9999","99","9","9999","9999","9",,,,,,,,,"1645531749","13837868","Asotin County","A","+46305908","-117115067","06",,,19.3,19359,1192,874,667,682,847,656,610,554,553,396,668,707,602,273,104,72,87,265670100,8486,625
"G5300050","2000","US","4","9","Washington","53","Benton","005",,,,,"0",,,,,,,,,,,,,"6740","99","N","9999","9999","9",,,,,,,,,"4410986706","147711486","Benton County","A","+46248840","-119385012","06",,,13.1,124926,17549,3229,2984,3034,3256,2973,3658,3125,2983,2578,5220,6493,7302,3156,1238,848,739,2434450800,50040,5923
"G5300070","2000","US","4","9","Washington","53","Chelan","007",,,,,"0",,,,,,,,,,,,,"9999","99","9","9999","9999","9",,,,,,,,,"7566304813","187133390","Chelan County","A","+47640411","-120420110","06",,,15.2,41299,25317,2234,1885,1793,2245,1810,1770,1483,1304,1333,2248,2482,2027,958,528,342,520,954683200,17174,13233
"G5300090","2000","US","4","9","Washington","53","Clallam","009",,,,,"0",,,,,,,,,,,,,"9999","99","9","9999","9999","9",,,,,,,,,"4505160719","2410998360","Clallam County","A","+48098215","-123824892","06",,,17.1,33711,30814,2877,2097,1987,1963,1941,2099,1930,1635,1709,2666,2652,2033,687,239,365,307,770353700,16444,14239
"G5300110","2000","US","4","9","Washington","53","Clark","011",,,,,"0",,,,,,,,,,,,,"6442","79","N","6440","9999","9",,,,,,,,,"1627086954","72502560","Clark County","A","+45692187","-122547831","06",,,13.5,284607,60631,7434,6082,6398,6988,7653,7616,8376,7761,7801,13462,16986,15697,7509,3140,2512,1875,6106251100,113154,20876
"G5300130","2000","US","4","9","Washington","53","Columbia","013",,,,,"0",,,,,,,,,,,,,"9999","99","9","9999","9999","9",,,,,,,,,"2250218881","12210833","Columbia County","A","+46337053","-117958346","06",,,25.5,2729,1335,159,171,148,131,156,91,117,104,120,126,168,111,54,9,5,18,51383500,1210,808
"G5300150","2000","US","4","9","Washington","53","Cowlitz","015",,,,,"0",,,,,,,,,,,,,"9999","99","9","9999","9999","9",,,,,,,,,"2949072393","71715831","Cowlitz County","A","+46172511","-122748267","06",,,15.3,62635,30313,3442,2843,2393,2475,2265,2365,2237,2176,2256,3681,3854,3289,1378,516,410,303,1311099100,26528,12096
"G5300170","2000","US","4","9","Washington","53","Douglas","017",,,,,"0",,,,,,,,,,,,,"9999","99","9","9999","9999","9",,,,,,,,,"4715142292","72948216","Douglas County","A","+47670775","-119888547","06",,,21.2,22678,9925,1067,724,869,1019,833,734,839,639,632,1187,1377,1107,366,162,68,101,428046000,8689,4255
"G5300190","2000","US","4","9","Washington","53","Ferry","019",,,,,"0",,,,,,,,,,,,,"9999","99","9","9999","9999","9",,,,,,,,,"5708287311","138508988","Ferry County","A","+48495464","-118523636","06",,,37.0,0,7260,417,304,240,223,205,218,181,181,120,244,249,136,44,24,12,16,80870400,0,3775
"G5300210","2000","US","4","9","Washington","53","Franklin","021",,,,,"0",,,,,,,,,,,,,"6740","99","N","9999","9999","9",,,,,,,,,"3217805431","59434923","Franklin County","A","+46399750","-119039504","06",,,16.0,39581,9766,1610,945,1230,1055,902,917,954,1064,727,1320,1428,1386,664,275,224,169,607112700,12861,3223
"G5300230","2000","US","4","9","Washington","53","Garfield","023",,,,,"0",,,,,,,,,,,,,"9999","99","9","9999","9999","9",,,,,,,,,"1840310422","19794402","Garfield County","A","+46408260","-117549553","06",,,40.8,0,2397,123,78,93,84,87,55,45,60,54,99,111,63,30,8,5,4,28105000,0,1288
"G5300250","2000","US","4","9","Washington","53","Grant","025",,,,,"0",,,,,,,,,,,,,"9999","99","9","9999","9999","9",,,,,,,,,"6943915456","285498298","Grant County","A","+47223757","-119410536","06",,,18.6,39422,35276,2728,1767,1972,2002,2095,1914,2006,1571,1397,2227,2227,1751,727,424,177,222,869174400,14668,14413
"G5300270","2000","US","4","9","Washington","53","Grays Harbor","027",,,,,"0",,,,,,,,,,,,,"9999","99","9","9999","9999","9",,,,,,,,,"4964713992","796559594","Grays Harbor County","A","+47064661","-123771823","06",,,19.8,40722,26472,3260,2389,2033,2095,1964,1952,1883,1713,1325,2451,2432,1951,759,225,184,191,818980000,18911,13578
"G5300290","2000","US","4","9","Washington","53","Island","029",,,,,"0",,,,,,,,,,,,,"7602","91","N","7600","9999","9",,,,,,,,,"539840486","800184622","Island County","A","+48181864","-122587342","06",,,16.1,37108,34450,1601,1439,1470,1836,2062,1804,1772,1704,1667,3177,3586,2882,1372,486,531,367,1072734700,15191,17187
"G5300310","2000","US","4","9","Washington","53","Jefferson","031",,,,,"0",,,,,,,,,,,,,"9999","99","9","9999","9999","9",,,,,,,,,"4698834779","956464956","Jefferson County","A","+47858313","-123190978","06",,,16.2,11627,14326,1073,937,843,897,829,821,705,701,672,994,1224,991,465,171,187,139,350165800,5807,8337
"G5300330","2000","US","4","9","Washington","53","King","033",,,,,"0",,,,,,,,,,,,,"7602","91","N","7600","9999","9",,,,,,,,,"5506429437","467451370","King County","A","+47548745","-122196851","06",,,12.7,1672064,64970,45534,30146,30575,35839,37726,39594,38518,38149,34557,65568,84980,96885,53855,27758,24479,27072,42027405600,716665,25572
"G5300350","2000","US","4","9","Washington","53","Kitsap","035",,,,,"0",,,,,,,,,,,,,"7602","91","N","1150","9999","9",,,,,,,,,"1025567312","440320847","Kitsap County","A","+47616367","-122638179","06",,,14.6,186388,45581,5352,4368,4709,5006,5260,5715,5431,5371,5013,8970,10367,10780,4761,2227,1499,1564,4010544700,74859,17785
"G5300370","2000","US","4","9","Washington","53","Kittitas","037",,,,,"0",,,,,,,,,,,,,"9999","99","9","9999","9999","9",,,,,,,,,"5949685399","93049106","Kittitas County","A","+47103259","-120706571","06",,,20.3,19845,13517,2173,1414,891,911,789,929,746,633,684,1039,1232,994,444,151,147,228,481015400,8946,7529
"G5300390","2000","US","4","9","Washington","53","Klickitat","039",,,,,"0",,,,,,,,,,,,,"9999","99","9","9999","9999","9",,,,,,,,,"4849426459","82369002","Klickitat County","A","+45861905","-120956947","06",,,22.6,7997,11164,892,679,569,572,541,562,478,550,350,750,668,522,198,55,34,61,240898100,3522,5111
"G5300410","2000","US","4","9","Washington","53","Lewis","041",,,,,"0",,,,,,,,,,,,,"9999","99","9","9999","9999","9",,,,,,,,,"6235751476","74145249","Lewis County","A","+46595802","-122676792","06",,,21.6,24634,43966,2765,2144,2083,1985,1945,2069,1761,1830,1460,2475,2638,1844,644,227,211,281,813745600,10585,19000
"G5300430","2000","US","4","9","Washington","53","Lincoln","043",,,,,"0",,,,,,,,,,,,,"9999","99","9","9999","9999","9",,,,,,,,,"5985994704","73828961","Lincoln County","A","+47605132","-118379105","06",,,41.2,0,10184,395,315,310,363,348,338,322,247,235,419,364,291,121,42,41,29,120648800,0,5298
"G5300450","2000","US","4","9","Washington","53","Mason","045",,,,,"0",,,,,,,,,,,,,"9999","99","9","9999","9999","9",,,,,,,,,"2489125299","233033245","Mason County","A","+47313345","-123104320","06",,,18.2,12507,36898,1785,1162,1255,1418,1333,1311,1267,1407,1166,2011,2080,1524,587,230,193,147,621136200,5084,20431
"G5300470","2000","US","4","9","Washington","53","Okanogan","047",,,,,"0",,,,,,,,,,,,,"9999","99","9","9999","9999","9",,,,,,,,,"13644228149","121969271","Okanogan County","A","+48535173","-119581592","06",,,25.8,8476,31088,2111,1537,1333,1412,1176,1224,1070,834,744,1056,1043,864,279,93,124,118,414549000,3520,15565
"G5300490","2000","US","4","9","Washington","53","Pacific","049",,,,,"0",,,,,,,,,,,,,"9999","99","9","9999","9999","9",,,,,,,,,"2416384456","752453525","Pacific County","A","+46538320","-123805494","06",,,24.4,10258,10726,1153,813,923,810,640,798,485,672,487,726,653,533,191,61,62,82,224415700,6820,7171
"G5300510","2000","US","4","9","Washington","53","Pend Oreille","051",,,,,"0",,,,,,,,,,,,,"9999","99","9","9999","9999","9",,,,,,,,,"3626675932","64874635","Pend Oreille County","A","+48452111","-117277731","06",,,30.2,0,11732,629,450,418,356,334,327,296,288,239,402,349,303,132,44,31,35,128234300,0,6608
"G5300530","2000","US","4","9","Washington","53","Pierce","053",,,,,"0",,,,,,,,,,,,,"7602","91","N","8200","9999","9",,,,,,,,,"4348366146","330437071","Pierce County","A","+47171571","-122383565","06",,,14.9,645781,55039,18639,13841,14506,16133,17207,17117,16715,15672,14134,26600,32134,30989,13519,5611,4081,3999,11752396700,255229,21831
"G5300550","2000","US","4","9","Washington","53","San Juan","055",,,,,"0",,,,,,,,,,,,,"9999","99","9","9999","9999","9",,,,,,,,,"453048860","1155515756","San Juan County","A","+48575362","-122966438","06",,,14.4,0,14077,509,408,374,407,373,458,469,332,418,664,592,579,277,147,174,287,254551600,0,9752
"G5300570","2000","US","4","9","Washington","53","Skagit","057",,,,,"0",,,,,,,,,,,,,"9999","99","9","9999","9999","9",,,,,,,,,"4493987456","480001117","Skagit County","A","+48465407","-122219360","06",,,14.5,69057,33922,2852,2349,2401,2458,2612,2776,2477,2635,2328,3667,4481,4099,1624,748,559,748,1581787700,27714,14967
"G5300590","2000","US","4","9","Washington","53","Skamania","059",,,,,"0",,,,,,,,,,,,,"9999","99","9","9999","9999","9",,,,,,,,,"4290148847","71017875","Skamania County","A","+45900880","-121954636","06",,,30.1,0,9872,367,238,239,243,238,316,266,240,212,410,441,314,102,48,49,38,140255100,0,4576
"G5300610","2000","US","4","9","Washington","53","Snohomish","061",,,,,"0",,,,,,,,,,,,,"7602","91","N","7600","9999","9",,,,,,,,,"5410645131","278024082","Snohomish County","A","+47976838","-122094183","06",,,12.9,539399,66625,11349,8584,9382,10937,12473,12898,12967,12959,11979,24354,31467,33554,16618,6956,4630,3859,11950570300,210730,25475
"G5300630","2000","US","4","9","Washington","53","Spokane","063",,,,,"0",,,,,,,,,,,,,"7840","99","N","9999","9999","9",,,,,,,,,"4567796041","44250985","Spokane County","A","+47666905","-117384910","06",,,13.7,359697,58242,16348,11797,12065,12525,12120,11727,10551,9754,8422,15405,16214,13943,6275,2642,1961,2077,6200464400,152692,22313
"G5300650","2000","US","4","9","Washington","53","Stevens","065",,,,,"0",,,,,,,,,,,,,"9999","99","9","9999","9999","9",,,,,,,,,"6418768059","161447544","Stevens County","A","+48404512","-117844794","06",,,28.1,8446,31620,1793,1219,1301,1180,1064,1025,993,1097,847,1396,1340,1147,282,151,100,113,471469800,3324,14275
"G5300670","2000","US","4","9","Washington","53","Thurston","067",,,,,"0",,,,,,,,,,,,,"7602","91","N","5910","9999","9",,,,,,,,,"1882977071","120732807","Thurston County","A","+46968825","-122845011","06",,,13.4,156223,51132,5422,4251,4021,5078,5127,5290,4756,4968,4777,8784,10705,9655,4589,1841,1160,1242,3637226000,66064,20588
"G5300690","2000","US","4","9","Washington","53","Wahkiakum","069",,,,,"0",,,,,,,,,,,,,"9999","99","9","9999","9999","9",,,,,,,,,"684382219","58134623","Wahkiakum County","A","+46289509","-123456562","06",,,27.3,0,3824,90,87,124,143,112,113,115,122,58,175,220,113,32,6,22,12,49459000,0,1792
"G5300710","2000","US","4","9","Washington","53","Walla Walla","071",,,,,"0",,,,,,,,,,,,,"9999","99","9","9999","9999","9",,,,,,,,,"3290593151","74436368","Walla Walla County","A","+46129079","-118409204","06",,,14.6,44686,10494,2102,1643,1628,1725,1227,1297,1113,1183,922,1904,2069,1556,680,247,194,160,674733100,17079,4068
"G5300730","2000","US","4","9","Washington","53","Whatcom","073",,,,,"0",,,,,,,,,,,,,"0860","99","N","9999","9999","9",,,,,,,,,"5489566267","994607077","Whatcom County","A","+48830987","-122400928","06",,,14.0,113006,53808,6281,4344,4359,4552,4355,4259,4077,4034,3488,5904,7099,5955,2707,996,1016,1038,2569402800,50663,23230
"G5300750","2000","US","4","9","Washington","53","Whitman","075",,,,,"0",,,,,,,,,,,,,"9999","99","9","9999","9999","9",,,,,,,,,"5592749373","47210352","Whitman County","A","+46920742","-117387266","06",,,23.4,27458,13282,2659,1846,1253,1057,1082,919,762,762,586,1186,1143,1033,411,267,181,100,474000600,10707,5969
"G5300770","2000","US","4","9","Washington","53","Yakima","077",,,,,"0",,,,,,,,,,,,,"9260","99","N","9999","9999","9",,,,,,,,,"11127183346","39827088","Yakima County","A","+46482454","-120512943","06",,,13.7,158403,64178,8127,5528,6154,5882,6044,5444,4453,4465,3753,6625,6932,5449,2514,1001,706,940,2699720000,57558,21616
"G5400010","2000","US","3","5","West Virginia","54","Barbour","001",,,,,"0",,,,,,,,,,,,,"9999","99","9","9999","9999","9",,,,,,,,,"882637518","5088612","Barbour County","A","+39129016","-080007572","06",,,23.4,2589,12968,1136,750,654,555,503,583,339,339,199,396,330,210,78,22,12,26,140925600,1142,6206
"G5400030","2000","US","3","5","West Virginia","54","Berkeley","003",,,,,"0",,,,,,,,,,,,,"8872","97","N","8840","9999","9",,,,,,,,,"831746334","1134871","Berkeley County","A","+39462988","-077983926","06",,,12.2,41188,34717,2832,1679,1951,2321,2097,2278,2090,1968,1797,2965,3413,2452,995,334,253,191,1095473000,18293,14620
"G5400050","2000","US","3","5","West Virginia","54","Boone","005",,,,,"0",,,,,,,,,,,,,"9999","99","9","9999","9999","9",,,,,,,,,"1302723667","509062","Boone County","A","+38063291","-081733571","06",,,18.2,3058,22477,1880,1219,1049,865,742,675,575,463,467,699,815,515,141,45,40,66,254999100,1544,10031
"G5400070","2000","US","3","5","West Virginia","54","Braxton","007",,,,,"0",,,,,,,,,,,,,"9999","99","9","9999","9999","9",,,,,,,,,"1329906592","6957875","Braxton County","A","+38681652","-080736286","06",,,23.3,0,14702,1096,707,605,540,505,478,283,257,209,350,337,251,67,35,34,38,133179700,0,7374
"G5400090","2000","US","3","5","West Virginia","54","Brooke","009",,,,,"0",,,,,,,,,,,,,"8080","99","N","9999","9999","9",,,,,,,,,"230115590","8832451","Brooke County","A","+40296424","-080590963","06",,,17.5,14606,10841,1052,984,899,888,826,846,800,622,556,862,942,633,240,99,80,81,300138000,6934,4216
"G5400110","2000","US","3","5","West Virginia","54","Cabell","011",,,,,"0",,,,,,,,,,,,,"3400","99","N","9999","9999","9",,,,,,,,,"729323502","16656567","Cabell County","A","+38412924","-082323238","06",,,14.4,74461,22323,7431,4086,3481,3413,3051,2596,2614,2110,1562,2818,3153,2627,992,490,367,471,1216979900,36081,9534
"G5400130","2000","US","3","5","West Virginia","54","Calhoun","013",,,,,"0",,,,,,,,,,,,,"9999","99","9","9999","9999","9",,,,,,,,,"726809639","40789","Calhoun County","A","+38861008","-081106922","06",,,19.9,0,7582,667,489,297,289,237,235,144,112,61,225,192,90,37,2,6,1,58298300,0,3848
"G5400150","2000","US","3","5","West Virginia","54","Clay","015",,,,,"0",,,,,,,,,,,,,"9999","99","9","9999","9999","9",,,,,,,,,"886809002","3681552","Clay County","A","+38459274","-081079453","06",,,19.2,0,10330,933,579,328,348,375,310,200,169,148,224,225,117,30,38,5,19,83171900,0,4836
"G5400170","2000","US","3","5","West Virginia","54","Doddridge","017",,,,,"0",,,,,,,,,,,,,"9999","99","9","9999","9999","9",,,,,,,,,"829918475","127235","Doddridge County","A","+39280200","-080718964","06",,,20.3,0,7403,494,284,299,229,299,217,231,164,113,172,161,121,28,0,15,25,67573100,0,3661
"G5400190","2000","US","3","5","West Virginia","54","Fayette","019",,,,,"0",,,,,,,,,,,,,"9999","99","9","9999","9999","9",,,,,,,,,"1719568475","11476697","Fayette County","A","+38031065","-081119605","06",,,22.0,18717,28862,3487,2332,1983,1772,1505,1369,1160,858,808,1246,1105,810,289,68,75,139,444649600,8960,12656
"G5400210","2000","US","3","5","West Virginia","54","Gilmer","021",,,,,"0",,,,,,,,,,,,,"9999","99","9","9999","9999","9",,,,,,,,,"880712528","59977","Gilmer County","A","+38933024","-080845574","06",,,23.5,0,7160,598,315,302,307,192,188,130,155,115,157,105,134,25,28,23,6,57893800,0,3621
"G5400230","2000","US","3","5","West Virginia","54","Grant","023",,,,,"0",,,,,,,,,,,,,"9999","99","9","9999","9999","9",,,,,,,,,"1235964455","7732397","Grant County","A","+39089792","-079180142","06",,,18.5,2537,8762,640,452,461,502,321,412,280,283,238,397,288,201,42,29,18,44,139973200,1289,4816
"G5400250","2000","US","3","5","West Virginia","54","Greenbrier","025",,,,,"0",,,,,,,,,,,,,"9999","99","9","9999","9999","9",,,,,,,,,"2645045348","8218821","Greenbrier County","A","+37900851","-080507974","06",,,21.3,9954,24499,2591,1609,1276,1395,1173,1110,1008,771,627,920,861,600,261,83,141,190,404414400,5183,12461
"G5400270","2000","US","3","5","West Virginia","54","Hampshire","027",,,,,"0",,,,,,,,,,,,,"9999","99","9","9999","9999","9",,,,,,,,,"1662048488","7499199","Hampshire County","A","+39322538","-078633701","06",,,16.7,0,20203,1106,564,729,686,607,683,563,572,452,782,686,342,79,33,62,39,222085500,0,11185
"G5400290","2000","US","3","5","West Virginia","54","Hancock","029",,,,,"0",,,,,,,,,,,,,"8080","99","N","9999","9999","9",,,,,,,,,"214505488","14331416","Hancock County","A","+40504722","-080575484","06",,,15.4,21678,10989,1377,1172,1137,1128,1172,1056,944,887,825,1245,1206,913,288,147,66,127,410413100,9860,4868
"G5400310","2000","US","3","5","West Virginia","54","Hardy","031",,,,,"0",,,,,,,,,,,,,"9999","99","9","9999","9999","9",,,,,,,,,"1510980084","2815068","Hardy County","A","+39049674","-078885741","06",,,19.7,0,12669,741,434,410,393,451,416,413,372,240,436,426,269,108,45,21,33,156091300,0,7115
"G5400330","2000","US","3","5","West Virginia","54","Harrison","033",,,,,"0",,,,,,,,,,,,,"9999","99","9","9999","9999","9",,,,,,,,,"1077544907","1439483","Harrison County","A","+39297035","-080341952","06",,,19.1,39022,29630,3826,2948,2521,2356,2036,2013,1721,1695,1266,2129,2150,1854,684,217,231,250,825907500,18817,12295
"G5400350","2000","US","3","5","West Virginia","54","Jackson","035",,,,,"0",,,,,,,,,,,,,"9999","99","9","9999","9999","9",,,,,,,,,"1206394508","15028001","Jackson County","A","+38845394","-081699625","06",,,13.7,7679,20321,1249,1144,1035,842,875,633,921,738,631,1082,786,619,241,123,32,77,334642800,3466,8779
"G5400370","2000","US","3","5","West Virginia","54","Jefferson","037",,,,,"0",,,,,,,,,,,,,"8872","97","N","8840","9999","9",,,,,,,,,"542690399","5269449","Jefferson County","A","+39304379","-077841765","06",,,16.3,13282,28908,1358,1085,960,1055,921,914,955,959,833,1501,2045,1966,749,455,241,182,710828000,5687,11936
"G5400390","2000","US","3","5","West Virginia","54","Kanawha","039",,,,,"0",,,,,,,,,,,,,"1480","99","N","9999","9999","9",,,,,,,,,"2339013955","20441005","Kanawha County","A","+38348930","-081605694","06",,,15.5,150781,49292,11032,7337,7117,6949,6344,5449,5205,4761,4260,7153,7389,6508,2885,1262,1002,1522,3025517900,72481,21307
"G5400410","2000","US","3","5","West Virginia","54","Lewis","041",,,,,"0",,,,,,,,,,,,,"9999","99","9","9999","9999","9",,,,,,,,,"989742200","19709558","Lewis County","A","+39015135","-080482883","06",,,16.8,5104,11815,1237,736,616,642,547,496,540,505,299,387,489,264,73,67,8,37,162351400,2566,5378
"G5400430","2000","US","3","5","West Virginia","54","Lincoln","043",,,,,"0",,,,,,,,,,,,,"9999","99","9","9999","9999","9",,,,,,,,,"1132939198","2996878","Lincoln County","A","+38198145","-082058863","06",,,19.9,0,22108,2021,1042,809,832,567,529,462,411,341,569,478,405,106,43,31,42,202064800,0,9846
"G5400450","2000","US","3","5","West Virginia","54","Logan","045",,,,,"0",,,,,,,,,,,,,"9999","99","9","9999","9999","9",,,,,,,,,"1176408753","3619213","Logan County","A","+37839786","-081951553","06",,,20.2,8620,29090,2783,1814,1620,1338,1108,867,796,746,528,926,1013,797,259,59,112,126,353686200,4255,12552
"G5400470","2000","US","3","5","West Virginia","54","McDowell","047",,,,,"0",,,,,,,,,,,,,"9999","99","9","9999","9999","9",,,,,,,,,"1384922530","469176","McDowell County","A","+37381356","-081612175","06",,,28.8,3239,24090,3476,1576,1293,1054,808,627,581,417,311,321,361,197,41,26,36,71,151365400,1729,11853
"G5400490","2000","US","3","5","West Virginia","54","Marion","049",,,,,"0",,,,,,,,,,,,,"9999","99","9","9999","9999","9",,,,,,,,,"802096062","4669902","Marion County","A","+39499846","-080197936","06",,,21.2,33127,23471,3488,2526,2342,2067,1873,1511,1537,1194,1150,1761,1821,1326,539,215,163,136,647200900,16283,10377
"G5400510","2000","US","3","5","West Virginia","54","Marshall","051",,,,,"0",,,,,,,,,,,,,"9000","99","N","9999","9999","9",,,,,,,,,"795111280","13440246","Marshall County","A","+39907446","-080712893","06",,,17.2,17871,17648,1901,1503,1307,1076,1116,914,803,816,734,1276,1140,979,324,116,90,113,437730200,8196,7618
"G5400530","2000","US","3","5","West Virginia","54","Mason","053",,,,,"0",,,,,,,,,,,,,"9999","99","9","9999","9999","9",,,,,,,,,"1118492685","33541007","Mason County","A","+38822426","-082042659","06",,,17.7,7546,18411,1962,1149,918,890,790,749,653,579,517,688,828,507,183,86,49,72,285114900,3804,8252
"G5400550","2000","US","3","5","West Virginia","54","Mercer","055",,,,,"0",,,,,,,,,,,,,"9999","99","9","9999","9999","9",,,,,,,,,"1088904184","666240","Mercer County","A","+37347449","-081155239","06",,,15.7,33490,29490,4561,3009,2694,2326,1987,1952,1725,1520,1257,1686,1532,1305,410,163,149,279,672043400,16304,13839
"G5400570","2000","US","3","5","West Virginia","54","Mineral","057",,,,,"0",,,,,,,,,,,,,"1900","99","N","9999","9999","9",,,,,,,,,"848824658","3618850","Mineral County","A","+39433373","-078935756","06",,,19.1,10038,17040,1314,1159,920,1037,758,895,710,714,587,742,941,689,172,79,62,43,320512500,4813,7281
"G5400590","2000","US","3","5","West Virginia","54","Mingo","059",,,,,"0",,,,,,,,,,,,,"9999","99","9","9999","9999","9",,,,,,,,,"1094549032","2674878","Mingo County","A","+37704885","-082170177","06",,,24.6,3138,25115,2917,1410,1068,932,786,623,649,568,459,535,655,407,141,45,59,77,227958500,1747,11151
"G5400610","2000","US","3","5","West Virginia","54","Monongalia","061",,,,,"0",,,,,,,,,,,,,"9999","99","9","9999","9999","9",,,,,,,,,"935397718","12259311","Monongalia County","A","+39634786","-079994783","06",,,13.9,55945,25921,6685,3145,2665,2472,2367,2046,1668,1687,1593,2206,2305,2277,1202,352,334,473,1102287200,25963,10732
"G5400630","2000","US","3","5","West Virginia","54","Monroe","063",,,,,"0",,,,,,,,,,,,,"9999","99","9","9999","9999","9",,,,,,,,,"1226013826","766291","Monroe County","A","+37564894","-080573527","06",,,18.7,1502,13081,822,592,490,534,473,309,449,337,258,365,358,257,59,78,3,81,165607300,71,7196
"G5400650","2000","US","3","5","West Virginia","54","Morgan","065",,,,,"0",,,,,,,,,,,,,"9999","99","9","9999","9999","9",,,,,,,,,"593064160","1771849","Morgan County","A","+39566923","-078274188","06",,,20.0,0,14943,606,438,408,634,516,468,483,345,405,590,602,357,150,37,32,73,201522600,0,8076
"G5400670","2000","US","3","5","West Virginia","54","Nicholas","067",,,,,"0",,,,,,,,,,,,,"9999","99","9","9999","9999","9",,,,,,,,,"1679948978","14949478","Nicholas County","A","+38301867","-080803270","06",,,15.2,5832,20730,1746,1133,1055,1092,865,812,682,661,467,610,702,472,148,63,68,141,272300400,2813,9593
"G5400690","2000","US","3","5","West Virginia","54","Ohio","069",,,,,"0",,,,,,,,,,,,,"9000","99","N","9999","9999","9",,,,,,,,,"274995745","6939026","Ohio County","A","+40078772","-080676120","06",,,19.4,37742,9685,3152,2037,1472,1609,1388,1341,1051,1174,916,1621,1502,1355,470,182,230,276,596493800,18488,3678
"G5400710","2000","US","3","5","West Virginia","54","Pendleton","071",,,,,"0",,,,,,,,,,,,,"9999","99","9","9999","9999","9",,,,,,,,,"1807478061","729040","Pendleton County","A","+38676770","-079348815","06",,,20.0,0,8196,423,297,291,305,336,342,269,232,178,232,235,104,36,20,37,27,88756400,0,5102
"G5400730","2000","US","3","5","West Virginia","54","Pleasants","073",,,,,"0",,,,,,,,,,,,,"9999","99","9","9999","9999","9",,,,,,,,,"338590449","9991223","Pleasants County","A","+39378020","-081174685","06",,,30.5,3199,4315,328,291,238,241,219,240,256,148,147,194,240,202,91,18,6,34,89406400,1414,1800
"G5400750","2000","US","3","5","West Virginia","54","Pocahontas","075",,,,,"0",,,,,,,,,,,,,"9999","99","9","9999","9999","9",,,,,,,,,"2435333867","4033400","Pocahontas County","A","+38316071","-079977214","06",,,27.9,0,9131,606,404,430,387,317,331,257,199,159,256,224,144,83,22,11,10,88491200,0,7594
"G5400770","2000","US","3","5","West Virginia","54","Preston","077",,,,,"0",,,,,,,,,,,,,"9999","99","9","9999","9999","9",,,,,,,,,"1679152163","7935253","Preston County","A","+39472343","-079671756","06",,,23.8,3518,25816,1673,1316,1224,984,989,957,765,670,628,843,700,462,163,67,62,48,293863100,1615,11829
"G5400790","2000","US","3","5","West Virginia","54","Putnam","079",,,,,"0",,,,,,,,,,,,,"1480","99","N","9999","9999","9",,,,,,,,,"896737259","10798166","Putnam County","A","+38491484","-081922069","06",,,20.7,30765,20824,1734,1297,1247,1314,1362,1319,1199,1236,1094,1936,2188,2089,1086,359,331,252,858665800,12547,9074
"G5400810","2000","US","3","5","West Virginia","54","Raleigh","081",,,,,"0",,,,,,,,,,,,,"9999","99","9","9999","9999","9",,,,,,,,,"1571953269","6236280","Raleigh County","A","+37771342","-081228271","06",,,16.2,47233,31987,4930,3372,3115,2925,2406,2179,1861,1628,1446,2315,2381,1754,729,237,245,369,895954200,21022,14656
"G5400830","2000","US","3","5","West Virginia","54","Randolph","083",,,,,"0",,,,,,,,,,,,,"9999","99","9","9999","9999","9",,,,,,,,,"2692874431","517443","Randolph County","A","+38832061","-079881496","06",,,19.8,9715,18547,1536,1153,1193,1148,880,1001,717,623,360,874,665,567,167,33,28,123,299475800,4571,8907
"G5400850","2000","US","3","5","West Virginia","54","Ritchie","085",,,,,"0",,,,,,,,,,,,,"9999","99","9","9999","9999","9",,,,,,,,,"1174591010","174158","Ritchie County","A","+39199874","-081066437","06",,,31.7,0,10343,774,370,414,317,336,317,271,281,175,276,333,208,46,19,17,27,106567700,0,5513
"G5400870","2000","US","3","5","West Virginia","54","Roane","087",,,,,"0",,,,,,,,,,,,,"9999","99","9","9999","9999","9",,,,,,,,,"1252446456","458747","Roane County","A","+38715570","-081358200","06",,,18.9,3301,12145,1153,684,641,661,546,404,360,329,192,388,316,246,141,27,30,29,144735600,1580,5780
"G5400890","2000","US","3","5","West Virginia","54","Summers","089",,,,,"0",,,,,,,,,,,,,"9999","99","9","9999","9999","9",,,,,,,,,"935430028","16948156","Summers County","A","+37681263","-080846018","06",,,14.3,2864,10135,1166,858,619,484,467,427,239,224,172,341,266,145,77,9,14,33,106329400,1568,5763
"G5400910","2000","US","3","5","West Virginia","54","Taylor","091",,,,,"0",,,,,,,,,,,,,"9999","99","9","9999","9999","9",,,,,,,,,"447502442","7528930","Taylor County","A","+39339603","-080041467","06",,,16.8,6298,9791,1099,589,621,578,571,537,421,232,315,400,460,301,111,23,19,39,165070100,2725,4400
"G5400930","2000","US","3","5","West Virginia","54","Tucker","093",,,,,"0",,,,,,,,,,,,,"9999","99","9","9999","9999","9",,,,,,,,,"1084871351","5798707","Tucker County","A","+39128836","-079597109","06",,,32.6,0,7321,484,347,366,260,262,247,192,200,121,231,137,97,42,20,33,29,80446300,0,4634
"G5400950","2000","US","3","5","West Virginia","54","Tyler","095",,,,,"0",,,,,,,,,,,,,"9999","99","9","9999","9999","9",,,,,,,,,"667065491","8126211","Tyler County","A","+39500076","-080934113","06",,,30.2,2692,6900,535,306,386,397,345,266,298,219,155,228,327,226,91,20,18,25,102776100,1245,3535
"G5400970","2000","US","3","5","West Virginia","54","Upshur","097",,,,,"0",,,,,,,,,,,,,"9999","99","9","9999","9999","9",,,,,,,,,"918818849","263268","Upshur County","A","+38948601","-080233688","06",,,15.7,8997,14407,1517,1038,735,844,746,712,546,457,493,610,644,397,151,29,41,61,223454700,3804,6947
"G5400990","2000","US","3","5","West Virginia","54","Wayne","099",,,,,"0",,,,,,,,,,,,,"3400","99","N","9999","9999","9",,,,,,,,,"1309995869","16568778","Wayne County","A","+38228033","-082469841","06",,,18.1,16437,26466,2979,1926,1536,1498,1352,1194,932,922,739,1404,1224,899,292,114,135,98,467196200,7621,11486
"G5401010","2000","US","3","5","West Virginia","54","Webster","101",,,,,"0",,,,,,,,,,,,,"9999","99","9","9999","9999","9",,,,,,,,,"1439951547","457581","Webster County","A","+38495719","-080434530","06",,,23.8,0,9719,1007,593,324,402,284,303,235,167,134,211,200,90,22,20,9,26,74414600,0,5273
"G5401030","2000","US","3","5","West Virginia","54","Wetzel","103",,,,,"0",,,,,,,,,,,,,"9999","99","9","9999","9999","9",,,,,,,,,"930380031","5553393","Wetzel County","A","+39630583","-080725033","06",,,19.6,8211,9482,1069,674,664,565,518,464,475,389,320,590,610,514,136,77,23,82,199729900,3781,4532
"G5401050","2000","US","3","5","West Virginia","54","Wirt","105",,,,,"0",,,,,,,,,,,,,"9999","99","9","9999","9999","9",,,,,,,,,"603434723","4780499","Wirt County","A","+39019107","-081384570","06",,,19.0,0,5873,354,263,166,115,207,257,233,151,64,165,144,120,20,27,10,8,61305200,0,3266
"G5401070","2000","US","3","5","West Virginia","54","Wood","107",,,,,"0",,,,,,,,,,,,,"6020","99","N","9999","9999","9",,,,,,,,,"951285178","24980854","Wood County","A","+39259427","-081531700","06",,,15.9,64429,23557,4190,3153,2920,3237,2783,2657,2344,2235,1747,2719,3213,2770,1126,502,387,279,1173834800,29762,10023
"G5401090","2000","US","3","5","West Virginia","54","Wyoming","109",,,,,"0",,,,,,,,,,,,,"9999","99","9","9999","9999","9",,,,,,,,,"1297264569","2444620","Wyoming County","A","+37616766","-081539778","06",,,19.4,2973,22735,2177,1145,1238,879,749,582,702,471,342,664,678,482,154,76,26,114,233043500,1385,10313
"G5500010","2000","US","2","3","Wisconsin","55","Adams","001",,,,,"0",,,,,,,,,,,,,"9999","99","9","9999","9999","9",,,,,,,,,"1677635648","105609038","Adams County","A","+43953427","-089785587","06",,,43.3,0,18643,726,617,701,743,696,665,541,539,436,709,735,495,175,39,41,66,232013700,0,14123
"G5500030","2000","US","2","3","Wisconsin","55","Ashland","003",,,,,"0",,,,,,,,,,,,,"9999","99","9","9999","9999","9",,,,,,,,,"2703488452","3237251867","Ashland County","A","+46337524","-090721893","06",,,31.8,7883,8983,889,635,463,585,574,552,466,451,376,635,536,332,93,29,16,65,200663300,3449,5434
"G5500050","2000","US","2","3","Wisconsin","55","Barron","005",,,,,"0",,,,,,,,,,,,,"9999","99","9","9999","9999","9",,,,,,,,,"2234756396","70388650","Barron County","A","+45428604","-091817012","06",,,34.0,12535,32428,1691,1304,1400,1281,1295,1301,1334,1391,996,1890,1633,1309,470,231,135,155,620250200,5584,15385
"G5500070","2000","US","2","3","Wisconsin","55","Bayfield","007",,,,,"0",,,,,,,,,,,,,"9999","99","9","9999","9999","9",,,,,,,,,"3823465864","1464066885","Bayfield County","A","+46535832","-091195307","06",,,41.5,0,15013,706,606,516,446,496,475,437,455,316,583,528,382,167,41,39,15,186706000,0,11640
"G5500090","2000","US","2","3","Wisconsin","55","Brown","009",,,,,"0",,,,,,,,,,,,,"3080","99","N","9999","9999","9",,,,,,,,,"1369262916","224680408","Brown County","A","+44493492","-088032769","06",,,17.2,190344,36434,5015,4943,4818,5480,5616,5593,5304,5337,5118,9641,11630,10380,4102,1608,1518,1253,4114286600,77210,12989
"G5500110","2000","US","2","3","Wisconsin","55","Buffalo","011",,,,,"0",,,,,,,,,,,,,"9999","99","9","9999","9999","9",,,,,,,,,"1772776054","65037656","Buffalo County","A","+44376620","-091753095","06",,,43.0,0,13804,478,370,436,425,436,443,350,443,309,558,617,397,116,55,36,52,193329000,0,6098
"G5500130","2000","US","2","3","Wisconsin","55","Burnett","013",,,,,"0",,,,,,,,,,,,,"9999","99","9","9999","9999","9",,,,,,,,,"2127728944","152446387","Burnett County","A","+45866346","-092356188","06",,,44.2,0,15674,600,532,497,587,499,684,498,406,430,633,558,366,162,73,30,44,194300400,0,12582
"G5500150","2000","US","2","3","Wisconsin","55","Calumet","015",,,,,"0",,,,,,,,,,,,,"0460","99","N","9999","9999","9",,,,,,,,,"828379681","199915070","Calumet County","A","+44111956","-088211825","06",,,27.1,24539,16092,564,567,555,724,901,827,926,1051,803,1960,2520,2087,720,284,213,250,753119300,9376,6382
"G5500170","2000","US","2","3","Wisconsin","55","Chippewa","017",,,,,"0",,,,,,,,,,,,,"2290","99","N","9999","9999","9",,,,,,,,,"2617012316","79998028","Chippewa County","A","+45020061","-091324781","06",,,28.4,26260,28935,1617,1373,1599,1475,1677,1595,1478,1580,1287,2291,2633,1622,636,228,165,152,789235000,11100,11721
"G5500190","2000","US","2","3","Wisconsin","55","Clark","019",,,,,"0",,,,,,,,,,,,,"9999","99","9","9999","9999","9",,,,,,,,,"3148480839","8921298","Clark County","A","+44755235","-090587968","06",,,44.3,2465,31092,1222,998,923,1067,959,958,855,832,690,1311,1098,679,261,85,104,67,403756900,1053,12478
"G5500210","2000","US","2","3","Wisconsin","55","Columbia","021",,,,,"0",,,,,,,,,,,,,"9999","99","9","9999","9999","9",,,,,,,,,"2004108661","56757045","Columbia County","A","+43459182","-089344149","06",,,33.0,19290,33178,1189,1201,1085,1335,1226,1430,1339,1387,1191,2496,2831,2177,799,259,216,253,886384000,8157,14528
"G5500230","2000","US","2","3","Wisconsin","55","Crawford","023",,,,,"0",,,,,,,,,,,,,"9999","99","9","9999","9999","9",,,,,,,,,"1483261703","68714517","Crawford County","A","+43197216","-090981873","06",,,36.8,6406,10837,606,603,557,593,504,552,435,445,442,610,567,420,148,62,56,57,213214800,2733,5747
"G5500250","2000","US","2","3","Wisconsin","55","Dane","025",,,,,"0",,,,,,,,,,,,,"4720","99","N","9999","9999","9",,,,,,,,,"3112893194","94332123","Dane County","A","+43071496","-089393668","06",,,15.8,360459,66067,11691,7769,8511,10045,9832,10716,10779,9496,9389,17906,22684,22232,10492,4735,3724,3709,8745511000,155655,24743
"G5500270","2000","US","2","3","Wisconsin","55","Dodge","027",,,,,"0",,,,,,,,,,,,,"9999","99","9","9999","9999","9",,,,,,,,,"2285097125","63990382","Dodge County","A","+43414410","-088705036","06",,,32.1,41039,44858,1659,1627,1732,1847,2247,2187,2046,2331,2043,4094,4232,3305,1192,413,338,220,1366521900,16274,17398
"G5500290","2000","US","2","3","Wisconsin","55","Door","029",,,,,"0",,,,,,,,,,,,,"9999","99","9","9999","9999","9",,,,,,,,,"1250235648","4887590577","Door County","A","+44966330","-087290784","06",,,33.5,8784,19177,824,847,931,926,919,798,803,745,660,1238,1244,855,497,244,122,158,413542600,4128,15459
"G5500310","2000","US","2","3","Wisconsin","55","Douglas","031",,,,,"0",,,,,,,,,,,,,"2240","99","N","9999","9999","9",,,,,,,,,"3390640586","442321302","Douglas County","A","+46525017","-091939125","06",,,25.0,26519,16768,1790,1446,1455,1433,1259,1445,1252,1177,971,1618,1656,1515,429,156,106,79,587199700,11916,8440
"G5500330","2000","US","2","3","Wisconsin","55","Dunn","033",,,,,"0",,,,,,,,,,,,,"9999","99","9","9999","9999","9",,,,,,,,,"2206739914","30785645","Dunn County","A","+44948027","-091897891","06",,,33.4,16556,23302,1358,925,951,1234,1040,1012,878,988,890,1508,1585,1209,415,139,122,150,558616700,6099,9178
"G5500350","2000","US","2","3","Wisconsin","55","Eau Claire","035",,,,,"0",,,,,,,,,,,,,"2290","99","N","9999","9999","9",,,,,,,,,"1651468668","19798565","Eau Claire County","A","+44775914","-091413898","06",,,18.5,71972,21170,2675,2422,2521,2880,2761,2565,2423,2182,2091,3587,3885,3235,1177,530,431,507,1437296700,29384,8090
"G5500370","2000","US","2","3","Wisconsin","55","Florence","037",,,,,"0",,,,,,,,,,,,,"9999","99","9","9999","9999","9",,,,,,,,,"1264000782","24423443","Florence County","A","+45841508","-088364156","06",,,36.5,0,5088,220,169,171,209,141,158,179,127,113,219,211,104,59,10,10,21,67152100,0,4239
"G5500390","2000","US","2","3","Wisconsin","55","Fond du Lac","039",,,,,"0",,,,,,,,,,,,,"9999","99","9","9999","9999","9",,,,,,,,,"1872318607","111093288","Fond du Lac County","A","+43755387","-088492004","06",,,25.0,60225,37071,2175,2210,2230,2265,2264,2215,2334,2456,2554,4761,4996,3882,1230,554,371,397,1577595100,25391,13880
"G5500410","2000","US","2","3","Wisconsin","55","Forest","041",,,,,"0",,,,,,,,,,,,,"9999","99","9","9999","9999","9",,,,,,,,,"2626385922","83767546","Forest County","A","+45604373","-088770485","06",,,45.5,0,10024,500,353,328,339,354,288,286,285,199,377,307,247,72,43,22,28,109393400,0,8322
"G5500430","2000","US","2","3","Wisconsin","55","Grant","043",,,,,"0",,,,,,,,,,,,,"9999","99","9","9999","9999","9",,,,,,,,,"2972917722","91832341","Grant County","A","+42876486","-090667336","06",,,36.1,17117,32480,1604,1444,1482,1619,1412,1349,1368,1406,1058,1871,1755,1276,465,168,75,163,635008700,6546,13394
"G5500450","2000","US","2","3","Wisconsin","55","Green","045",,,,,"0",,,,,,,,,,,,,"9999","99","9","9999","9999","9",,,,,,,,,"1512519293","1490591","Green County","A","+42653242","-089576048","06",,,34.2,14412,19235,769,740,856,966,930,945,827,876,926,1512,1669,1294,407,176,156,182,551445100,6423,7455
"G5500470","2000","US","2","3","Wisconsin","55","Green Lake","047",,,,,"0",,,,,,,,,,,,,"9999","99","9","9999","9999","9",,,,,,,,,"917585232","67738644","Green Lake County","A","+43817523","-089031104","06",,,35.3,4711,14394,636,459,458,487,578,619,645,542,483,918,891,546,187,71,43,89,273137200,2112,7719
"G5500490","2000","US","2","3","Wisconsin","55","Iowa","049",,,,,"0",,,,,,,,,,,,,"9999","99","9","9999","9999","9",,,,,,,,,"1975305232","14014711","Iowa County","A","+42988762","-090138081","06",,,38.2,3920,18860,611,479,544,603,647,614,574,529,551,1028,1120,882,336,96,75,88,359325700,1746,7833
"G5500510","2000","US","2","3","Wisconsin","55","Iron","051",,,,,"0",,,,,,,,,,,,,"9999","99","9","9999","9999","9",,,,,,,,,"1961221992","419595054","Iron County","A","+46283595","-090203904","06",,,41.8,2148,4713,366,306,281,281,337,265,259,183,141,222,184,143,66,25,11,24,80605500,1259,4447
"G5500530","2000","US","2","3","Wisconsin","55","Jackson","053",,,,,"0",,,,,,,,,,,,,"9999","99","9","9999","9999","9",,,,,,,,,"2557136741","33130570","Jackson County","A","+44328224","-090861592","06",,,38.3,5528,13572,661,505,557,573,529,500,545,501,463,733,696,460,173,65,66,76,250294400,2121,5908
"G5500550","2000","US","2","3","Wisconsin","55","Jefferson","055",,,,,"0",,,,,,,,,,,,,"9999","99","9","9999","9999","9",,,,,,,,,"1442659668","66647984","Jefferson County","A","+43043142","-088783670","06",,,25.8,42805,31216,1311,1182,1699,1817,1788,1970,1772,1815,1805,3579,3803,3185,1332,394,405,331,1260077000,17376,12716
"G5500570","2000","US","2","3","Wisconsin","55","Juneau","057",,,,,"0",,,,,,,,,,,,,"9999","99","9","9999","9999","9",,,,,,,,,"1988094164","94605398","Juneau County","A","+43895260","-090111771","06",,,41.4,3659,20657,837,712,762,878,875,730,667,728,556,1013,872,657,152,95,54,105,325924900,1666,10704
"G5500590","2000","US","2","3","Wisconsin","55","Kenosha","059",,,,,"0",,,,,,,,,,,,,"1602","14","N","3800","9999","9",,,,,,,,,"706617325","1247032199","Kenosha County","A","+42568669","-087952431","06",,,16.3,133070,16507,3554,2926,3329,3567,3683,3274,3237,3255,2808,5634,7325,7445,3367,1265,746,678,2604665500,53507,6482
"G5500610","2000","US","2","3","Wisconsin","55","Kewaunee","061",,,,,"0",,,,,,,,,,,,,"9999","99","9","9999","9999","9",,,,,,,,,"887431283","1921473328","Kewaunee County","A","+44523829","-087586951","06",,,38.2,3579,16608,479,544,459,487,433,511,491,545,525,932,1009,778,247,91,64,48,301725800,1737,6484
"G5500630","2000","US","2","3","Wisconsin","55","La Crosse","063",,,,,"0",,,,,,,,,,,,,"3870","99","N","9999","9999","9",,,,,,,,,"1172593119","70383389","La Crosse County","A","+43859415","-091189127","06",,,16.7,88992,18128,3233,2945,2902,3269,2983,3070,2713,2636,2262,4325,4279,3807,1347,689,552,632,1678964200,36863,6616
"G5500650","2000","US","2","3","Wisconsin","55","Lafayette","065",,,,,"0",,,,,,,,,,,,,"9999","99","9","9999","9999","9",,,,,,,,,"1640932988","2580978","Lafayette County","A","+42656111","-090130924","06",,,43.2,0,16137,488,457,473,523,494,458,437,402,363,749,685,384,189,46,24,42,212095700,0,6674
"G5500670","2000","US","2","3","Wisconsin","55","Langlade","067",,,,,"0",,,,,,,,,,,,,"9999","99","9","9999","9999","9",,,,,,,,,"2260208911","39380464","Langlade County","A","+45239558","-089091816","06",,,35.4,8930,11810,878,783,721,724,672,683,500,621,555,766,774,506,149,53,36,73,252444500,4065,7122
"G5500690","2000","US","2","3","Wisconsin","55","Lincoln","069",,,,,"0",,,,,,,,,,,,,"9999","99","9","9999","9999","9",,,,,,,,,"2287734397","61512210","Lincoln County","A","+45337478","-089683385","06",,,29.6,13223,16418,1036,807,850,940,808,831,720,808,718,1327,1344,989,343,85,81,57,414492800,5836,8845
"G5500710","2000","US","2","3","Wisconsin","55","Manitowoc","071",,,,,"0",,,,,,,,,,,,,"9999","99","9","9999","9999","9",,,,,,,,,"1532059257","2337056569","Manitowoc County","A","+44102318","-087758580","06",,,27.8,50552,32335,1956,1995,2064,2274,2171,2316,2188,2017,2101,3746,4636,3280,974,350,320,343,1334158600,22005,12646
"G5500730","2000","US","2","3","Wisconsin","55","Marathon","073",,,,,"0",,,,,,,,,,,,,"8940","99","N","9999","9999","9",,,,,,,,,"4001432497","80754105","Marathon County","A","+44900795","-089738490","06",,,26.5,69405,56429,2800,2596,2659,3211,3127,3117,3085,3165,3030,5827,6180,4999,1844,717,640,740,2126275800,29051,21309
"G5500750","2000","US","2","3","Wisconsin","55","Marinette","075",,,,,"0",,,,,,,,,,,,,"9999","99","9","9999","9999","9",,,,,,,,,"3630534095","384137988","Marinette County","A","+45307094","-087940118","06",,,31.1,17348,26036,1521,1563,1392,1405,1459,1377,1330,1151,948,1649,1689,1293,469,162,80,102,563787000,7917,18343
"G5500770","2000","US","2","3","Wisconsin","55","Marquette","077",,,,,"0",,,,,,,,,,,,,"9999","99","9","9999","9999","9",,,,,,,,,"1179702527","23144792","Marquette County","A","+43825126","-089410420","06",,,43.0,0,15832,513,419,512,477,450,520,508,421,343,618,604,346,84,60,35,39,196239300,0,8664
"G5500780","2000","US","2","3","Wisconsin","55","Menominee","078",,,,,"0",,,,,,,,,,,,,"9999","99","9","9999","9999","9",,,,,,,,,"927111397","18200620","Menominee County","A","+44937468","-088648543","06",,,36.8,0,4562,202,143,102,95,146,83,96,82,96,119,100,53,26,6,0,1,35328100,0,2098
"G5500790","2000","US","2","3","Wisconsin","55","Milwaukee","079",,,,,"0",,,,,,,,,,,,,"5082","63","N","5080","9999","9",,,,,,,,,"625636083","2455678596","Milwaukee County","A","+43034113","-087960713","06",,,14.0,937091,3073,40098,25500,26545,27468,26553,26799,24440,22434,19636,34292,38273,35982,14357,6115,4454,5037,14860487200,398867,1226
"G5500810","2000","US","2","3","Wisconsin","55","Monroe","081",,,,,"0",,,,,,,,,,,,,"9999","99","9","9999","9999","9",,,,,,,,,"2332974625","19488875","Monroe County","A","+43939355","-090591133","06",,,33.3,16962,23937,1435,901,1236,1307,1126,1241,1062,1111,892,1650,1615,1130,337,139,133,137,537198000,7385,9287
"G5500830","2000","US","2","3","Wisconsin","55","Oconto","083",,,,,"0",,,,,,,,,,,,,"9999","99","9","9999","9999","9",,,,,,,,,"2584721481","391280687","Oconto County","A","+45026571","-088247496","06",,,38.9,7008,28626,1038,942,940,961,1022,1025,857,893,963,1676,1627,1217,453,141,110,123,516333800,3066,16746
"G5500850","2000","US","2","3","Wisconsin","55","Oneida","085",,,,,"0",,,,,,,,,,,,,"9999","99","9","9999","9999","9",,,,,,,,,"2912438031","288467499","Oneida County","A","+45719517","-089501903","06",,,27.1,9639,27137,1322,1170,1110,1232,1144,1192,1038,983,813,1602,1478,1257,426,193,184,188,539280400,4317,22310
"G5500870","2000","US","2","3","Wisconsin","55","Outagamie","087",,,,,"0",,,,,,,,,,,,,"0460","99","N","9999","9999","9",,,,,,,,,"1658475643","10503053","Outagamie County","A","+44336535","-088410017","06",,,18.4,119345,41626,2774,2713,2841,3431,3468,3859,3617,4099,3748,7391,8907,7728,3090,1101,812,999,2944840500,47858,14756
"G5500890","2000","US","2","3","Wisconsin","55","Ozaukee","089",,,,,"0",,,,,,,,,,,,,"5082","63","N","5080","9999","9",,,,,,,,,"600736387","2290213743","Ozaukee County","A","+43329252","-087944718","06",,,16.6,61567,20750,837,881,1100,1353,1339,1511,1502,1378,1480,3115,4209,4789,2707,1527,1311,1848,2155606500,24610,7424
"G5500910","2000","US","2","3","Wisconsin","55","Pepin","091",,,,,"0",,,,,,,,,,,,,"9999","99","9","9999","9999","9",,,,,,,,,"601610420","42476877","Pepin County","A","+44593124","-092013666","06",,,41.7,0,7213,231,227,186,226,223,206,178,183,177,290,289,226,63,44,8,21,103876500,0,3036
"G5500930","2000","US","2","3","Wisconsin","55","Pierce","093",,,,,"0",,,,,,,,,,,,,"5120","99","N","9999","9999","9",,,,,,,,,"1493092474","39105584","Pierce County","A","+44735376","-092463689","06",,,32.3,14166,22638,679,512,750,726,764,843,761,843,694,1575,2041,1618,695,218,165,157,631039700,4835,8658
"G5500950","2000","US","2","3","Wisconsin","55","Polk","095",,,,,"0",,,,,,,,,,,,,"9999","99","9","9999","9999","9",,,,,,,,,"2375723772","101029163","Polk County","A","+45451694","-092452228","06",,,42.8,2829,38490,1291,1017,1037,1132,1098,1208,1054,1150,922,1725,1978,1631,615,179,131,137,624725000,1293,19836
"G5500970","2000","US","2","3","Wisconsin","55","Portage","097",,,,,"0",,,,,,,,,,,,,"9999","99","9","9999","9999","9",,,,,,,,,"2088335187","42611754","Portage County","A","+44486525","-089522423","06",,,24.7,41348,25834,1767,1608,1558,1616,1697,1728,1521,1452,1511,2802,2969,2820,902,444,371,346,1078843900,16281,10308
"G5500990","2000","US","2","3","Wisconsin","55","Price","099",,,,,"0",,,,,,,,,,,,,"9999","99","9","9999","9999","9",,,,,,,,,"3244108156","67003280","Price County","A","+45711050","-090373060","06",,,40.0,0,15822,599,584,612,522,478,460,461,467,413,580,625,436,165,66,48,42,210680200,0,9574
"G5501010","2000","US","2","3","Wisconsin","55","Racine","101",,,,,"0",,,,,,,,,,,,,"5082","63","N","6600","9999","9",,,,,,,,,"862717511","1188301229","Racine County","A","+42735626","-087964063","06",,,14.5,164872,23959,4423,3643,4225,4203,3989,4464,3636,4316,3860,7778,9418,9162,4093,1423,1036,1127,3294333100,65611,9107
"G5501030","2000","US","2","3","Wisconsin","55","Richland","103",,,,,"0",,,,,,,,,,,,,"9999","99","9","9999","9999","9",,,,,,,,,"1518245431","8248415","Richland County","A","+43361048","-090407760","06",,,42.5,4966,12958,657,631,622,546,625,583,456,474,427,733,616,437,134,64,52,61,226924400,2379,5785
"G5501050","2000","US","2","3","Wisconsin","55","Rock","105",,,,,"0",,,,,,,,,,,,,"3620","99","N","9999","9999","9",,,,,,,,,"1866004683","14835453","Rock County","A","+42654411","-089049110","06",,,19.0,118701,33606,3663,3075,3096,3879,3923,4000,3691,3675,3105,6706,7672,6842,2978,1008,698,663,2549731000,49163,13024
"G5501070","2000","US","2","3","Wisconsin","55","Rusk","107",,,,,"0",,,,,,,,,,,,,"9999","99","9","9999","9999","9",,,,,,,,,"2364989771","46014711","Rusk County","A","+45437305","-091136153","06",,,38.8,3935,11412,670,506,654,532,561,445,447,380,332,529,536,334,103,40,20,30,174027900,1672,5937
"G5501090","2000","US","2","3","Wisconsin","55","St Croix","109",,,,,"0",,,,,,,,,,,,,"5120","99","N","9999","9999","9",,,,,,,,,"1869516594","36217078","St. Croix County","A","+45028469","-092506966","06",,,25.6,26954,36201,940,971,957,1069,1147,1066,1324,1496,1305,2581,3229,3827,1789,795,490,442,1298403000,11272,12993
"G5501110","2000","US","2","3","Wisconsin","55","Sauk","111",,,,,"0",,,,,,,,,,,,,"9999","99","9","9999","9999","9",,,,,,,,,"2169451473","27960116","Sauk County","A","+43444512","-089900870","06",,,32.8,27659,27566,1461,1255,1269,1621,1432,1555,1527,1573,1452,2491,2523,1976,756,263,232,261,856200900,12233,12064
"G5501130","2000","US","2","3","Wisconsin","55","Sawyer","113",,,,,"0",,,,,,,,,,,,,"9999","99","9","9999","9999","9",,,,,,,,,"3254107281","243207390","Sawyer County","A","+45906531","-091250598","06",,,37.5,0,16196,787,628,601,535,503,495,402,403,318,616,554,390,191,42,58,79,205280300,0,13722
"G5501150","2000","US","2","3","Wisconsin","55","Shawano","115",,,,,"0",,,,,,,,,,,,,"9999","99","9","9999","9999","9",,,,,,,,,"2311587903","43572484","Shawano County","A","+44789670","-088756472","06",,,37.4,9377,31287,1281,1120,1154,1223,1259,1163,1151,1212,968,1493,1670,1297,395,183,117,134,550790600,4057,14260
"G5501170","2000","US","2","3","Wisconsin","55","Sheboygan","117",,,,,"0",,,,,,,,,,,,,"7620","99","N","9999","9999","9",,,,,,,,,"1330296514","1961500967","Sheboygan County","A","+43729885","-087854504","06",,,20.7,79790,32856,2129,2247,2429,2845,2791,2961,2614,3018,2862,5258,6174,4881,1663,604,532,587,1955522100,33507,12440
"G5501190","2000","US","2","3","Wisconsin","55","Taylor","119",,,,,"0",,,,,,,,,,,,,"9999","99","9","9999","9999","9",,,,,,,,,"2524888374","24938723","Taylor County","A","+45191826","-090491269","06",,,37.1,4243,15437,706,548,468,565,603,489,523,430,513,857,817,610,178,72,77,64,279441000,1988,6607
"G5501210","2000","US","2","3","Wisconsin","55","Trempealeau","121",,,,,"0",,,,,,,,,,,,,"9999","99","9","9999","9999","9",,,,,,,,,"1901266149","20465932","Trempealeau County","A","+44315741","-091350620","06",,,44.2,0,27010,1001,753,779,830,867,734,677,830,727,1241,1104,748,231,99,89,67,377151300,0,11482
"G5501230","2000","US","2","3","Wisconsin","55","Vernon","123",,,,,"0",,,,,,,,,,,,,"9999","99","9","9999","9999","9",,,,,,,,,"2058709676","55791573","Vernon County","A","+43598154","-090811752","06",,,44.0,3960,24096,1144,894,973,840,949,911,634,726,654,1038,969,649,206,77,82,74,340987900,1951,10465
"G5501250","2000","US","2","3","Wisconsin","55","Vilas","125",,,,,"0",,,,,,,,,,,,,"9999","99","9","9999","9999","9",,,,,,,,,"2262916969","373291621","Vilas County","A","+46024577","-089531836","06",,,36.7,0,21033,732,843,806,834,796,671,593,575,562,766,849,586,222,106,81,62,261590000,0,22397
"G5501270","2000","US","2","3","Wisconsin","55","Walworth","127",,,,,"0",,,,,,,,,,,,,"9999","99","9","9999","9999","9",,,,,,,,,"1438254026","54883886","Walworth County","A","+42646150","-088527043","06",,,22.3,60114,33645,2106,2024,1832,2081,2107,2352,2046,2136,2074,3691,4616,4019,1651,717,556,507,1597571500,27244,16539
"G5501290","2000","US","2","3","Wisconsin","55","Washburn","129",,,,,"0",,,,,,,,,,,,,"9999","99","9","9999","9999","9",,,,,,,,,"2097069451","112335975","Washburn County","A","+45878139","-091812742","06",,,43.4,2662,13374,661,567,535,579,559,553,444,495,399,601,538,387,167,48,52,55,189587100,1238,9576
"G5501310","2000","US","2","3","Wisconsin","55","Washington","131",,,,,"0",,,,,,,,,,,,,"5082","63","N","5080","9999","9",,,,,,,,,"1115807705","13131514","Washington County","A","+43355608","-088227813","06",,,15.6,76752,40741,1479,1414,1755,1739,2241,2401,2189,2383,2726,5098,7157,6819,3409,1414,930,756,2396782400,31072,14736
"G5501330","2000","US","2","3","Wisconsin","55","Waukesha","133",,,,,"0",,,,,,,,,,,,,"5082","63","N","5080","9999","9",,,,,,,,,"1438933838","64505883","Waukesha County","A","+43036352","-088255888","06",,,15.7,317579,43188,3698,4416,4700,4996,5570,6527,6244,6600,6842,13532,19946,23264,12801,5948,5115,5251,8742528300,124923,15386
"G5501350","2000","US","2","3","Wisconsin","55","Waupaca","135",,,,,"0",,,,,,,,,,,,,"9999","99","9","9999","9999","9",,,,,,,,,"1945324530","36872092","Waupaca County","A","+44453029","-088955836","06",,,33.4,19187,32544,1396,1311,1579,1455,1290,1365,1316,1222,1406,2228,2363,1770,655,190,201,162,761642000,8286,14222
"G5501370","2000","US","2","3","Wisconsin","55","Waushara","137",,,,,"0",,,,,,,,,,,,,"9999","99","9","9999","9999","9",,,,,,,,,"1621420145","29421320","Waushara County","A","+44113079","-089252498","06",,,43.4,65,23089,779,651,722,675,726,807,711,727,479,1079,869,637,201,74,82,93,297021600,33,13634
"G5501390","2000","US","2","3","Wisconsin","55","Winnebago","139",,,,,"0",,,,,,,,,,,,,"0460","99","N","9999","9999","9",,,,,,,,,"1135926377","362903396","Winnebago County","A","+44089834","-088568974","06",,,18.1,132047,24716,3380,3228,3731,4391,4258,4340,3750,3893,3654,7098,7890,6679,2393,872,769,854,2741370300,54299,10422
"G5501410","2000","US","2","3","Wisconsin","55","Wood","141",,,,,"0",,,,,,,,,,,,,"9999","99","9","9999","9999","9",,,,,,,,,"2053297501","43193861","Wood County","A","+44448819","-089968934","06",,,24.4,47644,27911,2150,2064,1885,2201,2176,1886,1948,1975,1761,3476,3696,2673,1033,453,324,430,1202981800,21023,10668
"G5600010","2000","US","4","8","Wyoming","56","Albany","001",,,,,"0",,,,,,,,,,,,,"9999","99","9","9999","9999","9",,,,,,,,,"11066371631","93337328","Albany County","A","+41407675","-105726440","06",,,14.5,28246,3768,2269,1413,1141,1152,882,825,688,649,591,972,1128,867,381,93,127,111,424916200,12445,2770
"G5600030","2000","US","4","8","Wyoming","56","Big Horn","003",,,,,"0",,,,,,,,,,,,,"9999","99","9","9999","9999","9",,,,,,,,,"8124774511","56903828","Big Horn County","A","+44537394","-108067063","06",,,44.4,0,11461,450,432,346,368,350,383,310,319,254,354,323,261,72,42,17,34,125359300,0,5105
"G5600050","2000","US","4","8","Wyoming","56","Campbell","005",,,,,"0",,,,,,,,,,,,,"9999","99","9","9999","9999","9",,,,,,,,,"12423548375","12443945","Campbell County","A","+44085797","-105496159","06",,,14.2,20714,12984,761,499,595,685,648,805,668,725,794,1547,1680,1779,610,181,142,123,604857200,8354,4934
"G5600070","2000","US","4","8","Wyoming","56","Carbon","007",,,,,"0",,,,,,,,,,,,,"9999","99","9","9999","9999","9",,,,,,,,,"20450904187","175839496","Carbon County","A","+41698637","-106906874","06",,,25.5,8965,6674,730,459,470,447,476,425,369,335,419,646,588,434,185,40,76,60,224765100,3842,4465
"G5600090","2000","US","4","8","Wyoming","56","Converse","009",,,,,"0",,,,,,,,,,,,,"9999","99","9","9999","9999","9",,,,,,,,,"11019675593","26882976","Converse County","A","+42857379","-105502721","06",,,23.6,5279,6773,494,401,332,264,281,279,331,249,261,534,595,402,201,34,18,33,190238800,2420,3249
"G5600110","2000","US","4","8","Wyoming","56","Crook","011",,,,,"0",,,,,,,,,,,,,"9999","99","9","9999","9999","9",,,,,,,,,"7403716371","30890113","Crook County","A","+44561657","-104638851","06",,,29.6,0,5887,259,237,156,189,137,156,118,160,141,185,221,205,87,30,5,20,82114700,0,2935
"G5600130","2000","US","4","8","Wyoming","56","Fremont","013",,,,,"0",,,,,,,,,,,,,"9999","99","9","9999","9999","9",,,,,,,,,"23781972118","216338420","Fremont County","A","+43098213","-108681116","06",,,24.3,17049,18755,1626,1139,1226,1111,1105,1036,1005,1003,634,938,1242,813,320,112,107,136,438219900,7654,7887
"G5600150","2000","US","4","8","Wyoming","56","Goshen","015",,,,,"0",,,,,,,,,,,,,"9999","99","9","9999","9999","9",,,,,,,,,"5763558792","17717514","Goshen County","A","+42085358","-104317183","06",,,18.6,6953,5585,662,573,522,333,300,323,362,393,239,466,402,311,72,47,33,29,151094800,3207,2674
"G5600170","2000","US","4","8","Wyoming","56","Hot Springs","017",,,,,"0",,,,,,,,,,,,,"9999","99","9","9999","9999","9",,,,,,,,,"5190040440","6017747","Hot Springs County","A","+43694009","-108319422","06",,,18.7,3488,1394,245,211,237,161,209,110,155,133,86,130,190,161,60,13,10,6,55809600,1747,789
"G5600190","2000","US","4","8","Wyoming","56","Johnson","019",,,,,"0",,,,,,,,,,,,,"9999","99","9","9999","9999","9",,,,,,,,,"10790624222","21815458","Johnson County","A","+44072873","-106592303","06",,,14.0,3672,3403,318,236,202,266,283,213,155,234,139,247,333,175,39,62,28,42,92752800,1750,1753
"G5600210","2000","US","4","8","Wyoming","56","Laramie","021",,,,,"0",,,,,,,,,,,,,"1580","99","N","9999","9999","9",,,,,,,,,"6956841280","4080587","Laramie County","A","+41196199","-104762083","06",,,14.3,68117,13490,2329,2125,2334,2400,2526,2367,2076,2091,2070,3106,3354,3179,1005,409,302,359,1245825200,28952,5261
"G5600230","2000","US","4","8","Wyoming","56","Lincoln","023",,,,,"0",,,,,,,,,,,,,"9999","99","9","9999","9999","9",,,,,,,,,"10538892638","51584820","Lincoln County","A","+42220261","-110686420","06",,,34.1,2958,11615,333,311,372,344,364,430,429,384,360,537,609,541,145,55,43,38,199955700,1345,5486
"G5600250","2000","US","4","8","Wyoming","56","Natrona","025",,,,,"0",,,,,,,,,,,,,"1350","99","N","9999","9999","9",,,,,,,,,"13830230221","92810174","Natrona County","A","+42918965","-106453302","06",,,15.4,57589,8944,2329,2155,2073,2023,2006,2168,1755,1637,1454,2423,2795,2285,847,301,247,303,979138700,25361,4521
"G5600270","2000","US","4","8","Wyoming","56","Niobrara","027",,,,,"0",,,,,,,,,,,,,"9999","99","9","9999","9999","9",,,,,,,,,"6800824221","5403809","Niobrara County","A","+43030478","-104483461","06",,,41.2,0,2407,136,105,111,88,77,112,53,57,37,68,71,67,22,8,5,6,29031000,0,1338
"G5600290","2000","US","4","8","Wyoming","56","Park","029",,,,,"0",,,,,,,,,,,,,"9999","99","9","9999","9999","9",,,,,,,,,"17980716396","67631424","Park County","A","+44568961","-108999016","06",,,15.8,14495,11291,905,825,897,797,830,752,784,731,557,902,996,797,215,128,95,110,344222100,6458,5411
"G5600310","2000","US","4","8","Wyoming","56","Platte","031",,,,,"0",,,,,,,,,,,,,"9999","99","9","9999","9999","9",,,,,,,,,"5399944444","67255789","Platte County","A","+42191047","-104947369","06",,,24.4,3534,5273,362,324,303,318,249,320,182,291,133,351,343,267,75,66,31,20,116513400,1709,2819
"G5600330","2000","US","4","8","Wyoming","56","Sheridan","033",,,,,"0",,,,,,,,,,,,,"9999","99","9","9999","9999","9",,,,,,,,,"6535366042","9711553","Sheridan County","A","+44783629","-106968130","06",,,20.9,17046,9514,1115,915,1122,940,726,821,731,653,529,890,1087,865,340,135,131,169,369628700,7888,4689
"G5600350","2000","US","4","8","Wyoming","56","Sublette","035",,,,,"0",,,,,,,,,,,,,"9999","99","9","9999","9999","9",,,,,,,,,"12645806081","137484047","Sublette County","A","+42750949","-109991147","06",,,39.0,0,5920,181,176,171,158,180,199,147,168,145,234,249,194,67,34,37,32,93953900,0,3552
"G5600370","2000","US","4","8","Wyoming","56","Sweetwater","037",,,,,"0",,,,,,,,,,,,,"9999","99","9","9999","9999","9",,,,,,,,,"27001397855","170594040","Sweetwater County","A","+41640708","-109168198","06",,,14.0,33512,4101,917,763,977,713,868,807,868,896,726,1765,1873,1767,678,260,140,87,630342500,13840,2081
"G5600390","2000","US","4","8","Wyoming","56","Teton","039",,,,,"0",,,,,,,,,,,,,"9999","99","9","9999","9999","9",,,,,,,,,"10380047047","554365295","Teton County","A","+43612124","-110673534","06",,,12.3,10244,8007,275,354,298,411,432,525,354,465,378,754,1159,849,455,178,175,636,496677100,4489,5778
"G5600410","2000","US","4","8","Wyoming","56","Uinta","041",,,,,"0",,,,,,,,,,,,,"9999","99","9","9999","9999","9",,,,,,,,,"5391482930","15275017","Uinta County","A","+41283917","-110599878","06",,,24.3,11574,8168,474,362,541,421,474,336,386,467,395,868,1025,747,199,53,59,37,287366300,4715,3296
"G5600430","2000","US","4","8","Wyoming","56","Washakie","043",,,,,"0",,,,,,,,,,,,,"9999","99","9","9999","9999","9",,,,,,,,,"5801718291","6967443","Washakie County","A","+43960220","-107728972","06",,,15.8,5631,2658,325,326,274,249,267,208,248,227,201,272,210,245,87,78,38,39,113255100,2446,1208
"G5600450","2000","US","4","8","Wyoming","56","Weston","045",,,,,"0",,,,,,,,,,,,,"9999","99","9","9999","9999","9",,,,,,,,,"6210418457","5730672","Weston County","A","+43879790","-104562398","06",,,29.3,3007,3637,271,245,242,204,258,199,167,127,139,218,246,181,88,27,14,15,88678600,1388,1843
